x,y,z,pressure,x-coordinate,y-coordinate,z-coordinate
0.25225648,0.013000302,0.131,39088.242,0.25225648,0.013000302,0.131
0.25225648,0.014050936,0.131,39024.75,0.25225648,0.014050935,0.131
0.2487694,0.013000302,0.131,40034.109,0.2487694,0.013000302,0.131
0.25225648,0.015206633,0.131,38955.734,0.25225648,0.015206633,0.131
0.2487694,0.014050936,0.131,39973.191,0.2487694,0.014050935,0.131
0.24528234,0.013000302,0.131,41016.469,0.24528234,0.013000302,0.131
0.25225648,0.0164779,0.131,38880.895,0.25225648,0.0164779,0.131
0.2487694,0.015206633,0.131,39906.828,0.2487694,0.015206633,0.131
0.24528234,0.014050936,0.131,40957.664,0.24528234,0.014050935,0.131
0.24179527,0.013000302,0.131,42034.449,0.24179527,0.013000302,0.131
0.25225648,0.017876294,0.131,38799.859,0.25225648,0.017876294,0.131
0.2487694,0.0164779,0.131,39834.637,0.2487694,0.0164779,0.131
0.24528234,0.015206633,0.131,40893.473,0.24528234,0.015206633,0.131
0.24179527,0.014050936,0.131,41977.5,0.24179527,0.014050935,0.131
0.23830822,0.013000302,0.131,43087.445,0.23830822,0.013000302,0.131
0.25225648,0.019414527,0.131,38712.117,0.25225648,0.019414527,0.131
0.2487694,0.017876294,0.131,39756.133,0.2487694,0.017876294,0.131
0.24528234,0.0164779,0.131,40823.398,0.24528234,0.0164779,0.131
0.24179527,0.015206633,0.131,41915.141,0.24179527,0.015206633,0.131
0.23830822,0.014050936,0.131,43032.094,0.23830822,0.014050935,0.131
0.23482114,0.013000302,0.131,44174.938,0.23482116,0.013000302,0.131
0.25225648,0.021106582,0.131,38616.871,0.25225648,0.021106582,0.131
0.2487694,0.019414527,0.131,39670.598,0.2487694,0.019414527,0.131
0.24528234,0.017876294,0.131,40746.793,0.24528234,0.017876294,0.131
0.24179527,0.0164779,0.131,41846.715,0.24179527,0.0164779,0.131
0.23830822,0.015206633,0.131,42971.227,0.23830822,0.015206633,0.131
0.23482114,0.014050936,0.131,44120.801,0.23482116,0.014050935,0.131
0.23133408,0.013000302,0.131,45295.523,0.23133409,0.013000302,0.131
0.25225648,0.02295731,0.131,38513.309,0.25225648,0.02295731,0.131
0.2487694,0.021106582,0.131,39576.953,0.2487694,0.021106582,0.131
0.24528234,0.019414527,0.131,40662.691,0.24528234,0.019414527,0.131
0.24179527,0.017876294,0.131,41771.363,0.24179527,0.017876294,0.131
0.23830822,0.0164779,0.131,42903.992,0.23830822,0.0164779,0.131
0.23482114,0.015206633,0.131,44060.898,0.23482116,0.015206633,0.131
0.23133408,0.014050936,0.131,45242.02,0.23133409,0.014050935,0.131
0.22784702,0.013000302,0.131,46448.004,0.22784702,0.013000302,0.131
0.25225648,0.024886135,0.131,38404.582,0.25225648,0.024886135,0.131
0.2487694,0.02295731,0.131,39474.008,0.2487694,0.02295731,0.131
0.24528234,0.021106582,0.131,40569.68,0.24528234,0.021106582,0.131
0.24179527,0.019414527,0.131,41687.832,0.24179527,0.019414527,0.131
0.23830822,0.017876294,0.131,42829.246,0.23830822,0.017876294,0.131
0.23482114,0.0164779,0.131,43994.164,0.23482116,0.0164779,0.131
0.23133408,0.015206633,0.131,45182.41,0.23133409,0.015206633,0.131
0.22784702,0.014050936,0.131,46394.344,0.22784702,0.014050935,0.131
0.22435996,0.013000302,0.131,47631.195,0.22435996,0.013000302,0.131
0.25225648,0.02681496,0.131,38293.457,0.25225648,0.02681496,0.131
0.2487694,0.024886135,0.131,39364.715,0.2487694,0.024886135,0.131
0.24528234,0.02295731,0.131,40466.238,0.24528234,0.02295731,0.131
0.24179527,0.021106582,0.131,41594.406,0.24179527,0.021106582,0.131
0.23830822,0.019414527,0.131,42745.449,0.23830822,0.019414527,0.131
0.23482114,0.017876294,0.131,43919.199,0.23482116,0.017876294,0.131
0.23133408,0.0164779,0.131,45115.41,0.23133409,0.0164779,0.131
0.22784702,0.015206633,0.131,46334.156,0.22784702,0.015206633,0.131
0.22435996,0.014050936,0.131,47576.543,0.22435996,0.014050935,0.131
0.22087291,0.013000302,0.131,48844.492,0.22087289,0.013000302,0.131
0.25225648,0.028743785,0.131,38178.602,0.25225648,0.028743787,0.131
0.2487694,0.02681496,0.131,39251.934,0.2487694,0.02681496,0.131
0.24528234,0.024886135,0.131,40355.277,0.24528234,0.024886135,0.131
0.24179527,0.02295731,0.131,41489.352,0.24179527,0.02295731,0.131
0.23830822,0.021106582,0.131,42650.648,0.23830822,0.021106582,0.131
0.23482114,0.019414527,0.131,43834.23,0.23482116,0.019414527,0.131
0.23133408,0.017876294,0.131,45039.395,0.23133409,0.017876294,0.131
0.22784702,0.0164779,0.131,46266.004,0.22784702,0.0164779,0.131
0.22435996,0.015206633,0.131,47514.938,0.22435996,0.015206633,0.131
0.22087291,0.014050936,0.131,48788.141,0.22087289,0.014050935,0.131
0.21738583,0.013000302,0.131,50087.5,0.21738583,0.013000302,0.131
0.25225648,0.030672612,0.131,38059.051,0.25225648,0.030672612,0.131
0.2487694,0.028743785,0.131,39134.562,0.2487694,0.028743785,0.131
0.24528234,0.02681496,0.131,40239.855,0.24528234,0.02681496,0.131
0.24179527,0.024886135,0.131,41375.684,0.24179527,0.024886135,0.131
0.23830822,0.02295731,0.131,42543.023,0.23830822,0.02295731,0.131
0.23482114,0.021106582,0.131,43737.133,0.23482116,0.021106582,0.131
0.23133408,0.019414527,0.131,44952.434,0.23133409,0.019414527,0.131
0.22784702,0.017876294,0.131,46188.113,0.22784702,0.017876294,0.131
0.22435996,0.0164779,0.131,47444.836,0.22435996,0.0164779,0.131
0.22087291,0.015206633,0.131,48724.473,0.22087289,0.015206633,0.131
0.21738583,0.014050936,0.131,50029.035,0.21738583,0.014050935,0.131
0.21389876,0.013000302,0.131,51359.754,0.21389876,0.013000302,0.131
0.25225648,0.032601438,0.131,37934.328,0.25225648,0.032601435,0.131
0.2487694,0.030672612,0.131,39011.883,0.2487694,0.030672612,0.131
0.24528234,0.028743785,0.131,40119.145,0.24528234,0.028743785,0.131
0.24179527,0.02681496,0.131,41256.84,0.24179527,0.02681496,0.131
0.23830822,0.024886135,0.131,42425.879,0.23830822,0.024886135,0.131
0.23482114,0.02295731,0.131,43626.156,0.23482116,0.02295731,0.131
0.23133408,0.021106582,0.131,44852.398,0.23133409,0.021106582,0.131
0.22784702,0.019414527,0.131,46098.527,0.22784702,0.019414527,0.131
0.22435996,0.017876294,0.131,47364.484,0.22435996,0.017876294,0.131
0.22087291,0.0164779,0.131,48651.945,0.22087289,0.0164779,0.131
0.21738583,0.015206633,0.131,49963.0,0.21738583,0.015206633,0.131
0.21389876,0.014050936,0.131,51299.16,0.21389876,0.014050935,0.131
0.21041171,0.013000302,0.131,52661.027,0.21041171,0.013000302,0.131
0.25225648,0.03453026,0.131,37804.492,0.25225648,0.03453026,0.131
0.2487694,0.032601438,0.131,38883.723,0.2487694,0.032601435,0.131
0.24528234,0.030672612,0.131,39992.762,0.24528234,0.030672612,0.131
0.24179527,0.028743785,0.131,41132.34,0.24179527,0.028743785,0.131
0.23830822,0.02681496,0.131,42303.145,0.23830822,0.02681496,0.131
0.23482114,0.024886135,0.131,43505.062,0.23482116,0.024886135,0.131
0.23133408,0.02295731,0.131,44737.719,0.23133409,0.02295731,0.131
0.22784702,0.021106582,0.131,45995.285,0.22784702,0.021106582,0.131
0.22435996,0.019414527,0.131,47272.07,0.22435996,0.019414527,0.131
0.22087291,0.017876294,0.131,48568.957,0.22087289,0.017876294,0.131
0.21738583,0.0164779,0.131,49887.996,0.21738583,0.0164779,0.131
0.21389876,0.015206633,0.131,51230.926,0.21389876,0.015206633,0.131
0.21041171,0.014050936,0.131,52599.0,0.21041171,0.014050935,0.131
0.20692465,0.013000302,0.131,53990.871,0.20692465,0.013000302,0.131
0.25225648,0.036459088,0.131,37669.926,0.25225648,0.036459085,0.131
0.2487694,0.03453026,0.131,38750.387,0.2487694,0.03453026,0.131
0.24528234,0.032601438,0.131,39860.863,0.24528234,0.032601435,0.131
0.24179527,0.030672612,0.131,41002.129,0.24179527,0.030672612,0.131
0.23830822,0.028743785,0.131,42174.73,0.23830822,0.028743785,0.131
0.23482114,0.02681496,0.131,43378.34,0.23482116,0.02681496,0.131
0.23133408,0.024886135,0.131,44612.688,0.23133409,0.024886135,0.131
0.22784702,0.02295731,0.131,45877.18,0.22784702,0.02295731,0.131
0.22435996,0.021106582,0.131,47165.957,0.22435996,0.021106582,0.131
0.22087291,0.019414525,0.131,48474.02,0.22087289,0.019414527,0.131
0.21738583,0.017876294,0.131,49802.727,0.21738583,0.017876294,0.131
0.21389876,0.0164779,0.131,51153.961,0.21389876,0.0164779,0.131
0.21041171,0.015206633,0.131,52529.594,0.21041171,0.015206633,0.131
0.20692465,0.014050936,0.131,53929.168,0.20692465,0.014050935,0.131
0.20343757,0.013000302,0.131,55347.789,0.20343758,0.013000302,0.131
0.25225648,0.03838791,0.131,37531.195,0.25225648,0.03838791,0.131
0.2487694,0.036459088,0.131,38612.512,0.2487694,0.036459085,0.131
0.24528234,0.03453026,0.131,39724.062,0.24528234,0.03453026,0.131
0.24179527,0.032601438,0.131,40866.727,0.24179527,0.032601435,0.131
0.23830822,0.030672612,0.131,42040.961,0.23830822,0.030672612,0.131
0.23482114,0.028743785,0.131,43246.309,0.23482116,0.028743785,0.131
0.23133408,0.02681496,0.131,44482.414,0.23133409,0.02681496,0.131
0.22784702,0.024886135,0.131,45749.082,0.22784702,0.024886135,0.131
0.22435996,0.02295731,0.131,47045.395,0.22435996,0.02295731,0.131
0.22087291,0.021106582,0.131,48365.977,0.22087289,0.021106582,0.131
0.21738583,0.019414525,0.131,49706.223,0.21738583,0.019414527,0.131
0.21389876,0.017876294,0.131,51067.457,0.21389876,0.017876294,0.131
0.21041171,0.0164779,0.131,52452.117,0.21041171,0.0164779,0.131
0.20692465,0.015206633,0.131,53860.715,0.20692465,0.015206633,0.131
0.20343757,0.014050936,0.131,55289.246,0.20343758,0.014050935,0.131
0.19995052,0.013000302,0.131,56728.367,0.19995052,0.013000302,0.131
0.25225648,0.040316738,0.131,37388.781,0.25225648,0.040316734,0.131
0.2487694,0.03838791,0.131,38470.832,0.2487694,0.03838791,0.131
0.24528234,0.036459088,0.131,39583.281,0.24528234,0.036459085,0.131
0.24179527,0.03453026,0.131,40727.086,0.24179527,0.03453026,0.131
0.23830822,0.032601438,0.131,41902.727,0.23830822,0.032601435,0.131
0.23482114,0.030672612,0.131,43109.711,0.23482116,0.030672612,0.131
0.23133408,0.028743785,0.131,44347.648,0.23133409,0.028743785,0.131
0.22784702,0.02681496,0.131,45616.609,0.22784702,0.02681496,0.131
0.22435996,0.024886135,0.131,46915.82,0.22435996,0.024886135,0.131
0.22087291,0.02295731,0.131,48244.66,0.22087289,0.02295731,0.131
0.21738583,0.021106582,0.131,49597.902,0.21738583,0.021106582,0.131
0.21389876,0.019414525,0.131,50971.047,0.21389876,0.019414527,0.131
0.21041171,0.017876294,0.131,52366.316,0.21041171,0.017876294,0.131
0.20692465,0.0164779,0.131,53785.215,0.20692465,0.0164779,0.131
0.20343757,0.015206633,0.131,55224.902,0.20343758,0.015206633,0.131
0.19995052,0.014050936,0.131,56676.77,0.19995052,0.014050935,0.131
0.19646345,0.013000302,0.131,58126.496,0.19646345,0.013000302,0.131
0.25225648,0.042245559,0.131,37243.113,0.25225648,0.042245563,0.131
0.2487694,0.040316738,0.131,38326.0,0.2487694,0.040316734,0.131
0.24528234,0.03838791,0.131,39439.496,0.24528234,0.03838791,0.131
0.24179527,0.036459088,0.131,40584.438,0.24179527,0.036459085,0.131
0.23830822,0.03453026,0.131,41761.355,0.23830822,0.03453026,0.131
0.23482114,0.032601438,0.131,42969.828,0.23482116,0.032601435,0.131
0.23133408,0.030672612,0.131,44209.562,0.23133409,0.030672612,0.131
0.22784702,0.028743785,0.131,45480.902,0.22784702,0.028743785,0.131
0.22435996,0.02681496,0.131,46783.25,0.22435996,0.02681496,0.131
0.22087291,0.024886135,0.131,48115.934,0.22087289,0.024886135,0.131
0.21738583,0.02295731,0.131,49478.168,0.21738583,0.02295731,0.131
0.21389876,0.021106582,0.131,50864.738,0.21389876,0.021106582,0.131
0.21041171,0.019414525,0.131,52272.387,0.21041171,0.019414527,0.131
0.20692465,0.017876294,0.131,53702.902,0.20692465,0.017876294,0.131
0.20343757,0.0164779,0.131,55154.84,0.20343758,0.0164779,0.131
0.19995052,0.015206633,0.131,56620.715,0.19995052,0.015206633,0.131
0.19646345,0.014050936,0.131,58086.633,0.19646345,0.014050935,0.131
0.1929764,0.013000302,0.131,59532.727,0.19297639,0.013000302,0.131
0.25225648,0.044174388,0.131,37094.859,0.25225648,0.044174388,0.131
0.2487694,0.042245559,0.131,38178.641,0.2487694,0.042245563,0.131
0.24528234,0.040316738,0.131,39293.602,0.24528234,0.040316734,0.131
0.24179527,0.03838791,0.131,40440.078,0.24179527,0.03838791,0.131
0.23830822,0.036459088,0.131,41618.449,0.23830822,0.036459085,0.131
0.23482114,0.03453026,0.131,42828.379,0.23482116,0.03453026,0.131
0.23133408,0.032601438,0.131,44069.891,0.23133409,0.032601435,0.131
0.22784702,0.030672612,0.131,45343.57,0.22784702,0.030672612,0.131
0.22435996,0.028743785,0.131,46649.18,0.22435996,0.028743785,0.131
0.22087291,0.02681496,0.131,47986.117,0.22087289,0.02681496,0.131
0.21738583,0.024886135,0.131,49353.273,0.21738583,0.024886135,0.131
0.21389876,0.02295731,0.131,50749.559,0.21389876,0.02295731,0.131
0.21041171,0.021106582,0.131,52170.957,0.21041171,0.021106582,0.131
0.20692465,0.019414525,0.131,53614.578,0.20692465,0.019414527,0.131
0.20343757,0.017876294,0.131,55079.824,0.20343758,0.017876294,0.131
0.19995052,0.0164779,0.131,56560.797,0.19995052,0.0164779,0.131
0.19646345,0.015206633,0.131,58044.438,0.19646345,0.015206633,0.131
0.1929764,0.014050936,0.131,59510.941,0.19297639,0.014050935,0.131
0.18948933,0.013000302,0.131,60935.543,0.18948932,0.013000302,0.131
0.25225648,0.046103209,0.131,36945.219,0.25225648,0.046103213,0.131
0.2487694,0.044174388,0.131,38029.66,0.2487694,0.044174388,0.131
0.24528234,0.042245559,0.131,39146.473,0.24528234,0.042245563,0.131
0.24179527,0.040316738,0.131,40295.18,0.24179527,0.040316734,0.131
0.23830822,0.03838791,0.131,41475.609,0.23830822,0.03838791,0.131
0.23482114,0.036459088,0.131,42687.336,0.23482116,0.036459085,0.131
0.23133408,0.03453026,0.131,43930.762,0.23133409,0.03453026,0.131
0.22784702,0.032601438,0.131,45206.828,0.22784702,0.032601435,0.131
0.22435996,0.030672612,0.131,46515.684,0.22435996,0.030672612,0.131
0.22087291,0.028743785,0.131,47857.07,0.22087289,0.028743785,0.131
0.21738583,0.02681496,0.131,49229.777,0.21738583,0.02681496,0.131
0.21389876,0.024886135,0.131,50632.129,0.21389876,0.024886135,0.131
0.21041171,0.02295731,0.131,52063.875,0.21041171,0.02295731,0.131
0.20692465,0.021106582,0.131,53521.695,0.20692465,0.021106582,0.131
0.20343757,0.019414525,0.131,55001.449,0.20343758,0.019414527,0.131
0.19995052,0.017876294,0.131,56498.48,0.19995052,0.017876294,0.131
0.19646345,0.0164779,0.131,58001.16,0.19646345,0.0164779,0.131
0.1929764,0.015206633,0.131,59490.008,0.19297639,0.015206633,0.131
0.18948933,0.014050936,0.131,60939.094,0.18948932,0.014050935,0.131
0.18600225,0.013000302,0.131,62321.609,0.18600227,0.013000302,0.131
0.25225648,0.048032038,0.131,36796.105,0.25225648,0.048032038,0.131
0.2487694,0.046103209,0.131,37880.52,0.2487694,0.046103213,0.131
0.24528234,0.044174388,0.131,38999.242,0.24528234,0.044174388,0.131
0.24179527,0.042245559,0.131,40150.824,0.24179527,0.042245563,0.131
0.23830822,0.040316738,0.131,41334.27,0.23830822,0.040316734,0.131
0.23482114,0.03838791,0.131,42548.598,0.23482116,0.03838791,0.131
0.23133408,0.036459088,0.131,43794.473,0.23133409,0.036459085,0.131
0.22784702,0.03453026,0.131,45073.238,0.22784702,0.03453026,0.131
0.22435996,0.032601438,0.131,46385.453,0.22435996,0.032601435,0.131
0.22087291,0.030672612,0.131,47731.301,0.22087289,0.030672612,0.131
0.21738583,0.028743785,0.131,49109.91,0.21738583,0.028743785,0.131
0.21389876,0.02681496,0.131,50519.215,0.21389876,0.02681496,0.131
0.21041171,0.024886135,0.131,51958.215,0.21041171,0.024886135,0.131
0.20692465,0.02295731,0.131,53427.215,0.20692465,0.02295731,0.131
0.20343757,0.021106582,0.131,54922.195,0.20343758,0.021106582,0.131
0.19995052,0.019414525,0.131,56436.129,0.19995052,0.019414527,0.131
0.19646345,0.017876294,0.131,57958.727,0.19646345,0.017876294,0.131
0.1929764,0.0164779,0.131,59471.145,0.19297639,0.0164779,0.131
0.18948933,0.015206633,0.131,60946.57,0.18948932,0.015206633,0.131
0.18600225,0.014050936,0.131,62354.039,0.18600227,0.014050935,0.131
0.18251519,0.013000302,0.131,63667.434,0.1825152,0.013000302,0.131
0.25225648,0.049960859,0.131,36650.074,0.25225648,0.049960863,0.131
0.2487694,0.048032038,0.131,37733.281,0.2487694,0.048032038,0.131
0.24528234,0.046103209,0.131,38853.469,0.24528234,0.046103213,0.131
0.24179527,0.044174388,0.131,40008.23,0.24179527,0.044174388,0.131
0.23830822,0.042245559,0.131,41195.613,0.23830822,0.042245563,0.131
0.23482114,0.040316738,0.131,42413.746,0.23482116,0.040316734,0.131
0.23133408,0.03838791,0.131,43663.109,0.23133409,0.03838791,0.131
0.22784702,0.036459088,0.131,44945.32,0.22784702,0.036459085,0.131
0.22435996,0.03453026,0.131,46261.32,0.22435996,0.03453026,0.131
0.22087291,0.032601438,0.131,47611.82,0.22087289,0.032601435,0.131
0.21738583,0.030672612,0.131,48996.457,0.21738583,0.030672612,0.131
0.21389876,0.028743785,0.131,50413.293,0.21389876,0.028743785,0.131
0.21041171,0.02681496,0.131,51860.75,0.21041171,0.02681496,0.131
0.20692465,0.024886135,0.131,53338.469,0.20692465,0.024886135,0.131
0.20343757,0.02295731,0.131,54846.0,0.20343758,0.02295731,0.131
0.19995052,0.021106582,0.131,56376.918,0.19995052,0.021106582,0.131
0.19646345,0.019414525,0.131,57919.539,0.19646345,0.019414527,0.131
0.1929764,0.017876294,0.131,59455.801,0.19297639,0.017876294,0.131
0.18948933,0.0164779,0.131,60957.703,0.18948932,0.0164779,0.131
0.18600225,0.015206633,0.131,62391.242,0.18600227,0.015206633,0.131
0.18251519,0.014050936,0.131,63724.281,0.1825152,0.014050935,0.131
0.17902812,0.013000302,0.131,64929.312,0.17902814,0.013000302,0.131
0.25225648,0.051889684,0.131,36510.02,0.25225648,0.051889688,0.131
0.2487694,0.049960859,0.131,37590.43,0.2487694,0.049960863,0.131
0.24528234,0.048032038,0.131,38711.094,0.24528234,0.048032038,0.131
0.24179527,0.046103209,0.131,39868.824,0.24179527,0.046103213,0.131
0.23830822,0.044174388,0.131,41060.707,0.23830822,0.044174388,0.131
0.23482114,0.042245559,0.131,42283.848,0.23482116,0.042245563,0.131
0.23133408,0.040316738,0.131,43538.133,0.23133409,0.040316734,0.131
0.22784702,0.03838791,0.131,44825.035,0.22784702,0.03838791,0.131
0.22435996,0.036459088,0.131,46145.711,0.22435996,0.036459085,0.131
0.22087291,0.03453026,0.131,47501.383,0.22087289,0.03453026,0.131
0.21738583,0.032601438,0.131,48892.336,0.21738583,0.032601435,0.131
0.21389876,0.030672612,0.131,50317.004,0.21389876,0.030672612,0.131
0.21041171,0.028743785,0.131,51773.734,0.21041171,0.028743785,0.131
0.20692465,0.02681496,0.131,53261.516,0.20692465,0.02681496,0.131
0.20343757,0.024886135,0.131,54779.652,0.20343758,0.024886135,0.131
0.19995052,0.02295731,0.131,56324.93,0.19995052,0.02295731,0.131
0.19646345,0.021106582,0.131,57886.445,0.19646345,0.021106582,0.131
0.1929764,0.019414525,0.131,59445.41,0.19297639,0.019414527,0.131
0.18948933,0.017876294,0.131,60973.336,0.18948932,0.017876294,0.131
0.18600225,0.0164779,0.131,62432.996,0.18600227,0.0164779,0.131
0.18251519,0.015206633,0.131,63786.031,0.1825152,0.015206633,0.131
0.17902812,0.014050936,0.131,65000.027,0.17902814,0.014050935,0.131
0.17554107,0.013000302,0.131,66053.18,0.17554107,0.013000302,0.131
0.25225648,0.053818509,0.131,36378.707,0.25225648,0.053818513,0.131
0.2487694,0.051889684,0.131,37454.539,0.2487694,0.051889688,0.131
0.24528234,0.049960859,0.131,38574.23,0.24528234,0.049960863,0.131
0.24179527,0.048032038,0.131,39734.148,0.24179527,0.048032038,0.131
0.23830822,0.046103209,0.131,40930.555,0.23830822,0.046103213,0.131
0.23482114,0.044174388,0.131,42159.551,0.23482116,0.044174388,0.131
0.23133408,0.042245559,0.131,43420.152,0.23133409,0.042245563,0.131
0.22784702,0.040316738,0.131,44713.32,0.22784702,0.040316734,0.131
0.22435996,0.03838791,0.131,46040.031,0.22435996,0.03838791,0.131
0.22087291,0.036459088,0.131,47401.828,0.22087289,0.036459085,0.131
0.21738583,0.03453026,0.131,48799.625,0.21738583,0.03453026,0.131
0.21389876,0.032601438,0.131,50232.512,0.21389876,0.032601435,0.131
0.21041171,0.030672612,0.131,51698.969,0.21041171,0.030672612,0.131
0.20692465,0.028743785,0.131,53197.719,0.20692465,0.028743785,0.131
0.20343757,0.02681496,0.131,54727.441,0.20343758,0.02681496,0.131
0.19995052,0.024886135,0.131,56285.16,0.19995052,0.024886135,0.131
0.19646345,0.02295731,0.131,57862.742,0.19646345,0.02295731,0.131
0.1929764,0.021106582,0.131,59442.035,0.19297639,0.021106582,0.131
0.18948933,0.019414525,0.131,60994.023,0.18948932,0.019414527,0.131
0.18600225,0.017876294,0.131,62478.758,0.18600227,0.017876294,0.131
0.18251519,0.0164779,0.131,63852.027,0.1825152,0.0164779,0.131
0.17902812,0.015206633,0.131,65077.469,0.17902814,0.015206633,0.131
0.17554107,0.014050936,0.131,66134.406,0.17554107,0.014050935,0.131
0.17205401,0.013000302,0.131,67021.836,0.17205401,0.013000302,0.131
0.25225648,0.055747338,0.131,36258.105,0.25225648,0.055747338,0.131
0.2487694,0.053818509,0.131,37327.898,0.2487694,0.053818513,0.131
0.24528234,0.051889684,0.131,38444.883,0.24528234,0.051889688,0.131
0.24179527,0.049960859,0.131,39605.691,0.24179527,0.049960863,0.131
0.23830822,0.048032038,0.131,40806.043,0.23830822,0.048032038,0.131
0.23482114,0.046103209,0.131,42041.156,0.23482116,0.046103213,0.131
0.23133408,0.044174388,0.131,43309.082,0.23133409,0.044174388,0.131
0.22784702,0.042245559,0.131,44609.977,0.22784702,0.042245563,0.131
0.22435996,0.040316738,0.131,45944.309,0.22435996,0.040316734,0.131
0.22087291,0.03838791,0.131,47313.559,0.22087289,0.03838791,0.131
0.21738583,0.036459088,0.131,48719.066,0.21738583,0.036459085,0.131
0.21389876,0.03453026,0.131,50160.727,0.21389876,0.03453026,0.131
0.21041171,0.032601438,0.131,51637.34,0.21041171,0.032601435,0.131
0.20692465,0.030672612,0.131,53147.469,0.20692465,0.030672612,0.131
0.20343757,0.028743785,0.131,54689.445,0.20343758,0.028743785,0.131
0.19995052,0.02681496,0.131,56259.859,0.19995052,0.02681496,0.131
0.19646345,0.024886135,0.131,57851.152,0.19646345,0.024886135,0.131
0.1929764,0.02295731,0.131,59447.832,0.19297639,0.02295731,0.131
0.18948933,0.021106582,0.131,61020.785,0.18948932,0.021106582,0.131
0.18600225,0.019414525,0.131,62528.742,0.18600227,0.019414527,0.131
0.18251519,0.017876294,0.131,63923.262,0.1825152,0.017876294,0.131
0.17902812,0.0164779,0.131,65163.254,0.17902814,0.0164779,0.131
0.17554107,0.015206633,0.131,66228.336,0.17554107,0.015206633,0.131
0.17205401,0.014050936,0.131,67123.086,0.17205401,0.014050935,0.131
0.16856694,0.013000302,0.131,67862.633,0.16856694,0.013000302,0.131
0.25225648,0.057676159,0.131,36149.207,0.25225648,0.057676163,0.131
0.2487694,0.055747338,0.131,37211.906,0.2487694,0.055747338,0.131
0.24528234,0.053818509,0.131,38324.691,0.24528234,0.053818513,0.131
0.24179527,0.051889684,0.131,39484.73,0.24179527,0.051889688,0.131
0.23830822,0.049960859,0.131,40687.887,0.23830822,0.049960863,0.131
0.23482114,0.048032038,0.131,41928.742,0.23482116,0.048032038,0.131
0.23133408,0.046103209,0.131,43204.402,0.23133409,0.046103213,0.131
0.22784702,0.044174388,0.131,44513.988,0.22784702,0.044174388,0.131
0.22435996,0.042245559,0.131,45857.344,0.22435996,0.042245559,0.131
0.22087291,0.040316738,0.131,47235.531,0.22087289,0.040316734,0.131
0.21738583,0.03838791,0.131,48649.875,0.21738583,0.03838791,0.131
0.21389876,0.036459088,0.131,50101.043,0.21389876,0.036459085,0.131
0.21041171,0.03453026,0.131,51588.438,0.21041171,0.03453026,0.131
0.20692465,0.032601438,0.131,53110.43,0.20692465,0.032601435,0.131
0.20343757,0.030672612,0.131,54664.941,0.20343758,0.030672612,0.131
0.19995052,0.028743785,0.131,56247.93,0.19995052,0.028743785,0.131
0.19646345,0.02681496,0.131,57852.102,0.19646345,0.02681496,0.131
0.1929764,0.024886135,0.131,59463.617,0.19297639,0.024886135,0.131
0.18948933,0.02295731,0.131,61055.262,0.18948932,0.02295731,0.131
0.18600225,0.021106582,0.131,62584.809,0.18600227,0.021106582,0.131
0.18251519,0.019414525,0.131,64001.57,0.1825152,0.019414527,0.131
0.17902812,0.017876294,0.131,65259.543,0.17902814,0.017876294,0.131
0.17554107,0.0164779,0.131,66336.68,0.17554107,0.0164779,0.131
0.17205401,0.015206633,0.131,67239.625,0.17205401,0.015206633,0.131
0.16856694,0.014050936,0.131,67982.0,0.16856694,0.014050935,0.131
0.16507988,0.013000302,0.131,68547.789,0.16507988,0.013000302,0.131
0.25225648,0.059604988,0.131,36052.039,0.25225648,0.059604988,0.131
0.2487694,0.057676159,0.131,37107.047,0.2487694,0.057676163,0.131
0.24528234,0.055747338,0.131,38214.473,0.24528234,0.055747338,0.131
0.24179527,0.053818509,0.131,39372.258,0.24179527,0.053818513,0.131
0.23830822,0.051889684,0.131,40576.617,0.23830822,0.051889688,0.131
0.23482114,0.049960859,0.131,41822.25,0.23482116,0.049960863,0.131
0.23133408,0.048032038,0.131,43105.41,0.23133409,0.048032038,0.131
0.22784702,0.046103209,0.131,44424.066,0.22784702,0.046103213,0.131
0.22435996,0.044174388,0.131,45777.297,0.22435996,0.044174388,0.131
0.22087291,0.042245559,0.131,47165.621,0.22087289,0.042245559,0.131
0.21738583,0.040316738,0.131,48590.055,0.21738583,0.040316734,0.131
0.21389876,0.03838791,0.131,50051.625,0.21389876,0.03838791,0.131
0.21041171,0.036459088,0.131,51550.406,0.21041171,0.036459085,0.131
0.20692465,0.03453026,0.131,53084.844,0.20692465,0.03453026,0.131
0.20343757,0.032601438,0.131,54652.176,0.20343758,0.032601435,0.131
0.19995052,0.030672612,0.131,56247.727,0.19995052,0.030672612,0.131
0.19646345,0.028743785,0.131,57864.145,0.19646345,0.028743785,0.131
0.1929764,0.02681496,0.131,59488.715,0.19297639,0.02681496,0.131
0.18948933,0.024886135,0.131,61097.281,0.18948932,0.024886135,0.131
0.18600225,0.02295731,0.131,62648.598,0.18600227,0.02295731,0.131
0.18251519,0.021106582,0.131,64088.664,0.1825152,0.021106582,0.131
0.17902812,0.019414525,0.131,65367.965,0.17902814,0.019414525,0.131
0.17554107,0.017876294,0.131,66459.891,0.17554107,0.017876294,0.131
0.17205401,0.0164779,0.131,67369.453,0.17205401,0.0164779,0.131
0.16856694,0.015206633,0.131,68109.094,0.16856694,0.015206633,0.131
0.16507988,0.014050936,0.131,68666.32,0.16507988,0.014050935,0.131
0.16159281,0.013000302,0.131,69029.172,0.16159281,0.013000302,0.131
0.25225648,0.061533809,0.131,35965.859,0.25225648,0.061533812,0.131
0.2487694,0.059604988,0.131,37012.984,0.2487694,0.059604988,0.131
0.24528234,0.057676159,0.131,38114.312,0.24528234,0.057676163,0.131
0.24179527,0.055747338,0.131,39268.594,0.24179527,0.055747338,0.131
0.23830822,0.053818509,0.131,40472.668,0.23830822,0.053818513,0.131
0.23482114,0.051889684,0.131,41721.578,0.23482116,0.051889688,0.131
0.23133408,0.049960859,0.131,43011.441,0.23133409,0.049960863,0.131
0.22784702,0.048032038,0.131,44338.984,0.22784702,0.048032038,0.131
0.22435996,0.046103209,0.131,45702.367,0.22435996,0.046103213,0.131
0.22087291,0.044174388,0.131,47101.488,0.22087289,0.044174388,0.131
0.21738583,0.042245559,0.131,48536.906,0.21738583,0.042245559,0.131
0.21389876,0.040316738,0.131,50009.715,0.21389876,0.040316734,0.131
0.21041171,0.03838791,0.131,51520.441,0.21041171,0.03838791,0.131
0.20692465,0.036459088,0.131,53067.789,0.20692465,0.036459085,0.131
0.20343757,0.03453026,0.131,54648.449,0.20343758,0.03453026,0.131
0.19995052,0.032601438,0.131,56256.93,0.19995052,0.032601435,0.131
0.19646345,0.030672612,0.131,57885.32,0.19646345,0.030672612,0.131
0.1929764,0.028743785,0.131,59521.949,0.19297639,0.028743785,0.131
0.18948933,0.02681496,0.131,61145.211,0.18948932,0.02681496,0.131
0.18600225,0.024886135,0.131,62717.766,0.18600227,0.024886135,0.131
0.18251519,0.02295731,0.131,64184.465,0.1825152,0.02295731,0.131
0.17902812,0.021106582,0.131,65487.898,0.17902814,0.021106582,0.131
0.17554107,0.019414525,0.131,66596.156,0.17554107,0.019414525,0.131
0.17205401,0.017876294,0.131,67509.547,0.17205401,0.017876294,0.131
0.16856694,0.0164779,0.131,68240.492,0.16856694,0.0164779,0.131
0.16507988,0.015206633,0.131,68784.43,0.16507988,0.015206633,0.131
0.16159281,0.014050936,0.131,69130.477,0.16159281,0.014050935,0.131
0.15810576,0.013000302,0.131,69175.766,0.15810576,0.013000302,0.131
0.25225648,0.063462637,0.131,35889.691,0.25225648,0.063462637,0.131
0.2487694,0.061533809,0.131,36928.781,0.2487694,0.061533812,0.131
0.24528234,0.059604988,0.131,38023.66,0.24528234,0.059604988,0.131
0.24179527,0.057676159,0.131,39173.551,0.24179527,0.057676163,0.131
0.23830822,0.055747338,0.131,40376.0,0.23830822,0.055747338,0.131
0.23482114,0.053818509,0.131,41626.738,0.23482116,0.053818513,0.131
0.23133408,0.051889684,0.131,42921.93,0.23133409,0.051889688,0.131
0.22784702,0.049960859,0.131,44257.707,0.22784702,0.049960863,0.131
0.22435996,0.048032038,0.131,45631.078,0.22435996,0.048032038,0.131
0.22087291,0.046103209,0.131,47041.121,0.22087289,0.046103213,0.131
0.21738583,0.044174388,0.131,48487.918,0.21738583,0.044174388,0.131
0.21389876,0.042245559,0.131,49972.477,0.21389876,0.042245559,0.131
0.21041171,0.040316738,0.131,51495.492,0.21041171,0.040316734,0.131
0.20692465,0.03838791,0.131,53055.992,0.20692465,0.03838791,0.131
0.20343757,0.036459088,0.131,54650.457,0.20343758,0.036459085,0.131
0.19995052,0.03453026,0.131,56272.449,0.19995052,0.03453026,0.131
0.19646345,0.032601438,0.131,57913.207,0.19646345,0.032601435,0.131
0.1929764,0.030672612,0.131,59561.441,0.19297639,0.030672612,0.131
0.18948933,0.028743785,0.131,61197.781,0.18948932,0.028743785,0.131
0.18600225,0.02681496,0.131,62788.402,0.18600227,0.02681496,0.131
0.18251519,0.024886135,0.131,64282.102,0.1825152,0.024886135,0.131
0.17902812,0.02295731,0.131,65614.867,0.17902814,0.02295731,0.131
0.17554107,0.021106582,0.131,66740.781,0.17554107,0.021106582,0.131
0.17205401,0.019414525,0.131,67655.719,0.17205401,0.019414525,0.131
0.16856694,0.017876294,0.131,68373.609,0.16856694,0.017876294,0.131
0.16507988,0.0164779,0.131,68900.648,0.16507988,0.0164779,0.131
0.16159281,0.015206633,0.131,69233.336,0.16159281,0.015206633,0.131
0.15810576,0.014050936,0.131,69312.086,0.15810576,0.014050935,0.131
0.15486297,0.013000302,0.131,69172.68,0.15486296,0.013000302,0.131
0.25225648,0.065391466,0.131,35822.613,0.25225648,0.065391459,0.131
0.2487694,0.063462637,0.131,36853.441,0.2487694,0.063462637,0.131
0.24528234,0.061533809,0.131,37941.574,0.24528234,0.061533812,0.131
0.24179527,0.059604988,0.131,39086.539,0.24179527,0.059604988,0.131
0.23830822,0.057676159,0.131,40286.293,0.23830822,0.057676163,0.131
0.23482114,0.055747338,0.131,41537.441,0.23482116,0.055747338,0.131
0.23133408,0.053818509,0.131,42836.613,0.23133409,0.053818513,0.131
0.22784702,0.051889684,0.131,44179.438,0.22784702,0.051889688,0.131
0.22435996,0.049960859,0.131,45562.316,0.22435996,0.049960863,0.131
0.22087291,0.048032038,0.131,46983.156,0.22087289,0.048032038,0.131
0.21738583,0.046103209,0.131,48441.352,0.21738583,0.046103213,0.131
0.21389876,0.044174388,0.131,49937.703,0.21389876,0.044174388,0.131
0.21041171,0.042245559,0.131,51473.039,0.21041171,0.042245559,0.131
0.20692465,0.040316738,0.131,53046.664,0.20692465,0.040316734,0.131
0.20343757,0.03838791,0.131,54655.023,0.20343758,0.03838791,0.131
0.19995052,0.036459088,0.131,56291.004,0.19995052,0.036459085,0.131
0.19646345,0.03453026,0.131,57944.852,0.19646345,0.03453026,0.131
0.1929764,0.032601438,0.131,59604.844,0.19297639,0.032601435,0.131
0.18948933,0.030672612,0.131,61252.984,0.18948932,0.030672612,0.131
0.18600225,0.028743785,0.131,62858.59,0.18600227,0.028743785,0.131
0.18251519,0.02681496,0.131,64374.223,0.1825152,0.02681496,0.131
0.17902812,0.024886135,0.131,65736.922,0.17902814,0.024886135,0.131
0.17554107,0.02295731,0.131,66886.336,0.17554107,0.02295731,0.131
0.17205401,0.021106582,0.131,67803.469,0.17205401,0.021106582,0.131
0.16856694,0.019414525,0.131,68507.039,0.16856694,0.019414525,0.131
0.16507988,0.017876294,0.131,69015.961,0.16507988,0.017876294,0.131
0.16159281,0.0164779,0.131,69339.75,0.16159281,0.0164779,0.131
0.15810576,0.015206633,0.131,69454.609,0.15810576,0.015206633,0.131
0.15486297,0.014050936,0.131,69354.406,0.15486296,0.014050935,0.131
0.15211432,0.013000302,0.131,69072.828,0.15211432,0.013000302,0.131
0.25225648,0.067320287,0.131,35764.273,0.25225648,0.067320287,0.131
0.2487694,0.065391466,0.131,36786.18,0.2487694,0.065391459,0.131
0.24528234,0.063462637,0.131,37867.219,0.24528234,0.063462637,0.131
0.24179527,0.061533809,0.131,39006.766,0.24179527,0.061533812,0.131
0.23830822,0.059604988,0.131,40203.062,0.23830822,0.059604988,0.131
0.23482114,0.057676159,0.131,41453.371,0.23482116,0.057676163,0.131
0.23133408,0.055747338,0.131,42755.086,0.23133409,0.055747338,0.131
0.22784702,0.053818509,0.131,44103.797,0.22784702,0.053818513,0.131
0.22435996,0.051889684,0.131,45495.27,0.22435996,0.051889688,0.131
0.22087291,0.049960859,0.131,46926.641,0.22087289,0.049960863,0.131
0.21738583,0.048032038,0.131,48396.168,0.21738583,0.048032038,0.131
0.21389876,0.046103209,0.131,49904.27,0.21389876,0.046103213,0.131
0.21041171,0.044174388,0.131,51451.637,0.21041171,0.044174388,0.131
0.20692465,0.042245559,0.131,53037.957,0.20692465,0.042245559,0.131
0.20343757,0.040316738,0.131,54659.859,0.20343758,0.040316734,0.131
0.19995052,0.03838791,0.131,56309.93,0.19995052,0.03838791,0.131
0.19646345,0.036459088,0.131,57977.391,0.19646345,0.036459085,0.131
0.1929764,0.03453026,0.131,59649.613,0.19297639,0.03453026,0.131
0.18948933,0.032601438,0.131,61308.836,0.18948932,0.032601435,0.131
0.18600225,0.030672612,0.131,62926.59,0.18600227,0.030672612,0.131
0.18251519,0.028743785,0.131,64459.031,0.1825152,0.028743785,0.131
0.17902812,0.02681496,0.131,65845.406,0.17902814,0.02681496,0.131
0.17554107,0.024886135,0.131,67021.125,0.17554107,0.024886135,0.131
0.17205401,0.02295731,0.131,67948.914,0.17205401,0.02295731,0.131
0.16856694,0.021106582,0.131,68641.641,0.16856694,0.021106582,0.131
0.16507988,0.019414525,0.131,69134.023,0.16507988,0.019414525,0.131
0.16159281,0.017876294,0.131,69454.125,0.16159281,0.017876294,0.131
0.15810576,0.0164779,0.131,69604.383,0.15810576,0.0164779,0.131
0.15486297,0.015206633,0.131,69548.305,0.15486296,0.015206633,0.131
0.15211432,0.014050936,0.131,69293.586,0.15211432,0.014050935,0.131
0.14969815,0.013000302,0.131,68943.93,0.14969814,0.013000302,0.131
0.25225648,0.069249108,0.131,35715.031,0.25225648,0.069249116,0.131
0.2487694,0.067320287,0.131,36726.918,0.2487694,0.067320287,0.131
0.24528234,0.065391466,0.131,37800.078,0.24528234,0.065391459,0.131
0.24179527,0.063462637,0.131,38933.711,0.24179527,0.063462637,0.131
0.23830822,0.061533809,0.131,40125.824,0.23830822,0.061533812,0.131
0.23482114,0.059604988,0.131,41374.258,0.23482116,0.059604988,0.131
0.23133408,0.057676159,0.131,42677.102,0.23133409,0.057676163,0.131
0.22784702,0.055747338,0.131,44030.363,0.22784702,0.055747338,0.131
0.22435996,0.053818509,0.131,45429.562,0.22435996,0.053818513,0.131
0.22087291,0.051889684,0.131,46870.883,0.22087289,0.051889688,0.131
0.21738583,0.049960859,0.131,48351.832,0.21738583,0.049960863,0.131
0.21389876,0.048032038,0.131,49871.734,0.21389876,0.048032038,0.131
0.21041171,0.046103209,0.131,51430.914,0.21041171,0.046103213,0.131
0.20692465,0.044174388,0.131,53029.238,0.20692465,0.044174388,0.131
0.20343757,0.042245559,0.131,54663.996,0.20343758,0.042245559,0.131
0.19995052,0.040316738,0.131,56327.789,0.19995052,0.040316734,0.131
0.19646345,0.03838791,0.131,58009.031,0.19646345,0.03838791,0.131
0.1929764,0.036459088,0.131,59693.824,0.19297639,0.036459085,0.131
0.18948933,0.03453026,0.131,61363.891,0.18948932,0.03453026,0.131
0.18600225,0.032601438,0.131,62991.871,0.18600227,0.032601435,0.131
0.18251519,0.030672612,0.131,64536.777,0.1825152,0.030672612,0.131
0.17902812,0.028743785,0.131,65941.219,0.17902814,0.028743785,0.131
0.17554107,0.02681496,0.131,67139.547,0.17554107,0.02681496,0.131
0.17205401,0.024886135,0.131,68086.094,0.17205401,0.024886135,0.131
0.16856694,0.02295731,0.131,68780.227,0.16856694,0.02295731,0.131
0.16507988,0.021106582,0.131,69261.75,0.16507988,0.021106582,0.131
0.16159281,0.019414525,0.131,69581.227,0.16159281,0.019414525,0.131
0.15810576,0.017876294,0.131,69762.633,0.15810576,0.017876294,0.131
0.15486297,0.0164779,0.131,69752.82,0.15486296,0.0164779,0.131
0.15211432,0.015206633,0.131,69533.422,0.15211432,0.015206633,0.131
0.14969815,0.014050936,0.131,69189.938,0.14969814,0.014050935,0.131
0.14736459,0.013000302,0.131,68807.5,0.14736457,0.013000302,0.131
0.25225648,0.071177937,0.131,35675.941,0.25225648,0.071177937,0.131
0.2487694,0.069249108,0.131,36676.348,0.2487694,0.069249116,0.131
0.24528234,0.067320287,0.131,37740.395,0.24528234,0.067320287,0.131
0.24179527,0.065391466,0.131,38867.223,0.24179527,0.065391459,0.131
0.23830822,0.063462637,0.131,40054.496,0.23830822,0.063462637,0.131
0.23482114,0.061533809,0.131,41300.016,0.23482116,0.061533812,0.131
0.23133408,0.059604988,0.131,42602.691,0.23133409,0.059604988,0.131
0.22784702,0.057676159,0.131,43959.02,0.22784702,0.057676163,0.131
0.22435996,0.055747338,0.131,45364.809,0.22435996,0.055747338,0.131
0.22087291,0.053818509,0.131,46815.578,0.22087289,0.053818513,0.131
0.21738583,0.051889684,0.131,48307.738,0.21738583,0.051889688,0.131
0.21389876,0.049960859,0.131,49839.867,0.21389876,0.049960863,0.131
0.21041171,0.048032038,0.131,51410.984,0.21041171,0.048032038,0.131
0.20692465,0.046103209,0.131,53020.961,0.20692465,0.046103213,0.131
0.20343757,0.044174388,0.131,54667.695,0.20343758,0.044174388,0.131
0.19995052,0.042245559,0.131,56344.574,0.19995052,0.042245559,0.131
0.19646345,0.040316738,0.131,58039.453,0.19646345,0.040316734,0.131
0.1929764,0.03838791,0.131,59737.023,0.19297639,0.03838791,0.131
0.18948933,0.036459088,0.131,61417.922,0.18948932,0.036459085,0.131
0.18600225,0.03453026,0.131,63055.254,0.18600227,0.03453026,0.131
0.18251519,0.032601438,0.131,64609.949,0.1825152,0.032601435,0.131
0.17902812,0.030672612,0.131,66028.195,0.17902814,0.03067261,0.131
0.17554107,0.028743785,0.131,67246.391,0.17554107,0.028743785,0.131
0.17205401,0.02681496,0.131,68213.648,0.17205401,0.02681496,0.131
0.16856694,0.024886135,0.131,68922.102,0.16856694,0.024886135,0.131
0.16507988,0.02295731,0.131,69405.914,0.16507988,0.02295731,0.131
0.16159281,0.021106582,0.131,69726.328,0.16159281,0.021106582,0.131
0.15810576,0.019414525,0.131,69931.586,0.15810576,0.019414525,0.131
0.15486297,0.017876294,0.131,69967.07,0.15486296,0.017876294,0.131
0.15211432,0.0164779,0.131,69789.922,0.15211432,0.0164779,0.131
0.14969815,0.015206633,0.131,69462.281,0.14969814,0.015206633,0.131
0.14736459,0.014050936,0.131,69064.734,0.14736457,0.014050935,0.131
0.14503101,0.013000302,0.131,68678.438,0.14503101,0.013000302,0.131
0.25225648,0.073106766,0.131,35648.172,0.25225648,0.073106766,0.131
0.2487694,0.071177937,0.131,36635.895,0.2487694,0.071177937,0.131
0.24528234,0.069249108,0.131,37689.168,0.24528234,0.069249116,0.131
0.24179527,0.067320287,0.131,38807.891,0.24179527,0.067320287,0.131
0.23830822,0.065391466,0.131,39989.352,0.23830822,0.065391459,0.131
0.23482114,0.063462637,0.131,41231.102,0.23482116,0.063462637,0.131
0.23133408,0.061533809,0.131,42532.23,0.23133409,0.061533812,0.131
0.22784702,0.059604988,0.131,43890.113,0.22784702,0.059604988,0.131
0.22435996,0.057676159,0.131,45301.02,0.22435996,0.057676163,0.131
0.22087291,0.055747338,0.131,46760.355,0.22087289,0.055747338,0.131
0.21738583,0.053818509,0.131,48263.633,0.21738583,0.053818513,0.131
0.21389876,0.051889684,0.131,49808.164,0.21389876,0.051889688,0.131
0.21041171,0.049960859,0.131,51391.996,0.21041171,0.049960863,0.131
0.20692465,0.048032038,0.131,53013.844,0.20692465,0.048032038,0.131
0.20343757,0.046103209,0.131,54672.211,0.20343758,0.046103213,0.131
0.19995052,0.044174388,0.131,56361.449,0.19995052,0.044174388,0.131
0.19646345,0.042245559,0.131,58069.738,0.19646345,0.042245559,0.131
0.1929764,0.040316738,0.131,59780.312,0.19297639,0.040316734,0.131
0.18948933,0.03838791,0.131,61472.383,0.18948932,0.03838791,0.131
0.18600225,0.036459088,0.131,63118.887,0.18600227,0.036459085,0.131
0.18251519,0.03453026,0.131,64682.348,0.1825152,0.03453026,0.131
0.17902812,0.032601438,0.131,66112.016,0.17902814,0.032601435,0.131
0.17554107,0.030672612,0.131,67347.922,0.17554107,0.03067261,0.131
0.17205401,0.028743785,0.131,68337.656,0.17205401,0.028743785,0.131
0.16856694,0.02681496,0.131,69066.516,0.16856694,0.02681496,0.131
0.16507988,0.024886135,0.131,69565.094,0.16507988,0.024886135,0.131
0.16159281,0.02295731,0.131,69894.031,0.16159281,0.02295731,0.131
0.15810576,0.021106582,0.131,70114.539,0.15810576,0.021106582,0.131
0.15486297,0.019414525,0.131,70190.391,0.15486296,0.019414525,0.131
0.15211432,0.017876294,0.131,70060.32,0.15211432,0.017876294,0.131
0.14969815,0.0164779,0.131,69758.812,0.14969814,0.0164779,0.131
0.14736459,0.015206633,0.131,69355.523,0.14736457,0.015206633,0.131
0.14503101,0.014050936,0.131,68933.383,0.14503101,0.014050935,0.131
0.14269745,0.013000302,0.131,68574.961,0.14269744,0.013000302,0.131
0.25225648,0.075035587,0.131,35632.965,0.25225648,0.075035587,0.131
0.2487694,0.073106766,0.131,36607.035,0.2487694,0.073106766,0.131
0.24528234,0.071177937,0.131,37648.086,0.24528234,0.071177937,0.131
0.24179527,0.069249108,0.131,38756.945,0.24179527,0.069249116,0.131
0.23830822,0.067320287,0.131,39931.309,0.23830822,0.067320287,0.131
0.23482114,0.065391466,0.131,41168.238,0.23482116,0.065391459,0.131
0.23133408,0.063462637,0.131,42466.719,0.23133409,0.063462637,0.131
0.22784702,0.061533809,0.131,43824.465,0.22784702,0.061533812,0.131
0.22435996,0.059604988,0.131,45238.824,0.22435996,0.059604988,0.131
0.22087291,0.057676159,0.131,46705.352,0.22087289,0.057676163,0.131
0.21738583,0.055747338,0.131,48219.188,0.21738583,0.055747338,0.131
0.21389876,0.053818509,0.131,49776.461,0.21389876,0.053818513,0.131
0.21041171,0.051889684,0.131,51373.57,0.21041171,0.051889688,0.131
0.20692465,0.049960859,0.131,53008.383,0.20692465,0.049960863,0.131
0.20343757,0.048032038,0.131,54678.695,0.20343758,0.048032038,0.131
0.19995052,0.046103209,0.131,56380.176,0.19995052,0.046103213,0.131
0.19646345,0.044174388,0.131,58101.629,0.19646345,0.044174388,0.131
0.1929764,0.042245559,0.131,59825.777,0.19297639,0.042245559,0.131
0.18948933,0.040316738,0.131,61529.844,0.18948932,0.040316734,0.131
0.18600225,0.03838791,0.131,63186.148,0.18600227,0.03838791,0.131
0.18251519,0.036459088,0.131,64758.25,0.1825152,0.036459085,0.131
0.17902812,0.03453026,0.131,66198.406,0.17902814,0.03453026,0.131
0.17554107,0.032601438,0.131,67450.469,0.17554107,0.032601435,0.131
0.17205401,0.030672612,0.131,68463.031,0.17205401,0.03067261,0.131
0.16856694,0.028743785,0.131,69216.414,0.16856694,0.028743785,0.131
0.16507988,0.02681496,0.131,69734.844,0.16507988,0.02681496,0.131
0.16159281,0.024886135,0.131,70079.398,0.16159281,0.024886135,0.131
0.15810576,0.02295731,0.131,70314.438,0.15810576,0.02295731,0.131
0.15486297,0.021106582,0.131,70422.359,0.15486296,0.021106582,0.131
0.15211432,0.019414525,0.131,70341.125,0.15211432,0.019414525,0.131
0.14969815,0.017876294,0.131,70076.297,0.14969814,0.017876294,0.131
0.14736459,0.0164779,0.131,69679.055,0.14736457,0.0164779,0.131
0.14503101,0.015206633,0.131,69227.742,0.14503101,0.015206633,0.131
0.14269745,0.014050936,0.131,68816.031,0.14269744,0.014050935,0.131
0.14036389,0.013000302,0.131,68509.336,0.14036389,0.013000302,0.131
0.25225648,0.076964408,0.131,35631.062,0.25225648,0.076964416,0.131
0.2487694,0.075035587,0.131,36591.242,0.2487694,0.075035587,0.131
0.24528234,0.073106766,0.131,37618.77,0.24528234,0.073106766,0.131
0.24179527,0.071177937,0.131,38716.207,0.24179527,0.071177937,0.131
0.23830822,0.069249108,0.131,39881.746,0.23830822,0.069249116,0.131
0.23482114,0.067320287,0.131,41112.629,0.23482116,0.067320287,0.131
0.23133408,0.065391466,0.131,42407.309,0.23133409,0.065391459,0.131
0.22784702,0.063462637,0.131,43763.574,0.22784702,0.063462637,0.131
0.22435996,0.061533809,0.131,45179.414,0.22435996,0.061533812,0.131
0.22087291,0.059604988,0.131,46651.41,0.22087289,0.059604988,0.131
0.21738583,0.057676159,0.131,48174.594,0.21738583,0.057676163,0.131
0.21389876,0.055747338,0.131,49744.379,0.21389876,0.055747338,0.131
0.21041171,0.053818509,0.131,51355.523,0.21041171,0.053818513,0.131
0.20692465,0.051889684,0.131,53004.203,0.20692465,0.051889688,0.131
0.20343757,0.049960859,0.131,54687.832,0.20343758,0.049960863,0.131
0.19995052,0.048032038,0.131,56402.055,0.19995052,0.048032038,0.131
0.19646345,0.046103209,0.131,58137.055,0.19646345,0.046103213,0.131
0.1929764,0.044174388,0.131,59875.379,0.19297639,0.044174388,0.131
0.18948933,0.042245559,0.131,61593.02,0.18948932,0.042245559,0.131
0.18600225,0.040316738,0.131,63260.5,0.18600227,0.040316734,0.131
0.18251519,0.03838791,0.131,64841.941,0.1825152,0.03838791,0.131
0.17902812,0.036459088,0.131,66292.094,0.17902814,0.036459085,0.131
0.17554107,0.03453026,0.131,67559.023,0.17554107,0.03453026,0.131
0.17205401,0.032601438,0.131,68593.219,0.17205401,0.032601435,0.131
0.16856694,0.030672612,0.131,69372.391,0.16856694,0.03067261,0.131
0.16507988,0.028743785,0.131,69913.797,0.16507988,0.028743785,0.131
0.16159281,0.02681496,0.131,70274.297,0.16159281,0.02681496,0.131
0.15810576,0.024886135,0.131,70525.344,0.15810576,0.024886135,0.131
0.15486297,0.02295731,0.131,70662.805,0.15486296,0.02295731,0.131
0.15211432,0.021106582,0.131,70628.414,0.15211432,0.021106582,0.131
0.14969815,0.019414525,0.131,70409.68,0.14969814,0.019414525,0.131
0.14736459,0.017876294,0.131,70032.875,0.14736457,0.017876294,0.131
0.14503101,0.0164779,0.131,69562.992,0.14503101,0.0164779,0.131
0.14269745,0.015206633,0.131,69099.656,0.14269744,0.015206633,0.131
0.14036389,0.014050936,0.131,68729.188,0.14036389,0.014050935,0.131
0.13803032,0.013000302,0.131,68485.578,0.13803032,0.013000302,0.131
0.25225648,0.078893237,0.131,35642.52,0.25225648,0.078893237,0.131
0.2487694,0.076964408,0.131,36589.367,0.2487694,0.076964416,0.131
0.24528234,0.075035587,0.131,37602.781,0.24528234,0.075035587,0.131
0.24179527,0.073106766,0.131,38687.242,0.24179527,0.073106766,0.131
0.23830822,0.071177937,0.131,39842.422,0.23830822,0.071177937,0.131
0.23482114,0.069249108,0.131,41065.664,0.23482116,0.069249116,0.131
0.23133408,0.067320287,0.131,42355.398,0.23133409,0.067320287,0.131
0.22784702,0.065391466,0.131,43708.914,0.22784702,0.065391459,0.131
0.22435996,0.063462637,0.131,45124.66,0.22435996,0.063462637,0.131
0.22087291,0.061533809,0.131,46599.934,0.22087289,0.061533812,0.131
0.21738583,0.059604988,0.131,48130.766,0.21738583,0.059604988,0.131
0.21389876,0.057676159,0.131,49712.07,0.21389876,0.057676163,0.131
0.21041171,0.055747338,0.131,51337.418,0.21041171,0.055747338,0.131
0.20692465,0.053818509,0.131,53001.102,0.20692465,0.053818513,0.131
0.20343757,0.051889684,0.131,54699.172,0.20343758,0.051889688,0.131
0.19995052,0.049960859,0.131,56427.707,0.19995052,0.049960863,0.131
0.19646345,0.048032038,0.131,58177.023,0.19646345,0.048032038,0.131
0.1929764,0.046103209,0.131,59930.66,0.19297639,0.046103213,0.131
0.18948933,0.044174388,0.131,61663.445,0.18948932,0.044174388,0.131
0.18600225,0.042245559,0.131,63344.453,0.18600227,0.042245559,0.131
0.18251519,0.040316738,0.131,64936.57,0.1825152,0.040316734,0.131
0.17902812,0.03838791,0.131,66396.711,0.17902814,0.03838791,0.131
0.17554107,0.036459088,0.131,67676.641,0.17554107,0.036459085,0.131
0.17205401,0.03453026,0.131,68730.102,0.17205401,0.03453026,0.131
0.16856694,0.032601438,0.131,69533.578,0.16856694,0.032601435,0.131
0.16507988,0.030672612,0.131,70098.68,0.16507988,0.03067261,0.131
0.16159281,0.028743785,0.131,70475.992,0.16159281,0.028743785,0.131
0.15810576,0.02681496,0.131,70738.68,0.15810576,0.02681496,0.131
0.15486297,0.024886135,0.131,70901.484,0.15486296,0.024886135,0.131
0.15211432,0.02295731,0.131,70917.312,0.15211432,0.02295731,0.131
0.14969815,0.021106582,0.131,70752.234,0.14969814,0.021106582,0.131
0.14736459,0.019414525,0.131,70411.531,0.14736457,0.019414525,0.131
0.14503101,0.017876294,0.131,69938.617,0.14503101,0.017876294,0.131
0.14269745,0.0164779,0.131,69429.891,0.14269744,0.0164779,0.131
0.14036389,0.015206633,0.131,68991.336,0.14036389,0.015206633,0.131
0.13803032,0.014050936,0.131,68682.125,0.13803032,0.014050935,0.131
0.13569674,0.013000302,0.131,68499.766,0.13569675,0.013000302,0.131
0.25225648,0.080822065,0.131,35666.617,0.25225648,0.080822065,0.131
0.2487694,0.078893237,0.131,36601.445,0.2487694,0.078893237,0.131
0.24528234,0.076964408,0.131,37600.988,0.24528234,0.076964416,0.131
0.24179527,0.075035587,0.131,38671.531,0.24179527,0.075035587,0.131
0.23830822,0.073106766,0.131,39814.668,0.23830822,0.073106766,0.131
0.23482114,0.071177937,0.131,41028.883,0.23482116,0.071177937,0.131
0.23133408,0.069249108,0.131,42312.27,0.23133409,0.069249116,0.131
0.22784702,0.067320287,0.131,43661.98,0.22784702,0.067320287,0.131
0.22435996,0.065391466,0.131,45076.227,0.22435996,0.065391459,0.131
0.22087291,0.063462637,0.131,46552.992,0.22087289,0.063462637,0.131
0.21738583,0.061533809,0.131,48089.164,0.21738583,0.061533812,0.131
0.21389876,0.059604988,0.131,49680.391,0.21389876,0.059604988,0.131
0.21041171,0.057676159,0.131,51319.254,0.21041171,0.057676163,0.131
0.20692465,0.055747338,0.131,52998.5,0.20692465,0.055747338,0.131
0.20343757,0.053818509,0.131,54712.391,0.20343758,0.053818513,0.131
0.19995052,0.051889684,0.131,56456.387,0.19995052,0.051889688,0.131
0.19646345,0.049960859,0.131,58221.688,0.19646345,0.049960863,0.131
0.1929764,0.048032038,0.131,59991.715,0.19297639,0.048032038,0.131
0.18948933,0.046103209,0.131,61741.59,0.18948932,0.046103213,0.131
0.18600225,0.044174388,0.131,63438.352,0.18600227,0.044174388,0.131
0.18251519,0.042245559,0.131,65043.566,0.1825152,0.042245559,0.131
0.17902812,0.040316738,0.131,66513.953,0.17902814,0.040316734,0.131
0.17554107,0.03838791,0.131,67805.008,0.17554107,0.03838791,0.131
0.17205401,0.036459088,0.131,68873.945,0.17205401,0.036459085,0.131
0.16856694,0.03453026,0.131,69698.391,0.16856694,0.03453026,0.131
0.16507988,0.032601438,0.131,70285.781,0.16507988,0.032601435,0.131
0.16159281,0.030672612,0.131,70680.383,0.16159281,0.03067261,0.131
0.15810576,0.028743785,0.131,70953.727,0.15810576,0.028743785,0.131
0.15486297,0.02681496,0.131,71131.914,0.15486296,0.02681496,0.131
0.15211432,0.024886135,0.131,71193.258,0.15211432,0.024886135,0.131
0.14969815,0.02295731,0.131,71094.961,0.14969814,0.02295731,0.131
0.14736459,0.021106582,0.131,70806.828,0.14736457,0.021106582,0.131
0.14503101,0.019414525,0.131,70350.422,0.14503101,0.019414525,0.131
0.14269745,0.017876294,0.131,69809.008,0.14269744,0.017876294,0.131
0.14036389,0.0164779,0.131,69302.062,0.14036389,0.0164779,0.131
0.13803032,0.015206633,0.131,68917.656,0.13803032,0.015206633,0.131
0.13569674,0.014050936,0.131,68675.391,0.13569675,0.014050935,0.131
0.13336319,0.013000302,0.131,68542.148,0.13336319,0.013000302,0.131
0.25225648,0.082750887,0.131,35702.266,0.25225648,0.082750887,0.131
0.2487694,0.080822065,0.131,36626.617,0.2487694,0.080822065,0.131
0.24528234,0.078893237,0.131,37613.398,0.24528234,0.078893237,0.131
0.24179527,0.076964408,0.131,38669.848,0.24179527,0.076964416,0.131
0.23830822,0.075035587,0.131,39799.715,0.23830822,0.075035587,0.131
0.23482114,0.073106766,0.131,41003.207,0.23482116,0.073106766,0.131
0.23133408,0.071177937,0.131,42279.109,0.23133409,0.071177937,0.131
0.22784702,0.069249108,0.131,43623.809,0.22784702,0.069249116,0.131
0.22435996,0.067320287,0.131,45035.555,0.22435996,0.067320287,0.131
0.22087291,0.065391466,0.131,46512.258,0.22087289,0.065391459,0.131
0.21738583,0.063462637,0.131,48051.84,0.21738583,0.063462637,0.131
0.21389876,0.061533809,0.131,49650.633,0.21389876,0.061533812,0.131
0.21041171,0.059604988,0.131,51301.664,0.21041171,0.059604988,0.131
0.20692465,0.057676159,0.131,52996.164,0.20692465,0.057676163,0.131
0.20343757,0.055747338,0.131,54726.707,0.20343758,0.055747338,0.131
0.19995052,0.053818509,0.131,56487.531,0.19995052,0.053818513,0.131
0.19646345,0.051889684,0.131,58269.781,0.19646345,0.051889688,0.131
0.1929764,0.049960859,0.131,60057.902,0.19297639,0.049960863,0.131
0.18948933,0.048032038,0.131,61826.23,0.18948932,0.048032038,0.131
0.18600225,0.046103209,0.131,63541.227,0.18600227,0.046103213,0.131
0.18251519,0.044174388,0.131,65161.711,0.1825152,0.044174388,0.131
0.17902812,0.042245559,0.131,66643.797,0.17902814,0.042245559,0.131
0.17554107,0.040316738,0.131,67944.125,0.17554107,0.040316734,0.131
0.17205401,0.03838791,0.131,69024.516,0.17205401,0.03838791,0.131
0.16856694,0.036459088,0.131,69864.812,0.16856694,0.036459085,0.131
0.16507988,0.03453026,0.131,70471.734,0.16507988,0.03453026,0.131
0.16159281,0.032601438,0.131,70883.461,0.16159281,0.032601435,0.131
0.15810576,0.030672612,0.131,71167.914,0.15810576,0.03067261,0.131
0.15486297,0.028743785,0.131,71356.875,0.15486296,0.028743785,0.131
0.15211432,0.02681496,0.131,71448.297,0.15211432,0.02681496,0.131
0.14969815,0.024886135,0.131,71416.945,0.14969814,0.024886135,0.131
0.14736459,0.02295731,0.131,71206.336,0.14736457,0.02295731,0.131
0.14503101,0.021106582,0.131,70790.523,0.14503101,0.021106582,0.131
0.14269745,0.019414525,0.131,70236.023,0.14269744,0.019414525,0.131
0.14036389,0.017876294,0.131,69666.82,0.14036389,0.017876294,0.131
0.13803032,0.0164779,0.131,69199.727,0.13803032,0.0164779,0.131
0.13569674,0.015206633,0.131,68884.828,0.13569675,0.015206633,0.131
0.13336319,0.014050936,0.131,68701.992,0.13336319,0.014050935,0.131
0.13102962,0.013000302,0.131,68600.094,0.13102962,0.013000302,0.131
0.25225648,0.084679708,0.131,35748.238,0.25225648,0.084679715,0.131
0.2487694,0.082750887,0.131,36663.543,0.2487694,0.082750887,0.131
0.24528234,0.080822065,0.131,37639.098,0.24528234,0.080822065,0.131
0.24179527,0.078893237,0.131,38682.184,0.24179527,0.078893237,0.131
0.23830822,0.076964408,0.131,39798.152,0.23830822,0.076964416,0.131
0.23482114,0.075035587,0.131,40989.473,0.23482116,0.075035587,0.131
0.23133408,0.073106766,0.131,42256.289,0.23133409,0.073106766,0.131
0.22784702,0.071177937,0.131,43595.148,0.22784702,0.071177937,0.131
0.22435996,0.069249108,0.131,45003.355,0.22435996,0.069249116,0.131
0.22087291,0.067320287,0.131,46478.988,0.22087289,0.067320287,0.131
0.21738583,0.065391466,0.131,48020.266,0.21738583,0.065391459,0.131
0.21389876,0.063462637,0.131,49624.625,0.21389876,0.063462637,0.131
0.21041171,0.061533809,0.131,51285.566,0.21041171,0.061533812,0.131
0.20692465,0.059604988,0.131,52994.348,0.20692465,0.059604988,0.131
0.20343757,0.057676159,0.131,54741.594,0.20343758,0.057676163,0.131
0.19995052,0.055747338,0.131,56520.137,0.19995052,0.055747338,0.131
0.19646345,0.053818509,0.131,58320.441,0.19646345,0.053818513,0.131
0.1929764,0.051889684,0.131,60127.285,0.19297639,0.051889688,0.131
0.18948933,0.049960859,0.131,61915.781,0.18948932,0.049960863,0.131
0.18600225,0.048032038,0.131,63650.496,0.18600227,0.048032038,0.131
0.18251519,0.046103209,0.131,65288.777,0.1825152,0.046103213,0.131
0.17902812,0.044174388,0.131,66783.82,0.17902814,0.044174388,0.131
0.17554107,0.042245559,0.131,68093.078,0.17554107,0.042245559,0.131
0.17205401,0.040316738,0.131,69180.836,0.17205401,0.040316734,0.131
0.16856694,0.03838791,0.131,70031.719,0.16856694,0.03838791,0.131
0.16507988,0.036459088,0.131,70653.539,0.16507988,0.036459085,0.131
0.16159281,0.03453026,0.131,71081.922,0.16159281,0.03453026,0.131
0.15810576,0.032601438,0.131,71378.289,0.15810576,0.032601435,0.131
0.15486297,0.030672612,0.131,71576.43,0.15486296,0.03067261,0.131
0.15211432,0.028743785,0.131,71687.695,0.15211432,0.028743785,0.131
0.14969815,0.02681496,0.131,71705.75,0.14969814,0.02681496,0.131
0.14736459,0.024886135,0.131,71582.43,0.14736457,0.024886135,0.131
0.14503101,0.02295731,0.131,71244.789,0.14503101,0.02295731,0.131
0.14269745,0.021106582,0.131,70705.547,0.14269744,0.021106582,0.131
0.14036389,0.019414525,0.131,70088.617,0.14036389,0.019414525,0.131
0.13803032,0.017876294,0.131,69536.258,0.13803032,0.017876294,0.131
0.13569674,0.0164779,0.131,69135.695,0.13569675,0.0164779,0.131
0.13336319,0.015206633,0.131,68890.008,0.13336319,0.015206633,0.131
0.13102962,0.014050936,0.131,68750.211,0.13102962,0.014050935,0.131
0.12869605,0.013000302,0.131,68661.086,0.12869605,0.013000302,0.131
0.25225648,0.086608537,0.131,35803.543,0.25225648,0.086608537,0.131
0.2487694,0.084679708,0.131,36710.707,0.2487694,0.084679715,0.131
0.24528234,0.082750887,0.131,37676.629,0.24528234,0.082750887,0.131
0.24179527,0.080822065,0.131,38707.664,0.24179527,0.080822065,0.131
0.23830822,0.078893237,0.131,39809.953,0.23830822,0.078893237,0.131
0.23482114,0.076964408,0.131,40988.016,0.23482116,0.076964416,0.131
0.23133408,0.075035587,0.131,42244.16,0.23133409,0.075035587,0.131
0.22784702,0.073106766,0.131,43575.762,0.22784702,0.073106766,0.131
0.22435996,0.071177937,0.131,44979.895,0.22435996,0.071177937,0.131
0.22087291,0.069249108,0.131,46453.508,0.22087289,0.069249116,0.131
0.21738583,0.067320287,0.131,47995.41,0.21738583,0.067320287,0.131
0.21389876,0.065391466,0.131,49603.48,0.21389876,0.065391459,0.131
0.21041171,0.063462637,0.131,51272.371,0.21041171,0.063462637,0.131
0.20692465,0.061533809,0.131,52993.453,0.20692465,0.061533812,0.131
0.20343757,0.059604988,0.131,54756.852,0.20343758,0.059604988,0.131
0.19995052,0.057676159,0.131,56553.379,0.19995052,0.057676163,0.131
0.19646345,0.055747338,0.131,58372.469,0.19646345,0.055747338,0.131
0.1929764,0.053818509,0.131,60198.703,0.19297639,0.053818513,0.131
0.18948933,0.051889684,0.131,62007.668,0.18948932,0.051889688,0.131
0.18600225,0.049960859,0.131,63763.824,0.18600227,0.049960863,0.131
0.18251519,0.048032038,0.131,65421.312,0.1825152,0.048032038,0.131
0.17902812,0.046103209,0.131,66931.312,0.17902814,0.046103213,0.131
0.17554107,0.044174388,0.131,68249.148,0.17554107,0.044174388,0.131
0.17205401,0.042245559,0.131,69342.062,0.17205401,0.042245559,0.131
0.16856694,0.040316738,0.131,70198.102,0.16856694,0.040316734,0.131
0.16507988,0.03838791,0.131,70829.859,0.16507988,0.03838791,0.131
0.16159281,0.036459088,0.131,71272.523,0.16159281,0.036459085,0.131
0.15810576,0.03453026,0.131,71582.273,0.15810576,0.03453026,0.131
0.15486297,0.032601438,0.131,71789.359,0.15486296,0.032601435,0.131
0.15211432,0.030672612,0.131,71914.961,0.15211432,0.03067261,0.131
0.14969815,0.028743785,0.131,71967.875,0.14969814,0.028743785,0.131
0.14736459,0.02681496,0.131,71916.492,0.14736457,0.02681496,0.131
0.14503101,0.024886135,0.131,71679.539,0.14503101,0.024886135,0.131
0.14269745,0.02295731,0.131,71204.445,0.14269744,0.02295731,0.131
0.14036389,0.021106582,0.131,70566.555,0.14036389,0.021106582,0.131
0.13803032,0.019414525,0.131,69934.273,0.13803032,0.019414525,0.131
0.13569674,0.017876294,0.131,69437.016,0.13569675,0.017876294,0.131
0.13336319,0.0164779,0.131,69112.891,0.13336319,0.0164779,0.131
0.13102962,0.015206633,0.131,68923.578,0.13102962,0.015206633,0.131
0.12869605,0.014050936,0.131,68806.984,0.12869605,0.014050935,0.131
0.12636247,0.013000302,0.131,68714.484,0.12636249,0.013000302,0.131
0.25225648,0.088537365,0.131,35867.754,0.25225648,0.088537365,0.131
0.2487694,0.086608537,0.131,36766.762,0.2487694,0.086608537,0.131
0.24528234,0.084679708,0.131,37724.34,0.24528234,0.084679715,0.131
0.24179527,0.082750887,0.131,38744.887,0.24179527,0.082750887,0.131
0.23830822,0.080822065,0.131,39834.391,0.23830822,0.080822065,0.131
0.23482114,0.078893237,0.131,40998.805,0.23482116,0.078893237,0.131
0.23133408,0.076964408,0.131,42242.777,0.23133409,0.076964416,0.131
0.22784702,0.075035587,0.131,43565.516,0.22784702,0.075035587,0.131
0.22435996,0.073106766,0.131,44964.359,0.22435996,0.073106766,0.131
0.22087291,0.071177937,0.131,46435.664,0.22087289,0.071177937,0.131
0.21738583,0.069249108,0.131,47977.199,0.21738583,0.069249116,0.131
0.21389876,0.067320287,0.131,49587.809,0.21389876,0.067320287,0.131
0.21041171,0.065391466,0.131,51262.703,0.21041171,0.065391459,0.131
0.20692465,0.063462637,0.131,52994.305,0.20692465,0.063462637,0.131
0.20343757,0.061533809,0.131,54772.27,0.20343758,0.061533812,0.131
0.19995052,0.059604988,0.131,56586.609,0.19995052,0.059604988,0.131
0.19646345,0.057676159,0.131,58424.805,0.19646345,0.057676163,0.131
0.1929764,0.055747338,0.131,60270.848,0.19297639,0.055747338,0.131
0.18948933,0.053818509,0.131,62100.539,0.18948932,0.053818513,0.131
0.18600225,0.051889684,0.131,63878.266,0.18600227,0.051889688,0.131
0.18251519,0.049960859,0.131,65556.742,0.1825152,0.049960863,0.131
0.17902812,0.048032038,0.131,67082.766,0.17902814,0.048032038,0.131
0.17554107,0.046103209,0.131,68410.133,0.17554107,0.046103213,0.131
0.17205401,0.044174388,0.131,69506.109,0.17205401,0.044174388,0.131
0.16856694,0.042245559,0.131,70363.844,0.16856694,0.042245559,0.131
0.16507988,0.040316738,0.131,70999.82,0.16507988,0.040316734,0.131
0.16159281,0.03838791,0.131,71453.516,0.16159281,0.03838791,0.131
0.15810576,0.036459088,0.131,71776.688,0.15810576,0.036459085,0.131
0.15486297,0.03453026,0.131,71994.211,0.15486296,0.03453026,0.131
0.15211432,0.032601438,0.131,72131.633,0.15211432,0.032601435,0.131
0.14969815,0.030672612,0.131,72208.844,0.14969814,0.03067261,0.131
0.14736459,0.028743785,0.131,72212.969,0.14736457,0.028743785,0.131
0.14503101,0.02681496,0.131,72068.781,0.14503101,0.02681496,0.131
0.14269745,0.024886135,0.131,71694.844,0.14269744,0.024886135,0.131
0.14036389,0.02295731,0.131,71091.789,0.14036389,0.02295731,0.131
0.13803032,0.021106582,0.131,70398.508,0.13803032,0.021106582,0.131
0.13569674,0.019414525,0.131,69798.672,0.13569675,0.019414525,0.131
0.13336319,0.017876294,0.131,69379.328,0.13336319,0.017876294,0.131
0.13102962,0.0164779,0.131,69125.312,0.13102962,0.0164779,0.131
0.12869605,0.015206633,0.131,68972.453,0.12869605,0.015206633,0.131
0.12636247,0.014050936,0.131,68860.25,0.12636249,0.014050935,0.131
0.12402891,0.013000302,0.131,68752.383,0.12402892,0.013000302,0.131
0.25225648,0.090466186,0.131,35941.219,0.25225648,0.090466186,0.131
0.2487694,0.088537365,0.131,36830.988,0.2487694,0.088537365,0.131
0.24528234,0.086608537,0.131,37780.641,0.24528234,0.086608537,0.131
0.24179527,0.084679708,0.131,38792.234,0.24179527,0.084679715,0.131
0.23830822,0.082750887,0.131,39870.281,0.23830822,0.082750887,0.131
0.23482114,0.080822065,0.131,41021.344,0.23482116,0.080822065,0.131
0.23133408,0.078893237,0.131,42252.113,0.23133409,0.078893237,0.131
0.22784702,0.076964408,0.131,43564.156,0.22784702,0.076964416,0.131
0.22435996,0.075035587,0.131,44956.152,0.22435996,0.075035587,0.131
0.22087291,0.073106766,0.131,46424.141,0.22087289,0.073106766,0.131
0.21738583,0.071177937,0.131,47965.172,0.21738583,0.071177937,0.131
0.21389876,0.069249108,0.131,49577.172,0.21389876,0.069249116,0.131
0.21041171,0.067320287,0.131,51256.758,0.21041171,0.067320287,0.131
0.20692465,0.065391466,0.131,52996.93,0.20692465,0.065391459,0.131
0.20343757,0.063462637,0.131,54788.02,0.20343758,0.063462637,0.131
0.19995052,0.061533809,0.131,56619.004,0.19995052,0.061533812,0.131
0.19646345,0.059604988,0.131,58476.426,0.19646345,0.059604988,0.131
0.1929764,0.057676159,0.131,60342.555,0.19297639,0.057676163,0.131
0.18948933,0.055747338,0.131,62193.078,0.18948932,0.055747338,0.131
0.18600225,0.053818509,0.131,63992.395,0.18600227,0.053818513,0.131
0.18251519,0.051889684,0.131,65692.062,0.1825152,0.051889688,0.131
0.17902812,0.049960859,0.131,67235.93,0.17902814,0.049960863,0.131
0.17554107,0.048032038,0.131,68573.234,0.17554107,0.048032038,0.131
0.17205401,0.046103209,0.131,69671.961,0.17205401,0.046103213,0.131
0.16856694,0.044174388,0.131,70527.891,0.16856694,0.044174388,0.131
0.16507988,0.042245559,0.131,71163.898,0.16507988,0.042245559,0.131
0.16159281,0.040316738,0.131,71623.406,0.16159281,0.040316734,0.131
0.15810576,0.03838791,0.131,71959.281,0.15810576,0.03838791,0.131
0.15486297,0.036459088,0.131,72188.414,0.15486296,0.036459085,0.131
0.15211432,0.03453026,0.131,72337.859,0.15211432,0.03453026,0.131
0.14969815,0.032601438,0.131,72433.203,0.14969814,0.032601435,0.131
0.14736459,0.030672612,0.131,72477.703,0.14736457,0.03067261,0.131
0.14503101,0.028743785,0.131,72412.516,0.14503101,0.028743785,0.131
0.14269745,0.02681496,0.131,72143.414,0.14269744,0.02681496,0.131
0.14036389,0.024886135,0.131,71625.656,0.14036389,0.024886135,0.131
0.13803032,0.02295731,0.131,70926.117,0.13803032,0.02295731,0.131
0.13569674,0.021106582,0.131,70230.336,0.13569675,0.021106582,0.131
0.13336319,0.019414525,0.131,69700.141,0.13336319,0.019414527,0.131
0.13102962,0.017876294,0.131,69362.648,0.13102962,0.017876294,0.131
0.12869605,0.0164779,0.131,69160.938,0.12869605,0.0164779,0.131
0.12636247,0.015206633,0.131,69023.242,0.12636249,0.015206633,0.131
0.12402891,0.014050936,0.131,68900.57,0.12402892,0.014050935,0.131
0.12169535,0.013000302,0.131,68770.117,0.12169535,0.013000302,0.131
0.25225648,0.092395008,0.131,36024.812,0.25225648,0.092395015,0.131
0.2487694,0.090466186,0.131,36903.469,0.2487694,0.090466186,0.131
0.24528234,0.088537365,0.131,37844.547,0.24528234,0.088537365,0.131
0.24179527,0.086608537,0.131,38848.031,0.24179527,0.086608537,0.131
0.23830822,0.084679708,0.131,39916.238,0.23830822,0.084679715,0.131
0.23482114,0.082750887,0.131,41054.816,0.23482116,0.082750887,0.131
0.23133408,0.080822065,0.131,42271.961,0.23133409,0.080822065,0.131
0.22784702,0.078893237,0.131,43571.684,0.22784702,0.078893237,0.131
0.22435996,0.076964408,0.131,44954.773,0.22435996,0.076964416,0.131
0.22087291,0.075035587,0.131,46418.012,0.22087289,0.075035587,0.131
0.21738583,0.073106766,0.131,47957.664,0.21738583,0.073106766,0.131
0.21389876,0.071177937,0.131,49570.938,0.21389876,0.071177937,0.131
0.21041171,0.069249108,0.131,51253.812,0.21041171,0.069249116,0.131
0.20692465,0.067320287,0.131,53001.105,0.20692465,0.067320287,0.131
0.20343757,0.065391466,0.131,54803.484,0.20343758,0.065391459,0.131
0.19995052,0.063462637,0.131,56650.094,0.19995052,0.063462637,0.131
0.19646345,0.061533809,0.131,58526.012,0.19646345,0.061533812,0.131
0.1929764,0.059604988,0.131,60412.52,0.19297639,0.059604988,0.131
0.18948933,0.057676159,0.131,62284.074,0.18948932,0.057676163,0.131
0.18600225,0.055747338,0.131,64104.93,0.18600227,0.055747338,0.131
0.18251519,0.053818509,0.131,65825.891,0.1825152,0.053818513,0.131
0.17902812,0.051889684,0.131,67388.086,0.17902814,0.051889688,0.131
0.17554107,0.049960859,0.131,68737.031,0.17554107,0.049960863,0.131
0.17205401,0.048032038,0.131,69837.977,0.17205401,0.048032038,0.131
0.16856694,0.046103209,0.131,70690.5,0.16856694,0.046103213,0.131
0.16507988,0.044174388,0.131,71321.789,0.16507988,0.044174388,0.131
0.16159281,0.042245559,0.131,71782.477,0.16159281,0.042245559,0.131
0.15810576,0.040316738,0.131,72127.539,0.15810576,0.040316734,0.131
0.15486297,0.03838791,0.131,72369.867,0.15486296,0.03838791,0.131
0.15211432,0.036459088,0.131,72531.844,0.15211432,0.036459085,0.131
0.14969815,0.03453026,0.131,72643.43,0.14969814,0.03453026,0.131
0.14736459,0.032601438,0.131,72716.836,0.14736457,0.032601435,0.131
0.14503101,0.030672612,0.131,72714.117,0.14503101,0.03067261,0.131
0.14269745,0.028743785,0.131,72544.109,0.14269744,0.028743785,0.131
0.14036389,0.02681496,0.131,72129.148,0.14036389,0.02681496,0.131
0.13803032,0.024886135,0.131,71482.438,0.13803032,0.024886135,0.131
0.13569674,0.02295731,0.131,70736.273,0.13569675,0.02295731,0.131
0.13336319,0.021106582,0.131,70088.0,0.13336319,0.021106582,0.131
0.13102962,0.019414525,0.131,69645.57,0.13102962,0.019414527,0.131
0.12869605,0.017876294,0.131,69377.68,0.12869605,0.017876294,0.131
0.12636247,0.0164779,0.131,69205.5,0.12636249,0.0164779,0.131
0.12402891,0.015206633,0.131,69064.766,0.12402892,0.015206633,0.131
0.12169535,0.014050936,0.131,68922.164,0.12169535,0.014050935,0.131
0.11936179,0.013000302,0.131,68766.453,0.11936179,0.013000302,0.131
0.25225648,0.094323844,0.131,36119.566,0.25225648,0.094323836,0.131
0.2487694,0.092395008,0.131,36984.945,0.2487694,0.092395015,0.131
0.24528234,0.090466186,0.131,37915.855,0.24528234,0.090466186,0.131
0.24179527,0.088537365,0.131,38911.078,0.24179527,0.088537365,0.131
0.23830822,0.086608537,0.131,39970.633,0.23830822,0.086608537,0.131
0.23482114,0.084679708,0.131,41098.242,0.23482116,0.084679715,0.131
0.23133408,0.082750887,0.131,42301.965,0.23133409,0.082750887,0.131
0.22784702,0.080822065,0.131,43588.207,0.22784702,0.080822065,0.131
0.22435996,0.078893237,0.131,44960.246,0.22435996,0.078893237,0.131
0.22087291,0.076964408,0.131,46416.578,0.22087289,0.076964416,0.131
0.21738583,0.075035587,0.131,47953.559,0.21738583,0.075035587,0.131
0.21389876,0.073106766,0.131,49567.277,0.21389876,0.073106766,0.131
0.21041171,0.071177937,0.131,51253.207,0.21041171,0.071177937,0.131
0.20692465,0.069249108,0.131,53005.859,0.20692465,0.069249116,0.131
0.20343757,0.067320287,0.131,54818.027,0.20343758,0.067320287,0.131
0.19995052,0.065391466,0.131,56678.652,0.19995052,0.065391459,0.131
0.19646345,0.063462637,0.131,58572.523,0.19646345,0.063462637,0.131
0.1929764,0.061533809,0.131,60479.055,0.19297639,0.061533812,0.131
0.18948933,0.059604988,0.131,62371.996,0.18948932,0.059604988,0.131
0.18600225,0.057676159,0.131,64214.582,0.18600227,0.057676163,0.131
0.18251519,0.055747338,0.131,65956.938,0.1825152,0.055747338,0.131
0.17902812,0.053818509,0.131,67537.906,0.17902814,0.053818513,0.131
0.17554107,0.051889684,0.131,68899.266,0.17554107,0.051889688,0.131
0.17205401,0.049960859,0.131,70003.703,0.17205401,0.049960863,0.131
0.16856694,0.048032038,0.131,70851.156,0.16856694,0.048032038,0.131
0.16507988,0.046103209,0.131,71474.672,0.16507988,0.046103213,0.131
0.16159281,0.044174388,0.131,71930.547,0.16159281,0.044174388,0.131
0.15810576,0.042245559,0.131,72281.016,0.15810576,0.042245559,0.131
0.15486297,0.040316738,0.131,72535.859,0.15486296,0.040316734,0.131
0.15211432,0.03838791,0.131,72711.742,0.15211432,0.03838791,0.131
0.14969815,0.036459088,0.131,72839.047,0.14969814,0.036459085,0.131
0.14736459,0.03453026,0.131,72935.633,0.14736457,0.03453026,0.131
0.14503101,0.032601438,0.131,72979.172,0.14503101,0.032601435,0.131
0.14269745,0.030672612,0.131,72895.43,0.14269744,0.03067261,0.131
0.14036389,0.028743785,0.131,72589.555,0.14036389,0.028743785,0.131
0.13803032,0.02681496,0.131,72026.555,0.13803032,0.02681496,0.131
0.13569674,0.024886135,0.131,71288.828,0.13569675,0.024886135,0.131
0.13336319,0.02295731,0.131,70552.922,0.13336319,0.02295731,0.131
0.13102962,0.021106582,0.131,69987.281,0.13102962,0.021106582,0.131
0.12869605,0.019414525,0.131,69630.633,0.12869605,0.019414527,0.131
0.12636247,0.017876294,0.131,69410.328,0.12636249,0.017876294,0.131
0.12402891,0.0164779,0.131,69246.039,0.12402892,0.0164779,0.131
0.12169535,0.015206633,0.131,69089.742,0.12169535,0.015206633,0.131
0.11936179,0.014050936,0.131,68923.031,0.11936179,0.014050935,0.131
0.11702822,0.013000302,0.131,68743.195,0.11702822,0.013000302,0.131
0.25225648,0.096252665,0.131,36226.246,0.25225648,0.096252665,0.131
0.2487694,0.094323844,0.131,37076.418,0.2487694,0.094323836,0.131
0.24528234,0.092395008,0.131,37995.043,0.24528234,0.092395015,0.131
0.24179527,0.090466186,0.131,38980.875,0.24179527,0.090466186,0.131
0.23830822,0.088537365,0.131,40032.168,0.23830822,0.088537365,0.131
0.23482114,0.086608537,0.131,41150.18,0.23482116,0.086608537,0.131
0.23133408,0.084679708,0.131,42341.68,0.23133409,0.084679715,0.131
0.22784702,0.082750887,0.131,43613.859,0.22784702,0.082750887,0.131
0.22435996,0.080822065,0.131,44972.973,0.22435996,0.080822065,0.131
0.22087291,0.078893237,0.131,46419.898,0.22087289,0.078893237,0.131
0.21738583,0.076964408,0.131,47952.051,0.21738583,0.076964416,0.131
0.21389876,0.075035587,0.131,49565.055,0.21389876,0.075035587,0.131
0.21041171,0.073106766,0.131,51253.137,0.21041171,0.073106766,0.131
0.20692465,0.071177937,0.131,53010.664,0.20692465,0.071177937,0.131
0.20343757,0.069249108,0.131,54830.477,0.20343758,0.069249116,0.131
0.19995052,0.067320287,0.131,56703.66,0.19995052,0.067320287,0.131
0.19646345,0.065391466,0.131,58614.223,0.19646345,0.065391459,0.131
0.1929764,0.063462637,0.131,60540.707,0.19297639,0.063462637,0.131
0.18948933,0.061533809,0.131,62454.902,0.18948932,0.061533812,0.131
0.18600225,0.059604988,0.131,64319.574,0.18600227,0.059604988,0.131
0.18251519,0.057676159,0.131,66083.727,0.1825152,0.057676163,0.131
0.17902812,0.055747338,0.131,67684.047,0.17902814,0.055747338,0.131
0.17554107,0.053818509,0.131,69058.672,0.17554107,0.053818513,0.131
0.17205401,0.051889684,0.131,70167.398,0.17205401,0.051889688,0.131
0.16856694,0.049960859,0.131,71010.164,0.16856694,0.049960863,0.131
0.16507988,0.048032038,0.131,71622.812,0.16507988,0.048032038,0.131
0.16159281,0.046103209,0.131,72069.375,0.16159281,0.046103213,0.131
0.15810576,0.044174388,0.131,72418.742,0.15810576,0.044174388,0.131
0.15486297,0.042245559,0.131,72685.242,0.15486296,0.042245559,0.131
0.15211432,0.040316738,0.131,72874.883,0.15211432,0.040316734,0.131
0.14969815,0.03838791,0.131,73018.773,0.14969814,0.03838791,0.131
0.14736459,0.036459088,0.131,73135.805,0.14736457,0.036459085,0.131
0.14503101,0.03453026,0.131,73214.57,0.14503101,0.03453026,0.131
0.14269745,0.032601438,0.131,73199.969,0.14269744,0.032601435,0.131
0.14036389,0.030672612,0.131,72999.156,0.14036389,0.03067261,0.131
0.13803032,0.028743785,0.131,72540.148,0.13803032,0.028743785,0.131
0.13569674,0.02681496,0.131,71850.398,0.13569675,0.02681496,0.131
0.13336319,0.024886135,0.131,71076.367,0.13336319,0.024886135,0.131
0.13102962,0.02295731,0.131,70400.75,0.13102962,0.02295731,0.131
0.12869605,0.021106582,0.131,69931.289,0.12869605,0.021106582,0.131
0.12636247,0.019414525,0.131,69643.195,0.12636249,0.019414527,0.131
0.12402891,0.017876294,0.131,69446.188,0.12402892,0.017876294,0.131
0.12169535,0.0164779,0.131,69273.359,0.12169535,0.0164779,0.131
0.11936179,0.015206633,0.131,69095.031,0.11936179,0.015206633,0.131
0.11702822,0.014050936,0.131,68904.477,0.11702822,0.014050935,0.131
0.11469465,0.013000302,0.131,68705.242,0.11469465,0.013000302,0.131
0.25225648,0.098181486,0.131,36344.965,0.25225648,0.098181486,0.131
0.2487694,0.096252665,0.131,37178.816,0.2487694,0.096252665,0.131
0.24528234,0.094323844,0.131,38082.941,0.24528234,0.094323836,0.131
0.24179527,0.092395008,0.131,39057.551,0.24179527,0.092395015,0.131
0.23830822,0.090466186,0.131,40100.031,0.23830822,0.090466186,0.131
0.23482114,0.088537365,0.131,41209.324,0.23482116,0.088537365,0.131
0.23133408,0.086608537,0.131,42389.984,0.23133409,0.086608537,0.131
0.22784702,0.084679708,0.131,43648.793,0.22784702,0.084679715,0.131
0.22435996,0.082750887,0.131,44993.543,0.22435996,0.082750887,0.131
0.22087291,0.080822065,0.131,46428.605,0.22087289,0.080822065,0.131
0.21738583,0.078893237,0.131,47953.234,0.21738583,0.078893237,0.131
0.21389876,0.076964408,0.131,49563.465,0.21389876,0.076964416,0.131
0.21041171,0.075035587,0.131,51252.617,0.21041171,0.075035587,0.131
0.20692465,0.073106766,0.131,53013.906,0.20692465,0.073106766,0.131
0.20343757,0.071177937,0.131,54840.531,0.20343758,0.071177937,0.131
0.19995052,0.069249108,0.131,56723.789,0.19995052,0.069249116,0.131
0.19646345,0.067320287,0.131,58649.777,0.19646345,0.067320287,0.131
0.1929764,0.065391466,0.131,60595.383,0.19297639,0.065391459,0.131
0.18948933,0.063462637,0.131,62531.094,0.18948932,0.063462637,0.131
0.18600225,0.061533809,0.131,64417.852,0.18600227,0.061533812,0.131
0.18251519,0.059604988,0.131,66204.188,0.1825152,0.059604988,0.131
0.17902812,0.057676159,0.131,67824.789,0.17902814,0.057676163,0.131
0.17554107,0.055747338,0.131,69213.844,0.17554107,0.055747338,0.131
0.17205401,0.053818509,0.131,70327.812,0.17205401,0.053818513,0.131
0.16856694,0.051889684,0.131,71166.227,0.16856694,0.051889688,0.131
0.16507988,0.049960859,0.131,71767.125,0.16507988,0.049960863,0.131
0.16159281,0.048032038,0.131,72199.781,0.16159281,0.048032038,0.131
0.15810576,0.046103209,0.131,72542.344,0.15810576,0.046103213,0.131
0.15486297,0.044174388,0.131,72815.664,0.15486296,0.044174388,0.131
0.15211432,0.042245559,0.131,73019.953,0.15211432,0.042245559,0.131
0.14969815,0.040316738,0.131,73180.148,0.14969814,0.040316734,0.131
0.14736459,0.03838791,0.131,73317.531,0.14736457,0.03838791,0.131
0.14503101,0.036459088,0.131,73424.453,0.14503101,0.036459085,0.131
0.14269745,0.03453026,0.131,73463.781,0.14269744,0.03453026,0.131
0.14036389,0.032601438,0.131,73355.523,0.14036389,0.032601435,0.131
0.13803032,0.030672612,0.131,73008.93,0.13803032,0.03067261,0.131
0.13569674,0.028743785,0.131,72400.391,0.13569675,0.028743785,0.131
0.13336319,0.02681496,0.131,71627.852,0.13336319,0.02681496,0.131
0.13102962,0.024886135,0.131,70875.688,0.13102962,0.024886135,0.131
0.12869605,0.02295731,0.131,70292.555,0.12869605,0.02295731,0.131
0.12636247,0.021106582,0.131,69912.633,0.12636249,0.021106582,0.131
0.12402891,0.019414525,0.131,69668.422,0.12402892,0.019414527,0.131
0.12169535,0.017876294,0.131,69473.898,0.12169535,0.017876294,0.131
0.11936179,0.0164779,0.131,69282.711,0.11936179,0.0164779,0.131
0.11702822,0.015206633,0.131,69081.195,0.11702822,0.015206633,0.131
0.11469465,0.014050936,0.131,68871.375,0.11469465,0.014050935,0.131
0.11236109,0.013000302,0.131,68660.164,0.11236109,0.013000302,0.131
0.25225648,0.10011031,0.131,36474.859,0.25225648,0.10011031,0.131
0.2487694,0.098181486,0.131,37292.59,0.2487694,0.098181486,0.131
0.24528234,0.096252665,0.131,38180.445,0.24528234,0.096252665,0.131
0.24179527,0.094323844,0.131,39141.637,0.24179527,0.094323836,0.131
0.23830822,0.092395008,0.131,40173.957,0.23830822,0.092395015,0.131
0.23482114,0.090466186,0.131,41274.605,0.23482116,0.090466186,0.131
0.23133408,0.088537365,0.131,42445.66,0.23133409,0.088537365,0.131
0.22784702,0.086608537,0.131,43692.27,0.22784702,0.086608537,0.131
0.22435996,0.084679708,0.131,45022.699,0.22435996,0.084679715,0.131
0.22087291,0.082750887,0.131,46443.637,0.22087289,0.082750887,0.131
0.21738583,0.080822065,0.131,47957.871,0.21738583,0.080822065,0.131
0.21389876,0.078893237,0.131,49562.625,0.21389876,0.078893237,0.131
0.21041171,0.076964408,0.131,51250.934,0.21041171,0.076964416,0.131
0.20692465,0.075035587,0.131,53014.898,0.20692465,0.075035587,0.131
0.20343757,0.073106766,0.131,54846.879,0.20343758,0.073106766,0.131
0.19995052,0.071177937,0.131,56739.02,0.19995052,0.071177937,0.131
0.19646345,0.069249108,0.131,58677.715,0.19646345,0.069249116,0.131
0.1929764,0.067320287,0.131,60641.52,0.19297639,0.067320287,0.131
0.18948933,0.065391466,0.131,62598.32,0.18948932,0.065391459,0.131
0.18600225,0.063462637,0.131,64507.594,0.18600227,0.063462637,0.131
0.18251519,0.061533809,0.131,66316.164,0.1825152,0.061533812,0.131
0.17902812,0.059604988,0.131,67957.703,0.17902814,0.059604988,0.131
0.17554107,0.057676159,0.131,69362.836,0.17554107,0.057676163,0.131
0.17205401,0.055747338,0.131,70483.555,0.17205401,0.055747338,0.131
0.16856694,0.053818509,0.131,71318.125,0.16856694,0.053818513,0.131
0.16507988,0.051889684,0.131,71906.828,0.16507988,0.051889688,0.131
0.16159281,0.049960859,0.131,72323.492,0.16159281,0.049960863,0.131
0.15810576,0.048032038,0.131,72652.766,0.15810576,0.048032038,0.131
0.15486297,0.046103209,0.131,72927.383,0.15486296,0.046103213,0.131
0.15211432,0.044174388,0.131,73144.453,0.15211432,0.044174388,0.131
0.14969815,0.042245559,0.131,73322.094,0.14969814,0.042245559,0.131
0.14736459,0.040316738,0.131,73479.008,0.14736457,0.040316734,0.131
0.14503101,0.03838791,0.131,73611.781,0.14503101,0.03838791,0.131
0.14269745,0.036459088,0.131,73692.492,0.14269744,0.036459085,0.131
0.14036389,0.03453026,0.131,73661.445,0.14036389,0.03453026,0.131
0.13803032,0.032601438,0.131,73424.336,0.13803032,0.032601435,0.131
0.13569674,0.030672612,0.131,72919.688,0.13569675,0.03067261,0.131
0.13336319,0.028743785,0.131,72188.977,0.13336319,0.028743785,0.131
0.13102962,0.02681496,0.131,71391.328,0.13102962,0.02681496,0.131
0.12869605,0.024886135,0.131,70709.609,0.12869605,0.024886135,0.131
0.12636247,0.02295731,0.131,70228.914,0.12636249,0.02295731,0.131
0.12402891,0.021106582,0.131,69918.0,0.12402892,0.021106582,0.131
0.12169535,0.019414525,0.131,69692.922,0.12169535,0.019414527,0.131
0.11936179,0.017876294,0.131,69486.555,0.11936179,0.017876294,0.131
0.11702822,0.0164779,0.131,69273.594,0.11702822,0.0164779,0.131
0.11469465,0.015206633,0.131,69053.016,0.11469465,0.015206633,0.131
0.11236109,0.014050936,0.131,68832.172,0.11236109,0.014050935,0.131
0.11002752,0.013000302,0.131,68614.133,0.11002752,0.013000302,0.131
0.25225648,0.10203914,0.131,36614.016,0.25225648,0.10203914,0.131
0.2487694,0.10011031,0.131,37417.359,0.2487694,0.10011031,0.131
0.24528234,0.098181486,0.131,38288.16,0.24528234,0.098181486,0.131
0.24179527,0.096252665,0.131,39233.836,0.24179527,0.096252665,0.131
0.23830822,0.094323844,0.131,40254.066,0.23830822,0.094323836,0.131
0.23482114,0.092395008,0.131,41345.309,0.23482116,0.092395015,0.131
0.23133408,0.090466186,0.131,42507.434,0.23133409,0.090466186,0.131
0.22784702,0.088537365,0.131,43743.277,0.22784702,0.088537365,0.131
0.22435996,0.086608537,0.131,45060.105,0.22435996,0.086608537,0.131
0.22087291,0.084679708,0.131,46466.23,0.22087289,0.084679715,0.131
0.21738583,0.082750887,0.131,47967.102,0.21738583,0.082750887,0.131
0.21389876,0.080822065,0.131,49563.305,0.21389876,0.080822065,0.131
0.21041171,0.078893237,0.131,51248.211,0.21041171,0.078893237,0.131
0.20692465,0.076964408,0.131,53013.098,0.20692465,0.076964416,0.131
0.20343757,0.075035587,0.131,54849.234,0.20343758,0.075035587,0.131
0.19995052,0.073106766,0.131,56748.371,0.19995052,0.073106766,0.131
0.19646345,0.071177937,0.131,58698.262,0.19646345,0.071177937,0.131
0.1929764,0.069249108,0.131,60677.496,0.19297639,0.069249116,0.131
0.18948933,0.067320287,0.131,62654.938,0.18948932,0.067320287,0.131
0.18600225,0.065391466,0.131,64586.617,0.18600227,0.065391459,0.131
0.18251519,0.063462637,0.131,66417.828,0.1825152,0.063462637,0.131
0.17902812,0.061533809,0.131,68080.547,0.17902814,0.061533812,0.131
0.17554107,0.059604988,0.131,69502.906,0.17554107,0.059604988,0.131
0.17205401,0.057676159,0.131,70632.656,0.17205401,0.057676163,0.131
0.16856694,0.055747338,0.131,71464.68,0.16856694,0.055747338,0.131
0.16507988,0.053818509,0.131,72040.875,0.16507988,0.053818513,0.131
0.16159281,0.051889684,0.131,72440.523,0.16159281,0.051889688,0.131
0.15810576,0.049960859,0.131,72752.758,0.15810576,0.049960863,0.131
0.15486297,0.048032038,0.131,73021.023,0.15486296,0.048032038,0.131
0.15211432,0.046103209,0.131,73248.008,0.15211432,0.046103213,0.131
0.14969815,0.044174388,0.131,73442.258,0.14969814,0.044174388,0.131
0.14736459,0.042245559,0.131,73619.594,0.14736457,0.042245559,0.131
0.14503101,0.040316738,0.131,73776.328,0.14503101,0.040316734,0.131
0.14269745,0.03838791,0.131,73891.43,0.14269744,0.03838791,0.131
0.14036389,0.036459088,0.131,73921.812,0.14036389,0.036459085,0.131
0.13803032,0.03453026,0.131,73784.195,0.13803032,0.03453026,0.131
0.13569674,0.032601438,0.131,73393.375,0.13569675,0.032601435,0.131
0.13336319,0.030672612,0.131,72739.836,0.13336319,0.03067261,0.131
0.13102962,0.028743785,0.131,71935.383,0.13102962,0.028743785,0.131
0.12869605,0.02681496,0.131,71170.898,0.12869605,0.02681496,0.131
0.12636247,0.024886135,0.131,70589.273,0.12636249,0.024886135,0.131
0.12402891,0.02295731,0.131,70201.289,0.12402892,0.02295731,0.131
0.12169535,0.021106582,0.131,69932.922,0.12169535,0.021106582,0.131
0.11936179,0.019414525,0.131,69707.188,0.11936179,0.019414527,0.131
0.11702822,0.017876294,0.131,69482.047,0.11702822,0.017876294,0.131
0.11469465,0.0164779,0.131,69250.484,0.11469465,0.0164779,0.131
0.11236109,0.015206633,0.131,69019.789,0.11236109,0.015206633,0.131
0.11002752,0.014050936,0.131,68794.328,0.11002752,0.014050935,0.131
0.10769396,0.013000302,0.131,68566.125,0.10769396,0.013000302,0.131
0.25225648,0.10396796,0.131,36759.73,0.25225648,0.10396796,0.131
0.2487694,0.10203914,0.131,37551.801,0.2487694,0.10203914,0.131
0.24528234,0.10011031,0.131,38406.09,0.24528234,0.10011031,0.131
0.24179527,0.098181486,0.131,39334.77,0.24179527,0.098181486,0.131
0.23830822,0.096252665,0.131,40340.746,0.23830822,0.096252665,0.131
0.23482114,0.094323844,0.131,41421.078,0.23482116,0.094323836,0.131
0.23133408,0.092395008,0.131,42574.16,0.23133409,0.092395015,0.131
0.22784702,0.090466186,0.131,43800.418,0.22784702,0.090466186,0.131
0.22435996,0.088537365,0.131,45105.047,0.22435996,0.088537365,0.131
0.22087291,0.086608537,0.131,46496.43,0.22087289,0.086608537,0.131
0.21738583,0.084679708,0.131,47982.516,0.21738583,0.084679715,0.131
0.21389876,0.082750887,0.131,49566.672,0.21389876,0.082750887,0.131
0.21041171,0.080822065,0.131,51245.125,0.21041171,0.080822065,0.131
0.20692465,0.078893237,0.131,53008.625,0.20692465,0.078893237,0.131
0.20343757,0.076964408,0.131,54847.266,0.20343758,0.076964416,0.131
0.19995052,0.075035587,0.131,56751.984,0.19995052,0.075035587,0.131
0.19646345,0.073106766,0.131,58710.723,0.19646345,0.073106766,0.131
0.1929764,0.071177937,0.131,60703.691,0.19297639,0.071177937,0.131
0.18948933,0.069249108,0.131,62699.195,0.18948932,0.069249116,0.131
0.18600225,0.067320287,0.131,64653.324,0.18600227,0.067320287,0.131
0.18251519,0.065391466,0.131,66507.219,0.1825152,0.065391459,0.131
0.17902812,0.063462637,0.131,68191.461,0.17902814,0.063462637,0.131
0.17554107,0.061533809,0.131,69631.805,0.17554107,0.061533812,0.131
0.17205401,0.059604988,0.131,70772.25,0.17205401,0.059604988,0.131
0.16856694,0.057676159,0.131,71604.203,0.16856694,0.057676163,0.131
0.16507988,0.055747338,0.131,72168.727,0.16507988,0.055747338,0.131
0.16159281,0.053818509,0.131,72550.25,0.16159281,0.053818513,0.131
0.15810576,0.051889684,0.131,72843.602,0.15810576,0.051889688,0.131
0.15486297,0.049960859,0.131,73099.734,0.15486296,0.049960863,0.131
0.15211432,0.048032038,0.131,73330.898,0.15211432,0.048032038,0.131
0.14969815,0.046103209,0.131,73540.203,0.14969814,0.046103213,0.131
0.14736459,0.044174388,0.131,73737.242,0.14736457,0.044174388,0.131
0.14503101,0.042245559,0.131,73918.375,0.14503101,0.042245559,0.131
0.14269745,0.040316738,0.131,74063.805,0.14269744,0.040316734,0.131
0.14036389,0.03838791,0.131,74143.062,0.14036389,0.03838791,0.131
0.13803032,0.036459088,0.131,74090.328,0.13803032,0.036459085,0.131
0.13569674,0.03453026,0.131,73813.391,0.13569675,0.03453026,0.131
0.13336319,0.032601438,0.131,73261.273,0.13336319,0.032601435,0.131
0.13102962,0.030672612,0.131,72491.031,0.13102962,0.030672612,0.131
0.12869605,0.028743785,0.131,71672.281,0.12869605,0.028743785,0.131
0.12636247,0.02681496,0.131,70988.617,0.12636249,0.02681496,0.131
0.12402891,0.024886135,0.131,70514.562,0.12402892,0.024886135,0.131
0.12169535,0.02295731,0.131,70196.352,0.12169535,0.02295731,0.131
0.11936179,0.021106582,0.131,69945.227,0.11936179,0.021106582,0.131
0.11702822,0.019414525,0.131,69706.844,0.11702822,0.019414527,0.131
0.11469465,0.017876294,0.131,69464.25,0.11469465,0.017876294,0.131
0.11236109,0.0164779,0.131,69223.406,0.11236109,0.0164779,0.131
0.11002752,0.015206633,0.131,68990.305,0.11002752,0.015206633,0.131
0.10769396,0.014050936,0.131,68757.328,0.10769396,0.014050935,0.131
0.10536039,0.013000302,0.131,68508.188,0.10536039,0.013000302,0.131
0.25225648,0.10589679,0.131,36909.102,0.25225648,0.10589679,0.131
0.2487694,0.10396796,0.131,37693.73,0.2487694,0.10396796,0.131
0.24528234,0.10203914,0.131,38533.469,0.24528234,0.10203914,0.131
0.24179527,0.10011031,0.131,39444.648,0.24179527,0.10011031,0.131
0.23830822,0.098181486,0.131,40434.469,0.23830822,0.098181486,0.131
0.23482114,0.096252665,0.131,41501.891,0.23482116,0.096252665,0.131
0.23133408,0.094323844,0.131,42644.977,0.23133409,0.094323836,0.131
0.22784702,0.092395008,0.131,43862.191,0.22784702,0.092395015,0.131
0.22435996,0.090466186,0.131,45156.117,0.22435996,0.090466186,0.131
0.22087291,0.088537365,0.131,46533.852,0.22087289,0.088537365,0.131
0.21738583,0.086608537,0.131,48004.426,0.21738583,0.086608537,0.131
0.21389876,0.084679708,0.131,49574.496,0.21389876,0.084679715,0.131
0.21041171,0.082750887,0.131,51242.684,0.21041171,0.082750887,0.131
0.20692465,0.080822065,0.131,53001.961,0.20692465,0.080822065,0.131
0.20343757,0.078893237,0.131,54841.09,0.20343758,0.078893237,0.131
0.19995052,0.076964408,0.131,56749.773,0.19995052,0.076964416,0.131
0.19646345,0.075035587,0.131,58715.602,0.19646345,0.075035587,0.131
0.1929764,0.073106766,0.131,60719.57,0.19297639,0.073106766,0.131
0.18948933,0.071177937,0.131,62731.492,0.18948932,0.071177937,0.131
0.18600225,0.069249108,0.131,64705.855,0.18600227,0.069249116,0.131
0.18251519,0.067320287,0.131,66582.898,0.1825152,0.067320287,0.131
0.17902812,0.065391466,0.131,68288.742,0.17902814,0.065391459,0.131
0.17554107,0.063462637,0.131,69747.555,0.17554107,0.063462637,0.131
0.17205401,0.061533809,0.131,70900.266,0.17205401,0.061533812,0.131
0.16856694,0.059604988,0.131,71734.078,0.16856694,0.059604988,0.131
0.16507988,0.057676159,0.131,72289.352,0.16507988,0.057676163,0.131
0.16159281,0.055747338,0.131,72652.977,0.16159281,0.055747338,0.131
0.15810576,0.053818509,0.131,72925.984,0.15810576,0.053818513,0.131
0.15486297,0.051889684,0.131,73166.234,0.15486296,0.051889688,0.131
0.15211432,0.049960859,0.131,73395.43,0.15211432,0.049960863,0.131
0.14969815,0.048032038,0.131,73616.023,0.14969814,0.048032038,0.131
0.14736459,0.046103209,0.131,73831.656,0.14736457,0.046103213,0.131
0.14503101,0.044174388,0.131,74036.422,0.14503101,0.044174388,0.131
0.14269745,0.042245559,0.131,74211.492,0.14269744,0.042245559,0.131
0.14036389,0.040316738,0.131,74330.695,0.14036389,0.040316734,0.131
0.13803032,0.03838791,0.131,74347.828,0.13803032,0.03838791,0.131
0.13569674,0.036459088,0.131,74176.672,0.13569675,0.036459085,0.131
0.13336319,0.03453026,0.131,73739.086,0.13336319,0.03453026,0.131
0.13102962,0.032601438,0.131,73039.312,0.13102962,0.032601435,0.131
0.12869605,0.030672612,0.131,72204.047,0.12869605,0.030672612,0.131
0.12636247,0.028743785,0.131,71430.523,0.12636249,0.028743785,0.131
0.12402891,0.02681496,0.131,70855.664,0.12402892,0.02681496,0.131
0.12169535,0.024886135,0.131,70476.891,0.12169535,0.024886135,0.131
0.11936179,0.02295731,0.131,70200.227,0.11936179,0.02295731,0.131
0.11702822,0.021106582,0.131,69947.695,0.11702822,0.021106582,0.131
0.11469465,0.019414525,0.131,69694.625,0.11469465,0.019414527,0.131
0.11236109,0.017876294,0.131,69443.617,0.11236109,0.017876294,0.131
0.11002752,0.0164779,0.131,69202.453,0.11002752,0.0164779,0.131
0.10769396,0.015206633,0.131,68964.695,0.10769396,0.015206633,0.131
0.10536039,0.014050936,0.131,68713.219,0.10536039,0.014050935,0.131
0.10302682,0.013000302,0.131,68426.703,0.10302682,0.013000302,0.131
0.25225648,0.10782561,0.131,37059.496,0.25225648,0.10782561,0.131
0.2487694,0.10589679,0.131,37840.629,0.2487694,0.10589679,0.131
0.24528234,0.10396796,0.131,38668.781,0.24528234,0.10396796,0.131
0.24179527,0.10203914,0.131,39563.168,0.24179527,0.10203914,0.131
0.23830822,0.10011031,0.131,40535.543,0.23830822,0.10011031,0.131
0.23482114,0.098181486,0.131,41588.004,0.23482116,0.098181486,0.131
0.23133408,0.096252665,0.131,42719.418,0.23133409,0.096252665,0.131
0.22784702,0.094323844,0.131,43927.262,0.22784702,0.094323836,0.131
0.22435996,0.092395008,0.131,45211.57,0.22435996,0.092395015,0.131
0.22087291,0.090466186,0.131,46577.207,0.22087289,0.090466186,0.131
0.21738583,0.088537365,0.131,48032.816,0.21738583,0.088537365,0.131
0.21389876,0.086608537,0.131,49587.23,0.21389876,0.086608537,0.131
0.21041171,0.084679708,0.131,51242.656,0.21041171,0.084679715,0.131
0.20692465,0.082750887,0.131,52993.789,0.20692465,0.082750887,0.131
0.20343757,0.080822065,0.131,54830.918,0.20343758,0.080822065,0.131
0.19995052,0.078893237,0.131,56741.824,0.19995052,0.078893237,0.131
0.19646345,0.076964408,0.131,58713.016,0.19646345,0.076964416,0.131
0.1929764,0.075035587,0.131,60725.836,0.19297639,0.075035587,0.131
0.18948933,0.073106766,0.131,62751.227,0.18948932,0.073106766,0.131
0.18600225,0.071177937,0.131,64744.465,0.18600227,0.071177937,0.131
0.18251519,0.069249108,0.131,66642.945,0.1825152,0.069249116,0.131
0.17902812,0.067320287,0.131,68371.102,0.17902814,0.067320287,0.131
0.17554107,0.065391466,0.131,69848.656,0.17554107,0.065391459,0.131
0.17205401,0.063462637,0.131,71014.641,0.17205401,0.063462637,0.131
0.16856694,0.061533809,0.131,71852.781,0.16856694,0.061533812,0.131
0.16507988,0.059604988,0.131,72400.852,0.16507988,0.059604988,0.131
0.16159281,0.057676159,0.131,72748.484,0.16159281,0.057676163,0.131
0.15810576,0.055747338,0.131,73001.68,0.15810576,0.055747338,0.131
0.15486297,0.053818509,0.131,73223.008,0.15486296,0.053818513,0.131
0.15211432,0.051889684,0.131,73444.883,0.15211432,0.051889688,0.131
0.14969815,0.049960859,0.131,73671.547,0.14969814,0.049960863,0.131
0.14736459,0.048032038,0.131,73903.203,0.14736457,0.048032038,0.131
0.14503101,0.046103209,0.131,74130.25,0.14503101,0.046103213,0.131
0.14269745,0.044174388,0.131,74334.055,0.14269744,0.044174388,0.131
0.14036389,0.042245559,0.131,74490.055,0.14036389,0.042245559,0.131
0.13803032,0.040316738,0.131,74563.445,0.13803032,0.040316734,0.131
0.13569674,0.03838791,0.131,74484.922,0.13569675,0.03838791,0.131
0.13336319,0.036459088,0.131,74164.555,0.13336319,0.036459085,0.131
0.13102962,0.03453026,0.131,73562.445,0.13102962,0.03453026,0.131
0.12869605,0.032601438,0.131,72751.43,0.12869605,0.032601435,0.131
0.12636247,0.030672612,0.131,71913.883,0.12636249,0.030672612,0.131
0.12402891,0.028743785,0.131,71233.336,0.12402892,0.028743785,0.131
0.12169535,0.02681496,0.131,70772.25,0.12169535,0.02681496,0.131
0.11936179,0.024886135,0.131,70463.086,0.11936179,0.024886135,0.131
0.11702822,0.02295731,0.131,70202.688,0.11702822,0.02295731,0.131
0.11469465,0.021106582,0.131,69941.195,0.11469465,0.021106582,0.131
0.11236109,0.019414525,0.131,69680.992,0.11236109,0.019414527,0.131
0.11002752,0.017876294,0.131,69431.445,0.11002752,0.017876294,0.131
0.10769396,0.0164779,0.131,69188.727,0.10769396,0.0164779,0.131
0.10536039,0.015206633,0.131,68935.164,0.10536039,0.015206633,0.131
0.10302682,0.014050936,0.131,68649.148,0.10302682,0.014050935,0.131
0.10069326,0.013000302,0.131,68288.766,0.10069326,0.013000302,0.131
0.25225648,0.10975444,0.131,37208.852,0.25225648,0.10975444,0.131
0.2487694,0.10782561,0.131,37989.957,0.2487694,0.10782561,0.131
0.24528234,0.10589679,0.131,38810.137,0.24528234,0.10589679,0.131
0.24179527,0.10396796,0.131,39689.461,0.24179527,0.10396796,0.131
0.23830822,0.10203914,0.131,40643.953,0.23830822,0.10203914,0.131
0.23482114,0.10011031,0.131,41679.688,0.23482116,0.10011031,0.131
0.23133408,0.098181486,0.131,42797.461,0.23133409,0.098181486,0.131
0.22784702,0.096252665,0.131,43994.734,0.22784702,0.096252665,0.131
0.22435996,0.094323844,0.131,45269.715,0.22435996,0.094323836,0.131
0.22087291,0.092395008,0.131,46624.688,0.22087289,0.092395015,0.131
0.21738583,0.090466186,0.131,48066.645,0.21738583,0.090466186,0.131
0.21389876,0.088537365,0.131,49605.207,0.21389876,0.088537365,0.131
0.21041171,0.086608537,0.131,51245.496,0.21041171,0.086608537,0.131
0.20692465,0.084679708,0.131,52985.719,0.20692465,0.084679715,0.131
0.20343757,0.082750887,0.131,54817.016,0.20343758,0.082750887,0.131
0.19995052,0.080822065,0.131,56728.059,0.19995052,0.080822065,0.131
0.19646345,0.078893237,0.131,58703.043,0.19646345,0.078893237,0.131
0.1929764,0.076964408,0.131,60722.719,0.19297639,0.076964416,0.131
0.18948933,0.075035587,0.131,62759.078,0.18948932,0.075035587,0.131
0.18600225,0.073106766,0.131,64768.305,0.18600227,0.073106766,0.131
0.18251519,0.071177937,0.131,66687.406,0.1825152,0.071177937,0.131
0.17902812,0.069249108,0.131,68436.641,0.17902814,0.069249116,0.131
0.17554107,0.067320287,0.131,69933.906,0.17554107,0.067320287,0.131
0.17205401,0.065391466,0.131,71114.109,0.17205401,0.065391459,0.131
0.16856694,0.063462637,0.131,71958.391,0.16856694,0.063462637,0.131
0.16507988,0.061533809,0.131,72502.844,0.16507988,0.061533812,0.131
0.16159281,0.059604988,0.131,72835.633,0.16159281,0.059604988,0.131
0.15810576,0.057676159,0.131,73071.508,0.15810576,0.057676163,0.131
0.15486297,0.055747338,0.131,73273.875,0.15486296,0.055747338,0.131
0.15211432,0.053818509,0.131,73482.484,0.15211432,0.053818513,0.131
0.14969815,0.051889684,0.131,73709.766,0.14969814,0.051889688,0.131
0.14736459,0.049960859,0.131,73953.5,0.14736457,0.049960863,0.131
0.14503101,0.048032038,0.131,74200.625,0.14503101,0.048032038,0.131
0.14269745,0.046103209,0.131,74431.586,0.14269744,0.046103213,0.131
0.14036389,0.044174388,0.131,74622.742,0.14036389,0.044174388,0.131
0.13803032,0.042245559,0.131,74743.727,0.13803032,0.042245559,0.131
0.13569674,0.040316738,0.131,74743.125,0.13569675,0.040316734,0.131
0.13336319,0.03838791,0.131,74534.344,0.13336319,0.03838791,0.131
0.13102962,0.036459088,0.131,74045.797,0.13102962,0.036459085,0.131
0.12869605,0.03453026,0.131,73297.352,0.12869605,0.03453026,0.131
0.12636247,0.032601438,0.131,72431.992,0.12636249,0.032601435,0.131
0.12402891,0.030672612,0.131,71654.266,0.12402892,0.030672612,0.131
0.12169535,0.028743785,0.131,71093.242,0.12169535,0.028743785,0.131
0.11936179,0.02681496,0.131,70729.789,0.11936179,0.02681496,0.131
0.11702822,0.024886135,0.131,70460.836,0.11702822,0.024886135,0.131
0.11469465,0.02295731,0.131,70201.961,0.11469465,0.02295731,0.131
0.11236109,0.021106582,0.131,69935.531,0.11236109,0.021106582,0.131
0.11002752,0.019414525,0.131,69678.141,0.11002752,0.019414527,0.131
0.10769396,0.017876294,0.131,69430.203,0.10769396,0.017876294,0.131
0.10536039,0.0164779,0.131,69174.773,0.10536039,0.0164779,0.131
0.10302682,0.015206633,0.131,68889.523,0.10302682,0.015206633,0.131
0.10069326,0.014050936,0.131,68532.406,0.10069326,0.014050935,0.131
0.098359689,0.013000302,0.131,68010.656,0.098359689,0.013000302,0.131
0.25225648,0.11168326,0.131,37355.879,0.25225648,0.11168326,0.131
0.2487694,0.10975444,0.131,38139.559,0.2487694,0.10975444,0.131
0.24528234,0.10782561,0.131,38955.434,0.24528234,0.10782561,0.131
0.24179527,0.10589679,0.131,39822.402,0.24179527,0.10589679,0.131
0.23830822,0.10396796,0.131,40759.383,0.23830822,0.10396796,0.131
0.23482114,0.10203914,0.131,41777.125,0.23482116,0.10203914,0.131
0.23133408,0.10011031,0.131,42879.305,0.23133409,0.10011031,0.131
0.22784702,0.098181486,0.131,44064.324,0.22784702,0.098181486,0.131
0.22435996,0.096252665,0.131,45329.293,0.22435996,0.096252665,0.131
0.22087291,0.094323844,0.131,46674.406,0.22087289,0.094323836,0.131
0.21738583,0.092395008,0.131,48104.215,0.21738583,0.092395015,0.131
0.21389876,0.090466186,0.131,49627.723,0.21389876,0.090466186,0.131
0.21041171,0.088537365,0.131,51251.855,0.21041171,0.088537365,0.131
0.20692465,0.086608537,0.131,52978.074,0.20692465,0.086608537,0.131
0.20343757,0.084679708,0.131,54800.715,0.20343758,0.084679715,0.131
0.19995052,0.082750887,0.131,56708.312,0.19995052,0.082750887,0.131
0.19646345,0.080822065,0.131,58685.34,0.19646345,0.080822065,0.131
0.1929764,0.078893237,0.131,60710.293,0.19297639,0.078893237,0.131
0.18948933,0.076964408,0.131,62755.258,0.18948932,0.076964416,0.131
0.18600225,0.075035587,0.131,64777.836,0.18600227,0.075035587,0.131
0.18251519,0.073106766,0.131,66715.109,0.1825152,0.073106766,0.131
0.17902812,0.071177937,0.131,68485.234,0.17902814,0.071177937,0.131
0.17554107,0.069249108,0.131,70001.523,0.17554107,0.069249116,0.131
0.17205401,0.067320287,0.131,71197.555,0.17205401,0.067320287,0.131
0.16856694,0.065391466,0.131,72050.117,0.16856694,0.065391459,0.131
0.16507988,0.063462637,0.131,72593.961,0.16507988,0.063462637,0.131
0.16159281,0.061533809,0.131,72915.195,0.16159281,0.061533812,0.131
0.15810576,0.059604988,0.131,73134.852,0.15810576,0.059604988,0.131
0.15486297,0.057676159,0.131,73320.961,0.15486296,0.057676163,0.131
0.15211432,0.055747338,0.131,73513.672,0.15211432,0.055747338,0.131
0.14969815,0.053818509,0.131,73733.82,0.14969814,0.053818513,0.131
0.14736459,0.051889684,0.131,73985.172,0.14736457,0.051889688,0.131
0.14503101,0.049960859,0.131,74249.234,0.14503101,0.049960863,0.131
0.14269745,0.048032038,0.131,74505.102,0.14269744,0.048032038,0.131
0.14036389,0.046103209,0.131,74729.609,0.14036389,0.046103213,0.131
0.13803032,0.044174388,0.131,74894.148,0.13803032,0.044174388,0.131
0.13569674,0.042245559,0.131,74958.641,0.13569675,0.042245559,0.131
0.13336319,0.040316738,0.131,74849.883,0.13336319,0.040316734,0.131
0.13102962,0.03838791,0.131,74480.484,0.13102962,0.03838791,0.131
0.12869605,0.036459088,0.131,73824.656,0.12869605,0.036459085,0.131
0.12636247,0.03453026,0.131,72972.508,0.12636249,0.03453026,0.131
0.12402891,0.032601438,0.131,72120.922,0.12402892,0.032601435,0.131
0.12169535,0.030672612,0.131,71451.234,0.12169535,0.030672612,0.131
0.11936179,0.028743785,0.131,71010.539,0.11936179,0.028743785,0.131
0.11702822,0.02681496,0.131,70716.086,0.11702822,0.02681496,0.131
0.11469465,0.024886135,0.131,70465.219,0.11469465,0.024886135,0.131
0.11236109,0.02295731,0.131,70206.188,0.11236109,0.02295731,0.131
0.11002752,0.021106582,0.131,69943.383,0.11002752,0.021106582,0.131
0.10769396,0.019414525,0.131,69690.398,0.10769396,0.019414527,0.131
0.10536039,0.017876294,0.131,69433.336,0.10536039,0.017876294,0.131
0.10302682,0.0164779,0.131,69148.961,0.10302682,0.0164779,0.131
0.10069326,0.015206633,0.131,68794.531,0.10069326,0.015206633,0.131
0.098359689,0.014050936,0.131,68278.641,0.098359689,0.014050935,0.131
0.096026123,0.013000302,0.131,67532.625,0.096026123,0.013000302,0.131
0.25225648,0.11361209,0.131,37499.867,0.25225648,0.11361209,0.131
0.2487694,0.11168326,0.131,38287.883,0.2487694,0.11168326,0.131
0.24528234,0.10975444,0.131,39102.676,0.24528234,0.10975444,0.131
0.24179527,0.10782561,0.131,39960.57,0.24179527,0.10782561,0.131
0.23830822,0.10589679,0.131,40881.449,0.23830822,0.10589679,0.131
0.23482114,0.10396796,0.131,41880.379,0.23482116,0.10396796,0.131
0.23133408,0.10203914,0.131,42965.195,0.23133409,0.10203914,0.131
0.22784702,0.10011031,0.131,44136.113,0.22784702,0.10011031,0.131
0.22435996,0.098181486,0.131,45389.785,0.22435996,0.098181486,0.131
0.22087291,0.096252665,0.131,46724.863,0.22087289,0.096252665,0.131
0.21738583,0.094323844,0.131,48143.668,0.21738583,0.094323836,0.131
0.21389876,0.092395008,0.131,49653.371,0.21389876,0.092395015,0.131
0.21041171,0.090466186,0.131,51261.422,0.21041171,0.090466186,0.131
0.20692465,0.088537365,0.131,52971.793,0.20692465,0.088537365,0.131
0.20343757,0.086608537,0.131,54782.125,0.20343758,0.086608537,0.131
0.19995052,0.084679708,0.131,56683.594,0.19995052,0.084679715,0.131
0.19646345,0.082750887,0.131,58659.383,0.19646345,0.082750887,0.131
0.1929764,0.080822065,0.131,60688.07,0.19297639,0.080822065,0.131
0.18948933,0.078893237,0.131,62739.844,0.18948932,0.078893237,0.131
0.18600225,0.076964408,0.131,64773.152,0.18600227,0.076964416,0.131
0.18251519,0.075035587,0.131,66726.156,0.1825152,0.075035587,0.131
0.17902812,0.073106766,0.131,68515.539,0.17902814,0.073106766,0.131
0.17554107,0.071177937,0.131,70051.352,0.17554107,0.071177937,0.131
0.17205401,0.069249108,0.131,71263.352,0.17205401,0.069249116,0.131
0.16856694,0.067320287,0.131,72126.875,0.16856694,0.067320287,0.131
0.16507988,0.065391466,0.131,72673.883,0.16507988,0.065391459,0.131
0.16159281,0.063462637,0.131,72986.32,0.16159281,0.063462637,0.131
0.15810576,0.061533809,0.131,73193.094,0.15810576,0.061533812,0.131
0.15486297,0.059604988,0.131,73364.016,0.15486296,0.059604988,0.131
0.15211432,0.057676159,0.131,73542.0,0.15211432,0.057676163,0.131
0.14969815,0.055747338,0.131,73749.945,0.14969814,0.055747338,0.131
0.14736459,0.053818509,0.131,74000.75,0.14736457,0.053818513,0.131
0.14503101,0.051889684,0.131,74278.562,0.14503101,0.051889688,0.131
0.14269745,0.049960859,0.131,74556.227,0.14269744,0.049960863,0.131
0.14036389,0.048032038,0.131,74811.992,0.14036389,0.048032038,0.131
0.13803032,0.046103209,0.131,75017.414,0.13803032,0.046103213,0.131
0.13569674,0.044174388,0.131,75138.398,0.13569675,0.044174388,0.131
0.13336319,0.042245559,0.131,75116.133,0.13336319,0.042245559,0.131
0.13102962,0.040316738,0.131,74863.039,0.13102962,0.040316734,0.131
0.12869605,0.03838791,0.131,74318.594,0.12869605,0.03838791,0.131
0.12636247,0.036459088,0.131,73520.914,0.12636249,0.036459085,0.131
0.12402891,0.03453026,0.131,72629.812,0.12402892,0.03453026,0.131
0.12169535,0.032601438,0.131,71856.281,0.12169535,0.032601435,0.131
0.11936179,0.030672612,0.131,71317.852,0.11936179,0.030672612,0.131
0.11702822,0.028743785,0.131,70976.641,0.11702822,0.028743785,0.131
0.11469465,0.02681496,0.131,70723.469,0.11469465,0.02681496,0.131
0.11236109,0.024886135,0.131,70481.586,0.11236109,0.024886135,0.131
0.11002752,0.02295731,0.131,70227.789,0.11002752,0.02295731,0.131
0.10769396,0.021106582,0.131,69971.297,0.10769396,0.021106582,0.131
0.10536039,0.019414527,0.131,69713.125,0.10536039,0.019414527,0.131
0.10302682,0.017876294,0.131,69429.75,0.10302682,0.017876294,0.131
0.10069326,0.0164779,0.131,69078.391,0.10069326,0.0164779,0.131
0.098359689,0.015206633,0.131,68570.492,0.098359689,0.015206633,0.131
0.096026123,0.014050936,0.131,67811.422,0.096026123,0.014050935,0.131
0.093692563,0.013000302,0.131,66772.961,0.093692563,0.013000302,0.131
0.25225648,0.11554092,0.131,37640.348,0.25225648,0.11554091,0.131
0.2487694,0.11361209,0.131,38433.953,0.2487694,0.11361209,0.131
0.24528234,0.11168326,0.131,39250.246,0.24528234,0.11168326,0.131
0.24179527,0.10975444,0.131,40102.441,0.24179527,0.10975444,0.131
0.23830822,0.10782561,0.131,41009.547,0.23830822,0.10782561,0.131
0.23482114,0.10589679,0.131,41989.68,0.23482116,0.10589679,0.131
0.23133408,0.10396796,0.131,43055.441,0.23133409,0.10396796,0.131
0.22784702,0.10203914,0.131,44210.348,0.22784702,0.10203914,0.131
0.22435996,0.10011031,0.131,45451.203,0.22435996,0.10011031,0.131
0.22087291,0.098181486,0.131,46775.383,0.22087289,0.098181486,0.131
0.21738583,0.096252665,0.131,48183.414,0.21738583,0.096252665,0.131
0.21389876,0.094323844,0.131,49680.523,0.21389876,0.094323836,0.131
0.21041171,0.092395008,0.131,51273.238,0.21041171,0.092395015,0.131
0.20692465,0.090466186,0.131,52967.004,0.20692465,0.090466186,0.131
0.20343757,0.088537365,0.131,54762.457,0.20343758,0.088537365,0.131
0.19995052,0.086608537,0.131,56653.77,0.19995052,0.086608537,0.131
0.19646345,0.084679708,0.131,58625.914,0.19646345,0.084679715,0.131
0.1929764,0.082750887,0.131,60655.332,0.19297639,0.082750887,0.131
0.18948933,0.080822065,0.131,62712.355,0.18948932,0.080822065,0.131
0.18600225,0.078893237,0.131,64754.348,0.18600227,0.078893237,0.131
0.18251519,0.076964408,0.131,66720.469,0.1825152,0.076964416,0.131
0.17902812,0.075035587,0.131,68527.391,0.17902814,0.075035587,0.131
0.17554107,0.073106766,0.131,70082.125,0.17554107,0.073106766,0.131
0.17205401,0.071177937,0.131,71311.312,0.17205401,0.071177937,0.131
0.16856694,0.069249108,0.131,72187.227,0.16856694,0.069249116,0.131
0.16507988,0.067320287,0.131,72741.367,0.16507988,0.067320287,0.131
0.16159281,0.065391466,0.131,73049.758,0.16159281,0.065391459,0.131
0.15810576,0.063462637,0.131,73245.422,0.15810576,0.063462637,0.131
0.15486297,0.061533809,0.131,73404.688,0.15486296,0.061533812,0.131
0.15211432,0.059604988,0.131,73568.039,0.15211432,0.059604988,0.131
0.14969815,0.057676159,0.131,73762.773,0.14969814,0.057676163,0.131
0.14736459,0.055747338,0.131,74006.398,0.14736457,0.055747338,0.131
0.14503101,0.053818509,0.131,74290.5,0.14503101,0.053818513,0.131
0.14269745,0.051889684,0.131,74587.617,0.14269744,0.051889688,0.131
0.14036389,0.049960859,0.131,74871.117,0.14036389,0.049960863,0.131
0.13803032,0.048032038,0.131,75115.57,0.13803032,0.048032038,0.131
0.13569674,0.046103209,0.131,75286.859,0.13569675,0.046103213,0.131
0.13336319,0.044174388,0.131,75340.07,0.13336319,0.044174388,0.131
0.13102962,0.042245559,0.131,75194.539,0.13102962,0.042245559,0.131
0.12869605,0.040316738,0.131,74770.453,0.12869605,0.040316734,0.131
0.12636247,0.03838791,0.131,74059.148,0.12636249,0.03838791,0.131
0.12402891,0.036459088,0.131,73171.305,0.12402892,0.036459085,0.131
0.12169535,0.03453026,0.131,72314.055,0.12169535,0.03453026,0.131
0.11936179,0.032601438,0.131,71665.344,0.11936179,0.032601435,0.131
0.11702822,0.030672612,0.131,71253.258,0.11702822,0.030672612,0.131
0.11469465,0.028743785,0.131,70982.602,0.11469465,0.028743785,0.131
0.11236109,0.02681496,0.131,70753.578,0.11236109,0.02681496,0.131
0.11002752,0.024886135,0.131,70521.055,0.11002752,0.024886135,0.131
0.10769396,0.02295731,0.131,70275.43,0.10769396,0.02295731,0.131
0.10536039,0.021106582,0.131,70017.492,0.10536039,0.021106582,0.131
0.10302682,0.019414527,0.131,69735.781,0.10302682,0.019414527,0.131
0.10069326,0.017876294,0.131,69387.461,0.10069326,0.017876294,0.131
0.098359689,0.0164779,0.131,68887.594,0.098359689,0.0164779,0.131
0.096026123,0.015206633,0.131,68116.93,0.096026123,0.015206633,0.131
0.093692563,0.014050936,0.131,67049.141,0.093692563,0.014050935,0.131
0.091358989,0.013000302,0.131,65661.211,0.091358997,0.013000302,0.131
0.25225648,0.11746974,0.131,37776.828,0.25225648,0.11746974,0.131
0.2487694,0.11554092,0.131,38577.078,0.2487694,0.11554091,0.131
0.24528234,0.11361209,0.131,39396.953,0.24528234,0.11361209,0.131
0.24179527,0.11168326,0.131,40246.582,0.24179527,0.11168326,0.131
0.23830822,0.10975444,0.131,41142.879,0.23830822,0.10975444,0.131
0.23482114,0.10782561,0.131,42105.211,0.23482116,0.10782561,0.131
0.23133408,0.10589679,0.131,43150.707,0.23133409,0.10589679,0.131
0.22784702,0.10396796,0.131,44287.441,0.22784702,0.10396796,0.131
0.22435996,0.10203914,0.131,45513.758,0.22435996,0.10203914,0.131
0.22087291,0.10011031,0.131,46825.91,0.22087289,0.10011031,0.131
0.21738583,0.098181486,0.131,48222.734,0.21738583,0.098181486,0.131
0.21389876,0.096252665,0.131,49707.707,0.21389876,0.096252665,0.131
0.21041171,0.094323844,0.131,51286.125,0.21041171,0.094323836,0.131
0.20692465,0.092395008,0.131,52963.32,0.20692465,0.092395015,0.131
0.20343757,0.090466186,0.131,54742.281,0.20343758,0.090466186,0.131
0.19995052,0.088537365,0.131,56620.277,0.19995052,0.088537365,0.131
0.19646345,0.086608537,0.131,58584.594,0.19646345,0.086608537,0.131
0.1929764,0.084679708,0.131,60612.68,0.19297639,0.084679715,0.131
0.18948933,0.082750887,0.131,62672.152,0.18948932,0.082750887,0.131
0.18600225,0.080822065,0.131,64721.059,0.18600227,0.080822065,0.131
0.18251519,0.078893237,0.131,66698.156,0.1825152,0.078893237,0.131
0.17902812,0.076964408,0.131,68520.617,0.17902814,0.076964416,0.131
0.17554107,0.075035587,0.131,70093.656,0.17554107,0.075035587,0.131
0.17205401,0.073106766,0.131,71340.445,0.17205401,0.073106766,0.131
0.16856694,0.071177937,0.131,72230.852,0.16856694,0.071177937,0.131
0.16507988,0.069249108,0.131,72794.984,0.16507988,0.069249116,0.131
0.16159281,0.067320287,0.131,73104.227,0.16159281,0.067320287,0.131
0.15810576,0.065391466,0.131,73293.055,0.15810576,0.065391459,0.131
0.15486297,0.063462637,0.131,73441.578,0.15486296,0.063462637,0.131
0.15211432,0.061533809,0.131,73593.992,0.15211432,0.061533812,0.131
0.14969815,0.059604988,0.131,73773.992,0.14969814,0.059604988,0.131
0.14736459,0.057676159,0.131,74007.195,0.14736457,0.057676163,0.131
0.14503101,0.055747338,0.131,74290.695,0.14503101,0.055747338,0.131
0.14269745,0.053818509,0.131,74600.828,0.14269744,0.053818513,0.131
0.14036389,0.051889684,0.131,74909.805,0.14036389,0.051889688,0.131
0.13803032,0.049960859,0.131,75189.703,0.13803032,0.049960863,0.131
0.13569674,0.048032038,0.131,75409.023,0.13569675,0.048032038,0.131
0.13336319,0.046103209,0.131,75527.258,0.13336319,0.046103213,0.131
0.13102962,0.044174388,0.131,75479.477,0.13102962,0.044174388,0.131
0.12869605,0.042245559,0.131,75176.328,0.12869605,0.042245559,0.131
0.12636247,0.040316738,0.131,74574.383,0.12636249,0.040316734,0.131
0.12402891,0.03838791,0.131,73730.305,0.12402892,0.03838791,0.131
0.12169535,0.036459088,0.131,72823.906,0.12169535,0.036459085,0.131
0.11936179,0.03453026,0.131,72065.141,0.11936179,0.03453026,0.131
0.11702822,0.032601438,0.131,71559.172,0.11702822,0.032601435,0.131
0.11469465,0.030672612,0.131,71250.352,0.11469465,0.030672612,0.131
0.11236109,0.028743785,0.131,71026.367,0.11236109,0.028743785,0.131
0.11002752,0.02681496,0.131,70814.883,0.11002752,0.02681496,0.131
0.10769396,0.024886135,0.131,70593.273,0.10769396,0.024886135,0.131
0.10536039,0.02295731,0.131,70350.148,0.10536039,0.02295731,0.131
0.10302682,0.021106582,0.131,70071.656,0.10302682,0.021106582,0.131
0.10069326,0.019414527,0.131,69725.805,0.10069326,0.019414527,0.131
0.098359689,0.017876294,0.131,69233.195,0.098359689,0.017876294,0.131
0.096026123,0.0164779,0.131,68451.789,0.096026123,0.0164779,0.131
0.093692563,0.015206633,0.131,67354.289,0.093692563,0.015206633,0.131
0.091358989,0.014050936,0.131,65903.242,0.091358997,0.014050935,0.131
0.08902543,0.013000302,0.131,64219.859,0.08902543,0.013000302,0.131
0.25225648,0.11939856,0.131,37908.77,0.25225648,0.11939856,0.131
0.2487694,0.11746974,0.131,38716.582,0.2487694,0.11746974,0.131
0.24528234,0.11554092,0.131,39541.82,0.24528234,0.11554091,0.131
0.24179527,0.11361209,0.131,40391.75,0.24179527,0.11361209,0.131
0.23830822,0.11168326,0.131,41280.527,0.23830822,0.11168326,0.131
0.23482114,0.10975444,0.131,42227.047,0.23482116,0.10975444,0.131
0.23133408,0.10782561,0.131,43251.77,0.23133409,0.10782561,0.131
0.22784702,0.10589679,0.131,44368.25,0.22784702,0.10589679,0.131
0.22435996,0.10396796,0.131,45577.871,0.22435996,0.10396796,0.131
0.22087291,0.10203914,0.131,46876.668,0.22087289,0.10203914,0.131
0.21738583,0.10011031,0.131,48261.562,0.21738583,0.10011031,0.131
0.21389876,0.098181486,0.131,49734.289,0.21389876,0.098181486,0.131
0.21041171,0.096252665,0.131,51298.91,0.21041171,0.096252665,0.131
0.20692465,0.094323844,0.131,52960.18,0.20692465,0.094323836,0.131
0.20343757,0.092395008,0.131,54721.848,0.20343758,0.092395015,0.131
0.19995052,0.090466186,0.131,56584.121,0.19995052,0.090466186,0.131
0.19646345,0.088537365,0.131,58537.09,0.19646345,0.088537365,0.131
0.1929764,0.086608537,0.131,60559.676,0.19297639,0.086608537,0.131
0.18948933,0.084679708,0.131,62619.883,0.18948932,0.084679715,0.131
0.18600225,0.082750887,0.131,64672.934,0.18600227,0.082750887,0.131
0.18251519,0.080822065,0.131,66659.07,0.1825152,0.080822065,0.131
0.17902812,0.078893237,0.131,68495.352,0.17902814,0.078893237,0.131
0.17554107,0.076964408,0.131,70085.805,0.17554107,0.076964416,0.131
0.17205401,0.075035587,0.131,71350.602,0.17205401,0.075035587,0.131
0.16856694,0.073106766,0.131,72256.867,0.16856694,0.073106766,0.131
0.16507988,0.071177937,0.131,72833.836,0.16507988,0.071177937,0.131
0.16159281,0.069249108,0.131,73148.383,0.16159281,0.069249116,0.131
0.15810576,0.067320287,0.131,73334.75,0.15810576,0.067320287,0.131
0.15486297,0.065391466,0.131,73475.703,0.15486296,0.065391459,0.131
0.15211432,0.063462637,0.131,73618.008,0.15211432,0.063462637,0.131
0.14969815,0.061533809,0.131,73786.914,0.14969814,0.061533812,0.131
0.14736459,0.059604988,0.131,74005.844,0.14736457,0.059604988,0.131
0.14503101,0.057676159,0.131,74284.023,0.14503101,0.057676163,0.131
0.14269745,0.055747338,0.131,74601.016,0.14269744,0.055747338,0.131
0.14036389,0.053818509,0.131,74929.406,0.14036389,0.053818513,0.131
0.13803032,0.051889684,0.131,75242.492,0.13803032,0.051889688,0.131
0.13569674,0.049960859,0.131,75506.094,0.13569675,0.049960863,0.131
0.13336319,0.048032038,0.131,75683.828,0.13336319,0.048032038,0.131
0.13102962,0.046103209,0.131,75721.922,0.13102962,0.046103213,0.131
0.12869605,0.044174388,0.131,75536.852,0.12869605,0.044174388,0.131
0.12636247,0.042245559,0.131,75056.25,0.12636249,0.042245559,0.131
0.12402891,0.040316738,0.131,74293.258,0.12402892,0.040316734,0.131
0.12169535,0.03838791,0.131,73377.352,0.12169535,0.03838791,0.131
0.11936179,0.036459088,0.131,72524.852,0.11936179,0.036459085,0.131
0.11702822,0.03453026,0.131,71908.625,0.11702822,0.03453026,0.131
0.11469465,0.032601438,0.131,71536.938,0.11469465,0.032601435,0.131
0.11236109,0.030672612,0.131,71304.594,0.11236109,0.030672612,0.131
0.11002752,0.028743785,0.131,71112.523,0.11002752,0.028743785,0.131
0.10769396,0.02681496,0.131,70916.023,0.10769396,0.02681496,0.131
0.10536039,0.024886135,0.131,70700.883,0.10536039,0.024886135,0.131
0.10302682,0.02295731,0.131,70441.258,0.10302682,0.02295731,0.131
0.10069326,0.021106582,0.131,70098.844,0.10069326,0.021106582,0.131
0.098359689,0.019414527,0.131,69607.008,0.098359689,0.019414527,0.131
0.096026123,0.017876294,0.131,68819.977,0.096026123,0.017876294,0.131
0.093692563,0.0164779,0.131,67691.078,0.093692563,0.0164779,0.131
0.091358989,0.015206633,0.131,66173.344,0.091358997,0.015206633,0.131
0.08902543,0.014050936,0.131,64385.492,0.08902543,0.014050935,0.131
0.086691871,0.013000302,0.131,62571.246,0.086691864,0.013000302,0.131
0.25225648,0.12132739,0.131,38035.797,0.25225648,0.12132739,0.131
0.2487694,0.11939856,0.131,38851.719,0.2487694,0.11939856,0.131
0.24528234,0.11746974,0.131,39683.895,0.24528234,0.11746974,0.131
0.24179527,0.11554092,0.131,40536.738,0.24179527,0.11554091,0.131
0.23830822,0.11361209,0.131,41421.43,0.23830822,0.11361209,0.131
0.23482114,0.11168326,0.131,42355.027,0.23482116,0.11168326,0.131
0.23133408,0.10975444,0.131,43359.48,0.23133409,0.10975444,0.131
0.22784702,0.10782561,0.131,44453.855,0.22784702,0.10782561,0.131
0.22435996,0.10589679,0.131,45644.387,0.22435996,0.10589679,0.131
0.22087291,0.10396796,0.131,46928.051,0.22087289,0.10396796,0.131
0.21738583,0.10203914,0.131,48300.109,0.21738583,0.10203914,0.131
0.21389876,0.10011031,0.131,49760.27,0.21389876,0.10011031,0.131
0.21041171,0.098181486,0.131,51311.219,0.21041171,0.098181486,0.131
0.20692465,0.096252665,0.131,52956.902,0.20692465,0.096252665,0.131
0.20343757,0.094323844,0.131,54701.312,0.20343758,0.094323836,0.131
0.19995052,0.092395008,0.131,56546.148,0.19995052,0.092395015,0.131
0.19646345,0.090466186,0.131,58484.758,0.19646345,0.090466186,0.131
0.1929764,0.088537365,0.131,60498.211,0.19297639,0.088537365,0.131
0.18948933,0.086608537,0.131,62555.156,0.18948932,0.086608537,0.131
0.18600225,0.084679708,0.131,64610.852,0.18600227,0.084679715,0.131
0.18251519,0.082750887,0.131,66603.297,0.1825152,0.082750887,0.131
0.17902812,0.080822065,0.131,68451.57,0.17902814,0.080822065,0.131
0.17554107,0.078893237,0.131,70058.75,0.17554107,0.078893237,0.131
0.17205401,0.076964408,0.131,71341.828,0.17205401,0.076964416,0.131
0.16856694,0.075035587,0.131,72265.07,0.16856694,0.075035587,0.131
0.16507988,0.073106766,0.131,72856.805,0.16507988,0.073106766,0.131
0.16159281,0.071177937,0.131,73180.648,0.16159281,0.071177937,0.131
0.15810576,0.069249108,0.131,73369.203,0.15810576,0.069249116,0.131
0.15486297,0.067320287,0.131,73505.836,0.15486296,0.067320287,0.131
0.15211432,0.065391466,0.131,73640.984,0.15211432,0.065391459,0.131
0.14969815,0.063462637,0.131,73799.672,0.14969814,0.063462637,0.131
0.14736459,0.061533809,0.131,74006.883,0.14736457,0.061533812,0.131
0.14503101,0.059604988,0.131,74273.586,0.14503101,0.059604988,0.131
0.14269745,0.057676159,0.131,74592.281,0.14269744,0.057676163,0.131
0.14036389,0.055747338,0.131,74934.852,0.14036389,0.055747338,0.131
0.13803032,0.053818509,0.131,75274.609,0.13803032,0.053818513,0.131
0.13569674,0.051889684,0.131,75580.938,0.13569675,0.051889688,0.131
0.13336319,0.049960859,0.131,75813.539,0.13336319,0.049960863,0.131
0.13102962,0.048032038,0.131,75928.742,0.13102962,0.048032038,0.131
0.12869605,0.046103209,0.131,75852.312,0.12869605,0.046103213,0.131
0.12636247,0.044174388,0.131,75500.289,0.12636249,0.044174388,0.131
0.12402891,0.042245559,0.131,74842.812,0.12402892,0.042245559,0.131
0.12169535,0.040316738,0.131,73960.227,0.12169535,0.040316734,0.131
0.11936179,0.03838791,0.131,73044.875,0.11936179,0.03838791,0.131
0.11702822,0.036459088,0.131,72313.883,0.11702822,0.036459085,0.131
0.11469465,0.03453026,0.131,71855.117,0.11469465,0.03453026,0.131
0.11236109,0.032601438,0.131,71594.609,0.11236109,0.032601435,0.131
0.11002752,0.030672612,0.131,71416.109,0.11002752,0.030672612,0.131
0.10769396,0.028743785,0.131,71246.367,0.10769396,0.028743785,0.131
0.10536039,0.02681496,0.131,71059.328,0.10536039,0.02681496,0.131
0.10302682,0.024886135,0.131,70832.25,0.10302682,0.024886135,0.131
0.10069326,0.02295731,0.131,70510.492,0.10069326,0.02295731,0.131
0.098359689,0.021106582,0.131,70016.117,0.098359689,0.021106582,0.131
0.096026123,0.019414527,0.131,69229.047,0.096026123,0.019414527,0.131
0.093692563,0.017876294,0.131,68062.555,0.093692563,0.017876294,0.131
0.091358989,0.0164779,0.131,66473.773,0.091358997,0.0164779,0.131
0.08902543,0.015206633,0.131,64570.551,0.08902543,0.015206633,0.131
0.086691871,0.014050936,0.131,62626.043,0.086691864,0.014050935,0.131
0.084358297,0.013000302,0.131,60895.918,0.084358297,0.013000302,0.131
0.25225648,0.12325621,0.131,38157.84,0.25225648,0.12325621,0.131
0.2487694,0.12132739,0.131,38981.852,0.2487694,0.12132739,0.131
0.24528234,0.11939856,0.131,39822.16,0.24528234,0.11939856,0.131
0.24179527,0.11746974,0.131,40680.281,0.24179527,0.11746974,0.131
0.23830822,0.11554092,0.131,41564.309,0.23830822,0.11554091,0.131
0.23482114,0.11361209,0.131,42488.602,0.23482116,0.11361209,0.131
0.23133408,0.11168326,0.131,43474.574,0.23133409,0.11168326,0.131
0.22784702,0.10975444,0.131,44545.637,0.22784702,0.10975444,0.131
0.22435996,0.10782561,0.131,45714.414,0.22435996,0.10782561,0.131
0.22087291,0.10589679,0.131,46980.777,0.22087289,0.10589679,0.131
0.21738583,0.10396796,0.131,48338.805,0.21738583,0.10396796,0.131
0.21389876,0.10203914,0.131,49785.902,0.21389876,0.10203914,0.131
0.21041171,0.10011031,0.131,51323.195,0.21041171,0.10011031,0.131
0.20692465,0.098181486,0.131,52953.5,0.20692465,0.098181486,0.131
0.20343757,0.096252665,0.131,54680.562,0.20343758,0.096252665,0.131
0.19995052,0.094323844,0.131,56507.25,0.19995052,0.094323836,0.131
0.19646345,0.092395008,0.131,58428.949,0.19646345,0.092395015,0.131
0.1929764,0.090466186,0.131,60429.883,0.19297639,0.090466186,0.131
0.18948933,0.088537365,0.131,62480.035,0.18948932,0.088537365,0.131
0.18600225,0.086608537,0.131,64534.621,0.18600227,0.086608537,0.131
0.18251519,0.084679708,0.131,66531.969,0.1825152,0.084679715,0.131
0.17902812,0.082750887,0.131,68389.711,0.17902814,0.082750887,0.131
0.17554107,0.080822065,0.131,70012.43,0.17554107,0.080822065,0.131
0.17205401,0.078893237,0.131,71314.312,0.17205401,0.078893237,0.131
0.16856694,0.076964408,0.131,72255.633,0.16856694,0.076964416,0.131
0.16507988,0.075035587,0.131,72863.25,0.16507988,0.075035587,0.131
0.16159281,0.073106766,0.131,73199.711,0.16159281,0.073106766,0.131
0.15810576,0.071177937,0.131,73394.359,0.15810576,0.071177937,0.131
0.15486297,0.069249108,0.131,73531.031,0.15486296,0.069249116,0.131
0.15211432,0.067320287,0.131,73661.484,0.15211432,0.067320287,0.131
0.14969815,0.065391466,0.131,73813.297,0.14969814,0.065391459,0.131
0.14736459,0.063462637,0.131,74009.016,0.14736457,0.063462637,0.131
0.14503101,0.061533809,0.131,74265.086,0.14503101,0.061533812,0.131
0.14269745,0.059604988,0.131,74577.414,0.14269744,0.059604988,0.131
0.14036389,0.057676159,0.131,74929.344,0.14036389,0.057676163,0.131
0.13803032,0.055747338,0.131,75290.758,0.13803032,0.055747338,0.131
0.13569674,0.053818509,0.131,75633.016,0.13569675,0.053818513,0.131
0.13336319,0.051889684,0.131,75919.242,0.13336319,0.051889688,0.131
0.13102962,0.049960859,0.131,76103.211,0.13102962,0.049960863,0.131
0.12869605,0.048032038,0.131,76126.352,0.12869605,0.048032038,0.131
0.12636247,0.046103209,0.131,75901.258,0.12636249,0.046103213,0.131
0.12402891,0.044174388,0.131,75368.828,0.12402892,0.044174388,0.131
0.12169535,0.042245559,0.131,74556.773,0.12169535,0.042245559,0.131
0.11936179,0.040316738,0.131,73618.047,0.11936179,0.040316734,0.131
0.11702822,0.03838791,0.131,72783.273,0.11702822,0.03838791,0.131
0.11469465,0.036459088,0.131,72217.578,0.11469465,0.036459085,0.131
0.11236109,0.03453026,0.131,71905.625,0.11236109,0.03453026,0.131
0.11002752,0.032601438,0.131,71728.508,0.11002752,0.032601435,0.131
0.10769396,0.030672612,0.131,71584.883,0.10769396,0.030672612,0.131
0.10536039,0.028743785,0.131,71427.766,0.10536039,0.028743785,0.131
0.10302682,0.02681496,0.131,71232.086,0.10302682,0.02681496,0.131
0.10069326,0.024886135,0.131,70945.773,0.10069326,0.024886135,0.131
0.098359689,0.02295731,0.131,70468.492,0.098359689,0.02295731,0.131
0.096026123,0.021106582,0.131,69682.156,0.096026123,0.021106582,0.131
0.093692563,0.019414527,0.131,68473.328,0.093692563,0.019414527,0.131
0.091358989,0.017876294,0.131,66806.562,0.091358997,0.017876294,0.131
0.08902543,0.0164779,0.131,64775.574,0.08902543,0.0164779,0.131
0.086691871,0.015206633,0.131,62685.039,0.086691864,0.015206633,0.131
0.084358297,0.014050936,0.131,60836.012,0.084358297,0.014050935,0.131
0.082024731,0.013000302,0.131,59383.645,0.082024731,0.013000302,0.131
0.25225648,0.12518504,0.131,38275.309,0.25225648,0.12518504,0.131
0.2487694,0.12325621,0.131,39106.664,0.2487694,0.12325621,0.131
0.24528234,0.12132739,0.131,39955.676,0.24528234,0.12132739,0.131
0.24179527,0.11939856,0.131,40821.008,0.24179527,0.11939856,0.131
0.23830822,0.11746974,0.131,41707.617,0.23830822,0.11746974,0.131
0.23482114,0.11554092,0.131,42626.652,0.23482116,0.11554091,0.131
0.23133408,0.11361209,0.131,43597.312,0.23133409,0.11361209,0.131
0.22784702,0.11168326,0.131,44645.109,0.22784702,0.11168326,0.131
0.22435996,0.10975444,0.131,45789.535,0.22435996,0.10975444,0.131
0.22087291,0.10782561,0.131,47035.754,0.22087289,0.10782561,0.131
0.21738583,0.10589679,0.131,48378.289,0.21738583,0.10589679,0.131
0.21389876,0.10396796,0.131,49811.625,0.21389876,0.10396796,0.131
0.21041171,0.10203914,0.131,51335.148,0.21041171,0.10203914,0.131
0.20692465,0.10011031,0.131,52950.355,0.20692465,0.10011031,0.131
0.20343757,0.098181486,0.131,54660.094,0.20343758,0.098181486,0.131
0.19995052,0.096252665,0.131,56467.863,0.19995052,0.096252665,0.131
0.19646345,0.094323844,0.131,58371.195,0.19646345,0.094323836,0.131
0.1929764,0.092395008,0.131,60356.41,0.19297639,0.092395015,0.131
0.18948933,0.090466186,0.131,62396.219,0.18948932,0.090466186,0.131
0.18600225,0.088537365,0.131,64446.461,0.18600227,0.088537365,0.131
0.18251519,0.086608537,0.131,66445.195,0.1825152,0.086608537,0.131
0.17902812,0.084679708,0.131,68311.023,0.17902814,0.084679715,0.131
0.17554107,0.082750887,0.131,69947.422,0.17554107,0.082750887,0.131
0.17205401,0.080822065,0.131,71267.875,0.17205401,0.080822065,0.131
0.16856694,0.078893237,0.131,72228.758,0.16856694,0.078893237,0.131
0.16507988,0.076964408,0.131,72853.391,0.16507988,0.076964416,0.131
0.16159281,0.075035587,0.131,73204.352,0.16159281,0.075035587,0.131
0.15810576,0.073106766,0.131,73409.094,0.15810576,0.073106766,0.131
0.15486297,0.071177937,0.131,73549.297,0.15486296,0.071177937,0.131
0.15211432,0.069249108,0.131,73679.0,0.15211432,0.069249116,0.131
0.14969815,0.067320287,0.131,73826.109,0.14969814,0.067320287,0.131
0.14736459,0.065391466,0.131,74013.688,0.14736457,0.065391459,0.131
0.14503101,0.063462637,0.131,74257.828,0.14503101,0.063462637,0.131
0.14269745,0.061533809,0.131,74562.781,0.14269744,0.061533812,0.131
0.14036389,0.059604988,0.131,74914.938,0.14036389,0.059604988,0.131
0.13803032,0.057676159,0.131,75293.242,0.13803032,0.057676163,0.131
0.13569674,0.055747338,0.131,75666.391,0.13569675,0.055747338,0.131
0.13336319,0.053818509,0.131,75999.641,0.13336319,0.053818513,0.131
0.13102962,0.051889684,0.131,76250.023,0.13102962,0.051889688,0.131
0.12869605,0.049960859,0.131,76361.703,0.12869605,0.049960863,0.131
0.12636247,0.048032038,0.131,76258.57,0.12636249,0.048032038,0.131
0.12402891,0.046103209,0.131,75859.344,0.12402892,0.046103213,0.131
0.12169535,0.044174388,0.131,75151.117,0.12169535,0.044174388,0.131
0.11936179,0.042245559,0.131,74231.57,0.11936179,0.042245559,0.131
0.11702822,0.040316738,0.131,73318.211,0.11702822,0.040316734,0.131
0.11469465,0.03838791,0.131,72636.414,0.11469465,0.03838791,0.131
0.11236109,0.036459088,0.131,72247.93,0.11236109,0.036459085,0.131
0.11002752,0.03453026,0.131,72055.219,0.11002752,0.03453026,0.131
0.10769396,0.032601438,0.131,71932.648,0.10769396,0.032601435,0.131
0.10536039,0.030672612,0.131,71806.453,0.10536039,0.030672612,0.131
0.10302682,0.028743785,0.131,71643.102,0.10302682,0.028743785,0.131
0.10069326,0.02681496,0.131,71390.094,0.10069326,0.02681496,0.131
0.098359689,0.024886135,0.131,70947.461,0.098359689,0.024886135,0.131
0.096026123,0.02295731,0.131,70180.797,0.096026123,0.02295731,0.131
0.093692563,0.021106582,0.131,68927.602,0.093692563,0.021106582,0.131
0.091358989,0.019414527,0.131,67173.422,0.091358997,0.019414527,0.131
0.08902543,0.017876294,0.131,64999.492,0.08902543,0.017876294,0.131
0.086691871,0.0164779,0.131,62744.758,0.086691864,0.0164779,0.131
0.084358297,0.015206633,0.131,60762.555,0.084358297,0.015206633,0.131
0.082024731,0.014050936,0.131,59228.898,0.082024731,0.014050935,0.131
0.079691164,0.013000302,0.131,58112.414,0.079691164,0.013000302,0.131
0.25225648,0.12711386,0.131,38389.129,0.25225648,0.12711386,0.131
0.2487694,0.12518504,0.131,39226.316,0.2487694,0.12518504,0.131
0.24528234,0.12325621,0.131,40083.824,0.24528234,0.12325621,0.131
0.24179527,0.12132739,0.131,40957.641,0.24179527,0.12132739,0.131
0.23830822,0.11939856,0.131,41849.633,0.23830822,0.11939856,0.131
0.23482114,0.11746974,0.131,42767.496,0.23482116,0.11746974,0.131
0.23133408,0.11554092,0.131,43727.113,0.23133409,0.11554091,0.131
0.22784702,0.11361209,0.131,44753.535,0.22784702,0.11361209,0.131
0.22435996,0.11168326,0.131,45871.734,0.22435996,0.11168326,0.131
0.22087291,0.10975444,0.131,47094.402,0.22087289,0.10975444,0.131
0.21738583,0.10782561,0.131,48419.062,0.21738583,0.10782561,0.131
0.21389876,0.10589679,0.131,49838.004,0.21389876,0.10589679,0.131
0.21041171,0.10396796,0.131,51347.582,0.21041171,0.10396796,0.131
0.20692465,0.10203914,0.131,52947.844,0.20692465,0.10203914,0.131
0.20343757,0.10011031,0.131,54640.582,0.20343758,0.10011031,0.131
0.19995052,0.098181486,0.131,56428.961,0.19995052,0.098181486,0.131
0.19646345,0.096252665,0.131,58312.391,0.19646345,0.096252665,0.131
0.1929764,0.094323844,0.131,60279.801,0.19297639,0.094323836,0.131
0.18948933,0.092395008,0.131,62305.578,0.18948932,0.092395015,0.131
0.18600225,0.090466186,0.131,64348.016,0.18600227,0.090466186,0.131
0.18251519,0.088537365,0.131,66345.25,0.1825152,0.088537365,0.131
0.17902812,0.086608537,0.131,68215.852,0.17902814,0.086608537,0.131
0.17554107,0.084679708,0.131,69864.812,0.17554107,0.084679715,0.131
0.17205401,0.082750887,0.131,71203.141,0.17205401,0.082750887,0.131
0.16856694,0.080822065,0.131,72184.227,0.16856694,0.080822065,0.131
0.16507988,0.078893237,0.131,72827.484,0.16507988,0.078893237,0.131
0.16159281,0.076964408,0.131,73194.82,0.16159281,0.076964416,0.131
0.15810576,0.075035587,0.131,73412.023,0.15810576,0.075035587,0.131
0.15486297,0.073106766,0.131,73559.93,0.15486296,0.073106766,0.131
0.15211432,0.071177937,0.131,73691.477,0.15211432,0.071177937,0.131
0.14969815,0.069249108,0.131,73837.719,0.14969814,0.069249116,0.131
0.14736459,0.067320287,0.131,74019.031,0.14736457,0.067320287,0.131
0.14503101,0.065391466,0.131,74253.844,0.14503101,0.065391459,0.131
0.14269745,0.063462637,0.131,74548.156,0.14269744,0.063462637,0.131
0.14036389,0.061533809,0.131,74897.836,0.14036389,0.061533812,0.131
0.13803032,0.059604988,0.131,75283.461,0.13803032,0.059604988,0.131
0.13569674,0.057676159,0.131,75682.219,0.13569675,0.057676163,0.131
0.13336319,0.055747338,0.131,76057.953,0.13336319,0.055747338,0.131
0.13102962,0.053818509,0.131,76367.484,0.13102962,0.053818513,0.131
0.12869605,0.051889684,0.131,76562.172,0.12869605,0.051889688,0.131
0.12636247,0.049960859,0.131,76570.617,0.12636249,0.049960863,0.131
0.12402891,0.048032038,0.131,76308.891,0.12402892,0.048032038,0.131
0.12169535,0.046103209,0.131,75725.289,0.12169535,0.046103213,0.131
0.11936179,0.044174388,0.131,74867.812,0.11936179,0.044174388,0.131
0.11702822,0.042245559,0.131,73914.422,0.11702822,0.042245559,0.131
0.11469465,0.040316738,0.131,73120.172,0.11469465,0.040316734,0.131
0.11236109,0.03838791,0.131,72633.352,0.11236109,0.03838791,0.131
0.11002752,0.036459088,0.131,72403.516,0.11002752,0.036459085,0.131
0.10769396,0.03453026,0.131,72292.781,0.10769396,0.03453026,0.131
0.10536039,0.032601438,0.131,72196.523,0.10536039,0.032601435,0.131
0.10302682,0.030672612,0.131,72065.742,0.10302682,0.030672612,0.131
0.10069326,0.028743785,0.131,71846.406,0.10069326,0.028743785,0.131
0.098359689,0.02681496,0.131,71435.273,0.098359689,0.02681496,0.131
0.096026123,0.024886135,0.131,70705.055,0.096026123,0.024886135,0.131
0.093692563,0.02295731,0.131,69426.016,0.093692563,0.02295731,0.131
0.091358989,0.021106582,0.131,67573.891,0.091358997,0.021106582,0.131
0.08902543,0.019414527,0.131,65238.027,0.08902543,0.019414527,0.131
0.086691871,0.017876294,0.131,62798.891,0.086691864,0.017876294,0.131
0.084358297,0.0164779,0.131,60669.422,0.084358297,0.0164779,0.131
0.082024731,0.015206633,0.131,59048.262,0.082024731,0.015206633,0.131
0.079691164,0.014050936,0.131,57897.32,0.079691164,0.014050935,0.131
0.077357598,0.013000302,0.131,57088.273,0.077357598,0.013000302,0.131
0.25225648,0.12904269,0.131,38500.582,0.25225648,0.12904269,0.131
0.2487694,0.12711386,0.131,39341.461,0.2487694,0.12711386,0.131
0.24528234,0.12518504,0.131,40206.43,0.24528234,0.12518504,0.131
0.24179527,0.12325621,0.131,41089.219,0.24179527,0.12325621,0.131
0.23830822,0.12132739,0.131,41988.688,0.23830822,0.12132739,0.131
0.23482114,0.11939856,0.131,42909.098,0.23482116,0.11939856,0.131
0.23133408,0.11746974,0.131,43862.477,0.23133409,0.11746974,0.131
0.22784702,0.11554092,0.131,44871.238,0.22784702,0.11554091,0.131
0.22435996,0.11361209,0.131,45963.145,0.22435996,0.11361209,0.131
0.22087291,0.11168326,0.131,47158.84,0.22087289,0.11168326,0.131
0.21738583,0.10975444,0.131,48462.164,0.21738583,0.10975444,0.131
0.21389876,0.10782561,0.131,49865.277,0.21389876,0.10782561,0.131
0.21041171,0.10589679,0.131,51360.949,0.21041171,0.10589679,0.131
0.20692465,0.10396796,0.131,52946.539,0.20692465,0.10396796,0.131
0.20343757,0.10203914,0.131,54622.539,0.20343758,0.10203914,0.131
0.19995052,0.10011031,0.131,56391.531,0.19995052,0.10011031,0.131
0.19646345,0.098181486,0.131,58253.91,0.19646345,0.098181486,0.131
0.1929764,0.096252665,0.131,60201.254,0.19297639,0.096252665,0.131
0.18948933,0.094323844,0.131,62210.434,0.18948932,0.094323836,0.131
0.18600225,0.092395008,0.131,64241.121,0.18600227,0.092395015,0.131
0.18251519,0.090466186,0.131,66233.664,0.1825152,0.090466186,0.131
0.17902812,0.088537365,0.131,68106.484,0.17902814,0.088537365,0.131
0.17554107,0.086608537,0.131,69765.078,0.17554107,0.086608537,0.131
0.17205401,0.084679708,0.131,71120.883,0.17205401,0.084679715,0.131
0.16856694,0.082750887,0.131,72122.891,0.16856694,0.082750887,0.131
0.16507988,0.080822065,0.131,72785.422,0.16507988,0.080822065,0.131
0.16159281,0.078893237,0.131,73171.289,0.16159281,0.078893237,0.131
0.15810576,0.076964408,0.131,73403.469,0.15810576,0.076964416,0.131
0.15486297,0.075035587,0.131,73561.453,0.15486296,0.075035587,0.131
0.15211432,0.073106766,0.131,73698.672,0.15211432,0.073106766,0.131
0.14969815,0.071177937,0.131,73845.773,0.14969814,0.071177937,0.131
0.14736459,0.069249108,0.131,74024.711,0.14736457,0.069249116,0.131
0.14503101,0.067320287,0.131,74251.398,0.14503101,0.067320287,0.131
0.14269745,0.065391466,0.131,74536.273,0.14269744,0.065391459,0.131
0.14036389,0.063462637,0.131,74878.188,0.14036389,0.063462637,0.131
0.13803032,0.061533809,0.131,75267.211,0.13803032,0.061533812,0.131
0.13569674,0.059604988,0.131,75681.5,0.13569675,0.059604988,0.131
0.13336319,0.057676159,0.131,76094.125,0.13336319,0.057676163,0.131
0.13102962,0.055747338,0.131,76458.555,0.13102962,0.055747338,0.131
0.12869605,0.053818509,0.131,76727.023,0.12869605,0.053818513,0.131
0.12636247,0.051889684,0.131,76840.305,0.12636249,0.051889688,0.131
0.12402891,0.049960859,0.131,76711.727,0.12402892,0.049960863,0.131
0.12169535,0.048032038,0.131,76268.227,0.12169535,0.048032038,0.131
0.11936179,0.046103209,0.131,75508.477,0.11936179,0.046103213,0.131
0.11702822,0.044174388,0.131,74559.992,0.11702822,0.044174388,0.131
0.11469465,0.042245559,0.131,73674.227,0.11469465,0.042245559,0.131
0.11236109,0.040316738,0.131,73073.984,0.11236109,0.040316734,0.131
0.11002752,0.03838791,0.131,72782.75,0.11002752,0.03838791,0.131
0.10769396,0.036459088,0.131,72670.312,0.10769396,0.036459085,0.131
0.10536039,0.03453026,0.131,72600.445,0.10536039,0.03453026,0.131
0.10302682,0.032601438,0.131,72501.359,0.10302682,0.032601435,0.131
0.10069326,0.030672612,0.131,72315.195,0.10069326,0.030672612,0.131
0.098359689,0.028743785,0.131,71934.609,0.098359689,0.028743785,0.131
0.096026123,0.02681496,0.131,71235.789,0.096026123,0.02681496,0.131
0.093692563,0.024886135,0.131,69947.648,0.093692563,0.024886135,0.131
0.091358989,0.02295731,0.131,68006.539,0.091358997,0.02295731,0.131
0.08902543,0.021106582,0.131,65482.91,0.08902543,0.021106582,0.131
0.086691871,0.019414527,0.131,62837.078,0.086691864,0.019414527,0.131
0.084358297,0.017876294,0.131,60547.23,0.084358297,0.017876294,0.131
0.082024731,0.0164779,0.131,58834.414,0.082024731,0.0164779,0.131
0.079691164,0.015206633,0.131,57650.301,0.079691164,0.015206633,0.131
0.077357598,0.014050936,0.131,56847.965,0.077357598,0.014050935,0.131
0.075024031,0.013000302,0.131,56255.234,0.075024031,0.013000302,0.131
0.25225648,0.13089341,0.131,38606.789,0.25225648,0.13089342,0.131
0.2487694,0.12904269,0.131,39453.145,0.2487694,0.12904269,0.131
0.24528234,0.12711386,0.131,40323.852,0.24528234,0.12711386,0.131
0.24179527,0.12518504,0.131,41215.219,0.24179527,0.12518504,0.131
0.23830822,0.12325621,0.131,42123.414,0.23830822,0.12325621,0.131
0.23482114,0.12132739,0.131,43049.383,0.23482116,0.12132739,0.131
0.23133408,0.11939856,0.131,44001.199,0.23133409,0.11939856,0.131
0.22784702,0.11746974,0.131,44997.336,0.22784702,0.11746974,0.131
0.22435996,0.11554092,0.131,46065.148,0.22435996,0.11554091,0.131
0.22087291,0.11361209,0.131,47231.68,0.22087289,0.11361209,0.131
0.21738583,0.11168326,0.131,48509.387,0.21738583,0.11168326,0.131
0.21389876,0.10975444,0.131,49893.863,0.21389876,0.10975444,0.131
0.21041171,0.10782561,0.131,51375.156,0.21041171,0.10782561,0.131
0.20692465,0.10589679,0.131,52946.852,0.20692465,0.10589679,0.131
0.20343757,0.10396796,0.131,54606.668,0.20343758,0.10396796,0.131
0.19995052,0.10203914,0.131,56356.258,0.19995052,0.10203914,0.131
0.19646345,0.10011031,0.131,58196.984,0.19646345,0.10011031,0.131
0.1929764,0.098181486,0.131,60122.453,0.19297639,0.098181486,0.131
0.18948933,0.096252665,0.131,62112.199,0.18948932,0.096252665,0.131
0.18600225,0.094323844,0.131,64128.262,0.18600227,0.094323836,0.131
0.18251519,0.092395008,0.131,66112.07,0.1825152,0.092395015,0.131
0.17902812,0.090466186,0.131,67984.289,0.17902814,0.090466186,0.131
0.17554107,0.088537365,0.131,69650.406,0.17554107,0.088537365,0.131
0.17205401,0.086608537,0.131,71021.672,0.17205401,0.086608537,0.131
0.16856694,0.084679708,0.131,72045.312,0.16856694,0.084679715,0.131
0.16507988,0.082750887,0.131,72728.656,0.16507988,0.082750887,0.131
0.16159281,0.080822065,0.131,73133.727,0.16159281,0.080822065,0.131
0.15810576,0.078893237,0.131,73383.453,0.15810576,0.078893237,0.131
0.15486297,0.076964408,0.131,73554.312,0.15486296,0.076964416,0.131
0.15211432,0.075035587,0.131,73698.969,0.15211432,0.075035587,0.131
0.14969815,0.073106766,0.131,73850.344,0.14969814,0.073106766,0.131
0.14736459,0.071177937,0.131,74028.047,0.14736457,0.071177937,0.131
0.14503101,0.069249108,0.131,74250.391,0.14503101,0.069249116,0.131
0.14269745,0.067320287,0.131,74525.984,0.14269744,0.067320287,0.131
0.14036389,0.065391466,0.131,74859.508,0.14036389,0.065391459,0.131
0.13803032,0.063462637,0.131,75244.898,0.13803032,0.063462637,0.131
0.13569674,0.061533809,0.131,75669.664,0.13569675,0.061533812,0.131
0.13336319,0.059604988,0.131,76109.086,0.13336319,0.059604988,0.131
0.13102962,0.057676159,0.131,76523.375,0.13102962,0.057676163,0.131
0.12869605,0.055747338,0.131,76860.453,0.12869605,0.055747338,0.131
0.12636247,0.053818509,0.131,77066.469,0.12636249,0.053818513,0.131
0.12402891,0.051889684,0.131,77067.344,0.12402892,0.051889688,0.131
0.12169535,0.049960859,0.131,76770.484,0.12169535,0.049960863,0.131
0.11936179,0.048032038,0.131,76137.258,0.11936179,0.048032038,0.131
0.11702822,0.046103209,0.131,75238.492,0.11702822,0.046103213,0.131
0.11469465,0.044174388,0.131,74296.984,0.11469465,0.044174388,0.131
0.11236109,0.042245559,0.131,73581.602,0.11236109,0.042245559,0.131
0.11002752,0.040316738,0.131,73204.891,0.11002752,0.040316734,0.131
0.10769396,0.03838791,0.131,73071.32,0.10769396,0.03838791,0.131
0.10536039,0.036459088,0.131,73021.852,0.10536039,0.036459085,0.131
0.10302682,0.03453026,0.131,72952.031,0.10302682,0.03453026,0.131
0.10069326,0.032601438,0.131,72796.906,0.10069326,0.032601435,0.131
0.098359689,0.030672612,0.131,72444.531,0.098359689,0.030672612,0.131
0.096026123,0.028743785,0.131,71774.969,0.096026123,0.028743785,0.131
0.093692563,0.02681496,0.131,70471.18,0.093692563,0.02681496,0.131
0.091358989,0.024886135,0.131,68450.852,0.091358997,0.024886135,0.131
0.08902543,0.02295731,0.131,65725.219,0.08902543,0.02295731,0.131
0.086691871,0.021106582,0.131,62844.895,0.086691864,0.021106582,0.131
0.084358297,0.019414527,0.131,60383.758,0.084358297,0.019414527,0.131
0.082024731,0.017876294,0.131,58577.078,0.082024731,0.017876294,0.131
0.079691164,0.0164779,0.131,57365.227,0.079691164,0.0164779,0.131
0.077357598,0.015206633,0.131,56575.789,0.077357598,0.015206633,0.131
0.075024031,0.014050936,0.131,56012.934,0.075024031,0.014050935,0.131
0.072690465,0.013000302,0.131,55548.285,0.072690465,0.013000302,0.131
0.25225648,0.13258547,0.131,38704.512,0.25225648,0.13258548,0.131
0.2487694,0.13089341,0.131,39558.406,0.2487694,0.13089342,0.131
0.24528234,0.12904269,0.131,40436.879,0.24528234,0.12904269,0.131
0.24179527,0.12711386,0.131,41335.684,0.24179527,0.12711386,0.131
0.23830822,0.12518504,0.131,42252.934,0.23830822,0.12518504,0.131
0.23482114,0.12325621,0.131,43186.555,0.23482116,0.12325621,0.131
0.23133408,0.12132739,0.131,44140.848,0.23133409,0.12132739,0.131
0.22784702,0.11939856,0.131,45129.828,0.22784702,0.11939856,0.131
0.22435996,0.11746974,0.131,46177.883,0.22435996,0.11746974,0.131
0.22087291,0.11554092,0.131,47315.223,0.22087289,0.11554091,0.131
0.21738583,0.11361209,0.131,48563.391,0.21738583,0.11361209,0.131
0.21389876,0.11168326,0.131,49924.922,0.21389876,0.11168326,0.131
0.21041171,0.10975444,0.131,51390.117,0.21041171,0.10975444,0.131
0.20692465,0.10782561,0.131,52948.344,0.20692465,0.10782561,0.131
0.20343757,0.10589679,0.131,54593.348,0.20343758,0.10589679,0.131
0.19995052,0.10396796,0.131,56324.086,0.19995052,0.10396796,0.131
0.19646345,0.10203914,0.131,58142.418,0.19646345,0.10203914,0.131
0.1929764,0.10011031,0.131,60044.742,0.19297639,0.10011031,0.131
0.18948933,0.098181486,0.131,62012.738,0.18948932,0.098181486,0.131
0.18600225,0.096252665,0.131,64010.926,0.18600227,0.096252665,0.131
0.18251519,0.094323844,0.131,65983.031,0.1825152,0.094323836,0.131
0.17902812,0.092395008,0.131,67850.766,0.17902814,0.092395015,0.131
0.17554107,0.090466186,0.131,69522.055,0.17554107,0.090466186,0.131
0.17205401,0.088537365,0.131,70907.516,0.17205401,0.088537365,0.131
0.16856694,0.086608537,0.131,71952.227,0.16856694,0.086608537,0.131
0.16507988,0.084679708,0.131,72657.945,0.16507988,0.084679715,0.131
0.16159281,0.082750887,0.131,73084.195,0.16159281,0.082750887,0.131
0.15810576,0.080822065,0.131,73351.719,0.15810576,0.080822065,0.131
0.15486297,0.078893237,0.131,73538.336,0.15486296,0.078893237,0.131
0.15211432,0.076964408,0.131,73692.945,0.15211432,0.076964416,0.131
0.14969815,0.075035587,0.131,73849.617,0.14969814,0.075035587,0.131
0.14736459,0.073106766,0.131,74029.453,0.14736457,0.073106766,0.131
0.14503101,0.071177937,0.131,74248.023,0.14503101,0.071177937,0.131
0.14269745,0.069249108,0.131,74517.859,0.14269744,0.069249116,0.131
0.14036389,0.067320287,0.131,74842.016,0.14036389,0.067320287,0.131
0.13803032,0.065391466,0.131,75221.055,0.13803032,0.065391459,0.131
0.13569674,0.063462637,0.131,75647.656,0.13569675,0.063462637,0.131
0.13336319,0.061533809,0.131,76107.898,0.13336319,0.061533812,0.131
0.13102962,0.059604988,0.131,76563.008,0.13102962,0.059604988,0.131
0.12869605,0.057676159,0.131,76963.297,0.12869605,0.057676163,0.131
0.12636247,0.055747338,0.131,77255.258,0.12636249,0.055747338,0.131
0.12402891,0.053818509,0.131,77373.586,0.12402892,0.053818513,0.131
0.12169535,0.051889684,0.131,77228.094,0.12169535,0.051889688,0.131
0.11936179,0.049960859,0.131,76741.273,0.11936179,0.049960863,0.131
0.11702822,0.048032038,0.131,75934.117,0.11702822,0.048032038,0.131
0.11469465,0.046103209,0.131,74980.383,0.11469465,0.046103213,0.131
0.11236109,0.044174388,0.131,74164.367,0.11236109,0.044174388,0.131
0.11002752,0.042245559,0.131,73682.672,0.11002752,0.042245559,0.131
0.10769396,0.040316738,0.131,73503.938,0.10769396,0.040316734,0.131
0.10536039,0.03838791,0.131,73462.891,0.10536039,0.03838791,0.131
0.10302682,0.036459088,0.131,73419.508,0.10302682,0.036459085,0.131
0.10069326,0.03453026,0.131,73293.164,0.10069326,0.03453026,0.131
0.098359689,0.032601438,0.131,72964.203,0.098359689,0.032601435,0.131
0.096026123,0.030672612,0.131,72319.938,0.096026123,0.030672612,0.131
0.093692563,0.028743785,0.131,70991.328,0.093692563,0.028743785,0.131
0.091358989,0.02681496,0.131,68880.039,0.091358997,0.02681496,0.131
0.08902543,0.024886135,0.131,65938.305,0.08902543,0.024886135,0.131
0.086691871,0.02295731,0.131,62801.957,0.086691864,0.02295731,0.131
0.084358297,0.021106582,0.131,60162.391,0.084358297,0.021106582,0.131
0.082024731,0.019414527,0.131,58262.816,0.082024731,0.019414527,0.131
0.079691164,0.017876294,0.131,57034.328,0.079691164,0.017876294,0.131
0.077357598,0.0164779,0.131,56267.445,0.077357598,0.0164779,0.131
0.075024031,0.015206633,0.131,55741.707,0.075024031,0.015206633,0.131
0.072690465,0.014050936,0.131,55315.383,0.072690465,0.014050935,0.131
0.070356898,0.013000302,0.131,54913.777,0.070356898,0.013000302,0.131
0.25225648,0.13412371,0.131,38794.598,0.25225648,0.13412371,0.131
0.2487694,0.13258547,0.131,39654.211,0.2487694,0.13258548,0.131
0.24528234,0.13089341,0.131,40542.355,0.24528234,0.13089342,0.131
0.24179527,0.12904269,0.131,41451.094,0.24179527,0.12904269,0.131
0.23830822,0.12711386,0.131,42376.926,0.23830822,0.12711386,0.131
0.23482114,0.12518504,0.131,43319.312,0.23482116,0.12518504,0.131
0.23133408,0.12325621,0.131,44279.164,0.23133409,0.12325621,0.131
0.22784702,0.12132739,0.131,45266.062,0.22784702,0.12132739,0.131
0.22435996,0.11939856,0.131,46300.043,0.22435996,0.11939856,0.131
0.22087291,0.11746974,0.131,47410.777,0.22087289,0.11746974,0.131
0.21738583,0.11554092,0.131,48627.02,0.21738583,0.11554091,0.131
0.21389876,0.11361209,0.131,49960.691,0.21389876,0.11361209,0.131
0.21041171,0.11168326,0.131,51406.215,0.21041171,0.11168326,0.131
0.20692465,0.10975444,0.131,52950.363,0.20692465,0.10975444,0.131
0.20343757,0.10782561,0.131,54581.984,0.20343758,0.10782561,0.131
0.19995052,0.10589679,0.131,56295.586,0.19995052,0.10589679,0.131
0.19646345,0.10396796,0.131,58091.531,0.19646345,0.10396796,0.131
0.1929764,0.10203914,0.131,59968.961,0.19297639,0.10203914,0.131
0.18948933,0.10011031,0.131,61913.492,0.18948932,0.10011031,0.131
0.18600225,0.098181486,0.131,63891.195,0.18600227,0.098181486,0.131
0.18251519,0.096252665,0.131,65848.094,0.1825152,0.096252665,0.131
0.17902812,0.094323844,0.131,67708.531,0.17902814,0.094323836,0.131
0.17554107,0.092395008,0.131,69381.438,0.17554107,0.092395015,0.131
0.17205401,0.090466186,0.131,70779.461,0.17205401,0.090466186,0.131
0.16856694,0.088537365,0.131,71845.375,0.16856694,0.088537365,0.131
0.16507988,0.086608537,0.131,72574.484,0.16507988,0.086608537,0.131
0.16159281,0.084679708,0.131,73023.641,0.16159281,0.084679715,0.131
0.15810576,0.082750887,0.131,73310.438,0.15810576,0.082750887,0.131
0.15486297,0.080822065,0.131,73512.891,0.15486296,0.080822065,0.131
0.15211432,0.078893237,0.131,73680.305,0.15211432,0.078893237,0.131
0.14969815,0.076964408,0.131,73844.195,0.14969814,0.076964416,0.131
0.14736459,0.075035587,0.131,74027.266,0.14736457,0.075035587,0.131
0.14503101,0.073106766,0.131,74245.312,0.14503101,0.073106766,0.131
0.14269745,0.071177937,0.131,74509.328,0.14269744,0.071177937,0.131
0.14036389,0.069249108,0.131,74827.414,0.14036389,0.069249116,0.131
0.13803032,0.067320287,0.131,75197.836,0.13803032,0.067320287,0.131
0.13569674,0.065391466,0.131,75620.836,0.13569675,0.065391459,0.131
0.13336319,0.063462637,0.131,76092.031,0.13336319,0.063462637,0.131
0.13102962,0.061533809,0.131,76582.242,0.13102962,0.061533812,0.131
0.12869605,0.059604988,0.131,77038.117,0.12869605,0.059604988,0.131
0.12636247,0.057676159,0.131,77408.539,0.12636249,0.057676163,0.131
0.12402891,0.055747338,0.131,77635.633,0.12402892,0.055747338,0.131
0.12169535,0.053818509,0.131,77635.148,0.12169535,0.053818513,0.131
0.11936179,0.051889684,0.131,77311.781,0.11936179,0.051889688,0.131
0.11702822,0.049960859,0.131,76631.078,0.11702822,0.049960863,0.131
0.11469465,0.048032038,0.131,75711.266,0.11469465,0.048032038,0.131
0.11236109,0.046103209,0.131,74823.117,0.11236109,0.046103213,0.131
0.11002752,0.044174388,0.131,74227.414,0.11002752,0.044174388,0.131
0.10769396,0.042245559,0.131,73977.227,0.10769396,0.042245559,0.131
0.10536039,0.040316738,0.131,73925.68,0.10536039,0.040316734,0.131
0.10302682,0.03838791,0.131,73901.734,0.10302682,0.03838791,0.131
0.10069326,0.036459088,0.131,73803.711,0.10069326,0.036459085,0.131
0.098359689,0.03453026,0.131,73497.391,0.098359689,0.03453026,0.131
0.096026123,0.032601438,0.131,72870.0,0.096026123,0.032601435,0.131
0.093692563,0.030672612,0.131,71504.602,0.093692563,0.030672612,0.131
0.091358989,0.028743785,0.131,69274.773,0.091358997,0.028743787,0.131
0.08902543,0.02681496,0.131,66086.523,0.08902543,0.02681496,0.131
0.086691871,0.024886135,0.131,62680.43,0.086691864,0.024886135,0.131
0.084358297,0.02295731,0.131,59855.438,0.084358297,0.02295731,0.131
0.082024731,0.021106582,0.131,57874.648,0.082024731,0.021106582,0.131
0.079691164,0.019414527,0.131,56648.82,0.079691164,0.019414527,0.131
0.077357598,0.017876294,0.131,55918.07,0.077357598,0.017876294,0.131
0.075024031,0.0164779,0.131,55438.422,0.075024031,0.0164779,0.131
0.072690465,0.015206633,0.131,55056.246,0.072690465,0.015206633,0.131
0.070356898,0.014050936,0.131,54694.191,0.070356898,0.014050935,0.131
0.068023331,0.013000302,0.131,54318.664,0.068023331,0.013000302,0.131
0.25225648,0.1355221,0.131,38877.863,0.25225648,0.1355221,0.131
0.2487694,0.13412371,0.131,39741.766,0.2487694,0.13412371,0.131
0.24528234,0.13258547,0.131,40637.285,0.24528234,0.13258548,0.131
0.24179527,0.13089341,0.131,41557.934,0.24179527,0.13089342,0.131
0.23830822,0.12904269,0.131,42495.508,0.23830822,0.12904269,0.131
0.23482114,0.12711386,0.131,43446.945,0.23482116,0.12711386,0.131
0.23133408,0.12518504,0.131,44414.359,0.23133409,0.12518504,0.131
0.22784702,0.12325621,0.131,45403.316,0.22784702,0.12325621,0.131
0.22435996,0.12132739,0.131,46429.156,0.22435996,0.12132739,0.131
0.22087291,0.11939856,0.131,47518.188,0.22087289,0.11939856,0.131
0.21738583,0.11746974,0.131,48702.531,0.21738583,0.11746974,0.131
0.21389876,0.11554092,0.131,50004.027,0.21389876,0.11554091,0.131
0.21041171,0.11361209,0.131,51424.898,0.21041171,0.11361209,0.131
0.20692465,0.11168326,0.131,52952.555,0.20692465,0.11168326,0.131
0.20343757,0.10975444,0.131,54571.438,0.20343758,0.10975444,0.131
0.19995052,0.10782561,0.131,56270.18,0.19995052,0.10782561,0.131
0.19646345,0.10589679,0.131,58045.301,0.19646345,0.10589679,0.131
0.1929764,0.10396796,0.131,59896.84,0.19297639,0.10396796,0.131
0.18948933,0.10203914,0.131,61815.223,0.18948932,0.10203914,0.131
0.18600225,0.10011031,0.131,63770.566,0.18600227,0.10011031,0.131
0.18251519,0.098181486,0.131,65709.562,0.1825152,0.098181486,0.131
0.17902812,0.096252665,0.131,67559.18,0.17902814,0.096252665,0.131
0.17554107,0.094323844,0.131,69231.281,0.17554107,0.094323836,0.131
0.17205401,0.092395008,0.131,70638.805,0.17205401,0.092395015,0.131
0.16856694,0.090466186,0.131,71725.508,0.16856694,0.090466186,0.131
0.16507988,0.088537365,0.131,72479.859,0.16507988,0.088537365,0.131
0.16159281,0.086608537,0.131,72953.875,0.16159281,0.086608537,0.131
0.15810576,0.084679708,0.131,73260.375,0.15810576,0.084679715,0.131
0.15486297,0.082750887,0.131,73480.086,0.15486296,0.082750887,0.131
0.15211432,0.080822065,0.131,73660.211,0.15211432,0.080822065,0.131
0.14969815,0.078893237,0.131,73833.75,0.14969814,0.078893237,0.131
0.14736459,0.076964408,0.131,74022.211,0.14736457,0.076964416,0.131
0.14503101,0.075035587,0.131,74240.992,0.14503101,0.075035587,0.131
0.14269745,0.073106766,0.131,74502.102,0.14269744,0.073106766,0.131
0.14036389,0.071177937,0.131,74813.602,0.14036389,0.071177937,0.131
0.13803032,0.069249108,0.131,75178.375,0.13803032,0.069249116,0.131
0.13569674,0.067320287,0.131,75593.461,0.13569675,0.067320287,0.131
0.13336319,0.065391466,0.131,76066.703,0.13336319,0.065391459,0.131
0.13102962,0.063462637,0.131,76582.375,0.13102962,0.063462637,0.131
0.12869605,0.061533809,0.131,77089.398,0.12869605,0.061533812,0.131
0.12636247,0.059604988,0.131,77529.945,0.12636249,0.059604988,0.131
0.12402891,0.057676159,0.131,77855.016,0.12402892,0.057676163,0.131
0.12169535,0.055747338,0.131,77992.781,0.12169535,0.055747338,0.131
0.11936179,0.053818509,0.131,77837.727,0.11936179,0.053818513,0.131
0.11702822,0.051889684,0.131,77313.695,0.11702822,0.051889688,0.131
0.11469465,0.049960859,0.131,76472.125,0.11469465,0.049960863,0.131
0.11236109,0.048032038,0.131,75551.016,0.11236109,0.048032038,0.131
0.11002752,0.046103209,0.131,74845.5,0.11002752,0.046103213,0.131
0.10769396,0.044174388,0.131,74499.469,0.10769396,0.044174388,0.131
0.10536039,0.042245559,0.131,74414.969,0.10536039,0.042245559,0.131
0.10302682,0.040316738,0.131,74396.594,0.10302682,0.040316734,0.131
0.10069326,0.03838791,0.131,74321.516,0.10069326,0.03838791,0.131
0.098359689,0.036459088,0.131,74047.109,0.098359689,0.036459085,0.131
0.096026123,0.03453026,0.131,73426.117,0.096026123,0.03453026,0.131
0.093692563,0.032601438,0.131,72015.898,0.093692563,0.032601435,0.131
0.091358989,0.030672612,0.131,69628.945,0.091358997,0.030672612,0.131
0.08902543,0.028743785,0.131,66142.586,0.08902543,0.028743787,0.131
0.086691871,0.02681496,0.131,62458.281,0.086691864,0.02681496,0.131
0.084358297,0.024886135,0.131,59445.035,0.084358297,0.024886135,0.131
0.082024731,0.02295731,0.131,57395.254,0.082024731,0.02295731,0.131
0.079691164,0.021106582,0.131,56199.078,0.079691164,0.021106582,0.131
0.077357598,0.019414527,0.131,55523.09,0.077357598,0.019414527,0.131
0.075024031,0.017876294,0.131,55100.18,0.075024031,0.017876294,0.131
0.072690465,0.0164779,0.131,54768.926,0.072690465,0.0164779,0.131
0.070356898,0.015206633,0.131,54450.883,0.070356898,0.015206633,0.131
0.068023331,0.014050936,0.131,54111.668,0.068023331,0.014050935,0.131
0.065689765,0.013000302,0.131,53750.277,0.065689765,0.013000302,0.131
0.25225648,0.13679338,0.131,38954.828,0.25225648,0.13679336,0.131
0.2487694,0.1355221,0.131,39822.188,0.2487694,0.1355221,0.131
0.24528234,0.13412371,0.131,40723.191,0.24528234,0.13412371,0.131
0.24179527,0.13258547,0.131,41653.094,0.24179527,0.13258548,0.131
0.23830822,0.13089341,0.131,42604.707,0.23830822,0.13089342,0.131
0.23482114,0.12904269,0.131,43569.184,0.23482116,0.12904269,0.131
0.23133408,0.12711386,0.131,44545.266,0.23133409,0.12711386,0.131
0.22784702,0.12518504,0.131,45539.227,0.22784702,0.12518504,0.131
0.22435996,0.12325621,0.131,46562.207,0.22435996,0.12325621,0.131
0.22087291,0.12132739,0.131,47635.727,0.22087289,0.12132739,0.131
0.21738583,0.11939856,0.131,48791.094,0.21738583,0.11939856,0.131
0.21389876,0.11746974,0.131,50057.918,0.21389876,0.11746974,0.131
0.21041171,0.11554092,0.131,51448.629,0.21041171,0.11554091,0.131
0.20692465,0.11361209,0.131,52955.59,0.20692465,0.11361209,0.131
0.20343757,0.11168326,0.131,54560.652,0.20343758,0.11168326,0.131
0.19995052,0.10975444,0.131,56246.551,0.19995052,0.10975444,0.131
0.19646345,0.10782561,0.131,58003.605,0.19646345,0.10782561,0.131
0.1929764,0.10589679,0.131,59829.926,0.19297639,0.10589679,0.131
0.18948933,0.10396796,0.131,61719.965,0.18948932,0.10396796,0.131
0.18600225,0.10203914,0.131,63649.691,0.18600227,0.10203914,0.131
0.18251519,0.10011031,0.131,65569.094,0.1825152,0.10011031,0.131
0.17902812,0.098181486,0.131,67405.266,0.17902814,0.098181486,0.131
0.17554107,0.096252665,0.131,69073.164,0.17554107,0.096252665,0.131
0.17205401,0.094323844,0.131,70488.266,0.17205401,0.094323836,0.131
0.16856694,0.092395008,0.131,71593.508,0.16856694,0.092395015,0.131
0.16507988,0.090466186,0.131,72374.586,0.16507988,0.090466186,0.131
0.16159281,0.088537365,0.131,72876.328,0.16159281,0.088537365,0.131
0.15810576,0.086608537,0.131,73203.875,0.15810576,0.086608537,0.131
0.15486297,0.084679708,0.131,73440.086,0.15486296,0.084679715,0.131
0.15211432,0.082750887,0.131,73634.586,0.15211432,0.082750887,0.131
0.14969815,0.080822065,0.131,73817.43,0.14969814,0.080822065,0.131
0.14736459,0.078893237,0.131,74013.953,0.14736457,0.078893237,0.131
0.14503101,0.076964408,0.131,74236.25,0.14503101,0.076964416,0.131
0.14269745,0.075035587,0.131,74495.461,0.14269744,0.075035587,0.131
0.14036389,0.073106766,0.131,74802.688,0.14036389,0.073106766,0.131
0.13803032,0.071177937,0.131,75161.094,0.13803032,0.071177937,0.131
0.13569674,0.069249108,0.131,75570.148,0.13569675,0.069249116,0.131
0.13336319,0.067320287,0.131,76037.625,0.13336319,0.067320287,0.131
0.13102962,0.065391466,0.131,76566.75,0.13102962,0.065391459,0.131
0.12869605,0.063462637,0.131,77117.773,0.12869605,0.063462637,0.131
0.12636247,0.061533809,0.131,77623.305,0.12636249,0.061533812,0.131
0.12402891,0.059604988,0.131,78035.211,0.12402892,0.059604988,0.131
0.12169535,0.057676159,0.131,78298.414,0.12169535,0.057676163,0.131
0.11936179,0.055747338,0.131,78312.648,0.11936179,0.055747338,0.131
0.11702822,0.053818509,0.131,77964.742,0.11702822,0.053818513,0.131
0.11469465,0.051889684,0.131,77244.383,0.11469465,0.051889688,0.131
0.11236109,0.049960859,0.131,76333.555,0.11236109,0.049960863,0.131
0.11002752,0.048032038,0.131,75538.391,0.11002752,0.048032038,0.131
0.10769396,0.046103209,0.131,75080.75,0.10769396,0.046103213,0.131
0.10536039,0.044174388,0.131,74937.672,0.10536039,0.044174388,0.131
0.10302682,0.042245559,0.131,74910.969,0.10302682,0.042245563,0.131
0.10069326,0.040316738,0.131,74842.938,0.10069326,0.040316734,0.131
0.098359689,0.03838791,0.131,74613.148,0.098359689,0.03838791,0.131
0.096026123,0.036459088,0.131,73982.641,0.096026123,0.036459085,0.131
0.093692563,0.03453026,0.131,72517.133,0.093692563,0.03453026,0.131
0.091358989,0.032601438,0.131,69939.977,0.091358997,0.032601435,0.131
0.08902543,0.030672612,0.131,66101.516,0.08902543,0.030672612,0.131
0.086691871,0.028743785,0.131,62126.613,0.086691864,0.028743787,0.131
0.084358297,0.02681496,0.131,58933.105,0.084358297,0.02681496,0.131
0.082024731,0.024886135,0.131,56835.387,0.082024731,0.024886135,0.131
0.079691164,0.02295731,0.131,55678.59,0.079691164,0.02295731,0.131
0.077357598,0.021106582,0.131,55078.527,0.077357598,0.021106582,0.131
0.075024031,0.019414527,0.131,54724.809,0.075024031,0.019414527,0.131
0.072690465,0.017876294,0.131,54451.496,0.072690465,0.017876294,0.131
0.070356898,0.0164779,0.131,54182.164,0.070356898,0.0164779,0.131
0.068023331,0.015206633,0.131,53882.555,0.068023331,0.015206633,0.131
0.065689765,0.014050936,0.131,53553.883,0.065689765,0.014050935,0.131
0.25225648,0.13794906,0.131,39025.84,0.25225648,0.13794906,0.131
0.2487694,0.13679338,0.131,39896.207,0.2487694,0.13679336,0.131
0.24528234,0.1355221,0.131,40801.52,0.24528234,0.1355221,0.131
0.24179527,0.13412371,0.131,41738.297,0.24179527,0.13412371,0.131
0.23830822,0.13258547,0.131,42701.117,0.23830822,0.13258548,0.131
0.23482114,0.13089341,0.131,43681.52,0.23482116,0.13089342,0.131
0.23133408,0.12904269,0.131,44671.188,0.23133409,0.12904269,0.131
0.22784702,0.12711386,0.131,45672.145,0.22784702,0.12711386,0.131
0.22435996,0.12518504,0.131,46696.301,0.22435996,0.12518504,0.131
0.22087291,0.12325621,0.131,47760.535,0.22087289,0.12325621,0.131
0.21738583,0.12132739,0.131,48892.227,0.21738583,0.12132739,0.131
0.21389876,0.11939856,0.131,50124.59,0.21389876,0.11939856,0.131
0.21041171,0.11746974,0.131,51480.531,0.21041171,0.11746974,0.131
0.20692465,0.11554092,0.131,52961.195,0.20692465,0.11554091,0.131
0.20343757,0.11361209,0.131,54549.469,0.20343758,0.11361209,0.131
0.19995052,0.11168326,0.131,56223.137,0.19995052,0.11168326,0.131
0.19646345,0.10975444,0.131,57965.316,0.19646345,0.10975444,0.131
0.1929764,0.10782561,0.131,59768.941,0.19297639,0.10782561,0.131
0.18948933,0.10589679,0.131,61629.82,0.18948932,0.10589679,0.131
0.18600225,0.10396796,0.131,63530.781,0.18600227,0.10396796,0.131
0.18251519,0.10203914,0.131,65427.227,0.1825152,0.10203914,0.131
0.17902812,0.10011031,0.131,67248.648,0.17902814,0.10011031,0.131
0.17554107,0.098181486,0.131,68909.828,0.17554107,0.098181486,0.131
0.17205401,0.096252665,0.131,70329.305,0.17205401,0.096252665,0.131
0.16856694,0.094323844,0.131,71451.805,0.16856694,0.094323836,0.131
0.16507988,0.092395008,0.131,72259.125,0.16507988,0.092395015,0.131
0.16159281,0.090466186,0.131,72791.055,0.16159281,0.090466186,0.131
0.15810576,0.088537365,0.131,73142.328,0.15810576,0.088537365,0.131
0.15486297,0.086608537,0.131,73395.297,0.15486296,0.086608537,0.131
0.15211432,0.084679708,0.131,73603.148,0.15211432,0.084679715,0.131
0.14969815,0.082750887,0.131,73797.148,0.14969814,0.082750887,0.131
0.14736459,0.080822065,0.131,74001.523,0.14736457,0.080822065,0.131
0.14503101,0.078893237,0.131,74230.68,0.14503101,0.078893237,0.131
0.14269745,0.076964408,0.131,74490.945,0.14269744,0.076964416,0.131
0.14036389,0.075035587,0.131,74794.172,0.14036389,0.075035587,0.131
0.13803032,0.073106766,0.131,75148.031,0.13803032,0.073106766,0.131
0.13569674,0.071177937,0.131,75550.086,0.13569675,0.071177937,0.131
0.13336319,0.069249108,0.131,76010.867,0.13336319,0.069249116,0.131
0.13102962,0.067320287,0.131,76541.461,0.13102962,0.067320287,0.131
0.12869605,0.065391466,0.131,77123.531,0.12869605,0.065391459,0.131
0.12636247,0.063462637,0.131,77690.43,0.12636249,0.063462637,0.131
0.12402891,0.061533809,0.131,78180.492,0.12402892,0.061533812,0.131
0.12169535,0.059604988,0.131,78553.219,0.12169535,0.059604988,0.131
0.11936179,0.057676159,0.131,78727.875,0.11936179,0.057676163,0.131
0.11702822,0.055747338,0.131,78571.297,0.11702822,0.055747338,0.131
0.11469465,0.053818509,0.131,78006.789,0.11469465,0.053818513,0.131
0.11236109,0.051889684,0.131,77152.695,0.11236109,0.051889688,0.131
0.11002752,0.049960859,0.131,76303.727,0.11002752,0.049960863,0.131
0.10769396,0.048032038,0.131,75732.047,0.10769396,0.048032038,0.131
0.10536039,0.046103209,0.131,75506.508,0.10536039,0.046103213,0.131
0.10302682,0.044174388,0.131,75457.797,0.10302682,0.044174388,0.131
0.10069326,0.042245559,0.131,75383.016,0.10069326,0.042245563,0.131
0.098359689,0.040316738,0.131,75203.695,0.098359689,0.040316734,0.131
0.096026123,0.03838791,0.131,74536.859,0.096026123,0.03838791,0.131
0.093692563,0.036459088,0.131,72988.391,0.093692563,0.036459085,0.131
0.091358989,0.03453026,0.131,70161.141,0.091358997,0.03453026,0.131
0.08902543,0.032601438,0.131,65936.844,0.08902543,0.032601435,0.131
0.086691871,0.030672612,0.131,61667.52,0.086691864,0.030672612,0.131
0.084358297,0.028743785,0.131,58314.98,0.084358297,0.028743787,0.131
0.082024731,0.02681496,0.131,56216.102,0.082024731,0.02681496,0.131
0.079691164,0.024886135,0.131,55110.539,0.079691164,0.024886135,0.131
0.077357598,0.02295731,0.131,54584.742,0.077357598,0.02295731,0.131
0.075024031,0.021106582,0.131,54310.762,0.075024031,0.021106582,0.131
0.072690465,0.019414527,0.131,54102.602,0.072690465,0.019414527,0.131
0.070356898,0.017876294,0.131,53886.434,0.070356898,0.017876294,0.131
0.068023331,0.0164779,0.131,53629.785,0.068023331,0.0164779,0.131
0.065689765,0.015206633,0.131,53336.742,0.065689765,0.015206633,0.131
0.25225648,0.1389997,0.131,39091.223,0.25225648,0.1389997,0.131
0.2487694,0.13794906,0.131,39964.309,0.2487694,0.13794906,0.131
0.24528234,0.13679338,0.131,40873.238,0.24528234,0.13679336,0.131
0.24179527,0.1355221,0.131,41815.258,0.24179527,0.1355221,0.131
0.23830822,0.13412371,0.131,42786.512,0.23830822,0.13412371,0.131
0.23482114,0.13258547,0.131,43780.105,0.23482116,0.13258548,0.131
0.23133408,0.13089341,0.131,44787.043,0.23133409,0.13089342,0.131
0.22784702,0.12904269,0.131,45800.977,0.22784702,0.12904269,0.131
0.22435996,0.12711386,0.131,46829.219,0.22435996,0.12711386,0.131
0.22087291,0.12518504,0.131,47889.379,0.22087289,0.12518504,0.131
0.21738583,0.12325621,0.131,49003.93,0.21738583,0.12325621,0.131
0.21389876,0.12132739,0.131,50205.004,0.21389876,0.12132739,0.131
0.21041171,0.11939856,0.131,51523.691,0.21041171,0.11939856,0.131
0.20692465,0.11746974,0.131,52972.156,0.20692465,0.11746974,0.131
0.20343757,0.11554092,0.131,54538.801,0.20343758,0.11554091,0.131
0.19995052,0.11361209,0.131,56198.934,0.19995052,0.11361209,0.131
0.19646345,0.11168326,0.131,57928.691,0.19646345,0.11168326,0.131
0.1929764,0.10975444,0.131,59713.539,0.19297639,0.10975444,0.131
0.18948933,0.10782561,0.131,61546.551,0.18948932,0.10782561,0.131
0.18600225,0.10589679,0.131,63416.234,0.18600227,0.10589679,0.131
0.18251519,0.10396796,0.131,65286.242,0.1825152,0.10396796,0.131
0.17902812,0.10203914,0.131,67089.781,0.17902814,0.10203914,0.131
0.17554107,0.10011031,0.131,68743.359,0.17554107,0.10011031,0.131
0.17205401,0.098181486,0.131,70164.672,0.17205401,0.098181486,0.131
0.16856694,0.096252665,0.131,71301.398,0.16856694,0.096252665,0.131
0.16507988,0.094323844,0.131,72134.984,0.16507988,0.094323836,0.131
0.16159281,0.092395008,0.131,72697.75,0.16159281,0.092395015,0.131
0.15810576,0.090466186,0.131,73075.594,0.15810576,0.090466186,0.131
0.15486297,0.088537365,0.131,73346.906,0.15486296,0.088537365,0.131
0.15211432,0.086608537,0.131,73568.242,0.15211432,0.086608537,0.131
0.14969815,0.084679708,0.131,73772.523,0.14969814,0.084679715,0.131
0.14736459,0.082750887,0.131,73986.578,0.14736457,0.082750887,0.131
0.14503101,0.080822065,0.131,74222.945,0.14503101,0.080822065,0.131
0.14269745,0.078893237,0.131,74488.188,0.14269744,0.078893237,0.131
0.14036389,0.076964408,0.131,74789.727,0.14036389,0.076964416,0.131
0.13803032,0.075035587,0.131,75138.492,0.13803032,0.075035587,0.131
0.13569674,0.073106766,0.131,75535.273,0.13569675,0.073106766,0.131
0.13336319,0.071177937,0.131,75987.156,0.13336319,0.071177937,0.131
0.13102962,0.069249108,0.131,76513.617,0.13102962,0.069249116,0.131
0.12869605,0.067320287,0.131,77112.375,0.12869605,0.067320287,0.131
0.12636247,0.065391466,0.131,77729.617,0.12636249,0.065391459,0.131
0.12402891,0.063462637,0.131,78295.031,0.12402892,0.063462637,0.131
0.12169535,0.061533809,0.131,78762.125,0.12169535,0.061533812,0.131
0.11936179,0.059604988,0.131,79080.453,0.11936179,0.059604988,0.131
0.11702822,0.057676159,0.131,79120.422,0.11702822,0.057676163,0.131
0.11469465,0.055747338,0.131,78744.453,0.11469465,0.055747338,0.131
0.11236109,0.053818509,0.131,77993.867,0.11236109,0.053818513,0.131
0.11002752,0.051889684,0.131,77133.633,0.11002752,0.051889688,0.131
0.10769396,0.049960859,0.131,76466.422,0.10769396,0.049960863,0.131
0.10536039,0.048032038,0.131,76134.883,0.10536039,0.048032038,0.131
0.10302682,0.046103209,0.131,76042.891,0.10302682,0.046103213,0.131
0.10069326,0.044174388,0.131,75955.969,0.10069326,0.044174388,0.131
0.098359689,0.042245559,0.131,75829.867,0.098359689,0.042245563,0.131
0.096026123,0.040316738,0.131,75081.133,0.096026123,0.040316734,0.131
0.093692563,0.03838791,0.131,73435.523,0.093692563,0.03838791,0.131
0.091358989,0.036459088,0.131,70245.461,0.091358997,0.036459085,0.131
0.08902543,0.03453026,0.131,65616.203,0.08902543,0.03453026,0.131
0.086691871,0.032601438,0.131,61026.633,0.086691864,0.032601435,0.131
0.084358297,0.030672612,0.131,57591.484,0.084358297,0.030672612,0.131
0.082024731,0.028743785,0.131,55544.457,0.082024731,0.028743787,0.131
0.079691164,0.02681496,0.131,54524.438,0.079691164,0.02681496,0.131
0.077357598,0.024886135,0.131,54068.094,0.077357598,0.024886135,0.131
0.075024031,0.02295731,0.131,53860.328,0.075024031,0.02295731,0.131
0.072690465,0.021106582,0.131,53721.52,0.072690465,0.021106582,0.131
0.070356898,0.019414527,0.131,53562.516,0.070356898,0.019414527,0.131
0.068023331,0.017876294,0.131,53352.043,0.068023331,0.017876294,0.131
0.065689765,0.0164779,0.131,53097.621,0.065689765,0.0164779,0.131
0.063356198,0.015206633,0.131,52815.625,0.063356206,0.015206633,0.131
0.2487694,0.1389997,0.131,40026.879,0.2487694,0.1389997,0.131
0.24528234,0.13794906,0.131,40939.004,0.24528234,0.13794906,0.131
0.24179527,0.13679338,0.131,41885.219,0.24179527,0.13679336,0.131
0.23830822,0.1355221,0.131,42862.816,0.23830822,0.1355221,0.131
0.23482114,0.13412371,0.131,43866.629,0.23482116,0.13412371,0.131
0.23133408,0.13258547,0.131,44888.473,0.23133409,0.13258548,0.131
0.22784702,0.13089341,0.131,45920.145,0.22784702,0.13089342,0.131
0.22435996,0.12904269,0.131,46959.449,0.22435996,0.12904269,0.131
0.22087291,0.12711386,0.131,48019.496,0.22087289,0.12711386,0.131
0.21738583,0.12518504,0.131,49123.164,0.21738583,0.12518504,0.131
0.21389876,0.12325621,0.131,50298.504,0.21389876,0.12325621,0.131
0.21041171,0.12132739,0.131,51580.363,0.21041171,0.12132739,0.131
0.20692465,0.11939856,0.131,52991.852,0.20692465,0.11939856,0.131
0.20343757,0.11746974,0.131,54530.898,0.20343758,0.11746974,0.131
0.19995052,0.11554092,0.131,56173.965,0.19995052,0.11554091,0.131
0.19646345,0.11361209,0.131,57892.102,0.19646345,0.11361209,0.131
0.1929764,0.11168326,0.131,59662.293,0.19297639,0.11168326,0.131
0.18948933,0.10975444,0.131,61471.0,0.18948932,0.10975444,0.131
0.18600225,0.10782561,0.131,63308.684,0.18600227,0.10782561,0.131
0.18251519,0.10589679,0.131,65148.477,0.1825152,0.10589679,0.131
0.17902812,0.10396796,0.131,66930.953,0.17902814,0.10396796,0.131
0.17554107,0.10203914,0.131,68574.094,0.17554107,0.10203914,0.131
0.17205401,0.10011031,0.131,69996.531,0.17205401,0.10011031,0.131
0.16856694,0.098181486,0.131,71144.758,0.16856694,0.098181486,0.131
0.16507988,0.096252665,0.131,72002.266,0.16507988,0.096252665,0.131
0.16159281,0.094323844,0.131,72597.078,0.16159281,0.094323836,0.131
0.15810576,0.092395008,0.131,73003.297,0.15810576,0.092395015,0.131
0.15486297,0.090466186,0.131,73294.883,0.15486296,0.090466186,0.131
0.15211432,0.088537365,0.131,73530.914,0.15211432,0.088537365,0.131
0.14969815,0.086608537,0.131,73745.977,0.14969814,0.086608537,0.131
0.14736459,0.084679708,0.131,73968.695,0.14736457,0.084679715,0.131
0.14503101,0.082750887,0.131,74214.188,0.14503101,0.082750887,0.131
0.14269745,0.080822065,0.131,74485.523,0.14269744,0.080822065,0.131
0.14036389,0.078893237,0.131,74789.094,0.14036389,0.078893237,0.131
0.13803032,0.076964408,0.131,75133.898,0.13803032,0.076964416,0.131
0.13569674,0.075035587,0.131,75524.969,0.13569675,0.075035587,0.131
0.13336319,0.073106766,0.131,75969.367,0.13336319,0.073106766,0.131
0.13102962,0.071177937,0.131,76486.477,0.13102962,0.071177937,0.131
0.12869605,0.069249108,0.131,77091.469,0.12869605,0.069249116,0.131
0.12636247,0.067320287,0.131,77746.305,0.12636249,0.067320287,0.131
0.12402891,0.065391466,0.131,78377.602,0.12402892,0.065391459,0.131
0.12169535,0.063462637,0.131,78934.336,0.12169535,0.063462637,0.131
0.11936179,0.061533809,0.131,79374.781,0.11936179,0.061533812,0.131
0.11702822,0.059604988,0.131,79602.492,0.11702822,0.059604988,0.131
0.11469465,0.057676159,0.131,79443.734,0.11469465,0.057676163,0.131
0.11236109,0.055747338,0.131,78842.633,0.11236109,0.055747338,0.131
0.11002752,0.053818509,0.131,78017.836,0.11002752,0.053818513,0.131
0.10769396,0.051889684,0.131,77282.797,0.10769396,0.051889688,0.131
0.10536039,0.049960859,0.131,76837.008,0.10536039,0.049960863,0.131
0.10302682,0.048032038,0.131,76665.773,0.10302682,0.048032038,0.131
0.10069326,0.046103209,0.131,76549.344,0.10069326,0.046103213,0.131
0.098359689,0.044174388,0.131,76445.672,0.098359689,0.044174388,0.131
0.096026123,0.042245559,0.131,75580.57,0.096026123,0.042245563,0.131
0.093692563,0.040316738,0.131,73847.945,0.093692563,0.040316734,0.131
0.091358989,0.03838791,0.131,70195.43,0.091358997,0.03838791,0.131
0.08902543,0.036459088,0.131,65111.004,0.08902543,0.036459085,0.131
0.086691871,0.03453026,0.131,60202.562,0.086691864,0.03453026,0.131
0.084358297,0.032601438,0.131,56761.527,0.084358297,0.032601435,0.131
0.082024731,0.030672612,0.131,54833.148,0.082024731,0.030672612,0.131
0.079691164,0.028743785,0.131,53931.195,0.079691164,0.028743787,0.131
0.077357598,0.02681496,0.131,53556.539,0.077357598,0.02681496,0.131
0.075024031,0.024886135,0.131,53398.402,0.075024031,0.024886135,0.131
0.072690465,0.02295731,0.131,53310.785,0.072690465,0.02295731,0.131
0.070356898,0.021106582,0.131,53209.664,0.070356898,0.021106582,0.131
0.068023331,0.019414527,0.131,53048.23,0.068023331,0.019414527,0.131
0.065689765,0.017876294,0.131,52835.191,0.065689765,0.017876294,0.131
0.063356198,0.0164779,0.131,52588.938,0.063356206,0.0164779,0.131
0.24528234,0.1389997,0.131,40999.316,0.24528234,0.1389997,0.131
0.24179527,0.13794906,0.131,41949.059,0.24179527,0.13794906,0.131
0.23830822,0.13679338,0.131,42931.559,0.23830822,0.13679336,0.131
0.23482114,0.1355221,0.131,43943.145,0.23482116,0.1355221,0.131
0.23133408,0.13412371,0.131,44976.961,0.23133409,0.13412371,0.131
0.22784702,0.13258547,0.131,46024.727,0.22784702,0.13258548,0.131
0.22435996,0.13089341,0.131,47081.016,0.22435996,0.13089342,0.131
0.22087291,0.12904269,0.131,48148.887,0.22087289,0.12904269,0.131
0.21738583,0.12711386,0.131,49246.836,0.21738583,0.12711386,0.131
0.21389876,0.12518504,0.131,50403.027,0.21389876,0.12518504,0.131
0.21041171,0.12325621,0.131,51651.266,0.21041171,0.12325621,0.131
0.20692465,0.12132739,0.131,53023.422,0.20692465,0.12132739,0.131
0.20343757,0.11939856,0.131,54528.906,0.20343758,0.11939856,0.131
0.19995052,0.11746974,0.131,56149.68,0.19995052,0.11746974,0.131
0.19646345,0.11554092,0.131,57854.504,0.19646345,0.11554091,0.131
0.1929764,0.11361209,0.131,59613.242,0.19297639,0.11361209,0.131
0.18948933,0.11168326,0.131,61402.777,0.18948932,0.11168326,0.131
0.18600225,0.10975444,0.131,63210.219,0.18600227,0.10975444,0.131
0.18251519,0.10782561,0.131,65016.949,0.1825152,0.10782561,0.131
0.17902812,0.10589679,0.131,66774.086,0.17902814,0.10589679,0.131
0.17554107,0.10396796,0.131,68404.32,0.17554107,0.10396796,0.131
0.17205401,0.10203914,0.131,69825.125,0.17205401,0.10203914,0.131
0.16856694,0.10011031,0.131,70983.922,0.16856694,0.10011031,0.131
0.16507988,0.098181486,0.131,71862.773,0.16507988,0.098181486,0.131
0.16159281,0.096252665,0.131,72488.297,0.16159281,0.096252665,0.131
0.15810576,0.094323844,0.131,72925.844,0.15810576,0.094323836,0.131
0.15486297,0.092395008,0.131,73239.656,0.15486296,0.092395015,0.131
0.15211432,0.090466186,0.131,73491.281,0.15211432,0.090466186,0.131
0.14969815,0.088537365,0.131,73718.688,0.14969814,0.088537365,0.131
0.14736459,0.086608537,0.131,73950.469,0.14736457,0.086608537,0.131
0.14503101,0.084679708,0.131,74203.727,0.14503101,0.084679715,0.131
0.14269745,0.082750887,0.131,74483.406,0.14269744,0.082750887,0.131
0.14036389,0.080822065,0.131,74790.594,0.14036389,0.080822065,0.131
0.13803032,0.078893237,0.131,75134.234,0.13803032,0.078893237,0.131
0.13569674,0.076964408,0.131,75520.18,0.13569675,0.076964416,0.131
0.13336319,0.075035587,0.131,75957.594,0.13336319,0.075035587,0.131
0.13102962,0.073106766,0.131,76464.953,0.13102962,0.073106766,0.131
0.12869605,0.071177937,0.131,77066.266,0.12869605,0.071177937,0.131
0.12636247,0.069249108,0.131,77746.008,0.12636249,0.069249116,0.131
0.12402891,0.067320287,0.131,78434.695,0.12402892,0.067320287,0.131
0.12169535,0.065391466,0.131,79071.023,0.12169535,0.065391459,0.131
0.11936179,0.063462637,0.131,79622.492,0.11936179,0.063462637,0.131
0.11702822,0.061533809,0.131,80016.781,0.11702822,0.061533812,0.131
0.11469465,0.059604988,0.131,80087.875,0.11469465,0.059604988,0.131
0.11236109,0.057676159,0.131,79685.766,0.11236109,0.057676163,0.131
0.11002752,0.055747338,0.131,78940.633,0.11002752,0.055747338,0.131
0.10769396,0.053818509,0.131,78172.344,0.10769396,0.053818513,0.131
0.10536039,0.051889684,0.131,77605.281,0.10536039,0.051889688,0.131
0.10302682,0.049960859,0.131,77321.719,0.10302682,0.049960863,0.131
0.10069326,0.048032038,0.131,77158.0,0.10069326,0.048032038,0.131
0.098359689,0.046103209,0.131,77009.969,0.098359689,0.046103213,0.131
0.096026123,0.044174388,0.131,76019.742,0.096026123,0.044174388,0.131
0.093692556,0.042245559,0.131,74153.281,0.093692563,0.042245563,0.131
0.091358989,0.040316738,0.131,69980.391,0.091358997,0.040316734,0.131
0.08902543,0.03838791,0.131,64374.148,0.08902543,0.03838791,0.131
0.086691871,0.036459088,0.131,59204.211,0.086691864,0.036459085,0.131
0.084358297,0.03453026,0.131,55851.141,0.084358297,0.03453026,0.131
0.082024731,0.032601438,0.131,54103.078,0.082024731,0.032601435,0.131
0.079691164,0.030672612,0.131,53343.266,0.079691164,0.030672612,0.131
0.077357598,0.028743785,0.131,53057.371,0.077357598,0.028743787,0.131
0.075024031,0.02681496,0.131,52948.758,0.075024031,0.02681496,0.131
0.072690465,0.024886135,0.131,52892.637,0.072690465,0.024886135,0.131
0.070356898,0.02295731,0.131,52830.098,0.070356898,0.02295731,0.131
0.068023331,0.021106582,0.131,52717.711,0.068023331,0.021106582,0.131
0.065689765,0.019414527,0.131,52548.766,0.065689765,0.019414527,0.131
0.063356198,0.017876294,0.131,52341.012,0.063356206,0.017876294,0.131
0.24179527,0.1389997,0.131,42007.438,0.24179527,0.1389997,0.131
0.23830822,0.13794906,0.131,42993.879,0.23830822,0.13794906,0.131
0.23482114,0.13679338,0.131,44011.398,0.23482116,0.13679336,0.131
0.23133408,0.1355221,0.131,45054.551,0.23133409,0.1355221,0.131
0.22784702,0.13412371,0.131,46115.84,0.22784702,0.13412371,0.131
0.22435996,0.13258547,0.131,47188.445,0.22435996,0.13258548,0.131
0.22087291,0.13089341,0.131,48271.191,0.22087289,0.13089342,0.131
0.21738583,0.12904269,0.131,49372.426,0.21738583,0.12904269,0.131
0.21389876,0.12711386,0.131,50515.707,0.21389876,0.12711386,0.131
0.21041171,0.12518504,0.131,51735.801,0.21041171,0.12518504,0.131
0.20692465,0.12325621,0.131,53068.941,0.20692465,0.12325621,0.131
0.20343757,0.12132739,0.131,54536.129,0.20343758,0.12132739,0.131
0.19995052,0.11939856,0.131,56128.668,0.19995052,0.11939856,0.131
0.19646345,0.11746974,0.131,57816.293,0.19646345,0.11746974,0.131
0.1929764,0.11554092,0.131,59564.277,0.19297639,0.11554091,0.131
0.18948933,0.11361209,0.131,61340.141,0.18948932,0.11361209,0.131
0.18600225,0.11168326,0.131,63121.871,0.18600225,0.11168326,0.131
0.18251519,0.10975444,0.131,64894.488,0.1825152,0.10975444,0.131
0.17902812,0.10782561,0.131,66622.016,0.17902814,0.10782561,0.131
0.17554107,0.10589679,0.131,68235.289,0.17554107,0.10589679,0.131
0.17205401,0.10396796,0.131,69652.742,0.17205401,0.10396796,0.131
0.16856694,0.10203914,0.131,70818.969,0.16856694,0.10203914,0.131
0.16507988,0.10011031,0.131,71718.07,0.16507988,0.10011031,0.131
0.16159281,0.098181486,0.131,72372.383,0.16159281,0.098181486,0.131
0.15810576,0.096252665,0.131,72842.148,0.15810576,0.096252665,0.131
0.15486297,0.094323844,0.131,73182.078,0.15486296,0.094323836,0.131
0.15211432,0.092395008,0.131,73450.594,0.15211432,0.092395015,0.131
0.14969815,0.090466186,0.131,73690.703,0.14969814,0.090466186,0.131
0.14736459,0.088537365,0.131,73933.25,0.14736457,0.088537365,0.131
0.14503101,0.086608537,0.131,74194.07,0.14503101,0.086608537,0.131
0.14269745,0.084679708,0.131,74480.789,0.14269744,0.084679715,0.131
0.14036389,0.082750887,0.131,74794.344,0.14036389,0.082750887,0.131
0.13803032,0.080822065,0.131,75138.203,0.13803032,0.080822065,0.131
0.13569674,0.078893237,0.131,75521.18,0.13569675,0.078893237,0.131
0.13336319,0.076964408,0.131,75952.883,0.13336319,0.076964416,0.131
0.13102962,0.075035587,0.131,76451.195,0.13102962,0.075035587,0.131
0.12869605,0.073106766,0.131,77043.914,0.12869605,0.073106766,0.131
0.12636247,0.071177937,0.131,77734.336,0.12636249,0.071177937,0.131
0.12402891,0.069249108,0.131,78469.594,0.12402892,0.069249116,0.131
0.12169535,0.067320287,0.131,79178.203,0.12169535,0.067320287,0.131
0.11936179,0.065391466,0.131,79826.57,0.11936179,0.065391459,0.131
0.11702822,0.063462637,0.131,80370.609,0.11702822,0.063462637,0.131
0.11469465,0.061533809,0.131,80662.711,0.11469465,0.061533812,0.131
0.11236109,0.059604988,0.131,80501.578,0.11236109,0.059604988,0.131
0.11002752,0.057676159,0.131,79887.844,0.11002752,0.057676163,0.131
0.10769396,0.055747338,0.131,79121.414,0.10769396,0.055747338,0.131
0.10536039,0.053818509,0.131,78442.344,0.10536039,0.053818513,0.131
0.10302682,0.051889684,0.131,77995.492,0.10302682,0.051889688,0.131
0.10069326,0.049960859,0.131,77775.766,0.10069326,0.049960863,0.131
0.098359689,0.048032038,0.131,77545.727,0.098359689,0.048032038,0.131
0.096026123,0.046103209,0.131,76422.398,0.096026123,0.046103213,0.131
0.093692556,0.044174388,0.131,74298.883,0.093692563,0.044174388,0.131
0.091358989,0.042245559,0.131,69524.555,0.091358997,0.042245563,0.131
0.08902543,0.040316738,0.131,63329.781,0.08902543,0.040316734,0.131
0.086691871,0.03838791,0.131,58054.102,0.086691864,0.03838791,0.131
0.084358297,0.036459088,0.131,54896.086,0.084358297,0.036459085,0.131
0.082024731,0.03453026,0.131,53375.77,0.082024731,0.03453026,0.131
0.079691164,0.032601438,0.131,52773.504,0.079691164,0.032601435,0.131
0.077357598,0.030672612,0.131,52578.582,0.077357598,0.030672612,0.131
0.075024031,0.028743785,0.131,52515.594,0.075024031,0.028743787,0.131
0.072690465,0.02681496,0.131,52487.75,0.072690465,0.02681496,0.131
0.070356898,0.024886135,0.131,52444.199,0.070356898,0.024886135,0.131
0.068023331,0.02295731,0.131,52362.922,0.068023331,0.02295731,0.131
0.065689765,0.021106582,0.131,52238.27,0.065689765,0.021106582,0.131
0.063356198,0.019414527,0.131,52071.738,0.063356206,0.019414527,0.131
0.23830822,0.1389997,0.131,43050.637,0.23830822,0.1389997,0.131
0.23482114,0.13794906,0.131,44072.77,0.23482116,0.13794906,0.131
0.23133408,0.13679338,0.131,45123.113,0.23133409,0.13679336,0.131
0.22784702,0.1355221,0.131,46195.344,0.22784702,0.1355221,0.131
0.22435996,0.13412371,0.131,47282.398,0.22435996,0.13412371,0.131
0.22087291,0.13258547,0.131,48380.508,0.22087289,0.13258548,0.131
0.21738583,0.13089341,0.131,49493.156,0.21738583,0.13089342,0.131
0.21389876,0.12904269,0.131,50633.699,0.21389876,0.12904269,0.131
0.21041171,0.12711386,0.131,51832.164,0.21041171,0.12711386,0.131
0.20692465,0.12518504,0.131,53129.098,0.20692465,0.12518504,0.131
0.20343757,0.12325621,0.131,54555.402,0.20343758,0.12325621,0.131
0.19995052,0.12132739,0.131,56114.105,0.19995052,0.12132739,0.131
0.19646345,0.11939856,0.131,57779.258,0.19646345,0.11939856,0.131
0.1929764,0.11746974,0.131,59514.391,0.19297639,0.11746974,0.131
0.18948933,0.11554092,0.131,61280.254,0.18948932,0.11554091,0.131
0.18600225,0.11361209,0.131,63042.922,0.18600225,0.11361209,0.131
0.18251519,0.11168326,0.131,64783.445,0.1825152,0.11168326,0.131
0.17902812,0.10975444,0.131,66477.484,0.17902814,0.10975444,0.131
0.17554107,0.10782561,0.131,68069.172,0.17554107,0.10782561,0.131
0.17205401,0.10589679,0.131,69479.906,0.17205401,0.10589679,0.131
0.16856694,0.10396796,0.131,70652.18,0.16856694,0.10396796,0.131
0.16507988,0.10203914,0.131,71567.812,0.16507988,0.10203914,0.131
0.16159281,0.10011031,0.131,72250.211,0.16159281,0.10011031,0.131
0.15810576,0.098181486,0.131,72752.305,0.15810576,0.098181486,0.131
0.15486297,0.096252665,0.131,73121.031,0.15486296,0.096252665,0.131
0.15211432,0.094323844,0.131,73409.773,0.15211432,0.094323836,0.131
0.14969815,0.092395008,0.131,73663.555,0.14969814,0.092395015,0.131
0.14736459,0.090466186,0.131,73916.781,0.14736457,0.090466186,0.131
0.14503101,0.088537365,0.131,74186.609,0.14503101,0.088537365,0.131
0.14269745,0.086608537,0.131,74479.602,0.14269744,0.086608537,0.131
0.14036389,0.084679708,0.131,74799.078,0.14036389,0.084679715,0.131
0.13803032,0.082750887,0.131,75146.109,0.13803032,0.082750887,0.131
0.13569674,0.080822065,0.131,75527.148,0.13569675,0.080822065,0.131
0.13336319,0.078893237,0.131,75955.695,0.13336319,0.078893237,0.131
0.13102962,0.076964408,0.131,76446.922,0.13102962,0.076964416,0.131
0.12869605,0.075035587,0.131,77029.352,0.12869605,0.075035587,0.131
0.12636247,0.073106766,0.131,77718.93,0.12636249,0.073106766,0.131
0.12402891,0.071177937,0.131,78485.609,0.12402892,0.071177937,0.131
0.12169535,0.069249108,0.131,79259.211,0.12169535,0.069249116,0.131
0.11936179,0.067320287,0.131,79993.742,0.11936179,0.067320287,0.131
0.11702822,0.065391466,0.131,80664.844,0.11702822,0.065391459,0.131
0.11469465,0.063462637,0.131,81162.539,0.11469465,0.063462637,0.131
0.11236109,0.061533809,0.131,81262.32,0.11236109,0.061533812,0.131
0.11002752,0.059604988,0.131,80837.742,0.11002752,0.059604988,0.131
0.10769396,0.057676159,0.131,80114.664,0.10769396,0.057676163,0.131
0.10536039,0.055747338,0.131,79357.508,0.10536039,0.055747338,0.131
0.10302682,0.053818509,0.131,78732.219,0.10302682,0.053818513,0.131
0.10069326,0.051889684,0.131,78418.883,0.10069326,0.051889688,0.131
0.098359689,0.049960859,0.131,78037.492,0.098359689,0.049960863,0.131
0.096026123,0.048032038,0.131,76796.836,0.096026123,0.048032038,0.131
0.093692556,0.046103209,0.131,74271.07,0.093692563,0.046103213,0.131
0.091358989,0.044174388,0.131,68798.328,0.091358997,0.044174388,0.131
0.08902543,0.042245559,0.131,61996.074,0.08902543,0.042245563,0.131
0.086691871,0.040316738,0.131,56804.484,0.086691864,0.040316734,0.131
0.084358297,0.03838791,0.131,53935.734,0.084358297,0.03838791,0.131
0.082024731,0.036459088,0.131,52669.508,0.082024731,0.036459085,0.131
0.079691164,0.03453026,0.131,52236.664,0.079691164,0.03453026,0.131
0.077357598,0.032601438,0.131,52127.582,0.077357598,0.032601435,0.131
0.075024031,0.030672612,0.131,52103.512,0.075024031,0.030672612,0.131
0.072690465,0.028743785,0.131,52099.086,0.072690465,0.028743787,0.131
0.070356898,0.02681496,0.131,52071.184,0.070356898,0.02681496,0.131
0.068023331,0.024886135,0.131,52003.617,0.068023331,0.024886135,0.131
0.065689765,0.02295731,0.131,51907.059,0.065689765,0.02295731,0.131
0.063356198,0.021106582,0.131,51782.039,0.063356206,0.021106582,0.131
0.061022636,0.019414527,0.131,51632.055,0.061022636,0.019414527,0.131
0.23482114,0.1389997,0.131,44128.324,0.23482116,0.1389997,0.131
0.23133408,0.13794906,0.131,45184.238,0.23133409,0.13794906,0.131
0.22784702,0.13679338,0.131,46265.125,0.22784702,0.13679336,0.131
0.22435996,0.1355221,0.131,47364.402,0.22435996,0.1355221,0.131
0.22087291,0.13412371,0.131,48476.957,0.22087289,0.13412371,0.131
0.21738583,0.13258547,0.131,49602.691,0.21738583,0.13258548,0.131
0.21389876,0.13089341,0.131,50749.855,0.21389876,0.13089342,0.131
0.21041171,0.12904269,0.131,51937.836,0.21041171,0.12904269,0.131
0.20692465,0.12711386,0.131,53203.641,0.20692465,0.12711386,0.131
0.20343757,0.12518504,0.131,54588.746,0.20343758,0.12518504,0.131
0.19995052,0.12325621,0.131,56108.953,0.19995052,0.12325621,0.131
0.19646345,0.12132739,0.131,57746.109,0.19646345,0.12132739,0.131
0.1929764,0.11939856,0.131,59464.078,0.19297639,0.11939856,0.131
0.18948933,0.11746974,0.131,61220.547,0.18948932,0.11746974,0.131
0.18600225,0.11554092,0.131,62970.613,0.18600225,0.11554091,0.131
0.18251519,0.11361209,0.131,64684.5,0.1825152,0.11361209,0.131
0.17902812,0.11168326,0.131,66343.445,0.17902814,0.11168326,0.131
0.17554107,0.10975444,0.131,67907.867,0.17554107,0.10975444,0.131
0.17205401,0.10782561,0.131,69307.977,0.17205401,0.10782561,0.131
0.16856694,0.10589679,0.131,70483.43,0.16856694,0.10589679,0.131
0.16507988,0.10396796,0.131,71414.078,0.16507988,0.10396796,0.131
0.16159281,0.10203914,0.131,72120.836,0.16159281,0.10203914,0.131
0.15810576,0.10011031,0.131,72656.148,0.15810576,0.10011031,0.131
0.15486297,0.098181486,0.131,73055.719,0.15486296,0.098181486,0.131
0.15211432,0.096252665,0.131,73367.406,0.15211432,0.096252665,0.131
0.14969815,0.094323844,0.131,73637.578,0.14969814,0.094323836,0.131
0.14736459,0.092395008,0.131,73902.398,0.14736457,0.092395015,0.131
0.14503101,0.090466186,0.131,74180.445,0.14503101,0.090466186,0.131
0.14269745,0.088537365,0.131,74480.773,0.14269744,0.088537365,0.131
0.14036389,0.086608537,0.131,74805.719,0.14036389,0.086608537,0.131
0.13803032,0.084679708,0.131,75156.797,0.13803032,0.084679715,0.131
0.13569674,0.082750887,0.131,75538.477,0.13569675,0.082750887,0.131
0.13336319,0.080822065,0.131,75964.992,0.13336319,0.080822065,0.131
0.13102962,0.078893237,0.131,76452.656,0.13102962,0.078893237,0.131
0.12869605,0.076964408,0.131,77025.555,0.12869605,0.076964416,0.131
0.12636247,0.075035587,0.131,77706.891,0.12636249,0.075035587,0.131
0.12402891,0.073106766,0.131,78487.289,0.12402892,0.073106766,0.131
0.12169535,0.071177937,0.131,79314.273,0.12169535,0.071177937,0.131
0.11936179,0.069249108,0.131,80130.031,0.11936179,0.069249116,0.131
0.11702822,0.067320287,0.131,80905.539,0.11702822,0.067320287,0.131
0.11469465,0.065391466,0.131,81580.859,0.11469465,0.065391459,0.131
0.11236109,0.063462637,0.131,81945.93,0.11236109,0.063462637,0.131
0.11002752,0.061533809,0.131,81759.891,0.11002752,0.061533812,0.131
0.10769396,0.059604988,0.131,81127.641,0.10769396,0.059604988,0.131
0.10536039,0.057676159,0.131,80334.758,0.10536039,0.057676163,0.131
0.10302682,0.055747338,0.131,79555.023,0.10302682,0.055747338,0.131
0.10069326,0.053818509,0.131,79139.391,0.10069326,0.053818513,0.131
0.098359689,0.051889684,0.131,78474.078,0.098359689,0.051889688,0.131
0.096026123,0.049960859,0.131,77109.195,0.096026123,0.049960863,0.131
0.093692556,0.048032038,0.131,74038.07,0.093692563,0.048032038,0.131
0.091358989,0.046103209,0.131,67747.992,0.091358997,0.046103213,0.131
0.08902543,0.044174388,0.131,60434.309,0.08902543,0.044174388,0.131
0.086691871,0.042245559,0.131,55510.984,0.086691864,0.042245563,0.131
0.084358297,0.040316738,0.131,53014.344,0.084358297,0.040316734,0.131
0.082024731,0.03838791,0.131,52010.941,0.082024731,0.03838791,0.131
0.079691164,0.036459088,0.131,51750.145,0.079691164,0.036459085,0.131
0.077357598,0.03453026,0.131,51709.34,0.077357598,0.03453026,0.131
0.075024031,0.032601438,0.131,51715.895,0.075024031,0.032601435,0.131
0.072690465,0.030672612,0.131,51729.887,0.072690465,0.030672612,0.131
0.070356898,0.028743785,0.131,51714.281,0.070356898,0.028743787,0.131
0.068023331,0.02681496,0.131,51658.668,0.068023331,0.02681496,0.131
0.065689765,0.024886135,0.131,51574.848,0.065689765,0.024886135,0.131
0.063356198,0.02295731,0.131,51476.535,0.063356206,0.02295731,0.131
0.061022636,0.021106582,0.131,51365.758,0.061022636,0.021106582,0.131
0.23133408,0.1389997,0.131,45239.203,0.23133409,0.1389997,0.131
0.22784702,0.13794906,0.131,46326.891,0.22784702,0.13794906,0.131
0.22435996,0.13679338,0.131,47436.168,0.22435996,0.13679336,0.131
0.22087291,0.1355221,0.131,48561.598,0.22087289,0.1355221,0.131
0.21738583,0.13412371,0.131,49700.617,0.21738583,0.13412371,0.131
0.21389876,0.13258547,0.131,50857.297,0.21389876,0.13258548,0.131
0.21041171,0.13089341,0.131,52045.629,0.21041171,0.13089342,0.131
0.20692465,0.12904269,0.131,53291.242,0.20692465,0.12904269,0.131
0.20343757,0.12711386,0.131,54637.16,0.20343758,0.12711386,0.131
0.19995052,0.12518504,0.131,56115.602,0.19995052,0.12518504,0.131
0.19646345,0.12325621,0.131,57719.574,0.19646345,0.12325621,0.131
0.1929764,0.12132739,0.131,59415.207,0.19297639,0.12132739,0.131
0.18948933,0.11939856,0.131,61159.633,0.18948932,0.11939856,0.131
0.18600225,0.11746974,0.131,62901.371,0.18600225,0.11746974,0.131
0.18251519,0.11554092,0.131,64595.938,0.1825152,0.11554091,0.131
0.17902812,0.11361209,0.131,66221.656,0.17902814,0.11361209,0.131
0.17554107,0.11168326,0.131,67754.016,0.17554107,0.11168326,0.131
0.17205401,0.10975444,0.131,69137.508,0.17205401,0.10975444,0.131
0.16856694,0.10782561,0.131,70313.414,0.16856694,0.10782561,0.131
0.16507988,0.10589679,0.131,71256.125,0.16507988,0.10589679,0.131
0.16159281,0.10396796,0.131,71985.891,0.16159281,0.10396796,0.131
0.15810576,0.10203914,0.131,72551.336,0.15810576,0.10203914,0.131
0.15486297,0.10011031,0.131,72984.461,0.15486296,0.10011031,0.131
0.15211432,0.098181486,0.131,73321.469,0.15211432,0.098181486,0.131
0.14969815,0.096252665,0.131,73610.492,0.14969814,0.096252665,0.131
0.14736459,0.094323844,0.131,73889.164,0.14736457,0.094323836,0.131
0.14503101,0.092395008,0.131,74176.523,0.14503101,0.092395015,0.131
0.14269745,0.090466186,0.131,74482.469,0.14269744,0.090466186,0.131
0.14036389,0.088537365,0.131,74814.141,0.14036389,0.088537365,0.131
0.13803032,0.086608537,0.131,75170.031,0.13803032,0.086608537,0.131
0.13569674,0.084679708,0.131,75554.047,0.13569675,0.084679715,0.131
0.13336319,0.082750887,0.131,75980.328,0.13336319,0.082750887,0.131
0.13102962,0.080822065,0.131,76466.031,0.13102962,0.080822065,0.131
0.12869605,0.078893237,0.131,77032.977,0.12869605,0.078893237,0.131
0.12636247,0.076964408,0.131,77703.047,0.12636249,0.076964416,0.131
0.12402891,0.075035587,0.131,78482.117,0.12402892,0.075035587,0.131
0.12169535,0.073106766,0.131,79342.109,0.12169535,0.073106766,0.131
0.11936179,0.071177937,0.131,80233.609,0.11936179,0.071177937,0.131
0.11702822,0.069249108,0.131,81105.984,0.11702822,0.069249116,0.131
0.11469465,0.067320287,0.131,81918.461,0.11469465,0.067320287,0.131
0.11236109,0.065391466,0.131,82528.289,0.11236109,0.065391459,0.131
0.11002752,0.063462637,0.131,82629.266,0.11002752,0.063462637,0.131
0.10769396,0.061533809,0.131,82127.539,0.10769396,0.061533812,0.131
0.10536039,0.059604988,0.131,81339.297,0.10536039,0.059604988,0.131
0.10302682,0.057676159,0.131,80443.508,0.10302682,0.057676163,0.131
0.10069326,0.055747338,0.131,79804.203,0.10069326,0.055747338,0.131
0.098359689,0.053818509,0.131,78837.977,0.098359689,0.053818513,0.131
0.096026123,0.051889684,0.131,77304.664,0.096026123,0.051889688,0.131
0.093692556,0.049960859,0.131,73484.078,0.093692563,0.049960863,0.131
0.091358989,0.048032038,0.131,66247.164,0.091358997,0.048032038,0.131
0.08902543,0.046103209,0.131,58725.895,0.08902543,0.046103213,0.131
0.086691871,0.044174388,0.131,54228.812,0.086691864,0.044174388,0.131
0.084358297,0.042245559,0.131,52141.445,0.084358297,0.042245563,0.131
0.082024731,0.040316738,0.131,51423.488,0.082024731,0.040316734,0.131
0.079691164,0.03838791,0.131,51322.98,0.079691164,0.03838791,0.131
0.077357598,0.036459088,0.131,51326.125,0.077357598,0.036459085,0.131
0.075024031,0.03453026,0.131,51355.816,0.075024031,0.03453026,0.131
0.072690465,0.032601438,0.131,51383.527,0.072690465,0.032601435,0.131
0.070356898,0.030672612,0.131,51377.227,0.070356898,0.030672612,0.131
0.068023331,0.028743785,0.131,51331.941,0.068023331,0.028743787,0.131
0.065689765,0.02681496,0.131,51260.086,0.065689765,0.02681496,0.131
0.063356198,0.024886135,0.131,51174.648,0.063356206,0.024886135,0.131
0.061022636,0.02295731,0.131,51089.211,0.061022636,0.02295731,0.131
0.058689069,0.021106582,0.131,51002.188,0.058689069,0.021106582,0.131
0.22784702,0.1389997,0.131,46382.066,0.22784702,0.1389997,0.131
0.22435996,0.13794906,0.131,47499.387,0.22435996,0.13794906,0.131
0.22087291,0.13679338,0.131,48635.805,0.22087289,0.13679336,0.131
0.21738583,0.1355221,0.131,49787.453,0.21738583,0.1355221,0.131
0.21389876,0.13412371,0.131,50954.957,0.21389876,0.13412371,0.131
0.21041171,0.13258547,0.131,52148.027,0.21041171,0.13258548,0.131
0.20692465,0.13089341,0.131,53385.629,0.20692465,0.13089342,0.131
0.20343757,0.12904269,0.131,54700.719,0.20343758,0.12904269,0.131
0.19995052,0.12711386,0.131,56135.902,0.19995052,0.12711386,0.131
0.19646345,0.12518504,0.131,57701.957,0.19646345,0.12518504,0.131
0.1929764,0.12325621,0.131,59370.133,0.19297639,0.12325621,0.131
0.18948933,0.12132739,0.131,61097.762,0.18948932,0.12132739,0.131
0.18600225,0.11939856,0.131,62831.859,0.18600225,0.11939856,0.131
0.18251519,0.11746974,0.131,64514.449,0.1825152,0.11746974,0.131
0.17902812,0.11554092,0.131,66111.914,0.17902814,0.11554091,0.131
0.17554107,0.11361209,0.131,67609.562,0.17554107,0.11361209,0.131
0.17205401,0.11168326,0.131,68970.266,0.17205401,0.11168326,0.131
0.16856694,0.10975444,0.131,70141.422,0.16856694,0.10975444,0.131
0.16507988,0.10782561,0.131,71094.164,0.16507988,0.10782561,0.131
0.16159281,0.10589679,0.131,71843.711,0.16159281,0.10589679,0.131
0.15810576,0.10396796,0.131,72438.281,0.15810576,0.10396796,0.131
0.15486297,0.10203914,0.131,72902.797,0.15486296,0.10203914,0.131
0.15211432,0.10011031,0.131,73268.719,0.15211432,0.10011031,0.131
0.14969815,0.098181486,0.131,73579.016,0.14969814,0.098181486,0.131
0.14736459,0.096252665,0.131,73873.891,0.14736457,0.096252665,0.131
0.14503101,0.094323844,0.131,74172.602,0.14503101,0.094323836,0.131
0.14269745,0.092395008,0.131,74485.234,0.14269744,0.092395015,0.131
0.14036389,0.090466186,0.131,74820.891,0.14036389,0.090466186,0.131
0.13803032,0.088537365,0.131,75184.094,0.13803032,0.088537365,0.131
0.13569674,0.086608537,0.131,75572.312,0.13569675,0.086608537,0.131
0.13336319,0.084679708,0.131,75999.641,0.13336319,0.084679715,0.131
0.13102962,0.082750887,0.131,76484.57,0.13102962,0.082750887,0.131
0.12869605,0.080822065,0.131,77046.992,0.12869605,0.080822065,0.131
0.12636247,0.078893237,0.131,77707.688,0.12636249,0.078893237,0.131
0.12402891,0.076964408,0.131,78477.25,0.12402892,0.076964416,0.131
0.12169535,0.075035587,0.131,79347.664,0.12169535,0.075035587,0.131
0.11936179,0.073106766,0.131,80297.688,0.11936179,0.073106766,0.131
0.11702822,0.071177937,0.131,81269.953,0.11702822,0.071177937,0.131
0.11469465,0.069249108,0.131,82192.219,0.11469465,0.069249116,0.131
0.11236109,0.067320287,0.131,82994.047,0.11236109,0.067320287,0.131
0.11002752,0.065391466,0.131,83415.633,0.11002752,0.065391459,0.131
0.10769396,0.063462637,0.131,83102.57,0.10769396,0.063462637,0.131
0.10536039,0.061533809,0.131,82341.172,0.10536039,0.061533812,0.131
0.10302682,0.059604988,0.131,81371.688,0.10302682,0.059604988,0.131
0.10069326,0.057676159,0.131,80455.477,0.10069326,0.057676163,0.131
0.098359689,0.055747338,0.131,79183.555,0.098359689,0.055747338,0.131
0.096026123,0.053818509,0.131,77306.203,0.096026123,0.053818513,0.131
0.093692556,0.051889684,0.131,72551.344,0.093692563,0.051889688,0.131
0.091358989,0.049960859,0.131,64345.168,0.091358997,0.049960863,0.131
0.08902543,0.048032038,0.131,56992.996,0.08902543,0.048032038,0.131
0.086691871,0.046103209,0.131,53050.691,0.086691864,0.046103213,0.131
0.084358297,0.044174388,0.131,51358.383,0.084358297,0.044174388,0.131
0.082024731,0.042245559,0.131,50945.895,0.082024731,0.042245563,0.131
0.079691164,0.040316738,0.131,50950.109,0.079691164,0.040316734,0.131
0.077357598,0.03838791,0.131,50980.191,0.077357598,0.03838791,0.131
0.075024031,0.036459088,0.131,51025.973,0.075024031,0.036459085,0.131
0.072690465,0.03453026,0.131,51063.211,0.072690465,0.03453026,0.131
0.070356898,0.032601438,0.131,51063.574,0.070356898,0.032601435,0.131
0.068023331,0.030672612,0.131,51027.422,0.068023331,0.030672612,0.131
0.065689765,0.028743785,0.131,50966.66,0.065689765,0.028743787,0.131
0.063356198,0.02681496,0.131,50893.633,0.063356206,0.02681496,0.131
0.061022636,0.024886135,0.131,50820.723,0.061022636,0.024886135,0.131
0.058689069,0.02295731,0.131,50756.848,0.058689069,0.02295731,0.131
0.22435996,0.1389997,0.131,47555.578,0.22435996,0.1389997,0.131
0.22087291,0.13794906,0.131,48701.105,0.22087289,0.13794906,0.131
0.21738583,0.13679338,0.131,49864.086,0.21738583,0.13679336,0.131
0.21389876,0.1355221,0.131,51042.832,0.21389876,0.1355221,0.131
0.21041171,0.13412371,0.131,52242.988,0.21041171,0.13412371,0.131
0.20692465,0.13258547,0.131,53478.988,0.20692465,0.13258548,0.131
0.20343757,0.13089341,0.131,54775.34,0.20343758,0.13089342,0.131
0.19995052,0.12904269,0.131,56171.184,0.19995052,0.12904269,0.131
0.19646345,0.12711386,0.131,57695.227,0.19646345,0.12711386,0.131
0.1929764,0.12518504,0.131,59331.051,0.19297639,0.12518504,0.131
0.18948933,0.12325621,0.131,61036.312,0.18948932,0.12325621,0.131
0.18600225,0.12132739,0.131,62759.922,0.18600225,0.12132739,0.131
0.18251519,0.11939856,0.131,64435.734,0.1825152,0.11939856,0.131
0.17902812,0.11746974,0.131,66012.32,0.17902814,0.11746974,0.131
0.17554107,0.11554092,0.131,67475.336,0.17554107,0.11554091,0.131
0.17205401,0.11361209,0.131,68807.484,0.17205401,0.11361209,0.131
0.16856694,0.11168326,0.131,69968.25,0.16856694,0.11168326,0.131
0.16507988,0.10975444,0.131,70926.531,0.16507988,0.10975444,0.131
0.16159281,0.10782561,0.131,71693.914,0.16159281,0.10782561,0.131
0.15810576,0.10589679,0.131,72313.961,0.15810576,0.10589679,0.131
0.15486297,0.10396796,0.131,72809.508,0.15486296,0.10396796,0.131
0.15211432,0.10203914,0.131,73203.336,0.15211432,0.10203914,0.131
0.14969815,0.10011031,0.131,73538.953,0.14969814,0.10011031,0.131
0.14736459,0.098181486,0.131,73852.242,0.14736457,0.098181486,0.131
0.14503101,0.096252665,0.131,74164.734,0.14503101,0.096252665,0.131
0.14269745,0.094323844,0.131,74485.891,0.14269744,0.094323836,0.131
0.14036389,0.092395008,0.131,74826.172,0.14036389,0.092395015,0.131
0.13803032,0.090466186,0.131,75193.328,0.13803032,0.090466186,0.131
0.13569674,0.088537365,0.131,75589.812,0.13569675,0.088537365,0.131
0.13336319,0.086608537,0.131,76019.75,0.13336319,0.086608537,0.131
0.13102962,0.084679708,0.131,76504.094,0.13102962,0.084679715,0.131
0.12869605,0.082750887,0.131,77062.562,0.12869605,0.082750887,0.131
0.12636247,0.080822065,0.131,77713.508,0.12636249,0.080822065,0.131
0.12402891,0.078893237,0.131,78473.023,0.12402892,0.078893237,0.131
0.12169535,0.076964408,0.131,79340.867,0.12169535,0.076964416,0.131
0.11936179,0.075035587,0.131,80320.383,0.11936179,0.075035587,0.131
0.11702822,0.073106766,0.131,81387.977,0.11702822,0.073106766,0.131
0.11469465,0.071177937,0.131,82417.18,0.11469465,0.071177937,0.131
0.11236109,0.069249108,0.131,83348.648,0.11236109,0.069249116,0.131
0.11002752,0.067320287,0.131,84074.977,0.11002752,0.067320287,0.131
0.10769396,0.065391466,0.131,84039.805,0.10769396,0.065391459,0.131
0.10536039,0.063462637,0.131,83341.07,0.10536039,0.063462637,0.131
0.10302682,0.061533809,0.131,82340.875,0.10302682,0.061533812,0.131
0.10069326,0.059604988,0.131,81127.82,0.10069326,0.059604988,0.131
0.098359689,0.057676159,0.131,79502.023,0.098359689,0.057676163,0.131
0.096026123,0.055747338,0.131,77084.586,0.096026123,0.055747338,0.131
0.093692556,0.053818509,0.131,71197.328,0.093692563,0.053818513,0.131
0.091358989,0.051889684,0.131,62206.402,0.091358997,0.051889688,0.131
0.08902543,0.049960859,0.131,55367.883,0.08902543,0.049960863,0.131
0.086691871,0.048032038,0.131,52017.891,0.086691864,0.048032038,0.131
0.084358297,0.046103209,0.131,50709.035,0.084358297,0.046103213,0.131
0.082024731,0.044174388,0.131,50578.703,0.082024731,0.044174388,0.131
0.079691164,0.042245559,0.131,50627.531,0.079691164,0.042245563,0.131
0.077357598,0.040316738,0.131,50673.426,0.077357598,0.040316734,0.131
0.075024031,0.03838791,0.131,50728.754,0.075024031,0.03838791,0.131
0.072690465,0.036459088,0.131,50771.359,0.072690465,0.036459085,0.131
0.070356898,0.03453026,0.131,50776.32,0.070356898,0.03453026,0.131
0.068023331,0.032601438,0.131,50748.262,0.068023331,0.032601435,0.131
0.065689765,0.030672612,0.131,50697.855,0.065689765,0.030672612,0.131
0.063356198,0.028743785,0.131,50636.512,0.063356206,0.028743787,0.131
0.061022636,0.02681496,0.131,50575.438,0.061022636,0.02681496,0.131
0.058689069,0.024886135,0.131,50522.629,0.058689069,0.024886135,0.131
0.22087291,0.1389997,0.131,48759.004,0.22087289,0.1389997,0.131
0.21738583,0.13794906,0.131,49931.723,0.21738583,0.13794906,0.131
0.21389876,0.13679338,0.131,51121.234,0.21389876,0.13679336,0.131
0.21041171,0.1355221,0.131,52329.855,0.21041171,0.1355221,0.131
0.20692465,0.13412371,0.131,53567.973,0.20692465,0.13412371,0.131
0.20343757,0.13258547,0.131,54853.977,0.20343758,0.13258548,0.131
0.19995052,0.13089341,0.131,56219.688,0.19995052,0.13089342,0.131
0.19646345,0.12904269,0.131,57701.008,0.19646345,0.12904269,0.131
0.1929764,0.12711386,0.131,59299.711,0.19297639,0.12711386,0.131
0.18948933,0.12518504,0.131,60977.242,0.18948932,0.12518504,0.131
0.18600225,0.12325621,0.131,62684.742,0.18600225,0.12325621,0.131
0.18251519,0.12132739,0.131,64355.445,0.1825152,0.12132739,0.131
0.17902812,0.11939856,0.131,65919.32,0.17902814,0.11939856,0.131
0.17554107,0.11746974,0.131,67351.141,0.17554107,0.11746974,0.131
0.17205401,0.11554092,0.131,68650.102,0.17205401,0.11554091,0.131
0.16856694,0.11361209,0.131,69794.094,0.16856694,0.11361209,0.131
0.16507988,0.11168326,0.131,70753.391,0.16507988,0.11168326,0.131
0.16159281,0.10975444,0.131,71534.141,0.16159281,0.10975444,0.131
0.15810576,0.10782561,0.131,72177.445,0.15810576,0.10782561,0.131
0.15486297,0.10589679,0.131,72700.242,0.15486296,0.10589679,0.131
0.15211432,0.10396796,0.131,73123.328,0.15211432,0.10396796,0.131
0.14969815,0.10203914,0.131,73484.141,0.14969814,0.10203914,0.131
0.14736459,0.10011031,0.131,73819.867,0.14736457,0.10011031,0.131
0.14503101,0.098181486,0.131,74148.227,0.14503101,0.098181486,0.131
0.14269745,0.096252665,0.131,74480.305,0.14269744,0.096252665,0.131
0.14036389,0.094323844,0.131,74826.266,0.14036389,0.094323836,0.131
0.13803032,0.092395008,0.131,75197.492,0.13803032,0.092395015,0.131
0.13569674,0.090466186,0.131,75598.555,0.13569675,0.090466186,0.131
0.13336319,0.088537365,0.131,76035.656,0.13336319,0.088537365,0.131
0.13102962,0.086608537,0.131,76519.32,0.13102962,0.086608537,0.131
0.12869605,0.084679708,0.131,77073.359,0.12869605,0.084679715,0.131
0.12636247,0.082750887,0.131,77713.969,0.12636249,0.082750887,0.131
0.12402891,0.080822065,0.131,78459.594,0.12402892,0.080822065,0.131
0.12169535,0.078893237,0.131,79322.273,0.12169535,0.078893237,0.131
0.11936179,0.076964408,0.131,80311.078,0.11936179,0.076964416,0.131
0.11702822,0.075035587,0.131,81446.867,0.11702822,0.075035587,0.131
0.11469465,0.073106766,0.131,82599.391,0.11469465,0.073106766,0.131
0.11236109,0.071177937,0.131,83600.93,0.11236109,0.071177937,0.131
0.11002752,0.069249108,0.131,84542.508,0.11002752,0.069249116,0.131
0.10769396,0.067320287,0.131,84905.031,0.10769396,0.067320287,0.131
0.10536039,0.065391466,0.131,84311.781,0.10536039,0.065391459,0.131
0.10302682,0.063462637,0.131,83315.164,0.10302682,0.063462637,0.131
0.10069326,0.061533809,0.131,81809.773,0.10069326,0.061533812,0.131
0.098359689,0.059604988,0.131,79842.234,0.098359689,0.059604988,0.131
0.096026123,0.057676159,0.131,76607.906,0.096026123,0.057676163,0.131
0.093692556,0.055747338,0.131,69400.891,0.093692563,0.055747338,0.131
0.091358989,0.053818509,0.131,60013.566,0.091358997,0.053818513,0.131
0.08902543,0.051889684,0.131,53925.285,0.08902543,0.051889688,0.131
0.086691871,0.049960859,0.131,51125.996,0.086691864,0.049960863,0.131
0.084358297,0.048032038,0.131,50219.941,0.084358297,0.048032038,0.131
0.082024731,0.046103209,0.131,50291.652,0.082024731,0.046103213,0.131
0.079691164,0.044174388,0.131,50351.734,0.079691164,0.044174388,0.131
0.077357598,0.042245559,0.131,50406.141,0.077357598,0.042245563,0.131
0.075024031,0.040316738,0.131,50467.148,0.075024031,0.040316734,0.131
0.072690465,0.03838791,0.131,50509.684,0.072690465,0.03838791,0.131
0.070356898,0.036459088,0.131,50517.441,0.070356898,0.036459085,0.131
0.068023331,0.03453026,0.131,50496.523,0.068023331,0.03453026,0.131
0.065689765,0.032601438,0.131,50455.672,0.065689765,0.032601435,0.131
0.063356198,0.030672612,0.131,50405.238,0.063356206,0.030672612,0.131
0.061022636,0.028743785,0.131,50355.031,0.061022636,0.028743787,0.131
0.058689069,0.02681496,0.131,50312.086,0.058689069,0.02681496,0.131
0.21738583,0.1389997,0.131,49991.703,0.21738583,0.1389997,0.131
0.21389876,0.13794906,0.131,51190.906,0.21389876,0.13794906,0.131
0.21041171,0.13679338,0.131,52408.434,0.21041171,0.13679336,0.131
0.20692465,0.1355221,0.131,53650.969,0.20692465,0.1355221,0.131
0.20343757,0.13412371,0.131,54932.234,0.20343758,0.13412371,0.131
0.19995052,0.13258547,0.131,56276.52,0.19995052,0.13258548,0.131
0.19646345,0.13089341,0.131,57719.371,0.19646345,0.13089342,0.131
0.1929764,0.12904269,0.131,59277.273,0.19297639,0.12904269,0.131
0.18948933,0.12711386,0.131,60922.504,0.18948932,0.12711386,0.131
0.18600225,0.12518504,0.131,62606.977,0.18600225,0.12518504,0.131
0.18251519,0.12325621,0.131,64269.734,0.1825152,0.12325621,0.131
0.17902812,0.12132739,0.131,65828.094,0.17902814,0.12132739,0.131
0.17554107,0.11939856,0.131,67235.453,0.17554107,0.11939856,0.131
0.17205401,0.11746974,0.131,68498.898,0.17205401,0.11746974,0.131
0.16856694,0.11554092,0.131,69619.375,0.16856694,0.11554091,0.131
0.16507988,0.11361209,0.131,70574.195,0.16507988,0.11361209,0.131
0.16159281,0.11168326,0.131,71364.266,0.16159281,0.11168326,0.131
0.15810576,0.10975444,0.131,72026.156,0.15810576,0.10975444,0.131
0.15486297,0.10782561,0.131,72574.117,0.15486296,0.10782561,0.131
0.15211432,0.10589679,0.131,73024.117,0.15211432,0.10589679,0.131
0.14969815,0.10396796,0.131,73412.75,0.14969814,0.10396796,0.131
0.14736459,0.10203914,0.131,73771.148,0.14736457,0.10203914,0.131
0.14503101,0.10011031,0.131,74119.117,0.14503101,0.10011031,0.131
0.14269745,0.098181486,0.131,74464.109,0.14269744,0.098181486,0.131
0.14036389,0.096252665,0.131,74817.82,0.14036389,0.096252665,0.131
0.13803032,0.094323844,0.131,75192.539,0.13803032,0.094323836,0.131
0.13569674,0.092395008,0.131,75597.875,0.13569675,0.092395015,0.131
0.13336319,0.090466186,0.131,76038.07,0.13336319,0.090466186,0.131
0.13102962,0.088537365,0.131,76524.43,0.13102962,0.088537365,0.131
0.12869605,0.086608537,0.131,77072.68,0.12869605,0.086608537,0.131
0.12636247,0.084679708,0.131,77702.367,0.12636249,0.084679715,0.131
0.12402891,0.082750887,0.131,78430.711,0.12402892,0.082750887,0.131
0.12169535,0.080822065,0.131,79280.164,0.12169535,0.080822065,0.131
0.11936179,0.078893237,0.131,80270.602,0.11936179,0.078893237,0.131
0.11702822,0.076964408,0.131,81434.422,0.11702822,0.076964416,0.131
0.11469465,0.075035587,0.131,82711.172,0.11469465,0.075035587,0.131
0.11236109,0.073106766,0.131,83792.859,0.11236109,0.073106766,0.131
0.11002752,0.071177937,0.131,84770.508,0.11002752,0.071177937,0.131
0.10769396,0.069249108,0.131,85641.562,0.10769396,0.069249116,0.131
0.10536039,0.067320287,0.131,85213.695,0.10536039,0.067320287,0.131
0.10302682,0.065391466,0.131,84255.07,0.10302682,0.065391459,0.131
0.10069326,0.063462637,0.131,82497.672,0.10069326,0.063462637,0.131
0.098359689,0.061533809,0.131,80162.617,0.098359689,0.061533812,0.131
0.096026123,0.059604988,0.131,75755.375,0.096026123,0.059604988,0.131
0.093692556,0.057676159,0.131,67194.445,0.093692563,0.057676163,0.131
0.091358989,0.055747338,0.131,57930.0,0.091358997,0.055747338,0.131
0.08902543,0.053818509,0.131,52686.395,0.08902543,0.053818513,0.131
0.086691871,0.051889684,0.131,50358.652,0.086691864,0.051889688,0.131
0.084358297,0.049960859,0.131,49895.215,0.084358297,0.049960863,0.131
0.082024731,0.048032038,0.131,50059.387,0.082024731,0.048032038,0.131
0.079691164,0.046103209,0.131,50118.34,0.079691164,0.046103213,0.131
0.077357598,0.044174388,0.131,50177.055,0.077357598,0.044174388,0.131
0.075024031,0.042245559,0.131,50238.723,0.075024031,0.042245563,0.131
0.072690465,0.040316738,0.131,50278.52,0.072690465,0.040316734,0.131
0.070356898,0.03838791,0.131,50287.898,0.070356898,0.03838791,0.131
0.068023331,0.036459088,0.131,50273.008,0.068023331,0.036459085,0.131
0.065689765,0.03453026,0.131,50240.844,0.065689765,0.03453026,0.131
0.063356198,0.032601438,0.131,50200.418,0.063356206,0.032601435,0.131
0.061022636,0.030672612,0.131,50160.094,0.061022636,0.030672612,0.131
0.058689069,0.028743785,0.131,50125.781,0.058689069,0.028743787,0.131
0.21389876,0.1389997,0.131,51252.895,0.21389876,0.1389997,0.131
0.21041171,0.13794906,0.131,52478.969,0.21041171,0.13794906,0.131
0.20692465,0.13679338,0.131,53727.152,0.20692465,0.13679336,0.131
0.20343757,0.1355221,0.131,55007.332,0.20343758,0.1355221,0.131
0.19995052,0.13412371,0.131,56337.367,0.19995052,0.13412371,0.131
0.19646345,0.13258547,0.131,57748.098,0.19646345,0.13258548,0.131
0.1929764,0.13089341,0.131,59264.887,0.19297639,0.13089342,0.131
0.18948933,0.12904269,0.131,60873.293,0.18948932,0.12904269,0.131
0.18600225,0.12711386,0.131,62528.484,0.18600225,0.12711386,0.131
0.18251519,0.12518504,0.131,64176.27,0.1825152,0.12518504,0.131
0.17902812,0.12325621,0.131,65732.812,0.17902814,0.12325621,0.131
0.17554107,0.12132739,0.131,67125.203,0.17554107,0.12132739,0.131
0.17205401,0.11939856,0.131,68354.367,0.17205401,0.11939856,0.131
0.16856694,0.11746974,0.131,69444.867,0.16856694,0.11746974,0.131
0.16507988,0.11554092,0.131,70389.07,0.16507988,0.11554091,0.131
0.16159281,0.11361209,0.131,71183.625,0.16159281,0.11361209,0.131
0.15810576,0.11168326,0.131,71860.5,0.15810576,0.11168326,0.131
0.15486297,0.10975444,0.131,72428.969,0.15486296,0.10975444,0.131
0.15211432,0.10782561,0.131,72905.812,0.15211432,0.10782561,0.131
0.14969815,0.10589679,0.131,73320.461,0.14969814,0.10589679,0.131
0.14736459,0.10396796,0.131,73704.805,0.14736457,0.10396796,0.131
0.14503101,0.10203914,0.131,74072.547,0.14503101,0.10203914,0.131
0.14269745,0.10011031,0.131,74434.0,0.14269744,0.10011031,0.131
0.14036389,0.098181486,0.131,74797.125,0.14036389,0.098181486,0.131
0.13803032,0.096252665,0.131,75176.117,0.13803032,0.096252665,0.131
0.13569674,0.094323844,0.131,75583.141,0.13569675,0.094323836,0.131
0.13336319,0.092395008,0.131,76026.43,0.13336319,0.092395015,0.131
0.13102962,0.090466186,0.131,76510.609,0.13102962,0.090466186,0.131
0.12869605,0.088537365,0.131,77054.688,0.12869605,0.088537365,0.131
0.12636247,0.086608537,0.131,77672.641,0.12636249,0.086608537,0.131
0.12402891,0.084679708,0.131,78382.906,0.12402892,0.084679715,0.131
0.12169535,0.082750887,0.131,79210.68,0.12169535,0.082750887,0.131
0.11936179,0.080822065,0.131,80189.297,0.11936179,0.080822065,0.131
0.11702822,0.078893237,0.131,81352.266,0.11702822,0.078893237,0.131
0.11469465,0.076964408,0.131,82695.148,0.11469465,0.076964416,0.131
0.11236109,0.075035587,0.131,83882.906,0.11236109,0.075035587,0.131
0.11002752,0.073106766,0.131,84826.039,0.11002752,0.073106766,0.131
0.10769396,0.071177937,0.131,86277.156,0.10769396,0.071177937,0.131
0.10536039,0.069249108,0.131,86020.234,0.10536039,0.069249116,0.131
0.10302682,0.067320287,0.131,85137.633,0.10302682,0.067320287,0.131
0.10069326,0.065391466,0.131,83179.711,0.10069326,0.065391459,0.131
0.098359689,0.063462637,0.131,80373.766,0.098359689,0.063462637,0.131
0.096026123,0.061533809,0.131,74515.742,0.096026123,0.061533812,0.131
0.093692556,0.059604988,0.131,64800.688,0.093692563,0.059604988,0.131
0.091358989,0.057676159,0.131,56092.113,0.091358997,0.057676163,0.131
0.08902543,0.055747338,0.131,51701.391,0.08902543,0.055747338,0.131
0.086691871,0.053818509,0.131,49776.574,0.086691864,0.053818513,0.131
0.084358297,0.051889684,0.131,49711.395,0.084358297,0.051889688,0.131
0.082024731,0.049960859,0.131,49873.34,0.082024731,0.049960863,0.131
0.079691164,0.048032038,0.131,49924.586,0.079691164,0.048032038,0.131
0.077357598,0.046103209,0.131,49984.199,0.077357598,0.046103213,0.131
0.075024031,0.044174388,0.131,50042.27,0.075024031,0.044174388,0.131
0.072690465,0.042245559,0.131,50077.688,0.072690465,0.042245563,0.131
0.070356898,0.040316738,0.131,50087.66,0.070356898,0.040316734,0.131
0.068023331,0.03838791,0.131,50077.605,0.068023331,0.03838791,0.131
0.065689765,0.036459088,0.131,50053.039,0.065689765,0.036459085,0.131
0.063356198,0.03453026,0.131,50021.641,0.063356206,0.03453026,0.131
0.061022636,0.032601438,0.131,49990.141,0.061022636,0.032601435,0.131
0.058689069,0.030672612,0.131,49963.426,0.058689069,0.030672612,0.131
0.21041171,0.1389997,0.131,52542.129,0.21041171,0.1389997,0.131
0.20692465,0.13794906,0.131,53796.309,0.20692465,0.13794906,0.131
0.20343757,0.13679338,0.131,55077.559,0.20343758,0.13679336,0.131
0.19995052,0.1355221,0.131,56398.727,0.19995052,0.1355221,0.131
0.19646345,0.13412371,0.131,57783.906,0.19646345,0.13412371,0.131
0.1929764,0.13258547,0.131,59262.246,0.19297639,0.13258548,0.131
0.18948933,0.13089341,0.131,60831.547,0.18948932,0.13089342,0.131
0.18600225,0.12904269,0.131,62451.316,0.18600225,0.12904269,0.131
0.18251519,0.12711386,0.131,64075.047,0.1825152,0.12711386,0.131
0.17902812,0.12518504,0.131,65627.891,0.17902814,0.12518504,0.131
0.17554107,0.12325621,0.131,67015.383,0.17554107,0.12325621,0.131
0.17205401,0.12132739,0.131,68216.172,0.17205401,0.12132739,0.131
0.16856694,0.11939856,0.131,69272.07,0.16856694,0.11939856,0.131
0.16507988,0.11746974,0.131,70198.609,0.16507988,0.11746974,0.131
0.16159281,0.11554092,0.131,70992.906,0.16159281,0.11554091,0.131
0.15810576,0.11361209,0.131,71680.352,0.15810576,0.11361209,0.131
0.15486297,0.11168326,0.131,72266.875,0.15486296,0.11168326,0.131
0.15211432,0.10975444,0.131,72766.398,0.15211432,0.10975444,0.131
0.14969815,0.10782561,0.131,73207.844,0.14969814,0.10782561,0.131
0.14736459,0.10589679,0.131,73616.812,0.14736457,0.10589679,0.131
0.14503101,0.10396796,0.131,74007.773,0.14503101,0.10396796,0.131
0.14269745,0.10203914,0.131,74385.539,0.14269744,0.10203914,0.131
0.14036389,0.10011031,0.131,74761.367,0.14036389,0.10011031,0.131
0.13803032,0.098181486,0.131,75145.32,0.13803032,0.098181486,0.131
0.13569674,0.096252665,0.131,75552.945,0.13569675,0.096252665,0.131
0.13336319,0.094323844,0.131,75995.555,0.13336319,0.094323836,0.131
0.13102962,0.092395008,0.131,76478.789,0.13102962,0.092395015,0.131
0.12869605,0.090466186,0.131,77012.617,0.12869605,0.090466186,0.131
0.12636247,0.088537365,0.131,77619.922,0.12636249,0.088537365,0.131
0.12402891,0.086608537,0.131,78312.617,0.12402892,0.086608537,0.131
0.12169535,0.084679708,0.131,79116.164,0.12169535,0.084679715,0.131
0.11936179,0.082750887,0.131,80069.109,0.11936179,0.082750887,0.131
0.11702822,0.080822065,0.131,81212.312,0.11702822,0.080822065,0.131
0.11469465,0.078893237,0.131,82553.992,0.11469465,0.078893237,0.131
0.11236109,0.076964408,0.131,83867.828,0.11236109,0.076964416,0.131
0.11002752,0.075035587,0.131,84713.242,0.11002752,0.075035587,0.131
0.10769396,0.073106766,0.131,86713.109,0.10769396,0.073106766,0.131
0.10536039,0.071177937,0.131,86731.641,0.10536039,0.071177937,0.131
0.10302682,0.069249108,0.131,85916.734,0.10302682,0.069249116,0.131
0.10069326,0.067320287,0.131,83863.828,0.10069326,0.067320287,0.131
0.098359689,0.065391466,0.131,80410.211,0.098359689,0.065391459,0.131
0.096026123,0.063462637,0.131,72976.531,0.096026123,0.063462637,0.131
0.093692556,0.061533809,0.131,62461.004,0.093692563,0.061533812,0.131
0.091358989,0.059604988,0.131,54592.934,0.091358997,0.059604988,0.131
0.08902543,0.057676159,0.131,50922.73,0.08902543,0.057676163,0.131
0.086691871,0.055747338,0.131,49390.957,0.086691864,0.055747338,0.131
0.084358297,0.053818509,0.131,49607.73,0.084358297,0.053818513,0.131
0.082024731,0.051889684,0.131,49725.312,0.082024731,0.051889688,0.131
0.079691164,0.049960859,0.131,49766.801,0.079691164,0.049960863,0.131
0.077357598,0.048032038,0.131,49824.543,0.077357598,0.048032038,0.131
0.075024031,0.046103209,0.131,49875.953,0.075024031,0.046103213,0.131
0.072690465,0.044174388,0.131,49906.191,0.072690465,0.044174388,0.131
0.070356898,0.042245559,0.131,49915.871,0.070356898,0.042245563,0.131
0.068023331,0.040316738,0.131,49909.457,0.068023331,0.040316734,0.131
0.065689765,0.03838791,0.131,49891.324,0.065689765,0.03838791,0.131
0.063356198,0.036459088,0.131,49867.805,0.063356198,0.036459085,0.131
0.061022636,0.03453026,0.131,49844.098,0.061022636,0.03453026,0.131
0.058689069,0.032601438,0.131,49823.973,0.058689069,0.032601435,0.131
0.20692465,0.1389997,0.131,53858.754,0.20692465,0.1389997,0.131
0.20343757,0.13794906,0.131,55142.113,0.20343758,0.13794906,0.131
0.19995052,0.13679338,0.131,56458.027,0.19995052,0.13679336,0.131
0.19646345,0.1355221,0.131,57823.848,0.19646345,0.1355221,0.131
0.1929764,0.13412371,0.131,59267.477,0.19297639,0.13412371,0.131
0.18948933,0.13258547,0.131,60797.836,0.18948932,0.13258548,0.131
0.18600225,0.13089341,0.131,62379.734,0.18600225,0.13089342,0.131
0.18251519,0.12904269,0.131,63968.281,0.1825152,0.12904269,0.131
0.17902812,0.12711386,0.131,65509.676,0.17902814,0.12711386,0.131
0.17554107,0.12518504,0.131,66899.758,0.17554107,0.12518504,0.131
0.17205401,0.12325621,0.131,68082.688,0.17205401,0.12325621,0.131
0.16856694,0.12132739,0.131,69102.82,0.16856694,0.12132739,0.131
0.16507988,0.11939856,0.131,70004.641,0.16507988,0.11939856,0.131
0.16159281,0.11746974,0.131,70793.281,0.16159281,0.11746974,0.131
0.15810576,0.11554092,0.131,71487.422,0.15810576,0.11554091,0.131
0.15486297,0.11361209,0.131,72088.672,0.15486296,0.11361209,0.131
0.15211432,0.11168326,0.131,72608.484,0.15211432,0.11168326,0.131
0.14969815,0.10975444,0.131,73072.812,0.14969814,0.10975444,0.131
0.14736459,0.10782561,0.131,73507.766,0.14736457,0.10782561,0.131
0.14503101,0.10589679,0.131,73920.82,0.14503101,0.10589679,0.131
0.14269745,0.10396796,0.131,74318.172,0.14269744,0.10396796,0.131
0.14036389,0.10203914,0.131,74706.047,0.14036389,0.10203914,0.131
0.13803032,0.10011031,0.131,75097.711,0.13803032,0.10011031,0.131
0.13569674,0.098181486,0.131,75505.125,0.13569675,0.098181486,0.131
0.13336319,0.096252665,0.131,75944.57,0.13336319,0.096252665,0.131
0.13102962,0.094323844,0.131,76423.773,0.13102962,0.094323836,0.131
0.12869605,0.092395008,0.131,76949.609,0.12869605,0.092395015,0.131
0.12636247,0.090466186,0.131,77539.438,0.12636249,0.090466186,0.131
0.12402891,0.088537365,0.131,78216.312,0.12402892,0.088537365,0.131
0.12169535,0.086608537,0.131,78995.234,0.12169535,0.086608537,0.131
0.11936179,0.084679708,0.131,79917.922,0.11936179,0.084679715,0.131
0.11702822,0.082750887,0.131,81029.117,0.11702822,0.082750887,0.131
0.11469465,0.080822065,0.131,82343.859,0.11469465,0.080822065,0.131
0.11236109,0.078893237,0.131,83743.07,0.11236109,0.078893237,0.131
0.11002752,0.076964408,0.131,84706.539,0.11002752,0.076964416,0.131
0.10769396,0.075035587,0.131,87073.625,0.10769396,0.075035587,0.131
0.10536039,0.073106766,0.131,87269.422,0.10536039,0.073106766,0.131
0.10302682,0.071177937,0.131,86541.18,0.10302682,0.071177937,0.131
0.10069326,0.069249108,0.131,84521.547,0.10069326,0.069249116,0.131
0.098359689,0.067320287,0.131,80263.422,0.098359689,0.067320287,0.131
0.096026123,0.065391466,0.131,71262.164,0.096026123,0.065391459,0.131
0.093692556,0.063462637,0.131,60356.496,0.093692563,0.063462637,0.131
0.091358989,0.061533809,0.131,53439.332,0.091358997,0.061533812,0.131
0.08902543,0.059604988,0.131,50258.645,0.08902543,0.059604988,0.131
0.086691871,0.057676159,0.131,49171.785,0.086691864,0.057676163,0.131
0.084358297,0.055747338,0.131,49526.383,0.084358297,0.055747338,0.131
0.082024731,0.053818509,0.131,49603.355,0.082024731,0.053818513,0.131
0.079691164,0.051889684,0.131,49640.102,0.079691164,0.051889688,0.131
0.077357598,0.049960859,0.131,49693.672,0.077357598,0.049960863,0.131
0.075024031,0.048032038,0.131,49737.441,0.075024031,0.048032038,0.131
0.072690465,0.046103209,0.131,49762.5,0.072690465,0.046103213,0.131
0.070356898,0.044174388,0.131,49771.168,0.070356898,0.044174388,0.131
0.068023331,0.042245559,0.131,49767.23,0.068023331,0.042245563,0.131
0.065689765,0.040316738,0.131,49754.266,0.065689765,0.040316734,0.131
0.063356198,0.03838791,0.131,49737.414,0.063356198,0.03838791,0.131
0.061022636,0.036459088,0.131,49720.398,0.061022636,0.036459085,0.131
0.058689069,0.03453026,0.131,49706.0,0.058689069,0.03453026,0.131
0.20343757,0.1389997,0.131,55200.926,0.20343758,0.1389997,0.131
0.19995052,0.13794906,0.131,56513.633,0.19995052,0.13794906,0.131
0.19646345,0.13679338,0.131,57865.297,0.19646345,0.13679336,0.131
0.1929764,0.1355221,0.131,59278.652,0.19297639,0.1355221,0.131
0.18948933,0.13412371,0.131,60770.859,0.18948932,0.13412371,0.131
0.18600225,0.13258547,0.131,62316.465,0.18600225,0.13258548,0.131
0.18251519,0.13089341,0.131,63863.961,0.1825152,0.13089342,0.131
0.17902812,0.12904269,0.131,65377.656,0.17902814,0.12904269,0.131
0.17554107,0.12711386,0.131,66772.078,0.17554107,0.12711386,0.131
0.17205401,0.12518504,0.131,67950.633,0.17205401,0.12518504,0.131
0.16856694,0.12325621,0.131,68939.016,0.16856694,0.12325621,0.131
0.16507988,0.12132739,0.131,69809.836,0.16507988,0.12132739,0.131
0.16159281,0.11939856,0.131,70586.992,0.16159281,0.11939856,0.131
0.15810576,0.11746974,0.131,71283.766,0.15810576,0.11746974,0.131
0.15486297,0.11554092,0.131,71896.648,0.15486296,0.11554091,0.131
0.15211432,0.11361209,0.131,72432.828,0.15211432,0.11361209,0.131
0.14969815,0.11168326,0.131,72917.969,0.14969814,0.11168326,0.131
0.14736459,0.10975444,0.131,73375.156,0.14736457,0.10975444,0.131
0.14503101,0.10782561,0.131,73812.117,0.14503101,0.10782561,0.131
0.14269745,0.10589679,0.131,74227.766,0.14269744,0.10589679,0.131
0.14036389,0.10396796,0.131,74630.727,0.14036389,0.10396796,0.131
0.13803032,0.10203914,0.131,75029.016,0.13803032,0.10203914,0.131
0.13569674,0.10011031,0.131,75437.992,0.13569675,0.10011031,0.131
0.13336319,0.098181486,0.131,75871.742,0.13336319,0.098181486,0.131
0.13102962,0.096252665,0.131,76344.406,0.13102962,0.096252665,0.131
0.12869605,0.094323844,0.131,76860.914,0.12869605,0.094323836,0.131
0.12636247,0.092395008,0.131,77435.172,0.12636249,0.092395015,0.131
0.12402891,0.090466186,0.131,78088.492,0.12402892,0.090466186,0.131
0.12169535,0.088537365,0.131,78844.906,0.12169535,0.088537365,0.131
0.11936179,0.086608537,0.131,79735.672,0.11936179,0.086608537,0.131
0.11702822,0.084679708,0.131,80811.195,0.11702822,0.084679715,0.131
0.11469465,0.082750887,0.131,82096.609,0.11469465,0.082750887,0.131
0.11236109,0.080822065,0.131,83518.859,0.11236109,0.080822065,0.131
0.11002752,0.078893237,0.131,84793.641,0.11002752,0.078893237,0.131
0.10769396,0.076964408,0.131,87033.594,0.10769396,0.076964416,0.131
0.10536039,0.075035587,0.131,87555.695,0.10536039,0.075035587,0.131
0.10302682,0.073106766,0.131,86967.633,0.10302682,0.073106766,0.131
0.10069326,0.071177937,0.131,85092.711,0.10069326,0.071177937,0.131
0.098359689,0.069249108,0.131,80008.133,0.098359689,0.069249116,0.131
0.096026123,0.067320287,0.131,69534.25,0.096026123,0.067320287,0.131
0.093692556,0.065391466,0.131,58606.539,0.093692563,0.065391459,0.131
0.091358989,0.063462637,0.131,52511.258,0.091358997,0.063462637,0.131
0.08902543,0.061533809,0.131,49646.266,0.08902543,0.061533812,0.131
0.086691871,0.059604988,0.131,49105.523,0.086691864,0.059604988,0.131
0.084358297,0.057676159,0.131,49462.441,0.084358297,0.057676163,0.131
0.082024731,0.055747338,0.131,49504.309,0.082024731,0.055747338,0.131
0.079691164,0.053818509,0.131,49539.988,0.079691164,0.053818513,0.131
0.077357598,0.051889684,0.131,49588.02,0.077357598,0.051889688,0.131
0.075024031,0.049960859,0.131,49624.277,0.075024031,0.049960863,0.131
0.072690465,0.048032038,0.131,49644.414,0.072690465,0.048032038,0.131
0.070356898,0.046103209,0.131,49651.629,0.070356898,0.046103213,0.131
0.068023331,0.044174388,0.131,49649.18,0.068023331,0.044174388,0.131
0.065689765,0.042245559,0.131,49640.105,0.065689765,0.042245563,0.131
0.063356198,0.040316738,0.131,49628.609,0.063356198,0.040316734,0.131
0.061022636,0.03838791,0.131,49617.129,0.061022636,0.03838791,0.131
0.058689069,0.036459088,0.131,49607.555,0.058689069,0.036459085,0.131
0.056355506,0.03453026,0.131,49601.113,0.056355502,0.03453026,0.131
0.19995052,0.1389997,0.131,56564.926,0.19995052,0.1389997,0.131
0.19646345,0.13794906,0.131,57906.117,0.19646345,0.13794906,0.131
0.1929764,0.13679338,0.131,59294.172,0.19297639,0.13679336,0.131
0.18948933,0.1355221,0.131,60749.77,0.18948932,0.1355221,0.131
0.18600225,0.13412371,0.131,62259.77,0.18600225,0.13412371,0.131
0.18251519,0.13258547,0.131,63769.453,0.1825152,0.13258548,0.131
0.17902812,0.13089341,0.131,65241.504,0.17902814,0.13089342,0.131
0.17554107,0.12904269,0.131,66627.727,0.17554107,0.12904269,0.131
0.17205401,0.12711386,0.131,67815.062,0.17205401,0.12711386,0.131
0.16856694,0.12518504,0.131,68781.633,0.16856694,0.12518504,0.131
0.16507988,0.12325621,0.131,69617.688,0.16507988,0.12325621,0.131
0.16159281,0.12132739,0.131,70376.75,0.16159281,0.12132739,0.131
0.15810576,0.11939856,0.131,71072.086,0.15810576,0.11939856,0.131
0.15486297,0.11746974,0.131,71692.898,0.15486296,0.11746974,0.131
0.15211432,0.11554092,0.131,72241.922,0.15211432,0.11554091,0.131
0.14969815,0.11361209,0.131,72743.664,0.14969814,0.11361209,0.131
0.14736459,0.11168326,0.131,73221.406,0.14736457,0.11168326,0.131
0.14503101,0.10975444,0.131,73678.766,0.14503101,0.10975444,0.131
0.14269745,0.10782561,0.131,74114.836,0.14269744,0.10782561,0.131
0.14036389,0.10589679,0.131,74531.242,0.14036389,0.10589679,0.131
0.13803032,0.10396796,0.131,74939.07,0.13803032,0.10396796,0.131
0.13569674,0.10203914,0.131,75348.188,0.13569675,0.10203914,0.131
0.13336319,0.10011031,0.131,75776.586,0.13336319,0.10011031,0.131
0.13102962,0.098181486,0.131,76238.891,0.13102962,0.098181486,0.131
0.12869605,0.096252665,0.131,76744.578,0.12869605,0.096252665,0.131
0.12636247,0.094323844,0.131,77301.375,0.12636249,0.094323836,0.131
0.12402891,0.092395008,0.131,77932.469,0.12402892,0.092395015,0.131
0.12169535,0.090466186,0.131,78660.25,0.12169535,0.090466186,0.131
0.11936179,0.088537365,0.131,79516.969,0.11936179,0.088537365,0.131
0.11702822,0.086608537,0.131,80552.703,0.11702822,0.086608537,0.131
0.11469465,0.084679708,0.131,81802.469,0.11469465,0.084679715,0.131
0.11236109,0.082750887,0.131,83240.078,0.11236109,0.082750887,0.131
0.11002752,0.080822065,0.131,84703.438,0.11002752,0.080822065,0.131
0.10769396,0.078893237,0.131,86637.961,0.10769396,0.078893237,0.131
0.10536039,0.076964408,0.131,87537.594,0.10536039,0.076964416,0.131
0.10302682,0.075035587,0.131,87177.016,0.10302682,0.075035587,0.131
0.10069326,0.073106766,0.131,85509.414,0.10069326,0.073106766,0.131
0.098359689,0.071177937,0.131,79712.945,0.098359689,0.071177937,0.131
0.096026123,0.069249108,0.131,67952.492,0.096026123,0.069249116,0.131
0.093692556,0.067320287,0.131,57229.457,0.093692563,0.067320287,0.131
0.091358989,0.065391466,0.131,51798.012,0.091358997,0.065391459,0.131
0.08902543,0.063462637,0.131,49232.582,0.08902543,0.063462637,0.131
0.086691871,0.061533809,0.131,49171.129,0.086691864,0.061533812,0.131
0.084358297,0.059604988,0.131,49407.023,0.084358297,0.059604988,0.131
0.082024731,0.057676159,0.131,49425.59,0.082024731,0.057676163,0.131
0.079691164,0.055747338,0.131,49462.273,0.079691164,0.055747338,0.131
0.077357598,0.053818509,0.131,49503.922,0.077357598,0.053818513,0.131
0.075024031,0.051889684,0.131,49533.312,0.075024031,0.051889688,0.131
0.072690465,0.049960859,0.131,49549.227,0.072690465,0.049960863,0.131
0.070356898,0.048032038,0.131,49554.762,0.070356898,0.048032038,0.131
0.068023331,0.046103209,0.131,49553.047,0.068023331,0.046103213,0.131
0.065689765,0.044174388,0.131,49546.691,0.065689765,0.044174388,0.131
0.063356198,0.042245559,0.131,49539.156,0.063356198,0.042245563,0.131
0.061022636,0.040316738,0.131,49532.008,0.061022636,0.040316734,0.131
0.058689069,0.03838791,0.131,49526.273,0.058689069,0.03838791,0.131
0.056355506,0.036459088,0.131,49522.734,0.056355502,0.036459085,0.131
0.05402194,0.03453026,0.131,49522.273,0.05402194,0.03453026,0.131
0.19646345,0.1389997,0.131,57944.926,0.19646345,0.1389997,0.131
0.1929764,0.13794906,0.131,59312.527,0.19297639,0.13794906,0.131
0.18948933,0.13679338,0.131,60733.961,0.18948932,0.13679336,0.131
0.18600225,0.1355221,0.131,62207.812,0.18600225,0.1355221,0.131
0.18251519,0.13412371,0.131,63684.672,0.1825152,0.13412371,0.131
0.17902812,0.13258547,0.131,65113.762,0.17902814,0.13258548,0.131
0.17554107,0.13089341,0.131,66473.016,0.17554107,0.13089342,0.131
0.17205401,0.12904269,0.131,67669.773,0.17205401,0.12904269,0.131
0.16856694,0.12711386,0.131,68630.219,0.16856694,0.12711386,0.131
0.16507988,0.12518504,0.131,69431.914,0.16507988,0.12518504,0.131
0.16159281,0.12325621,0.131,70165.844,0.16159281,0.12325621,0.131
0.15810576,0.12132739,0.131,70854.805,0.15810576,0.12132739,0.131
0.15486297,0.11939856,0.131,71480.016,0.15486296,0.11939856,0.131
0.15211432,0.11746974,0.131,72037.695,0.15211432,0.11746974,0.131
0.14969815,0.11554092,0.131,72552.289,0.14969814,0.11554091,0.131
0.14736459,0.11361209,0.131,73046.445,0.14736457,0.11361209,0.131
0.14503101,0.11168326,0.131,73523.133,0.14503101,0.11168326,0.131
0.14269745,0.10975444,0.131,73976.383,0.14269744,0.10975444,0.131
0.14036389,0.10782561,0.131,74408.461,0.14036389,0.10782561,0.131
0.13803032,0.10589679,0.131,74823.992,0.13803032,0.10589679,0.131
0.13569674,0.10396796,0.131,75236.031,0.13569675,0.10396796,0.131
0.13336319,0.10203914,0.131,75656.75,0.13336319,0.10203914,0.131
0.13102962,0.10011031,0.131,76106.586,0.13102962,0.10011031,0.131
0.12869605,0.098181486,0.131,76597.32,0.12869605,0.098181486,0.131
0.12636247,0.096252665,0.131,77136.078,0.12636249,0.096252665,0.131
0.12402891,0.094323844,0.131,77740.438,0.12402892,0.094323836,0.131
0.12169535,0.092395008,0.131,78439.453,0.12169535,0.092395015,0.131
0.11936179,0.090466186,0.131,79257.086,0.11936179,0.090466186,0.131
0.11702822,0.088537365,0.131,80242.125,0.11702822,0.088537365,0.131
0.11469465,0.086608537,0.131,81444.859,0.11469465,0.086608537,0.131
0.11236109,0.084679708,0.131,82860.258,0.11236109,0.084679715,0.131
0.11002752,0.082750887,0.131,84431.859,0.11002752,0.082750887,0.131
0.10769396,0.080822065,0.131,86173.883,0.10769396,0.080822065,0.131
0.10536039,0.078893237,0.131,87206.828,0.10536039,0.078893237,0.131
0.10302682,0.076964408,0.131,87166.039,0.10302682,0.076964416,0.131
0.10069326,0.075035587,0.131,85726.594,0.10069326,0.075035587,0.131
0.098359689,0.073106766,0.131,79466.469,0.098359689,0.073106766,0.131
0.096026123,0.071177937,0.131,66671.188,0.096026123,0.071177937,0.131
0.093692556,0.069249108,0.131,56190.43,0.093692563,0.069249116,0.131
0.091358989,0.067320287,0.131,51286.234,0.091358997,0.067320287,0.131
0.08902543,0.065391466,0.131,48959.047,0.08902543,0.065391459,0.131
0.086691871,0.063462637,0.131,49220.254,0.086691864,0.063462637,0.131
0.084358297,0.061533809,0.131,49348.715,0.084358297,0.061533812,0.131
0.082024731,0.059604988,0.131,49363.762,0.082024731,0.059604988,0.131
0.079691164,0.057676159,0.131,49401.688,0.079691164,0.057676163,0.131
0.077357598,0.055747338,0.131,49437.605,0.077357598,0.055747338,0.131
0.075024031,0.053818509,0.131,49461.379,0.075024031,0.053818513,0.131
0.072690465,0.051889684,0.131,49473.699,0.072690465,0.051889688,0.131
0.070356898,0.049960859,0.131,49477.574,0.070356898,0.049960863,0.131
0.068023331,0.048032038,0.131,49476.113,0.068023331,0.048032038,0.131
0.065689765,0.046103209,0.131,49471.527,0.065689765,0.046103213,0.131
0.063356198,0.044174388,0.131,49466.672,0.063356198,0.044174388,0.131
0.061022636,0.042245559,0.131,49462.598,0.061022636,0.042245563,0.131
0.058689069,0.040316738,0.131,49459.727,0.058689069,0.040316734,0.131
0.056355506,0.03838791,0.131,49458.27,0.056355502,0.03838791,0.131
0.05402194,0.036459088,0.131,49458.938,0.05402194,0.036459085,0.131
0.1929764,0.1389997,0.131,59332.336,0.19297639,0.1389997,0.131
0.18948933,0.13794906,0.131,60722.66,0.18948932,0.13794906,0.131
0.18600225,0.13679338,0.131,62160.746,0.18600225,0.13679336,0.131
0.18251519,0.1355221,0.131,63607.586,0.1825152,0.1355221,0.131
0.17902812,0.13412371,0.131,64998.973,0.17902814,0.13412371,0.131
0.17554107,0.13258547,0.131,66320.383,0.17554107,0.13258548,0.131
0.17205401,0.13089341,0.131,67516.281,0.17205401,0.13089342,0.131
0.16856694,0.12904269,0.131,68481.609,0.16856694,0.12904269,0.131
0.16507988,0.12711386,0.131,69255.844,0.16507988,0.12711386,0.131
0.16159281,0.12518504,0.131,69958.148,0.16159281,0.12518504,0.131
0.15810576,0.12325621,0.131,70634.461,0.15810576,0.12325621,0.131
0.15486297,0.12132739,0.131,71259.734,0.15486296,0.12132739,0.131
0.15211432,0.11939856,0.131,71822.609,0.15211432,0.11939856,0.131
0.14969815,0.11746974,0.131,72345.609,0.14969814,0.11746974,0.131
0.14736459,0.11554092,0.131,72852.367,0.14736457,0.11554091,0.131
0.14503101,0.11361209,0.131,73344.445,0.14503101,0.11361209,0.131
0.14269745,0.11168326,0.131,73814.602,0.14269744,0.11168326,0.131
0.14036389,0.10975444,0.131,74259.289,0.14036389,0.10975444,0.131
0.13803032,0.10782561,0.131,74684.586,0.13803032,0.10782561,0.131
0.13569674,0.10589679,0.131,75097.57,0.13569675,0.10589679,0.131
0.13336319,0.10396796,0.131,75512.875,0.13336319,0.10396796,0.131
0.13102962,0.10203914,0.131,75946.109,0.13102962,0.10203914,0.131
0.12869605,0.10011031,0.131,76417.273,0.12869605,0.10011031,0.131
0.12636247,0.098181486,0.131,76934.742,0.12636249,0.098181486,0.131
0.12402891,0.096252665,0.131,77509.578,0.12402892,0.096252665,0.131
0.12169535,0.094323844,0.131,78171.531,0.12169535,0.094323836,0.131
0.11936179,0.092395008,0.131,78949.773,0.11936179,0.092395015,0.131
0.11702822,0.090466186,0.131,79876.133,0.11702822,0.090466186,0.131
0.11469465,0.088537365,0.131,81008.656,0.11469465,0.088537365,0.131
0.11236109,0.086608537,0.131,82371.547,0.11236109,0.086608537,0.131
0.11002752,0.084679708,0.131,83927.07,0.11002752,0.084679715,0.131
0.10769396,0.082750887,0.131,85516.141,0.10769396,0.082750887,0.131
0.10536039,0.080822065,0.131,86624.977,0.10536039,0.080822065,0.131
0.10302682,0.078893237,0.131,86928.438,0.10302682,0.078893237,0.131
0.10069326,0.076964408,0.131,85720.656,0.10069326,0.076964416,0.131
0.098359689,0.075035587,0.131,79356.266,0.098359689,0.075035587,0.131
0.096026123,0.073106766,0.131,65796.93,0.096026123,0.073106766,0.131
0.093692556,0.071177937,0.131,55455.367,0.093692563,0.071177937,0.131
0.091358989,0.069249108,0.131,50913.797,0.091358997,0.069249116,0.131
0.08902543,0.067320287,0.131,48774.273,0.08902543,0.067320287,0.131
0.086691871,0.065391466,0.131,49267.32,0.086691864,0.065391459,0.131
0.084358297,0.063462637,0.131,49295.891,0.084358297,0.063462637,0.131
0.082024731,0.061533809,0.131,49315.676,0.082024731,0.061533812,0.131
0.079691164,0.059604988,0.131,49354.184,0.079691164,0.059604988,0.131
0.077357598,0.057676159,0.131,49385.508,0.077357598,0.057676163,0.131
0.075024031,0.055747338,0.131,49405.004,0.075024031,0.055747338,0.131
0.072690465,0.053818509,0.131,49414.488,0.072690465,0.053818513,0.131
0.070356898,0.051889684,0.131,49416.797,0.070356898,0.051889688,0.131
0.068023331,0.049960859,0.131,49415.277,0.068023331,0.049960863,0.131
0.065689765,0.048032038,0.131,49411.844,0.065689765,0.048032038,0.131
0.063356198,0.046103209,0.131,49408.625,0.063356198,0.046103213,0.131
0.061022636,0.044174388,0.131,49406.449,0.061022636,0.044174388,0.131
0.058689069,0.042245559,0.131,49405.41,0.058689069,0.042245563,0.131
0.056355506,0.040316738,0.131,49405.309,0.056355502,0.040316734,0.131
0.05402194,0.03838791,0.131,49406.488,0.05402194,0.03838791,0.131
0.051688373,0.036459088,0.131,49409.652,0.051688373,0.036459085,0.131
0.18948933,0.1389997,0.131,60716.195,0.18948932,0.1389997,0.131
0.18600225,0.13794906,0.131,62119.008,0.18600225,0.13794906,0.131
0.18251519,0.13679338,0.131,63536.184,0.1825152,0.13679336,0.131
0.17902812,0.1355221,0.131,64897.352,0.17902814,0.1355221,0.131
0.17554107,0.13412371,0.131,66177.508,0.17554107,0.13412371,0.131
0.17205401,0.13258547,0.131,67360.898,0.17205401,0.13258548,0.131
0.16856694,0.13089341,0.131,68336.406,0.16856694,0.13089342,0.131
0.16507988,0.12904269,0.131,69090.57,0.16507988,0.12904269,0.131
0.16159281,0.12711386,0.131,69757.555,0.16159281,0.12711386,0.131
0.15810576,0.12518504,0.131,70413.688,0.15810576,0.12518504,0.131
0.15486297,0.12325621,0.131,71033.578,0.15486296,0.12325621,0.131
0.15211432,0.12132739,0.131,71597.648,0.15211432,0.12132739,0.131
0.14969815,0.11939856,0.131,72125.508,0.14969814,0.11939856,0.131
0.14736459,0.11746974,0.131,72640.211,0.14736457,0.11746974,0.131
0.14503101,0.11554092,0.131,73143.977,0.14503101,0.11554091,0.131
0.14269745,0.11361209,0.131,73627.344,0.14269744,0.11361209,0.131
0.14036389,0.11168326,0.131,74085.219,0.14036389,0.11168326,0.131
0.13803032,0.10975444,0.131,74517.203,0.13803032,0.10975444,0.131
0.13569674,0.10782561,0.131,74933.094,0.13569675,0.10782561,0.131
0.13336319,0.10589679,0.131,75340.789,0.13336319,0.10589679,0.131
0.13102962,0.10396796,0.131,75757.734,0.13102962,0.10396796,0.131
0.12869605,0.10203914,0.131,76202.688,0.12869605,0.10203914,0.131
0.12636247,0.10011031,0.131,76693.406,0.12636249,0.10011031,0.131
0.12402891,0.098181486,0.131,77236.398,0.12402892,0.098181486,0.131
0.12169535,0.096252665,0.131,77853.758,0.12169535,0.096252665,0.131
0.11936179,0.094323844,0.131,78583.312,0.11936179,0.094323836,0.131
0.11702822,0.092395008,0.131,79449.094,0.11702822,0.092395015,0.131
0.11469465,0.090466186,0.131,80496.586,0.11469465,0.090466186,0.131
0.11236109,0.088537365,0.131,81770.5,0.11236109,0.088537365,0.131
0.11002752,0.086608537,0.131,83241.992,0.11002752,0.086608537,0.131
0.10769396,0.084679708,0.131,84746.547,0.10769396,0.084679715,0.131
0.10536039,0.082750887,0.131,85896.445,0.10536039,0.082750887,0.131
0.10302682,0.080822065,0.131,86489.398,0.10302682,0.080822065,0.131
0.10069326,0.078893237,0.131,85496.648,0.10069326,0.078893237,0.131
0.098359689,0.076964408,0.131,79427.828,0.098359689,0.076964416,0.131
0.096026123,0.075035587,0.131,65392.988,0.096026123,0.075035587,0.131
0.093692556,0.073106766,0.131,54993.152,0.093692563,0.073106766,0.131
0.091358989,0.071177937,0.131,50645.152,0.091358997,0.071177937,0.131
0.08902543,0.069249108,0.131,48708.609,0.08902543,0.069249116,0.131
0.086691871,0.067320287,0.131,49314.758,0.086691864,0.067320287,0.131
0.084358297,0.065391466,0.131,49248.41,0.084358297,0.065391459,0.131
0.082024731,0.063462637,0.131,49279.543,0.082024731,0.063462637,0.131
0.079691164,0.061533809,0.131,49316.246,0.079691164,0.061533812,0.131
0.077357598,0.059604988,0.131,49344.254,0.077357598,0.059604988,0.131
0.075024031,0.057676159,0.131,49360.855,0.075024031,0.057676163,0.131
0.072690465,0.055747338,0.131,49368.164,0.072690465,0.055747338,0.131
0.070356898,0.053818509,0.131,49369.203,0.070356898,0.053818513,0.131
0.068023331,0.051889684,0.131,49367.391,0.068023331,0.051889688,0.131
0.065689765,0.049960859,0.131,49364.641,0.065689765,0.049960863,0.131
0.063356198,0.048032038,0.131,49362.363,0.063356198,0.048032038,0.131
0.061022636,0.046103209,0.131,49361.184,0.061022636,0.046103213,0.131
0.058689069,0.044174388,0.131,49361.074,0.058689069,0.044174388,0.131
0.056355502,0.042245559,0.131,49361.641,0.056355502,0.042245563,0.131
0.05402194,0.040316738,0.131,49362.875,0.05402194,0.040316734,0.131
0.051688373,0.03838791,0.131,49365.492,0.051688373,0.03838791,0.131
0.18600225,0.1389997,0.131,62082.973,0.18600225,0.1389997,0.131
0.18251519,0.13794906,0.131,63469.582,0.1825152,0.13794906,0.131
0.17902812,0.13679338,0.131,64806.891,0.17902814,0.13679336,0.131
0.17554107,0.1355221,0.131,66048.992,0.17554107,0.1355221,0.131
0.17205401,0.13412371,0.131,67207.797,0.17205401,0.13412371,0.131
0.16856694,0.13258547,0.131,68195.242,0.16856694,0.13258548,0.131
0.16507988,0.13089341,0.131,68940.641,0.16507988,0.13089342,0.131
0.16159281,0.12904269,0.131,69566.406,0.16159281,0.12904269,0.131
0.15810576,0.12711386,0.131,70194.742,0.15810576,0.12711386,0.131
0.15486297,0.12518504,0.131,70802.172,0.15486296,0.12518504,0.131
0.15211432,0.12325621,0.131,71362.695,0.15211432,0.12325621,0.131
0.14969815,0.12132739,0.131,71891.633,0.14969814,0.12132739,0.131
0.14736459,0.11939856,0.131,72410.453,0.14736457,0.11939856,0.131
0.14503101,0.11746974,0.131,72921.047,0.14503101,0.11746974,0.131
0.14269745,0.11554092,0.131,73414.281,0.14269744,0.11554091,0.131
0.14036389,0.11361209,0.131,73881.68,0.14036389,0.11361209,0.131
0.13803032,0.11168326,0.131,74320.961,0.13803032,0.11168326,0.131
0.13569674,0.10975444,0.131,74736.156,0.13569675,0.10975444,0.131
0.13336319,0.10782561,0.131,75137.875,0.13336319,0.10782561,0.131
0.13102962,0.10589679,0.131,75536.039,0.13102962,0.10589679,0.131
0.12869605,0.10396796,0.131,75953.367,0.12869605,0.10396796,0.131
0.12636247,0.10203914,0.131,76409.453,0.12636249,0.10203914,0.131
0.12402891,0.10011031,0.131,76916.219,0.12402892,0.10011031,0.131
0.12169535,0.098181486,0.131,77486.766,0.12169535,0.098181486,0.131
0.11936179,0.096252665,0.131,78154.922,0.11936179,0.096252665,0.131
0.11702822,0.094323844,0.131,78955.07,0.11702822,0.094323836,0.131
0.11469465,0.092395008,0.131,79911.453,0.11469465,0.092395015,0.131
0.11236109,0.090466186,0.131,81076.234,0.11236109,0.090466186,0.131
0.11002752,0.088537365,0.131,82441.242,0.11002752,0.088537365,0.131
0.10769396,0.086608537,0.131,83862.398,0.10769396,0.086608537,0.131
0.10536039,0.084679708,0.131,85075.531,0.10536039,0.084679715,0.131
0.10302682,0.082750887,0.131,85849.562,0.10302682,0.082750887,0.131
0.10069326,0.080822065,0.131,85079.461,0.10069326,0.080822065,0.131
0.098359689,0.078893237,0.131,79671.531,0.098359689,0.078893237,0.131
0.096026123,0.076964408,0.131,65479.539,0.096026123,0.076964416,0.131
0.093692556,0.075035587,0.131,54782.535,0.093692563,0.075035587,0.131
0.091358989,0.073106766,0.131,50477.188,0.091358997,0.073106766,0.131
0.08902543,0.071177937,0.131,48717.367,0.08902543,0.071177937,0.131
0.086691871,0.069249108,0.131,49325.504,0.086691864,0.069249116,0.131
0.084358297,0.067320287,0.131,49207.734,0.084358297,0.067320287,0.131
0.082024731,0.065391466,0.131,49252.289,0.082024731,0.065391459,0.131
0.079691164,0.063462637,0.131,49285.0,0.079691164,0.063462637,0.131
0.077357598,0.061533809,0.131,49310.926,0.077357598,0.061533812,0.131
0.075024031,0.059604988,0.131,49325.809,0.075024031,0.059604988,0.131
0.072690465,0.057676159,0.131,49331.668,0.072690465,0.057676163,0.131
0.070356898,0.055747338,0.131,49331.699,0.070356898,0.055747338,0.131
0.068023331,0.053818509,0.131,49329.527,0.068023331,0.053818513,0.131
0.065689765,0.051889684,0.131,49327.059,0.065689765,0.051889688,0.131
0.063356198,0.049960859,0.131,49325.281,0.063356198,0.049960863,0.131
0.061022636,0.048032038,0.131,49324.5,0.061022636,0.048032038,0.131
0.058689069,0.046103209,0.131,49324.738,0.058689069,0.046103213,0.131
0.056355502,0.044174388,0.131,49325.457,0.056355502,0.044174388,0.131
0.05402194,0.042245559,0.131,49326.453,0.05402194,0.042245563,0.131
0.051688373,0.040316738,0.131,49328.254,0.051688373,0.040316738,0.131
0.18251519,0.1389997,0.131,63408.586,0.1825152,0.1389997,0.131
0.17902812,0.13794906,0.131,64725.078,0.17902814,0.13794906,0.131
0.17554107,0.13679338,0.131,65936.422,0.17554107,0.13679336,0.131
0.17205401,0.1355221,0.131,67061.648,0.17205401,0.1355221,0.131
0.16856694,0.13412371,0.131,68055.219,0.16856694,0.13412371,0.131
0.16507988,0.13258547,0.131,68807.273,0.16507988,0.13258548,0.131
0.16159281,0.13089341,0.131,69393.023,0.16159281,0.13089342,0.131
0.15810576,0.12904269,0.131,69977.945,0.15810576,0.12904269,0.131
0.15486297,0.12711386,0.131,70565.047,0.15486296,0.12711386,0.131
0.15211432,0.12518504,0.131,71115.508,0.15211432,0.12518504,0.131
0.14969815,0.12325621,0.131,71641.43,0.14969814,0.12325621,0.131
0.14736459,0.12132739,0.131,72160.406,0.14736457,0.12132739,0.131
0.14503101,0.11939856,0.131,72673.438,0.14503101,0.11939856,0.131
0.14269745,0.11746974,0.131,73171.25,0.14269744,0.11746974,0.131
0.14036389,0.11554092,0.131,73645.117,0.14036389,0.11554091,0.131
0.13803032,0.11361209,0.131,74088.836,0.13803032,0.11361209,0.131
0.13569674,0.11168326,0.131,74504.32,0.13569675,0.11168326,0.131
0.13336319,0.10975444,0.131,74897.086,0.13336319,0.10975444,0.131
0.13102962,0.10782561,0.131,75278.688,0.13102962,0.10782561,0.131
0.12869605,0.10589679,0.131,75665.305,0.12869605,0.10589679,0.131
0.12636247,0.10396796,0.131,76083.273,0.12636249,0.10396796,0.131
0.12402891,0.10203914,0.131,76547.812,0.12402892,0.10203914,0.131
0.12169535,0.10011031,0.131,77068.734,0.12169535,0.10011031,0.131
0.11936179,0.098181486,0.131,77672.93,0.11936179,0.098181486,0.131
0.11702822,0.096252665,0.131,78395.07,0.11702822,0.096252665,0.131
0.11469465,0.094323844,0.131,79261.906,0.11469465,0.094323836,0.131
0.11236109,0.092395008,0.131,80310.016,0.11236109,0.092395015,0.131
0.11002752,0.090466186,0.131,81566.969,0.11002752,0.090466186,0.131
0.10769396,0.088537365,0.131,82920.547,0.10769396,0.088537365,0.131
0.10536039,0.086608537,0.131,84161.383,0.10536039,0.086608537,0.131
0.10302682,0.084679708,0.131,85063.758,0.10302682,0.084679715,0.131
0.10069326,0.082750887,0.131,84520.297,0.10069326,0.082750887,0.131
0.098359689,0.080822065,0.131,80017.609,0.098359689,0.080822065,0.131
0.096026123,0.078893237,0.131,66059.234,0.096026123,0.078893237,0.131
0.093692556,0.076964408,0.131,54815.594,0.093692563,0.076964416,0.131
0.091358989,0.075035587,0.131,50407.836,0.091358997,0.075035587,0.131
0.08902543,0.073106766,0.131,48734.422,0.08902543,0.073106766,0.131
0.086691871,0.071177937,0.131,49311.812,0.086691864,0.071177937,0.131
0.084358297,0.069249108,0.131,49172.863,0.084358297,0.069249116,0.131
0.082024731,0.067320287,0.131,49231.832,0.082024731,0.067320287,0.131
0.079691164,0.065391466,0.131,49258.375,0.079691164,0.065391459,0.131
0.077357598,0.063462637,0.131,49283.266,0.077357598,0.063462637,0.131
0.075024031,0.061533809,0.131,49297.188,0.075024031,0.061533812,0.131
0.072690465,0.059604988,0.131,49302.332,0.072690465,0.059604988,0.131
0.070356898,0.057676159,0.131,49301.66,0.070356898,0.057676163,0.131
0.068023331,0.055747338,0.131,49299.055,0.068023331,0.055747338,0.131
0.065689765,0.053818509,0.131,49296.605,0.065689765,0.053818513,0.131
0.063356198,0.051889684,0.131,49294.977,0.063356198,0.051889688,0.131
0.061022636,0.049960859,0.131,49294.309,0.061022636,0.049960863,0.131
0.058689069,0.048032038,0.131,49294.52,0.058689069,0.048032038,0.131
0.056355502,0.046103209,0.131,49295.254,0.056355502,0.046103213,0.131
0.05402194,0.044174388,0.131,49295.863,0.05402194,0.044174388,0.131
0.051688373,0.042245559,0.131,49296.738,0.051688373,0.042245563,0.131
0.17902812,0.1389997,0.131,64650.312,0.17902814,0.1389997,0.131
0.17554107,0.13794906,0.131,65838.867,0.17554107,0.13794906,0.131
0.17205401,0.13679338,0.131,66926.875,0.17205401,0.13679336,0.131
0.16856694,0.1355221,0.131,67915.602,0.16856694,0.1355221,0.131
0.16507988,0.13412371,0.131,68683.352,0.16507988,0.13412371,0.131
0.16159281,0.13258547,0.131,69242.242,0.16159281,0.13258548,0.131
0.15810576,0.13089341,0.131,69771.875,0.15810576,0.13089342,0.131
0.15486297,0.12904269,0.131,70319.188,0.15486296,0.12904269,0.131
0.15211432,0.12711386,0.131,70852.438,0.15211432,0.12711386,0.131
0.14969815,0.12518504,0.131,71370.055,0.14969814,0.12518504,0.131
0.14736459,0.12325621,0.131,71884.945,0.14736457,0.12325621,0.131
0.14503101,0.12132739,0.131,72396.031,0.14503101,0.12132739,0.131
0.14269745,0.11939856,0.131,72893.984,0.14269744,0.11939856,0.131
0.14036389,0.11746974,0.131,73369.445,0.14036389,0.11746974,0.131
0.13803032,0.11554092,0.131,73815.391,0.13803032,0.11554091,0.131
0.13569674,0.11361209,0.131,74229.227,0.13569675,0.11361209,0.131
0.13336319,0.11168326,0.131,74614.531,0.13336319,0.11168326,0.131
0.13102962,0.10975444,0.131,74978.156,0.13102962,0.10975444,0.131
0.12869605,0.10782561,0.131,75336.508,0.12869605,0.10782561,0.131
0.12636247,0.10589679,0.131,75713.156,0.12636249,0.10589679,0.131
0.12402891,0.10396796,0.131,76132.352,0.12402892,0.10396796,0.131
0.12169535,0.10203914,0.131,76603.008,0.12169535,0.10203914,0.131
0.11936179,0.10011031,0.131,77140.891,0.11936179,0.10011031,0.131
0.11702822,0.098181486,0.131,77785.406,0.11702822,0.098181486,0.131
0.11469465,0.096252665,0.131,78559.023,0.11469465,0.096252665,0.131
0.11236109,0.094323844,0.131,79497.93,0.11236109,0.094323836,0.131
0.11002752,0.092395008,0.131,80645.562,0.11002752,0.092395015,0.131
0.10769396,0.090466186,0.131,81949.383,0.10769396,0.090466186,0.131
0.10536039,0.088537365,0.131,83190.547,0.10536039,0.088537365,0.131
0.10302682,0.086608537,0.131,84178.742,0.10302682,0.086608537,0.131
0.10069326,0.084679708,0.131,83883.93,0.10069326,0.084679715,0.131
0.098359689,0.082750887,0.131,80362.648,0.098359689,0.082750887,0.131
0.096026123,0.080822065,0.131,67104.516,0.096026123,0.080822065,0.131
0.093692556,0.078893237,0.131,55087.297,0.093692563,0.078893237,0.131
0.091358989,0.076964408,0.131,50416.316,0.091358997,0.076964416,0.131
0.08902543,0.075035587,0.131,48737.863,0.08902543,0.075035587,0.131
0.086691871,0.073106766,0.131,49302.801,0.086691864,0.073106766,0.131
0.084358297,0.071177937,0.131,49141.285,0.084358297,0.071177937,0.131
0.082024731,0.069249108,0.131,49217.762,0.082024731,0.069249116,0.131
0.079691164,0.067320287,0.131,49235.316,0.079691164,0.067320287,0.131
0.077357598,0.065391466,0.131,49259.633,0.077357598,0.065391459,0.131
0.075024031,0.063462637,0.131,49272.988,0.075024031,0.063462637,0.131
0.072690465,0.061533809,0.131,49277.973,0.072690465,0.061533812,0.131
0.070356898,0.059604988,0.131,49276.973,0.070356898,0.059604988,0.131
0.068023331,0.057676159,0.131,49273.902,0.068023331,0.057676163,0.131
0.065689765,0.055747338,0.131,49271.18,0.065689765,0.055747338,0.131
0.063356198,0.053818509,0.131,49269.496,0.063356198,0.053818513,0.131
0.061022636,0.051889684,0.131,49268.781,0.061022636,0.051889688,0.131
0.058689069,0.049960859,0.131,49268.934,0.058689069,0.049960863,0.131
0.056355502,0.048032038,0.131,49269.551,0.056355502,0.048032038,0.131
0.05402194,0.046103209,0.131,49269.945,0.05402194,0.046103213,0.131
0.051688373,0.044174388,0.131,49270.059,0.051688373,0.044174388,0.131
0.17554107,0.1389997,0.131,65754.445,0.17554107,0.1389997,0.131
0.17205401,0.13794906,0.131,66806.461,0.17205401,0.13794906,0.131
0.16856694,0.13679338,0.131,67778.164,0.16856694,0.13679336,0.131
0.16507988,0.1355221,0.131,68562.195,0.16507988,0.1355221,0.131
0.16159281,0.13412371,0.131,69109.023,0.16159281,0.13412371,0.131
0.15810576,0.13258547,0.131,69582.844,0.15810576,0.13258548,0.131
0.15486297,0.13089341,0.131,70071.25,0.15486296,0.13089342,0.131
0.15211432,0.12904269,0.131,70567.914,0.15211432,0.12904269,0.131
0.14969815,0.12711386,0.131,71071.852,0.14969814,0.12711386,0.131
0.14736459,0.12518504,0.131,71577.867,0.14736457,0.12518504,0.131
0.14503101,0.12325621,0.131,72082.516,0.14503101,0.12325621,0.131
0.14269745,0.12132739,0.131,72576.039,0.14269744,0.12132739,0.131
0.14036389,0.11939856,0.131,73049.25,0.14036389,0.11939856,0.131
0.13803032,0.11746974,0.131,73493.68,0.13803032,0.11746974,0.131
0.13569674,0.11554092,0.131,73905.109,0.13569675,0.11554091,0.131
0.13336319,0.11361209,0.131,74282.922,0.13336319,0.11361209,0.131
0.13102962,0.11168326,0.131,74631.945,0.13102962,0.11168326,0.131
0.12869605,0.10975444,0.131,74963.164,0.12869605,0.10975444,0.131
0.12636247,0.10782561,0.131,75301.242,0.12636249,0.10782561,0.131
0.12402891,0.10589679,0.131,75672.328,0.12402892,0.10589679,0.131
0.12169535,0.10396796,0.131,76092.805,0.12169535,0.10396796,0.131
0.11936179,0.10203914,0.131,76569.844,0.11936179,0.10203914,0.131
0.11702822,0.10011031,0.131,77133.695,0.11702822,0.10011031,0.131
0.11469465,0.098181486,0.131,77825.023,0.11469465,0.098181486,0.131
0.11236109,0.096252665,0.131,78661.102,0.11236109,0.096252665,0.131
0.11002752,0.094323844,0.131,79706.43,0.11002752,0.094323836,0.131
0.10769396,0.092395008,0.131,80952.82,0.10769396,0.092395015,0.131
0.10536039,0.090466186,0.131,82200.32,0.10536039,0.090466186,0.131
0.10302682,0.088537365,0.131,83232.477,0.10302682,0.088537365,0.131
0.10069326,0.086608537,0.131,83227.125,0.10069326,0.086608537,0.131
0.098359689,0.084679708,0.131,80628.297,0.098359689,0.084679715,0.131
0.096026123,0.082750887,0.131,68540.195,0.096026123,0.082750887,0.131
0.093692556,0.080822065,0.131,55624.762,0.093692556,0.080822065,0.131
0.091358989,0.078893237,0.131,50503.25,0.091358997,0.078893237,0.131
0.08902543,0.076964408,0.131,48737.086,0.08902543,0.076964416,0.131
0.086691871,0.075035587,0.131,49304.699,0.086691864,0.075035587,0.131
0.084358297,0.073106766,0.131,49119.727,0.084358297,0.073106766,0.131
0.082024731,0.071177937,0.131,49212.125,0.082024731,0.071177937,0.131
0.079691164,0.069249108,0.131,49215.648,0.079691164,0.069249116,0.131
0.077357598,0.067320287,0.131,49239.227,0.077357598,0.067320287,0.131
0.075024031,0.065391466,0.131,49251.902,0.075024031,0.065391459,0.131
0.072690465,0.063462637,0.131,49257.074,0.072690465,0.063462637,0.131
0.070356898,0.061533809,0.131,49256.043,0.070356898,0.061533812,0.131
0.068023331,0.059604988,0.131,49252.574,0.068023331,0.059604988,0.131
0.065689765,0.057676159,0.131,49249.363,0.065689765,0.057676163,0.131
0.063356198,0.055747338,0.131,49247.359,0.063356198,0.055747338,0.131
0.061022636,0.053818509,0.131,49246.523,0.061022636,0.053818513,0.131
0.058689069,0.051889684,0.131,49246.602,0.058689069,0.051889688,0.131
0.056355502,0.049960859,0.131,49247.227,0.056355502,0.049960863,0.131
0.05402194,0.048032038,0.131,49247.613,0.05402194,0.048032038,0.131
0.051688373,0.046103209,0.131,49247.242,0.051688373,0.046103213,0.131
0.17205401,0.1389997,0.131,66702.273,0.17205401,0.1389997,0.131
0.16856694,0.13794906,0.131,67645.867,0.16856694,0.13794906,0.131
0.16507988,0.13679338,0.131,68440.336,0.16507988,0.13679336,0.131
0.16159281,0.1355221,0.131,68988.734,0.16159281,0.1355221,0.131
0.15810576,0.13412371,0.131,69407.82,0.15810576,0.13412371,0.131
0.15486297,0.13258547,0.131,69832.242,0.15486296,0.13258548,0.131
0.15211432,0.13089341,0.131,70270.781,0.15211432,0.13089342,0.131
0.14969815,0.12904269,0.131,70740.617,0.14969814,0.12904269,0.131
0.14736459,0.12711386,0.131,71233.625,0.14736457,0.12711386,0.131
0.14503101,0.12518504,0.131,71727.492,0.14503101,0.12518504,0.131
0.14269745,0.12325621,0.131,72212.375,0.14269744,0.12325621,0.131
0.14036389,0.12132739,0.131,72679.273,0.14036389,0.12132739,0.131
0.13803032,0.11939856,0.131,73119.68,0.13803032,0.11939856,0.131
0.13569674,0.11746974,0.131,73526.977,0.13569675,0.11746974,0.131
0.13336319,0.11554092,0.131,73898.68,0.13336319,0.11554091,0.131
0.13102962,0.11361209,0.131,74235.539,0.13102962,0.11361209,0.131
0.12869605,0.11168326,0.131,74545.469,0.12869605,0.11168326,0.131
0.12636247,0.10975444,0.131,74848.133,0.12636249,0.10975444,0.131
0.12402891,0.10782561,0.131,75174.18,0.12402892,0.10782561,0.131
0.12169535,0.10589679,0.131,75543.898,0.12169535,0.10589679,0.131
0.11936179,0.10396796,0.131,75965.883,0.11936179,0.10396796,0.131
0.11702822,0.10203914,0.131,76458.359,0.11702822,0.10203914,0.131
0.11469465,0.10011031,0.131,77067.375,0.11469465,0.10011031,0.131
0.11236109,0.098181486,0.131,77824.656,0.11236109,0.098181486,0.131
0.11002752,0.096252665,0.131,78772.227,0.11002752,0.096252665,0.131
0.10769396,0.094323844,0.131,79950.727,0.10769396,0.094323836,0.131
0.10536039,0.092395008,0.131,81204.234,0.10536039,0.092395015,0.131
0.10302682,0.090466186,0.131,82249.258,0.10302682,0.090466186,0.131
0.10069326,0.088537365,0.131,82547.406,0.10069326,0.088537365,0.131
0.098359689,0.086608537,0.131,80737.422,0.098359689,0.086608537,0.131
0.096026123,0.084679708,0.131,70238.703,0.096026123,0.084679715,0.131
0.093692556,0.082750887,0.131,56450.82,0.093692556,0.082750887,0.131
0.091358989,0.080822065,0.131,50697.105,0.091358997,0.080822065,0.131
0.08902543,0.078893237,0.131,48732.508,0.08902543,0.078893237,0.131
0.086691871,0.076964408,0.131,49305.988,0.086691864,0.076964416,0.131
0.084358297,0.075035587,0.131,49103.137,0.084358297,0.075035587,0.131
0.082024731,0.073106766,0.131,49209.641,0.082024731,0.073106766,0.131
0.079691164,0.071177937,0.131,49199.609,0.079691164,0.071177937,0.131
0.077357598,0.069249108,0.131,49221.934,0.077357598,0.069249116,0.131
0.075024031,0.067320287,0.131,49233.371,0.075024031,0.067320287,0.131
0.072690465,0.065391466,0.131,49238.68,0.072690465,0.065391459,0.131
0.070356898,0.063462637,0.131,49237.84,0.070356898,0.063462637,0.131
0.068023331,0.061533809,0.131,49234.066,0.068023331,0.061533812,0.131
0.065689765,0.059604988,0.131,49230.266,0.065689765,0.059604988,0.131
0.063356198,0.057676159,0.131,49227.688,0.063356198,0.057676163,0.131
0.061022636,0.055747338,0.131,49226.52,0.061022636,0.055747338,0.131
0.058689069,0.053818509,0.131,49226.531,0.058689069,0.053818513,0.131
0.056355502,0.051889684,0.131,49227.219,0.056355502,0.051889688,0.131
0.05402194,0.049960859,0.131,49227.781,0.05402194,0.049960863,0.131
0.051688373,0.048032038,0.131,49227.246,0.051688373,0.048032038,0.131
0.049354807,0.046103209,0.131,49225.426,0.049354807,0.046103213,0.131
0.16856694,0.1389997,0.131,67521.93,0.16856694,0.1389997,0.131
0.16507988,0.13794906,0.131,68316.977,0.16507988,0.13794906,0.131
0.16159281,0.13679338,0.131,68875.742,0.16159281,0.13679336,0.131
0.15810576,0.1355221,0.131,69243.609,0.15810576,0.1355221,0.131
0.15486297,0.13412371,0.131,69602.664,0.15486296,0.13412371,0.131
0.15211432,0.13258547,0.131,69976.359,0.15211432,0.13258548,0.131
0.14969815,0.13089341,0.131,70389.75,0.14969814,0.13089342,0.131
0.14736459,0.12904269,0.131,70848.438,0.14736457,0.12904269,0.131
0.14503101,0.12711386,0.131,71328.328,0.14503101,0.12711386,0.131
0.14269745,0.12518504,0.131,71800.844,0.14269744,0.12518504,0.131
0.14036389,0.12325621,0.131,72258.0,0.14036389,0.12325621,0.131
0.13803032,0.12132739,0.131,72691.586,0.13803032,0.12132739,0.131
0.13569674,0.11939856,0.131,73094.234,0.13569675,0.11939856,0.131
0.13336319,0.11746974,0.131,73460.531,0.13336319,0.11746974,0.131
0.13102962,0.11554092,0.131,73788.961,0.13102962,0.11554091,0.131
0.12869605,0.11361209,0.131,74083.289,0.12869605,0.11361209,0.131
0.12636247,0.11168326,0.131,74358.719,0.12636249,0.11168326,0.131
0.12402891,0.10975444,0.131,74643.508,0.12402892,0.10975444,0.131
0.12169535,0.10782561,0.131,74966.625,0.12169535,0.10782561,0.131
0.11936179,0.10589679,0.131,75338.398,0.11936179,0.10589679,0.131
0.11702822,0.10396796,0.131,75770.602,0.11702822,0.10396796,0.131
0.11469465,0.10203914,0.131,76306.93,0.11469465,0.10203914,0.131
0.11236109,0.10011031,0.131,76994.406,0.11236109,0.10011031,0.131
0.11002752,0.098181486,0.131,77867.0,0.11002752,0.098181486,0.131
0.10769396,0.096252665,0.131,78971.898,0.10769396,0.096252665,0.131
0.10536039,0.094323844,0.131,80203.766,0.10536039,0.094323836,0.131
0.10302682,0.092395008,0.131,81293.648,0.10302682,0.092395015,0.131
0.10069326,0.090466186,0.131,81865.562,0.10069326,0.090466186,0.131
0.098359689,0.088537365,0.131,80635.086,0.098359689,0.088537365,0.131
0.096026123,0.086608537,0.131,72038.0,0.096026123,0.086608537,0.131
0.093692556,0.084679708,0.131,57603.891,0.093692556,0.084679715,0.131
0.091358989,0.082750887,0.131,50995.211,0.091358997,0.082750887,0.131
0.08902543,0.080822065,0.131,48712.391,0.08902543,0.080822065,0.131
0.086691871,0.078893237,0.131,49304.766,0.086691864,0.078893237,0.131
0.084358297,0.076964408,0.131,49103.652,0.084358297,0.076964416,0.131
0.082024731,0.075035587,0.131,49210.234,0.082024731,0.075035587,0.131
0.079691164,0.073106766,0.131,49187.922,0.079691164,0.073106766,0.131
0.077357598,0.071177937,0.131,49208.125,0.077357598,0.071177937,0.131
0.075024031,0.069249108,0.131,49217.43,0.075024031,0.069249116,0.131
0.072690465,0.067320287,0.131,49222.465,0.072690465,0.067320287,0.131
0.070356898,0.065391466,0.131,49221.762,0.070356898,0.065391459,0.131
0.068023331,0.063462637,0.131,49217.82,0.068023331,0.063462637,0.131
0.065689765,0.061533809,0.131,49213.406,0.065689765,0.061533812,0.131
0.063356198,0.059604988,0.131,49210.074,0.063356198,0.059604988,0.131
0.061022636,0.057676159,0.131,49208.301,0.061022636,0.057676163,0.131
0.058689069,0.055747338,0.131,49208.062,0.058689069,0.055747338,0.131
0.056355502,0.053818509,0.131,49208.816,0.056355502,0.053818513,0.131
0.05402194,0.051889684,0.131,49209.586,0.05402194,0.051889688,0.131
0.051688373,0.049960859,0.131,49209.258,0.051688373,0.049960863,0.131
0.049354807,0.048032038,0.131,49207.16,0.049354807,0.048032038,0.131
0.16507988,0.1389997,0.131,68193.398,0.16507988,0.1389997,0.131
0.16159281,0.13794906,0.131,68766.07,0.16159281,0.13794906,0.131
0.15810576,0.13679338,0.131,69088.641,0.15810576,0.13679336,0.131
0.15486297,0.1355221,0.131,69382.969,0.15486296,0.1355221,0.131
0.15211432,0.13412371,0.131,69689.852,0.15211432,0.13412371,0.131
0.14969815,0.13258547,0.131,70040.922,0.14969814,0.13258548,0.131
0.14736459,0.13089341,0.131,70441.859,0.14736457,0.13089342,0.131
0.14503101,0.12904269,0.131,70885.742,0.14503101,0.12904269,0.131
0.14269745,0.12711386,0.131,71343.867,0.14269744,0.12711386,0.131
0.14036389,0.12518504,0.131,71788.414,0.14036389,0.12518504,0.131
0.13803032,0.12325621,0.131,72212.898,0.13803032,0.12325621,0.131
0.13569674,0.12132739,0.131,72610.008,0.13569675,0.12132739,0.131
0.13336319,0.11939856,0.131,72972.797,0.13336319,0.11939856,0.131
0.13102962,0.11746974,0.131,73296.281,0.13102962,0.11746974,0.131
0.12869605,0.11554092,0.131,73581.133,0.12869605,0.11554091,0.131
0.12636247,0.11361209,0.131,73837.844,0.12636249,0.11361209,0.131
0.12402891,0.11168326,0.131,74091.586,0.12402892,0.11168326,0.131
0.12169535,0.10975444,0.131,74372.195,0.12169535,0.10975444,0.131
0.11936179,0.10782561,0.131,74700.773,0.11936179,0.10782561,0.131
0.11702822,0.10589679,0.131,75085.039,0.11702822,0.10589679,0.131
0.11469465,0.10396796,0.131,75560.945,0.11469465,0.10396796,0.131
0.11236109,0.10203914,0.131,76188.922,0.11236109,0.10203914,0.131
0.11002752,0.10011031,0.131,76999.07,0.11002752,0.10011031,0.131
0.10769396,0.098181486,0.131,78039.539,0.10769396,0.098181486,0.131
0.10536039,0.096252665,0.131,79239.578,0.10536039,0.096252665,0.131
0.10302682,0.094323844,0.131,80367.305,0.10302682,0.094323836,0.131
0.10069326,0.092395008,0.131,81170.758,0.10069326,0.092395015,0.131
0.098359689,0.090466186,0.131,80368.477,0.098359689,0.090466186,0.131
0.096026123,0.088537365,0.131,73759.922,0.096026123,0.088537365,0.131
0.093692556,0.086608537,0.131,59124.016,0.093692556,0.086608537,0.131
0.091358989,0.084679708,0.131,51401.828,0.091358997,0.084679715,0.131
0.08902543,0.082750887,0.131,48715.441,0.08902543,0.082750887,0.131
0.086691871,0.080822065,0.131,49316.062,0.086691864,0.080822065,0.131
0.084358297,0.078893237,0.131,49122.699,0.084358297,0.078893237,0.131
0.082024731,0.076964408,0.131,49210.164,0.082024731,0.076964416,0.131
0.079691164,0.075035587,0.131,49180.371,0.079691164,0.075035587,0.131
0.077357598,0.073106766,0.131,49198.445,0.077357598,0.073106766,0.131
0.075024031,0.071177937,0.131,49204.602,0.075024031,0.071177937,0.131
0.072690465,0.069249108,0.131,49208.52,0.072690465,0.069249116,0.131
0.070356898,0.067320287,0.131,49207.676,0.070356898,0.067320287,0.131
0.068023331,0.065391466,0.131,49203.609,0.068023331,0.065391459,0.131
0.065689765,0.063462637,0.131,49198.648,0.065689765,0.063462637,0.131
0.063356198,0.061533809,0.131,49194.453,0.063356198,0.061533812,0.131
0.061022636,0.059604988,0.131,49191.828,0.061022636,0.059604988,0.131
0.058689069,0.057676159,0.131,49191.031,0.058689069,0.057676163,0.131
0.056355502,0.055747338,0.131,49191.641,0.056355502,0.055747338,0.131
0.05402194,0.053818509,0.131,49192.57,0.05402194,0.053818513,0.131
0.051688373,0.051889684,0.131,49192.488,0.051688373,0.051889688,0.131
0.049354807,0.049960859,0.131,49190.496,0.049354807,0.049960863,0.131
0.16159281,0.1389997,0.131,68657.609,0.16159281,0.1389997,0.131
0.15810576,0.13794906,0.131,68940.93,0.15810576,0.13794906,0.131
0.15486297,0.13679338,0.131,69173.859,0.15486296,0.13679336,0.131
0.15211432,0.1355221,0.131,69415.258,0.15211432,0.1355221,0.131
0.14969815,0.13412371,0.131,69703.32,0.14969814,0.13412371,0.131
0.14736459,0.13258547,0.131,70042.086,0.14736457,0.13258548,0.131
0.14503101,0.13089341,0.131,70426.555,0.14503101,0.13089342,0.131
0.14269745,0.12904269,0.131,70848.109,0.14269744,0.12904269,0.131
0.14036389,0.12711386,0.131,71279.133,0.14036389,0.12711386,0.131
0.13803032,0.12518504,0.131,71692.766,0.13803032,0.12518504,0.131
0.13569674,0.12325621,0.131,72083.57,0.13569675,0.12325621,0.131
0.13336319,0.12132739,0.131,72444.156,0.13336319,0.12132739,0.131
0.13102962,0.11939856,0.131,72767.0,0.13102962,0.11939856,0.131
0.12869605,0.11746974,0.131,73048.672,0.12869605,0.11746974,0.131
0.12636247,0.11554092,0.131,73296.0,0.12636249,0.11554091,0.131
0.12402891,0.11361209,0.131,73528.492,0.12402892,0.11361209,0.131
0.12169535,0.11168326,0.131,73778.484,0.12169535,0.11168326,0.131
0.11936179,0.10975444,0.131,74069.297,0.11936179,0.10975444,0.131
0.11702822,0.10782561,0.131,74416.336,0.11702822,0.10782561,0.131
0.11469465,0.10589679,0.131,74845.969,0.11469465,0.10589679,0.131
0.11236109,0.10396796,0.131,75420.711,0.11236109,0.10396796,0.131
0.11002752,0.10203914,0.131,76185.82,0.11002752,0.10203914,0.131
0.10769396,0.10011031,0.131,77166.664,0.10769396,0.10011031,0.131
0.10536039,0.098181486,0.131,78340.492,0.10536039,0.098181486,0.131
0.10302682,0.096252665,0.131,79484.398,0.10302682,0.096252665,0.131
0.10069326,0.094323844,0.131,80488.031,0.10069326,0.094323836,0.131
0.098359689,0.092395008,0.131,80007.023,0.098359689,0.092395015,0.131
0.096026123,0.090466186,0.131,75245.469,0.096026123,0.090466186,0.131
0.093692556,0.088537365,0.131,61041.234,0.093692556,0.088537365,0.131
0.091358989,0.086608537,0.131,51971.48,0.091358997,0.086608537,0.131
0.08902543,0.084679708,0.131,48813.898,0.08902543,0.084679715,0.131
0.086691871,0.082750887,0.131,49325.762,0.086691864,0.082750887,0.131
0.084358297,0.080822065,0.131,49147.906,0.084358297,0.080822065,0.131
0.082024731,0.078893237,0.131,49209.422,0.082024731,0.078893237,0.131
0.079691164,0.076964408,0.131,49180.629,0.079691164,0.076964416,0.131
0.077357598,0.075035587,0.131,49193.691,0.077357598,0.075035587,0.131
0.075024031,0.073106766,0.131,49195.625,0.075024031,0.073106766,0.131
0.072690465,0.071177937,0.131,49197.32,0.072690465,0.071177937,0.131
0.070356898,0.069249108,0.131,49195.727,0.070356898,0.069249116,0.131
0.068023331,0.067320287,0.131,49191.445,0.068023331,0.067320287,0.131
0.065689765,0.065391466,0.131,49186.02,0.065689765,0.065391459,0.131
0.063356198,0.063462637,0.131,49180.992,0.063356198,0.063462637,0.131
0.061022636,0.061533809,0.131,49177.32,0.061022636,0.061533812,0.131
0.058689069,0.059604988,0.131,49175.637,0.058689069,0.059604988,0.131
0.056355502,0.057676159,0.131,49175.746,0.056355502,0.057676163,0.131
0.05402194,0.055747338,0.131,49176.578,0.05402194,0.055747338,0.131
0.051688373,0.053818509,0.131,49176.68,0.051688373,0.053818513,0.131
0.049354807,0.051889684,0.131,49174.871,0.049354807,0.051889688,0.131
0.04702124,0.049960859,0.131,49171.004,0.04702124,0.049960863,0.131
0.15810576,0.1389997,0.131,68799.938,0.15810576,0.1389997,0.131
0.15486297,0.13794906,0.131,68976.297,0.15486296,0.13794906,0.131
0.15211432,0.13679338,0.131,69155.875,0.15211432,0.13679336,0.131
0.14969815,0.1355221,0.131,69383.492,0.14969814,0.1355221,0.131
0.14736459,0.13412371,0.131,69661.344,0.14736457,0.13412371,0.131
0.14503101,0.13258547,0.131,69984.484,0.14503101,0.13258548,0.131
0.14269745,0.13089341,0.131,70347.227,0.14269744,0.13089342,0.131
0.14036389,0.12904269,0.131,70743.172,0.14036389,0.12904269,0.131
0.13803032,0.12711386,0.131,71146.062,0.13803032,0.12711386,0.131
0.13569674,0.12518504,0.131,71530.195,0.13569675,0.12518504,0.131
0.13336319,0.12325621,0.131,71889.539,0.13336319,0.12325621,0.131
0.13102962,0.12132739,0.131,72215.422,0.13102962,0.12132739,0.131
0.12869605,0.11939856,0.131,72500.57,0.12869605,0.11939856,0.131
0.12636247,0.11746974,0.131,72746.992,0.12636249,0.11746974,0.131
0.12402891,0.11554092,0.131,72970.898,0.12402892,0.11554091,0.131
0.12169535,0.11361209,0.131,73200.172,0.12169535,0.11361209,0.131
0.11936179,0.11168326,0.131,73462.352,0.11936179,0.11168326,0.131
0.11702822,0.10975444,0.131,73779.93,0.11702822,0.10975444,0.131
0.11469465,0.10782561,0.131,74178.086,0.11469465,0.10782561,0.131
0.11236109,0.10589679,0.131,74708.867,0.11236109,0.10589679,0.131
0.11002752,0.10396796,0.131,75434.055,0.11002752,0.10396796,0.131
0.10769396,0.10203914,0.131,76368.641,0.10769396,0.10203914,0.131
0.10536039,0.10011031,0.131,77514.961,0.10536039,0.10011031,0.131
0.10302682,0.098181486,0.131,78674.938,0.10302682,0.098181486,0.131
0.10069326,0.096252665,0.131,79808.875,0.10069326,0.096252665,0.131
0.098359689,0.094323844,0.131,79657.789,0.098359689,0.094323836,0.131
0.096026123,0.092395008,0.131,76376.234,0.096026123,0.092395015,0.131
0.093692556,0.090466186,0.131,63309.691,0.093692556,0.090466186,0.131
0.091358989,0.088537365,0.131,52758.02,0.091358997,0.088537365,0.131
0.08902543,0.086608537,0.131,49030.621,0.08902543,0.086608537,0.131
0.086691871,0.084679708,0.131,49304.934,0.086691864,0.084679715,0.131
0.084358297,0.082750887,0.131,49182.121,0.084358297,0.082750887,0.131
0.082024731,0.080822065,0.131,49211.43,0.082024731,0.080822065,0.131
0.079691164,0.078893237,0.131,49188.586,0.079691164,0.078893237,0.131
0.077357598,0.076964408,0.131,49193.75,0.077357598,0.076964416,0.131
0.075024031,0.075035587,0.131,49191.098,0.075024031,0.075035587,0.131
0.072690465,0.073106766,0.131,49189.422,0.072690465,0.073106766,0.131
0.070356898,0.071177937,0.131,49186.289,0.070356898,0.071177937,0.131
0.068023331,0.069249108,0.131,49181.422,0.068023331,0.069249116,0.131
0.065689765,0.067320287,0.131,49175.605,0.065689765,0.067320287,0.131
0.063356198,0.065391466,0.131,49169.848,0.063356198,0.065391459,0.131
0.061022636,0.063462637,0.131,49165.102,0.061022636,0.063462637,0.131
0.058689069,0.061533809,0.131,49162.254,0.058689069,0.061533812,0.131
0.056355502,0.059604988,0.131,49161.508,0.056355502,0.059604988,0.131
0.05402194,0.057676159,0.131,49161.863,0.05402194,0.057676163,0.131
0.051688373,0.055747338,0.131,49161.848,0.051688373,0.055747338,0.131
0.049354807,0.053818509,0.131,49160.184,0.049354807,0.053818513,0.131
0.04702124,0.051889684,0.131,49156.328,0.04702124,0.051889688,0.131
0.044805598,0.049960859,0.131,49151.344,0.044805598,0.049960863,0.131
0.15486297,0.1389997,0.131,68791.773,0.15486296,0.1389997,0.131
0.15211432,0.13794906,0.131,68914.336,0.15211432,0.13794906,0.131
0.14969815,0.13679338,0.131,69086.188,0.14969814,0.13679336,0.131
0.14736459,0.1355221,0.131,69307.453,0.14736457,0.1355221,0.131
0.14503101,0.13412371,0.131,69573.18,0.14503101,0.13412371,0.131
0.14269745,0.13258547,0.131,69878.586,0.14269744,0.13258548,0.131
0.14036389,0.13089341,0.131,70219.109,0.14036389,0.13089342,0.131
0.13803032,0.12904269,0.131,70590.805,0.13803032,0.12904269,0.131
0.13569674,0.12711386,0.131,70969.07,0.13569675,0.12711386,0.131
0.13336319,0.12518504,0.131,71328.023,0.13336319,0.12518504,0.131
0.13102962,0.12325621,0.131,71659.25,0.13102962,0.12325621,0.131
0.12869605,0.12132739,0.131,71953.156,0.12869605,0.12132739,0.131
0.12636247,0.11939856,0.131,72207.375,0.12636249,0.11939856,0.131
0.12402891,0.11746974,0.131,72432.25,0.12402892,0.11746974,0.131
0.12169535,0.11554092,0.131,72652.078,0.12169535,0.11554091,0.131
0.11936179,0.11361209,0.131,72896.555,0.11936179,0.11361209,0.131
0.11702822,0.11168326,0.131,73192.547,0.11702822,0.11168326,0.131
0.11469465,0.10975444,0.131,73567.805,0.11469465,0.10975444,0.131
0.11236109,0.10782561,0.131,74066.336,0.11236109,0.10782561,0.131
0.11002752,0.10589679,0.131,74752.57,0.11002752,0.10589679,0.131
0.10769396,0.10396796,0.131,75650.328,0.10769396,0.10396796,0.131
0.10536039,0.10203914,0.131,76754.453,0.10536039,0.10203914,0.131
0.10302682,0.10011031,0.131,77951.062,0.10302682,0.10011031,0.131
0.10069326,0.098181486,0.131,79095.656,0.10069326,0.098181486,0.131
0.098359689,0.096252665,0.131,79320.82,0.098359689,0.096252665,0.131
0.096026123,0.094323844,0.131,77091.727,0.096026123,0.094323836,0.131
0.093692556,0.092395008,0.131,65771.82,0.093692556,0.092395015,0.131
0.091358989,0.090466186,0.131,53760.18,0.091358997,0.090466186,0.131
0.08902543,0.088537365,0.131,49350.887,0.08902543,0.088537365,0.131
0.086691871,0.086608537,0.131,49253.617,0.086691864,0.086608537,0.131
0.084358297,0.084679708,0.131,49220.004,0.084358297,0.084679715,0.131
0.082024731,0.082750887,0.131,49219.039,0.082024731,0.082750887,0.131
0.079691164,0.080822065,0.131,49200.879,0.079691164,0.080822065,0.131
0.077357598,0.078893237,0.131,49198.715,0.077357598,0.078893237,0.131
0.075024031,0.076964408,0.131,49191.16,0.075024031,0.076964416,0.131
0.072690465,0.075035587,0.131,49185.297,0.072690465,0.075035587,0.131
0.070356898,0.073106766,0.131,49179.762,0.070356898,0.073106766,0.131
0.068023331,0.071177937,0.131,49173.742,0.068023331,0.071177937,0.131
0.065689765,0.069249108,0.131,49167.422,0.065689765,0.069249116,0.131
0.063356198,0.067320287,0.131,49161.094,0.063356198,0.067320287,0.131
0.061022636,0.065391466,0.131,49155.383,0.061022636,0.065391459,0.131
0.058689069,0.063462637,0.131,49151.277,0.058689069,0.063462637,0.131
0.056355502,0.061533809,0.131,49149.328,0.056355502,0.061533812,0.131
0.05402194,0.059604988,0.131,49148.855,0.05402194,0.059604988,0.131
0.051688373,0.057676159,0.131,49148.371,0.051688373,0.057676163,0.131
0.049354807,0.055747338,0.131,49146.586,0.049354807,0.055747338,0.131
0.04702124,0.053818509,0.131,49142.758,0.04702124,0.053818513,0.131
0.044805598,0.051889684,0.131,49137.477,0.044805598,0.051889688,0.131
0.15211432,0.1389997,0.131,68692.914,0.15211432,0.1389997,0.131
0.14969815,0.13794906,0.131,68814.367,0.14969814,0.13794906,0.131
0.14736459,0.13679338,0.131,68985.32,0.14736457,0.13679336,0.131
0.14503101,0.1355221,0.131,69199.789,0.14503101,0.1355221,0.131
0.14269745,0.13412371,0.131,69454.477,0.14269744,0.13412371,0.131
0.14036389,0.13258547,0.131,69744.484,0.14036389,0.13258548,0.131
0.13803032,0.13089341,0.131,70066.703,0.13803032,0.13089342,0.131
0.13569674,0.12904269,0.131,70419.531,0.13569675,0.12904269,0.131
0.13336319,0.12711386,0.131,70778.617,0.13336319,0.12711386,0.131
0.13102962,0.12518504,0.131,71116.508,0.13102962,0.12518504,0.131
0.12869605,0.12325621,0.131,71422.82,0.12869605,0.12325621,0.131
0.12636247,0.12132739,0.131,71691.047,0.12636249,0.12132739,0.131
0.12402891,0.11939856,0.131,71926.219,0.12402892,0.11939856,0.131
0.12169535,0.11746974,0.131,72147.383,0.12169535,0.11746974,0.131
0.11936179,0.11554092,0.131,72383.398,0.11936179,0.11554091,0.131
0.11702822,0.11361209,0.131,72665.055,0.11702822,0.11361209,0.131
0.11469465,0.11168326,0.131,73023.07,0.11469465,0.11168326,0.131
0.11236109,0.10975444,0.131,73496.656,0.11236109,0.10975444,0.131
0.11002752,0.10782561,0.131,74145.438,0.11002752,0.10782561,0.131
0.10769396,0.10589679,0.131,75008.062,0.10769396,0.10589679,0.131
0.10536039,0.10396796,0.131,76064.75,0.10536039,0.10396796,0.131
0.10302682,0.10203914,0.131,77264.547,0.10302682,0.10203914,0.131
0.10069326,0.10011031,0.131,78385.258,0.10069326,0.10011031,0.131
0.098359689,0.098181486,0.131,78963.398,0.098359689,0.098181486,0.131
0.096026123,0.096252665,0.131,77458.906,0.096026123,0.096252665,0.131
0.093692556,0.094323844,0.131,68203.133,0.093692556,0.094323836,0.131
0.091358989,0.092395008,0.131,55058.008,0.091358997,0.092395015,0.131
0.08902543,0.090466186,0.131,49844.742,0.08902543,0.090466186,0.131
0.086691871,0.088537365,0.131,49206.812,0.086691864,0.088537365,0.131
0.084358297,0.086608537,0.131,49264.441,0.084358297,0.086608537,0.131
0.082024731,0.084679708,0.131,49235.629,0.082024731,0.084679715,0.131
0.079691164,0.082750887,0.131,49217.77,0.079691164,0.082750887,0.131
0.077357598,0.080822065,0.131,49208.711,0.077357598,0.080822065,0.131
0.075024031,0.078893237,0.131,49195.816,0.075024031,0.078893237,0.131
0.072690465,0.076964408,0.131,49185.355,0.072690465,0.076964416,0.131
0.070356898,0.075035587,0.131,49176.461,0.070356898,0.075035587,0.131
0.068023331,0.073106766,0.131,49168.559,0.068023331,0.073106766,0.131
0.065689765,0.071177937,0.131,49161.453,0.065689765,0.071177937,0.131
0.063356198,0.069249108,0.131,49154.629,0.063356198,0.069249116,0.131
0.061022636,0.067320287,0.131,49148.188,0.061022636,0.067320287,0.131
0.058689069,0.065391466,0.131,49142.902,0.058689069,0.065391459,0.131
0.056355502,0.063462637,0.131,49139.621,0.056355502,0.063462637,0.131
0.05402194,0.061533809,0.131,49137.992,0.05402194,0.061533812,0.131
0.051688373,0.059604988,0.131,49136.711,0.051688373,0.059604988,0.131
0.049354807,0.057676159,0.131,49134.484,0.049354807,0.057676163,0.131
0.04702124,0.055747338,0.131,49130.516,0.04702124,0.055747338,0.131
0.044805598,0.053818509,0.131,49125.0,0.044805598,0.053818513,0.131
0.14969815,0.1389997,0.131,68569.891,0.14969814,0.1389997,0.131
0.14736459,0.13794906,0.131,68697.047,0.14736457,0.13794906,0.131
0.14503101,0.13679338,0.131,68867.844,0.14503101,0.13679336,0.131
0.14269745,0.1355221,0.131,69079.367,0.14269744,0.1355221,0.131
0.14036389,0.13412371,0.131,69327.148,0.14036389,0.13412371,0.131
0.13803032,0.13258547,0.131,69607.094,0.13803032,0.13258548,0.131
0.13569674,0.13089341,0.131,69917.953,0.13569675,0.13089342,0.131
0.13336319,0.12904269,0.131,70258.586,0.13336319,0.12904269,0.131
0.13102962,0.12711386,0.131,70603.25,0.13102962,0.12711386,0.131
0.12869605,0.12518504,0.131,70923.148,0.12869605,0.12518504,0.131
0.12636247,0.12325621,0.131,71209.164,0.12636249,0.12325621,0.131
0.12402891,0.12132739,0.131,71461.172,0.12402892,0.12132739,0.131
0.12169535,0.11939856,0.131,71692.578,0.12169535,0.11939856,0.131
0.11936179,0.11746974,0.131,71928.672,0.11936179,0.11746974,0.131
0.11702822,0.11554092,0.131,72201.031,0.11702822,0.11554091,0.131
0.11469465,0.11361209,0.131,72544.859,0.11469465,0.11361209,0.131
0.11236109,0.11168326,0.131,72997.547,0.11236109,0.11168326,0.131
0.11002752,0.10975444,0.131,73610.031,0.11002752,0.10975444,0.131
0.10769396,0.10782561,0.131,74431.805,0.10769396,0.10782561,0.131
0.10536039,0.10589679,0.131,75445.703,0.10536039,0.10589679,0.131
0.10302682,0.10396796,0.131,76601.953,0.10302682,0.10396796,0.131
0.10069326,0.10203914,0.131,77742.703,0.10069326,0.10203914,0.131
0.098359689,0.10011031,0.131,78554.203,0.098359689,0.10011031,0.131
0.096026123,0.098181486,0.131,77590.656,0.096026123,0.098181486,0.131
0.093692556,0.096252665,0.131,70345.383,0.093692556,0.096252665,0.131
0.091358989,0.094323844,0.131,56720.59,0.091358997,0.094323836,0.131
0.08902543,0.092395008,0.131,50473.594,0.08902543,0.092395015,0.131
0.086691871,0.090466186,0.131,49148.207,0.086691864,0.090466186,0.131
0.084358297,0.088537365,0.131,49315.305,0.084358297,0.088537365,0.131
0.082024731,0.086608537,0.131,49259.293,0.082024731,0.086608537,0.131
0.079691164,0.084679708,0.131,49238.855,0.079691164,0.084679715,0.131
0.077357598,0.082750887,0.131,49223.031,0.077357598,0.082750887,0.131
0.075024031,0.080822065,0.131,49204.977,0.075024031,0.080822065,0.131
0.072690465,0.078893237,0.131,49189.602,0.072690465,0.078893237,0.131
0.070356898,0.076964408,0.131,49176.531,0.070356898,0.076964416,0.131
0.068023331,0.075035587,0.131,49165.988,0.068023331,0.075035587,0.131
0.065689765,0.073106766,0.131,49157.598,0.065689765,0.073106766,0.131
0.063356198,0.071177937,0.131,49150.242,0.063356198,0.071177937,0.131
0.061022636,0.069249108,0.131,49143.301,0.061022636,0.069249116,0.131
0.058689069,0.067320287,0.131,49137.105,0.058689069,0.067320287,0.131
0.056355502,0.065391466,0.131,49132.516,0.056355502,0.065391459,0.131
0.05402194,0.063462637,0.131,49129.605,0.054021936,0.063462637,0.131
0.051688373,0.061533809,0.131,49127.25,0.051688373,0.061533812,0.131
0.049354807,0.059604988,0.131,49124.301,0.049354807,0.059604988,0.131
0.04702124,0.057676159,0.131,49119.945,0.04702124,0.057676163,0.131
0.044805598,0.055747338,0.131,49114.105,0.044805598,0.055747338,0.131
0.14736459,0.1389997,0.131,68443.062,0.14736457,0.1389997,0.131
0.14503101,0.13794906,0.131,68577.383,0.14503101,0.13794906,0.131
0.14269745,0.13679338,0.131,68753.547,0.14269744,0.13679336,0.131
0.14036389,0.1355221,0.131,68967.141,0.14036389,0.1355221,0.131
0.13803032,0.13412371,0.131,69213.836,0.13803032,0.13412371,0.131
0.13569674,0.13258547,0.131,69490.586,0.13569675,0.13258548,0.131
0.13336319,0.13089341,0.131,69797.062,0.13336319,0.13089342,0.131
0.13102962,0.12904269,0.131,70130.414,0.13102962,0.12904269,0.131
0.12869605,0.12711386,0.131,70463.031,0.12869605,0.12711386,0.131
0.12636247,0.12518504,0.131,70767.57,0.12636249,0.12518504,0.131
0.12402891,0.12325621,0.131,71039.773,0.12402892,0.12325621,0.131
0.12169535,0.12132739,0.131,71287.352,0.12169535,0.12132739,0.131
0.11936179,0.11939856,0.131,71530.234,0.11936179,0.11939856,0.131
0.11702822,0.11746974,0.131,71798.133,0.11702822,0.11746974,0.131
0.11469465,0.11554092,0.131,72128.062,0.11469465,0.11554091,0.131
0.11236109,0.11361209,0.131,72560.461,0.11236109,0.11361209,0.131
0.11002752,0.11168326,0.131,73138.484,0.11002752,0.11168326,0.131
0.10769396,0.10975444,0.131,73912.203,0.10769396,0.10975444,0.131
0.10536039,0.10782561,0.131,74881.305,0.10536039,0.10782561,0.131
0.10302682,0.10589679,0.131,75982.57,0.10302682,0.10589679,0.131
0.10069326,0.10396796,0.131,77110.664,0.10069326,0.10396796,0.131
0.098359689,0.10203914,0.131,78081.844,0.098359689,0.10203914,0.131
0.096026123,0.10011031,0.131,77493.688,0.096026123,0.10011031,0.131
0.093692556,0.098181486,0.131,72005.047,0.093692556,0.098181486,0.131
0.091358989,0.096252665,0.131,58719.621,0.091358997,0.096252665,0.131
0.08902543,0.094323844,0.131,51165.176,0.08902543,0.094323836,0.131
0.086691871,0.092395008,0.131,49120.793,0.086691864,0.092395015,0.131
0.084358297,0.090466186,0.131,49371.602,0.084358297,0.090466186,0.131
0.082024731,0.088537365,0.131,49291.012,0.082024731,0.088537365,0.131
0.079691164,0.086608537,0.131,49263.969,0.079691164,0.086608537,0.131
0.077357598,0.084679708,0.131,49241.23,0.077357598,0.084679715,0.131
0.075024031,0.082750887,0.131,49218.113,0.075024031,0.082750887,0.131
0.072690465,0.080822065,0.131,49197.629,0.072690465,0.080822065,0.131
0.070356898,0.078893237,0.131,49179.965,0.070356898,0.078893237,0.131
0.068023331,0.076964408,0.131,49166.07,0.068023331,0.076964416,0.131
0.065689765,0.075035587,0.131,49155.75,0.065689765,0.075035587,0.131
0.063356198,0.073106766,0.131,49147.609,0.063356198,0.073106766,0.131
0.061022636,0.071177937,0.131,49140.32,0.061022636,0.071177937,0.131
0.058689069,0.069249108,0.131,49133.562,0.058689069,0.069249116,0.131
0.056355502,0.067320287,0.131,49127.926,0.056355502,0.067320287,0.131
0.05402194,0.065391466,0.131,49123.738,0.054021936,0.065391459,0.131
0.051688373,0.063462637,0.131,49120.219,0.051688373,0.063462637,0.131
0.049354807,0.061533809,0.131,49116.309,0.049354807,0.061533812,0.131
0.04702124,0.059604988,0.131,49111.348,0.04702124,0.059604988,0.131
0.044805598,0.057676159,0.131,49105.035,0.044805598,0.057676163,0.131
0.14503101,0.1389997,0.131,68326.586,0.14503101,0.1389997,0.131
0.14269745,0.13794906,0.131,68474.312,0.14269744,0.13794906,0.131
0.14036389,0.13679338,0.131,68660.875,0.14036389,0.13679336,0.131
0.13803032,0.1355221,0.131,68881.57,0.13803032,0.1355221,0.131
0.13569674,0.13412371,0.131,69132.555,0.13569675,0.13412371,0.131
0.13336319,0.13258547,0.131,69411.656,0.13336319,0.13258548,0.131
0.13102962,0.13089341,0.131,69717.969,0.13102962,0.13089342,0.131
0.12869605,0.12904269,0.131,70045.594,0.12869605,0.12904269,0.131
0.12636247,0.12711386,0.131,70366.859,0.12636249,0.12711386,0.131
0.12402891,0.12518504,0.131,70659.367,0.12402892,0.12518504,0.131
0.12169535,0.12325621,0.131,70925.656,0.12169535,0.12325621,0.131
0.11936179,0.12132739,0.131,71179.898,0.11936179,0.12132739,0.131
0.11702822,0.11939856,0.131,71447.227,0.11702822,0.11939856,0.131
0.11469465,0.11746974,0.131,71764.125,0.11469465,0.11746974,0.131
0.11236109,0.11554092,0.131,72174.109,0.11236109,0.11554091,0.131
0.11002752,0.11361209,0.131,72718.578,0.11002752,0.11361209,0.131
0.10769396,0.11168326,0.131,73440.758,0.10769396,0.11168326,0.131
0.10536039,0.10975444,0.131,74358.055,0.10536039,0.10975444,0.131
0.10302682,0.10782561,0.131,75402.891,0.10302682,0.10782561,0.131
0.10069326,0.10589679,0.131,76497.109,0.10069326,0.10589679,0.131
0.098359689,0.10396796,0.131,77558.57,0.098359689,0.10396796,0.131
0.096026123,0.10203914,0.131,77239.07,0.096026123,0.10203914,0.131
0.093692556,0.10011031,0.131,73222.547,0.093692556,0.10011031,0.131
0.091358989,0.098181486,0.131,60931.809,0.091358997,0.098181486,0.131
0.08902543,0.096252665,0.131,52034.074,0.08902543,0.096252665,0.131
0.086691871,0.094323844,0.131,49254.82,0.086691864,0.094323836,0.131
0.084358297,0.092395008,0.131,49432.594,0.084358297,0.092395015,0.131
0.082024731,0.090466186,0.131,49333.246,0.082024731,0.090466186,0.131
0.079691164,0.088537365,0.131,49293.508,0.079691164,0.088537365,0.131
0.077357598,0.086608537,0.131,49263.152,0.077357598,0.086608537,0.131
0.075024031,0.084679708,0.131,49234.629,0.075024031,0.084679715,0.131
0.072690465,0.082750887,0.131,49209.02,0.072690465,0.082750887,0.131
0.070356898,0.080822065,0.131,49186.621,0.070356898,0.080822065,0.131
0.068023331,0.078893237,0.131,49168.801,0.068023331,0.078893237,0.131
0.065689765,0.076964408,0.131,49155.836,0.065689765,0.076964416,0.131
0.063356198,0.075035587,0.131,49146.426,0.063356198,0.075035587,0.131
0.061022636,0.073106766,0.131,49138.75,0.061022636,0.073106766,0.131
0.058689069,0.071177937,0.131,49131.738,0.058689069,0.071177937,0.131
0.056355502,0.069249108,0.131,49125.438,0.056355502,0.069249116,0.131
0.05402194,0.067320287,0.131,49120.199,0.054021936,0.067320287,0.131
0.051688373,0.065391466,0.131,49115.539,0.051688373,0.065391459,0.131
0.049354807,0.063462637,0.131,49110.605,0.049354807,0.063462637,0.131
0.04702124,0.061533809,0.131,49104.852,0.04702124,0.061533812,0.131
0.044805598,0.059604988,0.131,49097.992,0.044805598,0.059604988,0.131
0.042844683,0.057676159,0.131,49091.953,0.042844683,0.057676163,0.131
0.14269745,0.1389997,0.131,68237.367,0.14269744,0.1389997,0.131
0.14036389,0.13794906,0.131,68402.617,0.14036389,0.13794906,0.131
0.13803032,0.13679338,0.131,68602.938,0.13803032,0.13679336,0.131
0.13569674,0.1355221,0.131,68833.867,0.13569675,0.1355221,0.131
0.13336319,0.13412371,0.131,69092.211,0.13336319,0.13412371,0.131
0.13102962,0.13258547,0.131,69375.906,0.13102962,0.13258548,0.131
0.12869605,0.13089341,0.131,69682.227,0.12869605,0.13089342,0.131
0.12636247,0.12904269,0.131,70002.93,0.12636249,0.12904269,0.131
0.12402891,0.12711386,0.131,70313.391,0.12402892,0.12711386,0.131
0.12169535,0.12518504,0.131,70598.086,0.12169535,0.12518504,0.131
0.11936179,0.12325621,0.131,70865.617,0.11936179,0.12325621,0.131
0.11702822,0.12132739,0.131,71135.836,0.11702822,0.12132739,0.131
0.11469465,0.11939856,0.131,71441.516,0.11469465,0.11939856,0.131
0.11236109,0.11746974,0.131,71827.195,0.11236109,0.11746974,0.131
0.11002752,0.11554092,0.131,72337.188,0.11002752,0.11554091,0.131
0.10769396,0.11361209,0.131,73008.523,0.10769396,0.11361209,0.131
0.10536039,0.11168326,0.131,73866.336,0.10536039,0.11168326,0.131
0.10302682,0.10975444,0.131,74860.758,0.10302682,0.10975444,0.131
0.10069326,0.10782561,0.131,75900.555,0.10069326,0.10782561,0.131
0.098359689,0.10589679,0.131,77000.562,0.098359689,0.10589679,0.131
0.096026123,0.10396796,0.131,76893.172,0.096026123,0.10396796,0.131
0.093692556,0.10203914,0.131,74027.883,0.093692556,0.10203914,0.131
0.091358989,0.10011031,0.131,63196.078,0.091358997,0.10011031,0.131
0.08902543,0.098181486,0.131,53123.391,0.08902543,0.098181486,0.131
0.086691871,0.096252665,0.131,49514.289,0.086691864,0.096252665,0.131
0.084358297,0.094323844,0.131,49492.238,0.084358297,0.094323836,0.131
0.082024731,0.092395008,0.131,49388.395,0.082024731,0.092395015,0.131
0.079691164,0.090466186,0.131,49328.789,0.079691164,0.090466186,0.131
0.077357598,0.088537365,0.131,49289.117,0.077357598,0.088537365,0.131
0.075024031,0.086608537,0.131,49254.16,0.075024031,0.086608537,0.131
0.072690465,0.084679708,0.131,49223.312,0.072690465,0.084679715,0.131
0.070356898,0.082750887,0.131,49196.203,0.070356898,0.082750887,0.131
0.068023331,0.080822065,0.131,49174.129,0.068023331,0.080822065,0.131
0.065689765,0.078893237,0.131,49157.859,0.065689765,0.078893237,0.131
0.063356198,0.076964408,0.131,49146.512,0.063356198,0.076964416,0.131
0.061022636,0.075035587,0.131,49138.129,0.061022636,0.075035587,0.131
0.058689069,0.073106766,0.131,49131.0,0.058689069,0.073106766,0.131
0.056355502,0.071177937,0.131,49124.457,0.056355502,0.071177937,0.131
0.05402194,0.069249108,0.131,49118.531,0.054021936,0.069249116,0.131
0.051688373,0.067320287,0.131,49112.941,0.051688373,0.067320287,0.131
0.049354807,0.065391466,0.131,49107.012,0.049354807,0.065391459,0.131
0.04702124,0.063462637,0.131,49100.41,0.04702124,0.063462637,0.131
0.044805598,0.061533809,0.131,49092.918,0.044805598,0.061533812,0.131
0.042844683,0.059604988,0.131,49086.336,0.042844683,0.059604988,0.131
0.14036389,0.1389997,0.131,68186.008,0.14036389,0.1389997,0.131
0.13803032,0.13794906,0.131,68369.961,0.13803032,0.13794906,0.131
0.13569674,0.13679338,0.131,68584.648,0.13569675,0.13679336,0.131
0.13336319,0.1355221,0.131,68826.102,0.13336319,0.1355221,0.131
0.13102962,0.13412371,0.131,69091.5,0.13102962,0.13412371,0.131
0.12869605,0.13258547,0.131,69378.031,0.12869605,0.13258548,0.131
0.12636247,0.13089341,0.131,69681.25,0.12636249,0.13089342,0.131
0.12402891,0.12904269,0.131,69993.055,0.12402892,0.12904269,0.131
0.12169535,0.12711386,0.131,70294.0,0.12169535,0.12711386,0.131
0.11936179,0.12518504,0.131,70574.93,0.11936179,0.12518504,0.131
0.11702822,0.12325621,0.131,70849.984,0.11702822,0.12325621,0.131
0.11469465,0.12132739,0.131,71147.445,0.11469465,0.12132739,0.131
0.11236109,0.11939856,0.131,71509.797,0.11236109,0.11939856,0.131
0.11002752,0.11746974,0.131,71983.43,0.11002752,0.11746974,0.131
0.10769396,0.11554092,0.131,72605.375,0.10769396,0.11554091,0.131
0.10536039,0.11361209,0.131,73400.742,0.10536039,0.11361209,0.131
0.10302682,0.11168326,0.131,74345.367,0.10302682,0.11168326,0.131
0.10069326,0.10975444,0.131,75334.609,0.10069326,0.10975444,0.131
0.098359689,0.10782561,0.131,76399.469,0.098359689,0.10782561,0.131
0.096026123,0.10589679,0.131,76504.82,0.096026123,0.10589679,0.131
0.093692556,0.10396796,0.131,74446.281,0.093692556,0.10396796,0.131
0.091358989,0.10203914,0.131,65332.875,0.091358997,0.10203914,0.131
0.08902543,0.10011031,0.131,54479.859,0.08902543,0.10011031,0.131
0.086691871,0.098181486,0.131,49984.617,0.086691864,0.098181486,0.131
0.084358297,0.096252665,0.131,49568.551,0.084358297,0.096252665,0.131
0.082024731,0.094323844,0.131,49458.867,0.082024731,0.094323836,0.131
0.079691164,0.092395008,0.131,49372.191,0.079691164,0.092395015,0.131
0.077357598,0.090466186,0.131,49320.125,0.077357598,0.090466186,0.131
0.075024031,0.088537365,0.131,49276.879,0.075024031,0.088537365,0.131
0.072690465,0.086608537,0.131,49240.168,0.072690465,0.086608537,0.131
0.070356898,0.084679708,0.131,49208.379,0.070356898,0.084679715,0.131
0.068023331,0.082750887,0.131,49181.957,0.068023331,0.082750887,0.131
0.065689765,0.080822065,0.131,49161.883,0.065689765,0.080822065,0.131
0.063356198,0.078893237,0.131,49147.867,0.063356198,0.078893237,0.131
0.061022636,0.076964408,0.131,49138.211,0.061022636,0.076964416,0.131
0.058689069,0.075035587,0.131,49130.824,0.058689069,0.075035587,0.131
0.056355502,0.073106766,0.131,49124.301,0.056355502,0.073106766,0.131
0.05402194,0.071177937,0.131,49118.117,0.054021936,0.071177937,0.131
0.051688373,0.069249108,0.131,49111.918,0.051688373,0.069249116,0.131
0.049354807,0.067320287,0.131,49105.203,0.049354807,0.067320287,0.131
0.04702124,0.065391466,0.131,49097.754,0.04702124,0.065391459,0.131
0.044805598,0.063462637,0.131,49089.598,0.044805598,0.063462637,0.131
0.042844683,0.061533809,0.131,49082.457,0.042844683,0.061533812,0.131
0.13803032,0.1389997,0.131,68175.211,0.13803032,0.1389997,0.131
0.13569674,0.13794906,0.131,68375.984,0.13569675,0.13794906,0.131
0.13336319,0.13679338,0.131,68602.68,0.13336319,0.13679336,0.131
0.13102962,0.1355221,0.131,68851.898,0.13102962,0.1355221,0.131
0.12869605,0.13412371,0.131,69120.742,0.12869605,0.13412371,0.131
0.12636247,0.13258547,0.131,69405.406,0.12636249,0.13258548,0.131
0.12402891,0.13089341,0.131,69701.422,0.12402892,0.13089342,0.131
0.12169535,0.12904269,0.131,70003.117,0.12169535,0.12904269,0.131
0.11936179,0.12711386,0.131,70296.383,0.11936179,0.12711386,0.131
0.11702822,0.12518504,0.131,70577.734,0.11702822,0.12518504,0.131
0.11469465,0.12325621,0.131,70869.734,0.11469465,0.12325621,0.131
0.11236109,0.12132739,0.131,71211.555,0.11236109,0.12132739,0.131
0.11002752,0.11939856,0.131,71650.391,0.11002752,0.11939856,0.131
0.10769396,0.11746974,0.131,72223.922,0.10769396,0.11746974,0.131
0.10536039,0.11554092,0.131,72957.32,0.10536039,0.11554091,0.131
0.10302682,0.11361209,0.131,73845.359,0.10302682,0.11361209,0.131
0.10069326,0.11168326,0.131,74799.789,0.10069326,0.11168326,0.131
0.098359689,0.10975444,0.131,75753.227,0.098359689,0.10975444,0.131
0.096026123,0.10782561,0.131,76085.492,0.096026123,0.10782561,0.131
0.093692556,0.10589679,0.131,74586.922,0.093692556,0.10589679,0.131
0.091358989,0.10396796,0.131,67146.891,0.091358997,0.10396796,0.131
0.08902543,0.10203914,0.131,56037.57,0.08902543,0.10203914,0.131
0.086691871,0.10011031,0.131,50644.457,0.086691864,0.10011031,0.131
0.084358297,0.098181486,0.131,49662.027,0.084358297,0.098181486,0.131
0.082024731,0.096252665,0.131,49548.012,0.082024731,0.096252665,0.131
0.079691164,0.094323844,0.131,49426.727,0.079691164,0.094323836,0.131
0.077357598,0.092395008,0.131,49358.023,0.077357598,0.092395015,0.131
0.075024031,0.090466186,0.131,49303.566,0.075024031,0.090466186,0.131
0.072690465,0.088537365,0.131,49259.66,0.072690465,0.088537365,0.131
0.070356898,0.086608537,0.131,49222.867,0.070356898,0.086608537,0.131
0.068023331,0.084679708,0.131,49192.156,0.068023331,0.084679715,0.131
0.065689765,0.082750887,0.131,49168.02,0.065689765,0.082750887,0.131
0.063356198,0.080822065,0.131,49150.684,0.063356198,0.080822065,0.131
0.061022636,0.078893237,0.131,49138.992,0.061022636,0.078893237,0.131
0.058689069,0.076964408,0.131,49130.895,0.058689069,0.076964416,0.131
0.056355502,0.075035587,0.131,49124.418,0.056355502,0.075035587,0.131
0.05402194,0.073106766,0.131,49118.312,0.054021936,0.073106766,0.131
0.051688373,0.071177937,0.131,49111.879,0.051688373,0.071177937,0.131
0.049354807,0.069249108,0.131,49104.664,0.049354807,0.069249116,0.131
0.04702124,0.067320287,0.131,49096.543,0.04702124,0.067320287,0.131
0.044805598,0.065391466,0.131,49087.695,0.044805598,0.065391459,0.131
0.042844683,0.063462637,0.131,49080.035,0.042844683,0.063462637,0.131
0.041139543,0.061533809,0.131,49073.609,0.041139543,0.061533812,0.131
0.13569674,0.1389997,0.131,68200.516,0.13569675,0.1389997,0.131
0.13336319,0.13794906,0.131,68413.531,0.13336319,0.13794906,0.131
0.13102962,0.13679338,0.131,68647.461,0.13102962,0.13679336,0.131
0.12869605,0.1355221,0.131,68899.352,0.12869605,0.1355221,0.131
0.12636247,0.13412371,0.131,69165.859,0.12636249,0.13412371,0.131
0.12402891,0.13258547,0.131,69443.266,0.12402892,0.13258548,0.131
0.12169535,0.13089341,0.131,69728.992,0.12169535,0.13089342,0.131
0.11936179,0.12904269,0.131,70020.664,0.11936179,0.12904269,0.131
0.11702822,0.12711386,0.131,70309.203,0.11702822,0.12711386,0.131
0.11469465,0.12518504,0.131,70599.016,0.11469465,0.12518504,0.131
0.11236109,0.12325621,0.131,70924.023,0.11236109,0.12325621,0.131
0.11002752,0.12132739,0.131,71330.602,0.11002752,0.12132739,0.131
0.10769396,0.11939856,0.131,71859.57,0.10769396,0.11939856,0.131
0.10536039,0.11746974,0.131,72534.125,0.10536039,0.11746974,0.131
0.10302682,0.11554092,0.131,73359.469,0.10302682,0.11554091,0.131
0.10069326,0.11361209,0.131,74273.805,0.10069326,0.11361209,0.131
0.098359689,0.11168326,0.131,75140.172,0.098359689,0.11168326,0.131
0.096026123,0.10975444,0.131,75623.242,0.096026123,0.10975444,0.131
0.093692556,0.10782561,0.131,74545.641,0.093692556,0.10782561,0.131
0.091358989,0.10589679,0.131,68496.695,0.091358997,0.10589679,0.131
0.08902543,0.10396796,0.131,57770.324,0.08902543,0.10396796,0.131
0.086691871,0.10203914,0.131,51473.266,0.086691864,0.10203914,0.131
0.084358297,0.10011031,0.131,49792.102,0.084358297,0.10011031,0.131
0.082024731,0.098181486,0.131,49659.18,0.082024731,0.098181486,0.131
0.079691164,0.096252665,0.131,49496.164,0.079691164,0.096252665,0.131
0.077357598,0.094323844,0.131,49405.199,0.077357598,0.094323836,0.131
0.075024031,0.092395008,0.131,49335.762,0.075024031,0.092395015,0.131
0.072690465,0.090466186,0.131,49282.324,0.072690465,0.090466186,0.131
0.070356898,0.088537365,0.131,49239.668,0.070356898,0.088537365,0.131
0.068023331,0.086608537,0.131,49204.598,0.068023331,0.086608537,0.131
0.065689765,0.084679708,0.131,49176.383,0.065689765,0.084679715,0.131
0.063356198,0.082750887,0.131,49155.262,0.063356198,0.082750887,0.131
0.061022636,0.080822065,0.131,49140.754,0.061022636,0.080822065,0.131
0.058689069,0.078893237,0.131,49131.23,0.058689069,0.078893237,0.131
0.056355502,0.076964408,0.131,49124.492,0.056355502,0.076964416,0.131
0.05402194,0.075035587,0.131,49118.594,0.054021936,0.075035587,0.131
0.051688373,0.073106766,0.131,49112.258,0.051688373,0.073106766,0.131
0.049354807,0.071177937,0.131,49104.863,0.049354807,0.071177937,0.131
0.04702124,0.069249108,0.131,49096.305,0.04702124,0.069249116,0.131
0.044805598,0.067320287,0.131,49086.863,0.044805598,0.067320287,0.131
0.042844683,0.065391466,0.131,49078.672,0.042844683,0.065391459,0.131
0.041139543,0.063462637,0.131,49071.863,0.041139543,0.063462637,0.131
0.03965681,0.061533809,0.131,49065.758,0.03965681,0.061533812,0.131
0.13336319,0.1389997,0.131,68252.266,0.13336319,0.1389997,0.131
0.13102962,0.13794906,0.131,68471.242,0.13102962,0.13794906,0.131
0.12869605,0.13679338,0.131,68706.312,0.12869605,0.13679336,0.131
0.12636247,0.1355221,0.131,68954.578,0.12636249,0.1355221,0.131
0.12402891,0.13412371,0.131,69212.836,0.12402892,0.13412371,0.131
0.12169535,0.13258547,0.131,69479.062,0.12169535,0.13258548,0.131
0.11936179,0.13089341,0.131,69753.359,0.11936179,0.13089342,0.131
0.11702822,0.12904269,0.131,70037.023,0.11702822,0.12904269,0.131
0.11469465,0.12711386,0.131,70327.961,0.11469465,0.12711386,0.131
0.11236109,0.12518504,0.131,70641.109,0.11236109,0.12518504,0.131
0.11002752,0.12325621,0.131,71019.297,0.11002752,0.12325621,0.131
0.10769396,0.12132739,0.131,71506.555,0.10769396,0.12132739,0.131
0.10536039,0.11939856,0.131,72128.57,0.10536039,0.11939856,0.131
0.10302682,0.11746974,0.131,72890.469,0.10302682,0.11746974,0.131
0.10069326,0.11554092,0.131,73751.281,0.10069326,0.11554091,0.131
0.098359689,0.11361209,0.131,74562.633,0.098359689,0.11361209,0.131
0.096026123,0.11168326,0.131,75093.227,0.096026123,0.11168326,0.131
0.093692556,0.10975444,0.131,74326.281,0.093692556,0.10975444,0.131
0.091358989,0.10782561,0.131,69429.406,0.091358997,0.10782561,0.131
0.08902543,0.10589679,0.131,59562.273,0.08902543,0.10589679,0.131
0.086691871,0.10396796,0.131,52435.254,0.086691864,0.10396796,0.131
0.084358297,0.10203914,0.131,50030.445,0.084358297,0.10203914,0.131
0.082024731,0.10011031,0.131,49794.238,0.082024731,0.10011031,0.131
0.079691164,0.098181486,0.131,49585.039,0.079691164,0.098181486,0.131
0.077357598,0.096252665,0.131,49464.816,0.077357598,0.096252665,0.131
0.075024031,0.094323844,0.131,49375.68,0.075024031,0.094323836,0.131
0.072690465,0.092395008,0.131,49309.316,0.072690465,0.092395015,0.131
0.070356898,0.090466186,0.131,49259.082,0.070356898,0.090466186,0.131
0.068023331,0.088537365,0.131,49219.281,0.068023331,0.088537365,0.131
0.065689765,0.086608537,0.131,49187.02,0.065689765,0.086608537,0.131
0.063356198,0.084679708,0.131,49161.938,0.063356198,0.084679715,0.131
0.061022636,0.082750887,0.131,49143.949,0.061022636,0.082750887,0.131
0.058689069,0.080822065,0.131,49132.164,0.058689069,0.080822065,0.131
0.056355502,0.078893237,0.131,49124.531,0.056355502,0.078893237,0.131
0.05402194,0.076964408,0.131,49118.676,0.054021936,0.076964416,0.131
0.051688373,0.075035587,0.131,49112.609,0.051688373,0.075035587,0.131
0.049354807,0.073106766,0.131,49105.312,0.049354807,0.073106766,0.131
0.04702124,0.071177937,0.131,49096.605,0.04702124,0.071177937,0.131
0.044805598,0.069249108,0.131,49086.738,0.044805598,0.069249116,0.131
0.042844683,0.067320287,0.131,49078.051,0.042844683,0.067320287,0.131
0.041139543,0.065391466,0.131,49070.902,0.041139543,0.065391459,0.131
0.03965681,0.063462637,0.131,49064.508,0.03965681,0.063462637,0.131
0.03836748,0.061533809,0.131,49058.93,0.03836748,0.061533812,0.131
0.13102962,0.1389997,0.131,68318.391,0.13102962,0.1389997,0.131
0.12869605,0.13794906,0.131,68536.617,0.12869605,0.13794906,0.131
0.12636247,0.13679338,0.131,68766.422,0.12636249,0.13679336,0.131
0.12402891,0.1355221,0.131,69005.172,0.12402892,0.1355221,0.131
0.12169535,0.13412371,0.131,69251.133,0.12169535,0.13412371,0.131
0.11936179,0.13258547,0.131,69504.641,0.11936179,0.13258548,0.131
0.11702822,0.13089341,0.131,69768.891,0.11702822,0.13089342,0.131
0.11469465,0.12904269,0.131,70051.008,0.11469465,0.12904269,0.131
0.11236109,0.12711386,0.131,70358.078,0.11236109,0.12711386,0.131
0.11002752,0.12518504,0.131,70713.5,0.11002752,0.12518504,0.131
0.10769396,0.12325621,0.131,71162.133,0.10769396,0.12325621,0.131
0.10536039,0.12132739,0.131,71735.445,0.10536039,0.12132739,0.131
0.10302682,0.11939856,0.131,72439.078,0.10302682,0.11939856,0.131
0.10069326,0.11746974,0.131,73238.719,0.10069326,0.11746974,0.131
0.098359689,0.11554092,0.131,74003.336,0.098359689,0.11554091,0.131
0.096026123,0.11361209,0.131,74535.781,0.096026123,0.11361209,0.131
0.093692556,0.11168326,0.131,73959.758,0.093692556,0.11168326,0.131
0.091358989,0.10975444,0.131,70057.18,0.091358997,0.10975444,0.131
0.08902543,0.10782561,0.131,61274.609,0.08902543,0.10782561,0.131
0.086691871,0.10589679,0.131,53553.516,0.086691864,0.10589679,0.131
0.084358297,0.10396796,0.131,50420.461,0.084358297,0.10396796,0.131
0.082024731,0.10203914,0.131,49960.25,0.082024731,0.10203914,0.131
0.079691164,0.10011031,0.131,49698.582,0.079691164,0.10011031,0.131
0.077357598,0.098181486,0.131,49540.449,0.077357598,0.098181486,0.131
0.075024031,0.096252665,0.131,49426.219,0.075024031,0.096252665,0.131
0.072690465,0.094323844,0.131,49342.387,0.072690465,0.094323836,0.131
0.070356898,0.092395008,0.131,49281.879,0.070356898,0.092395015,0.131
0.068023331,0.090466186,0.131,49236.324,0.068023331,0.090466186,0.131
0.065689765,0.088537365,0.131,49199.98,0.065689765,0.088537365,0.131
0.063356198,0.086608537,0.131,49170.922,0.063356198,0.086608537,0.131
0.061022636,0.084679708,0.131,49149.086,0.061022636,0.084679715,0.131
0.058689069,0.082750887,0.131,49134.227,0.058689069,0.082750887,0.131
0.056355502,0.080822065,0.131,49124.891,0.056355502,0.080822065,0.131
0.05402194,0.078893237,0.131,49118.566,0.054021936,0.078893237,0.131
0.051688373,0.076964408,0.131,49112.703,0.051688373,0.076964416,0.131
0.049354807,0.075035587,0.131,49105.676,0.049354807,0.075035587,0.131
0.04702124,0.073106766,0.131,49097.059,0.04702124,0.073106766,0.131
0.044805598,0.071177937,0.131,49087.004,0.044805598,0.071177937,0.131
0.042844683,0.069249108,0.131,49077.883,0.042844683,0.069249116,0.131
0.041139543,0.067320287,0.131,49070.395,0.041139543,0.067320287,0.131
0.03965681,0.065391466,0.131,49063.812,0.03965681,0.065391459,0.131
0.03836748,0.063462637,0.131,49057.957,0.03836748,0.063462637,0.131
0.12869605,0.1389997,0.131,68386.992,0.12869605,0.1389997,0.131
0.12636247,0.13794906,0.131,68598.242,0.12636249,0.13794906,0.131
0.12402891,0.13679338,0.131,68817.258,0.12402892,0.13679336,0.131
0.12169535,0.1355221,0.131,69042.688,0.12169535,0.1355221,0.131
0.11936179,0.13412371,0.131,69274.836,0.11936179,0.13412371,0.131
0.11702822,0.13258547,0.131,69516.82,0.11702822,0.13258548,0.131
0.11469465,0.13089341,0.131,69777.023,0.11469465,0.13089342,0.131
0.11236109,0.12904269,0.131,70070.406,0.11236109,0.12904269,0.131
0.11002752,0.12711386,0.131,70410.727,0.11002752,0.12711386,0.131
0.10769396,0.12518504,0.131,70825.43,0.10769396,0.12518504,0.131
0.10536039,0.12325621,0.131,71352.211,0.10536039,0.12325621,0.131
0.10302682,0.12132739,0.131,72001.391,0.10302682,0.12132739,0.131
0.10069326,0.11939856,0.131,72741.781,0.10069326,0.11939856,0.131
0.098359689,0.11746974,0.131,73456.805,0.098359689,0.11746974,0.131
0.096026123,0.11554092,0.131,73979.008,0.096026123,0.11554091,0.131
0.093692556,0.11361209,0.131,73517.617,0.093692556,0.11361209,0.131
0.091358989,0.11168326,0.131,70412.969,0.091358997,0.11168326,0.131
0.08902543,0.10975444,0.131,62799.797,0.08902543,0.10975444,0.131
0.086691871,0.10782561,0.131,54812.441,0.086691864,0.10782561,0.131
0.084358297,0.10589679,0.131,50979.914,0.084358297,0.10589679,0.131
0.082024731,0.10396796,0.131,50168.941,0.082024731,0.10396796,0.131
0.079691164,0.10203914,0.131,49840.996,0.079691164,0.10203914,0.131
0.077357598,0.10011031,0.131,49635.828,0.077357598,0.10011031,0.131
0.075024031,0.098181486,0.131,49490.68,0.075024031,0.098181486,0.131
0.072690465,0.096252665,0.131,49383.914,0.072690465,0.096252665,0.131
0.070356898,0.094323844,0.131,49309.289,0.070356898,0.094323836,0.131
0.068023331,0.092395008,0.131,49256.109,0.068023331,0.092395015,0.131
0.065689765,0.090466186,0.131,49215.27,0.065689765,0.090466186,0.131
0.063356198,0.088537365,0.131,49182.336,0.063356198,0.088537365,0.131
0.061022636,0.086608537,0.131,49156.539,0.061022636,0.086608537,0.131
0.058689069,0.084679708,0.131,49138.051,0.058689069,0.084679715,0.131
0.056355502,0.082750887,0.131,49126.129,0.056355502,0.082750887,0.131
0.05402194,0.080822065,0.131,49118.582,0.054021936,0.080822065,0.131
0.051688373,0.078893237,0.131,49112.535,0.051688373,0.078893237,0.131
0.049354807,0.076964408,0.131,49105.77,0.049354807,0.076964416,0.131
0.04702124,0.075035587,0.131,49097.395,0.04702124,0.075035587,0.131
0.044805598,0.073106766,0.131,49087.379,0.044805598,0.073106766,0.131
0.042844683,0.071177937,0.131,49077.984,0.042844683,0.071177937,0.131
0.041139543,0.069249108,0.131,49070.113,0.041139543,0.069249116,0.131
0.03965681,0.067320287,0.131,49063.352,0.03965681,0.067320287,0.131
0.03836748,0.065391466,0.131,49057.375,0.03836748,0.065391459,0.131
0.12636247,0.1389997,0.131,68448.047,0.12636249,0.1389997,0.131
0.12402891,0.13794906,0.131,68647.305,0.12402892,0.13794906,0.131
0.12169535,0.13679338,0.131,68852.133,0.12169535,0.13679336,0.131
0.11936179,0.1355221,0.131,69062.984,0.11936179,0.1355221,0.131
0.11702822,0.13412371,0.131,69282.539,0.11702822,0.13412371,0.131
0.11469465,0.13258547,0.131,69518.805,0.11469465,0.13258548,0.131
0.11236109,0.13089341,0.131,69787.156,0.11236109,0.13089342,0.131
0.11002752,0.12904269,0.131,70107.039,0.11002752,0.12904269,0.131
0.10769396,0.12711386,0.131,70495.586,0.10769396,0.12711386,0.131
0.10536039,0.12518504,0.131,70978.797,0.10536039,0.12518504,0.131
0.10302682,0.12325621,0.131,71575.109,0.10302682,0.12325621,0.131
0.10069326,0.12132739,0.131,72258.453,0.10069326,0.12132739,0.131
0.098359689,0.11939856,0.131,72924.852,0.098359689,0.11939856,0.131
0.096026123,0.11746974,0.131,73418.602,0.096026123,0.11746974,0.131
0.093692556,0.11554092,0.131,73058.961,0.093692556,0.11554091,0.131
0.091358989,0.11361209,0.131,70554.945,0.091358997,0.11361209,0.131
0.08902543,0.11168326,0.131,64054.191,0.08902543,0.11168326,0.131
0.086691871,0.10975444,0.131,56144.254,0.086691864,0.10975444,0.131
0.084358297,0.10782561,0.131,51696.258,0.084358297,0.10782561,0.131
0.082024731,0.10589679,0.131,50428.379,0.082024731,0.10589679,0.131
0.079691164,0.10396796,0.131,50017.148,0.079691164,0.10396796,0.131
0.077357598,0.10203914,0.131,49754.883,0.077357598,0.10203914,0.131
0.075024031,0.10011031,0.131,49572.547,0.075024031,0.10011031,0.131
0.072690465,0.098181486,0.131,49436.809,0.072690465,0.098181486,0.131
0.070356898,0.096252665,0.131,49343.102,0.070356898,0.096252665,0.131
0.068023331,0.094323844,0.131,49279.355,0.068023331,0.094323836,0.131
0.065689765,0.092395008,0.131,49232.977,0.065689765,0.092395015,0.131
0.063356198,0.090466186,0.131,49196.172,0.063356198,0.090466186,0.131
0.061022636,0.088537365,0.131,49166.52,0.061022636,0.088537365,0.131
0.058689069,0.086608537,0.131,49144.141,0.058689069,0.086608537,0.131
0.056355502,0.084679708,0.131,49128.914,0.056355502,0.084679715,0.131
0.05402194,0.082750887,0.131,49119.246,0.054021936,0.082750887,0.131
0.051688373,0.080822065,0.131,49112.371,0.051688373,0.080822065,0.131
0.049354807,0.078893237,0.131,49105.598,0.049354807,0.078893237,0.131
0.04702124,0.076964408,0.131,49097.48,0.04702124,0.076964416,0.131
0.044805598,0.075035587,0.131,49087.66,0.044805598,0.075035587,0.131
0.042844683,0.073106766,0.131,49078.188,0.042844683,0.073106766,0.131
0.041139543,0.071177937,0.131,49069.965,0.041139543,0.071177937,0.131
0.03965681,0.069249108,0.131,49062.941,0.03965681,0.069249116,0.131
0.03836748,0.067320287,0.131,49056.898,0.03836748,0.067320287,0.131
0.12402891,0.1389997,0.131,68494.211,0.12402892,0.1389997,0.131
0.12169535,0.13794906,0.131,68678.516,0.12169535,0.13794906,0.131
0.11936179,0.13679338,0.131,68868.25,0.11936179,0.13679336,0.131
0.11702822,0.1355221,0.131,69065.867,0.11702822,0.1355221,0.131
0.11469465,0.13412371,0.131,69278.414,0.11469465,0.13412371,0.131
0.11236109,0.13258547,0.131,69520.914,0.11236109,0.13258548,0.131
0.11002752,0.13089341,0.131,69811.352,0.11002752,0.13089342,0.131
0.10769396,0.12904269,0.131,70169.266,0.10769396,0.12904269,0.131
0.10536039,0.12711386,0.131,70614.938,0.10536039,0.12711386,0.131
0.10302682,0.12518504,0.131,71160.328,0.10302682,0.12518504,0.131
0.10069326,0.12325621,0.131,71787.43,0.10069326,0.12325621,0.131
0.098359689,0.12132739,0.131,72404.227,0.098359689,0.12132739,0.131
0.096026123,0.11939856,0.131,72860.328,0.096026123,0.11939856,0.131
0.093692556,0.11746974,0.131,72571.148,0.093692556,0.11746974,0.131
0.091358989,0.11554092,0.131,70542.711,0.091358997,0.11554091,0.131
0.08902543,0.11361209,0.131,64997.234,0.08902543,0.11361209,0.131
0.086691871,0.11168326,0.131,57458.34,0.086691864,0.11168326,0.131
0.084358297,0.10975444,0.131,52533.027,0.084358297,0.10975444,0.131
0.082024731,0.10782561,0.131,50750.727,0.082024731,0.10782561,0.131
0.079691164,0.10589679,0.131,50231.918,0.079691164,0.10589679,0.131
0.077357598,0.10396796,0.131,49901.441,0.077357598,0.10396796,0.131
0.075024031,0.10203914,0.131,49675.418,0.075024031,0.10203914,0.131
0.072690465,0.10011031,0.131,49504.344,0.072690465,0.10011031,0.131
0.070356898,0.098181486,0.131,49385.672,0.070356898,0.098181486,0.131
0.068023331,0.096252665,0.131,49307.23,0.068023331,0.096252665,0.131
0.065689765,0.094323844,0.131,49253.383,0.065689765,0.094323836,0.131
0.063356198,0.092395008,0.131,49212.348,0.063356198,0.092395015,0.131
0.061022636,0.090466186,0.131,49179.035,0.061022636,0.090466186,0.131
0.058689069,0.088537365,0.131,49152.797,0.058689069,0.088537365,0.131
0.056355502,0.086608537,0.131,49133.816,0.056355502,0.086608537,0.131
0.05402194,0.084679708,0.131,49121.211,0.054021936,0.084679715,0.131
0.051688373,0.082750887,0.131,49112.652,0.051688373,0.082750887,0.131
0.049354807,0.080822065,0.131,49105.352,0.049354807,0.080822065,0.131
0.04702124,0.078893237,0.131,49097.32,0.04702124,0.078893237,0.131
0.044805598,0.076964408,0.131,49087.742,0.044805598,0.076964416,0.131
0.042844683,0.075035587,0.131,49078.375,0.042844683,0.075035587,0.131
0.041139543,0.073106766,0.131,49069.91,0.041139543,0.073106766,0.131
0.03965681,0.071177937,0.131,49062.551,0.03965681,0.071177937,0.131
0.03836748,0.069249108,0.131,49056.375,0.03836748,0.069249116,0.131
0.12169535,0.1389997,0.131,68521.266,0.12169535,0.1389997,0.131
0.11936179,0.13794906,0.131,68690.055,0.11936179,0.13794906,0.131
0.11702822,0.13679338,0.131,68866.258,0.11702822,0.13679336,0.131
0.11469465,0.1355221,0.131,69056.008,0.11469465,0.1355221,0.131
0.11236109,0.13412371,0.131,69273.102,0.11236109,0.13412371,0.131
0.11002752,0.13258547,0.131,69535.227,0.11002752,0.13258548,0.131
0.10769396,0.13089341,0.131,69855.828,0.10769396,0.13089342,0.131
0.10536039,0.12904269,0.131,70257.867,0.10536039,0.12904269,0.131
0.10302682,0.12711386,0.131,70756.758,0.10302682,0.12711386,0.131
0.10069326,0.12518504,0.131,71329.047,0.10069326,0.12518504,0.131
0.098359689,0.12325621,0.131,71893.492,0.098359689,0.12325621,0.131
0.096026123,0.12132739,0.131,72308.594,0.096026123,0.12132739,0.131
0.093692556,0.11939856,0.131,72059.789,0.093692556,0.11939856,0.131
0.091358989,0.11746974,0.131,70396.664,0.091358997,0.11746974,0.131
0.08902543,0.11554092,0.131,65636.93,0.08902543,0.11554091,0.131
0.086691871,0.11361209,0.131,58708.914,0.086691864,0.11361209,0.131
0.084358297,0.11168326,0.131,53448.441,0.084358297,0.11168326,0.131
0.082024731,0.10975444,0.131,51167.887,0.082024731,0.10975444,0.131
0.079691164,0.10782561,0.131,50488.164,0.079691164,0.10782561,0.131
0.077357598,0.10589679,0.131,50079.082,0.077357598,0.10589679,0.131
0.075024031,0.10396796,0.131,49802.602,0.075024031,0.10396796,0.131
0.072690465,0.10203914,0.131,49590.18,0.072690465,0.10203914,0.131
0.070356898,0.10011031,0.131,49439.879,0.070356898,0.10011031,0.131
0.068023331,0.098181486,0.131,49341.48,0.068023331,0.098181486,0.131
0.065689765,0.096252665,0.131,49277.105,0.065689765,0.096252665,0.131
0.063356198,0.094323844,0.131,49230.832,0.063356198,0.094323836,0.131
0.061022636,0.092395008,0.131,49193.926,0.061022636,0.092395015,0.131
0.058689069,0.090466186,0.131,49164.043,0.058689069,0.090466186,0.131
0.056355502,0.088537365,0.131,49141.219,0.056355502,0.088537365,0.131
0.05402194,0.086608537,0.131,49125.066,0.054021936,0.086608537,0.131
0.051688373,0.084679708,0.131,49113.957,0.051688373,0.084679715,0.131
0.049354807,0.082750887,0.131,49105.387,0.049354807,0.082750887,0.131
0.04702124,0.080822065,0.131,49097.066,0.04702124,0.080822065,0.131
0.044805598,0.078893237,0.131,49087.641,0.044805598,0.078893237,0.131
0.042844683,0.076964408,0.131,49078.477,0.042844683,0.076964416,0.131
0.041139543,0.075035587,0.131,49069.949,0.041139543,0.075035587,0.131
0.03965681,0.073106766,0.131,49062.246,0.03965681,0.073106766,0.131
0.03836748,0.071177937,0.131,49055.816,0.03836748,0.071177937,0.131
0.11936179,0.1389997,0.131,68528.094,0.11936179,0.1389997,0.131
0.11702822,0.13794906,0.131,68683.211,0.11702822,0.13794906,0.131
0.11469465,0.13679338,0.131,68851.047,0.11469465,0.13679336,0.131
0.11236109,0.1355221,0.131,69043.82,0.11236109,0.1355221,0.131
0.11002752,0.13412371,0.131,69278.406,0.11002752,0.13412371,0.131
0.10769396,0.13258547,0.131,69565.812,0.10769396,0.13258548,0.131
0.10536039,0.13089341,0.131,69918.305,0.10536039,0.13089342,0.131
0.10302682,0.12904269,0.131,70361.711,0.10302682,0.12904269,0.131
0.10069326,0.12711386,0.131,70882.383,0.10069326,0.12711386,0.131
0.098359689,0.12518504,0.131,71393.727,0.098359689,0.12518504,0.131
0.096026123,0.12325621,0.131,71762.961,0.096026123,0.12325621,0.131
0.093692556,0.12132739,0.131,71544.625,0.093692556,0.12132739,0.131
0.091358989,0.11939856,0.131,70124.352,0.091358997,0.11939856,0.131
0.08902543,0.11746974,0.131,66069.922,0.08902543,0.11746974,0.131
0.086691871,0.11554092,0.131,59831.727,0.086691864,0.11554091,0.131
0.084358297,0.11361209,0.131,54413.605,0.084358297,0.11361209,0.131
0.082024731,0.11168326,0.131,51700.715,0.082024731,0.11168326,0.131
0.079691164,0.10975444,0.131,50789.203,0.079691164,0.10975444,0.131
0.077357598,0.10782561,0.131,50292.582,0.077357598,0.10782561,0.131
0.075024031,0.10589679,0.131,49957.18,0.075024031,0.10589679,0.131
0.072690465,0.10396796,0.131,49697.809,0.072690465,0.10396796,0.131
0.070356898,0.10203914,0.131,49509.066,0.070356898,0.10203914,0.131
0.068023331,0.10011031,0.131,49384.391,0.068023331,0.10011031,0.131
0.065689765,0.098181486,0.131,49305.27,0.065689765,0.098181486,0.131
0.063356198,0.096252665,0.131,49251.797,0.063356198,0.096252665,0.131
0.061022636,0.094323844,0.131,49210.977,0.061022636,0.094323836,0.131
0.058689069,0.092395008,0.131,49177.723,0.058689069,0.092395015,0.131
0.056355502,0.090466186,0.131,49151.207,0.056355502,0.090466186,0.131
0.054021936,0.088537365,0.131,49131.25,0.054021936,0.088537365,0.131
0.051688373,0.086608537,0.131,49116.871,0.051688373,0.086608537,0.131
0.049354807,0.084679708,0.131,49106.203,0.049354807,0.084679715,0.131
0.04702124,0.082750887,0.131,49097.0,0.04702124,0.082750887,0.131
0.044805598,0.080822065,0.131,49087.473,0.044805598,0.080822065,0.131
0.042844683,0.078893237,0.131,49078.508,0.042844683,0.078893237,0.131
0.041139543,0.076964408,0.131,49070.086,0.041139543,0.076964416,0.131
0.03965681,0.075035587,0.131,49062.141,0.03965681,0.075035587,0.131
0.03836748,0.073106766,0.131,49055.34,0.03836748,0.073106766,0.131
0.11702822,0.1389997,0.131,68516.477,0.11702822,0.1389997,0.131
0.11469465,0.13794906,0.131,68662.945,0.11469465,0.13794906,0.131
0.11236109,0.13679338,0.131,68832.398,0.11236109,0.13679336,0.131
0.11002752,0.1355221,0.131,69040.336,0.11002752,0.1355221,0.131
0.10769396,0.13412371,0.131,69296.883,0.10769396,0.13412371,0.131
0.10536039,0.13258547,0.131,69606.977,0.10536039,0.13258548,0.131
0.10302682,0.13089341,0.131,69987.695,0.10302682,0.13089342,0.131
0.10069326,0.12904269,0.131,70444.539,0.10069326,0.12904269,0.131
0.098359689,0.12711386,0.131,70904.094,0.098359689,0.12711386,0.131
0.096026123,0.12518504,0.131,71224.25,0.096026123,0.12518504,0.131
0.093692556,0.12325621,0.131,71027.156,0.093692556,0.12325621,0.131
0.091358989,0.12132739,0.131,69787.398,0.091358997,0.12132739,0.131
0.08902543,0.11939856,0.131,66327.047,0.08902543,0.11939856,0.131
0.086691871,0.11746974,0.131,60785.082,0.086691864,0.11746974,0.131
0.084358297,0.11554092,0.131,55398.512,0.084358297,0.11554091,0.131
0.082024731,0.11361209,0.131,52327.309,0.082024731,0.11361209,0.131
0.079691164,0.11168326,0.131,51139.137,0.079691164,0.11168326,0.131
0.077357598,0.10975444,0.131,50543.621,0.077357598,0.10975444,0.131
0.075024031,0.10782561,0.131,50141.508,0.075024031,0.10782561,0.131
0.072690465,0.10589679,0.131,49830.543,0.072690465,0.10589679,0.131
0.070356898,0.10396796,0.131,49596.664,0.070356898,0.10396796,0.131
0.068023331,0.10203914,0.131,49438.848,0.068023331,0.10203914,0.131
0.065689765,0.10011031,0.131,49339.438,0.065689765,0.10011031,0.131
0.063356198,0.098181486,0.131,49275.852,0.063356198,0.098181486,0.131
0.061022636,0.096252665,0.131,49230.055,0.061022636,0.096252665,0.131
0.058689069,0.094323844,0.131,49193.516,0.058689069,0.094323836,0.131
0.056355502,0.092395008,0.131,49163.652,0.056355502,0.092395015,0.131
0.054021936,0.090466186,0.131,49139.945,0.054021936,0.090466186,0.131
0.051688373,0.088537365,0.131,49121.891,0.051688373,0.088537365,0.131
0.049354807,0.086608537,0.131,49108.34,0.049354807,0.086608537,0.131
0.04702124,0.084679708,0.131,49097.527,0.04702124,0.084679715,0.131
0.044805598,0.082750887,0.131,49087.457,0.044805598,0.082750887,0.131
0.042844683,0.080822065,0.131,49078.551,0.042844683,0.080822065,0.131
0.041139543,0.078893237,0.131,49070.324,0.041139543,0.078893237,0.131
0.03965681,0.076964408,0.131,49062.297,0.03965681,0.076964416,0.131
0.03836748,0.075035587,0.131,49055.133,0.03836748,0.075035587,0.131
0.11469465,0.1389997,0.131,68491.328,0.11469465,0.1389997,0.131
0.11236109,0.13794906,0.131,68638.141,0.11236109,0.13794906,0.131
0.11002752,0.13679338,0.131,68820.18,0.11002752,0.13679336,0.131
0.10769396,0.1355221,0.131,69047.078,0.10769396,0.1355221,0.131
0.10536039,0.13412371,0.131,69320.336,0.10536039,0.13412371,0.131
0.10302682,0.13258547,0.131,69646.812,0.10302682,0.13258548,0.131
0.10069326,0.13089341,0.131,70030.32,0.10069326,0.13089342,0.131
0.098359689,0.12904269,0.131,70421.797,0.098359689,0.12904269,0.131
0.096026123,0.12711386,0.131,70693.086,0.096026123,0.12711386,0.131
0.093692556,0.12518504,0.131,70502.266,0.093692556,0.12518504,0.131
0.091358989,0.12325621,0.131,69413.047,0.091358997,0.12325621,0.131
0.08902543,0.12132739,0.131,66438.555,0.08902543,0.12132739,0.131
0.086691871,0.11939856,0.131,61549.914,0.086691864,0.11939856,0.131
0.084358297,0.11746974,0.131,56361.391,0.084358297,0.11746974,0.131
0.082024731,0.11554092,0.131,53021.059,0.082024731,0.11554091,0.131
0.079691164,0.11361209,0.131,51541.273,0.079691164,0.11361209,0.131
0.077357598,0.11168326,0.131,50834.258,0.077357598,0.11168326,0.131
0.075024031,0.10975444,0.131,50357.703,0.075024031,0.10975444,0.131
0.072690465,0.10782561,0.131,49991.004,0.072690465,0.10782561,0.131
0.070356898,0.10589679,0.131,49706.137,0.070356898,0.10589679,0.131
0.068023331,0.10396796,0.131,49508.027,0.068023331,0.10396796,0.131
0.065689765,0.10203914,0.131,49381.973,0.065689765,0.10203914,0.131
0.063356198,0.10011031,0.131,49304.043,0.063356198,0.10011031,0.131
0.061022636,0.098181486,0.131,49251.387,0.061022636,0.098181486,0.131
0.058689069,0.096252665,0.131,49211.121,0.058689069,0.096252665,0.131
0.056355502,0.094323844,0.131,49178.215,0.056355502,0.094323836,0.131
0.054021936,0.092395008,0.131,49151.105,0.054021936,0.092395015,0.131
0.051688373,0.090466186,0.131,49129.27,0.051688373,0.090466186,0.131
0.049354807,0.088537365,0.131,49112.305,0.049354807,0.088537365,0.131
0.04702124,0.086608537,0.131,49099.086,0.04702124,0.086608537,0.131
0.044805598,0.084679708,0.131,49087.883,0.044805598,0.084679715,0.131
0.042844683,0.082750887,0.131,49078.727,0.042844683,0.082750887,0.131
0.041139543,0.080822065,0.131,49070.668,0.041139543,0.080822065,0.131
0.03965681,0.078893237,0.131,49062.727,0.03965681,0.078893237,0.131
0.03836748,0.076964408,0.131,49055.305,0.03836748,0.076964416,0.131
0.11236109,0.1389997,0.131,68460.516,0.11236109,0.1389997,0.131
0.11002752,0.13794906,0.131,68617.273,0.11002752,0.13794906,0.131
0.10769396,0.13679338,0.131,68815.289,0.10769396,0.13679336,0.131
0.10536039,0.1355221,0.131,69054.828,0.10536039,0.1355221,0.131
0.10302682,0.13412371,0.131,69335.398,0.10302682,0.13412371,0.131
0.10069326,0.13258547,0.131,69653.906,0.10069326,0.13258548,0.131
0.098359689,0.13089341,0.131,69965.766,0.098359689,0.13089342,0.131
0.096026123,0.12904269,0.131,70166.258,0.096026123,0.12904269,0.131
0.093692556,0.12711386,0.131,69975.578,0.093692556,0.12711386,0.131
0.091358989,0.12518504,0.131,68996.57,0.091358997,0.12518504,0.131
0.08902543,0.12325621,0.131,66434.719,0.08902543,0.12325621,0.131
0.086691871,0.12132739,0.131,62123.242,0.086691864,0.12132739,0.131
0.084358297,0.11939856,0.131,57261.848,0.084358297,0.11939856,0.131
0.082024731,0.11746974,0.131,53750.258,0.082024731,0.11746974,0.131
0.079691164,0.11554092,0.131,51999.48,0.079691164,0.11554091,0.131
0.077357598,0.11361209,0.131,51164.859,0.077357598,0.11361209,0.131
0.075024031,0.11168326,0.131,50607.16,0.075024031,0.11168326,0.131
0.072690465,0.10975444,0.131,50181.035,0.072690465,0.10975444,0.131
0.070356898,0.10782561,0.131,49840.527,0.070356898,0.10782561,0.131
0.068023331,0.10589679,0.131,49595.387,0.068023331,0.10589679,0.131
0.065689765,0.10396796,0.131,49435.652,0.065689765,0.10396796,0.131
0.063356198,0.10203914,0.131,49338.066,0.063356198,0.10203914,0.131
0.061022636,0.10011031,0.131,49275.602,0.061022636,0.10011031,0.131
0.058689069,0.098181486,0.131,49230.52,0.058689069,0.098181486,0.131
0.056355502,0.096252665,0.131,49194.52,0.056355502,0.096252665,0.131
0.054021936,0.094323844,0.131,49164.426,0.054021936,0.094323836,0.131
0.051688373,0.092395008,0.131,49139.078,0.051688373,0.092395015,0.131
0.049354807,0.090466186,0.131,49118.398,0.049354807,0.090466186,0.131
0.04702124,0.088537365,0.131,49102.141,0.04702124,0.088537365,0.131
0.044805598,0.086608537,0.131,49089.07,0.044805598,0.086608537,0.131
0.042844683,0.084679708,0.131,49079.203,0.042844683,0.084679715,0.131
0.041139543,0.082750887,0.131,49071.121,0.041139543,0.082750887,0.131
0.03965681,0.080822065,0.131,49063.352,0.03965681,0.080822065,0.131
0.03836748,0.078893237,0.131,49055.859,0.03836748,0.078893237,0.131
0.11002752,0.1389997,0.131,68431.102,0.11002752,0.1389997,0.131
0.10769396,0.13794906,0.131,68600.82,0.10769396,0.13794906,0.131
0.10536039,0.13679338,0.131,68808.383,0.10536039,0.13679336,0.131
0.10302682,0.1355221,0.131,69049.0,0.10302682,0.1355221,0.131
0.10069326,0.13412371,0.131,69311.203,0.10069326,0.13412371,0.131
0.098359689,0.13258547,0.131,69553.641,0.098359689,0.13258548,0.131
0.096026123,0.13089341,0.131,69664.242,0.096026123,0.13089342,0.131
0.093692556,0.12904269,0.131,69450.438,0.093692556,0.12904269,0.131
0.091358989,0.12711386,0.131,68552.789,0.091358997,0.12711386,0.131
0.08902543,0.12518504,0.131,66333.57,0.08902543,0.12518504,0.131
0.086691871,0.12325621,0.131,62528.418,0.086691864,0.12325621,0.131
0.084358297,0.12132739,0.131,58063.332,0.084358297,0.12132739,0.131
0.082024731,0.11939856,0.131,54494.695,0.082024731,0.11939856,0.131
0.079691164,0.11746974,0.131,52516.129,0.079691164,0.11746974,0.131
0.077357598,0.11554092,0.131,51533.996,0.077357598,0.11554091,0.131
0.075024031,0.11361209,0.131,50890.914,0.075024031,0.11361209,0.131
0.072690465,0.11168326,0.131,50401.867,0.072690465,0.11168326,0.131
0.070356898,0.10975444,0.131,50002.191,0.070356898,0.10975444,0.131
0.068023331,0.10782561,0.131,49704.125,0.068023331,0.10782561,0.131
0.065689765,0.10589679,0.131,49503.641,0.065689765,0.10589679,0.131
0.063356198,0.10396796,0.131,49380.09,0.063356198,0.10396796,0.131
0.061022636,0.10203914,0.131,49303.902,0.061022636,0.10203914,0.131
0.058689069,0.10011031,0.131,49252.008,0.058689069,0.10011031,0.131
0.056355502,0.098181486,0.131,49212.375,0.056355502,0.098181486,0.131
0.054021936,0.096252665,0.131,49179.5,0.054021936,0.096252665,0.131
0.051688373,0.094323844,0.131,49151.105,0.051688373,0.094323836,0.131
0.049354807,0.092395008,0.131,49126.797,0.049354807,0.092395015,0.131
0.04702124,0.090466186,0.131,49107.02,0.04702124,0.090466186,0.131
0.044805598,0.088537365,0.131,49091.387,0.044805598,0.088537365,0.131
0.042844683,0.086608537,0.131,49080.176,0.042844683,0.086608537,0.131
0.041139543,0.084679708,0.131,49071.734,0.041139543,0.084679715,0.131
0.03965681,0.082750887,0.131,49064.078,0.03965681,0.082750887,0.131
0.03836748,0.080822065,0.131,49056.68,0.03836748,0.080822065,0.131
0.10769396,0.1389997,0.131,68403.234,0.10769396,0.1389997,0.131
0.10536039,0.13794906,0.131,68579.758,0.10536039,0.13794906,0.131
0.10302682,0.13679338,0.131,68784.086,0.10302682,0.13679336,0.131
0.10069326,0.1355221,0.131,68997.289,0.10069326,0.1355221,0.131
0.098359689,0.13412371,0.131,69178.188,0.098359689,0.13412371,0.131
0.096026123,0.13258547,0.131,69208.156,0.096026123,0.13258548,0.131
0.093692556,0.13089341,0.131,68947.195,0.093692556,0.13089342,0.131
0.091358989,0.12904269,0.131,68098.5,0.091358997,0.12904269,0.131
0.08902543,0.12711386,0.131,66149.25,0.08902543,0.12711386,0.131
0.086691871,0.12518504,0.131,62815.473,0.086691864,0.12518504,0.131
0.084358297,0.12325621,0.131,58756.066,0.084358297,0.12325621,0.131
0.082024731,0.12132739,0.131,55232.297,0.082024731,0.12132739,0.131
0.079691164,0.11939856,0.131,53075.793,0.079691164,0.11939856,0.131
0.077357598,0.11746974,0.131,51939.355,0.077357598,0.11746974,0.131
0.075024031,0.11554092,0.131,51210.227,0.075024031,0.11554091,0.131
0.072690465,0.11361209,0.131,50653.859,0.072690465,0.11361209,0.131
0.070356898,0.11168326,0.131,50192.797,0.070356898,0.11168326,0.131
0.068023331,0.10975444,0.131,49837.004,0.068023331,0.10975444,0.131
0.065689765,0.10782561,0.131,49589.113,0.065689765,0.10782561,0.131
0.063356198,0.10589679,0.131,49432.805,0.063356198,0.10589679,0.131
0.061022636,0.10396796,0.131,49337.887,0.061022636,0.10396796,0.131
0.058689069,0.10203914,0.131,49276.422,0.058689069,0.10203914,0.131
0.056355502,0.10011031,0.131,49231.824,0.056355502,0.10011031,0.131
0.054021936,0.098181486,0.131,49196.023,0.054021936,0.098181486,0.131
0.051688373,0.096252665,0.131,49164.965,0.051688373,0.096252665,0.131
0.049354807,0.094323844,0.131,49137.414,0.049354807,0.094323836,0.131
0.04702124,0.092395008,0.131,49113.988,0.04702124,0.092395015,0.131
0.044805598,0.090466186,0.131,49095.18,0.044805598,0.090466186,0.131
0.042844683,0.088537365,0.131,49081.949,0.042844683,0.088537365,0.131
0.041139543,0.086608537,0.131,49072.605,0.041139543,0.086608537,0.131
0.03965681,0.084679708,0.131,49064.855,0.03965681,0.084679715,0.131
0.03836748,0.082750887,0.131,49057.605,0.03836748,0.082750887,0.131
0.10536039,0.1389997,0.131,68368.328,0.10536039,0.1389997,0.131
0.10302682,0.13794906,0.131,68538.102,0.10302682,0.13794906,0.131
0.10069326,0.13679338,0.131,68708.508,0.10069326,0.13679336,0.131
0.098359689,0.1355221,0.131,68829.789,0.098359689,0.1355221,0.131
0.096026123,0.13412371,0.131,68794.305,0.096026123,0.13412371,0.131
0.093692556,0.13258547,0.131,68487.734,0.093692556,0.13258548,0.131
0.091358989,0.13089341,0.131,67655.414,0.091358997,0.13089342,0.131
0.08902543,0.12904269,0.131,65909.438,0.08902543,0.12904269,0.131
0.086691871,0.12711386,0.131,62993.863,0.086691864,0.12711386,0.131
0.084358297,0.12518504,0.131,59338.359,0.084358297,0.12518504,0.131
0.082024731,0.12325621,0.131,55939.52,0.082024731,0.12325621,0.131
0.079691164,0.12132739,0.131,53662.191,0.079691164,0.12132739,0.131
0.077357598,0.11939856,0.131,52378.07,0.077357598,0.11939856,0.131
0.075024031,0.11746974,0.131,51560.785,0.075024031,0.11746974,0.131
0.072690465,0.11554092,0.131,50936.707,0.072690465,0.11554091,0.131
0.070356898,0.11361209,0.131,50413.262,0.070356898,0.11361209,0.131
0.068023331,0.11168326,0.131,49996.18,0.068023331,0.11168326,0.131
0.065689765,0.10975444,0.131,49694.98,0.065689765,0.10975444,0.131
0.063356198,0.10782561,0.131,49499.066,0.063356198,0.10782561,0.131
0.061022636,0.10589679,0.131,49379.598,0.061022636,0.10589679,0.131
0.058689069,0.10396796,0.131,49304.934,0.058689069,0.10396796,0.131
0.056355502,0.10203914,0.131,49253.414,0.056355502,0.10203914,0.131
0.054021936,0.10011031,0.131,49213.852,0.054021936,0.10011031,0.131
0.051688373,0.098181486,0.131,49180.289,0.051688373,0.098181486,0.131
0.049354807,0.096252665,0.131,49149.969,0.049354807,0.096252665,0.131
0.04702124,0.094323844,0.131,49123.102,0.04702124,0.094323836,0.131
0.044805598,0.092395008,0.131,49100.801,0.044805598,0.092395015,0.131
0.042844683,0.090466186,0.131,49084.863,0.042844683,0.090466186,0.131
0.041139543,0.088537365,0.131,49074.0,0.041139543,0.088537365,0.131
0.03965681,0.086608537,0.131,49065.734,0.03965681,0.086608537,0.131
0.03836748,0.084679708,0.131,49058.543,0.03836748,0.084679715,0.131
0.10302682,0.1389997,0.131,68309.938,0.10302682,0.1389997,0.131
0.10069326,0.13794906,0.131,68441.648,0.10069326,0.13794906,0.131
0.098359689,0.13679338,0.131,68508.5,0.098359689,0.13679336,0.131
0.096026123,0.1355221,0.131,68420.328,0.096026123,0.1355221,0.131
0.093692556,0.13412371,0.131,68071.727,0.093692556,0.13412371,0.131
0.091358989,0.13258547,0.131,67244.188,0.091358997,0.13258548,0.131
0.08902543,0.13089341,0.131,65646.344,0.08902543,0.13089342,0.131
0.086691871,0.12904269,0.131,63075.711,0.086691864,0.12904269,0.131
0.084358297,0.12711386,0.131,59811.738,0.084358297,0.12711386,0.131
0.082024731,0.12518504,0.131,56599.27,0.082024731,0.12518504,0.131
0.079691164,0.12325621,0.131,54261.012,0.079691164,0.12325621,0.131
0.077357598,0.12132739,0.131,52847.375,0.077357598,0.12132739,0.131
0.075024031,0.11939856,0.131,51940.449,0.075024031,0.11939856,0.131
0.072690465,0.11746974,0.131,51249.434,0.072690465,0.11746974,0.131
0.070356898,0.11554092,0.131,50663.898,0.070356898,0.11554091,0.131
0.068023331,0.11361209,0.131,50183.078,0.068023331,0.11361209,0.131
0.065689765,0.11168326,0.131,49823.844,0.065689765,0.11168326,0.131
0.063356198,0.10975444,0.131,49581.699,0.063356198,0.10975444,0.131
0.061022636,0.10782561,0.131,49431.344,0.061022636,0.10782561,0.131
0.058689069,0.10589679,0.131,49339.07,0.058689069,0.10589679,0.131
0.056355502,0.10396796,0.131,49278.016,0.056355502,0.10396796,0.131
0.054021936,0.10203914,0.131,49233.273,0.054021936,0.10203914,0.131
0.051688373,0.10011031,0.131,49196.789,0.051688373,0.10011031,0.131
0.049354807,0.098181486,0.131,49164.117,0.049354807,0.098181486,0.131
0.04702124,0.096252665,0.131,49134.234,0.04702124,0.096252665,0.131
0.044805598,0.094323844,0.131,49108.457,0.044805598,0.094323836,0.131
0.042844683,0.092395008,0.131,49089.363,0.042844683,0.092395015,0.131
0.041139543,0.090466186,0.131,49076.27,0.041139543,0.090466186,0.131
0.03965681,0.088537365,0.131,49066.93,0.03965681,0.088537365,0.131
0.03836748,0.086608537,0.131,49059.496,0.03836748,0.086608537,0.131
0.10069326,0.1389997,0.131,68194.109,0.10069326,0.1389997,0.131
0.098359689,0.13794906,0.131,68212.609,0.098359689,0.13794906,0.131
0.096026123,0.13679338,0.131,68080.656,0.096026123,0.13679336,0.131
0.093692556,0.1355221,0.131,67694.938,0.093692556,0.1355221,0.131
0.091358989,0.13412371,0.131,66868.305,0.091358997,0.13412371,0.131
0.08902543,0.13258547,0.131,65381.934,0.08902543,0.13258548,0.131
0.086691871,0.13089341,0.131,63087.793,0.086691864,0.13089342,0.131
0.084358297,0.12904269,0.131,60183.324,0.084358297,0.12904269,0.131
0.082024731,0.12711386,0.131,57201.273,0.082024731,0.12711386,0.131
0.079691164,0.12518504,0.131,54859.383,0.079691164,0.12518504,0.131
0.077357598,0.12325621,0.131,53341.25,0.077357598,0.12325621,0.131
0.075024031,0.12132739,0.131,52345.816,0.075024031,0.12132739,0.131
0.072690465,0.11939856,0.131,51589.527,0.072690465,0.11939856,0.131
0.070356898,0.11746974,0.131,50944.078,0.070356898,0.11746974,0.131
0.068023331,0.11554092,0.131,50398.645,0.068023331,0.11554091,0.131
0.065689765,0.11361209,0.131,49977.613,0.065689765,0.11361209,0.131
0.063356198,0.11168326,0.131,49683.402,0.063356198,0.11168326,0.131
0.061022636,0.10975444,0.131,49495.621,0.061022636,0.10975444,0.131
0.058689069,0.10782561,0.131,49380.602,0.058689069,0.10782561,0.131
0.056355502,0.10589679,0.131,49306.816,0.056355502,0.10589679,0.131
0.054021936,0.10396796,0.131,49254.926,0.054021936,0.10396796,0.131
0.051688373,0.10203914,0.131,49214.551,0.051688373,0.10203914,0.131
0.049354807,0.10011031,0.131,49179.488,0.049354807,0.10011031,0.131
0.04702124,0.098181486,0.131,49147.137,0.04702124,0.098181486,0.131
0.044805598,0.096252665,0.131,49118.18,0.044805598,0.096252665,0.131
0.042844683,0.094323844,0.131,49095.793,0.042844683,0.094323836,0.131
0.041139543,0.092395008,0.131,49079.902,0.041139543,0.092395015,0.131
0.03965681,0.090466186,0.131,49068.793,0.03965681,0.090466186,0.131
0.03836748,0.088537365,0.131,49060.652,0.03836748,0.088537365,0.131
0.098359689,0.1389997,0.131,67939.617,0.098359689,0.1389997,0.131
0.096026123,0.13794906,0.131,67770.516,0.096026123,0.13794906,0.131
0.093692556,0.13679338,0.131,67353.195,0.093692556,0.13679336,0.131
0.091358989,0.1355221,0.131,66527.75,0.091358997,0.1355221,0.131
0.08902543,0.13412371,0.131,65127.539,0.08902543,0.13412371,0.131
0.086691871,0.13258547,0.131,63055.309,0.086691864,0.13258548,0.131
0.084358297,0.13089341,0.131,60456.664,0.084358297,0.13089342,0.131
0.082024731,0.12904269,0.131,57739.973,0.082024731,0.12904269,0.131
0.079691164,0.12711386,0.131,55444.578,0.079691164,0.12711386,0.131
0.077357598,0.12518504,0.131,53851.543,0.077357598,0.12518504,0.131
0.075024031,0.12325621,0.131,52773.477,0.075024031,0.12325621,0.131
0.072690465,0.12132739,0.131,51954.227,0.072690465,0.12132739,0.131
0.070356898,0.11939856,0.131,51252.086,0.070356898,0.11939856,0.131
0.068023331,0.11746974,0.131,50643.184,0.068023331,0.11746974,0.131
0.065689765,0.11554092,0.131,50157.836,0.065689765,0.11554091,0.131
0.063356198,0.11361209,0.131,49806.559,0.063356198,0.11361209,0.131
0.061022636,0.11168326,0.131,49575.039,0.061022636,0.11168326,0.131
0.058689069,0.10975444,0.131,49431.48,0.058689069,0.10975444,0.131
0.056355502,0.10782561,0.131,49341.211,0.056355502,0.10782561,0.131
0.054021936,0.10589679,0.131,49279.824,0.054021936,0.10589679,0.131
0.051688373,0.10396796,0.131,49233.992,0.051688373,0.10396796,0.131
0.049354807,0.10203914,0.131,49196.016,0.049354807,0.10203914,0.131
0.04702124,0.10011031,0.131,49161.465,0.04702124,0.10011031,0.131
0.044805598,0.098181486,0.131,49129.871,0.044805598,0.098181486,0.131
0.042844683,0.096252665,0.131,49104.324,0.042844683,0.096252665,0.131
0.041139543,0.094323844,0.131,49085.344,0.041139543,0.094323836,0.131
0.03965681,0.092395008,0.131,49071.812,0.03965681,0.092395015,0.131
0.03836748,0.090466186,0.131,49062.309,0.03836748,0.090466186,0.131
0.096026123,0.1389997,0.131,67487.023,0.096026123,0.1389997,0.131
0.093692556,0.13794906,0.131,67043.359,0.093692556,0.13794906,0.131
0.091358989,0.13679338,0.131,66220.562,0.091358997,0.13679336,0.131
0.08902543,0.1355221,0.131,64891.426,0.08902543,0.1355221,0.131
0.086691871,0.13412371,0.131,62996.668,0.086691864,0.13412371,0.131
0.084358297,0.13258547,0.131,60654.734,0.084358297,0.13258548,0.131
0.082024731,0.13089341,0.131,58196.969,0.082024731,0.13089342,0.131
0.079691164,0.12904269,0.131,56006.566,0.079691164,0.12904269,0.131
0.077357598,0.12711386,0.131,54370.516,0.077357598,0.12711386,0.131
0.075024031,0.12518504,0.131,53219.625,0.075024031,0.12518504,0.131
0.072690465,0.12325621,0.131,52339.629,0.072690465,0.12325621,0.131
0.070356898,0.12132739,0.131,51585.219,0.070356898,0.12132739,0.131
0.068023331,0.11939856,0.131,50916.125,0.068023331,0.11939856,0.131
0.065689765,0.11746974,0.131,50365.512,0.065689765,0.11746974,0.131
0.063356198,0.11554092,0.131,49953.27,0.063356198,0.11554091,0.131
0.061022636,0.11361209,0.131,49672.113,0.061022636,0.11361209,0.131
0.058689069,0.11168326,0.131,49493.891,0.058689069,0.11168326,0.131
0.056355502,0.10975444,0.131,49382.695,0.056355502,0.10975444,0.131
0.054021936,0.10782561,0.131,49309.113,0.054021936,0.10782561,0.131
0.051688373,0.10589679,0.131,49255.969,0.051688373,0.10589679,0.131
0.049354807,0.10396796,0.131,49213.902,0.049354807,0.10396796,0.131
0.04702124,0.10203914,0.131,49177.039,0.04702124,0.10203914,0.131
0.044805598,0.10011031,0.131,49143.238,0.044805598,0.10011031,0.131
0.042844683,0.098181486,0.131,49114.98,0.042844683,0.098181486,0.131
0.041139543,0.096252665,0.131,49092.887,0.041139543,0.096252665,0.131
0.03965681,0.094323844,0.131,49076.473,0.03965681,0.094323836,0.131
0.03836748,0.092395008,0.131,49064.938,0.03836748,0.092395015,0.131
0.093692556,0.1389997,0.131,66762.672,0.093692556,0.1389997,0.131
0.091358989,0.13794906,0.131,65944.586,0.091358997,0.13794906,0.131
0.08902543,0.13679338,0.131,64676.406,0.08902543,0.13679336,0.131
0.086691871,0.1355221,0.131,62925.945,0.086691864,0.1355221,0.131
0.084358297,0.13412371,0.131,60798.352,0.084358297,0.13412371,0.131
0.082024731,0.13258547,0.131,58564.109,0.082024731,0.13258548,0.131
0.079691164,0.13089341,0.131,56517.262,0.079691164,0.13089342,0.131
0.077357598,0.12904269,0.131,54890.473,0.077357598,0.12904269,0.131
0.075024031,0.12711386,0.131,53679.715,0.075024031,0.12711386,0.131
0.072690465,0.12518504,0.131,52742.422,0.072690465,0.12518504,0.131
0.070356898,0.12325621,0.131,51940.004,0.070356898,0.12325621,0.131
0.068023331,0.12132739,0.131,51215.918,0.068023331,0.12132739,0.131
0.065689765,0.11939856,0.131,50601.043,0.065689765,0.11939856,0.131
0.063356198,0.11746974,0.131,50125.141,0.063356198,0.11746974,0.131
0.061022636,0.11554092,0.131,49789.328,0.061022636,0.11554091,0.131
0.058689069,0.11361209,0.131,49570.242,0.058689069,0.11361209,0.131
0.056355502,0.11168326,0.131,49432.988,0.056355502,0.11168326,0.131
0.054021936,0.10975444,0.131,49344.0,0.054021936,0.10975444,0.131
0.051688373,0.10782561,0.131,49281.547,0.051688369,0.10782561,0.131
0.049354807,0.10589679,0.131,49233.82,0.049354807,0.10589679,0.131
0.04702124,0.10396796,0.131,49193.883,0.04702124,0.10396796,0.131
0.044805598,0.10203914,0.131,49158.082,0.044805598,0.10203914,0.131
0.042844683,0.10011031,0.131,49127.555,0.042844683,0.10011031,0.131
0.041139543,0.098181486,0.131,49102.691,0.041139543,0.098181486,0.131
0.03965681,0.096252665,0.131,49083.207,0.03965681,0.096252665,0.131
0.03836748,0.094323844,0.131,49069.051,0.03836748,0.094323836,0.131
0.091358989,0.1389997,0.131,65697.328,0.091358997,0.1389997,0.131
0.08902543,0.13794906,0.131,64482.945,0.08902543,0.13794906,0.131
0.086691871,0.13679338,0.131,62852.469,0.086691864,0.13679336,0.131
0.084358297,0.1355221,0.131,60903.121,0.084358297,0.1355221,0.131
0.082024731,0.13412371,0.131,58859.852,0.082024731,0.13412371,0.131
0.079691164,0.13258547,0.131,56955.695,0.079691164,0.13258548,0.131
0.077357598,0.13089341,0.131,55383.859,0.077357598,0.13089342,0.131
0.075024031,0.12904269,0.131,54149.223,0.075024031,0.12904269,0.131
0.072690465,0.12711386,0.131,53159.379,0.072690465,0.12711386,0.131
0.070356898,0.12518504,0.131,52312.555,0.070356898,0.12518504,0.131
0.068023331,0.12325621,0.131,51539.844,0.068023331,0.12325621,0.131
0.065689765,0.12132739,0.131,50864.133,0.065689765,0.12132739,0.131
0.063356198,0.11939856,0.131,50323.262,0.063356198,0.11939856,0.131
0.061022636,0.11746974,0.131,49928.848,0.061022636,0.11746974,0.131
0.058689069,0.11554092,0.131,49663.129,0.058689069,0.11554091,0.131
0.056355502,0.11361209,0.131,49494.027,0.056355502,0.11361209,0.131
0.054021936,0.11168326,0.131,49385.832,0.054021936,0.11168326,0.131
0.051688373,0.10975444,0.131,49311.766,0.051688369,0.10975444,0.131
0.049354807,0.10782561,0.131,49256.727,0.049354807,0.10782561,0.131
0.04702124,0.10589679,0.131,49212.477,0.04702124,0.10589679,0.131
0.044805598,0.10396796,0.131,49174.309,0.044805598,0.10396796,0.131
0.042844683,0.10203914,0.131,49141.871,0.042844683,0.10203914,0.131
0.041139543,0.10011031,0.131,49114.625,0.041139543,0.10011031,0.131
0.03965681,0.098181486,0.131,49092.301,0.03965681,0.098181486,0.131
0.03836748,0.096252665,0.131,49075.227,0.03836748,0.096252665,0.131
0.08902543,0.1389997,0.131,64310.246,0.08902543,0.1389997,0.131
0.086691871,0.13794906,0.131,62781.922,0.086691864,0.13794906,0.131
0.084358297,0.13679338,0.131,60981.457,0.084358297,0.13679336,0.131
0.082024731,0.1355221,0.131,59101.539,0.082024731,0.1355221,0.131
0.079691164,0.13412371,0.131,57329.816,0.079691164,0.13412371,0.131
0.077357598,0.13258547,0.131,55825.172,0.077357598,0.13258548,0.131
0.075024031,0.13089341,0.131,54604.191,0.075024031,0.13089342,0.131
0.072690465,0.12904269,0.131,53587.367,0.072690465,0.12904269,0.131
0.070356898,0.12711386,0.131,52699.195,0.070356898,0.12711386,0.131
0.068023331,0.12518504,0.131,51884.234,0.068023331,0.12518504,0.131
0.065689765,0.12325621,0.131,51153.363,0.065689765,0.12325621,0.131
0.063356198,0.12132739,0.131,50548.293,0.063356198,0.12132739,0.131
0.061022636,0.11939856,0.131,50092.301,0.061022636,0.11939856,0.131
0.058689069,0.11746974,0.131,49775.109,0.058689069,0.11746974,0.131
0.056355502,0.11554092,0.131,49568.102,0.056355502,0.11554091,0.131
0.054021936,0.11361209,0.131,49435.98,0.054021936,0.11361209,0.131
0.051688373,0.11168326,0.131,49347.758,0.051688369,0.11168326,0.131
0.049354807,0.10975444,0.131,49283.613,0.049354807,0.10975444,0.131
0.04702124,0.10782561,0.131,49233.59,0.04702124,0.10782561,0.131
0.044805598,0.10589679,0.131,49192.203,0.044805598,0.10589679,0.131
0.042844683,0.10396796,0.131,49157.75,0.042844683,0.10396796,0.131
0.041139543,0.10203914,0.131,49128.566,0.041139543,0.10203914,0.131
0.03965681,0.10011031,0.131,49103.773,0.03965681,0.10011031,0.131
0.03836748,0.098181486,0.131,49083.863,0.03836748,0.098181486,0.131
0.086691871,0.1389997,0.131,62717.52,0.086691864,0.1389997,0.131
0.084358297,0.13794906,0.131,61042.355,0.084358297,0.13794906,0.131
0.082024731,0.13679338,0.131,59302.086,0.082024731,0.13679336,0.131
0.079691164,0.1355221,0.131,57649.973,0.079691164,0.1355221,0.131
0.077357598,0.13412371,0.131,56215.18,0.077357598,0.13412371,0.131
0.075024031,0.13258547,0.131,55020.059,0.075024031,0.13258548,0.131
0.072690465,0.13089341,0.131,54005.512,0.072690465,0.13089342,0.131
0.070356898,0.12904269,0.131,53096.547,0.070356898,0.12904269,0.131
0.068023331,0.12711386,0.131,52244.918,0.068023331,0.12711386,0.131
0.065689765,0.12518504,0.131,51466.09,0.065689765,0.12518504,0.131
0.063356198,0.12325621,0.131,50800.012,0.063356198,0.12325621,0.131
0.061022636,0.12132739,0.131,50280.949,0.061022636,0.12132739,0.131
0.058689069,0.11939856,0.131,49908.359,0.058689069,0.11939856,0.131
0.056355502,0.11746974,0.131,49657.766,0.056355502,0.11746974,0.131
0.054021936,0.11554092,0.131,49496.258,0.054021936,0.11554091,0.131
0.051688373,0.11361209,0.131,49390.477,0.051688369,0.11361209,0.131
0.049354807,0.11168326,0.131,49315.535,0.049354807,0.11168326,0.131
0.04702124,0.10975444,0.131,49258.16,0.04702124,0.10975444,0.131
0.044805598,0.10782561,0.131,49212.312,0.044805598,0.10782561,0.131
0.042844683,0.10589679,0.131,49175.324,0.042844683,0.10589679,0.131
0.041139543,0.10396796,0.131,49144.293,0.041139543,0.10396796,0.131
0.03965681,0.10203914,0.131,49117.512,0.03965681,0.10203914,0.131
0.03836748,0.10011031,0.131,49095.051,0.03836748,0.10011031,0.131
0.084358297,0.1389997,0.131,61092.152,0.084358297,0.1389997,0.131
0.082024731,0.13794906,0.131,59471.387,0.082024731,0.13794906,0.131
0.079691164,0.13679338,0.131,57925.285,0.079691164,0.13679336,0.131
0.077357598,0.1355221,0.131,56558.848,0.077357598,0.1355221,0.131
0.075024031,0.13412371,0.131,55395.203,0.075024031,0.13412371,0.131
0.072690465,0.13258547,0.131,54391.527,0.072690465,0.13258548,0.131
0.070356898,0.13089341,0.131,53485.262,0.070356898,0.13089342,0.131
0.068023331,0.12904269,0.131,52617.703,0.068023331,0.12904269,0.131
0.065689765,0.12711386,0.131,51798.613,0.065689765,0.12711386,0.131
0.063356198,0.12518504,0.131,51077.195,0.063356198,0.12518504,0.131
0.061022636,0.12325621,0.131,50495.398,0.061022636,0.12325621,0.131
0.058689069,0.12132739,0.131,50064.566,0.058689069,0.12132739,0.131
0.056355502,0.11939856,0.131,49765.605,0.056355502,0.11939856,0.131
0.054021936,0.11746974,0.131,49568.902,0.054021936,0.11746974,0.131
0.051688373,0.11554092,0.131,49441.125,0.051688369,0.11554091,0.131
0.049354807,0.11361209,0.131,49353.25,0.049354807,0.11361209,0.131
0.04702124,0.11168326,0.131,49287.191,0.04702124,0.11168326,0.131
0.044805598,0.10975444,0.131,49235.426,0.044805598,0.10975444,0.131
0.042844683,0.10782561,0.131,49194.973,0.042844683,0.10782561,0.131
0.041139543,0.10589679,0.131,49161.793,0.041139543,0.10589679,0.131
0.03965681,0.10396796,0.131,49133.246,0.03965681,0.10396796,0.131
0.03836748,0.10203914,0.131,49108.719,0.03836748,0.10203914,0.131
0.082024731,0.1389997,0.131,59616.328,0.082024731,0.1389997,0.131
0.079691164,0.13794906,0.131,58163.562,0.079691164,0.13794906,0.131
0.077357598,0.13679338,0.131,56861.352,0.077357598,0.13679336,0.131
0.075024031,0.1355221,0.131,55731.801,0.075024031,0.1355221,0.131
0.072690465,0.13412371,0.131,54743.305,0.072690465,0.13412371,0.131
0.070356898,0.13258547,0.131,53844.941,0.070356898,0.13258548,0.131
0.068023331,0.13089341,0.131,52983.5,0.068023331,0.13089342,0.131
0.065689765,0.12904269,0.131,52146.539,0.065689765,0.12904269,0.131
0.063356198,0.12711386,0.131,51377.379,0.063356198,0.12711386,0.131
0.061022636,0.12518504,0.131,50735.609,0.061022636,0.12518504,0.131
0.058689069,0.12325621,0.131,50244.848,0.058689069,0.12325621,0.131
0.056355502,0.12132739,0.131,49893.918,0.056355502,0.12132739,0.131
0.054021936,0.11939856,0.131,49656.414,0.054021936,0.11939856,0.131
0.051688373,0.11746974,0.131,49501.297,0.051688369,0.11746974,0.131
0.049354807,0.11554092,0.131,49397.523,0.049354807,0.11554091,0.131
0.04702124,0.11361209,0.131,49321.41,0.04702124,0.11361209,0.131
0.044805598,0.11168326,0.131,49262.473,0.044805598,0.11168326,0.131
0.042844683,0.10975444,0.131,49217.309,0.042844683,0.10975444,0.131
0.041139543,0.10782561,0.131,49181.297,0.041139543,0.10782561,0.131
0.03965681,0.10589679,0.131,49150.84,0.03965681,0.10589679,0.131
0.03836748,0.10396796,0.131,49124.555,0.03836748,0.10396796,0.131
0.079691164,0.1389997,0.131,58370.832,0.079691164,0.1389997,0.131
0.077357598,0.13794906,0.131,57127.875,0.077357598,0.13794906,0.131
0.075024031,0.13679338,0.131,56032.594,0.075024031,0.13679336,0.131
0.072690465,0.1355221,0.131,55062.031,0.072690465,0.1355221,0.131
0.070356898,0.13412371,0.131,54173.758,0.070356898,0.13412371,0.131
0.068023331,0.13258547,0.131,53322.5,0.068023331,0.13258548,0.131
0.065689765,0.13089341,0.131,52490.879,0.065689765,0.13089342,0.131
0.063356198,0.12904269,0.131,51696.848,0.063356198,0.12904269,0.131
0.061022636,0.12711386,0.131,51000.5,0.061022636,0.12711386,0.131
0.058689069,0.12518504,0.131,50449.812,0.058689069,0.12518504,0.131
0.056355502,0.12325621,0.131,50044.312,0.056355502,0.12325621,0.131
0.054021936,0.12132739,0.131,49761.43,0.054021936,0.12132739,0.131
0.051688373,0.11939856,0.131,49573.098,0.051688369,0.11939856,0.131
0.049354807,0.11746974,0.131,49449.234,0.049354807,0.11746974,0.131
0.04702124,0.11554092,0.131,49361.434,0.04702124,0.11554091,0.131
0.044805598,0.11361209,0.131,49294.203,0.044805598,0.11361209,0.131
0.042844683,0.11168326,0.131,49243.137,0.042844683,0.11168326,0.131
0.041139543,0.10975444,0.131,49203.258,0.041139543,0.10975444,0.131
0.03965681,0.10782561,0.131,49170.375,0.03965681,0.10782561,0.131
0.03836748,0.10589679,0.131,49142.332,0.03836748,0.10589679,0.131
0.077357598,0.1389997,0.131,57362.824,0.077357598,0.1389997,0.131
0.075024031,0.13794906,0.131,56300.988,0.075024031,0.13794906,0.131
0.072690465,0.13679338,0.131,55349.52,0.072690465,0.13679336,0.131
0.070356898,0.1355221,0.131,54472.836,0.070356898,0.1355221,0.131
0.068023331,0.13412371,0.131,53632.805,0.068023331,0.13412371,0.131
0.065689765,0.13258547,0.131,52811.699,0.065689765,0.13258548,0.131
0.063356198,0.13089341,0.131,52017.527,0.063356198,0.13089342,0.131
0.061022636,0.12904269,0.131,51287.625,0.061022636,0.12904269,0.131
0.058689069,0.12711386,0.131,50679.34,0.058689069,0.12711386,0.131
0.056355502,0.12518504,0.131,50217.758,0.056355502,0.12518504,0.131
0.054021936,0.12325621,0.131,49886.051,0.054021936,0.12325621,0.131
0.051688373,0.12132739,0.131,49659.176,0.051688369,0.12132739,0.131
0.049354807,0.11939856,0.131,49509.762,0.049354807,0.11939856,0.131
0.04702124,0.11746974,0.131,49407.68,0.04702124,0.11746974,0.131
0.044805598,0.11554092,0.131,49331.297,0.044805598,0.11554091,0.131
0.042844683,0.11361209,0.131,49273.199,0.042844683,0.11361209,0.131
0.041139543,0.11168326,0.131,49228.387,0.041139543,0.11168326,0.131
0.03965681,0.10975444,0.131,49192.172,0.03965681,0.10975444,0.131
0.03836748,0.10782561,0.131,49162.004,0.03836748,0.10782561,0.131
0.075024031,0.1389997,0.131,56540.301,0.075024031,0.1389997,0.131
0.072690465,0.13794906,0.131,55608.039,0.072690465,0.13794906,0.131
0.070356898,0.13679338,0.131,54743.684,0.070356898,0.13679336,0.131
0.068023331,0.1355221,0.131,53915.426,0.068023331,0.1355221,0.131
0.065689765,0.13412371,0.131,53106.223,0.065689765,0.13412371,0.131
0.063356198,0.13258547,0.131,52319.465,0.063356198,0.13258548,0.131
0.061022636,0.13089341,0.131,51580.855,0.061022636,0.13089342,0.131
0.058689069,0.12904269,0.131,50932.289,0.058689069,0.12904269,0.131
0.056355502,0.12711386,0.131,50414.547,0.056355502,0.12711386,0.131
0.054021936,0.12518504,0.131,50031.801,0.054021936,0.12518504,0.131
0.051688373,0.12325621,0.131,49762.086,0.051688369,0.12325621,0.131
0.049354807,0.12132739,0.131,49581.215,0.049354807,0.12132739,0.131
0.04702124,0.11939856,0.131,49460.758,0.04702124,0.11939856,0.131
0.044805598,0.11746974,0.131,49374.043,0.044805598,0.11746974,0.131
0.042844683,0.11554092,0.131,49308.203,0.042844683,0.11554091,0.131
0.041139543,0.11361209,0.131,49257.355,0.041139543,0.11361209,0.131
0.03965681,0.11168326,0.131,49216.887,0.03965681,0.11168326,0.131
0.03836748,0.10975444,0.131,49183.789,0.03836748,0.10975444,0.131
0.072690465,0.1389997,0.131,55839.844,0.072690465,0.1389997,0.131
0.070356898,0.13794906,0.131,54988.176,0.070356898,0.13794906,0.131
0.068023331,0.13679338,0.131,54171.758,0.068023331,0.13679336,0.131
0.065689765,0.1355221,0.131,53374.969,0.065689765,0.1355221,0.131
0.063356198,0.13412371,0.131,52598.523,0.063356198,0.13412371,0.131
0.061022636,0.13258547,0.131,51861.031,0.061022636,0.13258548,0.131
0.058689069,0.13089341,0.131,51194.996,0.058689069,0.13089342,0.131
0.056355502,0.12904269,0.131,50634.297,0.056355502,0.12904269,0.131
0.054021936,0.12711386,0.131,50199.453,0.054021936,0.12711386,0.131
0.051688373,0.12518504,0.131,49883.859,0.051688369,0.12518504,0.131
0.049354807,0.12325621,0.131,49666.109,0.049354807,0.12325621,0.131
0.04702124,0.12132739,0.131,49521.871,0.04702124,0.12132739,0.131
0.044805598,0.11939856,0.131,49422.559,0.044805598,0.11939856,0.131
0.042844683,0.11746974,0.131,49348.516,0.042844683,0.11746974,0.131
0.041139543,0.11554092,0.131,49290.828,0.041139543,0.11554091,0.131
0.03965681,0.11361209,0.131,49245.098,0.03965681,0.11361209,0.131
0.03836748,0.11168326,0.131,49208.238,0.03836748,0.11168326,0.131
0.070356898,0.1389997,0.131,55208.23,0.070356898,0.1389997,0.131
0.068023331,0.13794906,0.131,54403.492,0.068023331,0.13794906,0.131
0.065689765,0.13679338,0.131,53619.074,0.065689765,0.13679336,0.131
0.063356198,0.1355221,0.131,52854.258,0.063356198,0.1355221,0.131
0.061022636,0.13412371,0.131,52122.801,0.061022636,0.13412371,0.131
0.058689069,0.13258547,0.131,51450.117,0.058689069,0.13258548,0.131
0.056355502,0.13089341,0.131,50865.641,0.056355502,0.13089342,0.131
0.054021936,0.12904269,0.131,50388.844,0.054021936,0.12904269,0.131
0.051688373,0.12711386,0.131,50025.605,0.051688369,0.12711386,0.131
0.049354807,0.12518504,0.131,49766.965,0.049354807,0.12518504,0.131
0.04702124,0.12325621,0.131,49592.828,0.04702124,0.12325621,0.131
0.044805598,0.12132739,0.131,49477.18,0.044805598,0.12132739,0.131
0.042844683,0.11939856,0.131,49394.156,0.042844683,0.11939856,0.131
0.041139543,0.11746974,0.131,49329.234,0.041139543,0.11746974,0.131
0.03965681,0.11554092,0.131,49277.445,0.03965681,0.11554091,0.131
0.03836748,0.11361209,0.131,49235.883,0.03836748,0.11361209,0.131
0.068023331,0.1389997,0.131,54612.375,0.068023331,0.1389997,0.131
0.065689765,0.13794906,0.131,53840.016,0.065689765,0.13794906,0.131
0.063356198,0.13679338,0.131,53087.203,0.063356198,0.13679336,0.131
0.061022636,0.1355221,0.131,52364.5,0.061022636,0.1355221,0.131
0.058689069,0.13412371,0.131,51691.719,0.058689069,0.13412371,0.131
0.056355502,0.13258547,0.131,51093.574,0.056355502,0.13258548,0.131
0.054021936,0.13089341,0.131,50590.227,0.054021936,0.13089342,0.131
0.051688373,0.12904269,0.131,50187.543,0.051688369,0.12904269,0.131
0.049354807,0.12711386,0.131,49885.59,0.049354807,0.12711386,0.131
0.04702124,0.12518504,0.131,49676.094,0.04702124,0.12518504,0.131
0.044805598,0.12325621,0.131,49538.684,0.044805598,0.12325621,0.131
0.042844683,0.12132739,0.131,49444.996,0.042844683,0.12132739,0.131
0.041139543,0.11939856,0.131,49372.664,0.041139543,0.11939856,0.131
0.03965681,0.11746974,0.131,49314.344,0.03965681,0.11746974,0.131
0.03836748,0.11554092,0.131,49267.379,0.03836748,0.11554091,0.131
0.065689765,0.1389997,0.131,54039.391,0.065689765,0.1389997,0.131
0.063356198,0.13794906,0.131,53298.48,0.063356198,0.13794906,0.131
0.061022636,0.13679338,0.131,52585.785,0.061022636,0.13679336,0.131
0.058689069,0.1355221,0.131,51917.129,0.058689069,0.1355221,0.131
0.056355502,0.13412371,0.131,51312.41,0.056355502,0.13412371,0.131
0.054021936,0.13258547,0.131,50790.73,0.054021936,0.13258547,0.131
0.051688369,0.13089341,0.131,50361.441,0.051688369,0.13089342,0.131
0.049354807,0.12904269,0.131,50022.617,0.049354807,0.12904269,0.131
0.04702124,0.12711386,0.131,49774.035,0.04702124,0.12711386,0.131
0.044805598,0.12518504,0.131,49608.738,0.044805598,0.12518504,0.131
0.042844683,0.12325621,0.131,49500.902,0.042844683,0.12325621,0.131
0.041139543,0.12132739,0.131,49420.93,0.041139543,0.12132739,0.131
0.03965681,0.11939856,0.131,49355.93,0.03965681,0.11939856,0.131
0.03836748,0.11746974,0.131,49303.078,0.03836748,0.11746974,0.131
0.063356198,0.1389997,0.131,53489.449,0.063356198,0.1389997,0.131
0.061022636,0.13794906,0.131,52787.188,0.061022636,0.13794906,0.131
0.058689069,0.13679338,0.131,52125.066,0.058689069,0.13679336,0.131
0.056355502,0.1355221,0.131,51519.027,0.056355502,0.1355221,0.131
0.054021936,0.13412371,0.131,50985.395,0.054021936,0.13412371,0.131
0.051688369,0.13258547,0.131,50535.832,0.051688369,0.13258547,0.131
0.049354807,0.13089341,0.131,50171.383,0.049354807,0.13089342,0.131
0.04702124,0.12904269,0.131,49888.148,0.04702124,0.12904269,0.131
0.044805598,0.12711386,0.131,49689.723,0.044805598,0.12711386,0.131
0.042844683,0.12518504,0.131,49562.422,0.042844683,0.12518504,0.131
0.041139543,0.12325621,0.131,49473.426,0.041139543,0.12325621,0.131
0.03965681,0.12132739,0.131,49402.062,0.03965681,0.12132739,0.131
0.03836748,0.11939856,0.131,49343.098,0.03836748,0.11939856,0.131
0.061022636,0.1389997,0.131,52969.707,0.061022636,0.1389997,0.131
0.058689069,0.13794906,0.131,52315.328,0.058689069,0.13794906,0.131
0.056355502,0.13679338,0.131,51711.457,0.056355502,0.13679336,0.131
0.054021936,0.1355221,0.131,51171.27,0.054021936,0.1355221,0.131
0.051688369,0.13412371,0.131,50706.395,0.051688369,0.13412371,0.131
0.049354807,0.13258547,0.131,50321.645,0.049354807,0.13258547,0.131
0.04702124,0.13089341,0.131,50013.09,0.04702124,0.13089342,0.131
0.044805598,0.12904269,0.131,49783.973,0.044805598,0.12904269,0.131
0.042844683,0.12711386,0.131,49631.137,0.042844683,0.12711386,0.131
0.041139543,0.12518504,0.131,49529.762,0.041139543,0.12518504,0.131
0.03965681,0.12325621,0.131,49452.051,0.03965681,0.12325621,0.131
0.03836748,0.12132739,0.131,49387.293,0.03836748,0.12132739,0.131
0.058689069,0.1389997,0.131,52488.426,0.058689069,0.1389997,0.131
0.056355502,0.13794906,0.131,51888.793,0.056355502,0.13794906,0.131
0.054021936,0.13679338,0.131,51346.176,0.054021936,0.13679336,0.131
0.051688369,0.1355221,0.131,50870.641,0.051688369,0.1355221,0.131
0.049354807,0.13412371,0.131,50469.273,0.049354807,0.13412371,0.131
0.04702124,0.13258547,0.131,50140.945,0.04702124,0.13258547,0.131
0.044805598,0.13089341,0.131,49888.289,0.044805598,0.13089342,0.131
0.042844683,0.12904269,0.131,49709.543,0.042844683,0.12904269,0.131
0.041139543,0.12711386,0.131,49590.355,0.041139543,0.12711386,0.131
0.03965681,0.12518504,0.131,49505.047,0.03965681,0.12518504,0.131
0.03836748,0.12325621,0.131,49435.062,0.03836748,0.12325621,0.131
0.056355502,0.1389997,0.131,52050.977,0.056355502,0.1389997,0.131
0.054021936,0.13794906,0.131,51508.766,0.054021936,0.13794906,0.131
0.051688369,0.13679338,0.131,51026.629,0.051688369,0.13679336,0.131
0.049354807,0.1355221,0.131,50612.172,0.049354807,0.1355221,0.131
0.04702124,0.13412371,0.131,50267.34,0.04702124,0.13412371,0.131
0.044805598,0.13258547,0.131,49995.914,0.044805598,0.13258547,0.131
0.042844683,0.13089341,0.131,49796.445,0.042844683,0.13089342,0.131
0.041139543,0.12904269,0.131,49657.004,0.041139543,0.12904269,0.131
0.03965681,0.12711386,0.131,49560.523,0.03965681,0.12711386,0.131
0.03836748,0.12518504,0.131,49485.512,0.03836748,0.12518504,0.131
0.054021936,0.1389997,0.131,51658.473,0.054021936,0.1389997,0.131
0.051688369,0.13794906,0.131,51172.965,0.051688369,0.13794906,0.131
0.049354807,0.13679338,0.131,50748.797,0.049354807,0.13679336,0.131
0.04702124,0.1355221,0.131,50390.102,0.04702124,0.1355221,0.131
0.044805598,0.13412371,0.131,50103.781,0.044805598,0.13412371,0.131
0.042844683,0.13258547,0.131,49887.508,0.042844683,0.13258547,0.131
0.041139543,0.13089341,0.131,49729.621,0.041139543,0.13089342,0.131
0.03965681,0.12904269,0.131,49619.137,0.03965681,0.12904269,0.131
0.03836748,0.12711386,0.131,49537.66,0.03836748,0.12711386,0.131
0.051688369,0.1389997,0.131,51308.844,0.051688369,0.1389997,0.131
0.049354807,0.13794906,0.131,50877.992,0.049354807,0.13794906,0.131
0.04702124,0.13679338,0.131,50507.918,0.04702124,0.13679336,0.131
0.044805598,0.1355221,0.131,50209.145,0.044805598,0.1355221,0.131
0.042844683,0.13412371,0.131,49979.832,0.042844683,0.13412371,0.131
0.041139543,0.13258547,0.131,49806.312,0.041139543,0.13258547,0.131
0.03965681,0.13089341,0.131,49680.797,0.03965681,0.13089342,0.131
0.03836748,0.12904269,0.131,49591.168,0.03836748,0.12904269,0.131
0.049354807,0.1389997,0.131,50999.031,0.049354807,0.1389997,0.131
0.04702124,0.13794906,0.131,50619.914,0.04702124,0.13794906,0.131
0.044805598,0.13679338,0.131,50310.535,0.044805598,0.13679336,0.131
0.042844683,0.1355221,0.131,50071.273,0.042844683,0.1355221,0.131
0.041139543,0.13412371,0.131,49885.707,0.041139543,0.13412371,0.131
0.03965681,0.13258547,0.131,49745.238,0.03965681,0.13258547,0.131
0.03836748,0.13089341,0.131,49645.184,0.03836748,0.13089342,0.131
0.04702124,0.1389997,0.131,50725.594,0.04702124,0.1389997,0.131
0.044805598,0.13794906,0.131,50407.125,0.044805598,0.13794906,0.131
0.042844683,0.13679338,0.131,50159.773,0.042844683,0.13679336,0.131
0.041139543,0.1355221,0.131,49965.535,0.041139543,0.1355221,0.131
0.03965681,0.13412371,0.131,49813.039,0.03965681,0.13412371,0.131
0.03836748,0.13258547,0.131,49699.902,0.03836748,0.13258547,0.131
0.044805598,0.1389997,0.131,50498.535,0.044805598,0.1389997,0.131
0.042844683,0.13794906,0.131,50244.242,0.042844683,0.13794906,0.131
0.041139543,0.13679338,0.131,50043.871,0.041139543,0.13679336,0.131
0.03965681,0.1355221,0.131,49882.922,0.03965681,0.1355221,0.131
0.03836748,0.13412371,0.131,49757.461,0.03836748,0.13412371,0.131
0.042844683,0.1389997,0.131,50324.199,0.042844683,0.1389997,0.131
0.041139543,0.13794906,0.131,50119.066,0.041139543,0.13794906,0.131
0.03965681,0.13679338,0.131,49952.629,0.03965681,0.13679336,0.131
0.03836748,0.1355221,0.131,49818.184,0.03836748,0.1355221,0.131
0.041139543,0.1389997,0.131,50190.395,0.041139543,0.1389997,0.131
0.03965681,0.13794906,0.131,50020.41,0.03965681,0.13794906,0.131
0.03836748,0.13679338,0.131,49880.461,0.03836748,0.13679336,0.131
0.03965681,0.1389997,0.131,50085.098,0.03965681,0.1389997,0.131
0.03836748,0.13794906,0.131,49942.074,0.03836748,0.13794906,0.131
0.03836748,0.1389997,0.131,50001.48,0.03836748,0.1389997,0.131
0.00050739001,0.013000302,0.131,49306.969,0.00050739001,0.013000302,0.131
0.0015966075,0.013000302,0.131,49318.129,0.0015966074,0.013000302,0.131
0.00050739001,0.014050936,0.131,49292.766,0.00050738995,0.014050935,0.131
0.0028345413,0.013000302,0.131,49330.441,0.0028345413,0.013000302,0.131
0.001596607,0.014050936,0.131,49303.996,0.0015966073,0.014050935,0.131
0.00050738989,0.015206633,0.131,49277.094,0.00050738989,0.015206633,0.131
0.0042166915,0.013000302,0.131,49342.98,0.0042166919,0.013000302,0.131
0.0028345408,0.014050936,0.131,49316.57,0.002834541,0.014050935,0.131
0.001596607,0.015206633,0.131,49288.324,0.001596607,0.015206633,0.131
0.00050738984,0.0164779,0.131,49260.188,0.00050738984,0.0164779,0.131
0.0057295924,0.013000302,0.131,49356.098,0.0057295924,0.013000302,0.131
0.0042166915,0.014050936,0.131,49329.441,0.0042166915,0.014050935,0.131
0.0028345408,0.015206633,0.131,49301.062,0.0028345408,0.015206633,0.131
0.0015966067,0.0164779,0.131,49271.348,0.0015966068,0.0164779,0.131
0.00050738978,0.017876294,0.131,49242.445,0.00050738978,0.017876294,0.131
0.0073501738,0.013000302,0.131,49370.723,0.0073501742,0.013000302,0.131
0.0057295924,0.014050936,0.131,49342.582,0.0057295924,0.014050935,0.131
0.004216691,0.015206633,0.131,49314.293,0.004216691,0.015206633,0.131
0.0028345403,0.0164779,0.131,49284.133,0.0028345406,0.0164779,0.131
0.0015966066,0.017876294,0.131,49253.461,0.0015966067,0.017876294,0.131
0.00050738966,0.019414527,0.131,49224.379,0.00050738966,0.019414527,0.131
0.0090464139,0.013000302,0.131,49387.016,0.0090464139,0.013000302,0.131
0.0073501738,0.014050936,0.131,49356.762,0.0073501738,0.014050935,0.131
0.0057295919,0.015206633,0.131,49327.719,0.0057295919,0.015206633,0.131
0.0042166905,0.0164779,0.131,49297.617,0.004216691,0.0164779,0.131
0.0028345399,0.017876294,0.131,49266.176,0.0028345401,0.017876294,0.131
0.0015966063,0.019414527,0.131,49235.18,0.0015966065,0.019414527,0.131
0.0005073896,0.021106582,0.131,49206.441,0.0005073896,0.021106582,0.131
0.010779439,0.013000302,0.131,49403.914,0.010779439,0.013000302,0.131
0.0090464139,0.014050936,0.131,49372.539,0.0090464139,0.014050935,0.131
0.0073501738,0.015206633,0.131,49341.77,0.0073501733,0.015206633,0.131
0.0057295915,0.0164779,0.131,49311.422,0.0057295915,0.0164779,0.131
0.0042166905,0.017876294,0.131,49279.75,0.0042166905,0.017876294,0.131
0.0028345396,0.019414527,0.131,49247.723,0.0028345399,0.019414527,0.131
0.0015966061,0.021106582,0.131,49216.98,0.0015966062,0.021106582,0.131
0.00050738949,0.02295731,0.131,49189.07,0.00050738949,0.02295731,0.131
0.012506878,0.013000302,0.131,49420.055,0.012506879,0.013000302,0.131
0.010779439,0.014050936,0.131,49389.379,0.010779439,0.014050935,0.131
0.009046413,0.015206633,0.131,49357.078,0.0090464139,0.015206633,0.131
0.0073501738,0.0164779,0.131,49325.625,0.0073501733,0.0164779,0.131
0.0057295915,0.017876294,0.131,49293.832,0.005729591,0.017876294,0.131
0.0042166896,0.019414527,0.131,49261.207,0.0042166901,0.019414527,0.131
0.0028345394,0.021106582,0.131,49229.273,0.0028345394,0.021106582,0.131
0.0015966059,0.02295731,0.131,49199.32,0.0015966059,0.02295731,0.131
0.00050738943,0.024886135,0.131,49173.055,0.00050738937,0.024886135,0.131
0.0141869,0.013000302,0.131,49434.648,0.014186901,0.013000302,0.131
0.012506878,0.014050936,0.131,49405.965,0.012506879,0.014050935,0.131
0.010779439,0.015206633,0.131,49373.59,0.010779439,0.015206633,0.131
0.009046413,0.0164779,0.131,49340.672,0.009046413,0.0164779,0.131
0.0073501728,0.017876294,0.131,49308.312,0.0073501728,0.017876294,0.131
0.0057295905,0.019414527,0.131,49275.348,0.0057295905,0.019414527,0.131
0.0042166896,0.021106582,0.131,49242.52,0.0042166896,0.021106582,0.131
0.0028345389,0.02295731,0.131,49211.309,0.0028345389,0.02295731,0.131
0.0015966056,0.024886135,0.131,49183.031,0.0015966056,0.024886135,0.131
0.00050738931,0.02681496,0.131,49158.723,0.00050738931,0.02681496,0.131
0.015782138,0.013000302,0.131,49447.57,0.015782138,0.013000302,0.131
0.0141869,0.014050936,0.131,49421.203,0.0141869,0.014050935,0.131
0.012506878,0.015206633,0.131,49390.312,0.012506878,0.015206633,0.131
0.010779439,0.0164779,0.131,49356.742,0.010779439,0.0164779,0.131
0.0090464121,0.017876294,0.131,49323.324,0.009046413,0.017876294,0.131
0.0073501719,0.019414527,0.131,49290.004,0.0073501724,0.019414527,0.131
0.0057295905,0.021106582,0.131,49256.484,0.0057295901,0.021106582,0.131
0.0042166892,0.02295731,0.131,49224.219,0.0042166892,0.02295731,0.131
0.0028345385,0.024886135,0.131,49194.707,0.0028345385,0.024886135,0.131
0.0015966053,0.02681496,0.131,49168.477,0.0015966053,0.02681496,0.131
0.0005073892,0.028743785,0.131,49145.531,0.0005073892,0.028743785,0.131
0.017262762,0.013000302,0.131,49458.949,0.017262762,0.013000302,0.131
0.015782138,0.014050936,0.131,49434.672,0.015782138,0.014050935,0.131
0.0141869,0.015206633,0.131,49406.066,0.0141869,0.015206633,0.131
0.012506878,0.0164779,0.131,49373.266,0.012506878,0.0164779,0.131
0.010779439,0.017876294,0.131,49339.0,0.010779439,0.017876294,0.131
0.0090464121,0.019414527,0.131,49305.078,0.0090464121,0.019414527,0.131
0.0073501719,0.021106582,0.131,49271.074,0.0073501719,0.021106582,0.131
0.0057295896,0.02295731,0.131,49237.836,0.0057295896,0.02295731,0.131
0.0042166882,0.024886135,0.131,49207.258,0.0042166887,0.024886135,0.131
0.0028345382,0.02681496,0.131,49179.875,0.0028345382,0.02681496,0.131
0.0015966051,0.028743785,0.131,49155.105,0.0015966051,0.028743785,0.131
0.00050738908,0.030672612,0.131,49133.258,0.00050738908,0.030672612,0.131
0.018608201,0.013000302,0.131,49468.879,0.018608203,0.013000302,0.131
0.017262762,0.014050936,0.131,49446.375,0.017262762,0.014050935,0.131
0.015782138,0.015206633,0.131,49420.125,0.015782138,0.015206633,0.131
0.0141869,0.0164779,0.131,49389.227,0.0141869,0.0164779,0.131
0.012506878,0.017876294,0.131,49355.074,0.012506878,0.017876294,0.131
0.010779439,0.019414527,0.131,49320.484,0.010779438,0.019414527,0.131
0.0090464121,0.021106582,0.131,49286.102,0.0090464121,0.021106582,0.131
0.0073501715,0.02295731,0.131,49252.102,0.0073501715,0.02295731,0.131
0.0057295887,0.024886135,0.131,49220.457,0.0057295891,0.024886135,0.131
0.0042166878,0.02681496,0.131,49192.098,0.0042166878,0.02681496,0.131
0.0028345375,0.028743785,0.131,49166.289,0.0028345378,0.028743785,0.131
0.0015966047,0.030672612,0.131,49142.676,0.0015966047,0.030672612,0.131
0.00050738896,0.032601438,0.131,49121.816,0.00050738902,0.032601435,0.131
0.019807436,0.013000302,0.131,49477.25,0.019807437,0.013000302,0.131
0.018608201,0.014050936,0.131,49456.398,0.018608203,0.014050935,0.131
0.017262762,0.015206633,0.131,49432.285,0.017262762,0.015206633,0.131
0.015782138,0.0164779,0.131,49403.758,0.015782138,0.0164779,0.131
0.0141869,0.017876294,0.131,49370.863,0.0141869,0.017876294,0.131
0.012506878,0.019414527,0.131,49336.027,0.012506878,0.019414527,0.131
0.010779437,0.021106582,0.131,49301.277,0.010779438,0.021106582,0.131
0.0090464111,0.02295731,0.131,49266.848,0.0090464111,0.02295731,0.131
0.0073501705,0.024886135,0.131,49234.27,0.0073501705,0.024886135,0.131
0.0057295887,0.02681496,0.131,49204.914,0.0057295882,0.02681496,0.131
0.0042166873,0.028743785,0.131,49178.246,0.0042166873,0.028743785,0.131
0.0028345373,0.030672612,0.131,49153.691,0.0028345373,0.030672612,0.131
0.0015966045,0.032601438,0.131,49131.098,0.0015966045,0.032601435,0.131
0.0005073889,0.03453026,0.131,49111.426,0.0005073889,0.03453026,0.131
0.020858079,0.013000302,0.131,49483.805,0.020858081,0.013000302,0.131
0.019807436,0.014050936,0.131,49464.695,0.019807437,0.014050935,0.131
0.018608201,0.015206633,0.131,49442.539,0.018608203,0.015206633,0.131
0.017262762,0.0164779,0.131,49416.406,0.017262762,0.0164779,0.131
0.015782138,0.017876294,0.131,49385.566,0.015782138,0.017876294,0.131
0.0141869,0.019414527,0.131,49351.316,0.0141869,0.019414527,0.131
0.012506877,0.021106582,0.131,49316.312,0.012506878,0.021106582,0.131
0.010779437,0.02295731,0.131,49281.707,0.010779437,0.02295731,0.131
0.0090464111,0.024886135,0.131,49248.551,0.0090464111,0.024886135,0.131
0.0073501701,0.02681496,0.131,49218.273,0.0073501701,0.02681496,0.131
0.0057295882,0.028743785,0.131,49190.742,0.0057295877,0.028743785,0.131
0.0042166868,0.030672612,0.131,49165.453,0.0042166868,0.030672612,0.131
0.0028345366,0.032601438,0.131,49141.965,0.0028345368,0.032601435,0.131
0.0015966041,0.03453026,0.131,49120.555,0.0015966042,0.03453026,0.131
0.00050738879,0.036459088,0.131,49102.223,0.00050738879,0.036459085,0.131
0.021764707,0.013000302,0.131,49488.23,0.021764707,0.013000302,0.131
0.020858079,0.014050936,0.131,49471.082,0.020858081,0.014050935,0.131
0.019807436,0.015206633,0.131,49450.883,0.019807437,0.015206633,0.131
0.018608201,0.0164779,0.131,49427.012,0.018608203,0.0164779,0.131
0.017262762,0.017876294,0.131,49398.566,0.017262762,0.017876294,0.131
0.015782138,0.019414527,0.131,49365.773,0.015782138,0.019414527,0.131
0.0141869,0.021106582,0.131,49330.93,0.0141869,0.021106582,0.131
0.012506877,0.02295731,0.131,49296.258,0.012506877,0.02295731,0.131
0.010779437,0.024886135,0.131,49262.953,0.010779437,0.024886135,0.131
0.0090464102,0.02681496,0.131,49232.055,0.0090464102,0.02681496,0.131
0.0073501701,0.028743785,0.131,49203.734,0.0073501696,0.028743785,0.131
0.0057295868,0.030672612,0.131,49177.703,0.0057295873,0.030672612,0.131
0.0042166864,0.032601438,0.131,49153.562,0.0042166864,0.032601435,0.131
0.0028345364,0.03453026,0.131,49131.273,0.0028345364,0.03453026,0.131
0.0015966038,0.036459088,0.131,49111.168,0.0015966039,0.036459085,0.131
0.00050738873,0.03838791,0.131,49094.371,0.00050738867,0.03838791,0.131
0.022536872,0.013000302,0.131,49490.168,0.022536872,0.013000302,0.131
0.021764707,0.014050936,0.131,49475.285,0.021764707,0.014050935,0.131
0.020858081,0.015206633,0.131,49457.18,0.020858081,0.015206633,0.131
0.019807437,0.0164779,0.131,49435.512,0.019807437,0.0164779,0.131
0.018608203,0.017876294,0.131,49409.52,0.018608203,0.017876294,0.131
0.017262762,0.019414527,0.131,49378.797,0.017262762,0.019414527,0.131
0.015782138,0.021106582,0.131,49344.773,0.015782138,0.021106582,0.131
0.0141869,0.02295731,0.131,49310.16,0.0141869,0.02295731,0.131
0.012506877,0.024886135,0.131,49276.992,0.012506877,0.024886135,0.131
0.010779436,0.02681496,0.131,49245.934,0.010779437,0.02681496,0.131
0.0090464102,0.028743785,0.131,49217.078,0.0090464102,0.028743785,0.131
0.0073501691,0.030672612,0.131,49190.402,0.0073501691,0.030672612,0.131
0.0057295868,0.032601438,0.131,49165.609,0.0057295868,0.032601435,0.131
0.0042166854,0.03453026,0.131,49142.688,0.0042166859,0.03453026,0.131
0.0028345361,0.036459088,0.131,49121.691,0.0028345359,0.036459085,0.131
0.0015966037,0.03838791,0.131,49103.07,0.0015966037,0.03838791,0.131
0.00050738861,0.040316738,0.131,49087.84,0.00050738861,0.040316734,0.131
0.023187201,0.013000302,0.131,49489.312,0.0231872,0.013000302,0.131
0.022536872,0.014050936,0.131,49476.973,0.022536872,0.014050935,0.131
0.021764707,0.015206633,0.131,49461.211,0.021764707,0.015206633,0.131
0.020858081,0.0164779,0.131,49441.805,0.020858081,0.0164779,0.131
0.019807437,0.017876294,0.131,49418.238,0.019807437,0.017876294,0.131
0.018608203,0.019414527,0.131,49389.898,0.018608203,0.019414527,0.131
0.017262762,0.021106582,0.131,49357.367,0.017262762,0.021106582,0.131
0.015782138,0.02295731,0.131,49323.16,0.015782138,0.02295731,0.131
0.0141869,0.024886135,0.131,49290.223,0.0141869,0.024886135,0.131
0.012506877,0.02681496,0.131,49259.414,0.012506877,0.02681496,0.131
0.010779436,0.028743785,0.131,49230.434,0.010779436,0.028743785,0.131
0.0090464093,0.030672612,0.131,49203.371,0.0090464093,0.030672612,0.131
0.0073501682,0.032601438,0.131,49178.039,0.0073501687,0.032601435,0.131
0.0057295859,0.03453026,0.131,49154.5,0.0057295859,0.03453026,0.131
0.0042166854,0.036459088,0.131,49132.863,0.0042166854,0.036459085,0.131
0.0028345357,0.03838791,0.131,49113.309,0.0028345354,0.03838791,0.131
0.0015966034,0.040316738,0.131,49096.219,0.0015966033,0.040316734,0.131
0.0005073885,0.042245559,0.131,49082.285,0.0005073885,0.042245563,0.131
0.02372977,0.013000302,0.131,49486.109,0.02372977,0.013000302,0.131
0.023187201,0.014050936,0.131,49475.871,0.0231872,0.014050935,0.131
0.022536872,0.015206633,0.131,49462.688,0.022536872,0.015206633,0.131
0.021764707,0.0164779,0.131,49445.73,0.021764707,0.0164779,0.131
0.020858081,0.017876294,0.131,49424.609,0.020858081,0.017876294,0.131
0.019807439,0.019414527,0.131,49398.762,0.019807437,0.019414527,0.131
0.018608203,0.021106582,0.131,49368.227,0.018608203,0.021106582,0.131
0.017262764,0.02295731,0.131,49334.934,0.017262762,0.02295731,0.131
0.015782138,0.024886135,0.131,49302.336,0.015782138,0.024886135,0.131
0.0141869,0.02681496,0.131,49271.984,0.0141869,0.02681496,0.131
0.012506877,0.028743785,0.131,49243.32,0.012506877,0.028743785,0.131
0.010779436,0.030672612,0.131,49216.23,0.010779436,0.030672612,0.131
0.0090464093,0.032601438,0.131,49190.633,0.0090464093,0.032601435,0.131
0.0073501677,0.03453026,0.131,49166.605,0.0073501677,0.03453026,0.131
0.0057295859,0.036459088,0.131,49144.348,0.0057295854,0.036459085,0.131
0.0042166845,0.03838791,0.131,49124.129,0.0042166845,0.03838791,0.131
0.0028345352,0.040316738,0.131,49106.062,0.0028345352,0.040316734,0.131
0.0015966031,0.042245559,0.131,49090.27,0.0015966031,0.042245563,0.131
0.00050738838,0.044174388,0.131,49077.297,0.00050738838,0.044174388,0.131
0.024178877,0.013000302,0.131,49482.082,0.024178876,0.013000302,0.131
0.02372977,0.014050936,0.131,49472.441,0.02372977,0.014050935,0.131
0.023187201,0.015206633,0.131,49461.363,0.023187201,0.015206633,0.131
0.022536872,0.0164779,0.131,49447.039,0.022536872,0.0164779,0.131
0.021764707,0.017876294,0.131,49428.484,0.021764707,0.017876294,0.131
0.020858081,0.019414527,0.131,49405.191,0.020858081,0.019414527,0.131
0.019807439,0.021106582,0.131,49376.953,0.019807437,0.021106582,0.131
0.018608203,0.02295731,0.131,49345.082,0.018608203,0.02295731,0.131
0.017262764,0.024886135,0.131,49313.082,0.017262764,0.024886135,0.131
0.015782138,0.02681496,0.131,49283.258,0.015782138,0.02681496,0.131
0.0141869,0.028743785,0.131,49255.207,0.0141869,0.028743785,0.131
0.012506876,0.030672612,0.131,49228.496,0.012506876,0.030672612,0.131
0.010779436,0.032601438,0.131,49202.977,0.010779435,0.032601435,0.131
0.0090464083,0.03453026,0.131,49178.75,0.0090464083,0.03453026,0.131
0.0073501673,0.036459088,0.131,49155.996,0.0073501673,0.036459085,0.131
0.005729585,0.03838791,0.131,49135.145,0.005729585,0.03838791,0.131
0.004216684,0.040316738,0.131,49116.398,0.004216684,0.040316734,0.131
0.0028345347,0.042245559,0.131,49099.605,0.0028345347,0.042245563,0.131
0.0015966027,0.044174388,0.131,49084.77,0.0015966027,0.044174388,0.131
0.00050738826,0.046103209,0.131,49072.363,0.00050738832,0.046103213,0.131
0.024581734,0.013000302,0.131,49483.031,0.024581736,0.013000302,0.131
0.024178877,0.014050936,0.131,49468.215,0.024178876,0.014050935,0.131
0.02372977,0.015206633,0.131,49457.719,0.02372977,0.015206633,0.131
0.023187201,0.0164779,0.131,49445.52,0.023187201,0.0164779,0.131
0.022536872,0.017876294,0.131,49429.668,0.022536872,0.017876294,0.131
0.021764707,0.019414527,0.131,49409.039,0.021764707,0.019414527,0.131
0.020858081,0.021106582,0.131,49383.273,0.020858081,0.021106582,0.131
0.019807439,0.02295731,0.131,49353.234,0.019807439,0.02295731,0.131
0.018608203,0.024886135,0.131,49322.203,0.018608203,0.024886135,0.131
0.017262764,0.02681496,0.131,49292.984,0.017262764,0.02681496,0.131
0.01578214,0.028743785,0.131,49265.66,0.015782138,0.028743785,0.131
0.0141869,0.030672612,0.131,49239.641,0.0141869,0.030672612,0.131
0.012506876,0.032601438,0.131,49214.555,0.012506876,0.032601435,0.131
0.010779436,0.03453026,0.131,49190.473,0.010779435,0.03453026,0.131
0.0090464083,0.036459088,0.131,49167.535,0.0090464083,0.036459085,0.131
0.0073501668,0.03838791,0.131,49146.164,0.0073501668,0.03838791,0.131
0.0057295845,0.040316738,0.131,49126.789,0.0057295845,0.040316734,0.131
0.0042166836,0.042245559,0.131,49109.312,0.0042166836,0.042245563,0.131
0.0028345343,0.044174388,0.131,49093.484,0.0028345343,0.044174388,0.131
0.0015966024,0.046103209,0.131,49079.23,0.0015966025,0.046103213,0.131
0.00050738821,0.048032038,0.131,49066.934,0.00050738821,0.048032038,0.131
0.025001533,0.013000302,0.131,49489.285,0.025001533,0.013000302,0.131
0.024581734,0.014050936,0.131,49468.961,0.024581736,0.014050935,0.131
0.024178877,0.015206633,0.131,49453.305,0.024178876,0.015206633,0.131
0.02372977,0.0164779,0.131,49441.68,0.02372977,0.0164779,0.131
0.023187201,0.017876294,0.131,49427.988,0.023187201,0.017876294,0.131
0.022536872,0.019414527,0.131,49410.129,0.022536872,0.019414527,0.131
0.021764707,0.021106582,0.131,49386.992,0.021764707,0.021106582,0.131
0.020858081,0.02295731,0.131,49359.094,0.020858081,0.02295731,0.131
0.019807439,0.024886135,0.131,49329.41,0.019807439,0.024886135,0.131
0.018608203,0.02681496,0.131,49300.98,0.018608205,0.02681496,0.131
0.017262764,0.028743785,0.131,49274.402,0.017262764,0.028743785,0.131
0.01578214,0.030672612,0.131,49249.246,0.015782138,0.030672612,0.131
0.0141869,0.032601438,0.131,49224.867,0.0141869,0.032601435,0.131
0.012506876,0.03453026,0.131,49201.23,0.012506876,0.03453026,0.131
0.010779435,0.036459088,0.131,49178.453,0.010779435,0.036459085,0.131
0.0090464083,0.03838791,0.131,49156.883,0.0090464074,0.03838791,0.131
0.0073501663,0.040316738,0.131,49136.98,0.0073501663,0.040316734,0.131
0.005729584,0.042245559,0.131,49118.922,0.005729584,0.042245563,0.131
0.0042166831,0.044174388,0.131,49102.434,0.0042166831,0.044174388,0.131
0.0028345338,0.046103209,0.131,49087.199,0.0028345338,0.046103213,0.131
0.0015966021,0.048032038,0.131,49073.074,0.0015966021,0.048032038,0.131
0.00050738809,0.049960859,0.131,49060.684,0.00050738809,0.049960863,0.131
0.063356198,0.013000302,0.131,53208.859,0.063356206,0.013000302,0.131
0.025463311,0.013000302,0.131,49498.598,0.025463311,0.013000302,0.131
0.025001533,0.014050936,0.131,49474.988,0.025001533,0.014050935,0.131
0.024581734,0.015206633,0.131,49453.859,0.024581736,0.015206633,0.131
0.024178877,0.0164779,0.131,49437.082,0.024178876,0.0164779,0.131
0.02372977,0.017876294,0.131,49423.973,0.02372977,0.017876294,0.131
0.023187201,0.019414527,0.131,49408.301,0.023187201,0.019414527,0.131
0.022536872,0.021106582,0.131,49387.926,0.022536872,0.021106582,0.131
0.021764707,0.02295731,0.131,49362.434,0.021764709,0.02295731,0.131
0.020858081,0.024886135,0.131,49334.445,0.020858083,0.024886135,0.131
0.019807439,0.02681496,0.131,49307.051,0.019807439,0.02681496,0.131
0.018608203,0.028743785,0.131,49281.297,0.018608205,0.028743785,0.131
0.017262764,0.030672612,0.131,49257.031,0.017262764,0.030672612,0.131
0.01578214,0.032601438,0.131,49233.535,0.01578214,0.032601435,0.131
0.0141869,0.03453026,0.131,49210.562,0.014186899,0.03453026,0.131
0.012506875,0.036459088,0.131,49188.203,0.012506876,0.036459085,0.131
0.010779435,0.03838791,0.131,49166.777,0.010779434,0.03838791,0.131
0.0090464074,0.040316738,0.131,49146.652,0.0090464074,0.040316734,0.131
0.0073501654,0.042245559,0.131,49128.109,0.0073501654,0.042245563,0.131
0.0057295831,0.044174388,0.131,49111.117,0.0057295831,0.044174388,0.131
0.0042166826,0.046103209,0.131,49095.266,0.0042166826,0.046103213,0.131
0.0028345333,0.048032038,0.131,49080.172,0.0028345333,0.048032038,0.131
0.0015966019,0.049960859,0.131,49065.973,0.0015966019,0.049960863,0.131
0.00050738803,0.051889684,0.131,49053.375,0.00050738797,0.051889688,0.131
0.063356198,0.014050936,0.131,53021.848,0.063356206,0.014050935,0.131
0.061022636,0.013000302,0.131,52701.344,0.061022636,0.013000302,0.131
0.025971267,0.013000302,0.131,49509.961,0.025971267,0.013000302,0.131
0.025463311,0.014050936,0.131,49484.031,0.025463311,0.014050935,0.131
0.025001533,0.015206633,0.131,49459.672,0.025001533,0.015206633,0.131
0.024581734,0.0164779,0.131,49437.457,0.024581736,0.0164779,0.131
0.024178877,0.017876294,0.131,49419.211,0.024178876,0.017876294,0.131
0.02372977,0.019414527,0.131,49404.125,0.02372977,0.019414527,0.131
0.023187201,0.021106582,0.131,49385.926,0.023187201,0.021106582,0.131
0.022536872,0.02295731,0.131,49363.031,0.022536872,0.02295731,0.131
0.021764707,0.024886135,0.131,49337.078,0.021764709,0.024886135,0.131
0.020858083,0.02681496,0.131,49311.016,0.020858083,0.02681496,0.131
0.019807439,0.028743785,0.131,49286.219,0.019807439,0.028743785,0.131
0.018608203,0.030672612,0.131,49262.883,0.018608205,0.030672612,0.131
0.017262764,0.032601438,0.131,49240.336,0.017262764,0.032601435,0.131
0.01578214,0.03453026,0.131,49218.168,0.01578214,0.03453026,0.131
0.0141869,0.036459088,0.131,49196.371,0.014186899,0.036459085,0.131
0.012506875,0.03838791,0.131,49175.297,0.012506875,0.03838791,0.131
0.010779433,0.040316738,0.131,49155.293,0.010779434,0.040316734,0.131
0.0090464056,0.042245559,0.131,49136.539,0.0090464065,0.042245563,0.131
0.0073501649,0.044174388,0.131,49119.164,0.0073501649,0.044174388,0.131
0.0057295826,0.046103209,0.131,49102.91,0.0057295826,0.046103213,0.131
0.0042166822,0.048032038,0.131,49087.246,0.0042166822,0.048032038,0.131
0.0028345329,0.049960859,0.131,49072.098,0.0028345329,0.049960863,0.131
0.0015966017,0.051889684,0.131,49057.703,0.0015966016,0.051889688,0.131
0.00050738791,0.053818509,0.131,49045.078,0.00050738791,0.053818513,0.131
0.061022636,0.014050936,0.131,52523.867,0.061022636,0.014050935,0.131
0.058689069,0.013000302,0.131,52235.559,0.058689069,0.013000302,0.131
0.026530018,0.013000302,0.131,49522.719,0.026530018,0.013000302,0.131
0.025971267,0.014050936,0.131,49495.062,0.025971267,0.014050935,0.131
0.025463311,0.015206633,0.131,49468.453,0.025463311,0.015206633,0.131
0.025001533,0.0164779,0.131,49443.066,0.025001533,0.0164779,0.131
0.024581734,0.017876294,0.131,49419.422,0.024581736,0.017876294,0.131
0.024178877,0.019414527,0.131,49399.211,0.024178876,0.019414527,0.131
0.02372977,0.021106582,0.131,49381.57,0.02372977,0.021106582,0.131
0.023187201,0.02295731,0.131,49360.73,0.023187201,0.02295731,0.131
0.022536872,0.024886135,0.131,49337.086,0.022536874,0.024886135,0.131
0.021764707,0.02681496,0.131,49312.707,0.021764709,0.02681496,0.131
0.020858083,0.028743785,0.131,49289.066,0.020858083,0.028743785,0.131
0.019807439,0.030672612,0.131,49266.723,0.019807439,0.030672612,0.131
0.018608205,0.032601438,0.131,49245.184,0.018608205,0.032601435,0.131
0.017262764,0.03453026,0.131,49223.902,0.017262764,0.03453026,0.131
0.01578214,0.036459088,0.131,49202.754,0.01578214,0.036459085,0.131
0.0141869,0.03838791,0.131,49182.102,0.014186899,0.03838791,0.131
0.012506875,0.040316738,0.131,49162.391,0.012506875,0.040316734,0.131
0.010779433,0.042245559,0.131,49143.754,0.010779433,0.042245563,0.131
0.0090464056,0.044174388,0.131,49126.238,0.0090464065,0.044174388,0.131
0.007350164,0.046103209,0.131,49109.738,0.0073501645,0.046103213,0.131
0.0057295822,0.048032038,0.131,49093.773,0.0057295822,0.048032038,0.131
0.0042166812,0.049960859,0.131,49078.086,0.0042166817,0.049960863,0.131
0.0028345326,0.051889684,0.131,49062.762,0.0028345324,0.051889688,0.131
0.0015966013,0.053818509,0.131,49048.352,0.0015966013,0.053818513,0.131
0.0005073878,0.055747338,0.131,49035.906,0.0005073878,0.055747338,0.131
0.061022636,0.015206633,0.131,52328.648,0.061022636,0.015206633,0.131
0.058689069,0.014050936,0.131,52068.527,0.058689069,0.014050935,0.131
0.056355506,0.013000302,0.131,51816.266,0.056355506,0.013000302,0.131
0.027144644,0.013000302,0.131,49536.449,0.027144644,0.013000302,0.131
0.026530018,0.014050936,0.131,49507.457,0.026530018,0.014050935,0.131
0.025971267,0.015206633,0.131,49479.172,0.025971267,0.015206633,0.131
0.025463311,0.0164779,0.131,49451.609,0.025463311,0.0164779,0.131
0.025001533,0.017876294,0.131,49424.84,0.025001533,0.017876294,0.131
0.024581734,0.019414527,0.131,49399.258,0.024581736,0.019414527,0.131
0.024178877,0.021106582,0.131,49376.496,0.024178876,0.021106582,0.131
0.02372977,0.02295731,0.131,49356.109,0.02372977,0.02295731,0.131
0.023187201,0.024886135,0.131,49334.289,0.023187201,0.024886135,0.131
0.022536874,0.02681496,0.131,49311.91,0.022536874,0.02681496,0.131
0.021764707,0.028743785,0.131,49289.719,0.021764709,0.028743785,0.131
0.020858083,0.030672612,0.131,49268.504,0.020858083,0.030672612,0.131
0.019807441,0.032601438,0.131,49248.016,0.019807439,0.032601435,0.131
0.018608205,0.03453026,0.131,49227.707,0.018608205,0.03453026,0.131
0.017262764,0.036459088,0.131,49207.293,0.017262764,0.036459085,0.131
0.01578214,0.03838791,0.131,49187.102,0.01578214,0.03838791,0.131
0.0141869,0.040316738,0.131,49167.684,0.014186899,0.040316734,0.131
0.012506875,0.042245559,0.131,49149.293,0.012506875,0.042245563,0.131
0.010779433,0.044174388,0.131,49131.945,0.010779433,0.044174388,0.131
0.0090464056,0.046103209,0.131,49115.445,0.0090464056,0.046103213,0.131
0.0073501635,0.048032038,0.131,49099.383,0.007350164,0.048032038,0.131
0.0057295812,0.049960859,0.131,49083.461,0.0057295817,0.049960863,0.131
0.0042166812,0.051889684,0.131,49067.605,0.0042166808,0.051889688,0.131
0.0028345319,0.053818509,0.131,49052.273,0.0028345322,0.053818513,0.131
0.001596601,0.055747338,0.131,49038.066,0.0015966011,0.055747338,0.131
0.00050738768,0.057676159,0.131,49026.148,0.00050738768,0.057676163,0.131
0.061022636,0.0164779,0.131,52114.91,0.061022636,0.0164779,0.131
0.058689069,0.015206633,0.131,51885.539,0.058689069,0.015206633,0.131
0.056355506,0.014050936,0.131,51660.922,0.056355506,0.014050935,0.131
0.05402194,0.013000302,0.131,51443.758,0.05402194,0.013000302,0.131
0.027820732,0.013000302,0.131,49550.707,0.027820734,0.013000302,0.131
0.027144644,0.014050936,0.131,49520.906,0.027144644,0.014050935,0.131
0.026530018,0.015206633,0.131,49491.172,0.026530018,0.015206633,0.131
0.025971267,0.0164779,0.131,49462.039,0.025971267,0.0164779,0.131
0.025463311,0.017876294,0.131,49433.152,0.025463311,0.017876294,0.131
0.025001533,0.019414527,0.131,49404.488,0.025001533,0.019414527,0.131
0.024581734,0.021106582,0.131,49376.371,0.024581736,0.021106582,0.131
0.024178877,0.02295731,0.131,49350.809,0.024178876,0.02295731,0.131
0.02372977,0.024886135,0.131,49329.254,0.02372977,0.024886135,0.131
0.023187203,0.02681496,0.131,49308.449,0.023187201,0.02681496,0.131
0.022536874,0.028743785,0.131,49288.004,0.022536874,0.028743785,0.131
0.021764707,0.030672612,0.131,49268.156,0.021764709,0.030672612,0.131
0.020858083,0.032601438,0.131,49248.816,0.020858083,0.032601435,0.131
0.019807441,0.03453026,0.131,49229.562,0.019807441,0.03453026,0.131
0.018608205,0.036459088,0.131,49209.996,0.018608205,0.036459085,0.131
0.017262766,0.03838791,0.131,49190.332,0.017262764,0.03838791,0.131
0.01578214,0.040316738,0.131,49171.184,0.01578214,0.040316734,0.131
0.0141869,0.042245559,0.131,49152.984,0.014186899,0.042245563,0.131
0.012506874,0.044174388,0.131,49135.898,0.012506875,0.044174388,0.131
0.010779433,0.046103209,0.131,49119.684,0.010779433,0.046103213,0.131
0.0090464056,0.048032038,0.131,49103.805,0.0090464056,0.048032038,0.131
0.0073501635,0.049960859,0.131,49087.906,0.0073501635,0.049960863,0.131
0.0057295812,0.051889684,0.131,49071.82,0.0057295808,0.051889688,0.131
0.0042166803,0.053818509,0.131,49055.949,0.0042166803,0.053818513,0.131
0.0028345317,0.055747338,0.131,49040.82,0.0028345317,0.055747338,0.131
0.0015966007,0.057676159,0.131,49027.16,0.0015966007,0.057676163,0.131
0.00050738757,0.059604988,0.131,49016.156,0.00050738762,0.059604988,0.131
0.061022636,0.017876294,0.131,51882.457,0.061022636,0.017876294,0.131
0.058689069,0.0164779,0.131,51686.312,0.058689069,0.0164779,0.131
0.056355506,0.015206633,0.131,51491.75,0.056355506,0.015206633,0.131
0.05402194,0.014050936,0.131,51301.535,0.05402194,0.014050935,0.131
0.051688373,0.013000302,0.131,51115.082,0.051688373,0.013000302,0.131
0.028564433,0.013000302,0.131,49565.113,0.028564431,0.013000302,0.131
0.027820732,0.014050936,0.131,49535.176,0.027820734,0.014050935,0.131
0.027144644,0.015206633,0.131,49504.152,0.027144644,0.015206633,0.131
0.026530018,0.0164779,0.131,49473.672,0.026530018,0.0164779,0.131
0.025971267,0.017876294,0.131,49443.309,0.025971267,0.017876294,0.131
0.025463311,0.019414527,0.131,49412.574,0.025463311,0.019414527,0.131
0.025001533,0.021106582,0.131,49381.395,0.025001533,0.021106582,0.131
0.024581734,0.02295731,0.131,49350.465,0.024581736,0.02295731,0.131
0.024178877,0.024886135,0.131,49323.609,0.024178876,0.024886135,0.131
0.02372977,0.02681496,0.131,49302.867,0.02372977,0.02681496,0.131
0.023187203,0.028743785,0.131,49283.77,0.023187201,0.028743785,0.131
0.022536874,0.030672612,0.131,49265.539,0.022536874,0.030672612,0.131
0.021764711,0.032601438,0.131,49247.562,0.021764709,0.032601435,0.131
0.020858083,0.03453026,0.131,49229.469,0.020858083,0.03453026,0.131
0.019807441,0.036459088,0.131,49210.863,0.019807441,0.036459085,0.131
0.018608205,0.03838791,0.131,49191.855,0.018608205,0.03838791,0.131
0.017262766,0.040316738,0.131,49173.016,0.017262764,0.040316734,0.131
0.01578214,0.042245559,0.131,49154.945,0.01578214,0.042245563,0.131
0.014186899,0.044174388,0.131,49138.016,0.014186899,0.044174388,0.131
0.012506874,0.046103209,0.131,49122.152,0.012506874,0.046103213,0.131
0.010779432,0.048032038,0.131,49106.738,0.010779432,0.048032038,0.131
0.0090464046,0.049960859,0.131,49091.195,0.0090464046,0.049960863,0.131
0.0073501631,0.051889684,0.131,49075.188,0.0073501626,0.051889688,0.131
0.0057295808,0.053818509,0.131,49059.043,0.0057295803,0.053818513,0.131
0.0042166803,0.055747338,0.131,49043.348,0.0042166798,0.055747338,0.131
0.002834531,0.057676159,0.131,49028.754,0.0028345312,0.057676163,0.131
0.0015966005,0.059604988,0.131,49016.027,0.0015966005,0.059604988,0.131
0.00050738751,0.061533809,0.131,49006.215,0.00050738751,0.061533812,0.131
0.058689069,0.017876294,0.131,51471.387,0.058689069,0.017876294,0.131
0.056355506,0.0164779,0.131,51308.953,0.056355506,0.0164779,0.131
0.05402194,0.015206633,0.131,51147.68,0.05402194,0.015206633,0.131
0.051688373,0.014050936,0.131,50987.086,0.051688373,0.014050935,0.131
0.049354807,0.013000302,0.131,50826.262,0.049354807,0.013000302,0.131
0.029382501,0.013000302,0.131,49579.938,0.029382499,0.013000302,0.131
0.028564433,0.014050936,0.131,49550.012,0.028564431,0.014050935,0.131
0.027820732,0.015206633,0.131,49518.0,0.027820734,0.015206633,0.131
0.027144644,0.0164779,0.131,49486.168,0.027144644,0.0164779,0.131
0.026530018,0.017876294,0.131,49454.602,0.026530018,0.017876294,0.131
0.025971267,0.019414527,0.131,49422.449,0.025971267,0.019414527,0.131
0.025463311,0.021106582,0.131,49389.227,0.025463311,0.021106582,0.131
0.025001533,0.02295731,0.131,49355.227,0.025001533,0.02295731,0.131
0.024581734,0.024886135,0.131,49322.965,0.024581736,0.024886135,0.131
0.024178877,0.02681496,0.131,49296.785,0.024178876,0.02681496,0.131
0.02372977,0.028743785,0.131,49277.547,0.02372977,0.028743785,0.131
0.023187203,0.030672612,0.131,49260.512,0.023187201,0.030672612,0.131
0.022536874,0.032601438,0.131,49244.125,0.022536874,0.032601435,0.131
0.021764711,0.03453026,0.131,49227.398,0.021764711,0.03453026,0.131
0.020858083,0.036459088,0.131,49209.898,0.020858085,0.036459085,0.131
0.019807441,0.03838791,0.131,49191.695,0.019807441,0.03838791,0.131
0.018608205,0.040316738,0.131,49173.301,0.018608205,0.040316734,0.131
0.017262766,0.042245559,0.131,49155.375,0.017262764,0.042245563,0.131
0.01578214,0.044174388,0.131,49138.5,0.01578214,0.044174388,0.131
0.014186899,0.046103209,0.131,49122.84,0.014186899,0.046103213,0.131
0.012506874,0.048032038,0.131,49107.945,0.012506874,0.048032038,0.131
0.010779432,0.049960859,0.131,49093.066,0.010779432,0.049960863,0.131
0.0090464046,0.051889684,0.131,49077.527,0.0090464037,0.051889688,0.131
0.0073501621,0.053818509,0.131,49061.426,0.0073501621,0.053818513,0.131
0.0057295794,0.055747338,0.131,49045.391,0.0057295798,0.055747338,0.131
0.0042166794,0.057676159,0.131,49030.184,0.0042166794,0.057676163,0.131
0.0028345308,0.059604988,0.131,49016.5,0.0028345308,0.059604988,0.131
0.0015966002,0.061533809,0.131,49005.0,0.0015966002,0.061533812,0.131
0.00050738739,0.063462637,0.131,48996.691,0.00050738739,0.063462637,0.131
0.058689069,0.019414527,0.131,51242.367,0.058689069,0.019414527,0.131
0.056355506,0.017876294,0.131,51113.688,0.056355502,0.017876294,0.131
0.05402194,0.0164779,0.131,50982.891,0.05402194,0.0164779,0.131
0.051688373,0.015206633,0.131,50849.703,0.051688373,0.015206633,0.131
0.049354807,0.014050936,0.131,50713.16,0.049354807,0.014050935,0.131
0.04702124,0.013000302,0.131,50573.348,0.04702124,0.013000302,0.131
0.030282374,0.013000302,0.131,49596.727,0.030282374,0.013000302,0.131
0.029382501,0.014050936,0.131,49565.312,0.029382499,0.014050935,0.131
0.028564433,0.015206633,0.131,49532.699,0.028564431,0.015206633,0.131
0.027820732,0.0164779,0.131,49499.422,0.027820734,0.0164779,0.131
0.027144644,0.017876294,0.131,49466.656,0.027144644,0.017876294,0.131
0.026530018,0.019414527,0.131,49433.398,0.026530018,0.019414527,0.131
0.025971267,0.021106582,0.131,49398.797,0.025971267,0.021106582,0.131
0.025463311,0.02295731,0.131,49362.746,0.025463311,0.02295731,0.131
0.025001533,0.024886135,0.131,49327.371,0.025001533,0.024886135,0.131
0.024581734,0.02681496,0.131,49295.734,0.024581736,0.02681496,0.131
0.024178877,0.028743785,0.131,49270.953,0.024178876,0.028743785,0.131
0.02372977,0.030672612,0.131,49253.621,0.023729771,0.030672612,0.131
0.023187203,0.032601438,0.131,49238.379,0.023187201,0.032601435,0.131
0.022536874,0.03453026,0.131,49223.238,0.022536874,0.03453026,0.131
0.021764711,0.036459088,0.131,49207.078,0.021764711,0.036459085,0.131
0.020858083,0.03838791,0.131,49189.871,0.020858085,0.03838791,0.131
0.019807441,0.040316738,0.131,49172.098,0.019807441,0.040316734,0.131
0.018608207,0.042245559,0.131,49154.453,0.018608207,0.042245563,0.131
0.017262766,0.044174388,0.131,49137.621,0.017262764,0.044174388,0.131
0.01578214,0.046103209,0.131,49122.031,0.01578214,0.046103213,0.131
0.014186899,0.048032038,0.131,49107.477,0.014186899,0.048032038,0.131
0.012506874,0.049960859,0.131,49093.324,0.012506874,0.049960863,0.131
0.010779431,0.051889684,0.131,49078.617,0.010779431,0.051889688,0.131
0.0090464037,0.053818509,0.131,49063.0,0.0090464037,0.053818513,0.131
0.0073501617,0.055747338,0.131,49046.914,0.0073501617,0.055747338,0.131
0.0057295794,0.057676159,0.131,49031.285,0.0057295794,0.057676163,0.131
0.0042166784,0.059604988,0.131,49016.918,0.0042166789,0.059604988,0.131
0.0028345303,0.061533809,0.131,49004.426,0.0028345303,0.061533812,0.131
0.0015965998,0.063462637,0.131,48994.484,0.0015965999,0.063462637,0.131
0.00050738727,0.065391466,0.131,48987.867,0.00050738727,0.065391459,0.131
0.056355506,0.019414527,0.131,50908.152,0.056355502,0.019414527,0.131
0.05402194,0.017876294,0.131,50808.684,0.05402194,0.017876294,0.131
0.051688373,0.0164779,0.131,50703.898,0.051688373,0.0164779,0.131
0.049354807,0.015206633,0.131,50592.809,0.049354807,0.015206633,0.131
0.04702124,0.014050936,0.131,50475.285,0.04702124,0.014050935,0.131
0.044805598,0.013000302,0.131,50364.828,0.044805598,0.013000302,0.131
0.031272236,0.013000302,0.131,49618.621,0.031272236,0.013000302,0.131
0.030282374,0.014050936,0.131,49581.469,0.030282374,0.014050935,0.131
0.029382501,0.015206633,0.131,49548.242,0.029382499,0.015206633,0.131
0.028564433,0.0164779,0.131,49513.535,0.028564431,0.0164779,0.131
0.027820732,0.017876294,0.131,49479.312,0.027820734,0.017876294,0.131
0.027144644,0.019414527,0.131,49445.023,0.027144644,0.019414527,0.131
0.026530018,0.021106582,0.131,49409.383,0.026530018,0.021106582,0.131
0.025971267,0.02295731,0.131,49371.941,0.025971267,0.02295731,0.131
0.025463311,0.024886135,0.131,49334.477,0.025463311,0.024886135,0.131
0.025001533,0.02681496,0.131,49299.695,0.025001533,0.02681496,0.131
0.024581734,0.028743785,0.131,49269.426,0.024581736,0.028743785,0.131
0.024178877,0.030672612,0.131,49246.492,0.024178876,0.030672612,0.131
0.02372977,0.032601438,0.131,49230.867,0.023729771,0.032601435,0.131
0.023187203,0.03453026,0.131,49216.863,0.023187203,0.03453026,0.131
0.022536874,0.036459088,0.131,49202.285,0.022536874,0.036459085,0.131
0.021764711,0.03838791,0.131,49186.34,0.021764711,0.03838791,0.131
0.020858085,0.040316738,0.131,49169.418,0.020858085,0.040316734,0.131
0.019807441,0.042245559,0.131,49152.242,0.019807441,0.042245563,0.131
0.018608207,0.044174388,0.131,49135.59,0.018608207,0.044174388,0.131
0.017262766,0.046103209,0.131,49120.047,0.017262766,0.046103213,0.131
0.01578214,0.048032038,0.131,49105.684,0.01578214,0.048032038,0.131
0.014186899,0.049960859,0.131,49092.082,0.014186899,0.049960863,0.131
0.012506874,0.051889684,0.131,49078.305,0.012506874,0.051889688,0.131
0.010779431,0.053818509,0.131,49063.594,0.010779431,0.053818513,0.131
0.0090464037,0.055747338,0.131,49047.906,0.0090464028,0.055747338,0.131
0.0073501612,0.057676159,0.131,49032.105,0.0073501612,0.057676163,0.131
0.0057295784,0.059604988,0.131,49017.219,0.0057295784,0.059604988,0.131
0.0042166784,0.061533809,0.131,49003.945,0.0042166784,0.061533812,0.131
0.0028345298,0.063462637,0.131,48992.988,0.0028345298,0.063462637,0.131
0.0015965996,0.065391466,0.131,48984.812,0.0015965996,0.065391459,0.131
0.00050738722,0.067320287,0.131,48980.066,0.00050738722,0.067320287,0.131
0.056355506,0.021106582,0.131,50695.484,0.056355502,0.021106582,0.131
0.05402194,0.019414527,0.131,50627.309,0.05402194,0.019414527,0.131
0.051688373,0.017876294,0.131,50551.102,0.051688373,0.017876294,0.131
0.049354807,0.0164779,0.131,50466.086,0.049354807,0.0164779,0.131
0.04702124,0.015206633,0.131,50371.723,0.04702124,0.015206633,0.131
0.044805598,0.014050936,0.131,50280.75,0.044805598,0.014050935,0.131
0.042844683,0.013000302,0.131,50205.863,0.042844683,0.013000302,0.131
0.032361083,0.013000302,0.131,49649.453,0.032361083,0.013000302,0.131
0.031272236,0.014050936,0.131,49600.25,0.031272236,0.014050935,0.131
0.030282374,0.015206633,0.131,49564.605,0.030282374,0.015206633,0.131
0.029382501,0.0164779,0.131,49528.727,0.029382499,0.0164779,0.131
0.028564433,0.017876294,0.131,49492.676,0.028564431,0.017876294,0.131
0.027820732,0.019414527,0.131,49457.129,0.027820734,0.019414527,0.131
0.027144644,0.021106582,0.131,49420.559,0.027144644,0.021106582,0.131
0.026530018,0.02295731,0.131,49382.082,0.026530018,0.02295731,0.131
0.025971267,0.024886135,0.131,49343.191,0.025971267,0.024886135,0.131
0.025463311,0.02681496,0.131,49306.281,0.025463311,0.02681496,0.131
0.025001533,0.028743785,0.131,49272.867,0.025001533,0.028743785,0.131
0.024581734,0.030672612,0.131,49244.457,0.024581736,0.030672612,0.131
0.024178877,0.032601438,0.131,49223.234,0.024178876,0.032601435,0.131
0.02372977,0.03453026,0.131,49208.824,0.023729771,0.03453026,0.131
0.023187203,0.036459088,0.131,49195.371,0.023187203,0.036459085,0.131
0.022536874,0.03838791,0.131,49180.969,0.022536874,0.03838791,0.131
0.021764711,0.040316738,0.131,49165.211,0.021764711,0.040316734,0.131
0.020858085,0.042245559,0.131,49148.742,0.020858085,0.042245563,0.131
0.019807443,0.044174388,0.131,49132.473,0.019807441,0.044174388,0.131
0.018608207,0.046103209,0.131,49117.109,0.018608207,0.046103213,0.131
0.017262766,0.048032038,0.131,49102.902,0.017262766,0.048032038,0.131
0.01578214,0.049960859,0.131,49089.699,0.01578214,0.049960863,0.131
0.014186899,0.051889684,0.131,49076.715,0.014186899,0.051889688,0.131
0.012506874,0.053818509,0.131,49063.082,0.012506873,0.053818513,0.131
0.01077943,0.055747338,0.131,49048.258,0.010779431,0.055747338,0.131
0.0090464018,0.057676159,0.131,49032.699,0.0090464028,0.057676163,0.131
0.0073501603,0.059604988,0.131,49017.508,0.0073501607,0.059604988,0.131
0.0057295784,0.061533809,0.131,49003.598,0.005729578,0.061533812,0.131
0.0042166775,0.063462637,0.131,48991.742,0.004216678,0.063462637,0.131
0.0028345296,0.065391466,0.131,48982.539,0.0028345294,0.065391459,0.131
0.0015965994,0.067320287,0.131,48976.34,0.0015965994,0.067320287,0.131
0.0005073871,0.069249108,0.131,48973.625,0.0005073871,0.069249116,0.131
0.056355506,0.02295731,0.131,50481.309,0.056355502,0.02295731,0.131
0.05402194,0.021106582,0.131,50441.715,0.05402194,0.021106582,0.131
0.051688373,0.019414527,0.131,50393.25,0.051688373,0.019414527,0.131
0.049354807,0.017876294,0.131,50334.168,0.049354807,0.017876294,0.131
0.04702124,0.0164779,0.131,50263.266,0.04702124,0.0164779,0.131
0.044805598,0.015206633,0.131,50192.16,0.044805598,0.015206633,0.131
0.042844683,0.014050936,0.131,50132.902,0.042844683,0.014050935,0.131
0.041139543,0.013000302,0.131,50084.594,0.041139543,0.013000302,0.131
0.03353598,0.013000302,0.131,49690.453,0.033535976,0.013000302,0.131
0.032361083,0.014050936,0.131,49625.168,0.032361083,0.014050935,0.131
0.031272236,0.015206633,0.131,49582.316,0.031272236,0.015206633,0.131
0.030282374,0.0164779,0.131,49545.074,0.030282374,0.0164779,0.131
0.029382501,0.017876294,0.131,49507.062,0.029382499,0.017876294,0.131
0.028564433,0.019414527,0.131,49469.754,0.028564431,0.019414527,0.131
0.027820732,0.021106582,0.131,49432.109,0.027820734,0.021106582,0.131
0.027144644,0.02295731,0.131,49392.734,0.027144644,0.02295731,0.131
0.026530018,0.024886135,0.131,49352.777,0.026530018,0.024886135,0.131
0.025971267,0.02681496,0.131,49314.406,0.025971267,0.02681496,0.131
0.025463311,0.028743785,0.131,49278.863,0.025463311,0.028743785,0.131
0.025001533,0.030672612,0.131,49247.359,0.025001533,0.030672612,0.131
0.024581734,0.032601438,0.131,49220.711,0.024581736,0.032601435,0.131
0.024178877,0.03453026,0.131,49200.738,0.024178876,0.03453026,0.131
0.02372977,0.036459088,0.131,49186.887,0.023729771,0.036459085,0.131
0.023187203,0.03838791,0.131,49173.59,0.023187203,0.03838791,0.131
0.022536874,0.040316738,0.131,49159.309,0.022536876,0.040316734,0.131
0.021764711,0.042245559,0.131,49143.891,0.021764711,0.042245559,0.131
0.020858087,0.044174388,0.131,49128.258,0.020858085,0.044174388,0.131
0.019807443,0.046103209,0.131,49113.277,0.019807441,0.046103213,0.131
0.018608207,0.048032038,0.131,49099.348,0.018608207,0.048032038,0.131
0.017262766,0.049960859,0.131,49086.512,0.017262766,0.049960863,0.131
0.01578214,0.051889684,0.131,49074.195,0.01578214,0.051889688,0.131
0.014186899,0.053818509,0.131,49061.57,0.014186898,0.053818513,0.131
0.012506874,0.055747338,0.131,49047.863,0.012506873,0.055747338,0.131
0.01077943,0.057676159,0.131,49033.023,0.01077943,0.057676163,0.131
0.0090464018,0.059604988,0.131,49017.887,0.0090464018,0.059604988,0.131
0.0073501598,0.061533809,0.131,49003.539,0.0073501598,0.061533812,0.131
0.0057295775,0.063462637,0.131,48990.902,0.0057295775,0.063462637,0.131
0.0042166775,0.065391466,0.131,48980.68,0.004216677,0.065391459,0.131
0.0028345292,0.067320287,0.131,48973.461,0.0028345289,0.067320287,0.131
0.0015965991,0.069249108,0.131,48969.355,0.001596599,0.069249116,0.131
0.00050738698,0.071177937,0.131,48968.844,0.00050738698,0.071177937,0.131
0.056355506,0.024886135,0.131,50279.488,0.056355502,0.024886135,0.131
0.05402194,0.02295731,0.131,50256.648,0.05402194,0.02295731,0.131
0.051688373,0.021106582,0.131,50232.965,0.051688373,0.021106582,0.131
0.049354807,0.019414527,0.131,50198.555,0.049354807,0.019414527,0.131
0.04702124,0.017876294,0.131,50150.82,0.04702124,0.017876294,0.131
0.044805598,0.0164779,0.131,50099.547,0.044805598,0.0164779,0.131
0.042844683,0.015206633,0.131,50055.988,0.042844683,0.015206633,0.131
0.041139543,0.014050936,0.131,50019.863,0.041139543,0.014050935,0.131
0.03965681,0.013000302,0.131,49989.527,0.03965681,0.013000302,0.131
0.034745067,0.013000302,0.131,49738.953,0.034745067,0.013000302,0.131
0.03353598,0.014050936,0.131,49658.805,0.033535976,0.014050935,0.131
0.032361083,0.015206633,0.131,49603.434,0.032361083,0.015206633,0.131
0.031272236,0.0164779,0.131,49562.605,0.031272236,0.0164779,0.131
0.030282373,0.017876294,0.131,49522.785,0.030282374,0.017876294,0.131
0.029382501,0.019414527,0.131,49483.199,0.029382499,0.019414527,0.131
0.028564433,0.021106582,0.131,49444.016,0.028564431,0.021106582,0.131
0.027820732,0.02295731,0.131,49403.652,0.027820734,0.02295731,0.131
0.027144644,0.024886135,0.131,49362.789,0.027144644,0.024886135,0.131
0.026530018,0.02681496,0.131,49323.316,0.026530018,0.02681496,0.131
0.025971267,0.028743785,0.131,49286.32,0.025971267,0.028743785,0.131
0.025463311,0.030672612,0.131,49252.742,0.025463311,0.030672612,0.131
0.025001533,0.032601438,0.131,49223.098,0.025001533,0.032601435,0.131
0.024581734,0.03453026,0.131,49197.812,0.024581736,0.03453026,0.131
0.024178877,0.036459088,0.131,49178.43,0.024178876,0.036459085,0.131
0.02372977,0.03838791,0.131,49164.734,0.023729771,0.03838791,0.131
0.023187203,0.040316738,0.131,49151.527,0.023187203,0.040316734,0.131
0.022536874,0.042245559,0.131,49137.504,0.022536876,0.042245559,0.131
0.021764712,0.044174388,0.131,49122.863,0.021764711,0.044174388,0.131
0.020858087,0.046103209,0.131,49108.527,0.020858085,0.046103213,0.131
0.019807443,0.048032038,0.131,49095.062,0.019807443,0.048032038,0.131
0.018608207,0.049960859,0.131,49082.695,0.018608207,0.049960863,0.131
0.017262766,0.051889684,0.131,49071.027,0.017262766,0.051889688,0.131
0.01578214,0.053818509,0.131,49059.344,0.01578214,0.053818513,0.131
0.014186899,0.055747338,0.131,49046.789,0.014186898,0.055747338,0.131
0.012506872,0.057676159,0.131,49032.98,0.012506873,0.057676163,0.131
0.01077943,0.059604988,0.131,49018.352,0.01077943,0.059604988,0.131
0.0090464018,0.061533809,0.131,49003.879,0.0090464018,0.061533812,0.131
0.0073501598,0.063462637,0.131,48990.656,0.0073501593,0.063462637,0.131
0.005729577,0.065391466,0.131,48979.484,0.005729577,0.065391459,0.131
0.0042166766,0.067320287,0.131,48971.141,0.0042166766,0.067320287,0.131
0.0028345287,0.069249108,0.131,48966.02,0.0028345287,0.069249116,0.131
0.0015965988,0.071177937,0.131,48964.074,0.0015965988,0.071177937,0.131
0.00050738687,0.073106766,0.131,48965.77,0.00050738687,0.073106766,0.131
0.056355506,0.02681496,0.131,50100.539,0.056355502,0.02681496,0.131
0.05402194,0.024886135,0.131,50084.094,0.05402194,0.024886135,0.131
0.051688373,0.02295731,0.131,50074.332,0.051688373,0.02295731,0.131
0.049354807,0.021106582,0.131,50061.387,0.049354807,0.021106582,0.131
0.04702124,0.019414527,0.131,50035.617,0.04702124,0.019414527,0.131
0.044805598,0.017876294,0.131,50003.633,0.044805598,0.017876294,0.131
0.042844683,0.0164779,0.131,49975.73,0.042844683,0.0164779,0.131
0.041139543,0.015206633,0.131,49951.82,0.041139543,0.015206633,0.131
0.03965681,0.014050936,0.131,49931.09,0.03965681,0.014050935,0.131
0.03836748,0.013000302,0.131,49914.344,0.03836748,0.013000302,0.131
0.035954155,0.013000302,0.131,49792.965,0.035954155,0.013000302,0.131
0.034745067,0.014050936,0.131,49700.398,0.034745067,0.014050935,0.131
0.03353598,0.015206633,0.131,49630.453,0.033535976,0.015206633,0.131
0.032361083,0.0164779,0.131,49582.047,0.032361083,0.0164779,0.131
0.031272233,0.017876294,0.131,49539.945,0.031272236,0.017876294,0.131
0.030282373,0.019414527,0.131,49497.852,0.030282374,0.019414527,0.131
0.029382501,0.021106582,0.131,49456.535,0.029382499,0.021106582,0.131
0.028564433,0.02295731,0.131,49414.801,0.028564431,0.02295731,0.131
0.027820732,0.024886135,0.131,49372.961,0.027820734,0.024886135,0.131
0.027144644,0.02681496,0.131,49332.559,0.027144644,0.02681496,0.131
0.026530018,0.028743785,0.131,49294.488,0.026530018,0.028743785,0.131
0.025971267,0.030672612,0.131,49259.516,0.025971267,0.030672612,0.131
0.025463311,0.032601438,0.131,49227.902,0.025463311,0.032601435,0.131
0.025001533,0.03453026,0.131,49199.758,0.025001533,0.03453026,0.131
0.024581734,0.036459088,0.131,49175.176,0.024581736,0.036459085,0.131
0.024178877,0.03838791,0.131,49155.969,0.024178876,0.03838791,0.131
0.02372977,0.040316738,0.131,49142.352,0.023729771,0.040316734,0.131
0.023187203,0.042245559,0.131,49129.371,0.023187203,0.042245559,0.131
0.022536874,0.044174388,0.131,49116.082,0.022536876,0.044174388,0.131
0.021764712,0.046103209,0.131,49102.742,0.021764712,0.046103213,0.131
0.020858087,0.048032038,0.131,49090.004,0.020858087,0.048032038,0.131
0.019807443,0.049960859,0.131,49078.27,0.019807443,0.049960863,0.131
0.018608207,0.051889684,0.131,49067.332,0.018608207,0.051889688,0.131
0.017262766,0.053818509,0.131,49056.605,0.017262766,0.053818513,0.131
0.01578214,0.055747338,0.131,49045.227,0.01578214,0.055747338,0.131
0.014186898,0.057676159,0.131,49032.605,0.014186898,0.057676163,0.131
0.012506872,0.059604988,0.131,49018.824,0.012506873,0.059604988,0.131
0.010779429,0.061533809,0.131,49004.621,0.010779429,0.061533812,0.131
0.0090464009,0.063462637,0.131,48991.098,0.0090464009,0.063462637,0.131
0.0073501589,0.065391466,0.131,48979.172,0.0073501589,0.065391459,0.131
0.0057295766,0.067320287,0.131,48969.699,0.0057295761,0.067320287,0.131
0.0042166761,0.069249108,0.131,48963.367,0.0042166761,0.069249116,0.131
0.0028345282,0.071177937,0.131,48960.469,0.0028345282,0.071177937,0.131
0.0015965984,0.073106766,0.131,48960.738,0.0015965985,0.073106766,0.131
0.00050738681,0.075035587,0.131,48964.602,0.00050738681,0.075035587,0.131
0.056355506,0.028743785,0.131,49944.102,0.056355502,0.028743787,0.131
0.05402194,0.02681496,0.131,49932.715,0.05402194,0.026814962,0.131
0.051688373,0.024886135,0.131,49927.801,0.051688373,0.024886135,0.131
0.049354807,0.02295731,0.131,49926.582,0.049354807,0.02295731,0.131
0.04702124,0.021106582,0.131,49919.781,0.04702124,0.021106582,0.131
0.044805598,0.019414527,0.131,49905.945,0.044805598,0.019414527,0.131
0.042844683,0.017876294,0.131,49893.074,0.042844683,0.017876294,0.131
0.041139543,0.0164779,0.131,49881.156,0.041139543,0.0164779,0.131
0.03965681,0.015206633,0.131,49870.016,0.03965681,0.015206633,0.131
0.03836748,0.014050936,0.131,49860.875,0.03836748,0.014050935,0.131
0.037163246,0.013000302,0.131,49851.652,0.037163246,0.013000302,0.131
0.035954155,0.014050936,0.131,49748.734,0.035954155,0.014050935,0.131
0.034745067,0.015206633,0.131,49664.336,0.034745067,0.015206633,0.131
0.03353598,0.0164779,0.131,49604.633,0.033535976,0.0164779,0.131
0.032361083,0.017876294,0.131,49558.684,0.032361083,0.017876294,0.131
0.031272233,0.019414527,0.131,49514.039,0.031272236,0.019414527,0.131
0.030282373,0.021106582,0.131,49470.004,0.030282374,0.021106582,0.131
0.029382501,0.02295731,0.131,49426.398,0.029382499,0.02295731,0.131
0.028564433,0.024886135,0.131,49383.258,0.028564431,0.024886135,0.131
0.027820732,0.02681496,0.131,49341.855,0.027820734,0.02681496,0.131
0.027144644,0.028743785,0.131,49302.879,0.027144644,0.028743787,0.131
0.026530018,0.030672612,0.131,49266.93,0.026530018,0.030672612,0.131
0.025971267,0.032601438,0.131,49234.027,0.025971267,0.032601435,0.131
0.025463311,0.03453026,0.131,49204.059,0.025463311,0.03453026,0.131
0.025001533,0.036459088,0.131,49176.77,0.025001533,0.036459085,0.131
0.024581734,0.03838791,0.131,49152.438,0.024581736,0.03838791,0.131
0.024178877,0.040316738,0.131,49133.34,0.024178876,0.040316734,0.131
0.023729771,0.042245559,0.131,49119.945,0.023729771,0.042245559,0.131
0.023187203,0.044174388,0.131,49107.664,0.023187203,0.044174388,0.131
0.022536876,0.046103209,0.131,49095.68,0.022536876,0.046103213,0.131
0.021764712,0.048032038,0.131,49084.02,0.021764712,0.048032038,0.131
0.020858087,0.049960859,0.131,49073.164,0.020858087,0.049960863,0.131
0.019807443,0.051889684,0.131,49063.102,0.019807443,0.051889688,0.131
0.018608209,0.053818509,0.131,49053.406,0.018608207,0.053818513,0.131
0.017262766,0.055747338,0.131,49043.262,0.017262766,0.055747338,0.131
0.01578214,0.057676159,0.131,49031.961,0.01578214,0.057676163,0.131
0.014186898,0.059604988,0.131,49019.277,0.014186898,0.059604988,0.131
0.012506872,0.061533809,0.131,49005.684,0.012506872,0.061533812,0.131
0.010779429,0.063462637,0.131,48992.199,0.010779429,0.063462637,0.131
0.0090464,0.065391466,0.131,48979.809,0.0090464009,0.065391459,0.131
0.0073501579,0.067320287,0.131,48969.398,0.0073501584,0.067320287,0.131
0.0057295756,0.069249108,0.131,48961.77,0.0057295756,0.069249116,0.131
0.0042166756,0.071177937,0.131,48957.617,0.0042166756,0.071177937,0.131
0.0028345278,0.073106766,0.131,48956.977,0.0028345278,0.073106766,0.131
0.0015965982,0.075035587,0.131,48959.461,0.0015965982,0.075035587,0.131
0.00050738669,0.076964408,0.131,48965.422,0.00050738669,0.076964416,0.131
0.056355506,0.030672612,0.131,49809.691,0.056355502,0.030672612,0.131
0.05402194,0.028743785,0.131,49802.152,0.05402194,0.028743787,0.131
0.051688373,0.02681496,0.131,49800.512,0.051688373,0.026814962,0.131
0.049354807,0.024886135,0.131,49803.211,0.049354807,0.024886135,0.131
0.04702124,0.02295731,0.131,49807.203,0.04702124,0.02295731,0.131
0.044805598,0.021106582,0.131,49808.918,0.044805598,0.021106582,0.131
0.042844683,0.019414527,0.131,49809.922,0.042844683,0.019414527,0.131
0.041139543,0.017876294,0.131,49809.406,0.041139543,0.017876294,0.131
0.03965681,0.0164779,0.131,49807.41,0.03965681,0.0164779,0.131
0.03836748,0.015206633,0.131,49805.57,0.03836748,0.015206633,0.131
0.037163246,0.014050936,0.131,49802.656,0.037163246,0.014050935,0.131
0.035954155,0.015206633,0.131,49705.383,0.035954155,0.015206633,0.131
0.034745067,0.0164779,0.131,49631.578,0.034745067,0.0164779,0.131
0.03353598,0.017876294,0.131,49578.934,0.033535976,0.017876294,0.131
0.032361083,0.019414527,0.131,49531.938,0.032361083,0.019414527,0.131
0.031272233,0.021106582,0.131,49484.809,0.031272236,0.021106582,0.131
0.030282373,0.02295731,0.131,49438.711,0.030282373,0.02295731,0.131
0.029382501,0.024886135,0.131,49393.875,0.029382499,0.024886135,0.131
0.028564433,0.02681496,0.131,49351.16,0.028564431,0.02681496,0.131
0.027820732,0.028743785,0.131,49311.188,0.027820734,0.028743787,0.131
0.027144644,0.030672612,0.131,49274.465,0.027144644,0.030672612,0.131
0.026530018,0.032601438,0.131,49240.727,0.026530018,0.032601435,0.131
0.025971267,0.03453026,0.131,49209.625,0.025971267,0.03453026,0.131
0.025463311,0.036459088,0.131,49180.672,0.025463311,0.036459085,0.131
0.025001533,0.03838791,0.131,49153.746,0.025001533,0.03838791,0.131
0.024581734,0.040316738,0.131,49129.578,0.024581736,0.040316734,0.131
0.024178877,0.042245559,0.131,49110.746,0.024178876,0.042245559,0.131
0.023729771,0.044174388,0.131,49098.051,0.023729771,0.044174388,0.131
0.023187203,0.046103209,0.131,49087.066,0.023187203,0.046103213,0.131
0.022536876,0.048032038,0.131,49076.832,0.022536876,0.048032038,0.131
0.021764712,0.049960859,0.131,49067.191,0.021764712,0.049960863,0.131
0.020858087,0.051889684,0.131,49058.219,0.020858087,0.051889688,0.131
0.019807443,0.053818509,0.131,49049.676,0.019807443,0.053818513,0.131
0.018608209,0.055747338,0.131,49040.852,0.018608209,0.055747338,0.131
0.017262766,0.057676159,0.131,49031.0,0.017262766,0.057676163,0.131
0.01578214,0.059604988,0.131,49019.676,0.01578214,0.059604988,0.131
0.014186898,0.061533809,0.131,49007.004,0.014186898,0.061533812,0.131
0.012506872,0.063462637,0.131,48993.871,0.012506872,0.063462637,0.131
0.010779428,0.065391466,0.131,48981.316,0.010779428,0.065391459,0.131
0.0090464,0.067320287,0.131,48970.266,0.0090464,0.067320287,0.131
0.0073501579,0.069249108,0.131,48961.512,0.0073501579,0.069249116,0.131
0.0057295752,0.071177937,0.131,48955.914,0.0057295752,0.071177937,0.131
0.0042166752,0.073106766,0.131,48954.066,0.0042166752,0.073106766,0.131
0.0028345273,0.075035587,0.131,48955.641,0.0028345273,0.075035587,0.131
0.001596598,0.076964408,0.131,48960.32,0.001596598,0.076964416,0.131
0.00050738658,0.078893237,0.131,48968.199,0.00050738658,0.078893237,0.131
0.056355506,0.032601438,0.131,49695.949,0.056355502,0.032601435,0.131
0.05402194,0.030672612,0.131,49691.449,0.05402194,0.030672612,0.131
0.051688373,0.028743785,0.131,49691.973,0.051688373,0.028743787,0.131
0.049354807,0.02681496,0.131,49697.148,0.049354807,0.026814962,0.131
0.04702124,0.024886135,0.131,49704.875,0.04702124,0.024886135,0.131
0.044805598,0.02295731,0.131,49715.305,0.044805598,0.02295731,0.131
0.042844683,0.021106582,0.131,49728.078,0.042844683,0.021106582,0.131
0.041139543,0.019414527,0.131,49738.266,0.041139543,0.019414527,0.131
0.03965681,0.017876294,0.131,49744.848,0.03965681,0.017876294,0.131
0.03836748,0.0164779,0.131,49749.887,0.03836748,0.0164779,0.131
0.037163246,0.015206633,0.131,49752.953,0.037163246,0.015206633,0.131
0.035954155,0.0164779,0.131,49664.668,0.035954155,0.0164779,0.131
0.034745067,0.017876294,0.131,49601.062,0.034745067,0.017876294,0.131
0.03353598,0.019414527,0.131,49550.875,0.033535976,0.019414527,0.131
0.032361083,0.021106582,0.131,49501.312,0.032361083,0.021106582,0.131
0.031272233,0.02295731,0.131,49452.051,0.031272236,0.02295731,0.131
0.030282373,0.024886135,0.131,49405.043,0.030282373,0.024886135,0.131
0.029382497,0.02681496,0.131,49360.68,0.029382499,0.02681496,0.131
0.028564433,0.028743785,0.131,49319.355,0.028564431,0.028743787,0.131
0.027820732,0.030672612,0.131,49281.766,0.027820734,0.030672612,0.131
0.027144644,0.032601438,0.131,49247.469,0.027144644,0.032601435,0.131
0.026530018,0.03453026,0.131,49215.703,0.026530018,0.03453026,0.131
0.025971267,0.036459088,0.131,49185.789,0.025971267,0.036459085,0.131
0.025463311,0.03838791,0.131,49157.34,0.025463311,0.03838791,0.131
0.025001533,0.040316738,0.131,49130.66,0.025001533,0.040316734,0.131
0.024581734,0.042245559,0.131,49106.824,0.024581736,0.042245563,0.131
0.024178877,0.044174388,0.131,49088.719,0.024178876,0.044174388,0.131
0.023729771,0.046103209,0.131,49077.316,0.023729771,0.046103213,0.131
0.023187203,0.048032038,0.131,49068.133,0.023187203,0.048032038,0.131
0.022536878,0.049960859,0.131,49060.039,0.022536876,0.049960863,0.131
0.021764712,0.051889684,0.131,49052.473,0.021764712,0.051889688,0.131
0.020858087,0.053818509,0.131,49045.273,0.020858087,0.053818513,0.131
0.019807443,0.055747338,0.131,49037.875,0.019807443,0.055747338,0.131
0.018608209,0.057676159,0.131,49029.59,0.018608209,0.057676163,0.131
0.017262768,0.059604988,0.131,49019.836,0.017262766,0.059604988,0.131
0.01578214,0.061533809,0.131,49008.445,0.01578214,0.061533812,0.131
0.014186898,0.063462637,0.131,48996.004,0.014186898,0.063462637,0.131
0.012506871,0.065391466,0.131,48983.562,0.012506872,0.065391459,0.131
0.010779427,0.067320287,0.131,48972.168,0.010779428,0.067320287,0.131
0.0090464,0.069249108,0.131,48962.613,0.0090464,0.069249116,0.131
0.0073501575,0.071177937,0.131,48955.719,0.007350157,0.071177937,0.131
0.0057295747,0.073106766,0.131,48952.211,0.0057295747,0.073106766,0.131
0.0042166742,0.075035587,0.131,48952.719,0.0042166747,0.075035587,0.131
0.0028345268,0.076964408,0.131,48956.527,0.0028345268,0.076964416,0.131
0.0015965976,0.078893237,0.131,48963.297,0.0015965976,0.078893237,0.131
0.00050738652,0.080822065,0.131,48972.785,0.00050738652,0.080822065,0.131
0.05402194,0.032601438,0.131,49598.93,0.05402194,0.032601435,0.131
0.051688373,0.030672612,0.131,49600.895,0.051688373,0.030672612,0.131
0.049354807,0.028743785,0.131,49607.484,0.049354807,0.028743787,0.131
0.04702124,0.02681496,0.131,49617.539,0.04702124,0.026814962,0.131
0.044805598,0.024886135,0.131,49631.02,0.044805598,0.024886135,0.131
0.042844683,0.02295731,0.131,49650.309,0.042844683,0.02295731,0.131
0.041139543,0.021106582,0.131,49669.777,0.041139543,0.021106582,0.131
0.03965681,0.019414527,0.131,49684.469,0.03965681,0.019414527,0.131
0.03836748,0.017876294,0.131,49695.852,0.03836748,0.017876294,0.131
0.037163246,0.0164779,0.131,49704.402,0.037163246,0.0164779,0.131
0.035954155,0.017876294,0.131,49627.172,0.035954155,0.017876294,0.131
0.034745067,0.019414527,0.131,49570.211,0.034745067,0.019414527,0.131
0.03353598,0.021106582,0.131,49518.859,0.033535976,0.021106582,0.131
0.032361083,0.02295731,0.131,49466.809,0.032361083,0.02295731,0.131
0.031272233,0.024886135,0.131,49417.0,0.031272236,0.024886135,0.131
0.030282373,0.02681496,0.131,49370.664,0.030282373,0.02681496,0.131
0.029382497,0.028743785,0.131,49327.633,0.029382499,0.028743787,0.131
0.028564433,0.030672612,0.131,49288.746,0.028564431,0.030672612,0.131
0.027820732,0.032601438,0.131,49253.848,0.027820734,0.032601435,0.131
0.027144644,0.03453026,0.131,49221.742,0.027144644,0.03453026,0.131
0.026530018,0.036459088,0.131,49191.367,0.026530018,0.036459085,0.131
0.025971267,0.03838791,0.131,49162.125,0.025971267,0.03838791,0.131
0.025463311,0.040316738,0.131,49134.02,0.025463311,0.040316734,0.131
0.025001533,0.042245559,0.131,49107.738,0.025001533,0.042245563,0.131
0.024581734,0.044174388,0.131,49084.68,0.024581736,0.044174388,0.131
0.024178877,0.046103209,0.131,49067.898,0.024178876,0.046103213,0.131
0.023729771,0.048032038,0.131,49058.328,0.023729771,0.048032038,0.131
0.023187203,0.049960859,0.131,49051.387,0.023187203,0.049960863,0.131
0.022536878,0.051889684,0.131,49045.531,0.022536876,0.051889688,0.131
0.021764712,0.053818509,0.131,49039.961,0.021764712,0.053818513,0.131
0.020858087,0.055747338,0.131,49034.16,0.020858087,0.055747338,0.131
0.019807443,0.057676159,0.131,49027.539,0.019807443,0.057676163,0.131
0.018608209,0.059604988,0.131,49019.512,0.018608209,0.059604988,0.131
0.017262768,0.061533809,0.131,49009.711,0.017262766,0.061533812,0.131
0.01578214,0.063462637,0.131,48998.402,0.01578214,0.063462637,0.131
0.014186898,0.065391466,0.131,48986.414,0.014186898,0.065391459,0.131
0.012506871,0.067320287,0.131,48974.926,0.012506872,0.067320287,0.131
0.010779427,0.069249108,0.131,48964.859,0.010779428,0.069249116,0.131
0.009046399,0.071177937,0.131,48957.008,0.009046399,0.071177937,0.131
0.0073501561,0.073106766,0.131,48952.02,0.0073501565,0.073106766,0.131
0.0057295738,0.075035587,0.131,48950.867,0.0057295738,0.075035587,0.131
0.0042166738,0.076964408,0.131,48953.633,0.0042166742,0.076964416,0.131
0.0028345264,0.078893237,0.131,48959.602,0.0028345264,0.078893237,0.131
0.0015965973,0.080822065,0.131,48968.27,0.0015965974,0.080822065,0.131
0.0005073864,0.082750887,0.131,48979.09,0.0005073864,0.082750887,0.131
0.051688373,0.032601438,0.131,49525.133,0.051688373,0.032601435,0.131
0.049354807,0.030672612,0.131,49532.406,0.049354807,0.030672612,0.131
0.04702124,0.028743785,0.131,49543.477,0.04702124,0.028743787,0.131
0.044805598,0.02681496,0.131,49558.832,0.044805598,0.026814962,0.131
0.042844683,0.024886135,0.131,49580.238,0.042844683,0.024886135,0.131
0.041139543,0.02295731,0.131,49605.008,0.041139543,0.02295731,0.131
0.03965681,0.021106582,0.131,49627.273,0.03965681,0.021106582,0.131
0.03836748,0.019414527,0.131,49644.84,0.03836748,0.019414527,0.131
0.037163246,0.017876294,0.131,49658.73,0.037163246,0.017876294,0.131
0.035954155,0.019414527,0.131,49591.41,0.035954155,0.019414527,0.131
0.034745067,0.021106582,0.131,49536.367,0.034745067,0.021106582,0.131
0.03353598,0.02295731,0.131,49482.527,0.033535976,0.02295731,0.131
0.032361083,0.024886135,0.131,49430.059,0.032361083,0.024886135,0.131
0.031272233,0.02681496,0.131,49381.32,0.031272236,0.02681496,0.131
0.030282373,0.028743785,0.131,49336.324,0.030282373,0.028743787,0.131
0.029382497,0.030672612,0.131,49295.707,0.029382499,0.030672612,0.131
0.028564433,0.032601438,0.131,49259.762,0.028564431,0.032601435,0.131
0.027820732,0.03453026,0.131,49227.348,0.027820734,0.03453026,0.131
0.027144644,0.036459088,0.131,49196.859,0.027144644,0.036459085,0.131
0.026530018,0.03838791,0.131,49167.352,0.026530018,0.03838791,0.131
0.025971267,0.040316738,0.131,49138.559,0.025971267,0.040316734,0.131
0.025463311,0.042245559,0.131,49110.914,0.025463311,0.042245563,0.131
0.025001533,0.044174388,0.131,49085.465,0.025001533,0.044174388,0.131
0.024581734,0.046103209,0.131,49063.793,0.024581736,0.046103213,0.131
0.024178877,0.048032038,0.131,49048.887,0.024178876,0.048032038,0.131
0.023729771,0.049960859,0.131,49041.629,0.023729771,0.049960863,0.131
0.023187203,0.051889684,0.131,49037.062,0.023187203,0.051889688,0.131
0.022536878,0.053818509,0.131,49033.379,0.022536878,0.053818513,0.131
0.021764712,0.055747338,0.131,49029.434,0.021764712,0.055747338,0.131
0.020858089,0.057676159,0.131,49024.641,0.020858087,0.057676163,0.131
0.019807443,0.059604988,0.131,49018.461,0.019807445,0.059604988,0.131
0.018608209,0.061533809,0.131,49010.469,0.018608209,0.061533812,0.131
0.017262768,0.063462637,0.131,49000.688,0.017262766,0.063462637,0.131
0.01578214,0.065391466,0.131,48989.637,0.01578214,0.065391459,0.131
0.014186898,0.067320287,0.131,48978.387,0.014186898,0.067320287,0.131
0.012506871,0.069249108,0.131,48968.055,0.012506871,0.069249116,0.131
0.010779427,0.071177937,0.131,48959.512,0.010779427,0.071177937,0.131
0.009046399,0.073106766,0.131,48953.496,0.009046399,0.073106766,0.131
0.0073501561,0.075035587,0.131,48950.586,0.0073501561,0.075035587,0.131
0.0057295733,0.076964408,0.131,48951.773,0.0057295733,0.076964416,0.131
0.0042166733,0.078893237,0.131,48956.719,0.0042166733,0.078893237,0.131
0.0028345261,0.080822065,0.131,48964.762,0.0028345259,0.080822065,0.131
0.001596597,0.082750887,0.131,48975.02,0.001596597,0.082750887,0.131
0.00050738628,0.084679708,0.131,48986.922,0.00050738628,0.084679715,0.131
0.051688373,0.03453026,0.131,49462.223,0.051688373,0.03453026,0.131
0.049354807,0.032601438,0.131,49469.434,0.049354807,0.032601435,0.131
0.04702124,0.030672612,0.131,49480.508,0.04702124,0.030672612,0.131
0.044805598,0.028743785,0.131,49496.367,0.044805598,0.028743787,0.131
0.042844683,0.02681496,0.131,49518.855,0.042844683,0.026814962,0.131
0.041139543,0.024886135,0.131,49545.441,0.041139543,0.024886135,0.131
0.03965681,0.02295731,0.131,49572.461,0.03965681,0.02295731,0.131
0.03836748,0.021106582,0.131,49596.527,0.03836748,0.021106582,0.131
0.037163246,0.019414527,0.131,49616.023,0.037163246,0.019414527,0.131
0.035954155,0.021106582,0.131,49554.547,0.035954155,0.021106582,0.131
0.034745067,0.02295731,0.131,49498.207,0.034745067,0.02295731,0.131
0.03353598,0.024886135,0.131,49443.82,0.033535976,0.024886135,0.131
0.032361083,0.02681496,0.131,49392.891,0.032361083,0.02681496,0.131
0.031272233,0.028743785,0.131,49345.688,0.031272236,0.028743787,0.131
0.030282373,0.030672612,0.131,49303.047,0.030282373,0.030672612,0.131
0.029382497,0.032601438,0.131,49265.516,0.029382499,0.032601435,0.131
0.028564433,0.03453026,0.131,49232.426,0.028564431,0.03453026,0.131
0.027820732,0.036459088,0.131,49201.883,0.027820734,0.036459085,0.131
0.027144644,0.03838791,0.131,49172.469,0.027144644,0.03838791,0.131
0.026530018,0.040316738,0.131,49143.551,0.026530018,0.040316734,0.131
0.025971267,0.042245559,0.131,49115.262,0.025971267,0.042245563,0.131
0.025463311,0.044174388,0.131,49088.508,0.025463311,0.044174388,0.131
0.025001533,0.046103209,0.131,49064.5,0.025001533,0.046103213,0.131
0.024581734,0.048032038,0.131,49044.77,0.024581736,0.048032038,0.131
0.024178877,0.049960859,0.131,49032.246,0.024178876,0.049960863,0.131
0.023729771,0.051889684,0.131,49027.457,0.023729771,0.051889688,0.131
0.023187203,0.053818509,0.131,49025.215,0.023187205,0.053818513,0.131
0.022536878,0.055747338,0.131,49023.344,0.022536878,0.055747338,0.131
0.021764712,0.057676159,0.131,49020.602,0.021764712,0.057676163,0.131
0.020858089,0.059604988,0.131,49016.43,0.020858089,0.059604988,0.131
0.019807445,0.061533809,0.131,49010.406,0.019807445,0.061533812,0.131
0.018608209,0.063462637,0.131,49002.438,0.018608209,0.063462637,0.131
0.017262768,0.065391466,0.131,48992.797,0.017262766,0.065391459,0.131
0.01578214,0.067320287,0.131,48982.289,0.01578214,0.067320287,0.131
0.014186898,0.069249108,0.131,48972.012,0.014186898,0.069249116,0.131
0.012506871,0.071177937,0.131,48963.047,0.012506871,0.071177937,0.131
0.010779427,0.073106766,0.131,48956.172,0.010779427,0.073106766,0.131
0.0090463981,0.075035587,0.131,48952.148,0.0090463981,0.075035587,0.131
0.0073501561,0.076964408,0.131,48951.57,0.0073501556,0.076964416,0.131
0.0057295733,0.078893237,0.131,48955.012,0.0057295728,0.078893237,0.131
0.0042166733,0.080822065,0.131,48962.027,0.0042166729,0.080822065,0.131
0.0028345254,0.082750887,0.131,48971.871,0.0028345257,0.082750887,0.131
0.0015965968,0.084679708,0.131,48983.387,0.0015965968,0.084679715,0.131
0.00050738617,0.086608537,0.131,48995.914,0.00050738617,0.086608537,0.131
0.049354807,0.03453026,0.131,49416.188,0.049354807,0.03453026,0.131
0.04702124,0.032601438,0.131,49426.285,0.04702124,0.032601435,0.131
0.044805598,0.030672612,0.131,49441.453,0.044805598,0.030672612,0.131
0.042844683,0.028743785,0.131,49463.781,0.042844683,0.028743787,0.131
0.041139543,0.02681496,0.131,49491.102,0.041139543,0.026814962,0.131
0.03965681,0.024886135,0.131,49520.023,0.03965681,0.024886135,0.131
0.03836748,0.02295731,0.131,49548.562,0.03836748,0.02295731,0.131
0.037163246,0.021106582,0.131,49574.332,0.037163246,0.021106582,0.131
0.035954155,0.02295731,0.131,49514.223,0.035954155,0.02295731,0.131
0.034745067,0.024886135,0.131,49457.465,0.034745067,0.024886135,0.131
0.03353598,0.02681496,0.131,49404.883,0.033535976,0.02681496,0.131
0.032361083,0.028743785,0.131,49355.891,0.032361083,0.028743787,0.131
0.031272233,0.030672612,0.131,49311.082,0.031272236,0.030672612,0.131
0.030282373,0.032601438,0.131,49271.566,0.030282373,0.032601435,0.131
0.029382497,0.03453026,0.131,49237.262,0.029382499,0.03453026,0.131
0.028564433,0.036459088,0.131,49206.367,0.028564431,0.036459085,0.131
0.027820732,0.03838791,0.131,49177.098,0.027820734,0.03838791,0.131
0.027144644,0.040316738,0.131,49148.453,0.027144644,0.040316734,0.131
0.026530018,0.042245559,0.131,49120.074,0.026530018,0.042245563,0.131
0.025971267,0.044174388,0.131,49092.723,0.025971267,0.044174388,0.131
0.025463311,0.046103209,0.131,49067.469,0.025463311,0.046103213,0.131
0.025001533,0.048032038,0.131,49045.461,0.025001533,0.048032038,0.131
0.024581734,0.049960859,0.131,49028.176,0.024581736,0.049960863,0.131
0.024178877,0.051889684,0.131,49018.215,0.024178876,0.051889688,0.131
0.023729771,0.053818509,0.131,49015.848,0.023729771,0.053818513,0.131
0.023187203,0.055747338,0.131,49015.566,0.023187205,0.055747338,0.131
0.022536878,0.057676159,0.131,49015.078,0.022536878,0.057676163,0.131
0.021764712,0.059604988,0.131,49013.125,0.021764714,0.059604988,0.131
0.020858089,0.061533809,0.131,49009.23,0.020858089,0.061533812,0.131
0.019807445,0.063462637,0.131,49003.277,0.019807445,0.063462637,0.131
0.018608209,0.065391466,0.131,48995.406,0.018608209,0.065391459,0.131
0.017262768,0.067320287,0.131,48986.156,0.017262768,0.067320287,0.131
0.01578214,0.069249108,0.131,48976.449,0.01578214,0.069249116,0.131
0.014186898,0.071177937,0.131,48967.383,0.014186898,0.071177937,0.131
0.012506871,0.073106766,0.131,48959.918,0.012506871,0.073106766,0.131
0.010779426,0.075035587,0.131,48954.895,0.010779426,0.075035587,0.131
0.0090463981,0.076964408,0.131,48953.129,0.0090463981,0.076964416,0.131
0.0073501542,0.078893237,0.131,48954.867,0.0073501552,0.078893237,0.131
0.0057295719,0.080822065,0.131,48960.426,0.0057295724,0.080822065,0.131
0.0042166724,0.082750887,0.131,48969.387,0.0042166724,0.082750887,0.131
0.0028345252,0.084679708,0.131,48980.723,0.0028345252,0.084679715,0.131
0.0015965964,0.086608537,0.131,48993.09,0.0015965964,0.086608537,0.131
0.00050738611,0.088537365,0.131,49005.797,0.00050738611,0.088537365,0.131
0.049354807,0.036459088,0.131,49370.691,0.049354807,0.036459085,0.131
0.04702124,0.03453026,0.131,49379.156,0.04702124,0.03453026,0.131
0.044805598,0.032601438,0.131,49392.516,0.044805598,0.032601435,0.131
0.042844683,0.030672612,0.131,49413.449,0.042844683,0.030672612,0.131
0.041139543,0.028743785,0.131,49440.23,0.041139543,0.028743787,0.131
0.03965681,0.02681496,0.131,49470.035,0.03965681,0.026814962,0.131
0.03836748,0.024886135,0.131,49500.52,0.03836748,0.024886135,0.131
0.037163246,0.02295731,0.131,49530.895,0.037163246,0.02295731,0.131
0.035954155,0.024886135,0.131,49471.422,0.035954155,0.024886135,0.131
0.034745067,0.02681496,0.131,49416.535,0.034745067,0.026814962,0.131
0.03353598,0.028743785,0.131,49366.32,0.033535976,0.028743787,0.131
0.032361083,0.030672612,0.131,49319.957,0.032361083,0.030672612,0.131
0.031272233,0.032601438,0.131,49278.301,0.031272236,0.032601435,0.131
0.030282373,0.03453026,0.131,49242.277,0.030282373,0.03453026,0.131
0.029382497,0.036459088,0.131,49210.586,0.029382499,0.036459085,0.131
0.028564433,0.03838791,0.131,49181.215,0.028564431,0.03838791,0.131
0.027820732,0.040316738,0.131,49152.871,0.027820734,0.040316734,0.131
0.027144644,0.042245559,0.131,49124.852,0.027144644,0.042245563,0.131
0.026530018,0.044174388,0.131,49097.414,0.026530018,0.044174388,0.131
0.025971267,0.046103209,0.131,49071.609,0.025971267,0.046103213,0.131
0.025463311,0.048032038,0.131,49048.418,0.025463311,0.048032038,0.131
0.025001533,0.049960859,0.131,49028.91,0.025001533,0.049960863,0.131
0.024581734,0.051889684,0.131,49014.262,0.024581736,0.051889688,0.131
0.024178877,0.053818509,0.131,49006.836,0.024178876,0.053818513,0.131
0.023729771,0.055747338,0.131,49006.535,0.023729771,0.055747338,0.131
0.023187203,0.057676159,0.131,49007.762,0.023187205,0.057676163,0.131
0.022536878,0.059604988,0.131,49008.195,0.022536878,0.059604988,0.131
0.021764712,0.061533809,0.131,49006.648,0.021764714,0.061533812,0.131
0.020858089,0.063462637,0.131,49002.883,0.020858089,0.063462637,0.131
0.019807445,0.065391466,0.131,48997.023,0.019807445,0.065391459,0.131
0.018608211,0.067320287,0.131,48989.461,0.018608209,0.067320287,0.131
0.017262768,0.069249108,0.131,48980.855,0.017262768,0.069249116,0.131
0.01578214,0.071177937,0.131,48972.207,0.01578214,0.071177937,0.131
0.014186898,0.073106766,0.131,48964.535,0.014186898,0.073106766,0.131
0.012506871,0.075035587,0.131,48958.777,0.012506871,0.075035587,0.131
0.010779426,0.076964408,0.131,48955.855,0.010779426,0.076964416,0.131
0.0090463972,0.078893237,0.131,48956.262,0.0090463972,0.078893237,0.131
0.0073501542,0.080822065,0.131,48960.25,0.0073501542,0.080822065,0.131
0.0057295715,0.082750887,0.131,48967.918,0.0057295719,0.082750887,0.131
0.0042166719,0.084679708,0.131,48978.609,0.0042166719,0.084679715,0.131
0.0028345245,0.086608537,0.131,48991.066,0.0028345247,0.086608537,0.131
0.0015965962,0.088537365,0.131,49003.844,0.0015965962,0.088537365,0.131
0.00050738599,0.090466186,0.131,49016.262,0.00050738599,0.090466186,0.131
0.049354807,0.03838791,0.131,49331.645,0.049354807,0.03838791,0.131
0.04702124,0.036459088,0.131,49338.008,0.04702124,0.036459085,0.131
0.044805598,0.03453026,0.131,49348.898,0.044805598,0.03453026,0.131
0.042844683,0.032601438,0.131,49367.383,0.042844683,0.032601435,0.131
0.041139543,0.030672612,0.131,49392.5,0.041139543,0.030672612,0.131
0.03965681,0.028743785,0.131,49421.793,0.03965681,0.028743787,0.131
0.03836748,0.02681496,0.131,49453.285,0.03836748,0.026814962,0.131
0.037163246,0.024886135,0.131,49485.781,0.037163246,0.024886135,0.131
0.035954155,0.02681496,0.131,49428.418,0.035954155,0.026814962,0.131
0.034745067,0.028743785,0.131,49376.176,0.034745067,0.028743787,0.131
0.03353598,0.030672612,0.131,49328.953,0.033535976,0.030672612,0.131
0.032361083,0.032601438,0.131,49285.852,0.032361083,0.032601435,0.131
0.031272233,0.03453026,0.131,49247.863,0.031272236,0.03453026,0.131
0.030282373,0.036459088,0.131,49214.914,0.030282373,0.036459085,0.131
0.029382497,0.03838791,0.131,49185.102,0.029382499,0.03838791,0.131
0.028564433,0.040316738,0.131,49156.801,0.028564431,0.040316734,0.131
0.027820732,0.042245559,0.131,49129.203,0.027820734,0.042245563,0.131
0.027144644,0.044174388,0.131,49102.133,0.027144644,0.044174388,0.131
0.026530018,0.046103209,0.131,49076.246,0.026530018,0.046103213,0.131
0.025971267,0.048032038,0.131,49052.559,0.025971267,0.048032038,0.131
0.025463311,0.049960859,0.131,49031.922,0.025463311,0.049960863,0.131
0.025001533,0.051889684,0.131,49015.113,0.025001533,0.051889688,0.131
0.024581734,0.053818509,0.131,49003.055,0.024581736,0.053818513,0.131
0.024178877,0.055747338,0.131,48997.805,0.024178876,0.055747338,0.131
0.023729771,0.057676159,0.131,48999.113,0.023729771,0.057676163,0.131
0.023187203,0.059604988,0.131,49001.391,0.023187205,0.059604988,0.131
0.022536878,0.061533809,0.131,49002.312,0.022536878,0.061533812,0.131
0.021764714,0.063462637,0.131,49000.961,0.021764714,0.063462637,0.131
0.020858089,0.065391466,0.131,48997.297,0.020858089,0.065391459,0.131
0.019807445,0.067320287,0.131,48991.691,0.019807445,0.067320287,0.131
0.018608211,0.069249108,0.131,48984.672,0.018608211,0.069249116,0.131
0.017262768,0.071177937,0.131,48977.004,0.017262768,0.071177937,0.131
0.01578214,0.073106766,0.131,48969.637,0.01578214,0.073106766,0.131
0.014186897,0.075035587,0.131,48963.531,0.014186897,0.075035587,0.131
0.012506871,0.076964408,0.131,48959.688,0.012506871,0.076964416,0.131
0.010779426,0.078893237,0.131,48958.914,0.010779426,0.078893237,0.131
0.0090463962,0.080822065,0.131,48961.512,0.0090463972,0.080822065,0.131
0.0073501538,0.082750887,0.131,48967.723,0.0073501538,0.082750887,0.131
0.005729571,0.084679708,0.131,48977.336,0.005729571,0.084679715,0.131
0.0042166715,0.086608537,0.131,48989.457,0.0042166715,0.086608537,0.131
0.0028345243,0.088537365,0.131,49002.625,0.0028345243,0.088537365,0.131
0.0015965959,0.090466186,0.131,49015.312,0.001596596,0.090466186,0.131
0.00050738588,0.092395008,0.131,49027.027,0.00050738588,0.092395015,0.131
0.049354807,0.040316738,0.131,49298.297,0.049354807,0.040316738,0.131
0.04702124,0.03838791,0.131,49302.324,0.04702124,0.03838791,0.131
0.044805598,0.036459088,0.131,49310.348,0.044805598,0.036459085,0.131
0.042844683,0.03453026,0.131,49325.77,0.042844683,0.03453026,0.131
0.041139543,0.032601438,0.131,49348.305,0.041139543,0.032601435,0.131
0.03965681,0.030672612,0.131,49375.938,0.03965681,0.030672612,0.131
0.03836748,0.028743785,0.131,49407.062,0.03836748,0.028743787,0.131
0.037163246,0.02681496,0.131,49440.691,0.037163246,0.026814962,0.131
0.035954155,0.028743785,0.131,49386.102,0.035954155,0.028743787,0.131
0.034745067,0.030672612,0.131,49337.23,0.034745067,0.030672612,0.131
0.03353598,0.032601438,0.131,49293.477,0.033535976,0.032601435,0.131
0.032361083,0.03453026,0.131,49254.168,0.032361083,0.03453026,0.131
0.031272233,0.036459088,0.131,49219.672,0.031272236,0.036459085,0.131
0.030282373,0.03838791,0.131,49189.082,0.030282373,0.03838791,0.131
0.029382497,0.040316738,0.131,49160.559,0.029382499,0.040316734,0.131
0.028564433,0.042245559,0.131,49133.09,0.028564431,0.042245563,0.131
0.027820732,0.044174388,0.131,49106.512,0.027820734,0.044174388,0.131
0.027144644,0.046103209,0.131,49080.941,0.027144644,0.046103213,0.131
0.026530018,0.048032038,0.131,49057.195,0.026530018,0.048032038,0.131
0.025971267,0.049960859,0.131,49036.121,0.025971267,0.049960863,0.131
0.025463311,0.051889684,0.131,49018.246,0.025463311,0.051889688,0.131
0.025001533,0.053818509,0.131,49004.098,0.025001533,0.053818513,0.131
0.024581734,0.055747338,0.131,48994.238,0.024581736,0.055747338,0.131
0.024178877,0.057676159,0.131,48990.691,0.024178876,0.057676163,0.131
0.023729771,0.059604988,0.131,48993.121,0.023729771,0.059604988,0.131
0.023187205,0.061533809,0.131,48996.012,0.023187205,0.061533812,0.131
0.022536879,0.063462637,0.131,48997.164,0.022536878,0.063462637,0.131
0.021764714,0.065391466,0.131,48995.926,0.021764714,0.065391459,0.131
0.020858089,0.067320287,0.131,48992.508,0.020858089,0.067320287,0.131
0.019807447,0.069249108,0.131,48987.355,0.019807445,0.069249116,0.131
0.018608211,0.071177937,0.131,48981.164,0.018608211,0.071177937,0.131
0.017262768,0.073106766,0.131,48974.672,0.017262768,0.073106766,0.131
0.01578214,0.075035587,0.131,48968.758,0.01578214,0.075035587,0.131
0.014186896,0.076964408,0.131,48964.398,0.014186897,0.076964416,0.131
0.012506871,0.078893237,0.131,48962.613,0.012506871,0.078893237,0.131
0.010779426,0.080822065,0.131,48963.984,0.010779426,0.080822065,0.131
0.0090463962,0.082750887,0.131,48968.812,0.0090463962,0.082750887,0.131
0.0073501533,0.084679708,0.131,48977.133,0.0073501533,0.084679715,0.131
0.0057295701,0.086608537,0.131,48988.465,0.0057295705,0.086608537,0.131
0.0042166705,0.088537365,0.131,49001.66,0.004216671,0.088537365,0.131
0.0028345238,0.090466186,0.131,49015.039,0.0028345238,0.090466186,0.131
0.0015965956,0.092395008,0.131,49027.176,0.0015965956,0.092395015,0.131
0.00050738582,0.094323844,0.131,49037.762,0.00050738582,0.094323836,0.131
0.049354807,0.042245559,0.131,49270.0,0.049354807,0.042245563,0.131
0.04702124,0.040316738,0.131,49271.645,0.04702124,0.040316738,0.131
0.044805598,0.03838791,0.131,49276.754,0.044805598,0.03838791,0.131
0.042844683,0.036459088,0.131,49288.793,0.042844683,0.036459085,0.131
0.041139543,0.03453026,0.131,49308.25,0.041139543,0.03453026,0.131
0.03965681,0.032601438,0.131,49333.312,0.03965681,0.032601435,0.131
0.03836748,0.030672612,0.131,49362.914,0.03836748,0.030672612,0.131
0.037163246,0.028743785,0.131,49396.387,0.037163246,0.028743787,0.131
0.035954155,0.030672612,0.131,49345.445,0.035954155,0.030672612,0.131
0.034745067,0.032601438,0.131,49300.352,0.034745067,0.032601435,0.131
0.03353598,0.03453026,0.131,49260.508,0.033535976,0.03453026,0.131
0.032361083,0.036459088,0.131,49225.0,0.032361083,0.036459085,0.131
0.031272233,0.03838791,0.131,49193.398,0.031272236,0.03838791,0.131
0.030282373,0.040316738,0.131,49164.438,0.030282373,0.040316734,0.131
0.029382497,0.042245559,0.131,49136.844,0.029382499,0.042245563,0.131
0.028564433,0.044174388,0.131,49110.438,0.028564431,0.044174388,0.131
0.027820732,0.046103209,0.131,49085.355,0.027820734,0.046103213,0.131
0.027144644,0.048032038,0.131,49061.902,0.027144644,0.048032038,0.131
0.026530018,0.049960859,0.131,49040.828,0.026530018,0.049960863,0.131
0.025971267,0.051889684,0.131,49022.574,0.025971267,0.051889688,0.131
0.025463311,0.053818509,0.131,49007.43,0.025463311,0.053818513,0.131
0.025001533,0.055747338,0.131,48995.52,0.025001533,0.055747338,0.131
0.024581734,0.057676159,0.131,48987.379,0.024581736,0.057676163,0.131
0.024178877,0.059604988,0.131,48985.059,0.024178876,0.059604988,0.131
0.023729771,0.061533809,0.131,48988.121,0.023729773,0.061533812,0.131
0.023187205,0.063462637,0.131,48991.344,0.023187205,0.063462637,0.131
0.022536879,0.065391466,0.131,48992.586,0.022536878,0.065391459,0.131
0.021764714,0.067320287,0.131,48991.559,0.021764714,0.067320287,0.131
0.020858089,0.069249108,0.131,48988.562,0.020858089,0.069249116,0.131
0.019807447,0.071177937,0.131,48984.156,0.019807447,0.071177937,0.131
0.018608211,0.073106766,0.131,48979.016,0.018608211,0.073106766,0.131
0.017262768,0.075035587,0.131,48973.895,0.017262768,0.075035587,0.131
0.01578214,0.076964408,0.131,48969.594,0.01578214,0.076964416,0.131
0.014186896,0.078893237,0.131,48967.137,0.014186897,0.078893237,0.131
0.012506871,0.080822065,0.131,48967.445,0.012506871,0.080822065,0.131
0.010779426,0.082750887,0.131,48971.016,0.010779426,0.082750887,0.131
0.0090463953,0.084679708,0.131,48978.035,0.0090463953,0.084679715,0.131
0.0073501524,0.086608537,0.131,48988.297,0.0073501528,0.086608537,0.131
0.0057295701,0.088537365,0.131,49001.062,0.0057295701,0.088537365,0.131
0.0042166705,0.090466186,0.131,49014.859,0.0042166705,0.090466186,0.131
0.0028345233,0.092395008,0.131,49027.949,0.0028345233,0.092395015,0.131
0.0015965954,0.094323844,0.131,49039.047,0.0015965954,0.094323836,0.131
0.0005073857,0.096252665,0.131,49048.117,0.0005073857,0.096252665,0.131
0.049354807,0.044174388,0.131,49245.996,0.049354807,0.044174388,0.131
0.04702124,0.042245559,0.131,49245.496,0.04702124,0.042245563,0.131
0.044805598,0.040316738,0.131,49247.816,0.044805598,0.040316738,0.131
0.042844683,0.03838791,0.131,49256.629,0.042844683,0.03838791,0.131
0.041139543,0.036459088,0.131,49272.602,0.041139543,0.036459085,0.131
0.03965681,0.03453026,0.131,49294.648,0.03965681,0.03453026,0.131
0.03836748,0.032601438,0.131,49321.73,0.03836748,0.032601435,0.131
0.037163246,0.030672612,0.131,49353.953,0.037163246,0.030672612,0.131
0.035954155,0.032601438,0.131,49307.141,0.035954155,0.032601435,0.131
0.034745067,0.03453026,0.131,49266.141,0.034745067,0.03453026,0.131
0.03353598,0.036459088,0.131,49230.262,0.033535976,0.036459085,0.131
0.032361083,0.03838791,0.131,49198.133,0.032361083,0.03838791,0.131
0.031272233,0.040316738,0.131,49168.633,0.031272236,0.040316734,0.131
0.030282373,0.042245559,0.131,49140.785,0.030282373,0.042245563,0.131
0.029382497,0.044174388,0.131,49114.227,0.029382499,0.044174388,0.131
0.028564433,0.046103209,0.131,49089.367,0.028564431,0.046103213,0.131
0.027820732,0.048032038,0.131,49066.355,0.027820734,0.048032038,0.131
0.027144644,0.049960859,0.131,49045.621,0.027144644,0.049960863,0.131
0.026530018,0.051889684,0.131,49027.414,0.026530018,0.051889688,0.131
0.025971267,0.053818509,0.131,49011.953,0.025971267,0.053818513,0.131
0.025463311,0.055747338,0.131,48999.117,0.025463311,0.055747338,0.131
0.025001533,0.057676159,0.131,48988.934,0.025001533,0.057676163,0.131
0.024581734,0.059604988,0.131,48981.973,0.024581736,0.059604988,0.131
0.024178877,0.061533809,0.131,48980.43,0.024178876,0.061533812,0.131
0.023729771,0.063462637,0.131,48983.809,0.023729773,0.063462637,0.131
0.023187205,0.065391466,0.131,48987.207,0.023187205,0.065391459,0.131
0.022536879,0.067320287,0.131,48988.664,0.022536879,0.067320287,0.131
0.021764714,0.069249108,0.131,48987.941,0.021764714,0.069249116,0.131
0.020858089,0.071177937,0.131,48985.602,0.02085809,0.071177937,0.131
0.019807447,0.073106766,0.131,48982.148,0.019807447,0.073106766,0.131
0.018608211,0.075035587,0.131,48978.312,0.018608211,0.075035587,0.131
0.017262768,0.076964408,0.131,48974.699,0.017262768,0.076964416,0.131
0.01578214,0.078893237,0.131,48972.141,0.01578214,0.078893237,0.131
0.014186896,0.080822065,0.131,48971.688,0.014186897,0.080822065,0.131
0.01250687,0.082750887,0.131,48974.133,0.01250687,0.082750887,0.131
0.010779426,0.084679708,0.131,48979.914,0.010779425,0.084679715,0.131
0.0090463953,0.086608537,0.131,48989.016,0.0090463953,0.086608537,0.131
0.0073501524,0.088537365,0.131,49001.012,0.0073501519,0.088537365,0.131
0.0057295696,0.090466186,0.131,49014.793,0.0057295696,0.090466186,0.131
0.0042166696,0.092395008,0.131,49028.684,0.0042166696,0.092395015,0.131
0.0028345231,0.094323844,0.131,49040.945,0.0028345229,0.094323836,0.131
0.001596595,0.096252665,0.131,49050.547,0.001596595,0.096252665,0.131
0.00050738559,0.098181486,0.131,49057.812,0.00050738559,0.098181486,0.131
0.04702124,0.044174388,0.131,49223.191,0.04702124,0.044174388,0.131
0.044805598,0.042245559,0.131,49223.023,0.044805598,0.042245563,0.131
0.042844683,0.040316738,0.131,49228.848,0.042844683,0.040316738,0.131
0.041139543,0.03838791,0.131,49241.27,0.041139543,0.03838791,0.131
0.03965681,0.036459088,0.131,49260.086,0.03965681,0.036459085,0.131
0.03836748,0.03453026,0.131,49284.188,0.03836748,0.03453026,0.131
0.037163246,0.032601438,0.131,49314.195,0.037163246,0.032601435,0.131
0.035954155,0.03453026,0.131,49271.762,0.035954155,0.03453026,0.131
0.034745067,0.036459088,0.131,49234.855,0.034745067,0.036459085,0.131
0.03353598,0.03838791,0.131,49202.672,0.033535976,0.03838791,0.131
0.032361083,0.040316738,0.131,49173.164,0.032361083,0.040316734,0.131
0.031272233,0.042245559,0.131,49145.09,0.031272236,0.042245563,0.131
0.030282373,0.044174388,0.131,49118.289,0.030282373,0.044174388,0.131
0.029382497,0.046103209,0.131,49093.27,0.029382499,0.046103213,0.131
0.028564433,0.048032038,0.131,49070.477,0.028564431,0.048032038,0.131
0.027820732,0.049960859,0.131,49050.18,0.027820732,0.049960863,0.131
0.027144644,0.051889684,0.131,49032.359,0.027144644,0.051889688,0.131
0.026530018,0.053818509,0.131,49016.996,0.026530018,0.053818513,0.131
0.025971267,0.055747338,0.131,49003.914,0.025971267,0.055747338,0.131
0.025463311,0.057676159,0.131,48992.832,0.025463311,0.057676163,0.131
0.025001533,0.059604988,0.131,48983.82,0.025001533,0.059604988,0.131
0.024581734,0.061533809,0.131,48977.508,0.024581736,0.061533812,0.131
0.024178877,0.063462637,0.131,48976.469,0.024178876,0.063462637,0.131
0.023729771,0.065391466,0.131,48980.0,0.023729773,0.065391459,0.131
0.023187205,0.067320287,0.131,48983.594,0.023187205,0.067320287,0.131
0.022536879,0.069249108,0.131,48985.73,0.022536879,0.069249116,0.131
0.021764714,0.071177937,0.131,48985.242,0.021764716,0.071177937,0.131
0.02085809,0.073106766,0.131,48983.793,0.02085809,0.073106766,0.131
0.019807447,0.075035587,0.131,48981.496,0.019807447,0.075035587,0.131
0.018608211,0.076964408,0.131,48979.098,0.018608211,0.076964416,0.131
0.017262768,0.078893237,0.131,48977.09,0.017262768,0.078893237,0.131
0.01578214,0.080822065,0.131,48976.391,0.01578214,0.080822065,0.131
0.014186896,0.082750887,0.131,48977.973,0.014186897,0.082750887,0.131
0.01250687,0.084679708,0.131,48982.602,0.01250687,0.084679715,0.131
0.010779424,0.086608537,0.131,48990.539,0.010779425,0.086608537,0.131
0.0090463944,0.088537365,0.131,49001.582,0.0090463944,0.088537365,0.131
0.0073501519,0.090466186,0.131,49014.969,0.0073501514,0.090466186,0.131
0.0057295682,0.092395008,0.131,49029.289,0.0057295687,0.092395015,0.131
0.0042166691,0.094323844,0.131,49042.699,0.0042166691,0.094323836,0.131
0.0028345226,0.096252665,0.131,49053.605,0.0028345226,0.096252665,0.131
0.0015965948,0.098181486,0.131,49061.348,0.0015965948,0.098181486,0.131
0.00050738547,0.10011031,0.131,49066.527,0.00050738547,0.10011031,0.131
0.04702124,0.046103209,0.131,49203.887,0.04702124,0.046103213,0.131
0.044805598,0.044174388,0.131,49201.719,0.044805598,0.044174388,0.131
0.042844683,0.042245559,0.131,49204.887,0.042844683,0.042245563,0.131
0.041139543,0.040316738,0.131,49214.102,0.041139543,0.040316738,0.131
0.03965681,0.03838791,0.131,49229.543,0.03965681,0.03838791,0.131
0.03836748,0.036459088,0.131,49250.461,0.03836748,0.036459085,0.131
0.037163246,0.03453026,0.131,49277.707,0.037163246,0.03453026,0.131
0.035954155,0.036459088,0.131,49239.562,0.035954155,0.036459085,0.131
0.034745067,0.03838791,0.131,49206.531,0.034745067,0.03838791,0.131
0.03353598,0.040316738,0.131,49177.402,0.033535976,0.040316734,0.131
0.032361083,0.042245559,0.131,49149.723,0.032361083,0.042245563,0.131
0.031272233,0.044174388,0.131,49122.824,0.031272236,0.044174388,0.131
0.030282373,0.046103209,0.131,49097.477,0.030282373,0.046103213,0.131
0.029382497,0.048032038,0.131,49074.527,0.029382499,0.048032038,0.131
0.028564433,0.049960859,0.131,49054.434,0.028564431,0.049960863,0.131
0.027820732,0.051889684,0.131,49037.094,0.027820732,0.051889688,0.131
0.027144644,0.053818509,0.131,49022.172,0.027144644,0.053818513,0.131
0.026530018,0.055747338,0.131,49009.234,0.026530018,0.055747338,0.131
0.025971267,0.057676159,0.131,48997.969,0.025971267,0.057676163,0.131
0.025463311,0.059604988,0.131,48988.043,0.025463311,0.059604988,0.131
0.025001533,0.061533809,0.131,48979.684,0.025001533,0.061533812,0.131
0.024581734,0.063462637,0.131,48973.676,0.024581736,0.063462637,0.131
0.024178877,0.065391466,0.131,48972.941,0.024178876,0.065391459,0.131
0.023729773,0.067320287,0.131,48976.637,0.023729773,0.067320287,0.131
0.023187205,0.069249108,0.131,48980.191,0.023187205,0.069249116,0.131
0.022536879,0.071177937,0.131,48985.207,0.022536879,0.071177937,0.131
0.021764718,0.073106766,0.131,48983.555,0.021764716,0.073106766,0.131
0.02085809,0.075035587,0.131,48983.191,0.02085809,0.075035587,0.131
0.019807447,0.076964408,0.131,48982.281,0.019807447,0.076964416,0.131
0.018608211,0.078893237,0.131,48981.367,0.018608211,0.078893237,0.131
0.017262768,0.080822065,0.131,48981.039,0.017262768,0.080822065,0.131
0.01578214,0.082750887,0.131,48982.25,0.01578214,0.082750887,0.131
0.014186896,0.084679708,0.131,48985.934,0.014186897,0.084679715,0.131
0.012506869,0.086608537,0.131,48992.727,0.01250687,0.086608537,0.131
0.010779424,0.088537365,0.131,49002.746,0.010779425,0.088537365,0.131
0.0090463944,0.090466186,0.131,49015.492,0.0090463944,0.090466186,0.131
0.0073501505,0.092395008,0.131,49029.848,0.007350151,0.092395015,0.131
0.0057295682,0.094323844,0.131,49044.121,0.0057295682,0.094323836,0.131
0.0042166687,0.096252665,0.131,49056.453,0.0042166687,0.096252665,0.131
0.0028345222,0.098181486,0.131,49065.559,0.0028345222,0.098181486,0.131
0.0015965945,0.10011031,0.131,49071.098,0.0015965945,0.10011031,0.131
0.00050738541,0.10203914,0.131,49074.148,0.00050738541,0.10203914,0.131
0.04702124,0.048032038,0.131,49186.715,0.04702124,0.048032038,0.131
0.044805598,0.046103209,0.131,49183.105,0.044805598,0.046103213,0.131
0.042844683,0.044174388,0.131,49184.059,0.042844683,0.044174388,0.131
0.041139543,0.042245559,0.131,49190.465,0.041139543,0.042245563,0.131
0.03965681,0.040316738,0.131,49202.785,0.03965681,0.040316738,0.131
0.03836748,0.03838791,0.131,49220.535,0.03836748,0.03838791,0.131
0.037163246,0.036459088,0.131,49244.707,0.037163246,0.036459085,0.131
0.035954155,0.03838791,0.131,49210.594,0.035954155,0.03838791,0.131
0.034745067,0.040316738,0.131,49180.91,0.034745067,0.040316734,0.131
0.03353598,0.042245559,0.131,49154.004,0.033535976,0.042245563,0.131
0.032361083,0.044174388,0.131,49127.73,0.032361083,0.044174388,0.131
0.031272233,0.046103209,0.131,49102.219,0.031272236,0.046103213,0.131
0.030282373,0.048032038,0.131,49078.867,0.030282373,0.048032038,0.131
0.029382497,0.049960859,0.131,49058.609,0.029382499,0.049960863,0.131
0.028564433,0.051889684,0.131,49041.496,0.028564431,0.051889688,0.131
0.027820732,0.053818509,0.131,49027.137,0.027820732,0.053818513,0.131
0.027144644,0.055747338,0.131,49014.699,0.027144644,0.055747338,0.131
0.026530018,0.057676159,0.131,49003.605,0.026530018,0.057676163,0.131
0.025971267,0.059604988,0.131,48993.516,0.025971267,0.059604988,0.131
0.025463311,0.061533809,0.131,48984.219,0.025463311,0.061533812,0.131
0.025001533,0.063462637,0.131,48976.164,0.025001533,0.063462637,0.131
0.024581734,0.065391466,0.131,48970.246,0.024581736,0.065391459,0.131
0.024178877,0.067320287,0.131,48969.75,0.024178876,0.067320287,0.131
0.023729773,0.069249108,0.131,48973.57,0.023729773,0.069249116,0.131
0.023187205,0.071177937,0.131,48975.984,0.023187205,0.071177937,0.131
0.022536879,0.073106766,0.131,48983.934,0.022536879,0.073106766,0.131
0.021764718,0.075035587,0.131,48982.852,0.021764716,0.075035587,0.131
0.02085809,0.076964408,0.131,48983.898,0.02085809,0.076964416,0.131
0.019807447,0.078893237,0.131,48984.441,0.019807447,0.078893237,0.131
0.018608211,0.080822065,0.131,48985.059,0.018608211,0.080822065,0.131
0.017262768,0.082750887,0.131,48986.477,0.017262768,0.082750887,0.131
0.01578214,0.084679708,0.131,48989.66,0.01578214,0.084679715,0.131
0.014186896,0.086608537,0.131,48995.449,0.014186897,0.086608537,0.131
0.012506869,0.088537365,0.131,49004.383,0.01250687,0.088537365,0.131
0.010779424,0.090466186,0.131,49016.332,0.010779424,0.090466186,0.131
0.0090463934,0.092395008,0.131,49030.445,0.0090463934,0.092395015,0.131
0.0073501505,0.094323844,0.131,49045.23,0.0073501505,0.094323836,0.131
0.0057295677,0.096252665,0.131,49058.816,0.0057295677,0.096252665,0.131
0.0042166682,0.098181486,0.131,49069.547,0.0042166682,0.098181486,0.131
0.0028345217,0.10011031,0.131,49076.43,0.0028345217,0.10011031,0.131
0.0015965942,0.10203914,0.131,49079.66,0.0015965942,0.10203914,0.131
0.0005073853,0.10396796,0.131,49080.625,0.0005073853,0.10396796,0.131
0.044805598,0.048032038,0.131,49166.5,0.044805598,0.048032038,0.131
0.042844683,0.046103209,0.131,49165.664,0.042844683,0.046103213,0.131
0.041139543,0.044174388,0.131,49169.801,0.041139543,0.044174388,0.131
0.03965681,0.042245559,0.131,49179.242,0.03965681,0.042245563,0.131
0.03836748,0.040316738,0.131,49194.086,0.03836748,0.040316738,0.131
0.037163246,0.03838791,0.131,49215.223,0.037163246,0.03838791,0.131
0.035954155,0.040316738,0.131,49184.652,0.035954155,0.040316738,0.131
0.034745067,0.042245559,0.131,49157.516,0.034745067,0.042245563,0.131
0.03353598,0.044174388,0.131,49132.281,0.033535976,0.044174388,0.131
0.032361083,0.046103209,0.131,49107.406,0.032361083,0.046103213,0.131
0.031272233,0.048032038,0.131,49083.75,0.031272236,0.048032038,0.131
0.030282373,0.049960859,0.131,49063.039,0.030282373,0.049960863,0.131
0.029382497,0.051889684,0.131,49045.777,0.029382499,0.051889688,0.131
0.028564433,0.053818509,0.131,49031.723,0.028564431,0.053818513,0.131
0.027820732,0.055747338,0.131,49019.926,0.027820732,0.055747338,0.131
0.027144644,0.057676159,0.131,49009.363,0.027144644,0.057676163,0.131
0.026530018,0.059604988,0.131,48999.488,0.026530018,0.059604988,0.131
0.025971267,0.061533809,0.131,48990.004,0.025971267,0.061533812,0.131
0.025463311,0.063462637,0.131,48981.004,0.025463311,0.063462637,0.131
0.025001533,0.065391466,0.131,48972.934,0.025001533,0.065391459,0.131
0.024581734,0.067320287,0.131,48967.129,0.024581736,0.067320287,0.131
0.024178877,0.069249108,0.131,48966.898,0.024178876,0.069249116,0.131
0.023729773,0.071177937,0.131,48970.355,0.023729773,0.071177937,0.131
0.023187205,0.073106766,0.131,48974.316,0.023187207,0.073106766,0.131
0.022536879,0.075035587,0.131,48984.578,0.022536879,0.075035587,0.131
0.021764718,0.076964408,0.131,48983.629,0.021764716,0.076964416,0.131
0.02085809,0.078893237,0.131,48985.941,0.02085809,0.078893237,0.131
0.019807447,0.080822065,0.131,48987.895,0.019807447,0.080822065,0.131
0.018608212,0.082750887,0.131,48990.086,0.018608211,0.082750887,0.131
0.017262768,0.084679708,0.131,48993.301,0.017262768,0.084679715,0.131
0.01578214,0.086608537,0.131,48998.473,0.01578214,0.086608537,0.131
0.014186896,0.088537365,0.131,49006.383,0.014186897,0.088537365,0.131
0.012506869,0.090466186,0.131,49017.383,0.012506869,0.090466186,0.131
0.010779424,0.092395008,0.131,49031.043,0.010779424,0.092395015,0.131
0.0090463934,0.094323844,0.131,49046.062,0.0090463934,0.094323836,0.131
0.00735015,0.096252665,0.131,49060.641,0.00735015,0.096252665,0.131
0.0057295673,0.098181486,0.131,49072.957,0.0057295673,0.098181486,0.131
0.0042166673,0.10011031,0.131,49081.57,0.0042166677,0.10011031,0.131
0.0028345212,0.10203914,0.131,49086.035,0.0028345212,0.10203914,0.131
0.001596594,0.10396796,0.131,49086.961,0.0015965939,0.10396796,0.131
0.00050738518,0.10589679,0.131,49086.203,0.00050738518,0.10589679,0.131
0.042844683,0.048032038,0.131,49149.211,0.042844683,0.048032038,0.131
0.041139543,0.046103209,0.131,49151.5,0.041139543,0.046103213,0.131
0.03965681,0.044174388,0.131,49158.336,0.03965681,0.044174388,0.131
0.03836748,0.042245559,0.131,49170.621,0.03836748,0.042245563,0.131
0.037163246,0.040316738,0.131,49189.012,0.037163246,0.040316738,0.131
0.035954155,0.042245559,0.131,49161.25,0.035954155,0.042245563,0.131
0.034745067,0.044174388,0.131,49136.039,0.034745067,0.044174388,0.131
0.03353598,0.046103209,0.131,49112.285,0.033535976,0.046103213,0.131
0.032361083,0.048032038,0.131,49089.141,0.032361083,0.048032038,0.131
0.031272233,0.049960859,0.131,49067.996,0.031272236,0.049960863,0.131
0.030282373,0.051889684,0.131,49050.273,0.030282373,0.051889688,0.131
0.029382497,0.053818509,0.131,49036.121,0.029382499,0.053818513,0.131
0.028564433,0.055747338,0.131,49024.727,0.028564431,0.055747338,0.131
0.027820732,0.057676159,0.131,49014.887,0.027820732,0.057676163,0.131
0.027144644,0.059604988,0.131,49005.586,0.027144644,0.059604988,0.131
0.026530018,0.061533809,0.131,48996.309,0.026530018,0.061533812,0.131
0.025971267,0.063462637,0.131,48987.043,0.025971267,0.063462637,0.131
0.025463311,0.065391466,0.131,48978.164,0.025463311,0.065391459,0.131
0.025001533,0.067320287,0.131,48969.926,0.025001533,0.067320287,0.131
0.024581734,0.069249108,0.131,48964.348,0.024581736,0.069249116,0.131
0.024178877,0.071177937,0.131,48964.379,0.024178877,0.071177937,0.131
0.023729773,0.073106766,0.131,48968.641,0.023729773,0.073106766,0.131
0.023187205,0.075035587,0.131,48973.098,0.023187207,0.075035587,0.131
0.022536881,0.076964408,0.131,48984.617,0.022536879,0.076964416,0.131
0.021764718,0.078893237,0.131,48985.551,0.021764716,0.078893237,0.131
0.02085809,0.080822065,0.131,48989.199,0.02085809,0.080822065,0.131
0.019807449,0.082750887,0.131,48992.562,0.019807449,0.082750887,0.131
0.018608212,0.084679708,0.131,48996.348,0.018608212,0.084679715,0.131
0.017262768,0.086608537,0.131,49001.375,0.017262768,0.086608537,0.131
0.01578214,0.088537365,0.131,49008.566,0.01578214,0.088537365,0.131
0.014186896,0.090466186,0.131,49018.574,0.014186897,0.090466186,0.131
0.012506869,0.092395008,0.131,49031.527,0.012506869,0.092395015,0.131
0.010779423,0.094323844,0.131,49046.539,0.010779423,0.094323836,0.131
0.0090463925,0.096252665,0.131,49061.883,0.0090463925,0.096252665,0.131
0.0073501496,0.098181486,0.131,49075.641,0.0073501491,0.098181486,0.131
0.0057295663,0.10011031,0.131,49086.09,0.0057295663,0.10011031,0.131
0.0042166673,0.10203914,0.131,49092.301,0.0042166673,0.10203914,0.131
0.0028345208,0.10396796,0.131,49094.285,0.0028345208,0.10396796,0.131
0.0015965936,0.10589679,0.131,49093.238,0.0015965936,0.10589679,0.131
0.00050738512,0.10782561,0.131,49091.246,0.00050738512,0.10782561,0.131
0.042844683,0.049960859,0.131,49134.293,0.042844683,0.049960863,0.131
0.041139543,0.048032038,0.131,49135.078,0.041139543,0.048032038,0.131
0.03965681,0.046103209,0.131,49139.836,0.03965681,0.046103213,0.131
0.03836748,0.044174388,0.131,49149.648,0.03836748,0.044174388,0.131
0.037163246,0.042245559,0.131,49165.59,0.037163246,0.042245563,0.131
0.035954155,0.044174388,0.131,49139.996,0.035954155,0.044174388,0.131
0.034745067,0.046103209,0.131,49116.391,0.034745067,0.046103213,0.131
0.03353598,0.048032038,0.131,49094.289,0.033535976,0.048032038,0.131
0.032361083,0.049960859,0.131,49073.496,0.032361083,0.049960863,0.131
0.031272233,0.051889684,0.131,49055.281,0.031272236,0.051889688,0.131
0.030282373,0.053818509,0.131,49040.688,0.030282373,0.053818513,0.131
0.029382497,0.055747338,0.131,49029.301,0.029382499,0.055747338,0.131
0.028564433,0.057676159,0.131,49019.977,0.028564431,0.057676163,0.131
0.027820732,0.059604988,0.131,49011.434,0.027820732,0.059604988,0.131
0.027144644,0.061533809,0.131,49002.73,0.027144644,0.061533812,0.131
0.026530018,0.063462637,0.131,48993.645,0.026530018,0.063462637,0.131
0.025971267,0.065391466,0.131,48984.348,0.025971267,0.065391459,0.131
0.025463311,0.067320287,0.131,48975.559,0.025463311,0.067320287,0.131
0.025001533,0.069249108,0.131,48967.098,0.025001533,0.069249116,0.131
0.024581734,0.071177937,0.131,48962.121,0.024581736,0.071177937,0.131
0.024178877,0.073106766,0.131,48962.828,0.024178877,0.073106766,0.131
0.023729773,0.075035587,0.131,48967.625,0.023729773,0.075035587,0.131
0.023187207,0.076964408,0.131,48974.02,0.023187207,0.076964416,0.131
0.022536881,0.078893237,0.131,48983.898,0.022536879,0.078893237,0.131
0.021764718,0.080822065,0.131,48988.629,0.021764716,0.080822065,0.131
0.02085809,0.082750887,0.131,48993.539,0.020858092,0.082750887,0.131
0.019807449,0.084679708,0.131,48998.312,0.019807449,0.084679715,0.131
0.018608212,0.086608537,0.131,49003.691,0.018608212,0.086608537,0.131
0.01726277,0.088537365,0.131,49010.578,0.01726277,0.088537365,0.131
0.01578214,0.090466186,0.131,49019.797,0.01578214,0.090466186,0.131
0.014186896,0.092395008,0.131,49031.867,0.014186897,0.092395015,0.131
0.012506869,0.094323844,0.131,49046.531,0.012506869,0.094323836,0.131
0.010779423,0.096252665,0.131,49062.391,0.010779423,0.096252665,0.131
0.0090463916,0.098181486,0.131,49077.465,0.0090463925,0.098181486,0.131
0.0073501486,0.10011031,0.131,49089.75,0.0073501486,0.10011031,0.131
0.0057295659,0.10203914,0.131,49097.969,0.0057295659,0.10203914,0.131
0.0042166663,0.10396796,0.131,49101.613,0.0042166668,0.10396796,0.131
0.0028345203,0.10589679,0.131,49101.41,0.0028345203,0.10589679,0.131
0.0015965933,0.10782561,0.131,49098.871,0.0015965933,0.10782561,0.131
0.000507385,0.10975444,0.131,49096.254,0.000507385,0.10975444,0.131
0.042844683,0.051889684,0.131,49121.008,0.042844683,0.051889688,0.131
0.041139543,0.049960859,0.131,49120.426,0.041139543,0.049960863,0.131
0.03965681,0.048032038,0.131,49123.27,0.03965681,0.048032038,0.131
0.03836748,0.046103209,0.131,49130.812,0.03836748,0.046103213,0.131
0.037163246,0.044174388,0.131,49144.52,0.037163246,0.044174388,0.131
0.035954155,0.046103209,0.131,49120.672,0.035954155,0.046103213,0.131
0.034745067,0.048032038,0.131,49098.691,0.034745067,0.048032038,0.131
0.03353598,0.049960859,0.131,49078.797,0.033535976,0.049960863,0.131
0.032361083,0.051889684,0.131,49060.82,0.032361083,0.051889688,0.131
0.031272233,0.053818509,0.131,49045.723,0.031272236,0.053818513,0.131
0.030282373,0.055747338,0.131,49033.988,0.030282373,0.055747338,0.131
0.029382497,0.057676159,0.131,49024.785,0.029382499,0.057676163,0.131
0.028564433,0.059604988,0.131,49016.828,0.028564431,0.059604988,0.131
0.027820732,0.061533809,0.131,49008.91,0.027820732,0.061533812,0.131
0.027144644,0.063462637,0.131,49000.375,0.027144644,0.063462637,0.131
0.026530018,0.065391466,0.131,48991.195,0.026530018,0.065391459,0.131
0.025971267,0.067320287,0.131,48981.832,0.025971267,0.067320287,0.131
0.025463311,0.069249108,0.131,48973.262,0.025463311,0.069249116,0.131
0.025001533,0.071177937,0.131,48964.758,0.025001533,0.071177937,0.131
0.024581734,0.073106766,0.131,48960.738,0.024581736,0.073106766,0.131
0.024178877,0.075035587,0.131,48962.125,0.024178877,0.075035587,0.131
0.023729773,0.076964408,0.131,48968.5,0.023729773,0.076964416,0.131
0.023187207,0.078893237,0.131,48977.859,0.023187207,0.078893237,0.131
0.022536881,0.080822065,0.131,48986.109,0.022536879,0.080822065,0.131
0.021764718,0.082750887,0.131,48992.73,0.021764718,0.082750887,0.131
0.020858092,0.084679708,0.131,48998.84,0.020858092,0.084679715,0.131
0.019807449,0.086608537,0.131,49004.988,0.019807449,0.086608537,0.131
0.018608212,0.088537365,0.131,49012.008,0.018608212,0.088537365,0.131
0.01726277,0.090466186,0.131,49020.781,0.01726277,0.090466186,0.131
0.01578214,0.092395008,0.131,49032.051,0.01578214,0.092395015,0.131
0.014186896,0.094323844,0.131,49046.062,0.014186896,0.094323836,0.131
0.012506869,0.096252665,0.131,49062.047,0.012506869,0.096252665,0.131
0.010779423,0.098181486,0.131,49078.219,0.010779423,0.098181486,0.131
0.0090463916,0.10011031,0.131,49092.34,0.0090463916,0.10011031,0.131
0.0073501486,0.10203914,0.131,49102.699,0.0073501482,0.10203914,0.131
0.0057295659,0.10396796,0.131,49108.43,0.0057295654,0.10396796,0.131
0.0042166663,0.10589679,0.131,49109.711,0.0042166659,0.10589679,0.131
0.0028345198,0.10782561,0.131,49107.773,0.0028345198,0.10782561,0.131
0.0015965931,0.10975444,0.131,49104.383,0.0015965931,0.10975444,0.131
0.00050738489,0.11168326,0.131,49101.824,0.00050738489,0.11168326,0.131
0.042844683,0.053818509,0.131,49109.465,0.042844683,0.053818513,0.131
0.041139543,0.051889684,0.131,49107.496,0.041139543,0.051889688,0.131
0.03965681,0.049960859,0.131,49108.707,0.03965681,0.049960863,0.131
0.03836748,0.048032038,0.131,49113.988,0.03836748,0.048032038,0.131
0.037163246,0.046103209,0.131,49125.484,0.037163246,0.046103213,0.131
0.035954155,0.048032038,0.131,49103.281,0.035954155,0.048032038,0.131
0.034745067,0.049960859,0.131,49083.367,0.034745067,0.049960863,0.131
0.03353598,0.051889684,0.131,49066.152,0.033535976,0.051889688,0.131
0.032361083,0.053818509,0.131,49051.258,0.032361083,0.053818513,0.131
0.031272233,0.055747338,0.131,49039.059,0.031272236,0.055747338,0.131
0.030282373,0.057676159,0.131,49029.621,0.030282373,0.057676163,0.131
0.029382497,0.059604988,0.131,49021.891,0.029382499,0.059604988,0.131
0.028564433,0.061533809,0.131,49014.609,0.028564431,0.061533812,0.131
0.027820732,0.063462637,0.131,49006.867,0.027820732,0.063462637,0.131
0.027144644,0.065391466,0.131,48998.203,0.027144644,0.065391459,0.131
0.026530018,0.067320287,0.131,48988.883,0.026530018,0.067320287,0.131
0.025971267,0.069249108,0.131,48979.551,0.025971267,0.069249116,0.131
0.025463311,0.071177937,0.131,48971.508,0.025463311,0.071177937,0.131
0.025001533,0.073106766,0.131,48960.27,0.025001533,0.073106766,0.131
0.024581734,0.075035587,0.131,48960.551,0.024581736,0.075035587,0.131
0.024178877,0.076964408,0.131,48962.844,0.024178877,0.076964416,0.131
0.023729773,0.078893237,0.131,48971.453,0.023729773,0.078893237,0.131
0.023187207,0.080822065,0.131,48981.199,0.023187207,0.080822065,0.131
0.022536881,0.082750887,0.131,48989.848,0.022536881,0.082750887,0.131
0.021764718,0.084679708,0.131,48997.664,0.021764718,0.084679715,0.131
0.020858092,0.086608537,0.131,49004.945,0.020858092,0.086608537,0.131
0.019807449,0.088537365,0.131,49012.504,0.019807449,0.088537365,0.131
0.018608212,0.090466186,0.131,49021.207,0.018608212,0.090466186,0.131
0.01726277,0.092395008,0.131,49031.93,0.01726277,0.092395015,0.131
0.01578214,0.094323844,0.131,49045.227,0.01578214,0.094323836,0.131
0.014186896,0.096252665,0.131,49060.914,0.014186896,0.096252665,0.131
0.012506869,0.098181486,0.131,49077.777,0.012506868,0.098181486,0.131
0.010779422,0.10011031,0.131,49093.602,0.010779422,0.10011031,0.131
0.0090463916,0.10203914,0.131,49106.242,0.0090463916,0.10203914,0.131
0.0073501477,0.10396796,0.131,49114.324,0.0073501477,0.10396796,0.131
0.0057295645,0.10589679,0.131,49117.625,0.0057295649,0.10589679,0.131
0.0042166654,0.10782561,0.131,49116.938,0.0042166654,0.10782561,0.131
0.0028345196,0.10975444,0.131,49113.891,0.0028345196,0.10975444,0.131
0.0015965927,0.11168326,0.131,49110.344,0.0015965928,0.11168326,0.131
0.00050738477,0.11361209,0.131,49108.32,0.00050738477,0.11361209,0.131
0.042844683,0.055747338,0.131,49099.688,0.042844683,0.055747338,0.131
0.041139543,0.053818509,0.131,49096.539,0.041139543,0.053818513,0.131
0.03965681,0.051889684,0.131,49096.129,0.03965681,0.051889688,0.131
0.03836748,0.049960859,0.131,49099.242,0.03836748,0.049960863,0.131
0.037163246,0.048032038,0.131,49108.387,0.037163246,0.048032038,0.131
0.035954155,0.049960859,0.131,49088.133,0.035954155,0.049960863,0.131
0.034745067,0.051889684,0.131,49070.746,0.034745067,0.051889688,0.131
0.03353598,0.053818509,0.131,49056.555,0.033535976,0.053818513,0.131
0.032361083,0.055747338,0.131,49044.566,0.032361083,0.055747338,0.131
0.031272233,0.057676159,0.131,49034.762,0.031272236,0.057676163,0.131
0.030282373,0.059604988,0.131,49026.906,0.030282373,0.059604988,0.131
0.029382497,0.061533809,0.131,49019.922,0.029382499,0.061533812,0.131
0.028564433,0.063462637,0.131,49012.828,0.028564431,0.063462637,0.131
0.027820732,0.065391466,0.131,49004.957,0.027820732,0.065391459,0.131
0.027144644,0.067320287,0.131,48996.129,0.027144644,0.067320287,0.131
0.026530018,0.069249108,0.131,48986.793,0.026530018,0.069249116,0.131
0.025971267,0.071177937,0.131,48977.84,0.025971267,0.071177937,0.131
0.025463311,0.073106766,0.131,48971.969,0.025463311,0.073106766,0.131
0.025001533,0.075035587,0.131,48961.832,0.025001533,0.075035587,0.131
0.024581734,0.076964408,0.131,48961.082,0.024581736,0.076964416,0.131
0.024178877,0.078893237,0.131,48964.957,0.024178877,0.078893237,0.131
0.023729773,0.080822065,0.131,48974.434,0.023729773,0.080822065,0.131
0.023187207,0.082750887,0.131,48984.828,0.023187207,0.082750887,0.131
0.022536881,0.084679708,0.131,48994.477,0.022536881,0.084679715,0.131
0.021764718,0.086608537,0.131,49003.289,0.021764718,0.086608537,0.131
0.020858092,0.088537365,0.131,49011.77,0.020858092,0.088537365,0.131
0.019807449,0.090466186,0.131,49020.789,0.019807449,0.090466186,0.131
0.018608212,0.092395008,0.131,49031.281,0.018608212,0.092395015,0.131
0.01726277,0.094323844,0.131,49044.008,0.01726277,0.094323836,0.131
0.01578214,0.096252665,0.131,49059.199,0.01578214,0.096252665,0.131
0.014186896,0.098181486,0.131,49076.246,0.014186896,0.098181486,0.131
0.012506869,0.10011031,0.131,49093.383,0.012506868,0.10011031,0.131
0.010779422,0.10203914,0.131,49108.305,0.010779422,0.10203914,0.131
0.0090463907,0.10396796,0.131,49119.004,0.0090463907,0.10396796,0.131
0.0073501468,0.10589679,0.131,49124.738,0.0073501472,0.10589679,0.131
0.005729564,0.10782561,0.131,49125.871,0.005729564,0.10782561,0.131
0.0042166649,0.10975444,0.131,49123.793,0.0042166649,0.10975444,0.131
0.0028345189,0.11168326,0.131,49120.34,0.0028345191,0.11168326,0.131
0.0015965925,0.11361209,0.131,49117.145,0.0015965925,0.11361209,0.131
0.00050738471,0.11554092,0.131,49116.074,0.00050738471,0.11554091,0.131
0.041139543,0.055747338,0.131,49087.812,0.041139543,0.055747338,0.131
0.03965681,0.053818509,0.131,49085.738,0.03965681,0.053818513,0.131
0.03836748,0.051889684,0.131,49086.789,0.03836748,0.051889688,0.131
0.037163246,0.049960859,0.131,49093.43,0.037163246,0.049960863,0.131
0.035954155,0.051889684,0.131,49075.551,0.035954155,0.051889688,0.131
0.034745067,0.053818509,0.131,49061.098,0.034745067,0.053818513,0.131
0.03353598,0.055747338,0.131,49049.82,0.033535976,0.055747338,0.131
0.032361083,0.057676159,0.131,49040.297,0.032361083,0.057676163,0.131
0.031272233,0.059604988,0.131,49032.176,0.031272236,0.059604988,0.131
0.030282373,0.061533809,0.131,49025.145,0.030282373,0.061533812,0.131
0.029382497,0.063462637,0.131,49018.344,0.029382499,0.063462637,0.131
0.028564433,0.065391466,0.131,49011.129,0.028564431,0.065391459,0.131
0.027820732,0.067320287,0.131,49003.098,0.027820732,0.067320287,0.131
0.027144644,0.069249108,0.131,48994.242,0.027144644,0.069249116,0.131
0.026530018,0.071177937,0.131,48985.16,0.026530018,0.071177937,0.131
0.025971267,0.073106766,0.131,48977.52,0.025971267,0.073106766,0.131
0.025463311,0.075035587,0.131,48970.047,0.025463311,0.075035587,0.131
0.025001533,0.076964408,0.131,48962.641,0.025001533,0.076964416,0.131
0.024581734,0.078893237,0.131,48962.594,0.024581736,0.078893237,0.131
0.024178877,0.080822065,0.131,48967.688,0.024178877,0.080822065,0.131
0.023729773,0.082750887,0.131,48977.906,0.023729773,0.082750887,0.131
0.023187207,0.084679708,0.131,48989.164,0.023187207,0.084679715,0.131
0.022536881,0.086608537,0.131,48999.719,0.022536881,0.086608537,0.131
0.021764718,0.088537365,0.131,49009.539,0.021764718,0.088537365,0.131
0.020858094,0.090466186,0.131,49019.27,0.020858092,0.090466186,0.131
0.019807449,0.092395008,0.131,49029.883,0.019807449,0.092395015,0.131
0.018608212,0.094323844,0.131,49042.293,0.018608212,0.094323836,0.131
0.01726277,0.096252665,0.131,49057.008,0.01726277,0.096252665,0.131
0.01578214,0.098181486,0.131,49073.91,0.01578214,0.098181486,0.131
0.014186896,0.10011031,0.131,49091.809,0.014186896,0.10011031,0.131
0.012506869,0.10203914,0.131,49108.684,0.012506868,0.10203914,0.131
0.010779421,0.10396796,0.131,49122.145,0.010779421,0.10396796,0.131
0.0090463897,0.10589679,0.131,49130.711,0.0090463907,0.10589679,0.131
0.0073501463,0.10782561,0.131,49134.191,0.0073501463,0.10782561,0.131
0.0057295635,0.10975444,0.131,49133.629,0.0057295635,0.10975444,0.131
0.0042166645,0.11168326,0.131,49130.848,0.0042166645,0.11168326,0.131
0.0028345187,0.11361209,0.131,49127.516,0.0028345187,0.11361209,0.131
0.0015965923,0.11554092,0.131,49125.129,0.0015965923,0.11554091,0.131
0.0005073846,0.11746974,0.131,49125.09,0.0005073846,0.11746974,0.131
0.041139543,0.057676159,0.131,49081.133,0.041139543,0.057676163,0.131
0.03965681,0.055747338,0.131,49077.656,0.03965681,0.055747338,0.131
0.03836748,0.053818509,0.131,49076.746,0.03836748,0.053818513,0.131
0.037163246,0.051889684,0.131,49080.914,0.037163246,0.051889688,0.131
0.035954155,0.053818509,0.131,49065.836,0.035954155,0.053818513,0.131
0.034745067,0.055747338,0.131,49054.32,0.034745067,0.055747338,0.131
0.03353598,0.057676159,0.131,49045.562,0.033535976,0.057676163,0.131
0.032361083,0.059604988,0.131,49037.828,0.032361083,0.059604988,0.131
0.031272233,0.061533809,0.131,49030.621,0.031272236,0.061533812,0.131
0.030282373,0.063462637,0.131,49023.793,0.030282373,0.063462637,0.131
0.029382497,0.065391466,0.131,49016.84,0.029382499,0.065391459,0.131
0.028564433,0.067320287,0.131,49009.453,0.028564431,0.067320287,0.131
0.027820732,0.069249108,0.131,49001.371,0.027820732,0.069249116,0.131
0.027144644,0.071177937,0.131,48992.734,0.027144644,0.071177937,0.131
0.026530018,0.073106766,0.131,48984.125,0.026530018,0.073106766,0.131
0.025971267,0.075035587,0.131,48976.461,0.025971267,0.075035587,0.131
0.025463311,0.076964408,0.131,48970.516,0.025463311,0.076964416,0.131
0.025001533,0.078893237,0.131,48965.352,0.025001533,0.078893237,0.131
0.024581734,0.080822065,0.131,48965.207,0.024581736,0.080822065,0.131
0.024178877,0.082750887,0.131,48971.031,0.024178877,0.082750887,0.131
0.023729773,0.084679708,0.131,48982.016,0.023729773,0.084679715,0.131
0.023187207,0.086608537,0.131,48994.051,0.023187207,0.086608537,0.131
0.022536881,0.088537365,0.131,49005.488,0.022536881,0.088537365,0.131
0.021764718,0.090466186,0.131,49016.375,0.021764718,0.090466186,0.131
0.020858094,0.092395008,0.131,49027.516,0.020858094,0.092395015,0.131
0.01980745,0.094323844,0.131,49039.91,0.01980745,0.094323836,0.131
0.018608212,0.096252665,0.131,49054.332,0.018608212,0.096252665,0.131
0.01726277,0.098181486,0.131,49070.992,0.01726277,0.098181486,0.131
0.01578214,0.10011031,0.131,49089.223,0.01578214,0.10011031,0.131
0.014186896,0.10203914,0.131,49107.484,0.014186896,0.10203914,0.131
0.012506867,0.10396796,0.131,49123.492,0.012506868,0.10396796,0.131
0.01077942,0.10589679,0.131,49135.168,0.010779421,0.10589679,0.131
0.0090463897,0.10782561,0.131,49141.527,0.0090463897,0.10782561,0.131
0.0073501458,0.10975444,0.131,49143.066,0.0073501458,0.10975444,0.131
0.0057295626,0.11168326,0.131,49141.438,0.0057295631,0.11168326,0.131
0.0042166635,0.11361209,0.131,49138.48,0.004216664,0.11361209,0.131
0.0028345184,0.11554092,0.131,49135.766,0.0028345182,0.11554091,0.131
0.0015965919,0.11746974,0.131,49134.312,0.0015965919,0.11746974,0.131
0.00050738448,0.11939856,0.131,49135.219,0.00050738448,0.11939856,0.131
0.041139543,0.059604988,0.131,49076.559,0.041139543,0.059604988,0.131
0.03965681,0.057676159,0.131,49072.004,0.03965681,0.057676163,0.131
0.03836748,0.055747338,0.131,49069.203,0.03836748,0.055747338,0.131
0.037163246,0.053818509,0.131,49071.082,0.037163246,0.053818513,0.131
0.035954155,0.055747338,0.131,49058.949,0.035954155,0.055747338,0.131
0.034745067,0.057676159,0.131,49050.055,0.034745067,0.057676163,0.131
0.03353598,0.059604988,0.131,49043.164,0.033535976,0.059604988,0.131
0.032361083,0.061533809,0.131,49036.453,0.032361083,0.061533812,0.131
0.031272233,0.063462637,0.131,49029.523,0.031272236,0.063462637,0.131
0.030282373,0.065391466,0.131,49022.516,0.030282373,0.065391459,0.131
0.029382497,0.067320287,0.131,49015.352,0.029382499,0.067320287,0.131
0.028564433,0.069249108,0.131,49007.867,0.028564431,0.069249116,0.131
0.027820732,0.071177937,0.131,48999.969,0.027820732,0.071177937,0.131
0.027144644,0.073106766,0.131,48991.625,0.027144644,0.073106766,0.131
0.026530018,0.075035587,0.131,48983.684,0.026530018,0.075035587,0.131
0.025971267,0.076964408,0.131,48977.051,0.025971267,0.076964416,0.131
0.025463311,0.078893237,0.131,48971.543,0.025463311,0.078893237,0.131
0.025001533,0.080822065,0.131,48968.117,0.025001533,0.080822065,0.131
0.024581734,0.082750887,0.131,48968.594,0.024581736,0.082750887,0.131
0.024178877,0.084679708,0.131,48974.934,0.024178877,0.084679715,0.131
0.023729773,0.086608537,0.131,48986.633,0.023729773,0.086608537,0.131
0.023187209,0.088537365,0.131,48999.398,0.023187207,0.088537365,0.131
0.022536881,0.090466186,0.131,49011.773,0.022536881,0.090466186,0.131
0.021764718,0.092395008,0.131,49023.906,0.021764718,0.092395015,0.131
0.020858094,0.094323844,0.131,49036.688,0.020858094,0.094323836,0.131
0.01980745,0.096252665,0.131,49051.059,0.01980745,0.096252665,0.131
0.018608212,0.098181486,0.131,49067.562,0.018608214,0.098181486,0.131
0.01726277,0.10011031,0.131,49085.922,0.01726277,0.10011031,0.131
0.01578214,0.10203914,0.131,49105.078,0.01578214,0.10203914,0.131
0.014186896,0.10396796,0.131,49123.102,0.014186896,0.10396796,0.131
0.012506867,0.10589679,0.131,49137.797,0.012506867,0.10589679,0.131
0.01077942,0.10782561,0.131,49147.449,0.010779421,0.10782561,0.131
0.0090463888,0.10975444,0.131,49151.734,0.0090463897,0.10975444,0.131
0.0073501454,0.11168326,0.131,49151.844,0.0073501454,0.11168326,0.131
0.0057295621,0.11361209,0.131,49149.66,0.0057295626,0.11361209,0.131
0.0042166635,0.11554092,0.131,49147.047,0.0042166635,0.11554091,0.131
0.0028345177,0.11746974,0.131,49145.133,0.0028345177,0.11746974,0.131
0.0015965917,0.11939856,0.131,49144.586,0.0015965917,0.11939856,0.131
0.00050738442,0.12132739,0.131,49146.34,0.00050738436,0.12132739,0.131
0.03965681,0.059604988,0.131,49068.0,0.03965681,0.059604988,0.131
0.03836748,0.057676159,0.131,49064.055,0.03836748,0.057676163,0.131
0.037163246,0.055747338,0.131,49063.961,0.037163246,0.055747338,0.131
0.035954155,0.057676159,0.131,49054.527,0.035954155,0.057676163,0.131
0.034745067,0.059604988,0.131,49047.629,0.034745067,0.059604988,0.131
0.03353598,0.061533809,0.131,49041.867,0.033535976,0.061533812,0.131
0.032361083,0.063462637,0.131,49035.547,0.032361083,0.063462637,0.131
0.031272233,0.065391466,0.131,49028.469,0.031272236,0.065391459,0.131
0.030282373,0.067320287,0.131,49021.215,0.030282373,0.067320287,0.131
0.029382497,0.069249108,0.131,49013.922,0.029382499,0.069249116,0.131
0.028564433,0.071177937,0.131,49006.562,0.028564431,0.071177937,0.131
0.027820732,0.073106766,0.131,48998.949,0.027820732,0.073106766,0.131
0.027144644,0.075035587,0.131,48991.285,0.027144644,0.075035587,0.131
0.026530018,0.076964408,0.131,48984.18,0.026530018,0.076964416,0.131
0.025971267,0.078893237,0.131,48978.059,0.025971267,0.078893237,0.131
0.025463311,0.080822065,0.131,48973.852,0.025463311,0.080822065,0.131
0.025001533,0.082750887,0.131,48971.465,0.025001533,0.082750887,0.131
0.024581734,0.084679708,0.131,48972.473,0.024581736,0.084679715,0.131
0.024178877,0.086608537,0.131,48979.289,0.024178877,0.086608537,0.131
0.023729773,0.088537365,0.131,48991.672,0.023729773,0.088537365,0.131
0.023187209,0.090466186,0.131,49005.211,0.023187209,0.090466186,0.131
0.022536881,0.092395008,0.131,49018.715,0.022536881,0.092395015,0.131
0.021764718,0.094323844,0.131,49032.359,0.02176472,0.094323836,0.131
0.020858094,0.096252665,0.131,49047.043,0.020858094,0.096252665,0.131
0.01980745,0.098181486,0.131,49063.578,0.01980745,0.098181486,0.131
0.018608212,0.10011031,0.131,49082.051,0.018608214,0.10011031,0.131
0.01726277,0.10203914,0.131,49101.801,0.01726277,0.10203914,0.131
0.01578214,0.10396796,0.131,49121.312,0.015782142,0.10396796,0.131
0.014186896,0.10589679,0.131,49138.582,0.014186896,0.10589679,0.131
0.012506867,0.10782561,0.131,49151.57,0.012506867,0.10782561,0.131
0.01077942,0.10975444,0.131,49159.148,0.01077942,0.10975444,0.131
0.0090463888,0.11168326,0.131,49161.715,0.0090463888,0.11168326,0.131
0.0073501449,0.11361209,0.131,49160.848,0.0073501449,0.11361209,0.131
0.0057295621,0.11554092,0.131,49158.652,0.0057295617,0.11554091,0.131
0.0042166626,0.11746974,0.131,49156.633,0.0042166631,0.11746974,0.131
0.0028345173,0.11939856,0.131,49155.539,0.0028345173,0.11939856,0.131
0.0015965912,0.12132739,0.131,49155.836,0.0015965913,0.12132739,0.131
0.00050738431,0.12325621,0.131,49158.27,0.00050738431,0.12325621,0.131
0.03836748,0.059604988,0.131,49060.809,0.03836748,0.059604988,0.131
0.037163246,0.057676159,0.131,49059.211,0.037163246,0.057676163,0.131
0.035954155,0.059604988,0.131,49051.957,0.035954155,0.059604988,0.131
0.034745067,0.061533809,0.131,49046.309,0.034745067,0.061533812,0.131
0.03353598,0.063462637,0.131,49041.051,0.033535976,0.063462637,0.131
0.032361083,0.065391466,0.131,49034.656,0.032361083,0.065391459,0.131
0.031272233,0.067320287,0.131,49027.316,0.031272236,0.067320287,0.131
0.030282373,0.069249108,0.131,49019.91,0.030282373,0.069249116,0.131
0.029382497,0.071177937,0.131,49012.688,0.029382499,0.071177937,0.131
0.028564431,0.073106766,0.131,49005.641,0.028564431,0.073106766,0.131
0.027820732,0.075035587,0.131,48998.617,0.027820732,0.075035587,0.131
0.027144644,0.076964408,0.131,48991.707,0.027144644,0.076964416,0.131
0.026530018,0.078893237,0.131,48985.383,0.026530018,0.078893237,0.131
0.025971267,0.080822065,0.131,48980.324,0.025971267,0.080822065,0.131
0.025463311,0.082750887,0.131,48976.902,0.025463311,0.082750887,0.131
0.025001533,0.084679708,0.131,48975.211,0.025001533,0.084679715,0.131
0.024581734,0.086608537,0.131,48976.727,0.024581736,0.086608537,0.131
0.024178877,0.088537365,0.131,48984.027,0.024178877,0.088537365,0.131
0.023729773,0.090466186,0.131,48997.129,0.023729773,0.090466186,0.131
0.023187209,0.092395008,0.131,49011.656,0.023187209,0.092395015,0.131
0.022536881,0.094323844,0.131,49026.582,0.022536881,0.094323836,0.131
0.021764718,0.096252665,0.131,49042.043,0.02176472,0.096252665,0.131
0.020858094,0.098181486,0.131,49058.91,0.020858094,0.098181486,0.131
0.01980745,0.10011031,0.131,49077.609,0.01980745,0.10011031,0.131
0.018608212,0.10203914,0.131,49097.852,0.018608214,0.10203914,0.131
0.01726277,0.10396796,0.131,49118.484,0.01726277,0.10396796,0.131
0.01578214,0.10589679,0.131,49137.809,0.015782142,0.10589679,0.131
0.014186896,0.10782561,0.131,49153.801,0.014186896,0.10782561,0.131
0.012506866,0.10975444,0.131,49164.852,0.012506867,0.10975444,0.131
0.01077942,0.11168326,0.131,49170.527,0.01077942,0.11168326,0.131
0.0090463888,0.11361209,0.131,49171.719,0.0090463888,0.11361209,0.131
0.007350144,0.11554092,0.131,49170.43,0.0073501444,0.11554091,0.131
0.0057295607,0.11746974,0.131,49168.539,0.0057295612,0.11746974,0.131
0.0042166621,0.11939856,0.131,49167.211,0.0042166621,0.11939856,0.131
0.0028345168,0.12132739,0.131,49166.934,0.0028345168,0.12132739,0.131
0.0015965911,0.12325621,0.131,49167.914,0.0015965911,0.12325621,0.131
0.00050738419,0.12518504,0.131,49171.117,0.00050738419,0.12518504,0.131
0.037163246,0.059604988,0.131,49056.406,0.037163246,0.059604988,0.131
0.035954155,0.061533809,0.131,49050.527,0.035954155,0.061533812,0.131
0.034745067,0.063462637,0.131,49045.512,0.034745067,0.063462637,0.131
0.03353598,0.065391466,0.131,49040.27,0.033535976,0.065391459,0.131
0.032361083,0.067320287,0.131,49033.621,0.032361083,0.067320287,0.131
0.031272233,0.069249108,0.131,49026.074,0.031272236,0.069249116,0.131
0.030282373,0.071177937,0.131,49018.703,0.030282373,0.071177937,0.131
0.029382497,0.073106766,0.131,49011.801,0.029382499,0.073106766,0.131
0.028564431,0.075035587,0.131,49005.312,0.028564431,0.075035587,0.131
0.027820732,0.076964408,0.131,48999.0,0.027820732,0.076964416,0.131
0.027144644,0.078893237,0.131,48992.926,0.027144644,0.078893237,0.131
0.026530018,0.080822065,0.131,48987.527,0.026530018,0.080822065,0.131
0.025971267,0.082750887,0.131,48983.277,0.025971267,0.082750887,0.131
0.025463311,0.084679708,0.131,48980.359,0.025463311,0.084679715,0.131
0.025001533,0.086608537,0.131,48979.234,0.025001533,0.086608537,0.131
0.024581734,0.088537365,0.131,48981.297,0.024581736,0.088537365,0.131
0.024178877,0.090466186,0.131,48989.164,0.024178877,0.090466186,0.131
0.023729773,0.092395008,0.131,49003.195,0.023729775,0.092395015,0.131
0.023187209,0.094323844,0.131,49019.043,0.023187209,0.094323836,0.131
0.022536881,0.096252665,0.131,49035.711,0.022536883,0.096252665,0.131
0.021764718,0.098181486,0.131,49053.352,0.02176472,0.098181486,0.131
0.020858094,0.10011031,0.131,49072.504,0.020858094,0.10011031,0.131
0.01980745,0.10203914,0.131,49093.266,0.01980745,0.10203914,0.131
0.018608214,0.10396796,0.131,49114.836,0.018608214,0.10396796,0.131
0.01726277,0.10589679,0.131,49135.812,0.01726277,0.10589679,0.131
0.01578214,0.10782561,0.131,49154.348,0.015782142,0.10782561,0.131
0.014186896,0.10975444,0.131,49168.672,0.014186896,0.10975444,0.131
0.012506866,0.11168326,0.131,49177.781,0.012506867,0.11168326,0.131
0.01077942,0.11361209,0.131,49181.758,0.010779419,0.11361209,0.131
0.0090463879,0.11554092,0.131,49182.094,0.0090463879,0.11554091,0.131
0.0073501435,0.11746974,0.131,49180.742,0.0073501435,0.11746974,0.131
0.0057295607,0.11939856,0.131,49179.34,0.0057295607,0.11939856,0.131
0.0042166617,0.12132739,0.131,49178.77,0.0042166617,0.12132739,0.131
0.0028345166,0.12325621,0.131,49179.172,0.0028345166,0.12325621,0.131
0.0015965909,0.12518504,0.131,49180.93,0.0015965907,0.12518504,0.131
0.00050738407,0.12711386,0.131,49185.176,0.00050738407,0.12711386,0.131
0.037163246,0.061533809,0.131,49054.781,0.037163246,0.061533812,0.131
0.035954155,0.063462637,0.131,49049.719,0.035954155,0.063462637,0.131
0.034745067,0.065391466,0.131,49044.812,0.034745067,0.065391459,0.131
0.03353598,0.067320287,0.131,49039.352,0.033535976,0.067320287,0.131
0.032361083,0.069249108,0.131,49032.438,0.032361083,0.069249116,0.131
0.031272233,0.071177937,0.131,49024.883,0.031272236,0.071177937,0.131
0.030282373,0.073106766,0.131,49017.801,0.030282373,0.073106766,0.131
0.029382497,0.075035587,0.131,49011.48,0.029382499,0.075035587,0.131
0.028564431,0.076964408,0.131,49005.633,0.028564431,0.076964416,0.131
0.027820732,0.078893237,0.131,49000.129,0.027820732,0.078893237,0.131
0.027144644,0.080822065,0.131,48994.906,0.027144644,0.080822065,0.131
0.026530018,0.082750887,0.131,48990.312,0.026530018,0.082750887,0.131
0.025971267,0.084679708,0.131,48986.621,0.025971267,0.084679715,0.131
0.025463311,0.086608537,0.131,48984.094,0.025463311,0.086608537,0.131
0.025001533,0.088537365,0.131,48983.523,0.025001533,0.088537365,0.131
0.024581734,0.090466186,0.131,48986.219,0.024581736,0.090466186,0.131
0.024178877,0.092395008,0.131,48994.902,0.024178877,0.092395015,0.131
0.023729775,0.094323844,0.131,49010.191,0.023729775,0.094323836,0.131
0.023187209,0.096252665,0.131,49027.73,0.023187209,0.096252665,0.131
0.022536881,0.098181486,0.131,49046.555,0.022536883,0.098181486,0.131
0.02176472,0.10011031,0.131,49066.547,0.02176472,0.10011031,0.131
0.020858094,0.10203914,0.131,49087.984,0.020858094,0.10203914,0.131
0.01980745,0.10396796,0.131,49110.434,0.01980745,0.10396796,0.131
0.018608214,0.10589679,0.131,49132.816,0.018608214,0.10589679,0.131
0.01726277,0.10782561,0.131,49153.484,0.01726277,0.10782561,0.131
0.01578214,0.10975444,0.131,49170.715,0.015782142,0.10975444,0.131
0.014186896,0.11168326,0.131,49183.207,0.014186896,0.11168326,0.131
0.012506866,0.11361209,0.131,49190.426,0.012506866,0.11361209,0.131
0.01077942,0.11554092,0.131,49193.137,0.010779419,0.11554091,0.131
0.0090463879,0.11746974,0.131,49192.992,0.0090463869,0.11746974,0.131
0.007350143,0.11939856,0.131,49191.855,0.007350143,0.11939856,0.131
0.0057295603,0.12132739,0.131,49191.102,0.0057295603,0.12132739,0.131
0.0042166612,0.12325621,0.131,49191.203,0.0042166612,0.12325621,0.131
0.0028345161,0.12518504,0.131,49192.391,0.0028345161,0.12518504,0.131
0.0015965905,0.12711386,0.131,49195.188,0.0015965905,0.12711386,0.131
0.00050738396,0.12904269,0.131,49200.91,0.00050738401,0.12904269,0.131
0.037163246,0.063462637,0.131,49053.926,0.037163246,0.063462637,0.131
0.035954155,0.065391466,0.131,49049.094,0.035954155,0.065391459,0.131
0.034745067,0.067320287,0.131,49044.016,0.034745067,0.067320287,0.131
0.03353598,0.069249108,0.131,49038.273,0.033535976,0.069249116,0.131
0.032361083,0.071177937,0.131,49031.309,0.032361083,0.071177937,0.131
0.031272233,0.073106766,0.131,49023.984,0.031272236,0.073106766,0.131
0.030282373,0.075035587,0.131,49017.473,0.030282373,0.075035587,0.131
0.029382497,0.076964408,0.131,49011.773,0.029382499,0.076964416,0.131
0.028564431,0.078893237,0.131,49006.668,0.028564431,0.078893237,0.131
0.027820732,0.080822065,0.131,49001.984,0.027820732,0.080822065,0.131
0.027144644,0.082750887,0.131,48997.496,0.027144644,0.082750887,0.131
0.026530018,0.084679708,0.131,48993.473,0.026530018,0.084679715,0.131
0.025971267,0.086608537,0.131,48990.191,0.025971267,0.086608537,0.131
0.025463311,0.088537365,0.131,48988.117,0.025463311,0.088537365,0.131
0.025001533,0.090466186,0.131,48988.164,0.025001533,0.090466186,0.131
0.024581734,0.092395008,0.131,48991.711,0.024581736,0.092395015,0.131
0.024178877,0.094323844,0.131,49001.578,0.024178877,0.094323836,0.131
0.023729775,0.096252665,0.131,49018.512,0.023729775,0.096252665,0.131
0.023187209,0.098181486,0.131,49038.199,0.023187209,0.098181486,0.131
0.022536881,0.10011031,0.131,49059.41,0.022536883,0.10011031,0.131
0.02176472,0.10203914,0.131,49081.836,0.02176472,0.10203914,0.131
0.020858094,0.10396796,0.131,49105.246,0.020858096,0.10396796,0.131
0.01980745,0.10589679,0.131,49128.906,0.01980745,0.10589679,0.131
0.018608216,0.10782561,0.131,49151.434,0.018608214,0.10782561,0.131
0.01726277,0.10975444,0.131,49171.191,0.017262772,0.10975444,0.131
0.01578214,0.11168326,0.131,49186.816,0.015782142,0.11168326,0.131
0.014186896,0.11361209,0.131,49197.375,0.014186895,0.11361209,0.131
0.012506866,0.11554092,0.131,49203.023,0.012506866,0.11554091,0.131
0.010779418,0.11746974,0.131,49204.824,0.010779418,0.11746974,0.131
0.0090463869,0.11939856,0.131,49204.543,0.0090463869,0.11939856,0.131
0.0073501426,0.12132739,0.131,49203.879,0.0073501426,0.12132739,0.131
0.0057295598,0.12325621,0.131,49203.777,0.0057295593,0.12325621,0.131
0.0042166607,0.12518504,0.131,49204.68,0.0042166607,0.12518504,0.131
0.0028345156,0.12711386,0.131,49206.902,0.0028345156,0.12711386,0.131
0.0015965903,0.12904269,0.131,49211.16,0.0015965903,0.12904269,0.131
0.0005073839,0.13089341,0.131,49218.109,0.0005073839,0.13089342,0.131
0.037163246,0.065391466,0.131,49053.352,0.037163246,0.065391459,0.131
0.035954155,0.067320287,0.131,49048.426,0.035954155,0.067320287,0.131
0.034745067,0.069249108,0.131,49043.074,0.034745067,0.069249116,0.131
0.03353598,0.071177937,0.131,49037.25,0.033535976,0.071177937,0.131
0.032361083,0.073106766,0.131,49030.461,0.032361083,0.073106766,0.131
0.031272233,0.075035587,0.131,49023.652,0.031272236,0.075035587,0.131
0.030282373,0.076964408,0.131,49017.809,0.030282373,0.076964416,0.131
0.029382497,0.078893237,0.131,49012.762,0.029382499,0.078893237,0.131
0.028564431,0.080822065,0.131,49008.438,0.028564431,0.080822065,0.131
0.027820732,0.082750887,0.131,49004.41,0.027820732,0.082750887,0.131
0.027144644,0.084679708,0.131,49000.445,0.027144644,0.084679715,0.131
0.026530018,0.086608537,0.131,48996.812,0.026530018,0.086608537,0.131
0.025971267,0.088537365,0.131,48993.969,0.025971267,0.088537365,0.131
0.025463311,0.090466186,0.131,48992.477,0.025463311,0.090466186,0.131
0.025001533,0.092395008,0.131,48993.375,0.025001533,0.092395015,0.131
0.024581734,0.094323844,0.131,48998.125,0.024581736,0.094323836,0.131
0.024178877,0.096252665,0.131,49009.609,0.024178877,0.096252665,0.131
0.023729775,0.098181486,0.131,49028.672,0.023729775,0.098181486,0.131
0.023187209,0.10011031,0.131,49050.777,0.023187209,0.10011031,0.131
0.022536881,0.10203914,0.131,49074.527,0.022536883,0.10203914,0.131
0.02176472,0.10396796,0.131,49099.133,0.02176472,0.10396796,0.131
0.020858096,0.10589679,0.131,49124.07,0.020858096,0.10589679,0.131
0.019807452,0.10782561,0.131,49148.277,0.019807452,0.10782561,0.131
0.018608216,0.10975444,0.131,49170.281,0.018608214,0.10975444,0.131
0.01726277,0.11168326,0.131,49188.719,0.017262772,0.11168326,0.131
0.01578214,0.11361209,0.131,49202.504,0.015782142,0.11361209,0.131
0.014186896,0.11554092,0.131,49211.344,0.014186895,0.11554091,0.131
0.012506866,0.11746974,0.131,49215.715,0.012506866,0.11746974,0.131
0.010779418,0.11939856,0.131,49216.988,0.010779418,0.11939856,0.131
0.0090463869,0.12132739,0.131,49216.934,0.009046386,0.12132739,0.131
0.0073501421,0.12325621,0.131,49216.852,0.0073501421,0.12325621,0.131
0.0057295589,0.12518504,0.131,49217.562,0.0057295589,0.12518504,0.131
0.0042166603,0.12711386,0.131,49219.5,0.0042166603,0.12711386,0.131
0.0028345152,0.12904269,0.131,49223.164,0.0028345152,0.12904269,0.131
0.0015965898,0.13089341,0.131,49228.637,0.0015965899,0.13089342,0.131
0.00050738384,0.13258547,0.131,49235.934,0.00050738378,0.13258548,0.131
0.037163246,0.067320287,0.131,49052.797,0.037163246,0.067320287,0.131
0.035954155,0.069249108,0.131,49047.629,0.035954155,0.069249116,0.131
0.034745067,0.071177937,0.131,49042.16,0.034745067,0.071177937,0.131
0.03353598,0.073106766,0.131,49036.473,0.033535976,0.073106766,0.131
0.032361083,0.075035587,0.131,49030.145,0.032361083,0.075035587,0.131
0.031272233,0.076964408,0.131,49024.023,0.031272236,0.076964416,0.131
0.030282373,0.078893237,0.131,49018.797,0.030282373,0.078893237,0.131
0.029382497,0.080822065,0.131,49014.426,0.029382499,0.080822065,0.131
0.028564431,0.082750887,0.131,49010.734,0.028564431,0.082750887,0.131
0.027820732,0.084679708,0.131,49007.168,0.027820732,0.084679715,0.131
0.027144644,0.086608537,0.131,49003.551,0.027144644,0.086608537,0.131
0.026530018,0.088537365,0.131,49000.316,0.026530018,0.088537365,0.131
0.025971267,0.090466186,0.131,48998.023,0.025971267,0.090466186,0.131
0.025463311,0.092395008,0.131,48997.379,0.025463311,0.092395015,0.131
0.025001533,0.094323844,0.131,48999.516,0.025001533,0.094323836,0.131
0.024581734,0.096252665,0.131,49005.906,0.024581736,0.096252665,0.131
0.024178877,0.098181486,0.131,49019.496,0.024178877,0.098181486,0.131
0.023729775,0.10011031,0.131,49041.027,0.023729775,0.10011031,0.131
0.023187209,0.10203914,0.131,49065.734,0.023187209,0.10203914,0.131
0.022536881,0.10396796,0.131,49091.82,0.022536883,0.10396796,0.131
0.02176472,0.10589679,0.131,49118.195,0.02176472,0.10589679,0.131
0.020858096,0.10782561,0.131,49144.016,0.020858096,0.10782561,0.131
0.019807452,0.10975444,0.131,49168.066,0.019807452,0.10975444,0.131
0.018608216,0.11168326,0.131,49189.055,0.018608214,0.11168326,0.131
0.01726277,0.11361209,0.131,49205.832,0.017262772,0.11361209,0.131
0.01578214,0.11554092,0.131,49217.871,0.015782142,0.11554091,0.131
0.014186896,0.11746974,0.131,49225.203,0.014186895,0.11746974,0.131
0.012506866,0.11939856,0.131,49228.695,0.012506866,0.11939856,0.131
0.010779417,0.12132739,0.131,49229.895,0.010779418,0.12132739,0.131
0.0090463851,0.12325621,0.131,49230.285,0.009046386,0.12325621,0.131
0.0073501412,0.12518504,0.131,49231.008,0.0073501416,0.12518504,0.131
0.0057295584,0.12711386,0.131,49232.766,0.0057295584,0.12711386,0.131
0.0042166593,0.12904269,0.131,49236.113,0.0042166598,0.12904269,0.131
0.0028345147,0.13089341,0.131,49240.938,0.0028345147,0.13089342,0.131
0.0015965898,0.13258547,0.131,49246.734,0.0015965897,0.13258548,0.131
0.00050738372,0.13412371,0.131,49253.953,0.00050738372,0.13412371,0.131
0.037163246,0.069249108,0.131,49052.148,0.037163246,0.069249116,0.131
0.035954155,0.071177937,0.131,49046.824,0.035954155,0.071177937,0.131
0.034745067,0.073106766,0.131,49041.449,0.034745067,0.073106766,0.131
0.03353598,0.075035587,0.131,49036.172,0.033535976,0.075035587,0.131
0.032361083,0.076964408,0.131,49030.48,0.032361083,0.076964416,0.131
0.031272233,0.078893237,0.131,49025.008,0.031272236,0.078893237,0.131
0.030282373,0.080822065,0.131,49020.344,0.030282373,0.080822065,0.131
0.029382497,0.082750887,0.131,49016.562,0.029382499,0.082750887,0.131
0.028564431,0.084679708,0.131,49013.328,0.028564431,0.084679715,0.131
0.027820732,0.086608537,0.131,49010.043,0.027820732,0.086608537,0.131
0.027144644,0.088537365,0.131,49006.785,0.027144644,0.088537365,0.131
0.026530018,0.090466186,0.131,49004.066,0.026530018,0.090466186,0.131
0.025971267,0.092395008,0.131,49002.602,0.025971267,0.092395015,0.131
0.025463311,0.094323844,0.131,49003.211,0.025463311,0.094323836,0.131
0.025001533,0.096252665,0.131,49007.031,0.025001533,0.096252665,0.131
0.024581734,0.098181486,0.131,49015.59,0.024581736,0.098181486,0.131
0.024178877,0.10011031,0.131,49031.652,0.024178877,0.10011031,0.131
0.023729775,0.10203914,0.131,49055.855,0.023729775,0.10203914,0.131
0.023187209,0.10396796,0.131,49083.008,0.023187209,0.10396796,0.131
0.022536881,0.10589679,0.131,49111.043,0.022536883,0.10589679,0.131
0.02176472,0.10782561,0.131,49138.566,0.021764722,0.10782561,0.131
0.020858096,0.10975444,0.131,49164.555,0.020858096,0.10975444,0.131
0.019807452,0.11168326,0.131,49187.879,0.019807452,0.11168326,0.131
0.018608216,0.11361209,0.131,49207.434,0.018608216,0.11361209,0.131
0.01726277,0.11554092,0.131,49222.535,0.017262772,0.11554091,0.131
0.01578214,0.11746974,0.131,49232.965,0.015782142,0.11746974,0.131
0.014186896,0.11939856,0.131,49239.156,0.014186895,0.11939856,0.131
0.012506866,0.12132739,0.131,49242.281,0.012506865,0.12132739,0.131
0.010779417,0.12325621,0.131,49243.738,0.010779417,0.12325621,0.131
0.0090463851,0.12518504,0.131,49244.891,0.0090463851,0.12518504,0.131
0.0073501412,0.12711386,0.131,49246.668,0.0073501407,0.12711386,0.131
0.0057295579,0.12904269,0.131,49249.793,0.0057295579,0.12904269,0.131
0.0042166593,0.13089341,0.131,49254.219,0.0042166593,0.13089342,0.131
0.0028345145,0.13258547,0.131,49259.301,0.0028345145,0.13258548,0.131
0.0015965895,0.13412371,0.131,49264.996,0.0015965895,0.13412371,0.131
0.00050738361,0.1355221,0.131,49271.691,0.00050738367,0.1355221,0.131
0.037163246,0.071177937,0.131,49051.457,0.037163246,0.071177937,0.131
0.035954155,0.073106766,0.131,49046.172,0.035954155,0.073106766,0.131
0.034745067,0.075035587,0.131,49041.16,0.034745067,0.075035587,0.131
0.03353598,0.076964408,0.131,49036.449,0.033535976,0.076964416,0.131
0.032361083,0.078893237,0.131,49031.41,0.032361083,0.078893237,0.131
0.031272233,0.080822065,0.131,49026.477,0.031272236,0.080822065,0.131
0.030282373,0.082750887,0.131,49022.301,0.030282373,0.082750887,0.131
0.029382497,0.084679708,0.131,49018.977,0.029382499,0.084679715,0.131
0.028564431,0.086608537,0.131,49015.988,0.028564431,0.086608537,0.131
0.027820732,0.088537365,0.131,49012.996,0.027820732,0.088537365,0.131
0.027144644,0.090466186,0.131,49010.223,0.027144644,0.090466186,0.131
0.026530018,0.092395008,0.131,49008.32,0.026530018,0.092395015,0.131
0.025971267,0.094323844,0.131,49008.102,0.025971267,0.094323836,0.131
0.025463311,0.096252665,0.131,49010.445,0.025463311,0.096252665,0.131
0.025001533,0.098181486,0.131,49016.492,0.025001533,0.098181486,0.131
0.024581734,0.10011031,0.131,49027.586,0.024581736,0.10011031,0.131
0.024178877,0.10203914,0.131,49046.359,0.024178877,0.10203914,0.131
0.023729775,0.10396796,0.131,49073.102,0.023729775,0.10396796,0.131
0.023187209,0.10589679,0.131,49102.34,0.023187209,0.10589679,0.131
0.022536881,0.10782561,0.131,49131.719,0.022536883,0.10782561,0.131
0.02176472,0.10975444,0.131,49159.68,0.021764722,0.10975444,0.131
0.020858096,0.11168326,0.131,49185.211,0.020858096,0.11168326,0.131
0.019807452,0.11361209,0.131,49207.336,0.019807452,0.11361209,0.131
0.018608216,0.11554092,0.131,49225.344,0.018608216,0.11554091,0.131
0.01726277,0.11746974,0.131,49238.84,0.017262772,0.11746974,0.131
0.015782142,0.11939856,0.131,49247.98,0.015782142,0.11939856,0.131
0.014186896,0.12132739,0.131,49253.566,0.014186895,0.12132739,0.131
0.012506865,0.12325621,0.131,49256.742,0.012506865,0.12325621,0.131
0.010779417,0.12518504,0.131,49258.875,0.010779417,0.12518504,0.131
0.0090463851,0.12711386,0.131,49261.066,0.0090463851,0.12711386,0.131
0.0073501403,0.12904269,0.131,49264.164,0.0073501403,0.12904269,0.131
0.005729557,0.13089341,0.131,49268.258,0.0057295575,0.13089342,0.131
0.0042166584,0.13258547,0.131,49272.836,0.0042166589,0.13258548,0.131
0.002834514,0.13412371,0.131,49277.766,0.002834514,0.13412371,0.131
0.0015965891,0.1355221,0.131,49282.918,0.0015965892,0.1355221,0.131
0.00050738361,0.13679338,0.131,49288.629,0.00050738361,0.13679336,0.131
0.037163246,0.073106766,0.131,49050.883,0.037163246,0.073106766,0.131
0.035954155,0.075035587,0.131,49045.887,0.035954155,0.075035587,0.131
0.034745067,0.076964408,0.131,49041.398,0.034745067,0.076964416,0.131
0.03353598,0.078893237,0.131,49037.305,0.033535976,0.078893237,0.131
0.032361083,0.080822065,0.131,49032.816,0.032361083,0.080822065,0.131
0.031272233,0.082750887,0.131,49028.285,0.031272236,0.082750887,0.131
0.030282373,0.084679708,0.131,49024.5,0.030282373,0.084679715,0.131
0.029382497,0.086608537,0.131,49021.438,0.029382499,0.086608537,0.131
0.028564431,0.088537365,0.131,49018.672,0.028564431,0.088537365,0.131
0.027820732,0.090466186,0.131,49016.117,0.027820732,0.090466186,0.131
0.027144644,0.092395008,0.131,49014.145,0.027144644,0.092395015,0.131
0.026530018,0.094323844,0.131,49013.5,0.026530018,0.094323836,0.131
0.025971267,0.096252665,0.131,49015.035,0.025971267,0.096252665,0.131
0.025463311,0.098181486,0.131,49019.664,0.025463311,0.098181486,0.131
0.025001533,0.10011031,0.131,49028.32,0.025001533,0.10011031,0.131
0.024581734,0.10203914,0.131,49042.195,0.024581736,0.10203914,0.131
0.024178877,0.10396796,0.131,49063.566,0.024178877,0.10396796,0.131
0.023729775,0.10589679,0.131,49092.508,0.023729775,0.10589679,0.131
0.023187209,0.10782561,0.131,49123.234,0.023187209,0.10782561,0.131
0.022536885,0.10975444,0.131,49153.254,0.022536883,0.10975444,0.131
0.02176472,0.11168326,0.131,49181.004,0.021764722,0.11168326,0.131
0.020858096,0.11361209,0.131,49205.551,0.020858096,0.11361209,0.131
0.019807452,0.11554092,0.131,49226.289,0.019807452,0.11554091,0.131
0.018608216,0.11746974,0.131,49242.77,0.018608216,0.11746974,0.131
0.017262772,0.11939856,0.131,49254.93,0.017262772,0.11939856,0.131
0.015782142,0.12132739,0.131,49263.316,0.015782142,0.12132739,0.131
0.014186896,0.12325621,0.131,49268.766,0.014186895,0.12325621,0.131
0.012506865,0.12518504,0.131,49272.484,0.012506865,0.12518504,0.131
0.010779417,0.12711386,0.131,49275.609,0.010779416,0.12711386,0.131
0.0090463841,0.12904269,0.131,49279.055,0.0090463841,0.12904269,0.131
0.0073501398,0.13089341,0.131,49282.973,0.0073501398,0.13089342,0.131
0.0057295565,0.13258547,0.131,49287.066,0.0057295565,0.13258548,0.131
0.0042166584,0.13412371,0.131,49291.414,0.0042166584,0.13412371,0.131
0.0028345136,0.1355221,0.131,49295.785,0.0028345138,0.1355221,0.131
0.0015965891,0.13679338,0.131,49299.965,0.0015965891,0.13679336,0.131
0.00050738349,0.13794906,0.131,49304.332,0.00050738355,0.13794906,0.131
0.037163246,0.075035587,0.131,49050.621,0.037163246,0.075035587,0.131
0.035954155,0.076964408,0.131,49046.102,0.035954155,0.076964416,0.131
0.034745067,0.078893237,0.131,49042.18,0.034745067,0.078893237,0.131
0.03353598,0.080822065,0.131,49038.621,0.033535976,0.080822065,0.131
0.032361083,0.082750887,0.131,49034.516,0.032361083,0.082750887,0.131
0.031272233,0.084679708,0.131,49030.277,0.031272236,0.084679715,0.131
0.030282373,0.086608537,0.131,49026.742,0.030282373,0.086608537,0.131
0.029382497,0.088537365,0.131,49023.902,0.029382499,0.088537365,0.131
0.028564431,0.090466186,0.131,49021.496,0.028564431,0.090466186,0.131
0.027820732,0.092395008,0.131,49019.707,0.027820732,0.092395015,0.131
0.027144644,0.094323844,0.131,49018.996,0.027144644,0.094323836,0.131
0.026530018,0.096252665,0.131,49020.117,0.026530018,0.096252665,0.131
0.025971267,0.098181486,0.131,49024.008,0.025971267,0.098181486,0.131
0.025463311,0.10011031,0.131,49031.312,0.025463311,0.10011031,0.131
0.025001533,0.10203914,0.131,49042.824,0.025001533,0.10203914,0.131
0.024581734,0.10396796,0.131,49059.367,0.024581736,0.10396796,0.131
0.024178877,0.10589679,0.131,49083.012,0.024178877,0.10589679,0.131
0.023729775,0.10782561,0.131,49113.551,0.023729775,0.10782561,0.131
0.023187209,0.10975444,0.131,49145.074,0.023187211,0.10975444,0.131
0.022536885,0.11168326,0.131,49175.09,0.022536885,0.11168326,0.131
0.021764722,0.11361209,0.131,49202.043,0.021764722,0.11361209,0.131
0.020858096,0.11554092,0.131,49225.391,0.020858098,0.11554091,0.131
0.019807454,0.11746974,0.131,49244.727,0.019807452,0.11746974,0.131
0.018608216,0.11939856,0.131,49259.914,0.018608216,0.11939856,0.131
0.017262772,0.12132739,0.131,49271.262,0.017262772,0.12132739,0.131
0.015782142,0.12325621,0.131,49279.375,0.015782142,0.12325621,0.131
0.014186896,0.12518504,0.131,49285.211,0.014186895,0.12518504,0.131
0.012506865,0.12711386,0.131,49289.82,0.012506865,0.12711386,0.131
0.010779416,0.12904269,0.131,49294.109,0.010779416,0.12904269,0.131
0.0090463841,0.13089341,0.131,49298.191,0.0090463841,0.13089342,0.131
0.0073501389,0.13258547,0.131,49301.887,0.0073501393,0.13258548,0.131
0.0057295565,0.13412371,0.131,49305.625,0.0057295565,0.13412371,0.131
0.0042166575,0.1355221,0.131,49309.387,0.004216658,0.1355221,0.131
0.0028345133,0.13679338,0.131,49312.816,0.0028345133,0.13679336,0.131
0.0015965889,0.13794906,0.131,49315.695,0.0015965889,0.13794906,0.131
0.00050738349,0.1389997,0.131,49318.551,0.00050738349,0.1389997,0.131
0.037163246,0.076964408,0.131,49050.812,0.037163246,0.076964416,0.131
0.035954155,0.078893237,0.131,49046.816,0.035954155,0.078893237,0.131
0.034745067,0.080822065,0.131,49043.383,0.034745067,0.080822065,0.131
0.033535976,0.082750887,0.131,49040.199,0.033535976,0.082750887,0.131
0.032361083,0.084679708,0.131,49036.34,0.032361083,0.084679715,0.131
0.031272233,0.086608537,0.131,49032.285,0.031272236,0.086608537,0.131
0.030282373,0.088537365,0.131,49028.996,0.030282373,0.088537365,0.131
0.029382497,0.090466186,0.131,49026.473,0.029382499,0.090466186,0.131
0.028564431,0.092395008,0.131,49024.77,0.028564431,0.092395015,0.131
0.027820732,0.094323844,0.131,49024.238,0.027820732,0.094323836,0.131
0.027144644,0.096252665,0.131,49025.305,0.027144644,0.096252665,0.131
0.026530018,0.098181486,0.131,49028.836,0.026530018,0.098181486,0.131
0.025971267,0.10011031,0.131,49035.477,0.025971267,0.10011031,0.131
0.025463311,0.10203914,0.131,49045.715,0.025463311,0.10203914,0.131
0.025001533,0.10396796,0.131,49059.973,0.025001533,0.10396796,0.131
0.024581734,0.10589679,0.131,49078.84,0.024581736,0.10589679,0.131
0.024178877,0.10782561,0.131,49104.156,0.024178877,0.10782561,0.131
0.023729775,0.10975444,0.131,49135.602,0.023729775,0.10975444,0.131
0.023187209,0.11168326,0.131,49167.285,0.023187211,0.11168326,0.131
0.022536885,0.11361209,0.131,49196.684,0.022536885,0.11361209,0.131
0.021764722,0.11554092,0.131,49222.617,0.021764722,0.11554091,0.131
0.020858098,0.11746974,0.131,49244.723,0.020858098,0.11746974,0.131
0.019807454,0.11939856,0.131,49262.871,0.019807454,0.11939856,0.131
0.018608218,0.12132739,0.131,49277.266,0.018608216,0.12132739,0.131
0.017262772,0.12325621,0.131,49288.289,0.017262772,0.12325621,0.131
0.015782142,0.12518504,0.131,49296.676,0.015782142,0.12518504,0.131
0.014186896,0.12711386,0.131,49303.266,0.014186895,0.12711386,0.131
0.012506864,0.12904269,0.131,49308.91,0.012506864,0.12904269,0.131
0.010779416,0.13089341,0.131,49313.637,0.010779416,0.13089342,0.131
0.0090463832,0.13258547,0.131,49317.215,0.0090463832,0.13258548,0.131
0.0073501384,0.13412371,0.131,49320.32,0.0073501389,0.13412371,0.131
0.0057295561,0.1355221,0.131,49323.371,0.0057295561,0.1355221,0.131
0.0042166575,0.13679338,0.131,49326.211,0.0042166575,0.13679336,0.131
0.0028345131,0.13794906,0.131,49328.426,0.0028345131,0.13794906,0.131
0.0015965886,0.1389997,0.131,49329.871,0.0015965888,0.1389997,0.131
0.037163246,0.078893237,0.131,49051.453,0.037163246,0.078893237,0.131
0.035954155,0.080822065,0.131,49047.906,0.035954155,0.080822065,0.131
0.034745067,0.082750887,0.131,49044.816,0.034745067,0.082750887,0.131
0.033535976,0.084679708,0.131,49041.855,0.033535976,0.084679715,0.131
0.032361083,0.086608537,0.131,49038.121,0.032361083,0.086608537,0.131
0.031272233,0.088537365,0.131,49034.289,0.031272236,0.088537365,0.131
0.030282373,0.090466186,0.131,49031.344,0.030282373,0.090466186,0.131
0.029382497,0.092395008,0.131,49029.469,0.029382499,0.092395015,0.131
0.028564431,0.094323844,0.131,49029.0,0.028564431,0.094323836,0.131
0.027820732,0.096252665,0.131,49030.266,0.027820732,0.096252665,0.131
0.027144644,0.098181486,0.131,49033.77,0.027144644,0.098181486,0.131
0.026530018,0.10011031,0.131,49040.129,0.026530018,0.10011031,0.131
0.025971267,0.10203914,0.131,49049.777,0.025971267,0.10203914,0.131
0.025463311,0.10396796,0.131,49062.832,0.025463311,0.10396796,0.131
0.025001533,0.10589679,0.131,49079.477,0.025001533,0.10589679,0.131
0.024581734,0.10782561,0.131,49100.062,0.024581736,0.10782561,0.131
0.024178877,0.10975444,0.131,49126.355,0.024178877,0.10975444,0.131
0.023729775,0.11168326,0.131,49158.09,0.023729775,0.11168326,0.131
0.023187211,0.11361209,0.131,49189.309,0.023187211,0.11361209,0.131
0.022536885,0.11554092,0.131,49217.859,0.022536885,0.11554091,0.131
0.021764722,0.11746974,0.131,49242.727,0.021764722,0.11746974,0.131
0.020858098,0.11939856,0.131,49263.789,0.020858098,0.11939856,0.131
0.019807454,0.12132739,0.131,49281.258,0.019807454,0.12132739,0.131
0.018608218,0.12325621,0.131,49295.371,0.018608216,0.12325621,0.131
0.017262772,0.12518504,0.131,49306.625,0.017262772,0.12518504,0.131
0.015782142,0.12711386,0.131,49315.641,0.015782142,0.12711386,0.131
0.014186895,0.12904269,0.131,49323.129,0.014186895,0.12904269,0.131
0.012506864,0.13089341,0.131,49329.023,0.012506864,0.13089342,0.131
0.010779414,0.13258547,0.131,49332.965,0.010779415,0.13258548,0.131
0.0090463832,0.13412371,0.131,49335.656,0.0090463832,0.13412371,0.131
0.0073501384,0.1355221,0.131,49337.867,0.0073501384,0.1355221,0.131
0.0057295552,0.13679338,0.131,49339.902,0.0057295556,0.13679336,0.131
0.004216657,0.13794906,0.131,49341.543,0.004216657,0.13794906,0.131
0.0028345129,0.1389997,0.131,49342.41,0.0028345129,0.1389997,0.131
0.037163246,0.080822065,0.131,49052.414,0.037163246,0.080822065,0.131
0.035954155,0.082750887,0.131,49049.172,0.035954155,0.082750887,0.131
0.034745067,0.084679708,0.131,49046.297,0.034745067,0.084679715,0.131
0.033535976,0.086608537,0.131,49043.445,0.033535976,0.086608537,0.131
0.032361083,0.088537365,0.131,49039.875,0.032361083,0.088537365,0.131
0.031272233,0.090466186,0.131,49036.414,0.031272236,0.090466186,0.131
0.030282373,0.092395008,0.131,49034.133,0.030282373,0.092395015,0.131
0.029382497,0.094323844,0.131,49033.445,0.029382499,0.094323836,0.131
0.028564431,0.096252665,0.131,49034.785,0.028564431,0.096252665,0.131
0.027820732,0.098181486,0.131,49038.477,0.027820732,0.098181486,0.131
0.027144644,0.10011031,0.131,49044.867,0.027144644,0.10011031,0.131
0.026530018,0.10203914,0.131,49054.324,0.026530018,0.10203914,0.131
0.025971267,0.10396796,0.131,49066.859,0.025971267,0.10396796,0.131
0.025463311,0.10589679,0.131,49082.367,0.025463311,0.10589679,0.131
0.025001533,0.10782561,0.131,49100.797,0.025001533,0.10782561,0.131
0.024581734,0.10975444,0.131,49122.398,0.024581736,0.10975444,0.131
0.024178877,0.11168326,0.131,49149.047,0.024178877,0.11168326,0.131
0.023729775,0.11361209,0.131,49180.445,0.023729775,0.11361209,0.131
0.023187211,0.11554092,0.131,49210.969,0.023187211,0.11554091,0.131
0.022536885,0.11746974,0.131,49238.621,0.022536885,0.11746974,0.131
0.021764722,0.11939856,0.131,49262.637,0.021764724,0.11939856,0.131
0.020858098,0.12132739,0.131,49283.191,0.020858098,0.12132739,0.131
0.019807454,0.12325621,0.131,49300.496,0.019807454,0.12325621,0.131
0.018608218,0.12518504,0.131,49314.875,0.018608216,0.12518504,0.131
0.017262772,0.12711386,0.131,49326.699,0.017262772,0.12711386,0.131
0.015782142,0.12904269,0.131,49336.504,0.015782142,0.12904269,0.131
0.014186895,0.13089341,0.131,49344.082,0.014186895,0.13089342,0.131
0.012506863,0.13258547,0.131,49348.973,0.012506864,0.13258548,0.131
0.010779414,0.13412371,0.131,49351.762,0.010779415,0.13412371,0.131
0.0090463832,0.1355221,0.131,49353.312,0.0090463832,0.1355221,0.131
0.0073501379,0.13679338,0.131,49354.32,0.0073501379,0.13679336,0.131
0.0057295552,0.13794906,0.131,49355.039,0.0057295552,0.13794906,0.131
0.004216657,0.1389997,0.131,49355.297,0.004216657,0.1389997,0.131
0.037163246,0.082750887,0.131,49053.512,0.037163246,0.082750887,0.131
0.035954155,0.084679708,0.131,49050.465,0.035954155,0.084679715,0.131
0.034745067,0.086608537,0.131,49047.711,0.034745067,0.086608537,0.131
0.033535976,0.088537365,0.131,49044.996,0.033535976,0.088537365,0.131
0.032361083,0.090466186,0.131,49041.77,0.032361083,0.090466186,0.131
0.031272233,0.092395008,0.131,49039.035,0.031272236,0.092395015,0.131
0.030282373,0.094323844,0.131,49037.914,0.030282373,0.094323836,0.131
0.029382497,0.096252665,0.131,49039.02,0.029382499,0.096252665,0.131
0.028564431,0.098181486,0.131,49042.789,0.028564431,0.098181486,0.131
0.027820732,0.10011031,0.131,49049.371,0.027820732,0.10011031,0.131
0.027144644,0.10203914,0.131,49058.941,0.027144644,0.10203914,0.131
0.026530018,0.10396796,0.131,49071.363,0.026530018,0.10396796,0.131
0.025971267,0.10589679,0.131,49086.426,0.025971267,0.10589679,0.131
0.025463311,0.10782561,0.131,49103.785,0.025463311,0.10782561,0.131
0.025001533,0.10975444,0.131,49123.27,0.025001533,0.10975444,0.131
0.024581734,0.11168326,0.131,49145.266,0.024581736,0.11168326,0.131
0.024178877,0.11361209,0.131,49171.668,0.024178877,0.11361209,0.131
0.023729775,0.11554092,0.131,49202.496,0.023729775,0.11554091,0.131
0.023187211,0.11746974,0.131,49232.289,0.023187211,0.11746974,0.131
0.022536885,0.11939856,0.131,49259.289,0.022536885,0.11939856,0.131
0.021764722,0.12132739,0.131,49282.988,0.021764724,0.12132739,0.131
0.020858098,0.12325621,0.131,49303.555,0.020858098,0.12325621,0.131
0.019807454,0.12518504,0.131,49321.223,0.019807454,0.12518504,0.131
0.018608218,0.12711386,0.131,49336.18,0.018608218,0.12711386,0.131
0.017262772,0.12904269,0.131,49348.719,0.017262772,0.12904269,0.131
0.015782142,0.13089341,0.131,49358.449,0.015782142,0.13089342,0.131
0.014186895,0.13258547,0.131,49364.84,0.014186895,0.13258548,0.131
0.012506863,0.13412371,0.131,49368.41,0.012506864,0.13412371,0.131
0.010779414,0.1355221,0.131,49369.906,0.010779415,0.1355221,0.131
0.0090463823,0.13679338,0.131,49370.117,0.0090463823,0.13679336,0.131
0.0073501379,0.13794906,0.131,49369.68,0.0073501379,0.13794906,0.131
0.0057295547,0.1389997,0.131,49368.871,0.0057295547,0.1389997,0.131
0.037163246,0.084679708,0.131,49054.617,0.037163246,0.084679715,0.131
0.035954155,0.086608537,0.131,49051.707,0.035954155,0.086608537,0.131
0.034745067,0.088537365,0.131,49049.113,0.034745067,0.088537365,0.131
0.033535976,0.090466186,0.131,49046.703,0.033535976,0.090466186,0.131
0.032361083,0.092395008,0.131,49044.23,0.032361083,0.092395015,0.131
0.031272233,0.094323844,0.131,49042.699,0.031272236,0.094323836,0.131
0.030282373,0.096252665,0.131,49043.34,0.030282373,0.096252665,0.131
0.029382497,0.098181486,0.131,49046.887,0.029382499,0.098181486,0.131
0.028564431,0.10011031,0.131,49053.523,0.028564431,0.10011031,0.131
0.027820732,0.10203914,0.131,49063.305,0.027820732,0.10203914,0.131
0.027144644,0.10396796,0.131,49075.926,0.027144644,0.10396796,0.131
0.026530018,0.10589679,0.131,49090.953,0.026530018,0.10589679,0.131
0.025971267,0.10782561,0.131,49107.938,0.025971267,0.10782561,0.131
0.025463311,0.10975444,0.131,49126.406,0.025463311,0.10975444,0.131
0.025001533,0.11168326,0.131,49146.324,0.025001533,0.11168326,0.131
0.024581734,0.11361209,0.131,49168.129,0.024581736,0.11361209,0.131
0.024178877,0.11554092,0.131,49194.047,0.024178877,0.11554091,0.131
0.023729775,0.11746974,0.131,49224.289,0.023729775,0.11746974,0.131
0.023187211,0.11939856,0.131,49253.617,0.023187211,0.11939856,0.131
0.022536885,0.12132739,0.131,49280.508,0.022536885,0.12132739,0.131
0.021764722,0.12325621,0.131,49304.414,0.021764724,0.12325621,0.131
0.020858098,0.12518504,0.131,49325.477,0.020858098,0.12518504,0.131
0.019807454,0.12711386,0.131,49343.77,0.019807454,0.12711386,0.131
0.018608218,0.12904269,0.131,49359.375,0.018608218,0.12904269,0.131
0.017262772,0.13089341,0.131,49371.652,0.017262774,0.13089342,0.131
0.015782142,0.13258547,0.131,49379.992,0.015782142,0.13258548,0.131
0.014186895,0.13412371,0.131,49384.93,0.014186895,0.13412371,0.131
0.012506863,0.1355221,0.131,49387.129,0.012506863,0.1355221,0.131
0.010779414,0.13679338,0.131,49387.266,0.010779414,0.13679336,0.131
0.0090463823,0.13794906,0.131,49386.051,0.0090463823,0.13794906,0.131
0.0073501375,0.1389997,0.131,49384.059,0.0073501375,0.1389997,0.131
0.037163246,0.086608537,0.131,49055.703,0.037163246,0.086608537,0.131
0.035954155,0.088537365,0.131,49053.004,0.035954155,0.088537365,0.131
0.034745067,0.090466186,0.131,49050.711,0.034745067,0.090466186,0.131
0.033535976,0.092395008,0.131,49049.031,0.033535976,0.092395015,0.131
0.032361083,0.094323844,0.131,49047.824,0.032361083,0.094323836,0.131
0.031272233,0.096252665,0.131,49048.055,0.031272236,0.096252665,0.131
0.030282373,0.098181486,0.131,49051.121,0.030282373,0.098181486,0.131
0.029382497,0.10011031,0.131,49057.531,0.029382499,0.10011031,0.131
0.028564431,0.10203914,0.131,49067.336,0.028564431,0.10203914,0.131
0.027820732,0.10396796,0.131,49080.219,0.027820732,0.10396796,0.131
0.027144644,0.10589679,0.131,49095.531,0.027144644,0.10589679,0.131
0.026530018,0.10782561,0.131,49112.551,0.026530018,0.10782561,0.131
0.025971267,0.10975444,0.131,49130.707,0.025971267,0.10975444,0.131
0.025463311,0.11168326,0.131,49149.652,0.025463311,0.11168326,0.131
0.025001533,0.11361209,0.131,49169.43,0.025001533,0.11361209,0.131
0.024581734,0.11554092,0.131,49190.801,0.024581736,0.11554091,0.131
0.024178877,0.11746974,0.131,49216.227,0.024178877,0.11746974,0.131
0.023729775,0.11939856,0.131,49246.172,0.023729775,0.11939856,0.131
0.023187211,0.12132739,0.131,49275.602,0.023187211,0.12132739,0.131
0.022536887,0.12325621,0.131,49302.902,0.022536885,0.12325621,0.131
0.021764725,0.12518504,0.131,49327.457,0.021764724,0.12518504,0.131
0.020858098,0.12711386,0.131,49349.199,0.0208581,0.12711386,0.131
0.019807454,0.12904269,0.131,49368.059,0.019807454,0.12904269,0.131
0.018608218,0.13089341,0.131,49383.184,0.018608218,0.13089342,0.131
0.017262772,0.13258547,0.131,49393.801,0.017262774,0.13258548,0.131
0.015782142,0.13412371,0.131,49400.5,0.015782142,0.13412371,0.131
0.014186895,0.1355221,0.131,49403.977,0.014186895,0.1355221,0.131
0.012506863,0.13679338,0.131,49404.836,0.012506863,0.13679336,0.131
0.010779414,0.13794906,0.131,49403.664,0.010779414,0.13794906,0.131
0.0090463813,0.1389997,0.131,49401.07,0.0090463823,0.1389997,0.131
0.037163246,0.088537365,0.131,49056.906,0.037163246,0.088537365,0.131
0.035954155,0.090466186,0.131,49054.562,0.035954155,0.090466186,0.131
0.034745067,0.092395008,0.131,49052.965,0.034745067,0.092395015,0.131
0.033535976,0.094323844,0.131,49052.578,0.033535976,0.094323836,0.131
0.032361083,0.096252665,0.131,49053.188,0.032361083,0.096252665,0.131
0.031272233,0.098181486,0.131,49055.801,0.031272236,0.098181486,0.131
0.030282373,0.10011031,0.131,49061.727,0.030282373,0.10011031,0.131
0.029382497,0.10203914,0.131,49071.262,0.029382499,0.10203914,0.131
0.028564431,0.10396796,0.131,49084.148,0.028564431,0.10396796,0.131
0.027820732,0.10589679,0.131,49099.812,0.027820732,0.10589679,0.131
0.027144644,0.10782561,0.131,49117.18,0.027144644,0.10782561,0.131
0.026530018,0.10975444,0.131,49135.469,0.026530018,0.10975444,0.131
0.025971267,0.11168326,0.131,49154.164,0.025971267,0.11168326,0.131
0.025463311,0.11361209,0.131,49173.016,0.025463311,0.11361209,0.131
0.025001533,0.11554092,0.131,49192.406,0.025001533,0.11554091,0.131
0.024581734,0.11746974,0.131,49213.332,0.024581736,0.11746974,0.131
0.024178877,0.11939856,0.131,49238.59,0.024178877,0.11939856,0.131
0.023729775,0.12132739,0.131,49268.816,0.023729777,0.12132739,0.131
0.023187211,0.12325621,0.131,49298.844,0.023187211,0.12325621,0.131
0.022536887,0.12518504,0.131,49326.938,0.022536887,0.12518504,0.131
0.021764725,0.12711386,0.131,49352.227,0.021764724,0.12711386,0.131
0.020858098,0.12904269,0.131,49374.449,0.0208581,0.12904269,0.131
0.019807454,0.13089341,0.131,49392.605,0.019807456,0.13089342,0.131
0.018608218,0.13258547,0.131,49405.754,0.018608218,0.13258548,0.131
0.017262772,0.13412371,0.131,49414.473,0.017262774,0.13412371,0.131
0.015782142,0.1355221,0.131,49419.551,0.015782142,0.1355221,0.131
0.014186895,0.13679338,0.131,49421.629,0.014186895,0.13679336,0.131
0.012506863,0.13794906,0.131,49421.238,0.012506863,0.13794906,0.131
0.010779414,0.1389997,0.131,49418.887,0.010779414,0.1389997,0.131
0.037163246,0.090466186,0.131,49058.488,0.037163246,0.090466186,0.131
0.035954155,0.092395008,0.131,49056.836,0.035954155,0.092395015,0.131
0.034745067,0.094323844,0.131,49056.469,0.034745067,0.094323836,0.131
0.033535976,0.096252665,0.131,49057.961,0.033535976,0.096252665,0.131
0.032361083,0.098181486,0.131,49060.949,0.032361083,0.098181486,0.131
0.031272233,0.10011031,0.131,49066.387,0.031272236,0.10011031,0.131
0.030282373,0.10203914,0.131,49075.41,0.030282373,0.10203914,0.131
0.029382497,0.10396796,0.131,49087.965,0.029382499,0.10396796,0.131
0.028564431,0.10589679,0.131,49103.664,0.028564431,0.10589679,0.131
0.027820732,0.10782561,0.131,49121.453,0.027820732,0.10782561,0.131
0.027144644,0.10975444,0.131,49140.176,0.027144644,0.10975444,0.131
0.026530018,0.11168326,0.131,49159.121,0.026530018,0.11168326,0.131
0.025971267,0.11361209,0.131,49177.789,0.025971267,0.11361209,0.131
0.025463311,0.11554092,0.131,49196.32,0.025463311,0.11554091,0.131
0.025001533,0.11746974,0.131,49215.309,0.025001533,0.11746974,0.131
0.024581734,0.11939856,0.131,49236.121,0.024581736,0.11939856,0.131
0.024178877,0.12132739,0.131,49261.781,0.024178877,0.12132739,0.131
0.023729775,0.12325621,0.131,49292.781,0.023729777,0.12325621,0.131
0.023187213,0.12518504,0.131,49323.738,0.023187211,0.12518504,0.131
0.022536887,0.12711386,0.131,49352.605,0.022536887,0.12711386,0.131
0.021764725,0.12904269,0.131,49378.305,0.021764724,0.12904269,0.131
0.0208581,0.13089341,0.131,49399.609,0.0208581,0.13089342,0.131
0.019807456,0.13258547,0.131,49415.484,0.019807456,0.13258548,0.131
0.018608218,0.13412371,0.131,49426.457,0.018608218,0.13412371,0.131
0.017262774,0.1355221,0.131,49433.344,0.017262774,0.1355221,0.131
0.015782142,0.13679338,0.131,49436.883,0.015782142,0.13679336,0.131
0.014186895,0.13794906,0.131,49437.652,0.014186895,0.13794906,0.131
0.012506863,0.1389997,0.131,49436.141,0.012506863,0.1389997,0.131
0.037163246,0.092395008,0.131,49060.887,0.037163246,0.092395015,0.131
0.035954155,0.094323844,0.131,49060.402,0.035954155,0.094323836,0.131
0.034745067,0.096252665,0.131,49061.887,0.034745067,0.096252665,0.131
0.033535976,0.098181486,0.131,49065.805,0.033535976,0.098181486,0.131
0.032361083,0.10011031,0.131,49071.551,0.032361083,0.10011031,0.131
0.031272233,0.10203914,0.131,49080.051,0.031272236,0.10203914,0.131
0.030282373,0.10396796,0.131,49092.051,0.030282373,0.10396796,0.131
0.029382497,0.10589679,0.131,49107.363,0.029382499,0.10589679,0.131
0.028564431,0.10782561,0.131,49125.246,0.028564431,0.10782561,0.131
0.027820732,0.10975444,0.131,49144.445,0.027820732,0.10975444,0.131
0.027144644,0.11168326,0.131,49163.984,0.027144644,0.11168326,0.131
0.026530018,0.11361209,0.131,49183.004,0.026530018,0.11361209,0.131
0.025971267,0.11554092,0.131,49201.445,0.025971267,0.11554091,0.131
0.025463311,0.11746974,0.131,49219.645,0.025463311,0.11746974,0.131
0.025001533,0.11939856,0.131,49238.57,0.025001533,0.11939856,0.131
0.024581734,0.12132739,0.131,49259.836,0.024581736,0.12132739,0.131
0.024178877,0.12325621,0.131,49286.328,0.024178877,0.12325621,0.131
0.023729775,0.12518504,0.131,49318.387,0.023729777,0.12518504,0.131
0.023187213,0.12711386,0.131,49350.16,0.023187211,0.12711386,0.131
0.022536887,0.12904269,0.131,49379.387,0.022536887,0.12904269,0.131
0.021764725,0.13089341,0.131,49403.988,0.021764725,0.13089342,0.131
0.0208581,0.13258547,0.131,49422.754,0.0208581,0.13258548,0.131
0.019807456,0.13412371,0.131,49436.207,0.019807456,0.13412371,0.131
0.018608218,0.1355221,0.131,49445.141,0.018608218,0.1355221,0.131
0.017262774,0.13679338,0.131,49450.324,0.017262774,0.13679336,0.131
0.015782142,0.13794906,0.131,49452.43,0.015782142,0.13794906,0.131
0.014186895,0.1389997,0.131,49452.008,0.014186895,0.1389997,0.131
0.037163246,0.094323844,0.131,49064.656,0.037163246,0.094323836,0.131
0.035954155,0.096252665,0.131,49065.922,0.035954155,0.096252665,0.131
0.034745067,0.098181486,0.131,49069.828,0.034745067,0.098181486,0.131
0.033535976,0.10011031,0.131,49076.469,0.033535976,0.10011031,0.131
0.032361083,0.10203914,0.131,49085.203,0.032361083,0.10203914,0.131
0.031272233,0.10396796,0.131,49096.652,0.031272236,0.10396796,0.131
0.030282373,0.10589679,0.131,49111.336,0.030282373,0.10589679,0.131
0.029382497,0.10782561,0.131,49128.871,0.029382499,0.10782561,0.131
0.028564431,0.10975444,0.131,49148.234,0.028564431,0.10975444,0.131
0.027820732,0.11168326,0.131,49168.348,0.027820732,0.11168326,0.131
0.027144644,0.11361209,0.131,49188.105,0.027144644,0.11361209,0.131
0.026530018,0.11554092,0.131,49207.031,0.026530018,0.11554091,0.131
0.025971267,0.11746974,0.131,49225.25,0.025971267,0.11746974,0.131
0.025463311,0.11939856,0.131,49243.441,0.025463311,0.11939856,0.131
0.025001533,0.12132739,0.131,49262.836,0.025001533,0.12132739,0.131
0.024581734,0.12325621,0.131,49284.938,0.024581736,0.12325621,0.131
0.024178877,0.12518504,0.131,49312.504,0.024178877,0.12518504,0.131
0.023729775,0.12711386,0.131,49345.438,0.023729777,0.12711386,0.131
0.023187213,0.12904269,0.131,49377.531,0.023187213,0.12904269,0.131
0.022536887,0.13089341,0.131,49405.523,0.022536887,0.13089342,0.131
0.021764725,0.13258547,0.131,49427.391,0.021764725,0.13258548,0.131
0.0208581,0.13412371,0.131,49443.555,0.0208581,0.13412371,0.131
0.019807456,0.1355221,0.131,49454.812,0.019807456,0.1355221,0.131
0.01860822,0.13679338,0.131,49461.914,0.018608218,0.13679336,0.131
0.017262774,0.13794906,0.131,49465.539,0.017262774,0.13794906,0.131
0.015782142,0.1389997,0.131,49466.336,0.015782142,0.1389997,0.131
0.037163246,0.096252665,0.131,49070.406,0.037163246,0.096252665,0.131
0.035954155,0.098181486,0.131,49074.0,0.035954155,0.098181486,0.131
0.034745067,0.10011031,0.131,49080.594,0.034745067,0.10011031,0.131
0.033535976,0.10203914,0.131,49090.113,0.033535976,0.10203914,0.131
0.032361083,0.10396796,0.131,49101.727,0.032361083,0.10396796,0.131
0.031272233,0.10589679,0.131,49115.828,0.031272236,0.10589679,0.131
0.030282373,0.10782561,0.131,49132.734,0.030282373,0.10782561,0.131
0.029382497,0.10975444,0.131,49151.859,0.029382499,0.10975444,0.131
0.028564431,0.11168326,0.131,49172.215,0.028564431,0.11168326,0.131
0.027820732,0.11361209,0.131,49192.719,0.027820732,0.11361209,0.131
0.027144644,0.11554092,0.131,49212.539,0.027144644,0.11554091,0.131
0.026530018,0.11746974,0.131,49231.375,0.026530018,0.11746974,0.131
0.025971267,0.11939856,0.131,49249.645,0.025971267,0.11939856,0.131
0.025463311,0.12132739,0.131,49268.336,0.025463311,0.12132739,0.131
0.025001533,0.12325621,0.131,49288.531,0.025001533,0.12325621,0.131
0.024581734,0.12518504,0.131,49311.645,0.024581736,0.12518504,0.131
0.024178877,0.12711386,0.131,49340.062,0.024178877,0.12711386,0.131
0.023729775,0.12904269,0.131,49373.301,0.023729777,0.12904269,0.131
0.023187213,0.13089341,0.131,49404.07,0.023187213,0.13089342,0.131
0.022536887,0.13258547,0.131,49429.199,0.022536887,0.13258548,0.131
0.021764725,0.13412371,0.131,49448.344,0.021764725,0.13412371,0.131
0.020858102,0.1355221,0.131,49462.223,0.0208581,0.1355221,0.131
0.019807456,0.13679338,0.131,49471.57,0.019807456,0.13679336,0.131
0.01860822,0.13794906,0.131,49477.027,0.018608218,0.13794906,0.131
0.017262774,0.1389997,0.131,49479.234,0.017262774,0.1389997,0.131
0.037163246,0.098181486,0.131,49078.699,0.037163246,0.098181486,0.131
0.035954155,0.10011031,0.131,49084.875,0.035954155,0.10011031,0.131
0.034745067,0.10203914,0.131,49094.242,0.034745067,0.10203914,0.131
0.033535976,0.10396796,0.131,49106.52,0.033535976,0.10396796,0.131
0.032361083,0.10589679,0.131,49120.75,0.032361083,0.10589679,0.131
0.031272233,0.10782561,0.131,49137.055,0.031272236,0.10782561,0.131
0.030282373,0.10975444,0.131,49155.648,0.030282373,0.10975444,0.131
0.029382497,0.11168326,0.131,49175.883,0.029382499,0.11168326,0.131
0.028564431,0.11361209,0.131,49196.805,0.028564431,0.11361209,0.131
0.027820732,0.11554092,0.131,49217.586,0.027820732,0.11554091,0.131
0.027144644,0.11746974,0.131,49237.473,0.027144644,0.11746974,0.131
0.026530018,0.11939856,0.131,49256.441,0.026530018,0.11939856,0.131
0.025971267,0.12132739,0.131,49275.242,0.025971267,0.12132739,0.131
0.025463311,0.12325621,0.131,49294.707,0.025463311,0.12325621,0.131
0.025001533,0.12518504,0.131,49315.82,0.025001533,0.12518504,0.131
0.024581734,0.12711386,0.131,49339.668,0.024581736,0.12711386,0.131
0.024178877,0.12904269,0.131,49368.332,0.024178877,0.12904269,0.131
0.023729775,0.13089341,0.131,49400.191,0.023729777,0.13089342,0.131
0.023187213,0.13258547,0.131,49428.016,0.023187213,0.13258548,0.131
0.022536887,0.13412371,0.131,49450.359,0.022536887,0.13412371,0.131
0.021764725,0.1355221,0.131,49467.184,0.021764725,0.1355221,0.131
0.020858102,0.13679338,0.131,49479.117,0.0208581,0.13679336,0.131
0.019807456,0.13794906,0.131,49486.781,0.019807456,0.13794906,0.131
0.01860822,0.1389997,0.131,49490.77,0.018608218,0.1389997,0.131
0.037163246,0.10011031,0.131,49089.703,0.037163246,0.10011031,0.131
0.035954155,0.10203914,0.131,49098.535,0.035954155,0.10203914,0.131
0.034745067,0.10396796,0.131,49110.52,0.034745067,0.10396796,0.131
0.033535976,0.10589679,0.131,49125.312,0.033535976,0.10589679,0.131
0.032361083,0.10782561,0.131,49141.734,0.032361083,0.10782561,0.131
0.031272233,0.10975444,0.131,49159.781,0.031272236,0.10975444,0.131
0.030282373,0.11168326,0.131,49179.652,0.030282373,0.11168326,0.131
0.029382497,0.11361209,0.131,49200.648,0.029382499,0.11361209,0.131
0.028564431,0.11554092,0.131,49222.098,0.028564431,0.11554091,0.131
0.027820732,0.11746974,0.131,49243.152,0.027820732,0.11746974,0.131
0.027144644,0.11939856,0.131,49263.305,0.027144644,0.11939856,0.131
0.026530018,0.12132739,0.131,49282.82,0.026530018,0.12132739,0.131
0.025971267,0.12325621,0.131,49302.371,0.025971267,0.12325621,0.131
0.025463311,0.12518504,0.131,49322.652,0.025463311,0.12518504,0.131
0.025001533,0.12711386,0.131,49344.359,0.025001533,0.12711386,0.131
0.024581734,0.12904269,0.131,49368.312,0.024581736,0.12904269,0.131
0.024178877,0.13089341,0.131,49395.52,0.024178877,0.13089342,0.131
0.023729775,0.13258547,0.131,49424.395,0.023729777,0.13258548,0.131
0.023187213,0.13412371,0.131,49449.418,0.023187213,0.13412371,0.131
0.022536887,0.1355221,0.131,49469.434,0.022536887,0.1355221,0.131
0.021764725,0.13679338,0.131,49484.316,0.021764725,0.13679336,0.131
0.020858102,0.13794906,0.131,49494.574,0.0208581,0.13794906,0.131
0.019807456,0.1389997,0.131,49500.754,0.019807456,0.1389997,0.131
0.037163246,0.10203914,0.131,49103.359,0.037163246,0.10203914,0.131
0.035954155,0.10396796,0.131,49114.664,0.035954155,0.10396796,0.131
0.034745067,0.10589679,0.131,49129.051,0.034745067,0.10589679,0.131
0.033535976,0.10782561,0.131,49146.02,0.033535976,0.10782561,0.131
0.032361083,0.10975444,0.131,49164.23,0.032361083,0.10975444,0.131
0.031272233,0.11168326,0.131,49183.723,0.031272236,0.11168326,0.131
0.030282373,0.11361209,0.131,49204.57,0.030282373,0.11361209,0.131
0.029382497,0.11554092,0.131,49226.34,0.029382499,0.11554091,0.131
0.028564431,0.11746974,0.131,49248.332,0.028564431,0.11746974,0.131
0.027820732,0.11939856,0.131,49269.828,0.027820732,0.11939856,0.131
0.027144644,0.12132739,0.131,49290.555,0.027144644,0.12132739,0.131
0.026530018,0.12325621,0.131,49310.785,0.026530018,0.12325621,0.131
0.025971267,0.12518504,0.131,49331.066,0.025971267,0.12518504,0.131
0.025463311,0.12711386,0.131,49351.793,0.025463311,0.12711386,0.131
0.025001533,0.12904269,0.131,49373.43,0.025001533,0.12904269,0.131
0.024581734,0.13089341,0.131,49395.781,0.024581736,0.13089342,0.131
0.024178877,0.13258547,0.131,49419.949,0.024178877,0.13258548,0.131
0.023729777,0.13412371,0.131,49446.039,0.023729777,0.13412371,0.131
0.023187213,0.1355221,0.131,49468.754,0.023187213,0.1355221,0.131
0.022536887,0.13679338,0.131,49486.863,0.022536887,0.13679336,0.131
0.021764725,0.13794906,0.131,49500.094,0.021764725,0.13794906,0.131
0.020858102,0.1389997,0.131,49508.883,0.020858102,0.1389997,0.131
0.037163246,0.10396796,0.131,49119.336,0.037163246,0.10396796,0.131
0.035954155,0.10589679,0.131,49132.93,0.035954155,0.10589679,0.131
0.034745067,0.10782561,0.131,49149.461,0.034745067,0.10782561,0.131
0.033535976,0.10975444,0.131,49168.301,0.033535976,0.10975444,0.131
0.032361083,0.11168326,0.131,49188.125,0.032361083,0.11168326,0.131
0.031272233,0.11361209,0.131,49208.82,0.031272236,0.11361209,0.131
0.030282373,0.11554092,0.131,49230.68,0.030282373,0.11554091,0.131
0.029382497,0.11746974,0.131,49253.277,0.029382499,0.11746974,0.131
0.028564431,0.11939856,0.131,49275.93,0.028564431,0.11939856,0.131
0.027820732,0.12132739,0.131,49298.102,0.027820732,0.12132739,0.131
0.027144644,0.12325621,0.131,49319.477,0.027144644,0.12325621,0.131
0.026530018,0.12518504,0.131,49340.328,0.026530018,0.12518504,0.131
0.025971267,0.12711386,0.131,49360.898,0.025971267,0.12711386,0.131
0.025463311,0.12904269,0.131,49381.363,0.025463311,0.12904269,0.131
0.025001533,0.13089341,0.131,49401.23,0.025001533,0.13089342,0.131
0.024581734,0.13258547,0.131,49420.445,0.024581736,0.13258548,0.131
0.024178877,0.13412371,0.131,49441.82,0.024178877,0.13412371,0.131
0.023729779,0.1355221,0.131,49465.641,0.023729777,0.1355221,0.131
0.023187213,0.13679338,0.131,49486.496,0.023187213,0.13679336,0.131
0.022536887,0.13794906,0.131,49502.992,0.022536887,0.13794906,0.131
0.021764727,0.1389997,0.131,49514.789,0.021764725,0.1389997,0.131
0.037163246,0.10589679,0.131,49137.34,0.037163246,0.10589679,0.131
0.035954155,0.10782561,0.131,49153.059,0.035954155,0.10782561,0.131
0.034745067,0.10975444,0.131,49171.562,0.034745067,0.10975444,0.131
0.033535976,0.11168326,0.131,49192.223,0.033535976,0.11168326,0.131
0.032361083,0.11361209,0.131,49213.5,0.032361083,0.11361209,0.131
0.031272233,0.11554092,0.131,49235.449,0.031272236,0.11554091,0.131
0.030282373,0.11746974,0.131,49258.402,0.030282373,0.11746974,0.131
0.029382497,0.11939856,0.131,49281.91,0.029382499,0.11939856,0.131
0.028564431,0.12132739,0.131,49305.383,0.028564431,0.12132739,0.131
0.027820732,0.12325621,0.131,49328.148,0.027820732,0.12325621,0.131
0.027144644,0.12518504,0.131,49349.992,0.027144644,0.12518504,0.131
0.026530018,0.12711386,0.131,49370.945,0.026530018,0.12711386,0.131
0.025971267,0.12904269,0.131,49391.051,0.025971267,0.12904269,0.131
0.025463311,0.13089341,0.131,49409.559,0.025463311,0.13089342,0.131
0.025001533,0.13258547,0.131,49426.168,0.025001533,0.13258548,0.131
0.024581734,0.13412371,0.131,49442.539,0.024581736,0.13412371,0.131
0.024178877,0.1355221,0.131,49461.664,0.024178877,0.1355221,0.131
0.023729779,0.13679338,0.131,49483.688,0.023729777,0.13679336,0.131
0.023187213,0.13794906,0.131,49502.977,0.023187213,0.13794906,0.131
0.022536887,0.1389997,0.131,49518.082,0.022536889,0.1389997,0.131
0.037163246,0.10782561,0.131,49157.215,0.037163246,0.10782561,0.131
0.035954155,0.10975444,0.131,49175.008,0.035954155,0.10975444,0.131
0.034745067,0.11168326,0.131,49195.574,0.034745067,0.11168326,0.131
0.033535976,0.11361209,0.131,49218.004,0.033535976,0.11361209,0.131
0.032361083,0.11554092,0.131,49240.832,0.032361083,0.11554091,0.131
0.031272233,0.11746974,0.131,49264.113,0.031272236,0.11746974,0.131
0.030282373,0.11939856,0.131,49288.211,0.030282373,0.11939856,0.131
0.029382497,0.12132739,0.131,49312.699,0.029382499,0.12132739,0.131
0.028564431,0.12325621,0.131,49336.754,0.028564431,0.12325621,0.131
0.027820732,0.12518504,0.131,49359.793,0.027820732,0.12518504,0.131
0.027144644,0.12711386,0.131,49381.504,0.027144644,0.12711386,0.131
0.026530018,0.12904269,0.131,49401.766,0.026530018,0.12904269,0.131
0.025971267,0.13089341,0.131,49419.707,0.025971267,0.13089342,0.131
0.025463311,0.13258547,0.131,49434.828,0.025463311,0.13258548,0.131
0.025001533,0.13412371,0.131,49448.531,0.025001533,0.13412371,0.131
0.024581734,0.1355221,0.131,49462.629,0.024581736,0.1355221,0.131
0.024178877,0.13679338,0.131,49479.977,0.024178877,0.13679336,0.131
0.023729779,0.13794906,0.131,49500.492,0.023729777,0.13794906,0.131
0.023187213,0.1389997,0.131,49518.434,0.023187213,0.1389997,0.131
0.037163246,0.10975444,0.131,49179.055,0.037163246,0.10975444,0.131
0.035954155,0.11168326,0.131,49199.141,0.035954155,0.11168326,0.131
0.034745067,0.11361209,0.131,49221.844,0.034745067,0.11361209,0.131
0.033535976,0.11554092,0.131,49246.207,0.033535976,0.11554091,0.131
0.032361083,0.11746974,0.131,49270.625,0.032361083,0.11746974,0.131
0.031272233,0.11939856,0.131,49295.246,0.031272236,0.11939856,0.131
0.030282373,0.12132739,0.131,49320.465,0.030282373,0.12132739,0.131
0.029382497,0.12325621,0.131,49345.559,0.029382499,0.12325621,0.131
0.028564431,0.12518504,0.131,49369.699,0.028564431,0.12518504,0.131
0.027820732,0.12711386,0.131,49392.328,0.027820732,0.12711386,0.131
0.027144644,0.12904269,0.131,49413.094,0.027144644,0.12904269,0.131
0.026530018,0.13089341,0.131,49430.973,0.026530018,0.13089342,0.131
0.025971267,0.13258547,0.131,49445.375,0.025971267,0.13258548,0.131
0.025463311,0.13412371,0.131,49457.508,0.025463311,0.13412371,0.131
0.025001533,0.1355221,0.131,49468.898,0.025001533,0.1355221,0.131
0.024581734,0.13679338,0.131,49481.207,0.024581736,0.13679336,0.131
0.024178877,0.13794906,0.131,49497.066,0.024178877,0.13794906,0.131
0.023729779,0.1389997,0.131,49516.281,0.023729777,0.1389997,0.131
0.037163246,0.11168326,0.131,49203.332,0.037163246,0.11168326,0.131
0.035954155,0.11361209,0.131,49225.895,0.035954155,0.11361209,0.131
0.034745067,0.11554092,0.131,49250.969,0.034745067,0.11554091,0.131
0.033535976,0.11746974,0.131,49277.281,0.033535976,0.11746974,0.131
0.032361083,0.11939856,0.131,49303.207,0.032361083,0.11939856,0.131
0.031272233,0.12132739,0.131,49329.023,0.031272236,0.12132739,0.131
0.030282373,0.12325621,0.131,49354.887,0.030282373,0.12325621,0.131
0.029382497,0.12518504,0.131,49379.938,0.029382499,0.12518504,0.131
0.028564431,0.12711386,0.131,49403.398,0.028564431,0.12711386,0.131
0.027820732,0.12904269,0.131,49424.809,0.027820732,0.12904269,0.131
0.027144644,0.13089341,0.131,49442.953,0.027144644,0.13089342,0.131
0.026530018,0.13258547,0.131,49457.121,0.026530018,0.13258548,0.131
0.025971267,0.13412371,0.131,49468.438,0.025971267,0.13412371,0.131
0.025463311,0.1355221,0.131,49478.207,0.025463311,0.1355221,0.131
0.025001533,0.13679338,0.131,49487.77,0.025001533,0.13679336,0.131
0.024581734,0.13794906,0.131,49498.574,0.024581736,0.13794906,0.131
0.024178877,0.1389997,0.131,49513.141,0.024178877,0.1389997,0.131
0.037163246,0.11361209,0.131,49230.539,0.037163246,0.11361209,0.131
0.035954155,0.11554092,0.131,49255.887,0.035954155,0.11554091,0.131
0.034745067,0.11746974,0.131,49283.324,0.034745067,0.11746974,0.131
0.033535976,0.11939856,0.131,49311.387,0.033535976,0.11939856,0.131
0.032361083,0.12132739,0.131,49338.562,0.032361083,0.12132739,0.131
0.031272233,0.12325621,0.131,49365.016,0.031272236,0.12325621,0.131
0.030282373,0.12518504,0.131,49390.773,0.030282373,0.12518504,0.131
0.029382497,0.12711386,0.131,49414.922,0.029382499,0.12711386,0.131
0.028564431,0.12904269,0.131,49436.906,0.028564431,0.12904269,0.131
0.027820732,0.13089341,0.131,49455.453,0.027820732,0.13089342,0.131
0.027144644,0.13258547,0.131,49469.684,0.027144644,0.13258548,0.131
0.026530018,0.13412371,0.131,49480.641,0.026530018,0.13412371,0.131
0.025971267,0.1355221,0.131,49489.527,0.025971267,0.1355221,0.131
0.025463311,0.13679338,0.131,49497.422,0.025463311,0.13679336,0.131
0.025001533,0.13794906,0.131,49505.441,0.025001533,0.13794906,0.131
0.024581734,0.1389997,0.131,49514.922,0.024581736,0.1389997,0.131
0.037163246,0.11554092,0.131,49261.305,0.037163246,0.11554091,0.131
0.035954155,0.11746974,0.131,49289.426,0.035954155,0.11746974,0.131
0.034745067,0.11939856,0.131,49318.949,0.034745067,0.11939856,0.131
0.033535976,0.12132739,0.131,49348.391,0.033535976,0.12132739,0.131
0.032361083,0.12325621,0.131,49376.156,0.032361083,0.12325621,0.131
0.031272233,0.12518504,0.131,49402.453,0.031272236,0.12518504,0.131
0.030282373,0.12711386,0.131,49427.172,0.030282373,0.12711386,0.131
0.029382497,0.12904269,0.131,49449.621,0.029382499,0.12904269,0.131
0.028564431,0.13089341,0.131,49468.492,0.028564431,0.13089342,0.131
0.027820732,0.13258547,0.131,49482.902,0.027820732,0.13258548,0.131
0.027144644,0.13412371,0.131,49493.777,0.027144644,0.13412371,0.131
0.026530018,0.1355221,0.131,49502.215,0.026530018,0.1355221,0.131
0.025971267,0.13679338,0.131,49509.156,0.025971267,0.13679336,0.131
0.025463311,0.13794906,0.131,49515.457,0.025463311,0.13794906,0.131
0.025001533,0.1389997,0.131,49522.094,0.025001533,0.1389997,0.131
0.037163246,0.11746974,0.131,49295.941,0.037163246,0.11746974,0.131
0.035954155,0.11939856,0.131,49326.531,0.035954155,0.11939856,0.131
0.034745067,0.12132739,0.131,49357.66,0.034745067,0.12132739,0.131
0.033535976,0.12325621,0.131,49387.73,0.033535976,0.12325621,0.131
0.032361083,0.12518504,0.131,49415.258,0.032361083,0.12518504,0.131
0.031272233,0.12711386,0.131,49440.426,0.031272236,0.12711386,0.131
0.030282373,0.12904269,0.131,49463.27,0.030282373,0.12904269,0.131
0.029382497,0.13089341,0.131,49482.363,0.029382499,0.13089342,0.131
0.028564431,0.13258547,0.131,49496.855,0.028564431,0.13258548,0.131
0.027820732,0.13412371,0.131,49507.73,0.027820732,0.13412371,0.131
0.027144644,0.1355221,0.131,49515.949,0.027144644,0.1355221,0.131
0.026530018,0.13679338,0.131,49522.344,0.026530018,0.13679336,0.131
0.025971267,0.13794906,0.131,49527.621,0.025971267,0.13794906,0.131
0.025463311,0.1389997,0.131,49532.469,0.025463311,0.1389997,0.131
0.037163246,0.11939856,0.131,49334.512,0.037163246,0.11939856,0.131
0.035954155,0.12132739,0.131,49367.027,0.035954155,0.12132739,0.131
0.034745067,0.12325621,0.131,49398.938,0.034745067,0.12325621,0.131
0.033535976,0.12518504,0.131,49428.75,0.033535976,0.12518504,0.131
0.032361083,0.12711386,0.131,49455.066,0.032361083,0.12711386,0.131
0.031272233,0.12904269,0.131,49478.227,0.031272236,0.12904269,0.131
0.030282373,0.13089341,0.131,49497.457,0.030282373,0.13089342,0.131
0.029382497,0.13258547,0.131,49511.898,0.029382499,0.13258548,0.131
0.028564431,0.13412371,0.131,49522.637,0.028564431,0.13412371,0.131
0.027820732,0.1355221,0.131,49530.676,0.027820732,0.1355221,0.131
0.027144644,0.13679338,0.131,49536.715,0.027144644,0.13679336,0.131
0.026530018,0.13794906,0.131,49541.324,0.026530018,0.13794906,0.131
0.025971267,0.1389997,0.131,49545.059,0.025971267,0.1389997,0.131
0.037163246,0.12132739,0.131,49376.855,0.037163246,0.12132739,0.131
0.035954155,0.12325621,0.131,49410.41,0.035954155,0.12325621,0.131
0.034745067,0.12518504,0.131,49442.164,0.034745067,0.12518504,0.131
0.033535976,0.12711386,0.131,49470.754,0.033535976,0.12711386,0.131
0.032361083,0.12904269,0.131,49494.957,0.032361083,0.12904269,0.131
0.031272233,0.13089341,0.131,49514.223,0.031272236,0.13089342,0.131
0.030282373,0.13258547,0.131,49528.473,0.030282373,0.13258548,0.131
0.029382497,0.13412371,0.131,49538.863,0.029382499,0.13412371,0.131
0.028564431,0.1355221,0.131,49546.527,0.028564431,0.1355221,0.131
0.027820732,0.13679338,0.131,49552.191,0.027820732,0.13679336,0.131
0.027144644,0.13794906,0.131,49556.281,0.027144644,0.13794906,0.131
0.026530018,0.1389997,0.131,49559.215,0.026530018,0.1389997,0.131
0.037163246,0.12325621,0.131,49422.449,0.037163246,0.12325621,0.131
0.035954155,0.12518504,0.131,49456.027,0.035954155,0.12518504,0.131
0.034745067,0.12711386,0.131,49486.609,0.034745067,0.12711386,0.131
0.033535976,0.12904269,0.131,49513.047,0.033535976,0.12904269,0.131
0.032361083,0.13089341,0.131,49533.082,0.032361083,0.13089342,0.131
0.031272233,0.13258547,0.131,49546.93,0.031272236,0.13258548,0.131
0.030282373,0.13412371,0.131,49556.734,0.030282373,0.13412371,0.131
0.029382497,0.1355221,0.131,49563.73,0.029382499,0.1355221,0.131
0.028564431,0.13679338,0.131,49568.746,0.028564431,0.13679336,0.131
0.027820732,0.13794906,0.131,49572.254,0.027820732,0.13794906,0.131
0.027144644,0.1389997,0.131,49574.504,0.027144644,0.1389997,0.131
0.037163246,0.12518504,0.131,49470.516,0.037163246,0.12518504,0.131
0.035954155,0.12711386,0.131,49503.004,0.035954155,0.12711386,0.131
0.034745067,0.12904269,0.131,49531.398,0.034745067,0.12904269,0.131
0.033535976,0.13089341,0.131,49553.398,0.033535976,0.13089342,0.131
0.032361083,0.13258547,0.131,49567.488,0.032361083,0.13258548,0.131
0.031272233,0.13412371,0.131,49576.375,0.031272236,0.13412371,0.131
0.030282373,0.1355221,0.131,49582.363,0.030282373,0.1355221,0.131
0.029382497,0.13679338,0.131,49586.375,0.029382499,0.13679336,0.131
0.028564431,0.13794906,0.131,49588.98,0.028564431,0.13794906,0.131
0.027820732,0.1389997,0.131,49590.457,0.027820732,0.1389997,0.131
0.037163246,0.12711386,0.131,49520.031,0.037163246,0.12711386,0.131
0.035954155,0.12904269,0.131,49550.293,0.035954155,0.12904269,0.131
0.034745067,0.13089341,0.131,49573.988,0.034745067,0.13089342,0.131
0.033535976,0.13258547,0.131,49589.512,0.033535976,0.13258548,0.131
0.032361083,0.13412371,0.131,49597.988,0.032361083,0.13412371,0.131
0.031272233,0.1355221,0.131,49602.5,0.031272236,0.1355221,0.131
0.030282373,0.13679338,0.131,49605.078,0.030282373,0.13679336,0.131
0.029382497,0.13794906,0.131,49606.367,0.029382499,0.13794906,0.131
0.028564431,0.1389997,0.131,49606.727,0.028564431,0.1389997,0.131
0.037163246,0.12904269,0.131,49570.094,0.037163246,0.12904269,0.131
0.035954155,0.13089341,0.131,49595.488,0.035954155,0.13089342,0.131
0.034745067,0.13258547,0.131,49612.301,0.034745067,0.13258547,0.131
0.033535976,0.13412371,0.131,49621.625,0.033535976,0.13412371,0.131
0.032361083,0.1355221,0.131,49625.023,0.032361083,0.1355221,0.131
0.031272233,0.13679338,0.131,49625.531,0.031272236,0.13679336,0.131
0.030282373,0.13794906,0.131,49624.945,0.030282373,0.13794906,0.131
0.029382497,0.1389997,0.131,49623.688,0.029382499,0.1389997,0.131
0.037163246,0.13089341,0.131,49618.926,0.037163246,0.13089342,0.131
0.035954155,0.13258547,0.131,49637.312,0.035954155,0.13258547,0.131
0.034745067,0.13412371,0.131,49647.652,0.034745067,0.13412371,0.131
0.033535976,0.1355221,0.131,49651.375,0.033535976,0.1355221,0.131
0.032361083,0.13679338,0.131,49650.039,0.032361083,0.13679336,0.131
0.031272233,0.13794906,0.131,49646.719,0.031272236,0.13794906,0.131
0.030282373,0.1389997,0.131,49643.109,0.030282373,0.1389997,0.131
0.037163246,0.13258547,0.131,49666.211,0.037163246,0.13258547,0.131
0.035954155,0.13412371,0.131,49678.18,0.035954155,0.13412371,0.131
0.034745067,0.1355221,0.131,49682.789,0.034745067,0.1355221,0.131
0.033535976,0.13679338,0.131,49681.355,0.033535976,0.13679336,0.131
0.032361083,0.13794906,0.131,49675.488,0.032361083,0.13794906,0.131
0.031272233,0.1389997,0.131,49668.422,0.031272236,0.1389997,0.131
0.037163246,0.13412371,0.131,49714.734,0.037163246,0.13412371,0.131
0.035954155,0.1355221,0.131,49720.984,0.035954155,0.1355221,0.131
0.034745067,0.13679338,0.131,49720.367,0.034745067,0.13679336,0.131
0.033535976,0.13794906,0.131,49714.055,0.033535976,0.13794906,0.131
0.032361083,0.1389997,0.131,49703.684,0.032361083,0.1389997,0.131
0.037163246,0.1355221,0.131,49766.43,0.037163246,0.1355221,0.131
0.035954155,0.13679338,0.131,49767.18,0.035954155,0.13679336,0.131
0.034745067,0.13794906,0.131,49761.391,0.034745067,0.13794906,0.131
0.033535976,0.1389997,0.131,49750.18,0.033535976,0.1389997,0.131
0.037163246,0.13679338,0.131,49821.055,0.037163246,0.13679336,0.131
0.035954155,0.13794906,0.131,49816.016,0.035954155,0.13794906,0.131
0.034745067,0.1389997,0.131,49804.891,0.034745067,0.1389997,0.131
0.037163246,0.13794906,0.131,49876.676,0.037163246,0.13794906,0.131
0.035954155,0.1389997,0.131,49865.551,0.035954155,0.1389997,0.131
0.037163246,0.1389997,0.131,49931.297,0.037163246,0.1389997,0.131
