x,y,pressure,x_over_Lp,y_over_Lp,p_over_pinf
0.00050738349,0.13794906,49304.332,0.0,0.24607460308219725,1.0186845454545455
0.00050738349,0.1389997,49318.551,0.0,0.2502479646336984,1.018978326446281
0.00050738361,0.1355221,49271.691,4.766650669962499e-10,0.23643421098687306,1.0180101446280991
0.00050738361,0.13679338,49288.629,4.766650669962499e-10,0.24148400070855927,1.0183601033057852
0.00050738372,0.13412371,49253.953,9.136080452197016e-10,0.23087951379277827,1.0176436570247933
0.00050738384,0.13258547,49235.934,1.3902731126466192e-09,0.22476930318497618,1.0172713636363637
0.0005073839,0.13089341,49218.109,1.6286056461447443e-09,0.21804808740522932,1.0169030785123967
0.00050738396,0.12904269,49200.91,1.8669381796428692e-09,0.21069664096249507,1.0165477272727272
0.00050738407,0.12711386,49185.176,2.303881157866321e-09,0.20303492528311676,1.016222644628099
0.00050738419,0.12518504,49171.117,2.7805462252932383e-09,0.19537324932582734,1.0159321694214876
0.00050738431,0.12325621,49158.27,3.2572112922894886e-09,0.18771153364644902,1.01566673553719
0.00050738442,0.12132739,49146.34,3.69415427051294e-09,0.18004985768915957,1.0154202479338843
0.00050738448,0.11939856,49135.219,3.932486804011065e-09,0.17238814200978125,1.0151904752066114
0.0005073846,0.11746974,49125.09,4.4091518714379824e-09,0.16472646605249183,1.0149811983471073
0.00050738471,0.11554092,49116.074,4.846094849661435e-09,0.15706479009520244,1.0147949173553719
0.00050738477,0.11361209,49108.32,5.08442738315956e-09,0.14940307441582407,1.0146347107438016
0.00050738489,0.11168326,49101.824,5.561092450155809e-09,0.14174135873644575,1.0145004958677686
0.000507385,0.10975444,49096.254,5.9980354283792606e-09,0.13407968277915627,1.0143854132231405
0.00050738512,0.10782561,49091.246,6.474700495806178e-09,0.12641796709977796,1.0142819421487603
0.00050738518,0.10589679,49086.203,6.7130330293043035e-09,0.11875629114248855,1.0141777479338843
0.0005073853,0.10396796,49080.625,7.189698096300554e-09,0.11109457546311018,1.0140625
0.00050738541,0.10203914,49074.148,7.626641074954673e-09,0.10343289950582077,1.0139286776859504
0.00050738547,0.10011031,49066.527,7.864973608452798e-09,0.0957711838264424,1.0137712190082644
0.00050738559,0.098181486,49057.812,8.341638675449048e-09,0.08810949198031742,1.0135911570247933
0.0005073857,0.096252665,49048.117,8.7785816536725e-09,0.08044781205081912,1.013390847107438
0.00050738582,0.094323844,49037.762,9.255246721099417e-09,0.07278613212132082,1.0131769008264464
0.00050738588,0.092395008,49027.027,9.493579254597542e-09,0.0651243926086891,1.012955103305785
0.00050738599,0.090466186,49016.262,9.930522232820994e-09,0.05746270870698191,1.0127326859504133
0.00050738611,0.088537365,49005.797,1.0407187299817243e-08,0.049801028777483616,1.0125164669421487
0.00050738617,0.086608537,48995.914,1.0645519833746036e-08,0.04213932104252302,1.0123122727272726
0.00050738628,0.084679708,48986.922,1.1082462811969489e-08,0.03447760933535359,1.0121264876033058
0.0005073864,0.082750887,48979.09,1.1559127878965737e-08,0.02681592940585524,1.0119646694214874
0.00050738652,0.080822065,48972.785,1.2035792945961988e-08,0.01915424550414805,1.0118344008264464
0.00050738658,0.078893237,48968.199,1.2274125479890781e-08,0.011492537769187513,1.0117396487603305
0.00050738669,0.076964408,48965.422,1.2711068458114233e-08,0.0038308260620180308,1.0116822727272727
0.00050738681,0.075035587,48964.602,1.3187733525110482e-08,-0.003830853867480268,1.0116653305785124
0.00050738687,0.073106766,48965.77,1.3426066058608607e-08,-0.011492533796978567,1.0116894628099173
0.00050738698,0.071177937,48968.844,1.3863009036832059e-08,-0.01915424550414805,1.0117529752066114
0.0005073871,0.069249108,48973.625,1.4339674104258976e-08,-0.02681595721131748,1.011851756198347
0.00050738722,0.067320287,48980.066,1.4816339171255226e-08,-0.034477637140815774,1.0119848347107439
0.00050738727,0.065391466,48987.867,1.5014949615980553e-08,-0.04213931707031413,1.012146012396694
0.00050738739,0.063462637,48996.691,1.549161468340747e-08,-0.04980102877748356,1.012328326446281
0.00050738751,0.061533809,49006.215,1.596827975040372e-08,-0.05746273651244412,1.0125251033057852
0.00050738757,0.059604988,49016.156,1.6206612283901846e-08,-0.06512441644194245,1.0127304958677688
0.00050738768,0.057676159,49026.148,1.6643555262125298e-08,-0.07278612814911191,1.0129369421487604
0.0005073878,0.055747338,49035.906,1.7120220329552215e-08,-0.0804478080786102,1.0131385537190083
0.00050738791,0.053818509,49045.078,1.7557163307775667e-08,-0.08810951978577966,1.0133280578512398
0.00050738803,0.051889684,49053.375,1.8033828374771917e-08,-0.09577121560411354,1.0134994834710744
0.00050738809,0.049960859,49060.684,1.8272160908270042e-08,-0.10343291142244741,1.0136504958677686
0.00050738821,0.048032038,49066.934,1.874882597569696e-08,-0.11109459135194574,1.0137796280991735
0.00050738826,0.046103209,49072.363,1.8947436420422286e-08,-0.11875630305911519,1.0138917975206612
0.00050738838,0.044174388,49077.297,1.9424101487418537e-08,-0.12641798298861348,1.0139937396694214
0.0005073885,0.042245559,49082.285,1.9900766554414787e-08,-0.13407969469578296,1.0140967975206612
0.00050738861,0.040316738,49087.84,2.033770953263824e-08,-0.14174137462528127,1.0142115702479337
0.00050738873,0.03838791,49094.371,2.0814374600065156e-08,-0.14940308236024183,1.0143465082644627
0.00050738879,0.036459088,49102.223,2.105270713356328e-08,-0.15706476626194904,1.0145087396694215
0.0005073889,0.03453026,49111.426,2.1489650111786733e-08,-0.1647264739969096,1.0146988842975206
0.00050738896,0.032601438,49121.816,2.172798264528486e-08,-0.17238815789861678,1.0149135537190082
0.00050738908,0.030672612,49133.258,2.2204647712711775e-08,-0.18004985768915957,1.015149958677686
0.0005073892,0.028743785,49145.531,2.2681312779708026e-08,-0.18771156145191123,1.0154035330578512
0.00050738931,0.02681496,49158.723,2.3118255757931474e-08,-0.19537325727024513,1.0156760950413222
0.00050738943,0.024886135,49173.055,2.3594920825358395e-08,-0.203034953088579,1.0159722107438016
0.00050738949,0.02295731,49189.07,2.383325335885652e-08,-0.2106966489069129,1.0163030991735538
0.0005073896,0.021106582,49206.441,2.4270196337079972e-08,-0.21804812712731828,1.0166620041322314
0.00050738966,0.019414527,49224.379,2.4508528870578094e-08,-0.22476932304602057,1.0170326239669423
0.00050738978,0.017876294,49242.445,2.4985193938005014e-08,-0.23087950584836042,1.017405888429752
0.00050738984,0.0164779,49260.188,2.522352647150314e-08,-0.2364342189312908,1.017772479338843
0.00050738989,0.015206633,49277.094,2.5422136916228466e-08,-0.24148395701426148,1.0181217768595041
0.00050739001,0.013000302,49306.969,2.5898801983224713e-08,-0.25024796463369836,1.0187390289256197
0.00050739001,0.014050936,49292.766,2.5898801983224713e-08,-0.24607462691545054,1.0184455785123967
0.0015965886,0.1389997,49329.871,0.004326550224408588,0.2502479646336984,1.0192122107438015
0.0015965889,0.13794906,49315.695,0.004326551416071256,0.24607460308219725,1.0189193181818181
0.0015965891,0.1355221,49282.918,0.004326552210513035,0.23643421098687306,1.0182421074380166
0.0015965891,0.13679338,49299.965,0.004326552210513035,0.24148400070855927,1.018594318181818
0.0015965895,0.13412371,49264.996,0.0043265537993965935,0.23087951379277827,1.0178718181818183
0.0015965898,0.13089341,49228.637,0.004326554991059261,0.21804808740522932,1.0171205991735537
0.0015965898,0.13258547,49246.734,0.004326554991059261,0.22476930318497618,1.0174945041322314
0.0015965903,0.12904269,49211.16,0.004326556977163707,0.21069664096249507,1.0167595041322315
0.0015965905,0.12711386,49195.188,0.004326557771605486,0.20303492528311676,1.0164295041322315
0.0015965909,0.12518504,49180.93,0.004326559360489044,0.19537324932582734,1.016134917355372
0.0015965911,0.12325621,49167.914,0.004326560154930823,0.18771153364644902,1.015865991735537
0.0015965912,0.12132739,49155.836,0.004326560552151711,0.18004985768915957,1.0156164462809918
0.0015965917,0.11939856,49144.586,0.0043265625382561575,0.17238814200978125,1.015384008264463
0.0015965919,0.11746974,49134.312,0.004326563332697936,0.16472646605249183,1.01517173553719
0.0015965923,0.11554092,49125.129,0.004326564921581494,0.15706479009520244,1.0149820041322315
0.0015965925,0.11361209,49117.145,0.004326565716023271,0.14940307441582407,1.0148170454545453
0.0015965927,0.11168326,49110.344,0.00432656651046505,0.14174135873644575,1.0146765289256199
0.0015965931,0.10975444,49104.383,0.004326568099348609,0.13407968277915627,1.0145533677685952
0.0015965933,0.10782561,49098.871,0.0043265688937903874,0.12641796709977796,1.0144394834710744
0.0015965936,0.10589679,49093.238,0.004326570085453055,0.11875629114248855,1.0143230991735537
0.001596594,0.10396796,49086.961,0.004326571674336611,0.11109457546311018,1.014193409090909
0.0015965942,0.10203914,49079.66,0.00432657246877839,0.10343289950582077,1.0140425619834712
0.0015965945,0.10011031,49071.098,0.004326573660441059,0.0957711838264424,1.0138656611570247
0.0015965948,0.098181486,49061.348,0.0043265748521037276,0.08810949198031742,1.013664214876033
0.001596595,0.096252665,49050.547,0.004326575646545505,0.08044781205081912,1.0134410537190082
0.0015965954,0.094323844,49039.047,0.004326577235429062,0.07278613212132082,1.013203450413223
0.0015965956,0.092395008,49027.176,0.004326578029870841,0.0651243926086891,1.0129581818181819
0.0015965959,0.090466186,49015.312,0.004326579221533509,0.05746270870698191,1.0127130578512396
0.0015965962,0.088537365,49003.844,0.004326580413196178,0.049801028777483616,1.0124761157024793
0.0015965964,0.086608537,48993.09,0.004326581207637955,0.04213932104252302,1.0122539256198346
0.0015965968,0.084679708,48983.387,0.004326582796521513,0.03447760933535359,1.0120534504132233
0.001596597,0.082750887,48975.02,0.0043265835909632915,0.02681592940585524,1.0118805785123965
0.0015965973,0.080822065,48968.27,0.00432658478262596,0.01915424550414805,1.0117411157024794
0.0015965976,0.078893237,48963.297,0.004326585974288626,0.011492537769187513,1.011638367768595
0.001596598,0.076964408,48960.32,0.004326587563172184,0.0038308260620180308,1.0115768595041321
0.0015965982,0.075035587,48959.461,0.004326588357613963,-0.003830853867480268,1.011559111570248
0.0015965984,0.073106766,48960.738,0.004326589152055743,-0.011492533796978567,1.0115854958677686
0.0015965988,0.071177937,48964.074,0.004326590740939299,-0.01915424550414805,1.0116544214876033
0.0015965991,0.069249108,48969.355,0.004326591932601966,-0.02681595721131748,1.0117635330578514
0.0015965994,0.067320287,48976.34,0.004326593124264635,-0.034477637140815774,1.0119078512396693
0.0015965996,0.065391466,48984.812,0.004326593918706414,-0.04213931707031413,1.0120828925619834
0.0015965998,0.063462637,48994.484,0.004326594713148193,-0.04980102877748356,1.0122827272727273
0.0015966002,0.061533809,49005.0,0.004326596302031749,-0.05746273651244412,1.0125
0.0015966005,0.059604988,49016.027,0.0043265974936944175,-0.06512441644194245,1.0127278305785123
0.0015966007,0.057676159,49027.16,0.004326598288136196,-0.07278612814911191,1.0129578512396695
0.001596601,0.055747338,49038.066,0.004326599479798864,-0.0804478080786102,1.0131831818181818
0.0015966013,0.053818509,49048.352,0.004326600671461531,-0.08810951978577966,1.0133957024793387
0.0015966017,0.051889684,49057.703,0.004326602260345089,-0.09577121560411354,1.0135889049586777
0.0015966019,0.049960859,49065.973,0.004326603054786868,-0.10343291142244741,1.0137597727272727
0.0015966021,0.048032038,49073.074,0.004326603849228647,-0.11109459135194574,1.0139064876033057
0.0015966024,0.046103209,49079.23,0.004326605040891315,-0.11875630305911519,1.0140336776859504
0.0015966027,0.044174388,49084.77,0.0043266062325539815,-0.12641798298861348,1.0141481404958677
0.0015966031,0.042245559,49090.27,0.004326607821437539,-0.13407969469578296,1.0142617768595041
0.0015966034,0.040316738,49096.219,0.004326609013100208,-0.14174137462528127,1.0143846900826445
0.0015966037,0.03838791,49103.07,0.004326610204762877,-0.14940308236024183,1.0145262396694215
0.0015966038,0.036459088,49111.168,0.004326610601983766,-0.15706476626194904,1.0146935537190083
0.0015966041,0.03453026,49120.555,0.004326611793646433,-0.1647264739969096,1.0148875
0.0015966045,0.032601438,49131.098,0.00432661338252999,-0.17238815789861678,1.0151053305785123
0.0015966047,0.030672612,49142.676,0.004326614176971769,-0.18004985768915957,1.0153445454545453
0.0015966051,0.028743785,49155.105,0.004326615765855327,-0.18771156145191123,1.0156013429752067
0.0015966053,0.02681496,49168.477,0.004326616560297104,-0.19537325727024513,1.015877623966942
0.0015966056,0.024886135,49183.031,0.004326617751959773,-0.203034953088579,1.0161783264462811
0.0015966059,0.02295731,49199.32,0.0043266189436224406,-0.2106966489069129,1.0165148760330578
0.0015966061,0.021106582,49216.98,0.004326619738064219,-0.21804812712731828,1.0168797520661157
0.0015966063,0.019414527,49235.18,0.004326620532505998,-0.22476932304602057,1.017255785123967
0.0015966066,0.017876294,49253.461,0.004326621724168665,-0.23087950584836042,1.0176334917355372
0.0015966067,0.0164779,49271.348,0.004326622121389554,-0.2364342189312908,1.0180030578512396
0.001596607,0.014050936,49303.996,0.004326623313052223,-0.24607462691545054,1.0186776033057852
0.001596607,0.015206633,49288.324,0.004326623313052223,-0.24148395701426148,1.0183538016528926
0.0015966075,0.013000302,49318.129,0.0043266252991566705,-0.25024796463369836,1.0189696074380166
0.0028345129,0.1389997,49342.41,0.009243844137917538,0.2502479646336984,1.0194712809917357
0.0028345131,0.13794906,49328.426,0.009243844932359318,0.24607460308219725,1.0191823553719008
0.0028345133,0.13679338,49312.816,0.009243845726801096,0.24148400070855927,1.0188598347107438
0.0028345136,0.1355221,49295.785,0.009243846918463763,0.23643421098687306,1.0185079545454545
0.002834514,0.13412371,49277.766,0.00924384850734732,0.23087951379277827,1.018135661157025
0.0028345145,0.13258547,49259.301,0.009243850493451767,0.22476930318497618,1.017754152892562
0.0028345147,0.13089341,49240.938,0.009243851287893547,0.21804808740522932,1.0173747520661158
0.0028345152,0.12904269,49223.164,0.009243853273997994,0.21069664096249507,1.017007520661157
0.0028345156,0.12711386,49206.902,0.00924385486288155,0.20303492528311676,1.0166715289256198
0.0028345161,0.12518504,49192.391,0.009243856848985996,0.19537324932582734,1.0163717148760332
0.0028345166,0.12325621,49179.172,0.009243858835090442,0.18771153364644902,1.0160985950413224
0.0028345168,0.12132739,49166.934,0.009243859629532222,0.18004985768915957,1.0158457438016528
0.0028345173,0.11939856,49155.539,0.00924386161563667,0.17238814200978125,1.0156103099173552
0.0028345177,0.11746974,49145.133,0.009243863204520227,0.16472646605249183,1.0153953099173554
0.0028345184,0.11554092,49135.766,0.00924386598506645,0.15706479009520244,1.0152017768595043
0.0028345187,0.11361209,49127.516,0.009243867176729119,0.14940307441582407,1.0150313223140497
0.0028345189,0.11168326,49120.34,0.009243867971170898,0.14174135873644575,1.0148830578512396
0.0028345196,0.10975444,49113.891,0.009243870751717122,0.13407968277915627,1.0147498140495868
0.0028345198,0.10782561,49107.773,0.009243871546158902,0.12641796709977796,1.0146234090909092
0.0028345203,0.10589679,49101.41,0.00924387353226335,0.11875629114248855,1.0144919421487604
0.0028345208,0.10396796,49094.285,0.009243875518367793,0.11109457546311018,1.0143447314049587
0.0028345212,0.10203914,49086.035,0.009243877107251351,0.10343289950582077,1.0141742768595041
0.0028345217,0.10011031,49076.43,0.009243879093355797,0.0957711838264424,1.013975826446281
0.0028345222,0.098181486,49065.559,0.009243881079460245,0.08810949198031742,1.0137512190082645
0.0028345226,0.096252665,49053.605,0.009243882668343802,0.08044781205081912,1.0135042355371902
0.0028345231,0.094323844,49040.945,0.009243884654448248,0.07278613212132082,1.013242665289256
0.0028345233,0.092395008,49027.949,0.009243885448890026,0.0651243926086891,1.012974152892562
0.0028345238,0.090466186,49015.039,0.009243887434994474,0.05746270870698191,1.0127074173553718
0.0028345243,0.088537365,49002.625,0.00924388942109892,0.049801028777483616,1.012450929752066
0.0028345245,0.086608537,48991.066,0.0092438902155407,0.04213932104252302,1.0122121074380166
0.0028345252,0.084679708,48980.723,0.009243892996086925,0.03447760933535359,1.011998409090909
0.0028345254,0.082750887,48971.871,0.009243893790528705,0.02681592940585524,1.0118155165289255
0.0028345261,0.080822065,48964.762,0.009243896571074928,0.01915424550414805,1.0116686363636365
0.0028345264,0.078893237,48959.602,0.009243897762737596,0.011492537769187513,1.0115620247933883
0.0028345268,0.076964408,48956.527,0.009243899351621152,0.0038308260620180308,1.0114984917355372
0.0028345273,0.075035587,48955.641,0.0092439013377256,-0.003830853867480268,1.0114801859504132
0.0028345278,0.073106766,48956.977,0.009243903323830047,-0.011492533796978567,1.0115077892561983
0.0028345282,0.071177937,48960.469,0.009243904912713603,-0.01915424550414805,1.011579938016529
0.0028345287,0.069249108,48966.02,0.009243906898818051,-0.02681595721131748,1.0116946280991734
0.0028345292,0.067320287,48973.461,0.009243908884922498,-0.034477637140815774,1.011848367768595
0.0028345296,0.065391466,48982.539,0.009243910473806054,-0.04213931707031413,1.012035929752066
0.0028345298,0.063462637,48992.988,0.009243911268247832,-0.04980102877748356,1.012251818181818
0.0028345303,0.061533809,49004.426,0.00924391325435228,-0.05746273651244412,1.0124881404958677
0.0028345308,0.059604988,49016.5,0.009243915240456726,-0.06512441644194245,1.012737603305785
0.002834531,0.057676159,49028.754,0.009243916034898504,-0.07278612814911191,1.012990785123967
0.0028345317,0.055747338,49040.82,0.009243918815444731,-0.0804478080786102,1.0132400826446282
0.0028345319,0.053818509,49052.273,0.009243919609886507,-0.08810951978577966,1.013476714876033
0.0028345326,0.051889684,49062.762,0.009243922390432735,-0.09577121560411354,1.013693429752066
0.0028345329,0.049960859,49072.098,0.009243923582095403,-0.10343291142244741,1.0138863223140495
0.0028345333,0.048032038,49080.172,0.009243925170978958,-0.11109459135194574,1.0140531404958677
0.0028345338,0.046103209,49087.199,0.009243927157083406,-0.11875630305911519,1.014198326446281
0.0028345343,0.044174388,49093.484,0.009243929143187854,-0.12641798298861348,1.0143281818181817
0.0028345347,0.042245559,49099.605,0.00924393073207141,-0.13407969469578296,1.0144546487603305
0.0028345352,0.040316738,49106.062,0.009243932718175855,-0.14174137462528127,1.0145880578512396
0.0028345357,0.03838791,49113.309,0.009243934704280301,-0.14940308236024183,1.0147377892561984
0.0028345361,0.036459088,49121.691,0.009243936293163859,-0.15706476626194904,1.0149109710743802
0.0028345364,0.03453026,49131.273,0.009243937484826529,-0.1647264739969096,1.0151089462809917
0.0028345366,0.032601438,49141.965,0.009243938279268307,-0.17238815789861678,1.0153298553719008
0.0028345373,0.030672612,49153.691,0.00924394105981453,-0.18004985768915957,1.0155721280991736
0.0028345375,0.028743785,49166.289,0.00924394185425631,-0.18771156145191123,1.0158324173553719
0.0028345382,0.02681496,49179.875,0.009243944634802534,-0.19537325727024513,1.0161131198347106
0.0028345385,0.024886135,49194.707,0.009243945826465204,-0.203034953088579,1.0164195661157025
0.0028345389,0.02295731,49211.309,0.009243947415348761,-0.2106966489069129,1.016762582644628
0.0028345394,0.021106582,49229.273,0.009243949401453207,-0.21804812712731828,1.0171337396694216
0.0028345396,0.019414527,49247.723,0.009243950195894985,-0.22476932304602057,1.017514938016529
0.0028345399,0.017876294,49266.176,0.009243951387557653,-0.23087950584836042,1.0178961983471073
0.0028345403,0.0164779,49284.133,0.00924395297644121,-0.2364342189312908,1.0182672107438018
0.0028345408,0.014050936,49316.57,0.009243954962545656,-0.24607462691545054,1.0189373966942148
0.0028345408,0.015206633,49301.062,0.009243954962545656,-0.24148395701426148,1.0186169834710743
0.0028345413,0.013000302,49330.441,0.009243956948650104,-0.25024796463369836,1.0192239876033058
0.004216657,0.13794906,49341.543,0.01473400922355509,0.24607460308219725,1.019453367768595
0.004216657,0.1389997,49355.297,0.01473400922355509,0.2502479646336984,1.019737541322314
0.0042166575,0.1355221,49309.387,0.014734011209659536,0.23643421098687306,1.0187889876033058
0.0042166575,0.13679338,49326.211,0.014734011209659536,0.24148400070855927,1.019136590909091
0.0042166584,0.13258547,49272.836,0.01473401478464754,0.22476930318497618,1.0180338016528927
0.0042166584,0.13412371,49291.414,0.01473401478464754,0.23087951379277827,1.018417644628099
0.0042166593,0.12904269,49236.113,0.014734018359635543,0.21069664096249507,1.017275061983471
0.0042166593,0.13089341,49254.219,0.014734018359635543,0.21804808740522932,1.017649152892562
0.0042166603,0.12711386,49219.5,0.014734022331844437,0.20303492528311676,1.016931818181818
0.0042166607,0.12518504,49204.68,0.014734023920727994,0.19537324932582734,1.0166256198347108
0.0042166612,0.12325621,49191.203,0.01473402590683244,0.18771153364644902,1.0163471694214876
0.0042166617,0.12132739,49178.77,0.014734027892936886,0.18004985768915957,1.0160902892561983
0.0042166621,0.11939856,49167.211,0.014734029481820444,0.17238814200978125,1.0158514669421488
0.0042166626,0.11746974,49156.633,0.01473403146792489,0.16472646605249183,1.0156329132231405
0.0042166635,0.11361209,49138.48,0.014734035042912893,0.14940307441582407,1.0152578512396695
0.0042166635,0.11554092,49147.047,0.014734035042912893,0.15706479009520244,1.0154348553719008
0.0042166645,0.11168326,49130.848,0.014734039015121787,0.14174135873644575,1.0151001652892562
0.0042166649,0.10975444,49123.793,0.014734040604005344,0.13407968277915627,1.0149544008264462
0.0042166654,0.10782561,49116.938,0.01473404259010979,0.12641796709977796,1.0148127685950414
0.0042166663,0.10396796,49101.613,0.014734046165097794,0.11109457546311018,1.0144961363636362
0.0042166663,0.10589679,49109.711,0.014734046165097794,0.11875629114248855,1.0146634504132233
0.0042166673,0.10011031,49081.57,0.014734050137306689,0.0957711838264424,1.0140820247933884
0.0042166673,0.10203914,49092.301,0.014734050137306689,0.10343289950582077,1.0143037396694214
0.0042166682,0.098181486,49069.547,0.01473405371229469,0.08810949198031742,1.0138336157024792
0.0042166687,0.096252665,49056.453,0.014734055698399137,0.08044781205081912,1.0135630785123968
0.0042166691,0.094323844,49042.699,0.014734057287282694,0.07278613212132082,1.0132789049586777
0.0042166696,0.092395008,49028.684,0.014734059273387144,0.0651243926086891,1.0129893388429752
0.0042166705,0.088537365,49001.66,0.014734062848375147,0.049801028777483616,1.0124309917355372
0.0042166705,0.090466186,49014.859,0.014734062848375147,0.05746270870698191,1.0127036983471074
0.0042166715,0.086608537,48989.457,0.014734066820584039,0.04213932104252302,1.0121788636363638
0.0042166719,0.084679708,48978.609,0.014734068409467596,0.03447760933535359,1.0119547314049586
0.0042166724,0.082750887,48969.387,0.014734070395572042,0.02681592940585524,1.011764194214876
0.0042166733,0.078893237,48956.719,0.014734073970560048,0.011492537769187513,1.011502458677686
0.0042166733,0.080822065,48962.027,0.014734073970560048,0.01915424550414805,1.0116121280991737
0.0042166738,0.076964408,48953.633,0.014734075956664493,0.0038308260620180308,1.0114386983471075
0.0042166742,0.075035587,48952.719,0.014734077545548051,-0.003830853867480268,1.0114198140495867
0.0042166752,0.073106766,48954.066,0.014734081517756943,-0.011492533796978567,1.011447644628099
0.0042166756,0.071177937,48957.617,0.0147340831066405,-0.01915424550414805,1.0115210123966942
0.0042166761,0.069249108,48963.367,0.01473408509274495,-0.02681595721131748,1.0116398140495868
0.0042166766,0.067320287,48971.141,0.014734087078849396,-0.034477637140815774,1.0118004338842976
0.0042166775,0.063462637,48991.742,0.0147340906538374,-0.04980102877748356,1.0122260743801652
0.0042166775,0.065391466,48980.68,0.0147340906538374,-0.04213931707031413,1.0119975206611571
0.0042166784,0.059604988,49016.918,0.014734094228825401,-0.06512441644194245,1.0127462396694213
0.0042166784,0.061533809,49003.945,0.014734094228825401,-0.05746273651244412,1.0124782024793388
0.0042166794,0.057676159,49030.184,0.014734098201034296,-0.07278612814911191,1.0130203305785124
0.0042166803,0.053818509,49055.949,0.0147341017760223,-0.08810951978577966,1.0135526652892561
0.0042166803,0.055747338,49043.348,0.0147341017760223,-0.0804478080786102,1.0132923140495866
0.0042166812,0.049960859,49078.086,0.014734105351010303,-0.10343291142244741,1.014010041322314
0.0042166812,0.051889684,49067.605,0.014734105351010303,-0.09577121560411354,1.0137934917355373
0.0042166822,0.048032038,49087.246,0.014734109323219197,-0.11109459135194574,1.014199297520661
0.0042166826,0.046103209,49095.266,0.014734110912102753,-0.11875630305911519,1.014365
0.0042166831,0.044174388,49102.434,0.0147341128982072,-0.12641798298861348,1.0145130991735538
0.0042166836,0.042245559,49109.312,0.014734114884311646,-0.13407969469578296,1.0146552066115702
0.004216684,0.040316738,49116.398,0.014734116473195204,-0.14174137462528127,1.014801611570248
0.0042166845,0.03838791,49124.129,0.01473411845929965,-0.14940308236024183,1.0149613429752067
0.0042166854,0.03453026,49142.688,0.014734122034287653,-0.1647264739969096,1.0153447933884299
0.0042166854,0.036459088,49132.863,0.014734122034287653,-0.15706476626194904,1.0151417975206611
0.0042166864,0.032601438,49153.562,0.014734126006496548,-0.17238815789861678,1.0155694628099172
0.0042166868,0.030672612,49165.453,0.014734127595380106,-0.18004985768915957,1.0158151446280992
0.0042166873,0.028743785,49178.246,0.01473412958148455,-0.18771156145191123,1.0160794628099172
0.0042166878,0.02681496,49192.098,0.014734131567588996,-0.19537325727024513,1.0163656611570246
0.0042166882,0.024886135,49207.258,0.014734133156472554,-0.203034953088579,1.0166788842975207
0.0042166892,0.02295731,49224.219,0.014734137128681449,-0.2106966489069129,1.0170293181818182
0.0042166896,0.019414527,49261.207,0.014734138717565006,-0.22476932304602057,1.0177935330578514
0.0042166896,0.021106582,49242.52,0.014734138717565006,-0.21804812712731828,1.0174074380165288
0.0042166905,0.0164779,49297.617,0.01473414229255301,-0.2364342189312908,1.018545805785124
0.0042166905,0.017876294,49279.75,0.01473414229255301,-0.23087950584836042,1.018176652892562
0.004216691,0.015206633,49314.293,0.014734144278657456,-0.24148395701426148,1.0188903512396694
0.0042166915,0.013000302,49342.98,0.0147341462647619,-0.25024796463369836,1.0194830578512397
0.0042166915,0.014050936,49329.441,0.0147341462647619,-0.24607462691545054,1.019203326446281
0.0057295547,0.1389997,49368.871,0.020743554921924277,0.2502479646336984,1.0200179958677686
0.0057295552,0.13679338,49339.902,0.02074355690802872,0.24148400070855927,1.0194194628099174
0.0057295552,0.13794906,49355.039,0.02074355690802872,0.24607460308219725,1.0197322107438016
0.0057295561,0.1355221,49323.371,0.020743560483016725,0.23643421098687306,1.0190779132231405
0.0057295565,0.13258547,49287.066,0.020743562071900284,0.22476930318497618,1.0183278099173554
0.0057295565,0.13412371,49305.625,0.020743562071900284,0.23087951379277827,1.0187112603305786
0.005729557,0.13089341,49268.258,0.02074356405800473,0.21804808740522932,1.0179392148760331
0.0057295579,0.12904269,49249.793,0.020743567632992732,0.21069664096249507,1.0175577066115702
0.0057295584,0.12711386,49232.766,0.020743569619097183,0.20303492528311676,1.0172059090909091
0.0057295589,0.12518504,49217.562,0.020743571605201627,0.19537324932582734,1.016891776859504
0.0057295598,0.12325621,49203.777,0.02074357518018963,0.18771153364644902,1.0166069628099175
0.0057295603,0.12132739,49191.102,0.02074357716629408,0.18004985768915957,1.016345082644628
0.0057295607,0.11746974,49168.539,0.020743578755177634,0.16472646605249183,1.0158789049586776
0.0057295607,0.11939856,49179.34,0.020743578755177634,0.17238814200978125,1.0161020661157023
0.0057295621,0.11361209,49149.66,0.020743584316270085,0.14940307441582407,1.0154888429752067
0.0057295621,0.11554092,49158.652,0.020743584316270085,0.15706479009520244,1.0156746280991735
0.0057295626,0.11168326,49141.438,0.020743586302374533,0.14174135873644575,1.0153189669421487
0.0057295635,0.10975444,49133.629,0.020743589877362537,0.13407968277915627,1.0151576239669422
0.005729564,0.10782561,49125.871,0.020743591863466984,0.12641796709977796,1.0149973347107437
0.0057295645,0.10589679,49117.625,0.020743593849571428,0.11875629114248855,1.0148269628099174
0.0057295659,0.10203914,49097.969,0.02074359941066388,0.10343289950582077,1.0144208471074379
0.0057295659,0.10396796,49108.43,0.02074359941066388,0.11109457546311018,1.0146369834710744
0.0057295663,0.10011031,49086.09,0.020743600999547435,0.0957711838264424,1.0141754132231404
0.0057295673,0.098181486,49072.957,0.02074360497175633,0.08810949198031742,1.0139040702479338
0.0057295677,0.096252665,49058.816,0.02074360656063989,0.08044781205081912,1.0136119008264464
0.0057295682,0.092395008,49029.289,0.020743608546744334,0.0651243926086891,1.0130018388429751
0.0057295682,0.094323844,49044.121,0.020743608546744334,0.07278613212132082,1.013308285123967
0.0057295696,0.090466186,49014.793,0.02074361410783678,0.05746270870698191,1.0127023347107438
0.0057295701,0.086608537,48988.465,0.020743616093941233,0.04213932104252302,1.012158367768595
0.0057295701,0.088537365,49001.062,0.020743616093941233,0.049801028777483616,1.0124186363636363
0.005729571,0.084679708,48977.336,0.020743619668929236,0.03447760933535359,1.011928429752066
0.0057295715,0.082750887,48967.918,0.02074362165503368,0.02681592940585524,1.0117338429752065
0.0057295719,0.080822065,48960.426,0.02074362324391724,0.01915424550414805,1.011579049586777
0.0057295733,0.076964408,48951.773,0.020743628805009687,0.0038308260620180308,1.0114002685950414
0.0057295733,0.078893237,48955.012,0.020743628805009687,0.011492537769187513,1.0114671900826446
0.0057295738,0.075035587,48950.867,0.02074363079111414,-0.003830853867480268,1.0113815495867768
0.0057295747,0.073106766,48952.211,0.02074363436610214,-0.011492533796978567,1.0114093181818182
0.0057295752,0.071177937,48955.914,0.020743636352206586,-0.01915424550414805,1.011485826446281
0.0057295756,0.069249108,48961.77,0.020743637941090142,-0.02681595721131748,1.011606818181818
0.0057295766,0.067320287,48969.699,0.020743641913299037,-0.034477637140815774,1.0117706404958677
0.005729577,0.065391466,48979.484,0.020743643502182593,-0.04213931707031413,1.0119728099173553
0.0057295775,0.063462637,48990.902,0.02074364548828704,-0.04980102877748356,1.0122087190082645
0.0057295784,0.059604988,49017.219,0.020743649063275044,-0.06512441644194245,1.012752458677686
0.0057295784,0.061533809,49003.598,0.020743649063275044,-0.05746273651244412,1.0124710330578512
0.0057295794,0.055747338,49045.391,0.02074365303548394,-0.0804478080786102,1.0133345247933885
0.0057295794,0.057676159,49031.285,0.02074365303548394,-0.07278612814911191,1.0130430785123967
0.0057295808,0.053818509,49059.043,0.020743658596576387,-0.08810951978577966,1.0136165909090908
0.0057295812,0.049960859,49083.461,0.020743660185459947,-0.10343291142244741,1.0141210950413224
0.0057295812,0.051889684,49071.82,0.020743660185459947,-0.09577121560411354,1.0138805785123968
0.0057295822,0.048032038,49093.773,0.020743664157668838,-0.11109459135194574,1.014334152892562
0.0057295826,0.046103209,49102.91,0.020743665746552394,-0.11875630305911519,1.0145229338842976
0.0057295831,0.044174388,49111.117,0.020743667732656845,-0.12641798298861348,1.0146925
0.005729584,0.042245559,49118.922,0.020743671307644845,-0.13407969469578296,1.0148537603305785
0.0057295845,0.040316738,49126.789,0.020743673293749293,-0.14174137462528127,1.0150163016528926
0.005729585,0.03838791,49135.145,0.020743675279853737,-0.14940308236024183,1.0151889462809918
0.0057295859,0.03453026,49154.5,0.02074367885484174,-0.1647264739969096,1.0155888429752067
0.0057295859,0.036459088,49144.348,0.02074367885484174,-0.15706476626194904,1.015379090909091
0.0057295868,0.030672612,49177.703,0.020743682429829748,-0.18004985768915957,1.0160682438016528
0.0057295868,0.032601438,49165.609,0.020743682429829748,-0.17238815789861678,1.015818367768595
0.0057295882,0.028743785,49190.742,0.0207436879909222,-0.18771156145191123,1.0163376446280992
0.0057295887,0.024886135,49220.457,0.020743689977026643,-0.203034953088579,1.016951590909091
0.0057295887,0.02681496,49204.914,0.020743689977026643,-0.19537325727024513,1.0166304545454545
0.0057295896,0.02295731,49237.836,0.02074369355201465,-0.2106966489069129,1.0173106611570248
0.0057295905,0.019414527,49275.348,0.020743697127002653,-0.22476932304602057,1.0180857024793388
0.0057295905,0.021106582,49256.484,0.020743697127002653,-0.21804812712731828,1.017695950413223
0.0057295915,0.0164779,49311.422,0.020743701099211545,-0.2364342189312908,1.0188310330578512
0.0057295915,0.017876294,49293.832,0.020743701099211545,-0.23087950584836042,1.0184676033057851
0.0057295919,0.015206633,49327.719,0.0207437026880951,-0.24148395701426148,1.0191677479338843
0.0057295924,0.013000302,49356.098,0.02074370467419955,-0.25024796463369836,1.019754090909091
0.0057295924,0.014050936,49342.582,0.02074370467419955,-0.24607462691545054,1.0194748347107438
0.0073501375,0.1389997,49384.059,0.027180848332173428,0.2502479646336984,1.0203317975206612
0.0073501379,0.13679338,49354.32,0.027180849921056984,0.24148400070855927,1.0197173553719008
0.0073501379,0.13794906,49369.68,0.027180849921056984,0.24607460308219725,1.0200347107438017
0.0073501384,0.13412371,49320.32,0.02718085190716143,0.23087951379277827,1.0190148760330577
0.0073501384,0.1355221,49337.867,0.02718085190716143,0.23643421098687306,1.0193774173553718
0.0073501389,0.13258547,49301.887,0.027180853893265876,0.22476930318497618,1.01863402892562
0.0073501398,0.13089341,49282.973,0.02718085746825388,0.21804808740522932,1.0182432438016529
0.0073501403,0.12904269,49264.164,0.027180859454358327,0.21069664096249507,1.0178546280991736
0.0073501412,0.12518504,49231.008,0.02718086302934633,0.19537324932582734,1.0171695867768595
0.0073501412,0.12711386,49246.668,0.02718086302934633,0.20303492528311676,1.0174931404958678
0.0073501421,0.12325621,49216.852,0.027180866604334334,0.18771153364644902,1.0168771074380165
0.0073501426,0.12132739,49203.879,0.02718086859043878,0.18004985768915957,1.016609070247934
0.007350143,0.11939856,49191.855,0.027180870179322338,0.17238814200978125,1.0163606404958678
0.0073501435,0.11746974,49180.742,0.027180872165426785,0.16472646605249183,1.0161310330578512
0.007350144,0.11554092,49170.43,0.027180874151531233,0.15706479009520244,1.0159179752066116
0.0073501449,0.11361209,49160.848,0.027180877726519236,0.14940307441582407,1.01572
0.0073501454,0.11168326,49151.844,0.02718087971262368,0.14174135873644575,1.0155339669421488
0.0073501458,0.10975444,49143.066,0.02718088130150724,0.13407968277915627,1.0153526033057851
0.0073501463,0.10782561,49134.191,0.027180883287611684,0.12641796709977796,1.01516923553719
0.0073501468,0.10589679,49124.738,0.027180885273716135,0.11875629114248855,1.0149739256198347
0.0073501477,0.10396796,49114.324,0.02718088884870414,0.11109457546311018,1.0147587603305785
0.0073501486,0.10011031,49089.75,0.02718089242369214,0.0957711838264424,1.0142510330578511
0.0073501486,0.10203914,49102.699,0.02718089242369214,0.10343289950582077,1.0145185743801652
0.0073501496,0.098181486,49075.641,0.02718089639590103,0.08810949198031742,1.0139595247933886
0.00735015,0.096252665,49060.641,0.02718089798478459,0.08044781205081912,1.0136496074380166
0.0073501505,0.092395008,49029.848,0.027180899970889037,0.0651243926086891,1.013013388429752
0.0073501505,0.094323844,49045.23,0.027180899970889037,0.07278613212132082,1.0133311983471076
0.0073501519,0.090466186,49014.969,0.02718090553198149,0.05746270870698191,1.0127059710743802
0.0073501524,0.086608537,48988.297,0.027180907518085932,0.04213932104252302,1.0121548966942149
0.0073501524,0.088537365,49001.012,0.027180907518085932,0.049801028777483616,1.0124176033057852
0.0073501533,0.084679708,48977.133,0.02718091109307394,0.03447760933535359,1.01192423553719
0.0073501538,0.082750887,48967.723,0.027180913079178384,0.02681592940585524,1.0117298140495867
0.0073501542,0.078893237,48954.867,0.027180914668061943,0.011492537769187513,1.011464194214876
0.0073501542,0.080822065,48960.25,0.027180914668061943,0.01915424550414805,1.0115754132231405
0.0073501561,0.073106766,48952.02,0.027180922215258838,-0.011492533796978567,1.0114053719008265
0.0073501561,0.075035587,48950.586,0.027180922215258838,-0.003830853867480268,1.0113757438016528
0.0073501561,0.076964408,48951.57,0.027180922215258838,0.0038308260620180308,1.0113960743801653
0.0073501575,0.071177937,48955.719,0.02718092777635129,-0.01915424550414805,1.0114817975206611
0.0073501579,0.067320287,48969.398,0.02718092936523485,-0.034477637140815774,1.0117644214876034
0.0073501579,0.069249108,48961.512,0.02718092936523485,-0.02681595721131748,1.011601487603306
0.0073501589,0.065391466,48979.172,0.027180933337443737,-0.04213931707031413,1.0119663636363636
0.0073501598,0.061533809,49003.539,0.02718093691243174,-0.05746273651244412,1.0124698140495867
0.0073501598,0.063462637,48990.656,0.02718093691243174,-0.04980102877748356,1.0122036363636364
0.0073501603,0.059604988,49017.508,0.02718093889853619,-0.06512441644194245,1.0127584297520662
0.0073501612,0.057676159,49032.105,0.027180942473524195,-0.07278612814911191,1.013060020661157
0.0073501617,0.055747338,49046.914,0.02718094445962864,-0.0804478080786102,1.013365991735537
0.0073501621,0.053818509,49061.426,0.0271809460485122,-0.08810951978577966,1.013665826446281
0.0073501631,0.051889684,49075.188,0.02718095002072109,-0.09577121560411354,1.0139501652892562
0.0073501635,0.048032038,49099.383,0.027180951609604646,-0.11109459135194574,1.014450061983471
0.0073501635,0.049960859,49087.906,0.027180951609604646,-0.10343291142244741,1.0142129338842976
0.007350164,0.046103209,49109.738,0.027180953595709094,-0.11875630305911519,1.0146640082644627
0.0073501649,0.044174388,49119.164,0.027180957170697097,-0.12641798298861348,1.0148587603305785
0.0073501654,0.042245559,49128.109,0.027180959156801545,-0.13407969469578296,1.0150435743801651
0.0073501663,0.040316738,49136.98,0.02718096273178955,-0.14174137462528127,1.0152268595041323
0.0073501668,0.03838791,49146.164,0.027180964717893996,-0.14940308236024183,1.0154166115702479
0.0073501673,0.036459088,49155.996,0.02718096670399844,-0.15706476626194904,1.0156197520661157
0.0073501677,0.03453026,49166.605,0.027180968292882,-0.1647264739969096,1.0158389462809918
0.0073501682,0.032601438,49178.039,0.027180970278986444,-0.17238815789861678,1.0160751859504131
0.0073501691,0.030672612,49190.402,0.027180973853974447,-0.18004985768915957,1.0163306198347108
0.0073501701,0.02681496,49218.273,0.027180977826183342,-0.19537325727024513,1.0169064669421488
0.0073501701,0.028743785,49203.734,0.027180977826183342,-0.18771156145191123,1.0166060743801653
0.0073501705,0.024886135,49234.27,0.027180979415066902,-0.203034953088579,1.0172369834710744
0.0073501715,0.02295731,49252.102,0.02718098338727579,-0.2106966489069129,1.0176054132231405
0.0073501719,0.019414527,49290.004,0.02718098497615935,-0.22476932304602057,1.0183885123966943
0.0073501719,0.021106582,49271.074,0.02718098497615935,-0.21804812712731828,1.0179973966942149
0.0073501728,0.017876294,49308.312,0.027180988551147353,-0.23087950584836042,1.0187667768595041
0.0073501738,0.013000302,49370.723,0.02718099252335625,-0.25024796463369836,1.0200562603305785
0.0073501738,0.014050936,49356.762,0.02718099252335625,-0.24607462691545054,1.0197678099173555
0.0073501738,0.015206633,49341.77,0.02718099252335625,-0.24148395701426148,1.0194580578512396
0.0073501738,0.0164779,49325.625,0.02718099252335625,-0.2364342189312908,1.0191244834710744
0.0090463813,0.1389997,49401.07,0.03391868303948734,0.2502479646336984,1.0206832644628099
0.0090463823,0.13679338,49370.117,0.03391868701169624,0.24148400070855927,1.0200437396694215
0.0090463823,0.13794906,49386.051,0.03391868701169624,0.24607460308219725,1.0203729545454545
0.0090463832,0.13258547,49317.215,0.033918690586684244,0.22476930318497618,1.0189507231404957
0.0090463832,0.13412371,49335.656,0.033918690586684244,0.23087951379277827,1.01933173553719
0.0090463832,0.1355221,49353.312,0.033918690586684244,0.23643421098687306,1.01969652892562
0.0090463841,0.12904269,49279.055,0.033918694161672244,0.21069664096249507,1.0181622933884298
0.0090463841,0.13089341,49298.191,0.033918694161672244,0.21804808740522932,1.018557665289256
0.0090463851,0.12325621,49230.285,0.03391869813388114,0.18771153364644902,1.0171546487603307
0.0090463851,0.12518504,49244.891,0.03391869813388114,0.19537324932582734,1.0174564256198348
0.0090463851,0.12711386,49261.066,0.03391869813388114,0.20303492528311676,1.0177906198347106
0.0090463869,0.11939856,49204.543,0.033918705283857147,0.17238814200978125,1.0166227892561983
0.0090463869,0.12132739,49216.934,0.033918705283857147,0.18004985768915957,1.0168788016528927
0.0090463879,0.11554092,49182.094,0.033918709256066035,0.15706479009520244,1.0161589669421487
0.0090463879,0.11746974,49192.992,0.033918709256066035,0.16472646605249183,1.016384132231405
0.0090463888,0.10975444,49151.734,0.03391871283105404,0.13407968277915627,1.015531694214876
0.0090463888,0.11168326,49161.715,0.03391871283105404,0.14174135873644575,1.0157379132231403
0.0090463888,0.11361209,49171.719,0.03391871283105404,0.14940307441582407,1.0159446074380165
0.0090463897,0.10589679,49130.711,0.03391871640604205,0.11875629114248855,1.015097334710744
0.0090463897,0.10782561,49141.527,0.03391871640604205,0.12641796709977796,1.015320805785124
0.0090463907,0.10396796,49119.004,0.033918720378250944,0.11109457546311018,1.0148554545454547
0.0090463916,0.098181486,49077.465,0.033918723953238944,0.08810949198031742,1.0139972107438016
0.0090463916,0.10011031,49092.34,0.033918723953238944,0.0957711838264424,1.0143045454545454
0.0090463916,0.10203914,49106.242,0.033918723953238944,0.10343289950582077,1.014591776859504
0.0090463925,0.096252665,49061.883,0.033918727528226944,0.08044781205081912,1.0136752685950414
0.0090463934,0.092395008,49030.445,0.03391873110321495,0.0651243926086891,1.0130257231404958
0.0090463934,0.094323844,49046.062,0.03391873110321495,0.07278613212132082,1.013348388429752
0.0090463944,0.088537365,49001.582,0.03391873507542384,0.049801028777483616,1.0124293801652893
0.0090463944,0.090466186,49015.492,0.03391873507542384,0.05746270870698191,1.012716776859504
0.0090463953,0.084679708,48978.035,0.033918738650411846,0.03447760933535359,1.0119428719008265
0.0090463953,0.086608537,48989.016,0.033918738650411846,0.04213932104252302,1.0121697520661157
0.0090463962,0.080822065,48961.512,0.033918742225399846,0.01915424550414805,1.011601487603306
0.0090463962,0.082750887,48968.812,0.033918742225399846,0.02681592940585524,1.0117523140495868
0.0090463972,0.078893237,48956.262,0.03391874619760875,0.011492537769187513,1.0114930165289258
0.0090463981,0.075035587,48952.148,0.03391874977259675,-0.003830853867480268,1.0114080165289256
0.0090463981,0.076964408,48953.129,0.03391874977259675,0.0038308260620180308,1.0114282851239669
0.009046399,0.071177937,48957.008,0.033918753347584756,-0.01915424550414805,1.0115084297520662
0.009046399,0.073106766,48953.496,0.033918753347584756,-0.011492533796978567,1.011435867768595
0.0090464,0.065391466,48979.809,0.033918757319793644,-0.04213931707031413,1.0119795247933885
0.0090464,0.067320287,48970.266,0.033918757319793644,-0.034477637140815774,1.011782355371901
0.0090464,0.069249108,48962.613,0.033918757319793644,-0.02681595721131748,1.01162423553719
0.0090464009,0.063462637,48991.098,0.03391876089478165,-0.04980102877748356,1.0122127685950413
0.0090464018,0.057676159,49032.699,0.03391876446976965,-0.07278612814911191,1.0130722933884297
0.0090464018,0.059604988,49017.887,0.03391876446976965,-0.06512441644194245,1.0127662603305785
0.0090464018,0.061533809,49003.879,0.03391876446976965,-0.05746273651244412,1.0124768388429752
0.0090464037,0.053818509,49063.0,0.03391877201696655,-0.08810951978577966,1.0136983471074381
0.0090464037,0.055747338,49047.906,0.03391877201696655,-0.0804478080786102,1.0133864876033059
0.0090464046,0.049960859,49091.195,0.03391877559195455,-0.10343291142244741,1.014280888429752
0.0090464046,0.051889684,49077.527,0.03391877559195455,-0.09577121560411354,1.0139984917355371
0.0090464056,0.042245559,49136.539,0.03391877956416345,-0.13407969469578296,1.0152177479338842
0.0090464056,0.044174388,49126.238,0.03391877956416345,-0.12641798298861348,1.015004917355372
0.0090464056,0.046103209,49115.445,0.03391877956416345,-0.11875630305911519,1.0147819214876033
0.0090464056,0.048032038,49103.805,0.03391877956416345,-0.11109459135194574,1.0145414256198346
0.0090464074,0.040316738,49146.652,0.033918786714139455,-0.14174137462528127,1.015426694214876
0.0090464083,0.03453026,49178.75,0.033918790289127455,-0.1647264739969096,1.016089876033058
0.0090464083,0.036459088,49167.535,0.033918790289127455,-0.15706476626194904,1.0158581611570248
0.0090464083,0.03838791,49156.883,0.033918790289127455,-0.14940308236024183,1.0156380785123966
0.0090464093,0.030672612,49203.371,0.03391879426133636,-0.18004985768915957,1.0165985743801653
0.0090464093,0.032601438,49190.633,0.03391879426133636,-0.17238815789861678,1.0163353925619836
0.0090464102,0.02681496,49232.055,0.03391879783632436,-0.19537325727024513,1.0171912190082644
0.0090464102,0.028743785,49217.078,0.03391879783632436,-0.18771156145191123,1.0168817768595042
0.0090464111,0.02295731,49266.848,0.033918801411312365,-0.2106966489069129,1.0179100826446281
0.0090464111,0.024886135,49248.551,0.033918801411312365,-0.203034953088579,1.0175320454545453
0.0090464121,0.017876294,49323.324,0.03391880538352125,-0.23087950584836042,1.0190769421487604
0.0090464121,0.019414527,49305.078,0.03391880538352125,-0.22476932304602057,1.018699958677686
0.0090464121,0.021106582,49286.102,0.03391880538352125,-0.21804812712731828,1.0183078925619835
0.009046413,0.015206633,49357.078,0.03391880895850925,-0.24148395701426148,1.0197743388429752
0.009046413,0.0164779,49340.672,0.03391880895850925,-0.2364342189312908,1.0194353719008264
0.0090464139,0.013000302,49387.016,0.03391881253349726,-0.25024796463369836,1.0203928925619836
0.0090464139,0.014050936,49372.539,0.03391881253349726,-0.24607462691545054,1.0200937809917354
0.010779414,0.13258547,49332.965,0.04080265094255054,0.22476930318497618,1.0192761363636362
0.010779414,0.13412371,49351.762,0.04080265094255054,0.23087951379277827,1.0196645041322314
0.010779414,0.1355221,49369.906,0.04080265094255054,0.23643421098687306,1.0200393801652894
0.010779414,0.13679338,49387.266,0.04080265094255054,0.24148400070855927,1.0203980578512397
0.010779414,0.13794906,49403.664,0.04080265094255054,0.24607460308219725,1.0207368595041322
0.010779414,0.1389997,49418.887,0.04080265094255054,0.2502479646336984,1.0210513842975206
0.010779416,0.12904269,49294.109,0.04080265888696833,0.21069664096249507,1.0184733264462809
0.010779416,0.13089341,49313.637,0.04080265888696833,0.21804808740522932,1.0188767975206612
0.010779417,0.12132739,49229.895,0.04080266285917722,0.18004985768915957,1.0171465909090909
0.010779417,0.12325621,49243.738,0.04080266285917722,0.18771153364644902,1.017432603305785
0.010779417,0.12518504,49258.875,0.04080266285917722,0.19537324932582734,1.0177453512396695
0.010779417,0.12711386,49275.609,0.04080266285917722,0.20303492528311676,1.0180910950413222
0.010779418,0.11746974,49204.824,0.04080266683138612,0.16472646605249183,1.0166285950413223
0.010779418,0.11939856,49216.988,0.04080266683138612,0.17238814200978125,1.0168799173553718
0.01077942,0.10589679,49135.168,0.040802674775803904,0.11875629114248855,1.0151894214876032
0.01077942,0.10782561,49147.449,0.040802674775803904,0.12641796709977796,1.0154431611570247
0.01077942,0.10975444,49159.148,0.040802674775803904,0.13407968277915627,1.015684876033058
0.01077942,0.11168326,49170.527,0.040802674775803904,0.14174135873644575,1.015919979338843
0.01077942,0.11361209,49181.758,0.040802674775803904,0.14940307441582407,1.0161520247933884
0.01077942,0.11554092,49193.137,0.040802674775803904,0.15706479009520244,1.0163871280991736
0.010779421,0.10396796,49122.145,0.0408026787480128,0.11109457546311018,1.0149203512396694
0.010779422,0.10011031,49093.602,0.04080268272022169,0.0957711838264424,1.0143306198347106
0.010779422,0.10203914,49108.305,0.04080268272022169,0.10343289950582077,1.0146344008264463
0.010779423,0.094323844,49046.539,0.04080268669243058,0.07278613212132082,1.0133582438016528
0.010779423,0.096252665,49062.391,0.04080268669243058,0.08044781205081912,1.01368576446281
0.010779423,0.098181486,49078.219,0.04080268669243058,0.08810949198031742,1.0140127892561983
0.010779424,0.086608537,48990.539,0.04080269066463947,0.04213932104252302,1.0122012190082643
0.010779424,0.088537365,49002.746,0.04080269066463947,0.049801028777483616,1.0124534297520662
0.010779424,0.090466186,49016.332,0.04080269066463947,0.05746270870698191,1.012734132231405
0.010779424,0.092395008,49031.043,0.04080269066463947,0.0651243926086891,1.0130380785123967
0.010779426,0.075035587,48954.895,0.04080269860905726,-0.003830853867480268,1.0114647727272728
0.010779426,0.076964408,48955.855,0.04080269860905726,0.0038308260620180308,1.0114846074380166
0.010779426,0.078893237,48958.914,0.04080269860905726,0.011492537769187513,1.0115478099173554
0.010779426,0.080822065,48963.984,0.04080269860905726,0.01915424550414805,1.011652561983471
0.010779426,0.082750887,48971.016,0.04080269860905726,0.02681592940585524,1.0117978512396695
0.010779426,0.084679708,48979.914,0.04080269860905726,0.03447760933535359,1.011981694214876
0.010779427,0.067320287,48972.168,0.040802702581266156,-0.034477637140815774,1.0118216528925619
0.010779427,0.069249108,48964.859,0.040802702581266156,-0.02681595721131748,1.0116706404958677
0.010779427,0.071177937,48959.512,0.040802702581266156,-0.01915424550414805,1.0115601652892563
0.010779427,0.073106766,48956.172,0.040802702581266156,-0.011492533796978567,1.0114911570247933
0.010779428,0.065391466,48981.316,0.04080270655347505,-0.04213931707031413,1.0120106611570248
0.010779429,0.061533809,49004.621,0.04080271052568394,-0.05746273651244412,1.0124921694214877
0.010779429,0.063462637,48992.199,0.04080271052568394,-0.04980102877748356,1.0122355165289256
0.01077943,0.055747338,49048.258,0.040802714497892835,-0.0804478080786102,1.0133937603305785
0.01077943,0.057676159,49033.023,0.040802714497892835,-0.07278612814911191,1.0130789876033057
0.01077943,0.059604988,49018.352,0.040802714497892835,-0.06512441644194245,1.012775867768595
0.010779431,0.051889684,49078.617,0.04080271847010173,-0.09577121560411354,1.0140210123966942
0.010779431,0.053818509,49063.594,0.04080271847010173,-0.08810951978577966,1.0137106198347108
0.010779432,0.048032038,49106.738,0.040802722442310625,-0.11109459135194574,1.0146020247933885
0.010779432,0.049960859,49093.066,0.040802722442310625,-0.10343291142244741,1.0143195454545455
0.010779433,0.040316738,49155.293,0.04080272641451951,-0.14174137462528127,1.0156052272727272
0.010779433,0.042245559,49143.754,0.04080272641451951,-0.13407969469578296,1.0153668181818183
0.010779433,0.044174388,49131.945,0.04080272641451951,-0.12641798298861348,1.0151228305785125
0.010779433,0.046103209,49119.684,0.04080272641451951,-0.11875630305911519,1.0148695041322315
0.010779435,0.036459088,49178.453,0.040802734358937304,-0.15706476626194904,1.0160837396694216
0.010779435,0.03838791,49166.777,0.040802734358937304,-0.14940308236024183,1.0158425
0.010779436,0.02681496,49245.934,0.04080273833114619,-0.19537325727024513,1.0174779752066117
0.010779436,0.028743785,49230.434,0.04080273833114619,-0.18771156145191123,1.0171577272727272
0.010779436,0.030672612,49216.23,0.04080273833114619,-0.18004985768915957,1.0168642561983472
0.010779436,0.032601438,49202.977,0.04080273833114619,-0.17238815789861678,1.0165904338842975
0.010779436,0.03453026,49190.473,0.04080273833114619,-0.1647264739969096,1.0163320867768595
0.010779437,0.021106582,49301.277,0.04080274230335509,-0.21804812712731828,1.0186214256198347
0.010779437,0.02295731,49281.707,0.04080274230335509,-0.2106966489069129,1.0182170867768596
0.010779437,0.024886135,49262.953,0.04080274230335509,-0.203034953088579,1.0178296074380166
0.010779439,0.013000302,49403.914,0.04080275024777287,-0.25024796463369836,1.0207420247933883
0.010779439,0.014050936,49389.379,0.04080275024777287,-0.24607462691545054,1.020441714876033
0.010779439,0.015206633,49373.59,0.04080275024777287,-0.24148395701426148,1.0201154958677685
0.010779439,0.0164779,49356.742,0.04080275024777287,-0.2364342189312908,1.019767396694215
0.010779439,0.017876294,49339.0,0.04080275024777287,-0.23087950584836042,1.019400826446281
0.010779439,0.019414527,49320.484,0.04080275024777287,-0.22476932304602057,1.0190182644628099
0.012506863,0.13258547,49348.973,0.04766443922281705,0.22476930318497618,1.019606880165289
0.012506863,0.13412371,49368.41,0.04766443922281705,0.23087951379277827,1.0200084710743802
0.012506863,0.1355221,49387.129,0.04766443922281705,0.23643421098687306,1.0203952272727272
0.012506863,0.13679338,49404.836,0.04766443922281705,0.24148400070855927,1.0207610743801654
0.012506863,0.13794906,49421.238,0.04766443922281705,0.24607460308219725,1.0210999586776859
0.012506863,0.1389997,49436.141,0.04766443922281705,0.2502479646336984,1.0214078719008266
0.012506864,0.12904269,49308.91,0.04766444319502594,0.21069664096249507,1.018779132231405
0.012506864,0.13089341,49329.023,0.04766444319502594,0.21804808740522932,1.0191946900826447
0.012506865,0.12325621,49256.742,0.04766444716723484,0.18771153364644902,1.0177012809917354
0.012506865,0.12518504,49272.484,0.04766444716723484,0.19537324932582734,1.0180265289256198
0.012506865,0.12711386,49289.82,0.04766444716723484,0.20303492528311676,1.0183847107438015
0.012506866,0.10975444,49164.852,0.04766445113944373,0.13407968277915627,1.0158027272727272
0.012506866,0.11168326,49177.781,0.04766445113944373,0.14174135873644575,1.016069855371901
0.012506866,0.11361209,49190.426,0.04766445113944373,0.14940307441582407,1.0163311157024792
0.012506866,0.11554092,49203.023,0.04766445113944373,0.15706479009520244,1.0165913842975207
0.012506866,0.11746974,49215.715,0.04766445113944373,0.16472646605249183,1.0168536157024792
0.012506866,0.11939856,49228.695,0.04766445113944373,0.17238814200978125,1.0171217975206612
0.012506866,0.12132739,49242.281,0.04766445113944373,0.18004985768915957,1.0174025
0.012506867,0.10396796,49123.492,0.047664455111652626,0.11109457546311018,1.0149481818181818
0.012506867,0.10589679,49137.797,0.047664455111652626,0.11875629114248855,1.0152437396694214
0.012506867,0.10782561,49151.57,0.047664455111652626,0.12641796709977796,1.0155283057851239
0.012506869,0.086608537,48992.727,0.04766446305607041,0.04213932104252302,1.0122464256198347
0.012506869,0.088537365,49004.383,0.04766446305607041,0.049801028777483616,1.0124872520661157
0.012506869,0.090466186,49017.383,0.04766446305607041,0.05746270870698191,1.012755847107438
0.012506869,0.092395008,49031.527,0.04766446305607041,0.0651243926086891,1.0130480785123968
0.012506869,0.094323844,49046.531,0.04766446305607041,0.07278613212132082,1.0133580785123968
0.012506869,0.096252665,49062.047,0.04766446305607041,0.08044781205081912,1.0136786570247933
0.012506869,0.098181486,49077.777,0.04766446305607041,0.08810949198031742,1.0140036570247934
0.012506869,0.10011031,49093.383,0.04766446305607041,0.0957711838264424,1.0143260950413224
0.012506869,0.10203914,49108.684,0.04766446305607041,0.10343289950582077,1.0146422314049588
0.01250687,0.082750887,48974.133,0.047664467028279305,0.02681592940585524,1.0118622520661158
0.01250687,0.084679708,48982.602,0.047664467028279305,0.03447760933535359,1.0120372314049586
0.012506871,0.065391466,48983.562,0.04766447100048819,-0.04213931707031413,1.0120570661157025
0.012506871,0.067320287,48974.926,0.04766447100048819,-0.034477637140815774,1.0118786363636363
0.012506871,0.069249108,48968.055,0.04766447100048819,-0.02681595721131748,1.011736673553719
0.012506871,0.071177937,48963.047,0.04766447100048819,-0.01915424550414805,1.0116332024793389
0.012506871,0.073106766,48959.918,0.04766447100048819,-0.011492533796978567,1.0115685537190082
0.012506871,0.075035587,48958.777,0.04766447100048819,-0.003830853867480268,1.011544979338843
0.012506871,0.076964408,48959.688,0.04766447100048819,0.0038308260620180308,1.0115638016528925
0.012506871,0.078893237,48962.613,0.04766447100048819,0.011492537769187513,1.01162423553719
0.012506871,0.080822065,48967.445,0.04766447100048819,0.01915424550414805,1.011724070247934
0.012506872,0.057676159,49032.98,0.047664474972697095,-0.07278612814911191,1.0130780991735537
0.012506872,0.059604988,49018.824,0.047664474972697095,-0.06512441644194245,1.0127856198347107
0.012506872,0.061533809,49005.684,0.047664474972697095,-0.05746273651244412,1.012514132231405
0.012506872,0.063462637,48993.871,0.047664474972697095,-0.04980102877748356,1.012270061983471
0.012506874,0.044174388,49135.898,0.04766448291711488,-0.12641798298861348,1.0152045041322315
0.012506874,0.046103209,49122.152,0.04766448291711488,-0.11875630305911519,1.0149204958677687
0.012506874,0.048032038,49107.945,0.04766448291711488,-0.11109459135194574,1.0146269628099174
0.012506874,0.049960859,49093.324,0.04766448291711488,-0.10343291142244741,1.0143248760330579
0.012506874,0.051889684,49078.305,0.04766448291711488,-0.09577121560411354,1.0140145661157025
0.012506874,0.053818509,49063.082,0.04766448291711488,-0.08810951978577966,1.013700041322314
0.012506874,0.055747338,49047.863,0.04766448291711488,-0.0804478080786102,1.0133855991735536
0.012506875,0.036459088,49188.203,0.04766448688932377,-0.15706476626194904,1.0162851859504132
0.012506875,0.03838791,49175.297,0.04766448688932377,-0.14940308236024183,1.0160185330578513
0.012506875,0.040316738,49162.391,0.04766448688932377,-0.14174137462528127,1.0157518801652894
0.012506875,0.042245559,49149.293,0.04766448688932377,-0.13407969469578296,1.0154812603305785
0.012506876,0.030672612,49228.496,0.04766449086153266,-0.18004985768915957,1.0171176859504132
0.012506876,0.032601438,49214.555,0.04766449086153266,-0.17238815789861678,1.0168296487603306
0.012506876,0.03453026,49201.23,0.04766449086153266,-0.1647264739969096,1.0165543388429752
0.012506877,0.021106582,49316.312,0.04766449483374156,-0.21804812712731828,1.0189320661157024
0.012506877,0.02295731,49296.258,0.04766449483374156,-0.2106966489069129,1.0185177272727273
0.012506877,0.024886135,49276.992,0.04766449483374156,-0.203034953088579,1.0181196694214876
0.012506877,0.02681496,49259.414,0.04766449483374156,-0.19537325727024513,1.0177564876033056
0.012506877,0.028743785,49243.32,0.04766449483374156,-0.18771156145191123,1.0174239669421488
0.012506878,0.013000302,49420.055,0.04766449880595045,-0.25024796463369836,1.0210755165289256
0.012506878,0.014050936,49405.965,0.04766449880595045,-0.24607462691545054,1.0207844008264462
0.012506878,0.015206633,49390.312,0.04766449880595045,-0.24148395701426148,1.0204609917355372
0.012506878,0.0164779,49373.266,0.04766449880595045,-0.2364342189312908,1.0201088016528925
0.012506878,0.017876294,49355.074,0.04766449880595045,-0.23087950584836042,1.0197329338842975
0.012506878,0.019414527,49336.027,0.04766449880595045,-0.22476932304602057,1.0193394008264463
0.014186895,0.12904269,49323.129,0.05433787727399697,0.21069664096249507,1.0190729132231404
0.014186895,0.13089341,49344.082,0.05433787727399697,0.21804808740522932,1.019505826446281
0.014186895,0.13258547,49364.84,0.05433787727399697,0.22476930318497618,1.0199347107438015
0.014186895,0.13412371,49384.93,0.05433787727399697,0.23087951379277827,1.0203497933884298
0.014186895,0.1355221,49403.977,0.05433787727399697,0.23643421098687306,1.020743326446281
0.014186895,0.13679338,49421.629,0.05433787727399697,0.24148400070855927,1.0211080371900827
0.014186895,0.13794906,49437.652,0.05433787727399697,0.24607460308219725,1.021439090909091
0.014186895,0.1389997,49452.008,0.05433787727399697,0.2502479646336984,1.021735702479339
0.014186896,0.076964408,48964.398,0.054337881246205866,0.0038308260620180308,1.0116611157024793
0.014186896,0.078893237,48967.137,0.054337881246205866,0.011492537769187513,1.0117177066115703
0.014186896,0.080822065,48971.688,0.054337881246205866,0.01915424550414805,1.01181173553719
0.014186896,0.082750887,48977.973,0.054337881246205866,0.02681592940585524,1.011941590909091
0.014186896,0.084679708,48985.934,0.054337881246205866,0.03447760933535359,1.0121060743801653
0.014186896,0.086608537,48995.449,0.054337881246205866,0.04213932104252302,1.0123026652892562
0.014186896,0.088537365,49006.383,0.054337881246205866,0.049801028777483616,1.0125285743801653
0.014186896,0.090466186,49018.574,0.054337881246205866,0.05746270870698191,1.0127804545454546
0.014186896,0.092395008,49031.867,0.054337881246205866,0.0651243926086891,1.013055103305785
0.014186896,0.094323844,49046.062,0.054337881246205866,0.07278613212132082,1.013348388429752
0.014186896,0.096252665,49060.914,0.054337881246205866,0.08044781205081912,1.0136552479338843
0.014186896,0.098181486,49076.246,0.054337881246205866,0.08810949198031742,1.0139720247933883
0.014186896,0.10011031,49091.809,0.054337881246205866,0.0957711838264424,1.0142935743801653
0.014186896,0.10203914,49107.484,0.054337881246205866,0.10343289950582077,1.014617438016529
0.014186896,0.10396796,49123.102,0.054337881246205866,0.11109457546311018,1.0149401239669422
0.014186896,0.10589679,49138.582,0.054337881246205866,0.11875629114248855,1.015259958677686
0.014186896,0.10782561,49153.801,0.054337881246205866,0.12641796709977796,1.0155744008264462
0.014186896,0.10975444,49168.672,0.054337881246205866,0.13407968277915627,1.015881652892562
0.014186896,0.11168326,49183.207,0.054337881246205866,0.14174135873644575,1.0161819628099173
0.014186896,0.11361209,49197.375,0.054337881246205866,0.14940307441582407,1.0164746900826447
0.014186896,0.11554092,49211.344,0.054337881246205866,0.15706479009520244,1.016763305785124
0.014186896,0.11746974,49225.203,0.054337881246205866,0.16472646605249183,1.0170496487603307
0.014186896,0.11939856,49239.156,0.054337881246205866,0.17238814200978125,1.0173379338842976
0.014186896,0.12132739,49253.566,0.054337881246205866,0.18004985768915957,1.0176356611570248
0.014186896,0.12325621,49268.766,0.054337881246205866,0.18771153364644902,1.0179497107438018
0.014186896,0.12518504,49285.211,0.054337881246205866,0.19537324932582734,1.0182894834710745
0.014186896,0.12711386,49303.266,0.054337881246205866,0.20303492528311676,1.018662520661157
0.014186897,0.075035587,48963.531,0.05433788521841476,-0.003830853867480268,1.011643202479339
0.014186898,0.057676159,49032.605,0.05433788919062365,-0.07278612814911191,1.0130703512396695
0.014186898,0.059604988,49019.277,0.05433788919062365,-0.06512441644194245,1.012794979338843
0.014186898,0.061533809,49007.004,0.05433788919062365,-0.05746273651244412,1.0125414049586776
0.014186898,0.063462637,48996.004,0.05433788919062365,-0.04980102877748356,1.0123141322314049
0.014186898,0.065391466,48986.414,0.05433788919062365,-0.04213931707031413,1.0121159917355371
0.014186898,0.067320287,48978.387,0.05433788919062365,-0.034477637140815774,1.0119501446280992
0.014186898,0.069249108,48972.012,0.05433788919062365,-0.02681595721131748,1.0118184297520663
0.014186898,0.071177937,48967.383,0.05433788919062365,-0.01915424550414805,1.0117227892561984
0.014186898,0.073106766,48964.535,0.05433788919062365,-0.011492533796978567,1.0116639462809918
0.014186899,0.044174388,49138.016,0.054337893162832544,-0.12641798298861348,1.01524826446281
0.014186899,0.046103209,49122.84,0.054337893162832544,-0.11875630305911519,1.0149347107438016
0.014186899,0.048032038,49107.477,0.054337893162832544,-0.11109459135194574,1.0146172933884297
0.014186899,0.049960859,49092.082,0.054337893162832544,-0.10343291142244741,1.014299214876033
0.014186899,0.051889684,49076.715,0.054337893162832544,-0.09577121560411354,1.013981714876033
0.014186899,0.053818509,49061.57,0.054337893162832544,-0.08810951978577966,1.0136688016528925
0.014186899,0.055747338,49046.789,0.054337893162832544,-0.0804478080786102,1.013363409090909
0.0141869,0.013000302,49434.648,0.05433789713504144,-0.25024796463369836,1.0213770247933884
0.0141869,0.014050936,49421.203,0.05433789713504144,-0.24607462691545054,1.0210992355371902
0.0141869,0.015206633,49406.066,0.05433789713504144,-0.24148395701426148,1.0207864876033057
0.0141869,0.0164779,49389.227,0.05433789713504144,-0.2364342189312908,1.0204385743801652
0.0141869,0.017876294,49370.863,0.05433789713504144,-0.23087950584836042,1.020059152892562
0.0141869,0.019414527,49351.316,0.05433789713504144,-0.22476932304602057,1.0196552892561983
0.0141869,0.021106582,49330.93,0.05433789713504144,-0.21804812712731828,1.019234090909091
0.0141869,0.02295731,49310.16,0.05433789713504144,-0.2106966489069129,1.018804958677686
0.0141869,0.024886135,49290.223,0.05433789713504144,-0.203034953088579,1.0183930371900827
0.0141869,0.02681496,49271.984,0.05433789713504144,-0.19537325727024513,1.0180161983471074
0.0141869,0.028743785,49255.207,0.05433789713504144,-0.18771156145191123,1.0176695661157025
0.0141869,0.030672612,49239.641,0.05433789713504144,-0.18004985768915957,1.0173479545454547
0.0141869,0.032601438,49224.867,0.05433789713504144,-0.17238815789861678,1.0170427066115701
0.0141869,0.03453026,49210.562,0.05433789713504144,-0.1647264739969096,1.0167471487603306
0.0141869,0.036459088,49196.371,0.05433789713504144,-0.15706476626194904,1.0164539462809916
0.0141869,0.03838791,49182.102,0.05433789713504144,-0.14940308236024183,1.016159132231405
0.0141869,0.040316738,49167.684,0.05433789713504144,-0.14174137462528127,1.0158612396694215
0.0141869,0.042245559,49152.984,0.05433789713504144,-0.13407969469578296,1.015557520661157
0.015782138,0.013000302,49447.57,0.060674515705335434,-0.25024796463369836,1.0216440082644629
0.015782138,0.014050936,49434.672,0.060674515705335434,-0.24607462691545054,1.021377520661157
0.015782138,0.015206633,49420.125,0.060674515705335434,-0.24148395701426148,1.0210769628099174
0.015782138,0.0164779,49403.758,0.060674515705335434,-0.2364342189312908,1.0207388016528927
0.015782138,0.017876294,49385.566,0.060674515705335434,-0.23087950584836042,1.0203629338842974
0.015782138,0.019414527,49365.773,0.060674515705335434,-0.22476932304602057,1.019953987603306
0.015782138,0.021106582,49344.773,0.060674515705335434,-0.21804812712731828,1.0195201033057852
0.015782138,0.02295731,49323.16,0.060674515705335434,-0.2106966489069129,1.0190735537190083
0.015782138,0.024886135,49302.336,0.060674515705335434,-0.203034953088579,1.018643305785124
0.015782138,0.02681496,49283.258,0.060674515705335434,-0.19537325727024513,1.018249132231405
0.01578214,0.028743785,49265.66,0.06067452364975322,-0.18771156145191123,1.0178855371900828
0.01578214,0.030672612,49249.246,0.06067452364975322,-0.18004985768915957,1.0175464049586778
0.01578214,0.032601438,49233.535,0.06067452364975322,-0.17238815789861678,1.0172217975206612
0.01578214,0.03453026,49218.168,0.06067452364975322,-0.1647264739969096,1.016904297520661
0.01578214,0.036459088,49202.754,0.06067452364975322,-0.15706476626194904,1.016585826446281
0.01578214,0.03838791,49187.102,0.06067452364975322,-0.14940308236024183,1.0162624380165288
0.01578214,0.040316738,49171.184,0.06067452364975322,-0.14174137462528127,1.0159335537190084
0.01578214,0.042245559,49154.945,0.06067452364975322,-0.13407969469578296,1.0155980371900826
0.01578214,0.044174388,49138.5,0.06067452364975322,-0.12641798298861348,1.0152582644628099
0.01578214,0.046103209,49122.031,0.06067452364975322,-0.11875630305911519,1.0149179958677685
0.01578214,0.048032038,49105.684,0.06067452364975322,-0.11109459135194574,1.0145802479338843
0.01578214,0.049960859,49089.699,0.06067452364975322,-0.10343291142244741,1.014249979338843
0.01578214,0.051889684,49074.195,0.06067452364975322,-0.09577121560411354,1.0139296487603306
0.01578214,0.053818509,49059.344,0.06067452364975322,-0.08810951978577966,1.0136228099173554
0.01578214,0.055747338,49045.227,0.06067452364975322,-0.0804478080786102,1.0133311363636364
0.01578214,0.057676159,49031.961,0.06067452364975322,-0.07278612814911191,1.0130570454545456
0.01578214,0.059604988,49019.676,0.06067452364975322,-0.06512441644194245,1.0128032231404958
0.01578214,0.061533809,49008.445,0.06067452364975322,-0.05746273651244412,1.0125711776859505
0.01578214,0.063462637,48998.402,0.06067452364975322,-0.04980102877748356,1.0123636776859504
0.01578214,0.065391466,48989.637,0.06067452364975322,-0.04213931707031413,1.0121825826446282
0.01578214,0.067320287,48982.289,0.06067452364975322,-0.034477637140815774,1.01203076446281
0.01578214,0.069249108,48976.449,0.06067452364975322,-0.02681595721131748,1.0119101033057851
0.01578214,0.071177937,48972.207,0.06067452364975322,-0.01915424550414805,1.011822458677686
0.01578214,0.073106766,48969.637,0.06067452364975322,-0.011492533796978567,1.0117693595041324
0.01578214,0.075035587,48968.758,0.06067452364975322,-0.003830853867480268,1.0117511983471075
0.01578214,0.076964408,48969.594,0.06067452364975322,0.0038308260620180308,1.0117684710743802
0.01578214,0.078893237,48972.141,0.06067452364975322,0.011492537769187513,1.0118210950413224
0.01578214,0.080822065,48976.391,0.06067452364975322,0.01915424550414805,1.0119089049586778
0.01578214,0.082750887,48982.25,0.06067452364975322,0.02681592940585524,1.012029958677686
0.01578214,0.084679708,48989.66,0.06067452364975322,0.03447760933535359,1.0121830578512396
0.01578214,0.086608537,48998.473,0.06067452364975322,0.04213932104252302,1.0123651446280992
0.01578214,0.088537365,49008.566,0.06067452364975322,0.049801028777483616,1.0125736776859504
0.01578214,0.090466186,49019.797,0.06067452364975322,0.05746270870698191,1.0128057231404959
0.01578214,0.092395008,49032.051,0.06067452364975322,0.0651243926086891,1.0130589049586778
0.01578214,0.094323844,49045.227,0.06067452364975322,0.07278613212132082,1.0133311363636364
0.01578214,0.096252665,49059.199,0.06067452364975322,0.08044781205081912,1.013619814049587
0.01578214,0.098181486,49073.91,0.06067452364975322,0.08810949198031742,1.0139237603305786
0.01578214,0.10011031,49089.223,0.06067452364975322,0.0957711838264424,1.014240144628099
0.01578214,0.10203914,49105.078,0.06067452364975322,0.10343289950582077,1.0145677272727274
0.01578214,0.10396796,49121.312,0.06067452364975322,0.11109457546311018,1.0149031404958677
0.01578214,0.10589679,49137.809,0.06067452364975322,0.11875629114248855,1.0152439876033057
0.01578214,0.10782561,49154.348,0.06067452364975322,0.12641796709977796,1.0155857024793389
0.01578214,0.10975444,49170.715,0.06067452364975322,0.13407968277915627,1.0159238636363637
0.01578214,0.11168326,49186.816,0.06067452364975322,0.14174135873644575,1.0162565289256198
0.01578214,0.11361209,49202.504,0.06067452364975322,0.14940307441582407,1.0165806611570247
0.01578214,0.11554092,49217.871,0.06067452364975322,0.15706479009520244,1.0168981611570247
0.01578214,0.11746974,49232.965,0.06067452364975322,0.16472646605249183,1.017210020661157
0.015782142,0.11939856,49247.98,0.060674531594171,0.17238814200978125,1.0175202479338843
0.015782142,0.12132739,49263.316,0.060674531594171,0.18004985768915957,1.0178371074380166
0.015782142,0.12325621,49279.375,0.060674531594171,0.18771153364644902,1.0181689049586777
0.015782142,0.12518504,49296.676,0.060674531594171,0.19537324932582734,1.0185263636363637
0.015782142,0.12711386,49315.641,0.060674531594171,0.20303492528311676,1.0189182024793388
0.015782142,0.12904269,49336.504,0.060674531594171,0.21069664096249507,1.019349256198347
0.015782142,0.13089341,49358.449,0.060674531594171,0.21804808740522932,1.0198026652892562
0.015782142,0.13258547,49379.992,0.060674531594171,0.22476930318497618,1.0202477685950413
0.015782142,0.13412371,49400.5,0.060674531594171,0.23087951379277827,1.0206714876033058
0.015782142,0.1355221,49419.551,0.060674531594171,0.23643421098687306,1.0210651033057851
0.015782142,0.13679338,49436.883,0.060674531594171,0.24148400070855927,1.0214232024793388
0.015782142,0.13794906,49452.43,0.060674531594171,0.24607460308219725,1.0217444214876032
0.015782142,0.1389997,49466.336,0.060674531594171,0.2502479646336984,1.0220317355371902
0.017262762,0.013000302,49458.949,0.06655586352554971,-0.25024796463369836,1.021879111570248
0.017262762,0.014050936,49446.375,0.06655586352554971,-0.24607462691545054,1.0216193181818183
0.017262762,0.015206633,49432.285,0.06655586352554971,-0.24148395701426148,1.0213282024793389
0.017262762,0.0164779,49416.406,0.06655586352554971,-0.2364342189312908,1.0210001239669422
0.017262762,0.017876294,49398.566,0.06655586352554971,-0.23087950584836042,1.0206315289256198
0.017262762,0.019414527,49378.797,0.06655586352554971,-0.22476932304602057,1.0202230785123967
0.017262762,0.021106582,49357.367,0.06655586352554971,-0.21804812712731828,1.0197803099173552
0.017262764,0.02295731,49334.934,0.06655587146996748,-0.2106966489069129,1.0193168181818182
0.017262764,0.024886135,49313.082,0.06655587146996748,-0.203034953088579,1.0188653305785125
0.017262764,0.02681496,49292.984,0.06655587146996748,-0.19537325727024513,1.018450082644628
0.017262764,0.028743785,49274.402,0.06655587146996748,-0.18771156145191123,1.0180661570247935
0.017262764,0.030672612,49257.031,0.06655587146996748,-0.18004985768915957,1.0177072520661157
0.017262764,0.032601438,49240.336,0.06655587146996748,-0.17238815789861678,1.0173623140495869
0.017262764,0.03453026,49223.902,0.06655587146996748,-0.1647264739969096,1.0170227685950413
0.017262764,0.036459088,49207.293,0.06655587146996748,-0.15706476626194904,1.0166796074380164
0.017262766,0.03838791,49190.332,0.06655587941438527,-0.14940308236024183,1.016329173553719
0.017262766,0.040316738,49173.016,0.06655587941438527,-0.14174137462528127,1.0159714049586777
0.017262766,0.042245559,49155.375,0.06655587941438527,-0.13407969469578296,1.0156069214876033
0.017262766,0.044174388,49137.621,0.06655587941438527,-0.12641798298861348,1.0152401033057852
0.017262766,0.046103209,49120.047,0.06655587941438527,-0.11875630305911519,1.0148770041322315
0.017262766,0.048032038,49102.902,0.06655587941438527,-0.11109459135194574,1.0145227685950413
0.017262766,0.049960859,49086.512,0.06655587941438527,-0.10343291142244741,1.014184132231405
0.017262766,0.051889684,49071.027,0.06655587941438527,-0.09577121560411354,1.013864194214876
0.017262766,0.053818509,49056.605,0.06655587941438527,-0.08810951978577966,1.0135662190082646
0.017262766,0.055747338,49043.262,0.06655587941438527,-0.0804478080786102,1.0132905371900827
0.017262766,0.057676159,49031.0,0.06655587941438527,-0.07278612814911191,1.0130371900826447
0.017262768,0.059604988,49019.836,0.06655588735880306,-0.06512441644194245,1.0128065289256198
0.017262768,0.061533809,49009.711,0.06655588735880306,-0.05746273651244412,1.0125973347107438
0.017262768,0.063462637,49000.688,0.06655588735880306,-0.04980102877748356,1.012410909090909
0.017262768,0.065391466,48992.797,0.06655588735880306,-0.04213931707031413,1.0122478719008263
0.017262768,0.067320287,48986.156,0.06655588735880306,-0.034477637140815774,1.0121106611570247
0.017262768,0.069249108,48980.855,0.06655588735880306,-0.02681595721131748,1.0120011363636365
0.017262768,0.071177937,48977.004,0.06655588735880306,-0.01915424550414805,1.0119215702479338
0.017262768,0.073106766,48974.672,0.06655588735880306,-0.011492533796978567,1.011873388429752
0.017262768,0.075035587,48973.895,0.06655588735880306,-0.003830853867480268,1.0118573347107438
0.017262768,0.076964408,48974.699,0.06655588735880306,0.0038308260620180308,1.0118739462809918
0.017262768,0.078893237,48977.09,0.06655588735880306,0.011492537769187513,1.011923347107438
0.017262768,0.080822065,48981.039,0.06655588735880306,0.01915424550414805,1.0120049380165288
0.017262768,0.082750887,48986.477,0.06655588735880306,0.02681592940585524,1.0121172933884297
0.017262768,0.084679708,48993.301,0.06655588735880306,0.03447760933535359,1.012258285123967
0.017262768,0.086608537,49001.375,0.06655588735880306,0.04213932104252302,1.0124251033057852
0.01726277,0.088537365,49010.578,0.06655589530322086,0.049801028777483616,1.0126152479338844
0.01726277,0.090466186,49020.781,0.06655589530322086,0.05746270870698191,1.0128260537190084
0.01726277,0.092395008,49031.93,0.06655589530322086,0.0651243926086891,1.0130564049586777
0.01726277,0.094323844,49044.008,0.06655589530322086,0.07278613212132082,1.0133059504132231
0.01726277,0.096252665,49057.008,0.06655589530322086,0.08044781205081912,1.0135745454545455
0.01726277,0.098181486,49070.992,0.06655589530322086,0.08810949198031742,1.0138634710743801
0.01726277,0.10011031,49085.922,0.06655589530322086,0.0957711838264424,1.0141719421487603
0.01726277,0.10203914,49101.801,0.06655589530322086,0.10343289950582077,1.014500020661157
0.01726277,0.10396796,49118.484,0.06655589530322086,0.11109457546311018,1.0148447107438017
0.01726277,0.10589679,49135.812,0.06655589530322086,0.11875629114248855,1.0152027272727273
0.01726277,0.10782561,49153.484,0.06655589530322086,0.12641796709977796,1.0155678512396693
0.01726277,0.10975444,49171.191,0.06655589530322086,0.13407968277915627,1.0159336983471075
0.01726277,0.11168326,49188.719,0.06655589530322086,0.14174135873644575,1.016295847107438
0.01726277,0.11361209,49205.832,0.06655589530322086,0.14940307441582407,1.0166494214876034
0.01726277,0.11554092,49222.535,0.06655589530322086,0.15706479009520244,1.0169945247933885
0.01726277,0.11746974,49238.84,0.06655589530322086,0.16472646605249183,1.0173314049586777
0.017262772,0.11939856,49254.93,0.06655590324763863,0.17238814200978125,1.0176638429752065
0.017262772,0.12132739,49271.262,0.06655590324763863,0.18004985768915957,1.0180012809917356
0.017262772,0.12325621,49288.289,0.06655590324763863,0.18771153364644902,1.0183530785123966
0.017262772,0.12518504,49306.625,0.06655590324763863,0.19537324932582734,1.0187319214876034
0.017262772,0.12711386,49326.699,0.06655590324763863,0.20303492528311676,1.0191466735537191
0.017262772,0.12904269,49348.719,0.06655590324763863,0.21069664096249507,1.019601632231405
0.017262772,0.13089341,49371.652,0.06655590324763863,0.21804808740522932,1.0200754545454547
0.017262772,0.13258547,49393.801,0.06655590324763863,0.22476930318497618,1.0205330785123967
0.017262772,0.13412371,49414.473,0.06655590324763863,0.23087951379277827,1.0209601859504132
0.017262774,0.1355221,49433.344,0.06655591119205644,0.23643421098687306,1.021350082644628
0.017262774,0.13679338,49450.324,0.06655591119205644,0.24148400070855927,1.021700909090909
0.017262774,0.13794906,49465.539,0.06655591119205644,0.24607460308219725,1.0220152685950412
0.017262774,0.1389997,49479.234,0.06655591119205644,0.2502479646336984,1.0222982231404958
0.018608201,0.013000302,49468.879,0.07190022828654323,-0.25024796463369836,1.0220842768595042
0.018608201,0.014050936,49456.398,0.07190022828654323,-0.24607462691545054,1.0218264049586776
0.018608201,0.015206633,49442.539,0.07190022828654323,-0.24148395701426148,1.021540061983471
0.018608201,0.0164779,49427.012,0.07190022828654323,-0.2364342189312908,1.021219256198347
0.018608203,0.017876294,49409.52,0.071900236230961,-0.23087950584836042,1.0208578512396693
0.018608203,0.019414527,49389.898,0.071900236230961,-0.22476932304602057,1.020452438016529
0.018608203,0.021106582,49368.227,0.071900236230961,-0.21804812712731828,1.0200046900826447
0.018608203,0.02295731,49345.082,0.071900236230961,-0.2106966489069129,1.0195264876033059
0.018608203,0.024886135,49322.203,0.071900236230961,-0.203034953088579,1.0190537809917355
0.018608203,0.02681496,49300.98,0.071900236230961,-0.19537325727024513,1.0186152892561984
0.018608203,0.028743785,49281.297,0.071900236230961,-0.18771156145191123,1.0182086157024792
0.018608203,0.030672612,49262.883,0.071900236230961,-0.18004985768915957,1.0178281611570248
0.018608205,0.032601438,49245.184,0.0719002441753788,-0.17238815789861678,1.017462479338843
0.018608205,0.03453026,49227.707,0.0719002441753788,-0.1647264739969096,1.0171013842975207
0.018608205,0.036459088,49209.996,0.0719002441753788,-0.15706476626194904,1.0167354545454546
0.018608205,0.03838791,49191.855,0.0719002441753788,-0.14940308236024183,1.0163606404958678
0.018608205,0.040316738,49173.301,0.0719002441753788,-0.14174137462528127,1.0159772933884297
0.018608207,0.042245559,49154.453,0.07190025211979659,-0.13407969469578296,1.0155878719008264
0.018608207,0.044174388,49135.59,0.07190025211979659,-0.12641798298861348,1.0151981404958677
0.018608207,0.046103209,49117.109,0.07190025211979659,-0.11875630305911519,1.0148163016528926
0.018608207,0.048032038,49099.348,0.07190025211979659,-0.11109459135194574,1.0144493388429752
0.018608207,0.049960859,49082.695,0.07190025211979659,-0.10343291142244741,1.0141052685950414
0.018608207,0.051889684,49067.332,0.07190025211979659,-0.09577121560411354,1.0137878512396694
0.018608209,0.053818509,49053.406,0.07190026006421436,-0.08810951978577966,1.0135001239669421
0.018608209,0.055747338,49040.852,0.07190026006421436,-0.0804478080786102,1.0132407438016529
0.018608209,0.057676159,49029.59,0.07190026006421436,-0.07278612814911191,1.0130080578512397
0.018608209,0.059604988,49019.512,0.07190026006421436,-0.06512441644194245,1.0127998347107439
0.018608209,0.061533809,49010.469,0.07190026006421436,-0.05746273651244412,1.0126129958677685
0.018608209,0.063462637,49002.438,0.07190026006421436,-0.04980102877748356,1.0124470661157026
0.018608209,0.065391466,48995.406,0.07190026006421436,-0.04213931707031413,1.0123017768595042
0.018608211,0.067320287,48989.461,0.07190026800863215,-0.034477637140815774,1.0121789462809918
0.018608211,0.069249108,48984.672,0.07190026800863215,-0.02681595721131748,1.0120799999999999
0.018608211,0.071177937,48981.164,0.07190026800863215,-0.01915424550414805,1.012007520661157
0.018608211,0.073106766,48979.016,0.07190026800863215,-0.011492533796978567,1.0119631404958678
0.018608211,0.075035587,48978.312,0.07190026800863215,-0.003830853867480268,1.0119485950413223
0.018608211,0.076964408,48979.098,0.07190026800863215,0.0038308260620180308,1.0119648347107437
0.018608211,0.078893237,48981.367,0.07190026800863215,0.011492537769187513,1.012011714876033
0.018608211,0.080822065,48985.059,0.07190026800863215,0.01915424550414805,1.0120879958677687
0.018608212,0.082750887,48990.086,0.07190027198084105,0.02681592940585524,1.0121918595041324
0.018608212,0.084679708,48996.348,0.07190027198084105,0.03447760933535359,1.0123212396694214
0.018608212,0.086608537,49003.691,0.07190027198084105,0.04213932104252302,1.0124729545454545
0.018608212,0.088537365,49012.008,0.07190027198084105,0.049801028777483616,1.0126447933884297
0.018608212,0.090466186,49021.207,0.07190027198084105,0.05746270870698191,1.0128348553719009
0.018608212,0.092395008,49031.281,0.07190027198084105,0.0651243926086891,1.0130429958677687
0.018608212,0.094323844,49042.293,0.07190027198084105,0.07278613212132082,1.0132705165289255
0.018608212,0.096252665,49054.332,0.07190027198084105,0.08044781205081912,1.0135192561983473
0.018608212,0.098181486,49067.562,0.07190027198084105,0.08810949198031742,1.0137926033057851
0.018608212,0.10011031,49082.051,0.07190027198084105,0.0957711838264424,1.0140919628099174
0.018608212,0.10203914,49097.852,0.07190027198084105,0.10343289950582077,1.0144184297520662
0.018608214,0.10396796,49114.836,0.07190027992525884,0.11109457546311018,1.0147693388429753
0.018608214,0.10589679,49132.816,0.07190027992525884,0.11875629114248855,1.015140826446281
0.018608216,0.10782561,49151.434,0.07190028786967662,0.12641796709977796,1.0155254958677686
0.018608216,0.10975444,49170.281,0.07190028786967662,0.13407968277915627,1.0159148966942149
0.018608216,0.11168326,49189.055,0.07190028786967662,0.14174135873644575,1.0163027892561984
0.018608216,0.11361209,49207.434,0.07190028786967662,0.14940307441582407,1.016682520661157
0.018608216,0.11554092,49225.344,0.07190028786967662,0.15706479009520244,1.017052561983471
0.018608216,0.11746974,49242.77,0.07190028786967662,0.16472646605249183,1.017412603305785
0.018608216,0.11939856,49259.914,0.07190028786967662,0.17238814200978125,1.017766818181818
0.018608218,0.12132739,49277.266,0.0719002958140944,0.18004985768915957,1.0181253305785125
0.018608218,0.12325621,49295.371,0.0719002958140944,0.18771153364644902,1.0184994008264463
0.018608218,0.12518504,49314.875,0.0719002958140944,0.19537324932582734,1.0189023760330578
0.018608218,0.12711386,49336.18,0.0719002958140944,0.20303492528311676,1.019342561983471
0.018608218,0.12904269,49359.375,0.0719002958140944,0.21069664096249507,1.0198217975206612
0.018608218,0.13089341,49383.184,0.0719002958140944,0.21804808740522932,1.0203137190082645
0.018608218,0.13258547,49405.754,0.0719002958140944,0.22476930318497618,1.020780041322314
0.018608218,0.13412371,49426.457,0.0719002958140944,0.23087951379277827,1.0212077892561984
0.018608218,0.1355221,49445.141,0.0719002958140944,0.23643421098687306,1.0215938223140497
0.01860822,0.13679338,49461.914,0.0719003037585122,0.24148400070855927,1.0219403719008264
0.01860822,0.13794906,49477.027,0.0719003037585122,0.24607460308219725,1.0222526239669423
0.01860822,0.1389997,49490.77,0.0719003037585122,0.2502479646336984,1.0225365702479339
0.019807436,0.013000302,49477.25,0.07666384021852235,-0.25024796463369836,1.0222572314049587
0.019807436,0.014050936,49464.695,0.07666384021852235,-0.24607462691545054,1.0219978305785125
0.019807436,0.015206633,49450.883,0.07666384021852235,-0.24148395701426148,1.021712458677686
0.019807437,0.0164779,49435.512,0.07666384419073125,-0.2364342189312908,1.021394876033058
0.019807437,0.017876294,49418.238,0.07666384419073125,-0.23087950584836042,1.0210379752066114
0.019807439,0.019414527,49398.762,0.07666385213514902,-0.22476932304602057,1.0206355785123968
0.019807439,0.021106582,49376.953,0.07666385213514902,-0.21804812712731828,1.0201849793388431
0.019807439,0.02295731,49353.234,0.07666385213514902,-0.2106966489069129,1.0196949173553718
0.019807439,0.024886135,49329.41,0.07666385213514902,-0.203034953088579,1.0192026859504133
0.019807439,0.02681496,49307.051,0.07666385213514902,-0.19537325727024513,1.018740723140496
0.019807439,0.028743785,49286.219,0.07666385213514902,-0.18771156145191123,1.0183103099173554
0.019807439,0.030672612,49266.723,0.07666385213514902,-0.18004985768915957,1.0179075
0.019807441,0.032601438,49248.016,0.07666386007956681,-0.17238815789861678,1.0175209917355372
0.019807441,0.03453026,49229.562,0.07666386007956681,-0.1647264739969096,1.0171397107438016
0.019807441,0.036459088,49210.863,0.07666386007956681,-0.15706476626194904,1.016753367768595
0.019807441,0.03838791,49191.695,0.07666386007956681,-0.14940308236024183,1.0163573347107437
0.019807441,0.040316738,49172.098,0.07666386007956681,-0.14174137462528127,1.0159524380165288
0.019807441,0.042245559,49152.242,0.07666386007956681,-0.13407969469578296,1.0155421900826447
0.019807443,0.044174388,49132.473,0.0766638680239846,-0.12641798298861348,1.0151337396694216
0.019807443,0.046103209,49113.277,0.0766638680239846,-0.11875630305911519,1.0147371280991735
0.019807443,0.048032038,49095.062,0.0766638680239846,-0.11109459135194574,1.0143607851239669
0.019807443,0.049960859,49078.27,0.0766638680239846,-0.10343291142244741,1.0140138429752066
0.019807443,0.051889684,49063.102,0.0766638680239846,-0.09577121560411354,1.0137004545454544
0.019807443,0.053818509,49049.676,0.0766638680239846,-0.08810951978577966,1.0134230578512398
0.019807443,0.055747338,49037.875,0.0766638680239846,-0.0804478080786102,1.01317923553719
0.019807443,0.057676159,49027.539,0.0766638680239846,-0.07278612814911191,1.0129656818181818
0.019807443,0.059604988,49018.461,0.0766638680239846,-0.06512441644194245,1.0127781198347108
0.019807445,0.061533809,49010.406,0.07666387596840238,-0.05746273651244412,1.0126116942148762
0.019807445,0.063462637,49003.277,0.07666387596840238,-0.04980102877748356,1.0124644008264463
0.019807445,0.065391466,48997.023,0.07666387596840238,-0.04213931707031413,1.0123351859504133
0.019807445,0.067320287,48991.691,0.07666387596840238,-0.034477637140815774,1.012225020661157
0.019807447,0.069249108,48987.355,0.07666388391282017,-0.02681595721131748,1.0121354338842976
0.019807447,0.071177937,48984.156,0.07666388391282017,-0.01915424550414805,1.0120693388429753
0.019807447,0.073106766,48982.148,0.07666388391282017,-0.011492533796978567,1.0120278512396694
0.019807447,0.075035587,48981.496,0.07666388391282017,-0.003830853867480268,1.0120143801652892
0.019807447,0.076964408,48982.281,0.07666388391282017,0.0038308260620180308,1.0120305991735539
0.019807447,0.078893237,48984.441,0.07666388391282017,0.011492537769187513,1.0120752272727271
0.019807447,0.080822065,48987.895,0.07666388391282017,0.01915424550414805,1.0121465909090908
0.019807449,0.082750887,48992.562,0.07666389185723796,0.02681592940585524,1.0122430165289256
0.019807449,0.084679708,48998.312,0.07666389185723796,0.03447760933535359,1.0123618181818181
0.019807449,0.086608537,49004.988,0.07666389185723796,0.04213932104252302,1.0124997520661156
0.019807449,0.088537365,49012.504,0.07666389185723796,0.049801028777483616,1.012655041322314
0.019807449,0.090466186,49020.789,0.07666389185723796,0.05746270870698191,1.0128262190082644
0.019807449,0.092395008,49029.883,0.07666389185723796,0.0651243926086891,1.013014111570248
0.01980745,0.094323844,49039.91,0.07666389582944685,0.07278613212132082,1.0132212809917356
0.01980745,0.096252665,49051.059,0.07666389582944685,0.08044781205081912,1.0134516322314049
0.01980745,0.098181486,49063.578,0.07666389582944685,0.08810949198031742,1.0137102892561984
0.01980745,0.10011031,49077.609,0.07666389582944685,0.0957711838264424,1.014000185950413
0.01980745,0.10203914,49093.266,0.07666389582944685,0.10343289950582077,1.0143236776859506
0.01980745,0.10396796,49110.434,0.07666389582944685,0.11109457546311018,1.014678388429752
0.01980745,0.10589679,49128.906,0.07666389582944685,0.11875629114248855,1.015060041322314
0.019807452,0.10782561,49148.277,0.07666390377386463,0.12641796709977796,1.0154602685950413
0.019807452,0.10975444,49168.066,0.07666390377386463,0.13407968277915627,1.0158691322314048
0.019807452,0.11168326,49187.879,0.07666390377386463,0.14174135873644575,1.0162784917355372
0.019807452,0.11361209,49207.336,0.07666390377386463,0.14940307441582407,1.0166804958677687
0.019807452,0.11554092,49226.289,0.07666390377386463,0.15706479009520244,1.0170720867768595
0.019807454,0.11746974,49244.727,0.07666391171828242,0.16472646605249183,1.0174530371900827
0.019807454,0.11939856,49262.871,0.07666391171828242,0.17238814200978125,1.0178279132231405
0.019807454,0.12132739,49281.258,0.07666391171828242,0.18004985768915957,1.0182078099173555
0.019807454,0.12325621,49300.496,0.07666391171828242,0.18771153364644902,1.0186052892561983
0.019807454,0.12518504,49321.223,0.07666391171828242,0.19537324932582734,1.0190335330578513
0.019807454,0.12711386,49343.77,0.07666391171828242,0.20303492528311676,1.0194993801652892
0.019807454,0.12904269,49368.059,0.07666391171828242,0.21069664096249507,1.0200012190082646
0.019807454,0.13089341,49392.605,0.07666391171828242,0.21804808740522932,1.020508367768595
0.019807456,0.13258547,49415.484,0.07666391966270021,0.22476930318497618,1.0209810743801653
0.019807456,0.13412371,49436.207,0.07666391966270021,0.23087951379277827,1.0214092355371902
0.019807456,0.1355221,49454.812,0.07666391966270021,0.23643421098687306,1.0217936363636364
0.019807456,0.13679338,49471.57,0.07666391966270021,0.24148400070855927,1.0221398760330578
0.019807456,0.13794906,49486.781,0.07666391966270021,0.24607460308219725,1.0224541528925621
0.019807456,0.1389997,49500.754,0.07666391966270021,0.2502479646336984,1.0227428512396695
0.020858079,0.013000302,49483.805,0.08083721368665024,-0.25024796463369836,1.022392665289256
0.020858079,0.014050936,49471.082,0.08083721368665024,-0.24607462691545054,1.0221297933884297
0.020858081,0.015206633,49457.18,0.08083722163106802,-0.24148395701426148,1.021842561983471
0.020858081,0.0164779,49441.805,0.08083722163106802,-0.2364342189312908,1.021524896694215
0.020858081,0.017876294,49424.609,0.08083722163106802,-0.23087950584836042,1.0211696074380165
0.020858081,0.019414527,49405.191,0.08083722163106802,-0.22476932304602057,1.020768409090909
0.020858081,0.021106582,49383.273,0.08083722163106802,-0.21804812712731828,1.0203155578512397
0.020858081,0.02295731,49359.094,0.08083722163106802,-0.2106966489069129,1.0198159917355372
0.020858081,0.024886135,49334.445,0.08083722163106802,-0.203034953088579,1.019306714876033
0.020858083,0.02681496,49311.016,0.0808372295754858,-0.19537325727024513,1.0188226446280992
0.020858083,0.028743785,49289.066,0.0808372295754858,-0.18771156145191123,1.018369132231405
0.020858083,0.030672612,49268.504,0.0808372295754858,-0.18004985768915957,1.0179442975206612
0.020858083,0.032601438,49248.816,0.0808372295754858,-0.17238815789861678,1.017537520661157
0.020858083,0.03453026,49229.469,0.0808372295754858,-0.1647264739969096,1.0171377892561984
0.020858083,0.036459088,49209.898,0.0808372295754858,-0.15706476626194904,1.016733429752066
0.020858083,0.03838791,49189.871,0.0808372295754858,-0.14940308236024183,1.0163196487603305
0.020858085,0.040316738,49169.418,0.08083723751990358,-0.14174137462528127,1.0158970661157025
0.020858085,0.042245559,49148.742,0.08083723751990358,-0.13407969469578296,1.0154698760330578
0.020858087,0.044174388,49128.258,0.08083724546432138,-0.12641798298861348,1.015046652892562
0.020858087,0.046103209,49108.527,0.08083724546432138,-0.11875630305911519,1.0146389876033057
0.020858087,0.048032038,49090.004,0.08083724546432138,-0.11109459135194574,1.0142562809917355
0.020858087,0.049960859,49073.164,0.08083724546432138,-0.10343291142244741,1.013908347107438
0.020858087,0.051889684,49058.219,0.08083724546432138,-0.09577121560411354,1.0135995661157025
0.020858087,0.053818509,49045.273,0.08083724546432138,-0.08810951978577966,1.0133320867768596
0.020858087,0.055747338,49034.16,0.08083724546432138,-0.0804478080786102,1.013102479338843
0.020858089,0.057676159,49024.641,0.08083725340873917,-0.07278612814911191,1.0129058057851241
0.020858089,0.059604988,49016.43,0.08083725340873917,-0.06512441644194245,1.0127361570247935
0.020858089,0.061533809,49009.23,0.08083725340873917,-0.05746273651244412,1.012587396694215
0.020858089,0.063462637,49002.883,0.08083725340873917,-0.04980102877748356,1.0124562603305785
0.020858089,0.065391466,48997.297,0.08083725340873917,-0.04213931707031413,1.012340847107438
0.020858089,0.067320287,48992.508,0.08083725340873917,-0.034477637140815774,1.0122419008264463
0.020858089,0.069249108,48988.562,0.08083725340873917,-0.02681595721131748,1.0121603719008263
0.020858089,0.071177937,48985.602,0.08083725340873917,-0.01915424550414805,1.012099214876033
0.02085809,0.073106766,48983.793,0.08083725738094805,-0.011492533796978567,1.0120618388429752
0.02085809,0.075035587,48983.191,0.08083725738094805,-0.003830853867480268,1.0120494008264462
0.02085809,0.076964408,48983.898,0.08083725738094805,0.0038308260620180308,1.0120640082644627
0.02085809,0.078893237,48985.941,0.08083725738094805,0.011492537769187513,1.0121062190082644
0.02085809,0.080822065,48989.199,0.08083725738094805,0.01915424550414805,1.0121735330578512
0.02085809,0.082750887,48993.539,0.08083725738094805,0.02681592940585524,1.0122632024793388
0.020858092,0.084679708,48998.84,0.08083726532536585,0.03447760933535359,1.0123727272727272
0.020858092,0.086608537,49004.945,0.08083726532536585,0.04213932104252302,1.0124988636363637
0.020858092,0.088537365,49011.77,0.08083726532536585,0.049801028777483616,1.0126398760330577
0.020858094,0.090466186,49019.27,0.08083727326978363,0.05746270870698191,1.0127948347107438
0.020858094,0.092395008,49027.516,0.08083727326978363,0.0651243926086891,1.0129652066115704
0.020858094,0.094323844,49036.688,0.08083727326978363,0.07278613212132082,1.0131547107438017
0.020858094,0.096252665,49047.043,0.08083727326978363,0.08044781205081912,1.0133686570247933
0.020858094,0.098181486,49058.91,0.08083727326978363,0.08810949198031742,1.0136138429752066
0.020858094,0.10011031,49072.504,0.08083727326978363,0.0957711838264424,1.0138947107438017
0.020858094,0.10203914,49087.984,0.08083727326978363,0.10343289950582077,1.0142145454545455
0.020858094,0.10396796,49105.246,0.08083727326978363,0.11109457546311018,1.0145711983471075
0.020858096,0.10589679,49124.07,0.08083728121420142,0.11875629114248855,1.0149601239669421
0.020858096,0.10782561,49144.016,0.08083728121420142,0.12641796709977796,1.0153722314049587
0.020858096,0.10975444,49164.555,0.08083728121420142,0.13407968277915627,1.015796590909091
0.020858096,0.11168326,49185.211,0.08083728121420142,0.14174135873644575,1.016223367768595
0.020858096,0.11361209,49205.551,0.08083728121420142,0.14940307441582407,1.0166436157024794
0.020858096,0.11554092,49225.391,0.08083728121420142,0.15706479009520244,1.0170535330578514
0.020858098,0.11746974,49244.723,0.0808372891586192,0.16472646605249183,1.0174529545454545
0.020858098,0.11939856,49263.789,0.0808372891586192,0.17238814200978125,1.0178468801652891
0.020858098,0.12132739,49283.191,0.0808372891586192,0.18004985768915957,1.0182477479338843
0.020858098,0.12325621,49303.555,0.0808372891586192,0.18771153364644902,1.0186684917355373
0.020858098,0.12518504,49325.477,0.0808372891586192,0.19537324932582734,1.0191214256198347
0.020858098,0.12711386,49349.199,0.0808372891586192,0.20303492528311676,1.0196115495867768
0.020858098,0.12904269,49374.449,0.0808372891586192,0.21069664096249507,1.0201332438016528
0.0208581,0.13089341,49399.609,0.08083729710303698,0.21804808740522932,1.0206530785123966
0.0208581,0.13258547,49422.754,0.08083729710303698,0.22476930318497618,1.0211312809917354
0.0208581,0.13412371,49443.555,0.08083729710303698,0.23087951379277827,1.0215610537190083
0.020858102,0.1355221,49462.223,0.08083730504745477,0.23643421098687306,1.021946756198347
0.020858102,0.13679338,49479.117,0.08083730504745477,0.24148400070855927,1.022295805785124
0.020858102,0.13794906,49494.574,0.08083730504745477,0.24607460308219725,1.0226151652892561
0.020858102,0.1389997,49508.883,0.08083730504745477,0.2502479646336984,1.022910805785124
0.021764707,0.013000302,49488.23,0.08443852949103084,-0.25024796463369836,1.0224840909090909
0.021764707,0.014050936,49475.285,0.08443852949103084,-0.24607462691545054,1.022216632231405
0.021764707,0.015206633,49461.211,0.08443852949103084,-0.24148395701426148,1.0219258471074382
0.021764707,0.0164779,49445.73,0.08443852949103084,-0.2364342189312908,1.0216059917355373
0.021764707,0.017876294,49428.484,0.08443852949103084,-0.23087950584836042,1.0212496694214874
0.021764707,0.019414527,49409.039,0.08443852949103084,-0.22476932304602057,1.0208479132231405
0.021764707,0.021106582,49386.992,0.08443852949103084,-0.21804812712731828,1.0203923966942148
0.021764707,0.02295731,49362.434,0.08443852949103084,-0.2106966489069129,1.019885
0.021764707,0.024886135,49337.078,0.08443852949103084,-0.203034953088579,1.0193611157024793
0.021764707,0.02681496,49312.707,0.08443852949103084,-0.19537325727024513,1.0188575826446282
0.021764707,0.028743785,49289.719,0.08443852949103084,-0.18771156145191123,1.018382623966942
0.021764707,0.030672612,49268.156,0.08443852949103084,-0.18004985768915957,1.0179371074380166
0.021764711,0.032601438,49247.562,0.08443854537986639,-0.17238815789861678,1.0175116115702478
0.021764711,0.03453026,49227.398,0.08443854537986639,-0.1647264739969096,1.017095
0.021764711,0.036459088,49207.078,0.08443854537986639,-0.15706476626194904,1.0166751652892563
0.021764711,0.03838791,49186.34,0.08443854537986639,-0.14940308236024183,1.016246694214876
0.021764711,0.040316738,49165.211,0.08443854537986639,-0.14174137462528127,1.0158101446280992
0.021764711,0.042245559,49143.891,0.08443854537986639,-0.13407969469578296,1.0153696487603308
0.021764712,0.044174388,49122.863,0.08443854935207529,-0.12641798298861348,1.0149351859504132
0.021764712,0.046103209,49102.742,0.08443854935207529,-0.11875630305911519,1.0145194628099172
0.021764712,0.048032038,49084.02,0.08443854935207529,-0.11109459135194574,1.0141326446280992
0.021764712,0.049960859,49067.191,0.08443854935207529,-0.10343291142244741,1.013784938016529
0.021764712,0.051889684,49052.473,0.08443854935207529,-0.09577121560411354,1.013480847107438
0.021764712,0.053818509,49039.961,0.08443854935207529,-0.08810951978577966,1.0132223347107439
0.021764712,0.055747338,49029.434,0.08443854935207529,-0.0804478080786102,1.0130048347107439
0.021764712,0.057676159,49020.602,0.08443854935207529,-0.07278612814911191,1.012822355371901
0.021764712,0.059604988,49013.125,0.08443854935207529,-0.06512441644194245,1.0126678719008264
0.021764712,0.061533809,49006.648,0.08443854935207529,-0.05746273651244412,1.012534049586777
0.021764714,0.063462637,49000.961,0.08443855729649309,-0.04980102877748356,1.012416549586777
0.021764714,0.065391466,48995.926,0.08443855729649309,-0.04213931707031413,1.012312520661157
0.021764714,0.067320287,48991.559,0.08443855729649309,-0.034477637140815774,1.0122222933884297
0.021764714,0.069249108,48987.941,0.08443855729649309,-0.02681595721131748,1.012147541322314
0.021764714,0.071177937,48985.242,0.08443855729649309,-0.01915424550414805,1.0120917768595041
0.021764718,0.073106766,48983.555,0.08443857318532864,-0.011492533796978567,1.0120569214876034
0.021764718,0.075035587,48982.852,0.08443857318532864,-0.003830853867480268,1.012042396694215
0.021764718,0.076964408,48983.629,0.08443857318532864,0.0038308260620180308,1.012058450413223
0.021764718,0.078893237,48985.551,0.08443857318532864,0.011492537769187513,1.0120981611570248
0.021764718,0.080822065,48988.629,0.08443857318532864,0.01915424550414805,1.0121617561983471
0.021764718,0.082750887,48992.73,0.08443857318532864,0.02681592940585524,1.012246487603306
0.021764718,0.084679708,48997.664,0.08443857318532864,0.03447760933535359,1.012348429752066
0.021764718,0.086608537,49003.289,0.08443857318532864,0.04213932104252302,1.0124646487603306
0.021764718,0.088537365,49009.539,0.08443857318532864,0.049801028777483616,1.0125937809917356
0.021764718,0.090466186,49016.375,0.08443857318532864,0.05746270870698191,1.012735020661157
0.021764718,0.092395008,49023.906,0.08443857318532864,0.0651243926086891,1.0128906198347107
0.021764718,0.094323844,49032.359,0.08443857318532864,0.07278613212132082,1.0130652685950412
0.021764718,0.096252665,49042.043,0.08443857318532864,0.08044781205081912,1.0132653512396694
0.021764718,0.098181486,49053.352,0.08443857318532864,0.08810949198031742,1.0134990082644628
0.02176472,0.10011031,49066.547,0.08443858112974645,0.0957711838264424,1.013771632231405
0.02176472,0.10203914,49081.836,0.08443858112974645,0.10343289950582077,1.014087520661157
0.02176472,0.10396796,49099.133,0.08443858112974645,0.11109457546311018,1.014444896694215
0.02176472,0.10589679,49118.195,0.08443858112974645,0.11875629114248855,1.0148387396694214
0.02176472,0.10782561,49138.566,0.08443858112974645,0.12641796709977796,1.0152596280991735
0.02176472,0.10975444,49159.68,0.08443858112974645,0.13407968277915627,1.015695867768595
0.02176472,0.11168326,49181.004,0.08443858112974645,0.14174135873644575,1.0161364462809916
0.021764722,0.11361209,49202.043,0.08443858907416422,0.14940307441582407,1.0165711363636363
0.021764722,0.11554092,49222.617,0.08443858907416422,0.15706479009520244,1.0169962190082644
0.021764722,0.11746974,49242.727,0.08443858907416422,0.16472646605249183,1.017411714876033
0.021764722,0.11939856,49262.637,0.08443858907416422,0.17238814200978125,1.0178230785123967
0.021764722,0.12132739,49282.988,0.08443858907416422,0.18004985768915957,1.0182435537190082
0.021764722,0.12325621,49304.414,0.08443858907416422,0.18771153364644902,1.0186862396694214
0.021764725,0.12518504,49327.457,0.0844386009907909,0.19537324932582734,1.019162334710744
0.021764725,0.12711386,49352.227,0.0844386009907909,0.20303492528311676,1.019674111570248
0.021764725,0.12904269,49378.305,0.0844386009907909,0.21069664096249507,1.0202129132231406
0.021764725,0.13089341,49403.988,0.0844386009907909,0.21804808740522932,1.0207435537190082
0.021764725,0.13258547,49427.391,0.0844386009907909,0.22476930318497618,1.0212270867768596
0.021764725,0.13412371,49448.344,0.0844386009907909,0.23087951379277827,1.02166
0.021764725,0.1355221,49467.184,0.0844386009907909,0.23643421098687306,1.0220492561983472
0.021764725,0.13679338,49484.316,0.0844386009907909,0.24148400070855927,1.0224032231404958
0.021764725,0.13794906,49500.094,0.0844386009907909,0.24607460308219725,1.022729214876033
0.021764727,0.1389997,49514.789,0.0844386089352087,0.2502479646336984,1.0230328305785124
0.022536872,0.013000302,49490.168,0.08750573017101153,-0.25024796463369836,1.022524132231405
0.022536872,0.014050936,49476.973,0.08750573017101153,-0.24607462691545054,1.0222515082644628
0.022536872,0.015206633,49462.688,0.08750573017101153,-0.24148395701426148,1.0219563636363638
0.022536872,0.0164779,49447.039,0.08750573017101153,-0.2364342189312908,1.0216330371900826
0.022536872,0.017876294,49429.668,0.08750573017101153,-0.23087950584836042,1.021274132231405
0.022536872,0.019414527,49410.129,0.08750573017101153,-0.22476932304602057,1.0208704338842975
0.022536872,0.021106582,49387.926,0.08750573017101153,-0.21804812712731828,1.020411694214876
0.022536872,0.02295731,49363.031,0.08750573017101153,-0.2106966489069129,1.0198973347107438
0.022536872,0.024886135,49337.086,0.08750573017101153,-0.203034953088579,1.0193612809917356
0.022536874,0.02681496,49311.91,0.08750573811542932,-0.19537325727024513,1.0188411157024795
0.022536874,0.028743785,49288.004,0.08750573811542932,-0.18771156145191123,1.0183471900826446
0.022536874,0.030672612,49265.539,0.08750573811542932,-0.18004985768915957,1.0178830371900827
0.022536874,0.032601438,49244.125,0.08750573811542932,-0.17238815789861678,1.0174405991735538
0.022536874,0.03453026,49223.238,0.08750573811542932,-0.1647264739969096,1.0170090495867767
0.022536874,0.036459088,49202.285,0.08750573811542932,-0.15706476626194904,1.0165761363636365
0.022536874,0.03838791,49180.969,0.08750573811542932,-0.14940308236024183,1.0161357231404957
0.022536874,0.040316738,49159.309,0.08750573811542932,-0.14174137462528127,1.0156882024793388
0.022536874,0.042245559,49137.504,0.08750573811542932,-0.13407969469578296,1.0152376859504133
0.022536874,0.044174388,49116.082,0.08750573811542932,-0.12641798298861348,1.0147950826446281
0.022536876,0.046103209,49095.68,0.08750574605984711,-0.11875630305911519,1.0143735537190082
0.022536876,0.048032038,49076.832,0.08750574605984711,-0.11109459135194574,1.013984132231405
0.022536878,0.049960859,49060.039,0.0875057540042649,-0.10343291142244741,1.0136371694214876
0.022536878,0.051889684,49045.531,0.0875057540042649,-0.09577121560411354,1.013337417355372
0.022536878,0.053818509,49033.379,0.0875057540042649,-0.08810951978577966,1.0130863429752066
0.022536878,0.055747338,49023.344,0.0875057540042649,-0.0804478080786102,1.0128790082644628
0.022536878,0.057676159,49015.078,0.0875057540042649,-0.07278612814911191,1.0127082231404958
0.022536878,0.059604988,49008.195,0.0875057540042649,-0.06512441644194245,1.0125660123966942
0.022536878,0.061533809,49002.312,0.0875057540042649,-0.05746273651244412,1.0124444628099174
0.022536879,0.063462637,48997.164,0.08750575797647378,-0.04980102877748356,1.0123380991735536
0.022536879,0.065391466,48992.586,0.08750575797647378,-0.04213931707031413,1.0122435123966942
0.022536879,0.067320287,48988.664,0.08750575797647378,-0.034477637140815774,1.0121624793388428
0.022536879,0.069249108,48985.73,0.08750575797647378,-0.02681595721131748,1.0121018595041322
0.022536879,0.071177937,48985.207,0.08750575797647378,-0.01915424550414805,1.0120910537190082
0.022536879,0.073106766,48983.934,0.08750575797647378,-0.011492533796978567,1.0120647520661157
0.022536879,0.075035587,48984.578,0.08750575797647378,-0.003830853867480268,1.0120780578512396
0.022536881,0.076964408,48984.617,0.08750576592089158,0.0038308260620180308,1.0120788636363636
0.022536881,0.078893237,48983.898,0.08750576592089158,0.011492537769187513,1.0120640082644627
0.022536881,0.080822065,48986.109,0.08750576592089158,0.01915424550414805,1.0121096900826445
0.022536881,0.082750887,48989.848,0.08750576592089158,0.02681592940585524,1.0121869421487604
0.022536881,0.084679708,48994.477,0.08750576592089158,0.03447760933535359,1.012282582644628
0.022536881,0.086608537,48999.719,0.08750576592089158,0.04213932104252302,1.0123908884297521
0.022536881,0.088537365,49005.488,0.08750576592089158,0.049801028777483616,1.012510082644628
0.022536881,0.090466186,49011.773,0.08750576592089158,0.05746270870698191,1.012639938016529
0.022536881,0.092395008,49018.715,0.08750576592089158,0.0651243926086891,1.012783367768595
0.022536881,0.094323844,49026.582,0.08750576592089158,0.07278613212132082,1.0129459090909092
0.022536881,0.096252665,49035.711,0.08750576592089158,0.08044781205081912,1.0131345247933885
0.022536881,0.098181486,49046.555,0.08750576592089158,0.08810949198031742,1.0133585743801652
0.022536881,0.10011031,49059.41,0.08750576592089158,0.0957711838264424,1.013624173553719
0.022536881,0.10203914,49074.527,0.08750576592089158,0.10343289950582077,1.013936508264463
0.022536881,0.10396796,49091.82,0.08750576592089158,0.11109457546311018,1.0142938016528926
0.022536881,0.10589679,49111.043,0.08750576592089158,0.11875629114248855,1.01469097107438
0.022536881,0.10782561,49131.719,0.08750576592089158,0.12641796709977796,1.0151181611570248
0.022536885,0.10975444,49153.254,0.08750578180972714,0.13407968277915627,1.0155630991735538
0.022536885,0.11168326,49175.09,0.08750578180972714,0.14174135873644575,1.016014256198347
0.022536885,0.11361209,49196.684,0.08750578180972714,0.14940307441582407,1.0164604132231405
0.022536885,0.11554092,49217.859,0.08750578180972714,0.15706479009520244,1.0168979132231404
0.022536885,0.11746974,49238.621,0.08750578180972714,0.16472646605249183,1.0173268801652893
0.022536885,0.11939856,49259.289,0.08750578180972714,0.17238814200978125,1.0177539049586777
0.022536885,0.12132739,49280.508,0.08750578180972714,0.18004985768915957,1.0181923140495868
0.022536887,0.12325621,49302.902,0.08750578975414493,0.18771153364644902,1.018655
0.022536887,0.12518504,49326.938,0.08750578975414493,0.19537324932582734,1.019151611570248
0.022536887,0.12711386,49352.605,0.08750578975414493,0.20303492528311676,1.0196819214876034
0.022536887,0.12904269,49379.387,0.08750578975414493,0.21069664096249507,1.0202352685950413
0.022536887,0.13089341,49405.523,0.08750578975414493,0.21804808740522932,1.0207752685950413
0.022536887,0.13258547,49429.199,0.08750578975414493,0.22476930318497618,1.0212644421487604
0.022536887,0.13412371,49450.359,0.08750578975414493,0.23087951379277827,1.021701632231405
0.022536887,0.1355221,49469.434,0.08750578975414493,0.23643421098687306,1.022095743801653
0.022536887,0.13679338,49486.863,0.08750578975414493,0.24148400070855927,1.0224558471074379
0.022536887,0.13794906,49502.992,0.08750578975414493,0.24607460308219725,1.0227890909090909
0.022536887,0.1389997,49518.082,0.08750578975414493,0.2502479646336984,1.023100867768595
0.023187201,0.013000302,49489.312,0.09008897280828618,-0.25024796463369836,1.0225064462809916
0.023187201,0.014050936,49475.871,0.09008897280828618,-0.24607462691545054,1.0222287396694214
0.023187201,0.015206633,49461.363,0.09008897280828618,-0.24148395701426148,1.0219289876033057
0.023187201,0.0164779,49445.52,0.09008897280828618,-0.2364342189312908,1.021601652892562
0.023187201,0.017876294,49427.988,0.09008897280828618,-0.23087950584836042,1.0212394214876033
0.023187201,0.019414527,49408.301,0.09008897280828618,-0.22476932304602057,1.020832665289256
0.023187201,0.021106582,49385.926,0.09008897280828618,-0.21804812712731828,1.0203703719008264
0.023187201,0.02295731,49360.73,0.09008897280828618,-0.2106966489069129,1.0198497933884298
0.023187201,0.024886135,49334.289,0.09008897280828618,-0.203034953088579,1.019303491735537
0.023187203,0.02681496,49308.449,0.09008898075270395,-0.19537325727024513,1.0187696074380166
0.023187203,0.028743785,49283.77,0.09008898075270395,-0.18771156145191123,1.0182597107438016
0.023187203,0.030672612,49260.512,0.09008898075270395,-0.18004985768915957,1.0177791735537192
0.023187203,0.032601438,49238.379,0.09008898075270395,-0.17238815789861678,1.0173218801652892
0.023187203,0.03453026,49216.863,0.09008898075270395,-0.1647264739969096,1.0168773347107438
0.023187203,0.036459088,49195.371,0.09008898075270395,-0.15706476626194904,1.016433285123967
0.023187203,0.03838791,49173.59,0.09008898075270395,-0.14940308236024183,1.01598326446281
0.023187203,0.040316738,49151.527,0.09008898075270395,-0.14174137462528127,1.0155274173553719
0.023187203,0.042245559,49129.371,0.09008898075270395,-0.13407969469578296,1.0150696487603306
0.023187203,0.044174388,49107.664,0.09008898075270395,-0.12641798298861348,1.0146211570247934
0.023187203,0.046103209,49087.066,0.09008898075270395,-0.11875630305911519,1.0141955785123966
0.023187203,0.048032038,49068.133,0.09008898075270395,-0.11109459135194574,1.0138044008264464
0.023187203,0.049960859,49051.387,0.09008898075270395,-0.10343291142244741,1.0134584090909091
0.023187203,0.051889684,49037.062,0.09008898075270395,-0.09577121560411354,1.013162438016529
0.023187203,0.053818509,49025.215,0.09008898075270395,-0.08810951978577966,1.0129176652892562
0.023187203,0.055747338,49015.566,0.09008898075270395,-0.0804478080786102,1.012718305785124
0.023187203,0.057676159,49007.762,0.09008898075270395,-0.07278612814911191,1.0125570661157026
0.023187203,0.059604988,49001.391,0.09008898075270395,-0.06512441644194245,1.0124254338842975
0.023187205,0.061533809,48996.012,0.09008898869712174,-0.05746273651244412,1.0123142975206612
0.023187205,0.063462637,48991.344,0.09008898869712174,-0.04980102877748356,1.0122178512396693
0.023187205,0.065391466,48987.207,0.09008898869712174,-0.04213931707031413,1.0121323760330578
0.023187205,0.067320287,48983.594,0.09008898869712174,-0.034477637140815774,1.0120577272727271
0.023187205,0.069249108,48980.191,0.09008898869712174,-0.02681595721131748,1.0119874173553718
0.023187205,0.071177937,48975.984,0.09008898869712174,-0.01915424550414805,1.0119004958677684
0.023187205,0.073106766,48974.316,0.09008898869712174,-0.011492533796978567,1.0118660330578513
0.023187205,0.075035587,48973.098,0.09008898869712174,-0.003830853867480268,1.011840867768595
0.023187207,0.076964408,48974.02,0.09008899664153953,0.0038308260620180308,1.0118599173553717
0.023187207,0.078893237,48977.859,0.09008899664153953,0.011492537769187513,1.0119392355371901
0.023187207,0.080822065,48981.199,0.09008899664153953,0.01915424550414805,1.0120082438016529
0.023187207,0.082750887,48984.828,0.09008899664153953,0.02681592940585524,1.012083223140496
0.023187207,0.084679708,48989.164,0.09008899664153953,0.03447760933535359,1.0121728099173553
0.023187207,0.086608537,48994.051,0.09008899664153953,0.04213932104252302,1.0122737809917355
0.023187209,0.088537365,48999.398,0.09008900458595732,0.049801028777483616,1.0123842561983472
0.023187209,0.090466186,49005.211,0.09008900458595732,0.05746270870698191,1.0125043595041323
0.023187209,0.092395008,49011.656,0.09008900458595732,0.0651243926086891,1.012637520661157
0.023187209,0.094323844,49019.043,0.09008900458595732,0.07278613212132082,1.0127901446280991
0.023187209,0.096252665,49027.73,0.09008900458595732,0.08044781205081912,1.0129696280991736
0.023187209,0.098181486,49038.199,0.09008900458595732,0.08810949198031742,1.0131859297520662
0.023187209,0.10011031,49050.777,0.09008900458595732,0.0957711838264424,1.013445805785124
0.023187209,0.10203914,49065.734,0.09008900458595732,0.10343289950582077,1.0137548347107437
0.023187209,0.10396796,49083.008,0.09008900458595732,0.11109457546311018,1.01411173553719
0.023187209,0.10589679,49102.34,0.09008900458595732,0.11875629114248855,1.0145111570247933
0.023187209,0.10782561,49123.234,0.09008900458595732,0.12641796709977796,1.0149428512396694
0.023187209,0.10975444,49145.074,0.09008900458595732,0.13407968277915627,1.0153940909090908
0.023187209,0.11168326,49167.285,0.09008900458595732,0.14174135873644575,1.0158529958677687
0.023187211,0.11361209,49189.309,0.0900890125303751,0.14940307441582407,1.0163080371900826
0.023187211,0.11554092,49210.969,0.0900890125303751,0.15706479009520244,1.0167555578512397
0.023187211,0.11746974,49232.289,0.0900890125303751,0.16472646605249183,1.0171960537190081
0.023187211,0.11939856,49253.617,0.0900890125303751,0.17238814200978125,1.017636714876033
0.023187211,0.12132739,49275.602,0.0900890125303751,0.18004985768915957,1.0180909504132232
0.023187211,0.12325621,49298.844,0.0900890125303751,0.18771153364644902,1.0185711570247933
0.023187213,0.12518504,49323.738,0.09008902047479289,0.19537324932582734,1.0190854958677686
0.023187213,0.12711386,49350.16,0.09008902047479289,0.20303492528311676,1.0196314049586777
0.023187213,0.12904269,49377.531,0.09008902047479289,0.21069664096249507,1.0201969214876034
0.023187213,0.13089341,49404.07,0.09008902047479289,0.21804808740522932,1.0207452479338843
0.023187213,0.13258547,49428.016,0.09008902047479289,0.22476930318497618,1.0212400000000001
0.023187213,0.13412371,49449.418,0.09008902047479289,0.23087951379277827,1.0216821900826445
0.023187213,0.1355221,49468.754,0.09008902047479289,0.23643421098687306,1.022081694214876
0.023187213,0.13679338,49486.496,0.09008902047479289,0.24148400070855927,1.02244826446281
0.023187213,0.13794906,49502.977,0.09008902047479289,0.24607460308219725,1.0227887809917355
0.023187213,0.1389997,49518.434,0.09008902047479289,0.2502479646336984,1.0231081404958677
0.02372977,0.013000302,49486.109,0.09224417021523476,-0.25024796463369836,1.0224402685950413
0.02372977,0.014050936,49472.441,0.09224417021523476,-0.24607462691545054,1.0221578719008264
0.02372977,0.015206633,49457.719,0.09224417021523476,-0.24148395701426148,1.0218536983471074
0.02372977,0.0164779,49441.68,0.09224417021523476,-0.2364342189312908,1.0215223140495868
0.02372977,0.017876294,49423.973,0.09224417021523476,-0.23087950584836042,1.0211564669421487
0.02372977,0.019414527,49404.125,0.09224417021523476,-0.22476932304602057,1.0207463842975206
0.02372977,0.021106582,49381.57,0.09224417021523476,-0.21804812712731828,1.0202803719008264
0.02372977,0.02295731,49356.109,0.09224417021523476,-0.2106966489069129,1.019754318181818
0.02372977,0.024886135,49329.254,0.09224417021523476,-0.203034953088579,1.0191994628099175
0.02372977,0.02681496,49302.867,0.09224417021523476,-0.19537325727024513,1.0186542768595042
0.02372977,0.028743785,49277.547,0.09224417021523476,-0.18771156145191123,1.0181311363636363
0.02372977,0.030672612,49253.621,0.09224417021523476,-0.18004985768915957,1.017636797520661
0.02372977,0.032601438,49230.867,0.09224417021523476,-0.17238815789861678,1.017166673553719
0.02372977,0.03453026,49208.824,0.09224417021523476,-0.1647264739969096,1.0167112396694216
0.02372977,0.036459088,49186.887,0.09224417021523476,-0.15706476626194904,1.0162579958677687
0.02372977,0.03838791,49164.734,0.09224417021523476,-0.14940308236024183,1.0158002892561984
0.02372977,0.040316738,49142.352,0.09224417021523476,-0.14174137462528127,1.0153378512396694
0.023729771,0.042245559,49119.945,0.09224417418744364,-0.13407969469578296,1.014874896694215
0.023729771,0.044174388,49098.051,0.09224417418744364,-0.12641798298861348,1.014422541322314
0.023729771,0.046103209,49077.316,0.09224417418744364,-0.11875630305911519,1.013994132231405
0.023729771,0.048032038,49058.328,0.09224417418744364,-0.11109459135194574,1.0136018181818183
0.023729771,0.049960859,49041.629,0.09224417418744364,-0.10343291142244741,1.0132567975206612
0.023729771,0.051889684,49027.457,0.09224417418744364,-0.09577121560411354,1.0129639876033059
0.023729771,0.053818509,49015.848,0.09224417418744364,-0.08810951978577966,1.012724132231405
0.023729771,0.055747338,49006.535,0.09224417418744364,-0.0804478080786102,1.012531714876033
0.023729771,0.057676159,48999.113,0.09224417418744364,-0.07278612814911191,1.012378367768595
0.023729771,0.059604988,48993.121,0.09224417418744364,-0.06512441644194245,1.0122545661157025
0.023729771,0.061533809,48988.121,0.09224417418744364,-0.05746273651244412,1.0121512603305785
0.023729771,0.063462637,48983.809,0.09224417418744364,-0.04980102877748356,1.0120621694214875
0.023729771,0.065391466,48980.0,0.09224417418744364,-0.04213931707031413,1.0119834710743802
0.023729773,0.067320287,48976.637,0.09224418213186143,-0.034477637140815774,1.0119139876033059
0.023729773,0.069249108,48973.57,0.09224418213186143,-0.02681595721131748,1.0118506198347108
0.023729773,0.071177937,48970.355,0.09224418213186143,-0.01915424550414805,1.0117841942148762
0.023729773,0.073106766,48968.641,0.09224418213186143,-0.011492533796978567,1.0117487809917356
0.023729773,0.075035587,48967.625,0.09224418213186143,-0.003830853867480268,1.0117277892561984
0.023729773,0.076964408,48968.5,0.09224418213186143,0.0038308260620180308,1.011745867768595
0.023729773,0.078893237,48971.453,0.09224418213186143,0.011492537769187513,1.0118068801652893
0.023729773,0.080822065,48974.434,0.09224418213186143,0.01915424550414805,1.0118684710743802
0.023729773,0.082750887,48977.906,0.09224418213186143,0.02681592940585524,1.0119402066115704
0.023729773,0.084679708,48982.016,0.09224418213186143,0.03447760933535359,1.0120251239669422
0.023729773,0.086608537,48986.633,0.09224418213186143,0.04213932104252302,1.0121205165289258
0.023729773,0.088537365,48991.672,0.09224418213186143,0.049801028777483616,1.0122246280991736
0.023729773,0.090466186,48997.129,0.09224418213186143,0.05746270870698191,1.0123373760330578
0.023729773,0.092395008,49003.195,0.09224418213186143,0.0651243926086891,1.0124627066115703
0.023729775,0.094323844,49010.191,0.09224419007627922,0.07278613212132082,1.0126072520661156
0.023729775,0.096252665,49018.512,0.09224419007627922,0.08044781205081912,1.012779173553719
0.023729775,0.098181486,49028.672,0.09224419007627922,0.08810949198031742,1.0129890909090908
0.023729775,0.10011031,49041.027,0.09224419007627922,0.0957711838264424,1.0132443595041323
0.023729775,0.10203914,49055.855,0.09224419007627922,0.10343289950582077,1.0135507231404959
0.023729775,0.10396796,49073.102,0.09224419007627922,0.11109457546311018,1.0139070661157024
0.023729775,0.10589679,49092.508,0.09224419007627922,0.11875629114248855,1.0143080165289255
0.023729775,0.10782561,49113.551,0.09224419007627922,0.12641796709977796,1.0147427892561984
0.023729775,0.10975444,49135.602,0.09224419007627922,0.13407968277915627,1.015198388429752
0.023729775,0.11168326,49158.09,0.09224419007627922,0.14174135873644575,1.0156630165289255
0.023729775,0.11361209,49180.445,0.09224419007627922,0.14940307441582407,1.016124896694215
0.023729775,0.11554092,49202.496,0.09224419007627922,0.15706479009520244,1.0165804958677687
0.023729775,0.11746974,49224.289,0.09224419007627922,0.16472646605249183,1.0170307644628098
0.023729775,0.11939856,49246.172,0.09224419007627922,0.17238814200978125,1.0174828925619834
0.023729775,0.12132739,49268.816,0.09224419007627922,0.18004985768915957,1.0179507438016528
0.023729775,0.12325621,49292.781,0.09224419007627922,0.18771153364644902,1.018445888429752
0.023729775,0.12518504,49318.387,0.09224419007627922,0.19537324932582734,1.018974938016529
0.023729775,0.12711386,49345.438,0.09224419007627922,0.20303492528311676,1.0195338429752066
0.023729775,0.12904269,49373.301,0.09224419007627922,0.21069664096249507,1.0201095247933885
0.023729775,0.13089341,49400.191,0.09224419007627922,0.21804808740522932,1.0206651033057852
0.023729775,0.13258547,49424.395,0.09224419007627922,0.22476930318497618,1.0211651859504132
0.023729777,0.13412371,49446.039,0.09224419802069701,0.23087951379277827,1.0216123760330578
0.023729779,0.1355221,49465.641,0.09224420596511479,0.23643421098687306,1.022017376033058
0.023729779,0.13679338,49483.688,0.09224420596511479,0.24148400070855927,1.0223902479338844
0.023729779,0.13794906,49500.492,0.09224420596511479,0.24607460308219725,1.0227374380165288
0.023729779,0.1389997,49516.281,0.09224420596511479,0.2502479646336984,1.0230636570247935
0.024178877,0.013000302,49482.082,0.09402811703461157,-0.25024796463369836,1.0223570661157024
0.024178877,0.014050936,49468.215,0.09402811703461157,-0.24607462691545054,1.0220705578512397
0.024178877,0.015206633,49453.305,0.09402811703461157,-0.24148395701426148,1.0217625
0.024178877,0.0164779,49437.082,0.09402811703461157,-0.2364342189312908,1.0214273140495869
0.024178877,0.017876294,49419.211,0.09402811703461157,-0.23087950584836042,1.0210580785123968
0.024178877,0.019414527,49399.211,0.09402811703461157,-0.22476932304602057,1.020644855371901
0.024178877,0.021106582,49376.496,0.09402811703461157,-0.21804812712731828,1.0201755371900827
0.024178877,0.02295731,49350.809,0.09402811703461157,-0.2106966489069129,1.0196448140495868
0.024178877,0.024886135,49323.609,0.09402811703461157,-0.203034953088579,1.0190828305785122
0.024178877,0.02681496,49296.785,0.09402811703461157,-0.19537325727024513,1.0185286157024793
0.024178877,0.028743785,49270.953,0.09402811703461157,-0.18771156145191123,1.017994896694215
0.024178877,0.030672612,49246.492,0.09402811703461157,-0.18004985768915957,1.0174895041322314
0.024178877,0.032601438,49223.234,0.09402811703461157,-0.17238815789861678,1.0170089669421487
0.024178877,0.03453026,49200.738,0.09402811703461157,-0.1647264739969096,1.016544173553719
0.024178877,0.036459088,49178.43,0.09402811703461157,-0.15706476626194904,1.01608326446281
0.024178877,0.03838791,49155.969,0.09402811703461157,-0.14940308236024183,1.015619194214876
0.024178877,0.040316738,49133.34,0.09402811703461157,-0.14174137462528127,1.015151652892562
0.024178877,0.042245559,49110.746,0.09402811703461157,-0.13407969469578296,1.0146848347107438
0.024178877,0.044174388,49088.719,0.09402811703461157,-0.12641798298861348,1.0142297314049586
0.024178877,0.046103209,49067.898,0.09402811703461157,-0.11875630305911519,1.0137995454545454
0.024178877,0.048032038,49048.887,0.09402811703461157,-0.11109459135194574,1.013406756198347
0.024178877,0.049960859,49032.246,0.09402811703461157,-0.10343291142244741,1.0130629338842976
0.024178877,0.051889684,49018.215,0.09402811703461157,-0.09577121560411354,1.0127730371900825
0.024178877,0.053818509,49006.836,0.09402811703461157,-0.08810951978577966,1.0125379338842977
0.024178877,0.055747338,48997.805,0.09402811703461157,-0.0804478080786102,1.0123513429752067
0.024178877,0.057676159,48990.691,0.09402811703461157,-0.07278612814911191,1.0122043595041321
0.024178877,0.059604988,48985.059,0.09402811703461157,-0.06512441644194245,1.0120879958677687
0.024178877,0.061533809,48980.43,0.09402811703461157,-0.05746273651244412,1.0119923553719008
0.024178877,0.063462637,48976.469,0.09402811703461157,-0.04980102877748356,1.0119105165289255
0.024178877,0.065391466,48972.941,0.09402811703461157,-0.04213931707031413,1.0118376239669422
0.024178877,0.067320287,48969.75,0.09402811703461157,-0.034477637140815774,1.011771694214876
0.024178877,0.069249108,48966.898,0.09402811703461157,-0.02681595721131748,1.0117127685950413
0.024178877,0.071177937,48964.379,0.09402811703461157,-0.01915424550414805,1.011660723140496
0.024178877,0.073106766,48962.828,0.09402811703461157,-0.011492533796978567,1.0116286776859504
0.024178877,0.075035587,48962.125,0.09402811703461157,-0.003830853867480268,1.011614152892562
0.024178877,0.076964408,48962.844,0.09402811703461157,0.0038308260620180308,1.0116290082644628
0.024178877,0.078893237,48964.957,0.09402811703461157,0.011492537769187513,1.0116726652892563
0.024178877,0.080822065,48967.688,0.09402811703461157,0.01915424550414805,1.011729090909091
0.024178877,0.082750887,48971.031,0.09402811703461157,0.02681592940585524,1.0117981611570248
0.024178877,0.084679708,48974.934,0.09402811703461157,0.03447760933535359,1.0118788016528926
0.024178877,0.086608537,48979.289,0.09402811703461157,0.04213932104252302,1.0119687809917355
0.024178877,0.088537365,48984.027,0.09402811703461157,0.049801028777483616,1.0120666735537192
0.024178877,0.090466186,48989.164,0.09402811703461157,0.05746270870698191,1.0121728099173553
0.024178877,0.092395008,48994.902,0.09402811703461157,0.0651243926086891,1.0122913636363637
0.024178877,0.094323844,49001.578,0.09402811703461157,0.07278613212132082,1.0124292975206612
0.024178877,0.096252665,49009.609,0.09402811703461157,0.08044781205081912,1.0125952272727272
0.024178877,0.098181486,49019.496,0.09402811703461157,0.08810949198031742,1.0127995041322313
0.024178877,0.10011031,49031.652,0.09402811703461157,0.0957711838264424,1.013050661157025
0.024178877,0.10203914,49046.359,0.09402811703461157,0.10343289950582077,1.0133545247933884
0.024178877,0.10396796,49063.566,0.09402811703461157,0.11109457546311018,1.0137100413223141
0.024178877,0.10589679,49083.012,0.09402811703461157,0.11875629114248855,1.0141118181818183
0.024178877,0.10782561,49104.156,0.09402811703461157,0.12641796709977796,1.0145486776859505
0.024178877,0.10975444,49126.355,0.09402811703461157,0.13407968277915627,1.0150073347107438
0.024178877,0.11168326,49149.047,0.09402811703461157,0.14174135873644575,1.0154761776859504
0.024178877,0.11361209,49171.668,0.09402811703461157,0.14940307441582407,1.0159435537190082
0.024178877,0.11554092,49194.047,0.09402811703461157,0.15706479009520244,1.016405929752066
0.024178877,0.11746974,49216.227,0.09402811703461157,0.16472646605249183,1.016864194214876
0.024178877,0.11939856,49238.59,0.09402811703461157,0.17238814200978125,1.0173262396694214
0.024178877,0.12132739,49261.781,0.09402811703461157,0.18004985768915957,1.0178053925619834
0.024178877,0.12325621,49286.328,0.09402811703461157,0.18771153364644902,1.0183125619834712
0.024178877,0.12518504,49312.504,0.09402811703461157,0.19537324932582734,1.0188533884297521
0.024178877,0.12711386,49340.062,0.09402811703461157,0.20303492528311676,1.0194227685950412
0.024178877,0.12904269,49368.332,0.09402811703461157,0.21069664096249507,1.0200068595041323
0.024178877,0.13089341,49395.52,0.09402811703461157,0.21804808740522932,1.0205685950413224
0.024178877,0.13258547,49419.949,0.09402811703461157,0.22476930318497618,1.021073326446281
0.024178877,0.13412371,49441.82,0.09402811703461157,0.23087951379277827,1.0215252066115703
0.024178877,0.1355221,49461.664,0.09402811703461157,0.23643421098687306,1.0219352066115701
0.024178877,0.13679338,49479.977,0.09402811703461157,0.24148400070855927,1.0223135743801652
0.024178877,0.13794906,49497.066,0.09402811703461157,0.24607460308219725,1.0226666528925619
0.024178877,0.1389997,49513.141,0.09402811703461157,0.2502479646336984,1.0229987809917356
0.024581734,0.013000302,49483.031,0.0956283491926801,-0.25024796463369836,1.022376673553719
0.024581734,0.014050936,49468.961,0.0956283491926801,-0.24607462691545054,1.0220859710743802
0.024581734,0.015206633,49453.859,0.0956283491926801,-0.24148395701426148,1.0217739462809916
0.024581734,0.0164779,49437.457,0.0956283491926801,-0.2364342189312908,1.0214350619834711
0.024581734,0.017876294,49419.422,0.0956283491926801,-0.23087950584836042,1.021062438016529
0.024581734,0.019414527,49399.258,0.0956283491926801,-0.22476932304602057,1.020645826446281
0.024581734,0.021106582,49376.371,0.0956283491926801,-0.21804812712731828,1.0201729545454545
0.024581734,0.02295731,49350.465,0.0956283491926801,-0.2106966489069129,1.0196377066115703
0.024581734,0.024886135,49322.965,0.0956283491926801,-0.203034953088579,1.0190695247933883
0.024581734,0.02681496,49295.734,0.0956283491926801,-0.19537325727024513,1.0185069008264462
0.024581734,0.028743785,49269.426,0.0956283491926801,-0.18771156145191123,1.017963347107438
0.024581734,0.030672612,49244.457,0.0956283491926801,-0.18004985768915957,1.017447458677686
0.024581734,0.032601438,49220.711,0.0956283491926801,-0.17238815789861678,1.0169568388429753
0.024581734,0.03453026,49197.812,0.0956283491926801,-0.1647264739969096,1.0164837190082645
0.024581734,0.036459088,49175.176,0.0956283491926801,-0.15706476626194904,1.0160160330578512
0.024581734,0.03838791,49152.438,0.0956283491926801,-0.14940308236024183,1.0155462396694215
0.024581734,0.040316738,49129.578,0.0956283491926801,-0.14174137462528127,1.0150739256198347
0.024581734,0.042245559,49106.824,0.0956283491926801,-0.13407969469578296,1.0146038016528927
0.024581734,0.044174388,49084.68,0.0956283491926801,-0.12641798298861348,1.0141462809917356
0.024581734,0.046103209,49063.793,0.0956283491926801,-0.11875630305911519,1.0137147314049586
0.024581734,0.048032038,49044.77,0.0956283491926801,-0.11109459135194574,1.013321694214876
0.024581734,0.049960859,49028.176,0.0956283491926801,-0.10343291142244741,1.0129788429752067
0.024581734,0.051889684,49014.262,0.0956283491926801,-0.09577121560411354,1.0126913636363637
0.024581734,0.053818509,49003.055,0.0956283491926801,-0.08810951978577966,1.0124598140495868
0.024581734,0.055747338,48994.238,0.0956283491926801,-0.0804478080786102,1.0122776446280992
0.024581734,0.057676159,48987.379,0.0956283491926801,-0.07278612814911191,1.0121359297520662
0.024581734,0.059604988,48981.973,0.0956283491926801,-0.06512441644194245,1.01202423553719
0.024581734,0.061533809,48977.508,0.0956283491926801,-0.05746273651244412,1.0119319834710745
0.024581734,0.063462637,48973.676,0.0956283491926801,-0.04980102877748356,1.0118528099173554
0.024581734,0.065391466,48970.246,0.0956283491926801,-0.04213931707031413,1.0117819421487604
0.024581734,0.067320287,48967.129,0.0956283491926801,-0.034477637140815774,1.011717541322314
0.024581734,0.069249108,48964.348,0.0956283491926801,-0.02681595721131748,1.011660082644628
0.024581734,0.071177937,48962.121,0.0956283491926801,-0.01915424550414805,1.011614070247934
0.024581734,0.073106766,48960.738,0.0956283491926801,-0.011492533796978567,1.0115854958677686
0.024581734,0.075035587,48960.551,0.0956283491926801,-0.003830853867480268,1.0115816322314048
0.024581734,0.076964408,48961.082,0.0956283491926801,0.0038308260620180308,1.0115926033057852
0.024581734,0.078893237,48962.594,0.0956283491926801,0.011492537769187513,1.0116238429752065
0.024581734,0.080822065,48965.207,0.0956283491926801,0.01915424550414805,1.0116778305785123
0.024581734,0.082750887,48968.594,0.0956283491926801,0.02681592940585524,1.0117478099173554
0.024581734,0.084679708,48972.473,0.0956283491926801,0.03447760933535359,1.0118279545454545
0.024581734,0.086608537,48976.727,0.0956283491926801,0.04213932104252302,1.011915847107438
0.024581734,0.088537365,48981.297,0.0956283491926801,0.049801028777483616,1.0120102685950414
0.024581734,0.090466186,48986.219,0.0956283491926801,0.05746270870698191,1.0121119628099173
0.024581734,0.092395008,48991.711,0.0956283491926801,0.0651243926086891,1.0122254338842975
0.024581734,0.094323844,48998.125,0.0956283491926801,0.07278613212132082,1.0123579545454546
0.024581734,0.096252665,49005.906,0.0956283491926801,0.08044781205081912,1.0125187190082645
0.024581734,0.098181486,49015.59,0.0956283491926801,0.08810949198031742,1.0127188016528925
0.024581734,0.10011031,49027.586,0.0956283491926801,0.0957711838264424,1.012966652892562
0.024581734,0.10203914,49042.195,0.0956283491926801,0.10343289950582077,1.0132684917355372
0.024581734,0.10396796,49059.367,0.0956283491926801,0.11109457546311018,1.0136232851239668
0.024581734,0.10589679,49078.84,0.0956283491926801,0.11875629114248855,1.0140256198347106
0.024581734,0.10782561,49100.062,0.0956283491926801,0.12641796709977796,1.014464090909091
0.024581734,0.10975444,49122.398,0.0956283491926801,0.13407968277915627,1.0149255785123967
0.024581734,0.11168326,49145.266,0.0956283491926801,0.14174135873644575,1.0153980578512398
0.024581734,0.11361209,49168.129,0.0956283491926801,0.14940307441582407,1.0158704338842974
0.024581734,0.11554092,49190.801,0.0956283491926801,0.15706479009520244,1.0163388636363637
0.024581734,0.11746974,49213.332,0.0956283491926801,0.16472646605249183,1.0168043801652893
0.024581734,0.11939856,49236.121,0.0956283491926801,0.17238814200978125,1.0172752272727272
0.024581734,0.12132739,49259.836,0.0956283491926801,0.18004985768915957,1.0177652066115703
0.024581734,0.12325621,49284.938,0.0956283491926801,0.18771153364644902,1.0182838429752066
0.024581734,0.12518504,49311.645,0.0956283491926801,0.19537324932582734,1.0188356404958676
0.024581734,0.12711386,49339.668,0.0956283491926801,0.20303492528311676,1.0194146280991736
0.024581734,0.12904269,49368.312,0.0956283491926801,0.21069664096249507,1.0200064462809917
0.024581734,0.13089341,49395.781,0.0956283491926801,0.21804808740522932,1.0205739876033058
0.024581734,0.13258547,49420.445,0.0956283491926801,0.22476930318497618,1.0210835743801654
0.024581734,0.13412371,49442.539,0.0956283491926801,0.23087951379277827,1.021540061983471
0.024581734,0.1355221,49462.629,0.0956283491926801,0.23643421098687306,1.0219551446280992
0.024581734,0.13679338,49481.207,0.0956283491926801,0.24148400070855927,1.0223389876033058
0.024581734,0.13794906,49498.574,0.0956283491926801,0.24607460308219725,1.0226978099173554
0.024581734,0.1389997,49514.922,0.0956283491926801,0.2502479646336984,1.0230355785123966
0.025001533,0.013000302,49489.285,0.09729587851381641,-0.25024796463369836,1.0225058884297522
0.025001533,0.014050936,49474.988,0.09729587851381641,-0.24607462691545054,1.0222104958677685
0.025001533,0.015206633,49459.672,0.09729587851381641,-0.24148395701426148,1.0218940495867768
0.025001533,0.0164779,49443.066,0.09729587851381641,-0.2364342189312908,1.0215509504132232
0.025001533,0.017876294,49424.84,0.09729587851381641,-0.23087950584836042,1.0211743801652893
0.025001533,0.019414527,49404.488,0.09729587851381641,-0.22476932304602057,1.0207538842975206
0.025001533,0.021106582,49381.395,0.09729587851381641,-0.21804812712731828,1.020276756198347
0.025001533,0.02295731,49355.227,0.09729587851381641,-0.2106966489069129,1.0197360950413223
0.025001533,0.024886135,49327.371,0.09729587851381641,-0.203034953088579,1.0191605578512397
0.025001533,0.02681496,49299.695,0.09729587851381641,-0.19537325727024513,1.0185887396694215
0.025001533,0.028743785,49272.867,0.09729587851381641,-0.18771156145191123,1.0180344421487604
0.025001533,0.030672612,49247.359,0.09729587851381641,-0.18004985768915957,1.0175074173553718
0.025001533,0.032601438,49223.098,0.09729587851381641,-0.17238815789861678,1.0170061570247932
0.025001533,0.03453026,49199.758,0.09729587851381641,-0.1647264739969096,1.0165239256198348
0.025001533,0.036459088,49176.77,0.09729587851381641,-0.15706476626194904,1.0160489669421486
0.025001533,0.03838791,49153.746,0.09729587851381641,-0.14940308236024183,1.01557326446281
0.025001533,0.040316738,49130.66,0.09729587851381641,-0.14174137462528127,1.0150962809917357
0.025001533,0.042245559,49107.738,0.09729587851381641,-0.13407969469578296,1.0146226859504133
0.025001533,0.044174388,49085.465,0.09729587851381641,-0.12641798298861348,1.0141624999999999
0.025001533,0.046103209,49064.5,0.09729587851381641,-0.11875630305911519,1.0137293388429751
0.025001533,0.048032038,49045.461,0.09729587851381641,-0.11109459135194574,1.0133359710743803
0.025001533,0.049960859,49028.91,0.09729587851381641,-0.10343291142244741,1.0129940082644628
0.025001533,0.051889684,49015.113,0.09729587851381641,-0.09577121560411354,1.0127089462809917
0.025001533,0.053818509,49004.098,0.09729587851381641,-0.08810951978577966,1.0124813636363637
0.025001533,0.055747338,48995.52,0.09729587851381641,-0.0804478080786102,1.0123041322314048
0.025001533,0.057676159,48988.934,0.09729587851381641,-0.07278612814911191,1.0121680578512398
0.025001533,0.059604988,48983.82,0.09729587851381641,-0.06512441644194245,1.0120623966942148
0.025001533,0.061533809,48979.684,0.09729587851381641,-0.05746273651244412,1.0119769421487603
0.025001533,0.063462637,48976.164,0.09729587851381641,-0.04980102877748356,1.011904214876033
0.025001533,0.065391466,48972.934,0.09729587851381641,-0.04213931707031413,1.011837479338843
0.025001533,0.067320287,48969.926,0.09729587851381641,-0.034477637140815774,1.0117753305785124
0.025001533,0.069249108,48967.098,0.09729587851381641,-0.02681595721131748,1.0117169008264462
0.025001533,0.071177937,48964.758,0.09729587851381641,-0.01915424550414805,1.0116685537190082
0.025001533,0.073106766,48960.27,0.09729587851381641,-0.011492533796978567,1.0115758264462809
0.025001533,0.075035587,48961.832,0.09729587851381641,-0.003830853867480268,1.0116080991735537
0.025001533,0.076964408,48962.641,0.09729587851381641,0.0038308260620180308,1.011624814049587
0.025001533,0.078893237,48965.352,0.09729587851381641,0.011492537769187513,1.0116808264462809
0.025001533,0.080822065,48968.117,0.09729587851381641,0.01915424550414805,1.0117379545454546
0.025001533,0.082750887,48971.465,0.09729587851381641,0.02681592940585524,1.0118071280991734
0.025001533,0.084679708,48975.211,0.09729587851381641,0.03447760933535359,1.0118845247933885
0.025001533,0.086608537,48979.234,0.09729587851381641,0.04213932104252302,1.0119676446280992
0.025001533,0.088537365,48983.523,0.09729587851381641,0.049801028777483616,1.0120562603305785
0.025001533,0.090466186,48988.164,0.09729587851381641,0.05746270870698191,1.0121521487603304
0.025001533,0.092395008,48993.375,0.09729587851381641,0.0651243926086891,1.0122598140495869
0.025001533,0.094323844,48999.516,0.09729587851381641,0.07278613212132082,1.012386694214876
0.025001533,0.096252665,49007.031,0.09729587851381641,0.08044781205081912,1.0125419628099175
0.025001533,0.098181486,49016.492,0.09729587851381641,0.08810949198031742,1.0127374380165288
0.025001533,0.10011031,49028.32,0.09729587851381641,0.0957711838264424,1.0129818181818182
0.025001533,0.10203914,49042.824,0.09729587851381641,0.10343289950582077,1.0132814876033058
0.025001533,0.10396796,49059.973,0.09729587851381641,0.11109457546311018,1.013635805785124
0.025001533,0.10589679,49079.477,0.09729587851381641,0.11875629114248855,1.0140387809917355
0.025001533,0.10782561,49100.797,0.09729587851381641,0.12641796709977796,1.0144792768595041
0.025001533,0.10975444,49123.27,0.09729587851381641,0.13407968277915627,1.0149435950413221
0.025001533,0.11168326,49146.324,0.09729587851381641,0.14174135873644575,1.015419917355372
0.025001533,0.11361209,49169.43,0.09729587851381641,0.14940307441582407,1.0158973140495868
0.025001533,0.11554092,49192.406,0.09729587851381641,0.15706479009520244,1.0163720247933885
0.025001533,0.11746974,49215.309,0.09729587851381641,0.16472646605249183,1.0168452272727273
0.025001533,0.11939856,49238.57,0.09729587851381641,0.17238814200978125,1.017325826446281
0.025001533,0.12132739,49262.836,0.09729587851381641,0.18004985768915957,1.0178271900826448
0.025001533,0.12325621,49288.531,0.09729587851381641,0.18771153364644902,1.0183580785123967
0.025001533,0.12518504,49315.82,0.09729587851381641,0.19537324932582734,1.0189219008264463
0.025001533,0.12711386,49344.359,0.09729587851381641,0.20303492528311676,1.0195115495867768
0.025001533,0.12904269,49373.43,0.09729587851381641,0.21069664096249507,1.0201121900826446
0.025001533,0.13089341,49401.23,0.09729587851381641,0.21804808740522932,1.020686570247934
0.025001533,0.13258547,49426.168,0.09729587851381641,0.22476930318497618,1.021201818181818
0.025001533,0.13412371,49448.531,0.09729587851381641,0.23087951379277827,1.0216638636363637
0.025001533,0.1355221,49468.898,0.09729587851381641,0.23643421098687306,1.0220846694214876
0.025001533,0.13679338,49487.77,0.09729587851381641,0.24148400070855927,1.0224745867768594
0.025001533,0.13794906,49505.441,0.09729587851381641,0.24607460308219725,1.0228396900826446
0.025001533,0.1389997,49522.094,0.09729587851381641,0.2502479646336984,1.0231837603305785
0.025463311,0.013000302,49498.598,0.09913015719207834,-0.25024796463369836,1.022698305785124
0.025463311,0.014050936,49484.031,0.09913015719207834,-0.24607462691545054,1.0223973347107438
0.025463311,0.015206633,49468.453,0.09913015719207834,-0.24148395701426148,1.0220754752066117
0.025463311,0.0164779,49451.609,0.09913015719207834,-0.2364342189312908,1.0217274586776859
0.025463311,0.017876294,49433.152,0.09913015719207834,-0.23087950584836042,1.0213461157024795
0.025463311,0.019414527,49412.574,0.09913015719207834,-0.22476932304602057,1.020920950413223
0.025463311,0.021106582,49389.227,0.09913015719207834,-0.21804812712731828,1.0204385743801652
0.025463311,0.02295731,49362.746,0.09913015719207834,-0.2106966489069129,1.0198914462809918
0.025463311,0.024886135,49334.477,0.09913015719207834,-0.203034953088579,1.0193073760330578
0.025463311,0.02681496,49306.281,0.09913015719207834,-0.19537325727024513,1.0187248140495868
0.025463311,0.028743785,49278.863,0.09913015719207834,-0.18771156145191123,1.018158326446281
0.025463311,0.030672612,49252.742,0.09913015719207834,-0.18004985768915957,1.0176186363636364
0.025463311,0.032601438,49227.902,0.09913015719207834,-0.17238815789861678,1.0171054132231405
0.025463311,0.03453026,49204.059,0.09913015719207834,-0.1647264739969096,1.0166127892561985
0.025463311,0.036459088,49180.672,0.09913015719207834,-0.15706476626194904,1.0161295867768594
0.025463311,0.03838791,49157.34,0.09913015719207834,-0.14940308236024183,1.015647520661157
0.025463311,0.040316738,49134.02,0.09913015719207834,-0.14174137462528127,1.0151657024793388
0.025463311,0.042245559,49110.914,0.09913015719207834,-0.13407969469578296,1.014688305785124
0.025463311,0.044174388,49088.508,0.09913015719207834,-0.12641798298861348,1.0142253719008265
0.025463311,0.046103209,49067.469,0.09913015719207834,-0.11875630305911519,1.0137906818181817
0.025463311,0.048032038,49048.418,0.09913015719207834,-0.11109459135194574,1.0133970661157023
0.025463311,0.049960859,49031.922,0.09913015719207834,-0.10343291142244741,1.0130562396694214
0.025463311,0.051889684,49018.246,0.09913015719207834,-0.09577121560411354,1.0127736776859504
0.025463311,0.053818509,49007.43,0.09913015719207834,-0.08810951978577966,1.0125502066115704
0.025463311,0.055747338,48999.117,0.09913015719207834,-0.0804478080786102,1.0123784504132232
0.025463311,0.057676159,48992.832,0.09913015719207834,-0.07278612814911191,1.0122485950413223
0.025463311,0.059604988,48988.043,0.09913015719207834,-0.06512441644194245,1.0121496487603305
0.025463311,0.061533809,48984.219,0.09913015719207834,-0.05746273651244412,1.0120706404958677
0.025463311,0.063462637,48981.004,0.09913015719207834,-0.04980102877748356,1.012004214876033
0.025463311,0.065391466,48978.164,0.09913015719207834,-0.04213931707031413,1.0119455371900825
0.025463311,0.067320287,48975.559,0.09913015719207834,-0.034477637140815774,1.0118917148760331
0.025463311,0.069249108,48973.262,0.09913015719207834,-0.02681595721131748,1.0118442561983472
0.025463311,0.071177937,48971.508,0.09913015719207834,-0.01915424550414805,1.0118080165289256
0.025463311,0.073106766,48971.969,0.09913015719207834,-0.011492533796978567,1.011817541322314
0.025463311,0.075035587,48970.047,0.09913015719207834,-0.003830853867480268,1.0117778305785123
0.025463311,0.076964408,48970.516,0.09913015719207834,0.0038308260620180308,1.011787520661157
0.025463311,0.078893237,48971.543,0.09913015719207834,0.011492537769187513,1.0118087396694215
0.025463311,0.080822065,48973.852,0.09913015719207834,0.01915424550414805,1.0118564462809918
0.025463311,0.082750887,48976.902,0.09913015719207834,0.02681592940585524,1.0119194628099173
0.025463311,0.084679708,48980.359,0.09913015719207834,0.03447760933535359,1.011990888429752
0.025463311,0.086608537,48984.094,0.09913015719207834,0.04213932104252302,1.0120680578512395
0.025463311,0.088537365,48988.117,0.09913015719207834,0.049801028777483616,1.0121511776859504
0.025463311,0.090466186,48992.477,0.09913015719207834,0.05746270870698191,1.0122412603305786
0.025463311,0.092395008,48997.379,0.09913015719207834,0.0651243926086891,1.0123425413223142
0.025463311,0.094323844,49003.211,0.09913015719207834,0.07278613212132082,1.0124630371900827
0.025463311,0.096252665,49010.445,0.09913015719207834,0.08044781205081912,1.0126125
0.025463311,0.098181486,49019.664,0.09913015719207834,0.08810949198031742,1.0128029752066114
0.025463311,0.10011031,49031.312,0.09913015719207834,0.0957711838264424,1.0130436363636364
0.025463311,0.10203914,49045.715,0.09913015719207834,0.10343289950582077,1.0133412190082645
0.025463311,0.10396796,49062.832,0.09913015719207834,0.11109457546311018,1.013694876033058
0.025463311,0.10589679,49082.367,0.09913015719207834,0.11875629114248855,1.0140984917355371
0.025463311,0.10782561,49103.785,0.09913015719207834,0.12641796709977796,1.0145410123966943
0.025463311,0.10975444,49126.406,0.09913015719207834,0.13407968277915627,1.015008388429752
0.025463311,0.11168326,49149.652,0.09913015719207834,0.14174135873644575,1.0154886776859504
0.025463311,0.11361209,49173.016,0.09913015719207834,0.14940307441582407,1.0159714049586777
0.025463311,0.11554092,49196.32,0.09913015719207834,0.15706479009520244,1.0164528925619836
0.025463311,0.11746974,49219.645,0.09913015719207834,0.16472646605249183,1.0169348140495866
0.025463311,0.11939856,49243.441,0.09913015719207834,0.17238814200978125,1.0174264669421487
0.025463311,0.12132739,49268.336,0.09913015719207834,0.18004985768915957,1.017940826446281
0.025463311,0.12325621,49294.707,0.09913015719207834,0.18771153364644902,1.0184856818181818
0.025463311,0.12518504,49322.652,0.09913015719207834,0.19537324932582734,1.0190630578512396
0.025463311,0.12711386,49351.793,0.09913015719207834,0.20303492528311676,1.019665144628099
0.025463311,0.12904269,49381.363,0.09913015719207834,0.21069664096249507,1.0202760950413223
0.025463311,0.13089341,49409.559,0.09913015719207834,0.21804808740522932,1.0208586570247935
0.025463311,0.13258547,49434.828,0.09913015719207834,0.22476930318497618,1.021380743801653
0.025463311,0.13412371,49457.508,0.09913015719207834,0.23087951379277827,1.0218493388429752
0.025463311,0.1355221,49478.207,0.09913015719207834,0.23643421098687306,1.0222770041322315
0.025463311,0.13679338,49497.422,0.09913015719207834,0.24148400070855927,1.0226740082644628
0.025463311,0.13794906,49515.457,0.09913015719207834,0.24607460308219725,1.023046632231405
0.025463311,0.1389997,49532.469,0.09913015719207834,0.2502479646336984,1.0233981198347106
0.025971267,0.013000302,49509.961,0.10114786453260825,-0.25024796463369836,1.0229330785123967
0.025971267,0.014050936,49495.062,0.10114786453260825,-0.24607462691545054,1.0226252479338842
0.025971267,0.015206633,49479.172,0.10114786453260825,-0.24148395701426148,1.0222969421487602
0.025971267,0.0164779,49462.039,0.10114786453260825,-0.2364342189312908,1.0219429545454546
0.025971267,0.017876294,49443.309,0.10114786453260825,-0.23087950584836042,1.0215559710743802
0.025971267,0.019414527,49422.449,0.10114786453260825,-0.22476932304602057,1.021124979338843
0.025971267,0.021106582,49398.797,0.10114786453260825,-0.21804812712731828,1.0206363016528925
0.025971267,0.02295731,49371.941,0.10114786453260825,-0.2106966489069129,1.0200814256198347
0.025971267,0.024886135,49343.191,0.10114786453260825,-0.203034953088579,1.0194874173553718
0.025971267,0.02681496,49314.406,0.10114786453260825,-0.19537325727024513,1.0188926859504133
0.025971267,0.028743785,49286.32,0.10114786453260825,-0.18771156145191123,1.018312396694215
0.025971267,0.030672612,49259.516,0.10114786453260825,-0.18004985768915957,1.0177585950413224
0.025971267,0.032601438,49234.027,0.10114786453260825,-0.17238815789861678,1.0172319628099173
0.025971267,0.03453026,49209.625,0.10114786453260825,-0.1647264739969096,1.0167277892561983
0.025971267,0.036459088,49185.789,0.10114786453260825,-0.15706476626194904,1.0162353099173553
0.025971267,0.03838791,49162.125,0.10114786453260825,-0.14940308236024183,1.0157463842975207
0.025971267,0.040316738,49138.559,0.10114786453260825,-0.14174137462528127,1.0152594834710744
0.025971267,0.042245559,49115.262,0.10114786453260825,-0.13407969469578296,1.0147781404958678
0.025971267,0.044174388,49092.723,0.10114786453260825,-0.12641798298861348,1.014312458677686
0.025971267,0.046103209,49071.609,0.10114786453260825,-0.11875630305911519,1.0138762190082644
0.025971267,0.048032038,49052.559,0.10114786453260825,-0.11109459135194574,1.013482623966942
0.025971267,0.049960859,49036.121,0.10114786453260825,-0.10343291142244741,1.0131429958677687
0.025971267,0.051889684,49022.574,0.10114786453260825,-0.09577121560411354,1.0128630991735537
0.025971267,0.053818509,49011.953,0.10114786453260825,-0.08810951978577966,1.0126436570247934
0.025971267,0.055747338,49003.914,0.10114786453260825,-0.0804478080786102,1.012477561983471
0.025971267,0.057676159,48997.969,0.10114786453260825,-0.07278612814911191,1.0123547314049586
0.025971267,0.059604988,48993.516,0.10114786453260825,-0.06512441644194245,1.0122627272727274
0.025971267,0.061533809,48990.004,0.10114786453260825,-0.05746273651244412,1.0121901652892562
0.025971267,0.063462637,48987.043,0.10114786453260825,-0.04980102877748356,1.0121289876033057
0.025971267,0.065391466,48984.348,0.10114786453260825,-0.04213931707031413,1.0120733057851239
0.025971267,0.067320287,48981.832,0.10114786453260825,-0.034477637140815774,1.0120213223140497
0.025971267,0.069249108,48979.551,0.10114786453260825,-0.02681595721131748,1.011974194214876
0.025971267,0.071177937,48977.84,0.10114786453260825,-0.01915424550414805,1.0119388429752065
0.025971267,0.073106766,48977.52,0.10114786453260825,-0.011492533796978567,1.0119322314049586
0.025971267,0.075035587,48976.461,0.10114786453260825,-0.003830853867480268,1.0119103512396694
0.025971267,0.076964408,48977.051,0.10114786453260825,0.0038308260620180308,1.011922541322314
0.025971267,0.078893237,48978.059,0.10114786453260825,0.011492537769187513,1.0119433677685952
0.025971267,0.080822065,48980.324,0.10114786453260825,0.01915424550414805,1.0119901652892562
0.025971267,0.082750887,48983.277,0.10114786453260825,0.02681592940585524,1.0120511776859504
0.025971267,0.084679708,48986.621,0.10114786453260825,0.03447760933535359,1.0121202685950412
0.025971267,0.086608537,48990.191,0.10114786453260825,0.04213932104252302,1.0121940289256197
0.025971267,0.088537365,48993.969,0.10114786453260825,0.049801028777483616,1.0122720867768595
0.025971267,0.090466186,48998.023,0.10114786453260825,0.05746270870698191,1.012355847107438
0.025971267,0.092395008,49002.602,0.10114786453260825,0.0651243926086891,1.0124504545454545
0.025971267,0.094323844,49008.102,0.10114786453260825,0.07278613212132082,1.012564090909091
0.025971267,0.096252665,49015.035,0.10114786453260825,0.08044781205081912,1.0127073347107438
0.025971267,0.098181486,49024.008,0.10114786453260825,0.08810949198031742,1.0128927272727273
0.025971267,0.10011031,49035.477,0.10114786453260825,0.0957711838264424,1.0131296900826445
0.025971267,0.10203914,49049.777,0.10114786453260825,0.10343289950582077,1.0134251446280993
0.025971267,0.10396796,49066.859,0.10114786453260825,0.11109457546311018,1.0137780785123967
0.025971267,0.10589679,49086.426,0.10114786453260825,0.11875629114248855,1.0141823553719007
0.025971267,0.10782561,49107.938,0.10114786453260825,0.12641796709977796,1.0146268181818183
0.025971267,0.10975444,49130.707,0.10114786453260825,0.13407968277915627,1.0150972520661157
0.025971267,0.11168326,49154.164,0.10114786453260825,0.14174135873644575,1.0155819008264462
0.025971267,0.11361209,49177.789,0.10114786453260825,0.14940307441582407,1.016070020661157
0.025971267,0.11554092,49201.445,0.10114786453260825,0.15706479009520244,1.0165587809917356
0.025971267,0.11746974,49225.25,0.10114786453260825,0.16472646605249183,1.0170506198347107
0.025971267,0.11939856,49249.645,0.10114786453260825,0.17238814200978125,1.0175546487603304
0.025971267,0.12132739,49275.242,0.10114786453260825,0.18004985768915957,1.0180835123966943
0.025971267,0.12325621,49302.371,0.10114786453260825,0.18771153364644902,1.0186440289256198
0.025971267,0.12518504,49331.066,0.10114786453260825,0.19537324932582734,1.0192369008264464
0.025971267,0.12711386,49360.898,0.10114786453260825,0.20303492528311676,1.01985326446281
0.025971267,0.12904269,49391.051,0.10114786453260825,0.21069664096249507,1.0204762603305786
0.025971267,0.13089341,49419.707,0.10114786453260825,0.21804808740522932,1.021068326446281
0.025971267,0.13258547,49445.375,0.10114786453260825,0.22476930318497618,1.0215986570247935
0.025971267,0.13412371,49468.438,0.10114786453260825,0.23087951379277827,1.0220751652892563
0.025971267,0.1355221,49489.527,0.10114786453260825,0.23643421098687306,1.022510888429752
0.025971267,0.13679338,49509.156,0.10114786453260825,0.24148400070855927,1.0229164462809919
0.025971267,0.13794906,49527.621,0.10114786453260825,0.24607460308219725,1.0232979545454546
0.025971267,0.1389997,49545.059,0.10114786453260825,0.2502479646336984,1.0236582438016528
0.026530018,0.013000302,49522.719,0.10336734022386582,-0.25024796463369836,1.023196673553719
0.026530018,0.014050936,49507.457,0.10336734022386582,-0.24607462691545054,1.0228813429752066
0.026530018,0.015206633,49491.172,0.10336734022386582,-0.24148395701426148,1.0225448760330578
0.026530018,0.0164779,49473.672,0.10336734022386582,-0.2364342189312908,1.022183305785124
0.026530018,0.017876294,49454.602,0.10336734022386582,-0.23087950584836042,1.021789297520661
0.026530018,0.019414527,49433.398,0.10336734022386582,-0.22476932304602057,1.0213511983471075
0.026530018,0.021106582,49409.383,0.10336734022386582,-0.21804812712731828,1.020855020661157
0.026530018,0.02295731,49382.082,0.10336734022386582,-0.2106966489069129,1.0202909504132232
0.026530018,0.024886135,49352.777,0.10336734022386582,-0.203034953088579,1.0196854752066116
0.026530018,0.02681496,49323.316,0.10336734022386582,-0.19537325727024513,1.0190767768595042
0.026530018,0.028743785,49294.488,0.10336734022386582,-0.18771156145191123,1.0184811570247934
0.026530018,0.030672612,49266.93,0.10336734022386582,-0.18004985768915957,1.017911776859504
0.026530018,0.032601438,49240.727,0.10336734022386582,-0.17238815789861678,1.0173703925619835
0.026530018,0.03453026,49215.703,0.10336734022386582,-0.1647264739969096,1.0168533677685951
0.026530018,0.036459088,49191.367,0.10336734022386582,-0.15706476626194904,1.0163505578512397
0.026530018,0.03838791,49167.352,0.10336734022386582,-0.14940308236024183,1.0158543801652893
0.026530018,0.040316738,49143.551,0.10336734022386582,-0.14174137462528127,1.0153626239669422
0.026530018,0.042245559,49120.074,0.10336734022386582,-0.13407969469578296,1.0148775619834711
0.026530018,0.044174388,49097.414,0.10336734022386582,-0.12641798298861348,1.0144093801652891
0.026530018,0.046103209,49076.246,0.10336734022386582,-0.11875630305911519,1.0139720247933883
0.026530018,0.048032038,49057.195,0.10336734022386582,-0.11109459135194574,1.013578409090909
0.026530018,0.049960859,49040.828,0.10336734022386582,-0.10343291142244741,1.0132402479338842
0.026530018,0.051889684,49027.414,0.10336734022386582,-0.09577121560411354,1.0129630991735536
0.026530018,0.053818509,49016.996,0.10336734022386582,-0.08810951978577966,1.0127478512396695
0.026530018,0.055747338,49009.234,0.10336734022386582,-0.0804478080786102,1.012587479338843
0.026530018,0.057676159,49003.605,0.10336734022386582,-0.07278612814911191,1.0124711776859505
0.026530018,0.059604988,48999.488,0.10336734022386582,-0.06512441644194245,1.0123861157024794
0.026530018,0.061533809,48996.309,0.10336734022386582,-0.05746273651244412,1.0123204338842975
0.026530018,0.063462637,48993.645,0.10336734022386582,-0.04980102877748356,1.0122653925619833
0.026530018,0.065391466,48991.195,0.10336734022386582,-0.04213931707031413,1.0122147727272728
0.026530018,0.067320287,48988.883,0.10336734022386582,-0.034477637140815774,1.0121670041322315
0.026530018,0.069249108,48986.793,0.10336734022386582,-0.02681595721131748,1.0121238223140496
0.026530018,0.071177937,48985.16,0.10336734022386582,-0.01915424550414805,1.0120900826446282
0.026530018,0.073106766,48984.125,0.10336734022386582,-0.011492533796978567,1.0120686983471074
0.026530018,0.075035587,48983.684,0.10336734022386582,-0.003830853867480268,1.0120595867768596
0.026530018,0.076964408,48984.18,0.10336734022386582,0.0038308260620180308,1.0120698347107437
0.026530018,0.078893237,48985.383,0.10336734022386582,0.011492537769187513,1.0120946900826446
0.026530018,0.080822065,48987.527,0.10336734022386582,0.01915424550414805,1.0121389876033058
0.026530018,0.082750887,48990.312,0.10336734022386582,0.02681592940585524,1.0121965289256198
0.026530018,0.084679708,48993.473,0.10336734022386582,0.03447760933535359,1.0122618388429752
0.026530018,0.086608537,48996.812,0.10336734022386582,0.04213932104252302,1.012330826446281
0.026530018,0.088537365,49000.316,0.10336734022386582,0.049801028777483616,1.0124032231404958
0.026530018,0.090466186,49004.066,0.10336734022386582,0.05746270870698191,1.0124807024793387
0.026530018,0.092395008,49008.32,0.10336734022386582,0.0651243926086891,1.0125685950413224
0.026530018,0.094323844,49013.5,0.10336734022386582,0.07278613212132082,1.0126756198347107
0.026530018,0.096252665,49020.117,0.10336734022386582,0.08044781205081912,1.0128123347107438
0.026530018,0.098181486,49028.836,0.10336734022386582,0.08810949198031742,1.012992479338843
0.026530018,0.10011031,49040.129,0.10336734022386582,0.0957711838264424,1.013225805785124
0.026530018,0.10203914,49054.324,0.10336734022386582,0.10343289950582077,1.013519090909091
0.026530018,0.10396796,49071.363,0.10336734022386582,0.11109457546311018,1.0138711363636363
0.026530018,0.10589679,49090.953,0.10336734022386582,0.11875629114248855,1.014275888429752
0.026530018,0.10782561,49112.551,0.10336734022386582,0.12641796709977796,1.0147221280991736
0.026530018,0.10975444,49135.469,0.10336734022386582,0.13407968277915627,1.0151956404958677
0.026530018,0.11168326,49159.121,0.10336734022386582,0.14174135873644575,1.0156843181818183
0.026530018,0.11361209,49183.004,0.10336734022386582,0.14940307441582407,1.0161777685950413
0.026530018,0.11554092,49207.031,0.10336734022386582,0.15706479009520244,1.016674194214876
0.026530018,0.11746974,49231.375,0.10336734022386582,0.16472646605249183,1.0171771694214875
0.026530018,0.11939856,49256.441,0.10336734022386582,0.17238814200978125,1.017695061983471
0.026530018,0.12132739,49282.82,0.10336734022386582,0.18004985768915957,1.018240082644628
0.026530018,0.12325621,49310.785,0.10336734022386582,0.18771153364644902,1.0188178719008265
0.026530018,0.12518504,49340.328,0.10336734022386582,0.19537324932582734,1.0194282644628099
0.026530018,0.12711386,49370.945,0.10336734022386582,0.20303492528311676,1.020060847107438
0.026530018,0.12904269,49401.766,0.10336734022386582,0.21069664096249507,1.0206976446280993
0.026530018,0.13089341,49430.973,0.10336734022386582,0.21804808740522932,1.0213010950413224
0.026530018,0.13258547,49457.121,0.10336734022386582,0.22476930318497618,1.0218413429752067
0.026530018,0.13412371,49480.641,0.10336734022386582,0.23087951379277827,1.0223272933884298
0.026530018,0.1355221,49502.215,0.10336734022386582,0.23643421098687306,1.0227730371900825
0.026530018,0.13679338,49522.344,0.10336734022386582,0.24148400070855927,1.0231889256198348
0.026530018,0.13794906,49541.324,0.10336734022386582,0.24607460308219725,1.0235810743801652
0.026530018,0.1389997,49559.215,0.10336734022386582,0.2502479646336984,1.0239507231404958
0.027144644,0.013000302,49536.449,0.10580876308702825,-0.25024796463369836,1.0234803512396695
0.027144644,0.014050936,49520.906,0.10580876308702825,-0.24607462691545054,1.0231592148760331
0.027144644,0.015206633,49504.152,0.10580876308702825,-0.24148395701426148,1.0228130578512398
0.027144644,0.0164779,49486.168,0.10580876308702825,-0.2364342189312908,1.0224414876033057
0.027144644,0.017876294,49466.656,0.10580876308702825,-0.23087950584836042,1.0220383471074381
0.027144644,0.019414527,49445.023,0.10580876308702825,-0.22476932304602057,1.0215913842975206
0.027144644,0.021106582,49420.559,0.10580876308702825,-0.21804812712731828,1.0210859297520662
0.027144644,0.02295731,49392.734,0.10580876308702825,-0.2106966489069129,1.020511033057851
0.027144644,0.024886135,49362.789,0.10580876308702825,-0.203034953088579,1.0198923347107438
0.027144644,0.02681496,49332.559,0.10580876308702825,-0.19537325727024513,1.0192677479338843
0.027144644,0.028743785,49302.879,0.10580876308702825,-0.18771156145191123,1.0186545247933885
0.027144644,0.030672612,49274.465,0.10580876308702825,-0.18004985768915957,1.0180674586776859
0.027144644,0.032601438,49247.469,0.10580876308702825,-0.17238815789861678,1.0175096900826446
0.027144644,0.03453026,49221.742,0.10580876308702825,-0.1647264739969096,1.0169781404958678
0.027144644,0.036459088,49196.859,0.10580876308702825,-0.15706476626194904,1.0164640289256197
0.027144644,0.03838791,49172.469,0.10580876308702825,-0.14940308236024183,1.015960103305785
0.027144644,0.040316738,49148.453,0.10580876308702825,-0.14174137462528127,1.0154639049586778
0.027144644,0.042245559,49124.852,0.10580876308702825,-0.13407969469578296,1.0149762809917355
0.027144644,0.044174388,49102.133,0.10580876308702825,-0.12641798298861348,1.0145068801652892
0.027144644,0.046103209,49080.941,0.10580876308702825,-0.11875630305911519,1.0140690289256198
0.027144644,0.048032038,49061.902,0.10580876308702825,-0.11109459135194574,1.0136756611570248
0.027144644,0.049960859,49045.621,0.10580876308702825,-0.10343291142244741,1.0133392768595042
0.027144644,0.051889684,49032.359,0.10580876308702825,-0.09577121560411354,1.0130652685950412
0.027144644,0.053818509,49022.172,0.10580876308702825,-0.08810951978577966,1.0128547933884298
0.027144644,0.055747338,49014.699,0.10580876308702825,-0.0804478080786102,1.0127003925619835
0.027144644,0.057676159,49009.363,0.10580876308702825,-0.07278612814911191,1.0125901446280992
0.027144644,0.059604988,49005.586,0.10580876308702825,-0.06512441644194245,1.0125121074380166
0.027144644,0.061533809,49002.73,0.10580876308702825,-0.05746273651244412,1.0124530991735539
0.027144644,0.063462637,49000.375,0.10580876308702825,-0.04980102877748356,1.0124044421487604
0.027144644,0.065391466,48998.203,0.10580876308702825,-0.04213931707031413,1.0123595661157025
0.027144644,0.067320287,48996.129,0.10580876308702825,-0.034477637140815774,1.012316714876033
0.027144644,0.069249108,48994.242,0.10580876308702825,-0.02681595721131748,1.0122777272727272
0.027144644,0.071177937,48992.734,0.10580876308702825,-0.01915424550414805,1.0122465702479337
0.027144644,0.073106766,48991.625,0.10580876308702825,-0.011492533796978567,1.0122236570247933
0.027144644,0.075035587,48991.285,0.10580876308702825,-0.003830853867480268,1.012216632231405
0.027144644,0.076964408,48991.707,0.10580876308702825,0.0038308260620180308,1.0122253512396695
0.027144644,0.078893237,48992.926,0.10580876308702825,0.011492537769187513,1.0122505371900827
0.027144644,0.080822065,48994.906,0.10580876308702825,0.01915424550414805,1.0122914462809918
0.027144644,0.082750887,48997.496,0.10580876308702825,0.02681592940585524,1.012344958677686
0.027144644,0.084679708,49000.445,0.10580876308702825,0.03447760933535359,1.012405888429752
0.027144644,0.086608537,49003.551,0.10580876308702825,0.04213932104252302,1.012470061983471
0.027144644,0.088537365,49006.785,0.10580876308702825,0.049801028777483616,1.0125368801652894
0.027144644,0.090466186,49010.223,0.10580876308702825,0.05746270870698191,1.0126079132231405
0.027144644,0.092395008,49014.145,0.10580876308702825,0.0651243926086891,1.0126889462809916
0.027144644,0.094323844,49018.996,0.10580876308702825,0.07278613212132082,1.012789173553719
0.027144644,0.096252665,49025.305,0.10580876308702825,0.08044781205081912,1.0129195247933884
0.027144644,0.098181486,49033.77,0.10580876308702825,0.08810949198031742,1.0130944214876032
0.027144644,0.10011031,49044.867,0.10580876308702825,0.0957711838264424,1.0133236983471074
0.027144644,0.10203914,49058.941,0.10580876308702825,0.10343289950582077,1.0136144834710743
0.027144644,0.10396796,49075.926,0.10580876308702825,0.11109457546311018,1.0139654132231404
0.027144644,0.10589679,49095.531,0.10580876308702825,0.11875629114248855,1.0143704752066116
0.027144644,0.10782561,49117.18,0.10580876308702825,0.12641796709977796,1.0148177685950412
0.027144644,0.10975444,49140.176,0.10580876308702825,0.13407968277915627,1.0152928925619835
0.027144644,0.11168326,49163.984,0.10580876308702825,0.14174135873644575,1.0157847933884296
0.027144644,0.11361209,49188.105,0.10580876308702825,0.14940307441582407,1.0162831611570249
0.027144644,0.11554092,49212.539,0.10580876308702825,0.15706479009520244,1.0167879958677686
0.027144644,0.11746974,49237.473,0.10580876308702825,0.16472646605249183,1.0173031611570247
0.027144644,0.11939856,49263.305,0.10580876308702825,0.17238814200978125,1.0178368801652893
0.027144644,0.12132739,49290.555,0.10580876308702825,0.18004985768915957,1.018399896694215
0.027144644,0.12325621,49319.477,0.10580876308702825,0.18771153364644902,1.018997458677686
0.027144644,0.12518504,49349.992,0.10580876308702825,0.19537324932582734,1.0196279338842975
0.027144644,0.12711386,49381.504,0.10580876308702825,0.20303492528311676,1.0202790082644628
0.027144644,0.12904269,49413.094,0.10580876308702825,0.21069664096249507,1.020931694214876
0.027144644,0.13089341,49442.953,0.10580876308702825,0.21804808740522932,1.0215486157024793
0.027144644,0.13258547,49469.684,0.10580876308702825,0.22476930318497618,1.022100909090909
0.027144644,0.13412371,49493.777,0.10580876308702825,0.23087951379277827,1.0225986983471074
0.027144644,0.1355221,49515.949,0.10580876308702825,0.23643421098687306,1.0230567975206613
0.027144644,0.13679338,49536.715,0.10580876308702825,0.24148400070855927,1.023485847107438
0.027144644,0.13794906,49556.281,0.10580876308702825,0.24607460308219725,1.0238901033057852
0.027144644,0.1389997,49574.504,0.10580876308702825,0.2502479646336984,1.024266611570248
0.027820732,0.013000302,49550.707,0.1084943258531816,-0.25024796463369836,1.023774938016529
0.027820732,0.014050936,49535.176,0.1084943258531816,-0.24607462691545054,1.0234540495867768
0.027820732,0.015206633,49518.0,0.1084943258531816,-0.24148395701426148,1.023099173553719
0.027820732,0.0164779,49499.422,0.1084943258531816,-0.2364342189312908,1.0227153305785124
0.027820732,0.017876294,49479.312,0.1084943258531816,-0.23087950584836042,1.0222998347107437
0.027820732,0.019414527,49457.129,0.1084943258531816,-0.22476932304602057,1.0218415082644627
0.027820732,0.021106582,49432.109,0.1084943258531816,-0.21804812712731828,1.0213245661157024
0.027820732,0.02295731,49403.652,0.1084943258531816,-0.2106966489069129,1.0207366115702479
0.027820732,0.024886135,49372.961,0.1084943258531816,-0.203034953088579,1.0201025000000001
0.027820732,0.02681496,49341.855,0.1084943258531816,-0.19537325727024513,1.0194598140495867
0.027820732,0.028743785,49311.188,0.1084943258531816,-0.18771156145191123,1.0188261983471074
0.027820732,0.030672612,49281.766,0.1084943258531816,-0.18004985768915957,1.018218305785124
0.027820732,0.032601438,49253.848,0.1084943258531816,-0.17238815789861678,1.0176414876033057
0.027820732,0.03453026,49227.348,0.1084943258531816,-0.1647264739969096,1.0170939669421488
0.027820732,0.036459088,49201.883,0.1084943258531816,-0.15706476626194904,1.0165678305785124
0.027820732,0.03838791,49177.098,0.1084943258531816,-0.14940308236024183,1.0160557438016529
0.027820732,0.040316738,49152.871,0.1084943258531816,-0.14174137462528127,1.0155551859504133
0.027820732,0.042245559,49129.203,0.1084943258531816,-0.13407969469578296,1.0150661776859504
0.027820732,0.044174388,49106.512,0.1084943258531816,-0.12641798298861348,1.0145973553719008
0.027820732,0.046103209,49085.355,0.1084943258531816,-0.11875630305911519,1.0141602272727273
0.027820732,0.048032038,49066.355,0.1084943258531816,-0.11109459135194574,1.0137676652892562
0.027820732,0.049960859,49050.18,0.1084943258531816,-0.10343291142244741,1.0134334710743802
0.027820732,0.051889684,49037.094,0.1084943258531816,-0.09577121560411354,1.0131630991735536
0.027820732,0.053818509,49027.137,0.1084943258531816,-0.08810951978577966,1.012957376033058
0.027820732,0.055747338,49019.926,0.1084943258531816,-0.0804478080786102,1.012808388429752
0.027820732,0.057676159,49014.887,0.1084943258531816,-0.07278612814911191,1.0127042768595043
0.027820732,0.059604988,49011.434,0.1084943258531816,-0.06512441644194245,1.0126329338842976
0.027820732,0.061533809,49008.91,0.1084943258531816,-0.05746273651244412,1.012580785123967
0.027820732,0.063462637,49006.867,0.1084943258531816,-0.04980102877748356,1.0125385743801651
0.027820732,0.065391466,49004.957,0.1084943258531816,-0.04213931707031413,1.012499111570248
0.027820732,0.067320287,49003.098,0.1084943258531816,-0.034477637140815774,1.0124607024793388
0.027820732,0.069249108,49001.371,0.1084943258531816,-0.02681595721131748,1.012425020661157
0.027820732,0.071177937,48999.969,0.1084943258531816,-0.01915424550414805,1.0123960537190082
0.027820732,0.073106766,48998.949,0.1084943258531816,-0.011492533796978567,1.012374979338843
0.027820732,0.075035587,48998.617,0.1084943258531816,-0.003830853867480268,1.0123681198347108
0.027820732,0.076964408,48999.0,0.1084943258531816,0.0038308260620180308,1.0123760330578513
0.027820732,0.078893237,49000.129,0.1084943258531816,0.011492537769187513,1.0123993595041323
0.027820732,0.080822065,49001.984,0.1084943258531816,0.01915424550414805,1.0124376859504132
0.027820732,0.082750887,49004.41,0.1084943258531816,0.02681592940585524,1.0124878099173555
0.027820732,0.084679708,49007.168,0.1084943258531816,0.03447760933535359,1.0125447933884297
0.027820732,0.086608537,49010.043,0.1084943258531816,0.04213932104252302,1.012604194214876
0.027820732,0.088537365,49012.996,0.1084943258531816,0.049801028777483616,1.0126652066115702
0.027820732,0.090466186,49016.117,0.1084943258531816,0.05746270870698191,1.0127296900826446
0.027820732,0.092395008,49019.707,0.1084943258531816,0.0651243926086891,1.0128038636363637
0.027820732,0.094323844,49024.238,0.1084943258531816,0.07278613212132082,1.012897479338843
0.027820732,0.096252665,49030.266,0.1084943258531816,0.08044781205081912,1.0130220247933885
0.027820732,0.098181486,49038.477,0.1084943258531816,0.08810949198031742,1.013191673553719
0.027820732,0.10011031,49049.371,0.1084943258531816,0.0957711838264424,1.0134167561983471
0.027820732,0.10203914,49063.305,0.1084943258531816,0.10343289950582077,1.0137046487603305
0.027820732,0.10396796,49080.219,0.1084943258531816,0.11109457546311018,1.014054111570248
0.027820732,0.10589679,49099.812,0.1084943258531816,0.11875629114248855,1.0144589256198346
0.027820732,0.10782561,49121.453,0.1084943258531816,0.12641796709977796,1.0149060537190082
0.027820732,0.10975444,49144.445,0.1084943258531816,0.13407968277915627,1.0153810950413222
0.027820732,0.11168326,49168.348,0.1084943258531816,0.14174135873644575,1.0158749586776858
0.027820732,0.11361209,49192.719,0.1084943258531816,0.14940307441582407,1.0163784917355372
0.027820732,0.11554092,49217.586,0.1084943258531816,0.15706479009520244,1.016892272727273
0.027820732,0.11746974,49243.152,0.1084943258531816,0.16472646605249183,1.0174204958677686
0.027820732,0.11939856,49269.828,0.1084943258531816,0.17238814200978125,1.017971652892562
0.027820732,0.12132739,49298.102,0.1084943258531816,0.18004985768915957,1.018555826446281
0.027820732,0.12325621,49328.148,0.1084943258531816,0.18771153364644902,1.0191766115702479
0.027820732,0.12518504,49359.793,0.1084943258531816,0.19537324932582734,1.0198304338842974
0.027820732,0.12711386,49392.328,0.1084943258531816,0.20303492528311676,1.0205026446280991
0.027820732,0.12904269,49424.809,0.1084943258531816,0.21069664096249507,1.0211737396694216
0.027820732,0.13089341,49455.453,0.1084943258531816,0.21804808740522932,1.0218068801652893
0.027820732,0.13258547,49482.902,0.1084943258531816,0.22476930318497618,1.0223740082644628
0.027820732,0.13412371,49507.73,0.1084943258531816,0.23087951379277827,1.0228869834710745
0.027820732,0.1355221,49530.676,0.1084943258531816,0.23643421098687306,1.0233610743801653
0.027820732,0.13679338,49552.191,0.1084943258531816,0.24148400070855927,1.0238055991735537
0.027820732,0.13794906,49572.254,0.1084943258531816,0.24607460308219725,1.0242201239669422
0.027820732,0.1389997,49590.457,0.1084943258531816,0.2502479646336984,1.0245962190082645
0.028564431,0.073106766,49005.641,0.11144845363480985,-0.011492533796978567,1.0125132438016529
0.028564431,0.075035587,49005.312,0.11144845363480985,-0.003830853867480268,1.0125064462809916
0.028564431,0.076964408,49005.633,0.11144845363480985,0.0038308260620180308,1.0125130785123968
0.028564431,0.078893237,49006.668,0.11144845363480985,0.011492537769187513,1.0125344628099173
0.028564431,0.080822065,49008.438,0.11144845363480985,0.01915424550414805,1.0125710330578512
0.028564431,0.082750887,49010.734,0.11144845363480985,0.02681592940585524,1.0126184710743802
0.028564431,0.084679708,49013.328,0.11144845363480985,0.03447760933535359,1.0126720661157025
0.028564431,0.086608537,49015.988,0.11144845363480985,0.04213932104252302,1.0127270247933884
0.028564431,0.088537365,49018.672,0.11144845363480985,0.049801028777483616,1.012782479338843
0.028564431,0.090466186,49021.496,0.11144845363480985,0.05746270870698191,1.012840826446281
0.028564431,0.092395008,49024.77,0.11144845363480985,0.0651243926086891,1.01290847107438
0.028564431,0.094323844,49029.0,0.11144845363480985,0.07278613212132082,1.012995867768595
0.028564431,0.096252665,49034.785,0.11144845363480985,0.08044781205081912,1.0131153925619836
0.028564431,0.098181486,49042.789,0.11144845363480985,0.08810949198031742,1.01328076446281
0.028564431,0.10011031,49053.523,0.11144845363480985,0.0957711838264424,1.013502541322314
0.028564431,0.10203914,49067.336,0.11144845363480985,0.10343289950582077,1.0137879338842977
0.028564431,0.10396796,49084.148,0.11144845363480985,0.11109457546311018,1.0141352892561983
0.028564431,0.10589679,49103.664,0.11144845363480985,0.11875629114248855,1.0145385123966941
0.028564431,0.10782561,49125.246,0.11144845363480985,0.12641796709977796,1.0149844214876034
0.028564431,0.10975444,49148.234,0.11144845363480985,0.13407968277915627,1.0154593801652891
0.028564431,0.11168326,49172.215,0.11144845363480985,0.14174135873644575,1.0159548553719007
0.028564431,0.11361209,49196.805,0.11144845363480985,0.14940307441582407,1.0164629132231404
0.028564431,0.11554092,49222.098,0.11144845363480985,0.15706479009520244,1.0169854958677687
0.028564431,0.11746974,49248.332,0.11144845363480985,0.16472646605249183,1.0175275206611571
0.028564431,0.11939856,49275.93,0.11144845363480985,0.17238814200978125,1.0180977272727272
0.028564431,0.12132739,49305.383,0.11144845363480985,0.18004985768915957,1.0187062603305785
0.028564431,0.12325621,49336.754,0.11144845363480985,0.18771153364644902,1.0193544214876034
0.028564431,0.12518504,49369.699,0.11144845363480985,0.19537324932582734,1.020035103305785
0.028564431,0.12711386,49403.398,0.11144845363480985,0.20303492528311676,1.0207313636363637
0.028564431,0.12904269,49436.906,0.11144845363480985,0.21069664096249507,1.0214236776859504
0.028564431,0.13089341,49468.492,0.11144845363480985,0.21804808740522932,1.0220762809917354
0.028564431,0.13258547,49496.855,0.11144845363480985,0.22476930318497618,1.0226622933884297
0.028564431,0.13412371,49522.637,0.11144845363480985,0.23087951379277827,1.023194979338843
0.028564431,0.1355221,49546.527,0.11144845363480985,0.23643421098687306,1.0236885743801654
0.028564431,0.13679338,49568.746,0.11144845363480985,0.24148400070855927,1.0241476446280993
0.028564431,0.13794906,49588.98,0.11144845363480985,0.24607460308219725,1.0245657024793389
0.028564431,0.1389997,49606.727,0.11144845363480985,0.2502479646336984,1.0249323760330578
0.028564433,0.013000302,49565.113,0.11144846157922762,-0.25024796463369836,1.024072582644628
0.028564433,0.014050936,49550.012,0.11144846157922762,-0.24607462691545054,1.0237605785123967
0.028564433,0.015206633,49532.699,0.11144846157922762,-0.24148395701426148,1.0234028719008263
0.028564433,0.0164779,49513.535,0.11144846157922762,-0.2364342189312908,1.0230069214876034
0.028564433,0.017876294,49492.676,0.11144846157922762,-0.23087950584836042,1.022575950413223
0.028564433,0.019414527,49469.754,0.11144846157922762,-0.22476932304602057,1.0221023553719009
0.028564433,0.021106582,49444.016,0.11144846157922762,-0.21804812712731828,1.0215705785123967
0.028564433,0.02295731,49414.801,0.11144846157922762,-0.2106966489069129,1.0209669628099174
0.028564433,0.024886135,49383.258,0.11144846157922762,-0.203034953088579,1.0203152479338844
0.028564433,0.02681496,49351.16,0.11144846157922762,-0.19537325727024513,1.0196520661157025
0.028564433,0.028743785,49319.355,0.11144846157922762,-0.18771156145191123,1.018994938016529
0.028564433,0.030672612,49288.746,0.11144846157922762,-0.18004985768915957,1.018362520661157
0.028564433,0.032601438,49259.762,0.11144846157922762,-0.17238815789861678,1.0177636776859504
0.028564433,0.03453026,49232.426,0.11144846157922762,-0.1647264739969096,1.0171988842975206
0.028564433,0.036459088,49206.367,0.11144846157922762,-0.15706476626194904,1.0166604752066115
0.028564433,0.03838791,49181.215,0.11144846157922762,-0.14940308236024183,1.016140805785124
0.028564433,0.040316738,49156.801,0.11144846157922762,-0.14174137462528127,1.0156363842975207
0.028564433,0.042245559,49133.09,0.11144846157922762,-0.13407969469578296,1.0151464876033056
0.028564433,0.044174388,49110.438,0.11144846157922762,-0.12641798298861348,1.0146784710743801
0.028564433,0.046103209,49089.367,0.11144846157922762,-0.11875630305911519,1.0142431198347106
0.028564433,0.048032038,49070.477,0.11144846157922762,-0.11109459135194574,1.0138528305785124
0.028564433,0.049960859,49054.434,0.11144846157922762,-0.10343291142244741,1.0135213636363636
0.028564433,0.051889684,49041.496,0.11144846157922762,-0.09577121560411354,1.0132540495867768
0.028564433,0.053818509,49031.723,0.11144846157922762,-0.08810951978577966,1.0130521280991736
0.028564433,0.055747338,49024.727,0.11144846157922762,-0.0804478080786102,1.012907582644628
0.028564433,0.057676159,49019.977,0.11144846157922762,-0.07278612814911191,1.0128094421487603
0.028564433,0.059604988,49016.828,0.11144846157922762,-0.06512441644194245,1.0127443801652893
0.028564433,0.061533809,49014.609,0.11144846157922762,-0.05746273651244412,1.012698533057851
0.028564433,0.063462637,49012.828,0.11144846157922762,-0.04980102877748356,1.01266173553719
0.028564433,0.065391466,49011.129,0.11144846157922762,-0.04213931707031413,1.012626632231405
0.028564433,0.067320287,49009.453,0.11144846157922762,-0.034477637140815774,1.0125920041322314
0.028564433,0.069249108,49007.867,0.11144846157922762,-0.02681595721131748,1.01255923553719
0.028564433,0.071177937,49006.562,0.11144846157922762,-0.01915424550414805,1.0125322727272728
0.029382497,0.02681496,49360.68,0.11469798267519511,-0.19537325727024513,1.0198487603305786
0.029382497,0.028743785,49327.633,0.11469798267519511,-0.18771156145191123,1.0191659710743801
0.029382497,0.030672612,49295.707,0.11469798267519511,-0.18004985768915957,1.0185063429752066
0.029382497,0.032601438,49265.516,0.11469798267519511,-0.17238815789861678,1.017882561983471
0.029382497,0.03453026,49237.262,0.11469798267519511,-0.1647264739969096,1.0172988016528925
0.029382497,0.036459088,49210.586,0.11469798267519511,-0.15706476626194904,1.0167476446280992
0.029382497,0.03838791,49185.102,0.11469798267519511,-0.14940308236024183,1.0162211157024794
0.029382497,0.040316738,49160.559,0.11469798267519511,-0.14174137462528127,1.01571402892562
0.029382497,0.042245559,49136.844,0.11469798267519511,-0.13407969469578296,1.0152240495867768
0.029382497,0.044174388,49114.227,0.11469798267519511,-0.12641798298861348,1.014756756198347
0.029382497,0.046103209,49093.27,0.11469798267519511,-0.11875630305911519,1.0143237603305784
0.029382497,0.048032038,49074.527,0.11469798267519511,-0.11109459135194574,1.013936508264463
0.029382497,0.049960859,49058.609,0.11469798267519511,-0.10343291142244741,1.013607623966942
0.029382497,0.051889684,49045.777,0.11469798267519511,-0.09577121560411354,1.0133425
0.029382497,0.053818509,49036.121,0.11469798267519511,-0.08810951978577966,1.0131429958677687
0.029382497,0.055747338,49029.301,0.11469798267519511,-0.0804478080786102,1.0130020867768594
0.029382497,0.057676159,49024.785,0.11469798267519511,-0.07278612814911191,1.0129087809917356
0.029382497,0.059604988,49021.891,0.11469798267519511,-0.06512441644194245,1.0128489876033058
0.029382497,0.061533809,49019.922,0.11469798267519511,-0.05746273651244412,1.012808305785124
0.029382497,0.063462637,49018.344,0.11469798267519511,-0.04980102877748356,1.0127757024793387
0.029382497,0.065391466,49016.84,0.11469798267519511,-0.04213931707031413,1.0127446280991734
0.029382497,0.067320287,49015.352,0.11469798267519511,-0.034477637140815774,1.0127138842975207
0.029382497,0.069249108,49013.922,0.11469798267519511,-0.02681595721131748,1.0126843388429752
0.029382497,0.071177937,49012.688,0.11469798267519511,-0.01915424550414805,1.0126588429752066
0.029382497,0.073106766,49011.801,0.11469798267519511,-0.011492533796978567,1.0126405165289256
0.029382497,0.075035587,49011.48,0.11469798267519511,-0.003830853867480268,1.0126338842975207
0.029382497,0.076964408,49011.773,0.11469798267519511,0.0038308260620180308,1.012639938016529
0.029382497,0.078893237,49012.762,0.11469798267519511,0.011492537769187513,1.0126603719008265
0.029382497,0.080822065,49014.426,0.11469798267519511,0.01915424550414805,1.0126947520661156
0.029382497,0.082750887,49016.562,0.11469798267519511,0.02681592940585524,1.0127388842975207
0.029382497,0.084679708,49018.977,0.11469798267519511,0.03447760933535359,1.0127887809917355
0.029382497,0.086608537,49021.438,0.11469798267519511,0.04213932104252302,1.0128396280991736
0.029382497,0.088537365,49023.902,0.11469798267519511,0.049801028777483616,1.0128905371900827
0.029382497,0.090466186,49026.473,0.11469798267519511,0.05746270870698191,1.0129436570247934
0.029382497,0.092395008,49029.469,0.11469798267519511,0.0651243926086891,1.0130055578512396
0.029382497,0.094323844,49033.445,0.11469798267519511,0.07278613212132082,1.0130877066115702
0.029382497,0.096252665,49039.02,0.11469798267519511,0.08044781205081912,1.0132028925619834
0.029382497,0.098181486,49046.887,0.11469798267519511,0.08810949198031742,1.0133654338842977
0.029382497,0.10011031,49057.531,0.11469798267519511,0.0957711838264424,1.0135853512396695
0.029382497,0.10203914,49071.262,0.11469798267519511,0.10343289950582077,1.0138690495867768
0.029382497,0.10396796,49087.965,0.11469798267519511,0.11109457546311018,1.014214152892562
0.029382497,0.10589679,49107.363,0.11469798267519511,0.11875629114248855,1.0146149380165288
0.029382497,0.10782561,49128.871,0.11469798267519511,0.12641796709977796,1.0150593181818182
0.029382497,0.10975444,49151.859,0.11469798267519511,0.13407968277915627,1.0155342768595041
0.029382497,0.11168326,49175.883,0.11469798267519511,0.14174135873644575,1.0160306404958679
0.029382497,0.11361209,49200.648,0.11469798267519511,0.14940307441582407,1.0165423140495868
0.029382497,0.11554092,49226.34,0.11469798267519511,0.15706479009520244,1.0170731404958677
0.029382497,0.11746974,49253.277,0.11469798267519511,0.16472646605249183,1.0176296900826447
0.029382497,0.11939856,49281.91,0.11469798267519511,0.17238814200978125,1.0182212809917357
0.029382497,0.12132739,49312.699,0.11469798267519511,0.18004985768915957,1.018857417355372
0.029382497,0.12325621,49345.559,0.11469798267519511,0.18771153364644902,1.0195363429752067
0.029382497,0.12518504,49379.938,0.11469798267519511,0.19537324932582734,1.020246652892562
0.029382497,0.12711386,49414.922,0.11469798267519511,0.20303492528311676,1.0209694628099173
0.029382497,0.12904269,49449.621,0.11469798267519511,0.21069664096249507,1.0216863842975206
0.029382497,0.13089341,49482.363,0.11469798267519511,0.21804808740522932,1.0223628719008264
0.029382497,0.13258547,49511.898,0.11469798267519511,0.22476930318497618,1.0229730991735537
0.029382497,0.13412371,49538.863,0.11469798267519511,0.23087951379277827,1.0235302272727271
0.029382497,0.1355221,49563.73,0.11469798267519511,0.23643421098687306,1.0240440082644628
0.029382497,0.13679338,49586.375,0.11469798267519511,0.24148400070855927,1.0245118801652893
0.029382497,0.13794906,49606.367,0.11469798267519511,0.24607460308219725,1.0249249380165288
0.029382497,0.1389997,49623.688,0.11469798267519511,0.2502479646336984,1.0252828099173554
0.029382501,0.013000302,49579.938,0.11469799856403068,-0.25024796463369836,1.0243788842975208
0.029382501,0.014050936,49565.312,0.11469799856403068,-0.24607462691545054,1.024076694214876
0.029382501,0.015206633,49548.242,0.11469799856403068,-0.24148395701426148,1.0237240082644627
0.029382501,0.0164779,49528.727,0.11469799856403068,-0.2364342189312908,1.023320805785124
0.029382501,0.017876294,49507.062,0.11469799856403068,-0.23087950584836042,1.0228731818181818
0.029382501,0.019414527,49483.199,0.11469799856403068,-0.22476932304602057,1.0223801446280991
0.029382501,0.021106582,49456.535,0.11469799856403068,-0.21804812712731828,1.02182923553719
0.029382501,0.02295731,49426.398,0.11469799856403068,-0.2106966489069129,1.0212065702479338
0.029382501,0.024886135,49393.875,0.11469799856403068,-0.203034953088579,1.0205346074380166
0.030282373,0.017876294,49522.785,0.11827247812512916,-0.23087950584836042,1.0231980371900826
0.030282373,0.019414527,49497.852,0.11827247812512916,-0.22476932304602057,1.0226828925619835
0.030282373,0.021106582,49470.004,0.11827247812512916,-0.21804812712731828,1.022107520661157
0.030282373,0.02295731,49438.711,0.11827247812512916,-0.2106966489069129,1.0214609710743803
0.030282373,0.024886135,49405.043,0.11827247812512916,-0.203034953088579,1.0207653512396693
0.030282373,0.02681496,49370.664,0.11827247812512916,-0.19537325727024513,1.020055041322314
0.030282373,0.028743785,49336.324,0.11827247812512916,-0.18771156145191123,1.0193455371900826
0.030282373,0.030672612,49303.047,0.11827247812512916,-0.18004985768915957,1.0186579958677686
0.030282373,0.032601438,49271.566,0.11827247812512916,-0.17238815789861678,1.018007561983471
0.030282373,0.03453026,49242.277,0.11827247812512916,-0.1647264739969096,1.017402417355372
0.030282373,0.036459088,49214.914,0.11827247812512916,-0.15706476626194904,1.0168370661157025
0.030282373,0.03838791,49189.082,0.11827247812512916,-0.14940308236024183,1.016303347107438
0.030282373,0.040316738,49164.438,0.11827247812512916,-0.14174137462528127,1.015794173553719
0.030282373,0.042245559,49140.785,0.11827247812512916,-0.13407969469578296,1.0153054752066117
0.030282373,0.044174388,49118.289,0.11827247812512916,-0.12641798298861348,1.0148406818181817
0.030282373,0.046103209,49097.477,0.11827247812512916,-0.11875630305911519,1.0144106818181817
0.030282373,0.048032038,49078.867,0.11827247812512916,-0.11109459135194574,1.0140261776859503
0.030282373,0.049960859,49063.039,0.11827247812512916,-0.10343291142244741,1.0136991528925618
0.030282373,0.051889684,49050.273,0.11827247812512916,-0.09577121560411354,1.0134353925619835
0.030282373,0.053818509,49040.688,0.11827247812512916,-0.08810951978577966,1.013237355371901
0.030282373,0.055747338,49033.988,0.11827247812512916,-0.0804478080786102,1.0130989256198346
0.030282373,0.057676159,49029.621,0.11827247812512916,-0.07278612814911191,1.0130086983471074
0.030282373,0.059604988,49026.906,0.11827247812512916,-0.06512441644194245,1.0129526033057852
0.030282373,0.061533809,49025.145,0.11827247812512916,-0.05746273651244412,1.0129162190082643
0.030282373,0.063462637,49023.793,0.11827247812512916,-0.04980102877748356,1.012888285123967
0.030282373,0.065391466,49022.516,0.11827247812512916,-0.04213931707031413,1.0128619008264463
0.030282373,0.067320287,49021.215,0.11827247812512916,-0.034477637140815774,1.012835020661157
0.030282373,0.069249108,49019.91,0.11827247812512916,-0.02681595721131748,1.0128080578512397
0.030282373,0.071177937,49018.703,0.11827247812512916,-0.01915424550414805,1.0127831198347108
0.030282373,0.073106766,49017.801,0.11827247812512916,-0.011492533796978567,1.0127644834710743
0.030282373,0.075035587,49017.473,0.11827247812512916,-0.003830853867480268,1.0127577066115703
0.030282373,0.076964408,49017.809,0.11827247812512916,0.0038308260620180308,1.0127646487603306
0.030282373,0.078893237,49018.797,0.11827247812512916,0.011492537769187513,1.012785061983471
0.030282373,0.080822065,49020.344,0.11827247812512916,0.01915424550414805,1.0128170247933883
0.030282373,0.082750887,49022.301,0.11827247812512916,0.02681592940585524,1.012857458677686
0.030282373,0.084679708,49024.5,0.11827247812512916,0.03447760933535359,1.0129028925619834
0.030282373,0.086608537,49026.742,0.11827247812512916,0.04213932104252302,1.012949214876033
0.030282373,0.088537365,49028.996,0.11827247812512916,0.049801028777483616,1.0129957851239668
0.030282373,0.090466186,49031.344,0.11827247812512916,0.05746270870698191,1.013044297520661
0.030282373,0.092395008,49034.133,0.11827247812512916,0.0651243926086891,1.0131019214876034
0.030282373,0.094323844,49037.914,0.11827247812512916,0.07278613212132082,1.013180041322314
0.030282373,0.096252665,49043.34,0.11827247812512916,0.08044781205081912,1.0132921487603306
0.030282373,0.098181486,49051.121,0.11827247812512916,0.08810949198031742,1.0134529132231405
0.030282373,0.10011031,49061.727,0.11827247812512916,0.0957711838264424,1.0136720454545454
0.030282373,0.10203914,49075.41,0.11827247812512916,0.10343289950582077,1.0139547520661158
0.030282373,0.10396796,49092.051,0.11827247812512916,0.11109457546311018,1.0142985743801654
0.030282373,0.10589679,49111.336,0.11827247812512916,0.11875629114248855,1.0146970247933884
0.030282373,0.10782561,49132.734,0.11827247812512916,0.12641796709977796,1.015139132231405
0.030282373,0.10975444,49155.648,0.11827247812512916,0.13407968277915627,1.015612561983471
0.030282373,0.11168326,49179.652,0.11827247812512916,0.14174135873644575,1.0161085123966942
0.030282373,0.11361209,49204.57,0.11827247812512916,0.14940307441582407,1.016623347107438
0.030282373,0.11554092,49230.68,0.11827247812512916,0.15706479009520244,1.0171628099173553
0.030282373,0.11746974,49258.402,0.11827247812512916,0.16472646605249183,1.0177355785123967
0.030282373,0.11939856,49288.211,0.11827247812512916,0.17238814200978125,1.0183514669421487
0.030282373,0.12132739,49320.465,0.11827247812512916,0.18004985768915957,1.0190178719008263
0.030282373,0.12325621,49354.887,0.11827247812512916,0.18771153364644902,1.019729070247934
0.030282373,0.12518504,49390.773,0.11827247812512916,0.19537324932582734,1.0204705165289256
0.030282373,0.12711386,49427.172,0.11827247812512916,0.20303492528311676,1.021222561983471
0.030282373,0.12904269,49463.27,0.11827247812512916,0.21069664096249507,1.021968388429752
0.030282373,0.13089341,49497.457,0.11827247812512916,0.21804808740522932,1.0226747314049587
0.030282373,0.13258547,49528.473,0.11827247812512916,0.22476930318497618,1.0233155578512396
0.030282373,0.13412371,49556.734,0.11827247812512916,0.23087951379277827,1.0238994628099174
0.030282373,0.1355221,49582.363,0.11827247812512916,0.23643421098687306,1.0244289876033057
0.030282373,0.13679338,49605.078,0.11827247812512916,0.24148400070855927,1.024898305785124
0.030282373,0.13794906,49624.945,0.11827247812512916,0.24607460308219725,1.0253087809917356
0.030282373,0.1389997,49643.109,0.11827247812512916,0.2502479646336984,1.0256840702479337
0.030282374,0.013000302,49596.727,0.11827248209733804,-0.25024796463369836,1.0247257644628098
0.030282374,0.014050936,49581.469,0.11827248209733804,-0.24607462691545054,1.0244105165289257
0.030282374,0.015206633,49564.605,0.11827248209733804,-0.24148395701426148,1.0240620867768595
0.030282374,0.0164779,49545.074,0.11827248209733804,-0.2364342189312908,1.0236585537190084
0.031272233,0.017876294,49539.945,0.12220440882010458,-0.23087950584836042,1.0235525826446281
0.031272233,0.019414527,49514.039,0.12220440882010458,-0.22476932304602057,1.0230173347107436
0.031272233,0.021106582,49484.809,0.12220440882010458,-0.21804812712731828,1.0224134090909092
0.031272233,0.02295731,49452.051,0.12220440882010458,-0.2106966489069129,1.021736590909091
0.031272233,0.024886135,49417.0,0.12220440882010458,-0.203034953088579,1.0210123966942148
0.031272233,0.02681496,49381.32,0.12220440882010458,-0.19537325727024513,1.0202752066115703
0.031272233,0.028743785,49345.688,0.12220440882010458,-0.18771156145191123,1.0195390082644629
0.031272233,0.030672612,49311.082,0.12220440882010458,-0.18004985768915957,1.0188240082644628
0.031272233,0.032601438,49278.301,0.12220440882010458,-0.17238815789861678,1.018146714876033
0.031272233,0.03453026,49247.863,0.12220440882010458,-0.1647264739969096,1.0175178305785124
0.031272233,0.036459088,49219.672,0.12220440882010458,-0.15706476626194904,1.0169353719008265
0.031272233,0.03838791,49193.398,0.12220440882010458,-0.14940308236024183,1.016392520661157
0.031272233,0.040316738,49168.633,0.12220440882010458,-0.14174137462528127,1.015880847107438
0.031272233,0.042245559,49145.09,0.12220440882010458,-0.13407969469578296,1.0153944214876032
0.031272233,0.044174388,49122.824,0.12220440882010458,-0.12641798298861348,1.0149343801652893
0.031272233,0.046103209,49102.219,0.12220440882010458,-0.11875630305911519,1.0145086570247934
0.031272233,0.048032038,49083.75,0.12220440882010458,-0.11109459135194574,1.0141270661157025
0.031272233,0.049960859,49067.996,0.12220440882010458,-0.10343291142244741,1.013801570247934
0.031272233,0.051889684,49055.281,0.12220440882010458,-0.09577121560411354,1.0135388636363636
0.031272233,0.053818509,49045.723,0.12220440882010458,-0.08810951978577966,1.0133413842975205
0.031272233,0.055747338,49039.059,0.12220440882010458,-0.0804478080786102,1.0132036983471076
0.031272233,0.057676159,49034.762,0.12220440882010458,-0.07278612814911191,1.013114917355372
0.031272233,0.059604988,49032.176,0.12220440882010458,-0.06512441644194245,1.0130614876033057
0.031272233,0.061533809,49030.621,0.12220440882010458,-0.05746273651244412,1.0130293595041322
0.031272233,0.063462637,49029.523,0.12220440882010458,-0.04980102877748356,1.013006673553719
0.031272233,0.065391466,49028.469,0.12220440882010458,-0.04213931707031413,1.0129848966942148
0.031272233,0.067320287,49027.316,0.12220440882010458,-0.034477637140815774,1.0129610743801654
0.031272233,0.069249108,49026.074,0.12220440882010458,-0.02681595721131748,1.0129354132231405
0.031272233,0.071177937,49024.883,0.12220440882010458,-0.01915424550414805,1.012910805785124
0.031272233,0.073106766,49023.984,0.12220440882010458,-0.011492533796978567,1.0128922314049587
0.031272233,0.075035587,49023.652,0.12220440882010458,-0.003830853867480268,1.0128853719008264
0.031272233,0.076964408,49024.023,0.12220440882010458,0.0038308260620180308,1.0128930371900826
0.031272233,0.078893237,49025.008,0.12220440882010458,0.011492537769187513,1.012913388429752
0.031272233,0.080822065,49026.477,0.12220440882010458,0.01915424550414805,1.0129437396694214
0.031272233,0.082750887,49028.285,0.12220440882010458,0.02681592940585524,1.0129810950413223
0.031272233,0.084679708,49030.277,0.12220440882010458,0.03447760933535359,1.0130222520661158
0.031272233,0.086608537,49032.285,0.12220440882010458,0.04213932104252302,1.0130637396694215
0.031272233,0.088537365,49034.289,0.12220440882010458,0.049801028777483616,1.0131051446280992
0.031272233,0.090466186,49036.414,0.12220440882010458,0.05746270870698191,1.0131490495867768
0.031272233,0.092395008,49039.035,0.12220440882010458,0.0651243926086891,1.013203202479339
0.031272233,0.094323844,49042.699,0.12220440882010458,0.07278613212132082,1.0132789049586777
0.031272233,0.096252665,49048.055,0.12220440882010458,0.08044781205081912,1.0133895661157024
0.031272233,0.098181486,49055.801,0.12220440882010458,0.08810949198031742,1.0135496074380166
0.031272233,0.10011031,49066.387,0.12220440882010458,0.0957711838264424,1.0137683264462811
0.031272233,0.10203914,49080.051,0.12220440882010458,0.10343289950582077,1.0140506404958678
0.031272233,0.10396796,49096.652,0.12220440882010458,0.11109457546311018,1.0143936363636363
0.031272233,0.10589679,49115.828,0.12220440882010458,0.11875629114248855,1.0147898347107438
0.031272233,0.10782561,49137.055,0.12220440882010458,0.12641796709977796,1.0152284090909092
0.031272233,0.10975444,49159.781,0.12220440882010458,0.13407968277915627,1.0156979545454545
0.031272233,0.11168326,49183.723,0.12220440882010458,0.14174135873644575,1.016192623966942
0.031272233,0.11361209,49208.82,0.12220440882010458,0.14940307441582407,1.0167111570247933
0.031272233,0.11554092,49235.449,0.12220440882010458,0.15706479009520244,1.0172613429752067
0.031272233,0.11746974,49264.113,0.12220440882010458,0.16472646605249183,1.0178535743801653
0.031272233,0.11939856,49295.246,0.12220440882010458,0.17238814200978125,1.0184968181818181
0.031272233,0.12132739,49329.023,0.12220440882010458,0.18004985768915957,1.0191946900826447
0.031272233,0.12325621,49365.016,0.12220440882010458,0.18771153364644902,1.0199383471074381
0.031272233,0.12518504,49402.453,0.12220440882010458,0.19537324932582734,1.0207118388429752
0.031272233,0.12711386,49440.426,0.12220440882010458,0.20303492528311676,1.0214964049586777
0.031272233,0.12904269,49478.227,0.12220440882010458,0.21069664096249507,1.022277417355372
0.031272233,0.13089341,49514.223,0.12220440882010458,0.21804808740522932,1.0230211363636363
0.031272233,0.13258547,49546.93,0.12220440882010458,0.22476930318497618,1.0236969008264463
0.031272233,0.13412371,49576.375,0.12220440882010458,0.23087951379277827,1.0243052685950413
0.031272233,0.1355221,49602.5,0.12220440882010458,0.23643421098687306,1.024845041322314
0.031272233,0.13679338,49625.531,0.12220440882010458,0.24148400070855927,1.0253208884297522
0.031272233,0.13794906,49646.719,0.12220440882010458,0.24607460308219725,1.0257586570247934
0.031272233,0.1389997,49668.422,0.12220440882010458,0.2502479646336984,1.0262070661157026
0.031272236,0.013000302,49618.621,0.12220442073673127,-0.25024796463369836,1.0251781198347107
0.031272236,0.014050936,49600.25,0.12220442073673127,-0.24607462691545054,1.0247985537190083
0.031272236,0.015206633,49582.316,0.12220442073673127,-0.24148395701426148,1.0244280165289257
0.031272236,0.0164779,49562.605,0.12220442073673127,-0.2364342189312908,1.0240207644628099
0.032361083,0.013000302,49649.453,0.1265295484734131,-0.25024796463369836,1.0258151446280992
0.032361083,0.014050936,49625.168,0.1265295484734131,-0.24607462691545054,1.025313388429752
0.032361083,0.015206633,49603.434,0.1265295484734131,-0.24148395701426148,1.0248643388429752
0.032361083,0.0164779,49582.047,0.1265295484734131,-0.2364342189312908,1.024422458677686
0.032361083,0.017876294,49558.684,0.1265295484734131,-0.23087950584836042,1.0239397520661158
0.032361083,0.019414527,49531.938,0.1265295484734131,-0.22476932304602057,1.0233871487603305
0.032361083,0.021106582,49501.312,0.1265295484734131,-0.21804812712731828,1.0227543801652892
0.032361083,0.02295731,49466.809,0.1265295484734131,-0.2106966489069129,1.022041508264463
0.032361083,0.024886135,49430.059,0.1265295484734131,-0.203034953088579,1.0212822107438018
0.032361083,0.02681496,49392.891,0.1265295484734131,-0.19537325727024513,1.0205142768595041
0.032361083,0.028743785,49355.891,0.1265295484734131,-0.18771156145191123,1.0197498140495869
0.032361083,0.030672612,49319.957,0.1265295484734131,-0.18004985768915957,1.0190073760330578
0.032361083,0.032601438,49285.852,0.1265295484734131,-0.17238815789861678,1.0183027272727272
0.032361083,0.03453026,49254.168,0.1265295484734131,-0.1647264739969096,1.0176480991735537
0.032361083,0.036459088,49225.0,0.1265295484734131,-0.15706476626194904,1.0170454545454546
0.032361083,0.03838791,49198.133,0.1265295484734131,-0.14940308236024183,1.0164903512396695
0.032361083,0.040316738,49173.164,0.1265295484734131,-0.14174137462528127,1.0159744628099172
0.032361083,0.042245559,49149.723,0.1265295484734131,-0.13407969469578296,1.015490144628099
0.032361083,0.044174388,49127.73,0.1265295484734131,-0.12641798298861348,1.015035743801653
0.032361083,0.046103209,49107.406,0.1265295484734131,-0.11875630305911519,1.014615826446281
0.032361083,0.048032038,49089.141,0.1265295484734131,-0.11109459135194574,1.0142384504132231
0.032361083,0.049960859,49073.496,0.1265295484734131,-0.10343291142244741,1.0139152066115702
0.032361083,0.051889684,49060.82,0.1265295484734131,-0.09577121560411354,1.013653305785124
0.032361083,0.053818509,49051.258,0.1265295484734131,-0.08810951978577966,1.013455743801653
0.032361083,0.055747338,49044.566,0.1265295484734131,-0.0804478080786102,1.0133174793388429
0.032361083,0.057676159,49040.297,0.1265295484734131,-0.07278612814911191,1.0132292768595041
0.032361083,0.059604988,49037.828,0.1265295484734131,-0.06512441644194245,1.01317826446281
0.032361083,0.061533809,49036.453,0.1265295484734131,-0.05746273651244412,1.013149855371901
0.032361083,0.063462637,49035.547,0.1265295484734131,-0.04980102877748356,1.0131311363636364
0.032361083,0.065391466,49034.656,0.1265295484734131,-0.04213931707031413,1.0131127272727274
0.032361083,0.067320287,49033.621,0.1265295484734131,-0.034477637140815774,1.0130913429752066
0.032361083,0.069249108,49032.438,0.1265295484734131,-0.02681595721131748,1.0130669008264463
0.032361083,0.071177937,49031.309,0.1265295484734131,-0.01915424550414805,1.0130435743801653
0.032361083,0.073106766,49030.461,0.1265295484734131,-0.011492533796978567,1.0130260537190083
0.032361083,0.075035587,49030.145,0.1265295484734131,-0.003830853867480268,1.0130195247933884
0.032361083,0.076964408,49030.48,0.1265295484734131,0.0038308260620180308,1.0130264462809917
0.032361083,0.078893237,49031.41,0.1265295484734131,0.011492537769187513,1.0130456611570249
0.032361083,0.080822065,49032.816,0.1265295484734131,0.01915424550414805,1.0130747107438016
0.032361083,0.082750887,49034.516,0.1265295484734131,0.02681592940585524,1.013109834710744
0.032361083,0.084679708,49036.34,0.1265295484734131,0.03447760933535359,1.0131475206611569
0.032361083,0.086608537,49038.121,0.1265295484734131,0.04213932104252302,1.013184318181818
0.032361083,0.088537365,49039.875,0.1265295484734131,0.049801028777483616,1.0132205578512397
0.032361083,0.090466186,49041.77,0.1265295484734131,0.05746270870698191,1.0132597107438015
0.032361083,0.092395008,49044.23,0.1265295484734131,0.0651243926086891,1.0133105371900828
0.032361083,0.094323844,49047.824,0.1265295484734131,0.07278613212132082,1.0133847933884297
0.032361083,0.096252665,49053.188,0.1265295484734131,0.08044781205081912,1.0134956198347107
0.032361083,0.098181486,49060.949,0.1265295484734131,0.08810949198031742,1.0136559710743802
0.032361083,0.10011031,49071.551,0.1265295484734131,0.0957711838264424,1.013875020661157
0.032361083,0.10203914,49085.203,0.1265295484734131,0.10343289950582077,1.0141570867768595
0.032361083,0.10396796,49101.727,0.1265295484734131,0.11109457546311018,1.014498491735537
0.032361083,0.10589679,49120.75,0.1265295484734131,0.11875629114248855,1.0148915289256197
0.032361083,0.10782561,49141.734,0.1265295484734131,0.12641796709977796,1.015325082644628
0.032361083,0.10975444,49164.23,0.1265295484734131,0.13407968277915627,1.015789876033058
0.032361083,0.11168326,49188.125,0.1265295484734131,0.14174135873644575,1.0162835743801653
0.032361083,0.11361209,49213.5,0.1265295484734131,0.14940307441582407,1.0168078512396694
0.032361083,0.11554092,49240.832,0.1265295484734131,0.15706479009520244,1.017372561983471
0.032361083,0.11746974,49270.625,0.1265295484734131,0.16472646605249183,1.0179881198347107
0.032361083,0.11939856,49303.207,0.1265295484734131,0.17238814200978125,1.0186613016528927
0.032361083,0.12132739,49338.562,0.1265295484734131,0.18004985768915957,1.019391776859504
0.032361083,0.12325621,49376.156,0.1265295484734131,0.18771153364644902,1.0201685123966944
0.032361083,0.12518504,49415.258,0.1265295484734131,0.19537324932582734,1.0209764049586778
0.032361083,0.12711386,49455.066,0.1265295484734131,0.20303492528311676,1.0217988842975207
0.032361083,0.12904269,49494.957,0.1265295484734131,0.21069664096249507,1.0226230785123966
0.032361083,0.13089341,49533.082,0.1265295484734131,0.21804808740522932,1.0234107851239669
0.032361083,0.13258547,49567.488,0.1265295484734131,0.22476930318497618,1.0241216528925619
0.032361083,0.13412371,49597.988,0.1265295484734131,0.23087951379277827,1.024751818181818
0.032361083,0.1355221,49625.023,0.1265295484734131,0.23643421098687306,1.0253103925619835
0.032361083,0.13679338,49650.039,0.1265295484734131,0.24148400070855927,1.0258272520661156
0.032361083,0.13794906,49675.488,0.1265295484734131,0.24607460308219725,1.0263530578512396
0.032361083,0.1389997,49703.684,0.1265295484734131,0.2502479646336984,1.0269356198347108
0.033535976,0.082750887,49040.199,0.13119646889651515,0.02681592940585524,1.0132272520661156
0.033535976,0.084679708,49041.855,0.13119646889651515,0.03447760933535359,1.013261466942149
0.033535976,0.086608537,49043.445,0.13119646889651515,0.04213932104252302,1.0132943181818181
0.033535976,0.088537365,49044.996,0.13119646889651515,0.049801028777483616,1.0133263636363636
0.033535976,0.090466186,49046.703,0.13119646889651515,0.05746270870698191,1.013361632231405
0.033535976,0.092395008,49049.031,0.13119646889651515,0.0651243926086891,1.0134097314049588
0.033535976,0.094323844,49052.578,0.13119646889651515,0.07278613212132082,1.0134830165289257
0.033535976,0.096252665,49057.961,0.13119646889651515,0.08044781205081912,1.01359423553719
0.033535976,0.098181486,49065.805,0.13119646889651515,0.08810949198031742,1.0137563016528925
0.033535976,0.10011031,49076.469,0.13119646889651515,0.0957711838264424,1.013976632231405
0.033535976,0.10203914,49090.113,0.13119646889651515,0.10343289950582077,1.0142585330578513
0.033535976,0.10396796,49106.52,0.13119646889651515,0.11109457546311018,1.014597520661157
0.033535976,0.10589679,49125.312,0.13119646889651515,0.11875629114248855,1.014985785123967
0.033535976,0.10782561,49146.02,0.13119646889651515,0.12641796709977796,1.0154136363636364
0.033535976,0.10975444,49168.301,0.13119646889651515,0.13407968277915627,1.0158739876033058
0.033535976,0.11168326,49192.223,0.13119646889651515,0.14174135873644575,1.0163682438016528
0.033535976,0.11361209,49218.004,0.13119646889651515,0.14940307441582407,1.0169009090909091
0.033535976,0.11554092,49246.207,0.13119646889651515,0.15706479009520244,1.0174836157024794
0.033535976,0.11746974,49277.281,0.13119646889651515,0.16472646605249183,1.0181256404958678
0.033535976,0.11939856,49311.387,0.13119646889651515,0.17238814200978125,1.0188303099173555
0.033535976,0.12132739,49348.391,0.13119646889651515,0.18004985768915957,1.019594855371901
0.033535976,0.12325621,49387.73,0.13119646889651515,0.18771153364644902,1.0204076446280992
0.033535976,0.12518504,49428.75,0.13119646889651515,0.19537324932582734,1.0212551652892563
0.033535976,0.12711386,49470.754,0.13119646889651515,0.20303492528311676,1.0221230165289257
0.033535976,0.12904269,49513.047,0.13119646889651515,0.21069664096249507,1.022996838842975
0.033535976,0.13089341,49553.398,0.13119646889651515,0.21804808740522932,1.0238305371900827
0.033535976,0.13258547,49589.512,0.13119646889651515,0.22476930318497618,1.0245766942148762
0.033535976,0.13412371,49621.625,0.13119646889651515,0.23087951379277827,1.0252401859504132
0.033535976,0.1355221,49651.375,0.13119646889651515,0.23643421098687306,1.025854855371901
0.033535976,0.13679338,49681.355,0.13119646889651515,0.24148400070855927,1.026474276859504
0.033535976,0.13794906,49714.055,0.13119646889651515,0.24607460308219725,1.027149896694215
0.033535976,0.1389997,49750.18,0.13119646889651515,0.2502479646336984,1.0278962809917356
0.03353598,0.013000302,49690.453,0.1311964847853507,-0.25024796463369836,1.0266622520661157
0.03353598,0.014050936,49658.805,0.1311964847853507,-0.24607462691545054,1.026008367768595
0.03353598,0.015206633,49630.453,0.1311964847853507,-0.24148395701426148,1.0254225826446282
0.03353598,0.0164779,49604.633,0.1311964847853507,-0.2364342189312908,1.0248891115702479
0.03353598,0.017876294,49578.934,0.1311964847853507,-0.23087950584836042,1.0243581404958677
0.03353598,0.019414527,49550.875,0.1311964847853507,-0.22476932304602057,1.023778409090909
0.03353598,0.021106582,49518.859,0.1311964847853507,-0.21804812712731828,1.0231169214876032
0.03353598,0.02295731,49482.527,0.1311964847853507,-0.2106966489069129,1.0223662603305785
0.03353598,0.024886135,49443.82,0.1311964847853507,-0.203034953088579,1.0215665289256197
0.03353598,0.02681496,49404.883,0.1311964847853507,-0.19537325727024513,1.0207620454545454
0.03353598,0.028743785,49366.32,0.1311964847853507,-0.18771156145191123,1.0199652892561983
0.03353598,0.030672612,49328.953,0.1311964847853507,-0.18004985768915957,1.0191932438016529
0.03353598,0.032601438,49293.477,0.1311964847853507,-0.17238815789861678,1.0184602685950412
0.03353598,0.03453026,49260.508,0.1311964847853507,-0.1647264739969096,1.017779090909091
0.03353598,0.036459088,49230.262,0.1311964847853507,-0.15706476626194904,1.017154173553719
0.03353598,0.03838791,49202.672,0.1311964847853507,-0.14940308236024183,1.0165841322314049
0.03353598,0.040316738,49177.402,0.1311964847853507,-0.14174137462528127,1.0160620247933885
0.03353598,0.042245559,49154.004,0.1311964847853507,-0.13407969469578296,1.0155785950413223
0.03353598,0.044174388,49132.281,0.1311964847853507,-0.12641798298861348,1.0151297727272728
0.03353598,0.046103209,49112.285,0.1311964847853507,-0.11875630305911519,1.014716632231405
0.03353598,0.048032038,49094.289,0.1311964847853507,-0.11109459135194574,1.0143448140495868
0.03353598,0.049960859,49078.797,0.1311964847853507,-0.10343291142244741,1.0140247314049586
0.03353598,0.051889684,49066.152,0.1311964847853507,-0.09577121560411354,1.0137634710743801
0.03353598,0.053818509,49056.555,0.1311964847853507,-0.08810951978577966,1.0135651859504133
0.03353598,0.055747338,49049.82,0.1311964847853507,-0.0804478080786102,1.0134260330578513
0.03353598,0.057676159,49045.562,0.1311964847853507,-0.07278612814911191,1.0133380578512396
0.03353598,0.059604988,49043.164,0.1311964847853507,-0.06512441644194245,1.0132885123966942
0.03353598,0.061533809,49041.867,0.1311964847853507,-0.05746273651244412,1.013261714876033
0.03353598,0.063462637,49041.051,0.1311964847853507,-0.04980102877748356,1.013244855371901
0.03353598,0.065391466,49040.27,0.1311964847853507,-0.04213931707031413,1.0132287190082645
0.03353598,0.067320287,49039.352,0.1311964847853507,-0.034477637140815774,1.0132097520661156
0.03353598,0.069249108,49038.273,0.1311964847853507,-0.02681595721131748,1.013187458677686
0.03353598,0.071177937,49037.25,0.1311964847853507,-0.01915424550414805,1.0131663223140497
0.03353598,0.073106766,49036.473,0.1311964847853507,-0.011492533796978567,1.0131502685950413
0.03353598,0.075035587,49036.172,0.1311964847853507,-0.003830853867480268,1.0131440495867767
0.03353598,0.076964408,49036.449,0.1311964847853507,0.0038308260620180308,1.0131497727272727
0.03353598,0.078893237,49037.305,0.1311964847853507,0.011492537769187513,1.013167458677686
0.03353598,0.080822065,49038.621,0.1311964847853507,0.01915424550414805,1.0131946487603305
0.034745067,0.013000302,49738.953,0.13599923091934515,-0.25024796463369836,1.0276643181818181
0.034745067,0.014050936,49700.398,0.13599923091934515,-0.24607462691545054,1.0268677272727273
0.034745067,0.015206633,49664.336,0.13599923091934515,-0.24148395701426148,1.0261226446280993
0.034745067,0.0164779,49631.578,0.13599923091934515,-0.2364342189312908,1.0254458264462811
0.034745067,0.017876294,49601.062,0.13599923091934515,-0.23087950584836042,1.0248153305785124
0.034745067,0.019414527,49570.211,0.13599923091934515,-0.22476932304602057,1.0241779132231406
0.034745067,0.021106582,49536.367,0.13599923091934515,-0.21804812712731828,1.0234786570247933
0.034745067,0.02295731,49498.207,0.13599923091934515,-0.2106966489069129,1.0226902272727274
0.034745067,0.024886135,49457.465,0.13599923091934515,-0.203034953088579,1.021848450413223
0.034745067,0.02681496,49416.535,0.13599923091934515,-0.19537325727024513,1.0210027892561984
0.034745067,0.028743785,49376.176,0.13599923091934515,-0.18771156145191123,1.0201689256198347
0.034745067,0.030672612,49337.23,0.13599923091934515,-0.18004985768915957,1.0193642561983471
0.034745067,0.032601438,49300.352,0.13599923091934515,-0.17238815789861678,1.0186023140495868
0.034745067,0.03453026,49266.141,0.13599923091934515,-0.1647264739969096,1.0178954752066116
0.034745067,0.036459088,49234.855,0.13599923091934515,-0.15706476626194904,1.017249070247934
0.034745067,0.03838791,49206.531,0.13599923091934515,-0.14940308236024183,1.0166638636363636
0.034745067,0.040316738,49180.91,0.13599923091934515,-0.14174137462528127,1.0161345041322314
0.034745067,0.042245559,49157.516,0.13599923091934515,-0.13407969469578296,1.0156511570247935
0.034745067,0.044174388,49136.039,0.13599923091934515,-0.12641798298861348,1.0152074173553718
0.034745067,0.046103209,49116.391,0.13599923091934515,-0.11875630305911519,1.0148014669421488
0.034745067,0.048032038,49098.691,0.13599923091934515,-0.11109459135194574,1.01443576446281
0.034745067,0.049960859,49083.367,0.13599923091934515,-0.10343291142244741,1.014119152892562
0.034745067,0.051889684,49070.746,0.13599923091934515,-0.09577121560411354,1.013858388429752
0.034745067,0.053818509,49061.098,0.13599923091934515,-0.08810951978577966,1.0136590495867768
0.034745067,0.055747338,49054.32,0.13599923091934515,-0.0804478080786102,1.0135190082644627
0.034745067,0.057676159,49050.055,0.13599923091934515,-0.07278612814911191,1.013430888429752
0.034745067,0.059604988,49047.629,0.13599923091934515,-0.06512441644194245,1.01338076446281
0.034745067,0.061533809,49046.309,0.13599923091934515,-0.05746273651244412,1.0133534917355371
0.034745067,0.063462637,49045.512,0.13599923091934515,-0.04980102877748356,1.0133370247933884
0.034745067,0.065391466,49044.812,0.13599923091934515,-0.04213931707031413,1.013322561983471
0.034745067,0.067320287,49044.016,0.13599923091934515,-0.034477637140815774,1.0133061157024794
0.034745067,0.069249108,49043.074,0.13599923091934515,-0.02681595721131748,1.013286652892562
0.034745067,0.071177937,49042.16,0.13599923091934515,-0.01915424550414805,1.0132677685950413
0.034745067,0.073106766,49041.449,0.13599923091934515,-0.011492533796978567,1.0132530785123968
0.034745067,0.075035587,49041.16,0.13599923091934515,-0.003830853867480268,1.0132471074380165
0.034745067,0.076964408,49041.398,0.13599923091934515,0.0038308260620180308,1.0132520247933885
0.034745067,0.078893237,49042.18,0.13599923091934515,0.011492537769187513,1.013268181818182
0.034745067,0.080822065,49043.383,0.13599923091934515,0.01915424550414805,1.0132930371900826
0.034745067,0.082750887,49044.816,0.13599923091934515,0.02681592940585524,1.0133226446280992
0.034745067,0.084679708,49046.297,0.13599923091934515,0.03447760933535359,1.0133532438016528
0.034745067,0.086608537,49047.711,0.13599923091934515,0.04213932104252302,1.013382458677686
0.034745067,0.088537365,49049.113,0.13599923091934515,0.049801028777483616,1.0134114256198345
0.034745067,0.090466186,49050.711,0.13599923091934515,0.05746270870698191,1.0134444421487603
0.034745067,0.092395008,49052.965,0.13599923091934515,0.0651243926086891,1.013491012396694
0.034745067,0.094323844,49056.469,0.13599923091934515,0.07278613212132082,1.0135634090909091
0.034745067,0.096252665,49061.887,0.13599923091934515,0.08044781205081912,1.0136753512396695
0.034745067,0.098181486,49069.828,0.13599923091934515,0.08810949198031742,1.0138394214876034
0.034745067,0.10011031,49080.594,0.13599923091934515,0.0957711838264424,1.0140618595041322
0.034745067,0.10203914,49094.242,0.13599923091934515,0.10343289950582077,1.0143438429752065
0.034745067,0.10396796,49110.52,0.13599923091934515,0.11109457546311018,1.014680165289256
0.034745067,0.10589679,49129.051,0.13599923091934515,0.11875629114248855,1.0150630371900826
0.034745067,0.10782561,49149.461,0.13599923091934515,0.12641796709977796,1.0154847314049587
0.034745067,0.10975444,49171.562,0.13599923091934515,0.13407968277915627,1.0159413636363637
0.034745067,0.11168326,49195.574,0.13599923091934515,0.14174135873644575,1.0164374793388429
0.034745067,0.11361209,49221.844,0.13599923091934515,0.14940307441582407,1.0169802479338843
0.034745067,0.11554092,49250.969,0.13599923091934515,0.15706479009520244,1.0175820041322314
0.034745067,0.11746974,49283.324,0.13599923091934515,0.16472646605249183,1.0182504958677685
0.034745067,0.11939856,49318.949,0.13599923091934515,0.17238814200978125,1.018986549586777
0.034745067,0.12132739,49357.66,0.13599923091934515,0.18004985768915957,1.0197863636363638
0.034745067,0.12325621,49398.938,0.13599923091934515,0.18771153364644902,1.020639214876033
0.034745067,0.12518504,49442.164,0.13599923091934515,0.19537324932582734,1.0215323140495867
0.034745067,0.12711386,49486.609,0.13599923091934515,0.20303492528311676,1.0224505991735537
0.034745067,0.12904269,49531.398,0.13599923091934515,0.21069664096249507,1.0233759917355372
0.034745067,0.13089341,49573.988,0.13599923091934515,0.21804808740522932,1.0242559504132231
0.034745067,0.13258547,49612.301,0.13599923091934515,0.22476930318497618,1.0250475413223141
0.034745067,0.13412371,49647.652,0.13599923091934515,0.23087951379277827,1.0257779338842976
0.034745067,0.1355221,49682.789,0.13599923091934515,0.23643421098687306,1.0265039049586777
0.034745067,0.13679338,49720.367,0.13599923091934515,0.24148400070855927,1.0272803099173553
0.034745067,0.13794906,49761.391,0.13599923091934515,0.24607460308219725,1.0281279132231405
0.034745067,0.1389997,49804.891,0.13599923091934515,0.2502479646336984,1.029026673553719
0.035954155,0.013000302,49792.965,0.14080198102554853,-0.25024796463369836,1.0287802685950413
0.035954155,0.014050936,49748.734,0.14080198102554853,-0.24607462691545054,1.0278664049586776
0.035954155,0.015206633,49705.383,0.14080198102554853,-0.24148395701426148,1.0269707231404959
0.035954155,0.0164779,49664.668,0.14080198102554853,-0.2364342189312908,1.0261295041322314
0.035954155,0.017876294,49627.172,0.14080198102554853,-0.23087950584836042,1.0253547933884297
0.035954155,0.019414527,49591.41,0.14080198102554853,-0.22476932304602057,1.0246159090909093
0.035954155,0.021106582,49554.547,0.14080198102554853,-0.21804812712731828,1.023854276859504
0.035954155,0.02295731,49514.223,0.14080198102554853,-0.2106966489069129,1.0230211363636363
0.035954155,0.024886135,49471.422,0.14080198102554853,-0.203034953088579,1.0221368181818182
0.035954155,0.02681496,49428.418,0.14080198102554853,-0.19537325727024513,1.0212483057851238
0.035954155,0.028743785,49386.102,0.14080198102554853,-0.18771156145191123,1.0203740082644628
0.035954155,0.030672612,49345.445,0.14080198102554853,-0.18004985768915957,1.0195339876033058
0.035954155,0.032601438,49307.141,0.14080198102554853,-0.17238815789861678,1.0187425826446281
0.035954155,0.03453026,49271.762,0.14080198102554853,-0.1647264739969096,1.018011611570248
0.035954155,0.036459088,49239.562,0.14080198102554853,-0.15706476626194904,1.0173463223140495
0.035954155,0.03838791,49210.594,0.14080198102554853,-0.14940308236024183,1.0167478099173552
0.035954155,0.040316738,49184.652,0.14080198102554853,-0.14174137462528127,1.0162118181818183
0.035954155,0.042245559,49161.25,0.14080198102554853,-0.13407969469578296,1.015728305785124
0.035954155,0.044174388,49139.996,0.14080198102554853,-0.12641798298861348,1.015289173553719
0.035954155,0.046103209,49120.672,0.14080198102554853,-0.11875630305911519,1.0148899173553718
0.035954155,0.048032038,49103.281,0.14080198102554853,-0.11109459135194574,1.0145305991735538
0.035954155,0.049960859,49088.133,0.14080198102554853,-0.10343291142244741,1.0142176239669423
0.035954155,0.051889684,49075.551,0.14080198102554853,-0.09577121560411354,1.0139576652892561
0.035954155,0.053818509,49065.836,0.14080198102554853,-0.08810951978577966,1.0137569421487604
0.035954155,0.055747338,49058.949,0.14080198102554853,-0.0804478080786102,1.0136146487603306
0.035954155,0.057676159,49054.527,0.14080198102554853,-0.07278612814911191,1.013523285123967
0.035954155,0.059604988,49051.957,0.14080198102554853,-0.06512441644194245,1.0134701859504132
0.035954155,0.061533809,49050.527,0.14080198102554853,-0.05746273651244412,1.0134406404958678
0.035954155,0.063462637,49049.719,0.14080198102554853,-0.04980102877748356,1.0134239462809917
0.035954155,0.065391466,49049.094,0.14080198102554853,-0.04213931707031413,1.0134110330578512
0.035954155,0.067320287,49048.426,0.14080198102554853,-0.034477637140815774,1.0133972314049586
0.035954155,0.069249108,49047.629,0.14080198102554853,-0.02681595721131748,1.01338076446281
0.035954155,0.071177937,49046.824,0.14080198102554853,-0.01915424550414805,1.0133641322314049
0.035954155,0.073106766,49046.172,0.14080198102554853,-0.011492533796978567,1.0133506611570247
0.035954155,0.075035587,49045.887,0.14080198102554853,-0.003830853867480268,1.0133447727272729
0.035954155,0.076964408,49046.102,0.14080198102554853,0.0038308260620180308,1.013349214876033
0.035954155,0.078893237,49046.816,0.14080198102554853,0.011492537769187513,1.0133639669421488
0.035954155,0.080822065,49047.906,0.14080198102554853,0.01915424550414805,1.0133864876033059
0.035954155,0.082750887,49049.172,0.14080198102554853,0.02681592940585524,1.013412644628099
0.035954155,0.084679708,49050.465,0.14080198102554853,0.03447760933535359,1.0134393595041322
0.035954155,0.086608537,49051.707,0.14080198102554853,0.04213932104252302,1.013465020661157
0.035954155,0.088537365,49053.004,0.14080198102554853,0.049801028777483616,1.0134918181818182
0.035954155,0.090466186,49054.562,0.14080198102554853,0.05746270870698191,1.0135240082644628
0.035954155,0.092395008,49056.836,0.14080198102554853,0.0651243926086891,1.0135709917355373
0.035954155,0.094323844,49060.402,0.14080198102554853,0.07278613212132082,1.0136446694214876
0.035954155,0.096252665,49065.922,0.14080198102554853,0.08044781205081912,1.0137587190082644
0.035954155,0.098181486,49074.0,0.14080198102554853,0.08810949198031742,1.0139256198347106
0.035954155,0.10011031,49084.875,0.14080198102554853,0.0957711838264424,1.0141503099173554
0.035954155,0.10203914,49098.535,0.14080198102554853,0.10343289950582077,1.014432541322314
0.035954155,0.10396796,49114.664,0.14080198102554853,0.11109457546311018,1.0147657851239669
0.035954155,0.10589679,49132.93,0.14080198102554853,0.11875629114248855,1.0151431818181818
0.035954155,0.10782561,49153.059,0.14080198102554853,0.12641796709977796,1.015559070247934
0.035954155,0.10975444,49175.008,0.14080198102554853,0.13407968277915627,1.016012561983471
0.035954155,0.11168326,49199.141,0.14080198102554853,0.14174135873644575,1.0165111776859506
0.035954155,0.11361209,49225.895,0.14080198102554853,0.14940307441582407,1.0170639462809916
0.035954155,0.11554092,49255.887,0.14080198102554853,0.15706479009520244,1.0176836157024793
0.035954155,0.11746974,49289.426,0.14080198102554853,0.16472646605249183,1.018376570247934
0.035954155,0.11939856,49326.531,0.14080198102554853,0.17238814200978125,1.019143202479339
0.035954155,0.12132739,49367.027,0.14080198102554853,0.18004985768915957,1.0199798966942148
0.035954155,0.12325621,49410.41,0.14080198102554853,0.18771153364644902,1.0208762396694215
0.035954155,0.12518504,49456.027,0.14080198102554853,0.19537324932582734,1.0218187396694216
0.035954155,0.12711386,49503.004,0.14080198102554853,0.20303492528311676,1.0227893388429752
0.035954155,0.12904269,49550.293,0.14080198102554853,0.21069664096249507,1.0237663842975206
0.035954155,0.13089341,49595.488,0.14080198102554853,0.21804808740522932,1.0247001652892562
0.035954155,0.13258547,49637.312,0.14080198102554853,0.22476930318497618,1.0255642975206611
0.035954155,0.13412371,49678.18,0.14080198102554853,0.23087951379277827,1.0264086776859505
0.035954155,0.1355221,49720.984,0.14080198102554853,0.23643421098687306,1.0272930578512396
0.035954155,0.13679338,49767.18,0.14080198102554853,0.24148400070855927,1.028247520661157
0.035954155,0.13794906,49816.016,0.14080198102554853,0.24607460308219725,1.02925652892562
0.035954155,0.1389997,49865.551,0.14080198102554853,0.2502479646336984,1.0302799793388429
0.037163246,0.013000302,49851.652,0.14560474304837853,-0.25024796463369836,1.0299928099173554
0.037163246,0.014050936,49802.656,0.14560474304837853,-0.24607462691545054,1.0289804958677686
0.037163246,0.015206633,49752.953,0.14560474304837853,-0.24148395701426148,1.0279535743801653
0.037163246,0.0164779,49704.402,0.14560474304837853,-0.2364342189312908,1.0269504545454546
0.037163246,0.017876294,49658.73,0.14560474304837853,-0.23087950584836042,1.0260068181818183
0.037163246,0.019414527,49616.023,0.14560474304837853,-0.22476932304602057,1.0251244421487604
0.037163246,0.021106582,49574.332,0.14560474304837853,-0.21804812712731828,1.0242630578512397
0.037163246,0.02295731,49530.895,0.14560474304837853,-0.2106966489069129,1.0233655991735537
0.037163246,0.024886135,49485.781,0.14560474304837853,-0.203034953088579,1.0224334917355373
0.037163246,0.02681496,49440.691,0.14560474304837853,-0.19537325727024513,1.0215018801652893
0.037163246,0.028743785,49396.387,0.14560474304837853,-0.18771156145191123,1.020586508264463
0.037163246,0.030672612,49353.953,0.14560474304837853,-0.18004985768915957,1.0197097727272728
0.037163246,0.032601438,49314.195,0.14560474304837853,-0.17238815789861678,1.018888326446281
0.037163246,0.03453026,49277.707,0.14560474304837853,-0.1647264739969096,1.0181344421487604
0.037163246,0.036459088,49244.707,0.14560474304837853,-0.15706476626194904,1.0174526239669421
0.037163246,0.03838791,49215.223,0.14560474304837853,-0.14940308236024183,1.016843450413223
0.037163246,0.040316738,49189.012,0.14560474304837853,-0.14174137462528127,1.0163019008264462
0.037163246,0.042245559,49165.59,0.14560474304837853,-0.13407969469578296,1.0158179752066114
0.037163246,0.044174388,49144.52,0.14560474304837853,-0.12641798298861348,1.0153826446280991
0.037163246,0.046103209,49125.484,0.14560474304837853,-0.11875630305911519,1.0149893388429752
0.037163246,0.048032038,49108.387,0.14560474304837853,-0.11109459135194574,1.0146360950413225
0.037163246,0.049960859,49093.43,0.14560474304837853,-0.10343291142244741,1.0143270661157024
0.037163246,0.051889684,49080.914,0.14560474304837853,-0.09577121560411354,1.0140684710743801
0.037163246,0.053818509,49071.082,0.14560474304837853,-0.08810951978577966,1.0138653305785124
0.037163246,0.055747338,49063.961,0.14560474304837853,-0.0804478080786102,1.013718202479339
0.037163246,0.057676159,49059.211,0.14560474304837853,-0.07278612814911191,1.0136200619834712
0.037163246,0.059604988,49056.406,0.14560474304837853,-0.06512441644194245,1.0135621074380166
0.037163246,0.061533809,49054.781,0.14560474304837853,-0.05746273651244412,1.0135285330578514
0.037163246,0.063462637,49053.926,0.14560474304837853,-0.04980102877748356,1.0135108677685951
0.037163246,0.065391466,49053.352,0.14560474304837853,-0.04213931707031413,1.0134990082644628
0.037163246,0.067320287,49052.797,0.14560474304837853,-0.034477637140815774,1.0134875413223141
0.037163246,0.069249108,49052.148,0.14560474304837853,-0.02681595721131748,1.013474132231405
0.037163246,0.071177937,49051.457,0.14560474304837853,-0.01915424550414805,1.013459855371901
0.037163246,0.073106766,49050.883,0.14560474304837853,-0.011492533796978567,1.0134479958677687
0.037163246,0.075035587,49050.621,0.14560474304837853,-0.003830853867480268,1.013442582644628
0.037163246,0.076964408,49050.812,0.14560474304837853,0.0038308260620180308,1.0134465289256198
0.037163246,0.078893237,49051.453,0.14560474304837853,0.011492537769187513,1.0134597727272727
0.037163246,0.080822065,49052.414,0.14560474304837853,0.01915424550414805,1.0134796280991736
0.037163246,0.082750887,49053.512,0.14560474304837853,0.02681592940585524,1.013502314049587
0.037163246,0.084679708,49054.617,0.14560474304837853,0.03447760933535359,1.013525144628099
0.037163246,0.086608537,49055.703,0.14560474304837853,0.04213932104252302,1.013547582644628
0.037163246,0.088537365,49056.906,0.14560474304837853,0.049801028777483616,1.013572438016529
0.037163246,0.090466186,49058.488,0.14560474304837853,0.05746270870698191,1.0136051239669421
0.037163246,0.092395008,49060.887,0.14560474304837853,0.0651243926086891,1.0136546900826446
0.037163246,0.094323844,49064.656,0.14560474304837853,0.07278613212132082,1.0137325619834712
0.037163246,0.096252665,49070.406,0.14560474304837853,0.08044781205081912,1.0138513636363637
0.037163246,0.098181486,49078.699,0.14560474304837853,0.08810949198031742,1.0140227066115703
0.037163246,0.10011031,49089.703,0.14560474304837853,0.0957711838264424,1.0142500619834711
0.037163246,0.10203914,49103.359,0.14560474304837853,0.10343289950582077,1.0145322107438015
0.037163246,0.10396796,49119.336,0.14560474304837853,0.11109457546311018,1.014862314049587
0.037163246,0.10589679,49137.34,0.14560474304837853,0.11875629114248855,1.0152342975206612
0.037163246,0.10782561,49157.215,0.14560474304837853,0.12641796709977796,1.0156449380165289
0.037163246,0.10975444,49179.055,0.14560474304837853,0.13407968277915627,1.0160961776859505
0.037163246,0.11168326,49203.332,0.14560474304837853,0.14174135873644575,1.0165977685950414
0.037163246,0.11361209,49230.539,0.14560474304837853,0.14940307441582407,1.0171598966942148
0.037163246,0.11554092,49261.305,0.14560474304837853,0.15706479009520244,1.0177955578512397
0.037163246,0.11746974,49295.941,0.14560474304837853,0.16472646605249183,1.0185111776859503
0.037163246,0.11939856,49334.512,0.14560474304837853,0.17238814200978125,1.0193080991735537
0.037163246,0.12132739,49376.855,0.14560474304837853,0.18004985768915957,1.0201829545454546
0.037163246,0.12325621,49422.449,0.14560474304837853,0.18771153364644902,1.021124979338843
0.037163246,0.12518504,49470.516,0.14560474304837853,0.19537324932582734,1.022118099173554
0.037163246,0.12711386,49520.031,0.14560474304837853,0.20303492528311676,1.0231411363636365
0.037163246,0.12904269,49570.094,0.14560474304837853,0.21069664096249507,1.0241754958677685
0.037163246,0.13089341,49618.926,0.14560474304837853,0.21804808740522932,1.0251844214876034
0.037163246,0.13258547,49666.211,0.14560474304837853,0.22476930318497618,1.0261613842975208
0.037163246,0.13412371,49714.734,0.14560474304837853,0.23087951379277827,1.0271639256198346
0.037163246,0.1355221,49766.43,0.14560474304837853,0.23643421098687306,1.0282320247933885
0.037163246,0.13679338,49821.055,0.14560474304837853,0.24148400070855927,1.0293606404958677
0.037163246,0.13794906,49876.676,0.14560474304837853,0.24607460308219725,1.0305098347107438
0.037163246,0.1389997,49931.297,0.14560474304837853,0.2502479646336984,1.031638367768595
0.03836748,0.013000302,49914.344,0.15038821205261454,-0.25024796463369836,1.0312880991735536
0.03836748,0.014050936,49860.875,0.15038821205261454,-0.24607462691545054,1.030183367768595
0.03836748,0.015206633,49805.57,0.15038821205261454,-0.24148395701426148,1.0290407024793389
0.03836748,0.0164779,49749.887,0.15038821205261454,-0.2364342189312908,1.0278902272727273
0.03836748,0.017876294,49695.852,0.15038821205261454,-0.23087950584836042,1.0267738016528924
0.03836748,0.019414527,49644.84,0.15038821205261454,-0.22476932304602057,1.0257198347107437
0.03836748,0.021106582,49596.527,0.15038821205261454,-0.21804812712731828,1.024721632231405
0.03836748,0.02295731,49548.562,0.15038821205261454,-0.2106966489069129,1.0237306198347107
0.03836748,0.024886135,49500.52,0.15038821205261454,-0.203034953088579,1.0227380165289255
0.03836748,0.02681496,49453.285,0.15038821205261454,-0.19537325727024513,1.0217620867768595
0.03836748,0.028743785,49407.062,0.15038821205261454,-0.18771156145191123,1.0208070661157025
0.03836748,0.030672612,49362.914,0.15038821205261454,-0.18004985768915957,1.0198949173553717
0.03836748,0.032601438,49321.73,0.15038821205261454,-0.17238815789861678,1.019044008264463
0.03836748,0.03453026,49284.188,0.15038821205261454,-0.1647264739969096,1.018268347107438
0.03836748,0.036459088,49250.461,0.15038821205261454,-0.15706476626194904,1.017571508264463
0.03836748,0.03838791,49220.535,0.15038821205261454,-0.14940308236024183,1.0169532024793388
0.03836748,0.040316738,49194.086,0.15038821205261454,-0.14174137462528127,1.0164067355371902
0.03836748,0.042245559,49170.621,0.15038821205261454,-0.13407969469578296,1.0159219214876032
0.03836748,0.044174388,49149.648,0.15038821205261454,-0.12641798298861348,1.0154885950413224
0.03836748,0.046103209,49130.812,0.15038821205261454,-0.11875630305911519,1.0150994214876032
0.03836748,0.048032038,49113.988,0.15038821205261454,-0.11109459135194574,1.014751818181818
0.03836748,0.049960859,49099.242,0.15038821205261454,-0.10343291142244741,1.0144471487603306
0.03836748,0.051889684,49086.789,0.15038821205261454,-0.09577121560411354,1.0141898553719009
0.03836748,0.053818509,49076.746,0.15038821205261454,-0.08810951978577966,1.0139823553719007
0.03836748,0.055747338,49069.203,0.15038821205261454,-0.0804478080786102,1.0138265082644629
0.03836748,0.057676159,49064.055,0.15038821205261454,-0.07278612814911191,1.0137201446280992
0.03836748,0.059604988,49060.809,0.15038821205261454,-0.06512441644194245,1.0136530785123967
0.03836748,0.061533809,49058.93,0.15038821205261454,-0.05746273651244412,1.0136142561983472
0.03836748,0.063462637,49057.957,0.15038821205261454,-0.04980102877748356,1.013594152892562
0.03836748,0.065391466,49057.375,0.15038821205261454,-0.04213931707031413,1.0135821280991735
0.03836748,0.067320287,49056.898,0.15038821205261454,-0.034477637140815774,1.0135722727272727
0.03836748,0.069249108,49056.375,0.15038821205261454,-0.02681595721131748,1.0135614669421487
0.03836748,0.071177937,49055.816,0.15038821205261454,-0.01915424550414805,1.013549917355372
0.03836748,0.073106766,49055.34,0.15038821205261454,-0.011492533796978567,1.0135400826446281
0.03836748,0.075035587,49055.133,0.15038821205261454,-0.003830853867480268,1.013535805785124
0.03836748,0.076964408,49055.305,0.15038821205261454,0.0038308260620180308,1.0135393595041322
0.03836748,0.078893237,49055.859,0.15038821205261454,0.011492537769187513,1.013550805785124
0.03836748,0.080822065,49056.68,0.15038821205261454,0.01915424550414805,1.0135677685950413
0.03836748,0.082750887,49057.605,0.15038821205261454,0.02681592940585524,1.0135868801652894
0.03836748,0.084679708,49058.543,0.15038821205261454,0.03447760933535359,1.0136062603305784
0.03836748,0.086608537,49059.496,0.15038821205261454,0.04213932104252302,1.0136259504132232
0.03836748,0.088537365,49060.652,0.15038821205261454,0.049801028777483616,1.0136498347107439
0.03836748,0.090466186,49062.309,0.15038821205261454,0.05746270870698191,1.013684070247934
0.03836748,0.092395008,49064.938,0.15038821205261454,0.0651243926086891,1.0137383884297522
0.03836748,0.094323844,49069.051,0.15038821205261454,0.07278613212132082,1.013823367768595
0.03836748,0.096252665,49075.227,0.15038821205261454,0.08044781205081912,1.0139509710743801
0.03836748,0.098181486,49083.863,0.15038821205261454,0.08810949198031742,1.0141294008264463
0.03836748,0.10011031,49095.051,0.15038821205261454,0.0957711838264424,1.0143605578512396
0.03836748,0.10203914,49108.719,0.15038821205261454,0.10343289950582077,1.0146429545454545
0.03836748,0.10396796,49124.555,0.15038821205261454,0.11109457546311018,1.0149701446280992
0.03836748,0.10589679,49142.332,0.15038821205261454,0.11875629114248855,1.015337438016529
0.03836748,0.10782561,49162.004,0.15038821205261454,0.12641796709977796,1.0157438842975206
0.03836748,0.10975444,49183.789,0.15038821205261454,0.13407968277915627,1.0161939876033057
0.03836748,0.11168326,49208.238,0.15038821205261454,0.14174135873644575,1.016699132231405
0.03836748,0.11361209,49235.883,0.15038821205261454,0.14940307441582407,1.0172703099173555
0.03836748,0.11554092,49267.379,0.15038821205261454,0.15706479009520244,1.0179210537190082
0.03836748,0.11746974,49303.078,0.15038821205261454,0.16472646605249183,1.0186586363636363
0.03836748,0.11939856,49343.098,0.15038821205261454,0.17238814200978125,1.0194854958677686
0.03836748,0.12132739,49387.293,0.15038821205261454,0.18004985768915957,1.0203986157024794
0.03836748,0.12325621,49435.062,0.15038821205261454,0.18771153364644902,1.0213855785123966
0.03836748,0.12518504,49485.512,0.15038821205261454,0.19537324932582734,1.0224279338842976
0.03836748,0.12711386,49537.66,0.15038821205261454,0.20303492528311676,1.0235053719008265
0.03836748,0.12904269,49591.168,0.15038821205261454,0.21069664096249507,1.024610909090909
0.03836748,0.13089341,49645.184,0.15038821205261454,0.21804808740522932,1.0257269421487603
0.03836748,0.13258547,49699.902,0.15038821205261454,0.22476930318497618,1.026857479338843
0.03836748,0.13412371,49757.461,0.15038821205261454,0.23087951379277827,1.028046714876033
0.03836748,0.1355221,49818.184,0.15038821205261454,0.23643421098687306,1.0293013223140497
0.03836748,0.13679338,49880.461,0.15038821205261454,0.24148400070855927,1.0305880371900826
0.03836748,0.13794906,49942.074,0.15038821205261454,0.24607460308219725,1.0318610330578513
0.03836748,0.1389997,50001.48,0.15038821205261454,0.2502479646336984,1.0330884297520662
0.03965681,0.013000302,49989.527,0.15550970014482218,-0.25024796463369836,1.0328414669421488
0.03965681,0.014050936,49931.09,0.15550970014482218,-0.24607462691545054,1.0316340909090909
0.03965681,0.015206633,49870.016,0.15550970014482218,-0.24148395701426148,1.0303722314049588
0.03965681,0.0164779,49807.41,0.15550970014482218,-0.2364342189312908,1.0290787190082646
0.03965681,0.017876294,49744.848,0.15550970014482218,-0.23087950584836042,1.0277861157024792
0.03965681,0.019414527,49684.469,0.15550970014482218,-0.22476932304602057,1.0265386157024792
0.03965681,0.021106582,49627.273,0.15550970014482218,-0.21804812712731828,1.0253568801652893
0.03965681,0.02295731,49572.461,0.15550970014482218,-0.2106966489069129,1.0242244008264463
0.03965681,0.024886135,49520.023,0.15550970014482218,-0.203034953088579,1.0231409710743802
0.03965681,0.02681496,49470.035,0.15550970014482218,-0.19537325727024513,1.0221081611570249
0.03965681,0.028743785,49421.793,0.15550970014482218,-0.18771156145191123,1.0211114256198346
0.03965681,0.030672612,49375.938,0.15550970014482218,-0.18004985768915957,1.0201640082644627
0.03965681,0.032601438,49333.312,0.15550970014482218,-0.17238815789861678,1.0192833057851238
0.03965681,0.03453026,49294.648,0.15550970014482218,-0.1647264739969096,1.0184844628099174
0.03965681,0.036459088,49260.086,0.15550970014482218,-0.15706476626194904,1.0177703719008264
0.03965681,0.03838791,49229.543,0.15550970014482218,-0.14940308236024183,1.0171393181818182
0.03965681,0.040316738,49202.785,0.15550970014482218,-0.14174137462528127,1.016586466942149
0.03965681,0.042245559,49179.242,0.15550970014482218,-0.13407969469578296,1.016100041322314
0.03965681,0.044174388,49158.336,0.15550970014482218,-0.12641798298861348,1.0156680991735538
0.03965681,0.046103209,49139.836,0.15550970014482218,-0.11875630305911519,1.0152858677685952
0.03965681,0.048032038,49123.27,0.15550970014482218,-0.11109459135194574,1.0149435950413221
0.03965681,0.049960859,49108.707,0.15550970014482218,-0.10343291142244741,1.0146427066115702
0.03965681,0.051889684,49096.129,0.15550970014482218,-0.09577121560411354,1.0143828305785123
0.03965681,0.053818509,49085.738,0.15550970014482218,-0.08810951978577966,1.0141681404958678
0.03965681,0.055747338,49077.656,0.15550970014482218,-0.0804478080786102,1.0140011570247935
0.03965681,0.057676159,49072.004,0.15550970014482218,-0.07278612814911191,1.0138843801652893
0.03965681,0.059604988,49068.0,0.15550970014482218,-0.06512441644194245,1.013801652892562
0.03965681,0.061533809,49065.758,0.15550970014482218,-0.05746273651244412,1.0137553305785125
0.03965681,0.063462637,49064.508,0.15550970014482218,-0.04980102877748356,1.0137295041322314
0.03965681,0.065391466,49063.812,0.15550970014482218,-0.04213931707031413,1.0137151239669422
0.03965681,0.067320287,49063.352,0.15550970014482218,-0.034477637140815774,1.0137056198347107
0.03965681,0.069249108,49062.941,0.15550970014482218,-0.02681595721131748,1.0136971280991736
0.03965681,0.071177937,49062.551,0.15550970014482218,-0.01915424550414805,1.013689070247934
0.03965681,0.073106766,49062.246,0.15550970014482218,-0.011492533796978567,1.0136827685950414
0.03965681,0.075035587,49062.141,0.15550970014482218,-0.003830853867480268,1.0136805991735538
0.03965681,0.076964408,49062.297,0.15550970014482218,0.0038308260620180308,1.0136838223140496
0.03965681,0.078893237,49062.727,0.15550970014482218,0.011492537769187513,1.0136927066115702
0.03965681,0.080822065,49063.352,0.15550970014482218,0.01915424550414805,1.0137056198347107
0.03965681,0.082750887,49064.078,0.15550970014482218,0.02681592940585524,1.0137206198347108
0.03965681,0.084679708,49064.855,0.15550970014482218,0.03447760933535359,1.013736673553719
0.03965681,0.086608537,49065.734,0.15550970014482218,0.04213932104252302,1.0137548347107437
0.03965681,0.088537365,49066.93,0.15550970014482218,0.049801028777483616,1.0137795454545455
0.03965681,0.090466186,49068.793,0.15550970014482218,0.05746270870698191,1.0138180371900827
0.03965681,0.092395008,49071.812,0.15550970014482218,0.0651243926086891,1.0138804132231405
0.03965681,0.094323844,49076.473,0.15550970014482218,0.07278613212132082,1.013976714876033
0.03965681,0.096252665,49083.207,0.15550970014482218,0.08044781205081912,1.014115847107438
0.03965681,0.098181486,49092.301,0.15550970014482218,0.08810949198031742,1.0143037396694214
0.03965681,0.10011031,49103.773,0.15550970014482218,0.0957711838264424,1.01454076446281
0.03965681,0.10203914,49117.512,0.15550970014482218,0.10343289950582077,1.0148246280991735
0.03965681,0.10396796,49133.246,0.15550970014482218,0.11109457546311018,1.0151497107438017
0.03965681,0.10589679,49150.84,0.15550970014482218,0.11875629114248855,1.0155132231404957
0.03965681,0.10782561,49170.375,0.15550970014482218,0.12641796709977796,1.0159168388429751
0.03965681,0.10975444,49192.172,0.15550970014482218,0.13407968277915627,1.0163671900826445
0.03965681,0.11168326,49216.887,0.15550970014482218,0.14174135873644575,1.0168778305785124
0.03965681,0.11361209,49245.098,0.15550970014482218,0.14940307441582407,1.0174607024793387
0.03965681,0.11554092,49277.445,0.15550970014482218,0.15706479009520244,1.0181290289256197
0.03965681,0.11746974,49314.344,0.15550970014482218,0.16472646605249183,1.0188914049586777
0.03965681,0.11939856,49355.93,0.15550970014482218,0.17238814200978125,1.0197506198347108
0.03965681,0.12132739,49402.062,0.15550970014482218,0.18004985768915957,1.0207037603305784
0.03965681,0.12325621,49452.051,0.15550970014482218,0.18771153364644902,1.021736590909091
0.03965681,0.12518504,49505.047,0.15550970014482218,0.19537324932582734,1.0228315495867768
0.03965681,0.12711386,49560.523,0.15550970014482218,0.20303492528311676,1.0239777479338843
0.03965681,0.12904269,49619.137,0.15550970014482218,0.21069664096249507,1.0251887809917355
0.03965681,0.13089341,49680.797,0.15550970014482218,0.21804808740522932,1.0264627479338844
0.03965681,0.13258547,49745.238,0.15550970014482218,0.22476930318497618,1.027794173553719
0.03965681,0.13412371,49813.039,0.15550970014482218,0.23087951379277827,1.0291950206611569
0.03965681,0.1355221,49882.922,0.15550970014482218,0.23643421098687306,1.0306388842975207
0.03965681,0.13679338,49952.629,0.15550970014482218,0.24148400070855927,1.032079111570248
0.03965681,0.13794906,50020.41,0.15550970014482218,0.24607460308219725,1.0334795454545456
0.03965681,0.1389997,50085.098,0.15550970014482218,0.2502479646336984,1.0348160743801653
0.041139543,0.013000302,50084.594,0.1613994253535921,-0.25024796463369836,1.0348056611570247
0.041139543,0.014050936,50019.863,0.1613994253535921,-0.24607462691545054,1.033468243801653
0.041139543,0.015206633,49951.82,0.1613994253535921,-0.24148395701426148,1.0320623966942148
0.041139543,0.0164779,49881.156,0.1613994253535921,-0.2364342189312908,1.0306023966942148
0.041139543,0.017876294,49809.406,0.1613994253535921,-0.23087950584836042,1.029119958677686
0.041139543,0.019414527,49738.266,0.1613994253535921,-0.22476932304602057,1.0276501239669422
0.041139543,0.021106582,49669.777,0.1613994253535921,-0.21804812712731828,1.026235061983471
0.041139543,0.02295731,49605.008,0.1613994253535921,-0.2106966489069129,1.0248968595041323
0.041139543,0.024886135,49545.441,0.1613994253535921,-0.203034953088579,1.0236661363636363
0.041139543,0.02681496,49491.102,0.1613994253535921,-0.19537325727024513,1.0225434297520661
0.041139543,0.028743785,49440.23,0.1613994253535921,-0.18771156145191123,1.0214923553719009
0.041139543,0.030672612,49392.5,0.1613994253535921,-0.18004985768915957,1.0205061983471075
0.041139543,0.032601438,49348.305,0.1613994253535921,-0.17238815789861678,1.0195930785123968
0.041139543,0.03453026,49308.25,0.1613994253535921,-0.1647264739969096,1.0187654958677685
0.041139543,0.036459088,49272.602,0.1613994253535921,-0.15706476626194904,1.0180289669421487
0.041139543,0.03838791,49241.27,0.1613994253535921,-0.14940308236024183,1.0173816115702479
0.041139543,0.040316738,49214.102,0.1613994253535921,-0.14174137462528127,1.0168202892561984
0.041139543,0.042245559,49190.465,0.1613994253535921,-0.13407969469578296,1.0163319214876032
0.041139543,0.044174388,49169.801,0.1613994253535921,-0.12641798298861348,1.015904979338843
0.041139543,0.046103209,49151.5,0.1613994253535921,-0.11875630305911519,1.0155268595041322
0.041139543,0.048032038,49135.078,0.1613994253535921,-0.11109459135194574,1.0151875619834712
0.041139543,0.049960859,49120.426,0.1613994253535921,-0.10343291142244741,1.0148848347107438
0.041139543,0.051889684,49107.496,0.1613994253535921,-0.09577121560411354,1.0146176859504132
0.041139543,0.053818509,49096.539,0.1613994253535921,-0.08810951978577966,1.0143913016528925
0.041139543,0.055747338,49087.812,0.1613994253535921,-0.0804478080786102,1.014210991735537
0.041139543,0.057676159,49081.133,0.1613994253535921,-0.07278612814911191,1.0140729958677686
0.041139543,0.059604988,49076.559,0.1613994253535921,-0.06512441644194245,1.0139784917355372
0.041139543,0.061533809,49073.609,0.1613994253535921,-0.05746273651244412,1.013917541322314
0.041139543,0.063462637,49071.863,0.1613994253535921,-0.04980102877748356,1.0138814669421488
0.041139543,0.065391466,49070.902,0.1613994253535921,-0.04213931707031413,1.013861611570248
0.041139543,0.067320287,49070.395,0.1613994253535921,-0.034477637140815774,1.0138511363636362
0.041139543,0.069249108,49070.113,0.1613994253535921,-0.02681595721131748,1.0138453099173552
0.041139543,0.071177937,49069.965,0.1613994253535921,-0.01915424550414805,1.0138422520661157
0.041139543,0.073106766,49069.91,0.1613994253535921,-0.011492533796978567,1.0138411157024794
0.041139543,0.075035587,49069.949,0.1613994253535921,-0.003830853867480268,1.0138419214876033
0.041139543,0.076964408,49070.086,0.1613994253535921,0.0038308260620180308,1.0138447520661158
0.041139543,0.078893237,49070.324,0.1613994253535921,0.011492537769187513,1.0138496694214876
0.041139543,0.080822065,49070.668,0.1613994253535921,0.01915424550414805,1.0138567768595041
0.041139543,0.082750887,49071.121,0.1613994253535921,0.02681592940585524,1.0138661363636363
0.041139543,0.084679708,49071.734,0.1613994253535921,0.03447760933535359,1.0138788016528926
0.041139543,0.086608537,49072.605,0.1613994253535921,0.04213932104252302,1.0138967975206612
0.041139543,0.088537365,49074.0,0.1613994253535921,0.049801028777483616,1.0139256198347106
0.041139543,0.090466186,49076.27,0.1613994253535921,0.05746270870698191,1.013972520661157
0.041139543,0.092395008,49079.902,0.1613994253535921,0.0651243926086891,1.014047561983471
0.041139543,0.094323844,49085.344,0.1613994253535921,0.07278613212132082,1.01416
0.041139543,0.096252665,49092.887,0.1613994253535921,0.08044781205081912,1.014315847107438
0.041139543,0.098181486,49102.691,0.1613994253535921,0.08810949198031742,1.0145184090909092
0.041139543,0.10011031,49114.625,0.1613994253535921,0.0957711838264424,1.014764979338843
0.041139543,0.10203914,49128.566,0.1613994253535921,0.10343289950582077,1.0150530165289255
0.041139543,0.10396796,49144.293,0.1613994253535921,0.11109457546311018,1.0153779545454544
0.041139543,0.10589679,49161.793,0.1613994253535921,0.11875629114248855,1.0157395247933885
0.041139543,0.10782561,49181.297,0.1613994253535921,0.12641796709977796,1.0161425
0.041139543,0.10975444,49203.258,0.1613994253535921,0.13407968277915627,1.0165962396694215
0.041139543,0.11168326,49228.387,0.1613994253535921,0.14174135873644575,1.0171154338842976
0.041139543,0.11361209,49257.355,0.1613994253535921,0.14940307441582407,1.0177139462809919
0.041139543,0.11554092,49290.828,0.1613994253535921,0.15706479009520244,1.0184055371900826
0.041139543,0.11746974,49329.234,0.1613994253535921,0.16472646605249183,1.0191990495867769
0.041139543,0.11939856,49372.664,0.1613994253535921,0.17238814200978125,1.0200963636363636
0.041139543,0.12132739,49420.93,0.1613994253535921,0.18004985768915957,1.0210935950413222
0.041139543,0.12325621,49473.426,0.1613994253535921,0.18771153364644902,1.022178223140496
0.041139543,0.12518504,49529.762,0.1613994253535921,0.19537324932582734,1.0233421900826447
0.041139543,0.12711386,49590.355,0.1613994253535921,0.20303492528311676,1.024594111570248
0.041139543,0.12904269,49657.004,0.1613994253535921,0.21069664096249507,1.0259711570247934
0.041139543,0.13089341,49729.621,0.1613994253535921,0.21804808740522932,1.0274715082644628
0.041139543,0.13258547,49806.312,0.1613994253535921,0.22476930318497618,1.029056033057851
0.041139543,0.13412371,49885.707,0.1613994253535921,0.23087951379277827,1.0306964256198348
0.041139543,0.1355221,49965.535,0.1613994253535921,0.23643421098687306,1.03234576446281
0.041139543,0.13679338,50043.871,0.1613994253535921,0.24148400070855927,1.033964276859504
0.041139543,0.13794906,50119.066,0.1613994253535921,0.24607460308219725,1.0355178925619835
0.041139543,0.1389997,50190.395,0.1613994253535921,0.2502479646336984,1.036991632231405
0.042844683,0.013000302,50205.863,0.1681725976256613,-0.25024796463369836,1.0373112190082645
0.042844683,0.014050936,50132.902,0.1681725976256613,-0.24607462691545054,1.0358037603305785
0.042844683,0.015206633,50055.988,0.1681725976256613,-0.24148395701426148,1.0342146280991735
0.042844683,0.0164779,49975.73,0.1681725976256613,-0.2364342189312908,1.0325564049586777
0.042844683,0.017876294,49893.074,0.1681725976256613,-0.23087950584836042,1.0308486363636364
0.042844683,0.019414527,49809.922,0.1681725976256613,-0.22476932304602057,1.0291306198347108
0.042844683,0.021106582,49728.078,0.1681725976256613,-0.21804812712731828,1.0274396280991736
0.042844683,0.02295731,49650.309,0.1681725976256613,-0.2106966489069129,1.0258328305785125
0.042844683,0.024886135,49580.238,0.1681725976256613,-0.203034953088579,1.0243850826446281
0.042844683,0.02681496,49518.855,0.1681725976256613,-0.19537325727024513,1.0231168388429752
0.042844683,0.028743785,49463.781,0.1681725976256613,-0.18771156145191123,1.0219789462809918
0.042844683,0.030672612,49413.449,0.1681725976256613,-0.18004985768915957,1.02093902892562
0.042844683,0.032601438,49367.383,0.1681725976256613,-0.17238815789861678,1.0199872520661157
0.042844683,0.03453026,49325.77,0.1681725976256613,-0.1647264739969096,1.019127479338843
0.042844683,0.036459088,49288.793,0.1681725976256613,-0.15706476626194904,1.018363491735537
0.042844683,0.03838791,49256.629,0.1681725976256613,-0.14940308236024183,1.0176989462809918
0.042844683,0.040316738,49228.848,0.1681725976256613,-0.14174137462528127,1.0171249586776858
0.042844683,0.042245559,49204.887,0.1681725976256613,-0.13407969469578296,1.0166298966942149
0.042844683,0.044174388,49184.059,0.1681725976256613,-0.12641798298861348,1.0161995661157026
0.042844683,0.046103209,49165.664,0.1681725976256613,-0.11875630305911519,1.0158195041322313
0.042844683,0.048032038,49149.211,0.1681725976256613,-0.11109459135194574,1.0154795661157026
0.042844683,0.049960859,49134.293,0.1681725976256613,-0.10343291142244741,1.0151713429752065
0.042844683,0.051889684,49121.008,0.1681725976256613,-0.09577121560411354,1.0148968595041323
0.042844683,0.053818509,49109.465,0.1681725976256613,-0.08810951978577966,1.014658367768595
0.042844683,0.055747338,49099.688,0.1681725976256613,-0.0804478080786102,1.0144563636363637
0.042844683,0.057676159,49091.953,0.1681725976256613,-0.07278612814911191,1.0142965495867768
0.042844683,0.059604988,49086.336,0.1681725976256613,-0.06512441644194245,1.0141804958677687
0.042844683,0.061533809,49082.457,0.1681725976256613,-0.05746273651244412,1.0141003512396696
0.042844683,0.063462637,49080.035,0.1681725976256613,-0.04980102877748356,1.0140503099173555
0.042844683,0.065391466,49078.672,0.1681725976256613,-0.04213931707031413,1.0140221487603305
0.042844683,0.067320287,49078.051,0.1681725976256613,-0.034477637140815774,1.0140093181818182
0.042844683,0.069249108,49077.883,0.1681725976256613,-0.02681595721131748,1.014005847107438
0.042844683,0.071177937,49077.984,0.1681725976256613,-0.01915424550414805,1.0140079338842976
0.042844683,0.073106766,49078.188,0.1681725976256613,-0.011492533796978567,1.0140121487603306
0.042844683,0.075035587,49078.375,0.1681725976256613,-0.003830853867480268,1.0140160123966941
0.042844683,0.076964408,49078.477,0.1681725976256613,0.0038308260620180308,1.0140181198347107
0.042844683,0.078893237,49078.508,0.1681725976256613,0.011492537769187513,1.0140187603305786
0.042844683,0.080822065,49078.551,0.1681725976256613,0.01915424550414805,1.0140196487603306
0.042844683,0.082750887,49078.727,0.1681725976256613,0.02681592940585524,1.014023285123967
0.042844683,0.084679708,49079.203,0.1681725976256613,0.03447760933535359,1.0140331198347108
0.042844683,0.086608537,49080.176,0.1681725976256613,0.04213932104252302,1.014053223140496
0.042844683,0.088537365,49081.949,0.1681725976256613,0.049801028777483616,1.0140898553719009
0.042844683,0.090466186,49084.863,0.1681725976256613,0.05746270870698191,1.0141500619834711
0.042844683,0.092395008,49089.363,0.1681725976256613,0.0651243926086891,1.0142430371900826
0.042844683,0.094323844,49095.793,0.1681725976256613,0.07278613212132082,1.014375888429752
0.042844683,0.096252665,49104.324,0.1681725976256613,0.08044781205081912,1.0145521487603306
0.042844683,0.098181486,49114.98,0.1681725976256613,0.08810949198031742,1.0147723140495868
0.042844683,0.10011031,49127.555,0.1681725976256613,0.0957711838264424,1.0150321280991736
0.042844683,0.10203914,49141.871,0.1681725976256613,0.10343289950582077,1.0153279132231405
0.042844683,0.10396796,49157.75,0.1681725976256613,0.11109457546311018,1.0156559917355372
0.042844683,0.10589679,49175.324,0.1681725976256613,0.11875629114248855,1.016019090909091
0.042844683,0.10782561,49194.973,0.1681725976256613,0.12641796709977796,1.016425061983471
0.042844683,0.10975444,49217.309,0.1681725976256613,0.13407968277915627,1.016886549586777
0.042844683,0.11168326,49243.137,0.1681725976256613,0.14174135873644575,1.0174201859504133
0.042844683,0.11361209,49273.199,0.1681725976256613,0.14940307441582407,1.0180413016528926
0.042844683,0.11554092,49308.203,0.1681725976256613,0.15706479009520244,1.0187645247933885
0.042844683,0.11746974,49348.516,0.1681725976256613,0.16472646605249183,1.019597438016529
0.042844683,0.11939856,49394.156,0.1681725976256613,0.17238814200978125,1.0205404132231406
0.042844683,0.12132739,49444.996,0.1681725976256613,0.18004985768915957,1.021590826446281
0.042844683,0.12325621,49500.902,0.1681725976256613,0.18771153364644902,1.0227459090909092
0.042844683,0.12518504,49562.422,0.1681725976256613,0.19537324932582734,1.0240169834710744
0.042844683,0.12711386,49631.137,0.1681725976256613,0.20303492528311676,1.025436714876033
0.042844683,0.12904269,49709.543,0.1681725976256613,0.21069664096249507,1.027056673553719
0.042844683,0.13089341,49796.445,0.1681725976256613,0.21804808740522932,1.0288521694214876
0.042844683,0.13258547,49887.508,0.1681725976256613,0.22476930318497618,1.0307336363636364
0.042844683,0.13412371,49979.832,0.1681725976256613,0.23087951379277827,1.0326411570247935
0.042844683,0.1355221,50071.273,0.1681725976256613,0.23643421098687306,1.0345304338842976
0.042844683,0.13679338,50159.773,0.1681725976256613,0.24148400070855927,1.0363589462809917
0.042844683,0.13794906,50244.242,0.1681725976256613,0.24607460308219725,1.0381041735537189
0.042844683,0.1389997,50324.199,0.1681725976256613,0.2502479646336984,1.0397561776859505
0.044805598,0.013000302,50364.828,0.17596176162737642,-0.25024796463369836,1.0405956198347108
0.044805598,0.014050936,50280.75,0.17596176162737642,-0.24607462691545054,1.0388584710743802
0.044805598,0.015206633,50192.16,0.17596176162737642,-0.24148395701426148,1.0370280991735539
0.044805598,0.0164779,50099.547,0.17596176162737642,-0.2364342189312908,1.0351146074380164
0.044805598,0.017876294,50003.633,0.17596176162737642,-0.23087950584836042,1.0331329132231406
0.044805598,0.019414527,49905.945,0.17596176162737642,-0.22476932304602057,1.0311145661157024
0.044805598,0.021106582,49808.918,0.17596176162737642,-0.21804812712731828,1.0291098760330577
0.044805598,0.02295731,49715.305,0.17596176162737642,-0.2106966489069129,1.0271757231404959
0.044805598,0.024886135,49631.02,0.17596176162737642,-0.203034953088579,1.0254342975206612
0.044805598,0.02681496,49558.832,0.17596176162737642,-0.19537325727024513,1.0239428099173553
0.044805598,0.028743785,49496.367,0.17596176162737642,-0.18771156145191123,1.0226522107438016
0.044805598,0.030672612,49441.453,0.17596176162737642,-0.18004985768915957,1.0215176239669421
0.044805598,0.032601438,49392.516,0.17596176162737642,-0.17238815789861678,1.0205065289256199
0.044805598,0.03453026,49348.898,0.17596176162737642,-0.1647264739969096,1.0196053305785124
0.044805598,0.036459088,49310.348,0.17596176162737642,-0.15706476626194904,1.0188088429752065
0.044805598,0.03838791,49276.754,0.17596176162737642,-0.14940308236024183,1.0181147520661158
0.044805598,0.040316738,49247.816,0.17596176162737642,-0.14174137462528127,1.0175168595041322
0.044805598,0.042245559,49223.023,0.17596176162737642,-0.13407969469578296,1.0170046074380166
0.044805598,0.044174388,49201.719,0.17596176162737642,-0.12641798298861348,1.0165644421487603
0.044805598,0.046103209,49183.105,0.17596176162737642,-0.11875630305911519,1.0161798553719008
0.044805598,0.048032038,49166.5,0.17596176162737642,-0.11109459135194574,1.0158367768595042
0.044805598,0.049960859,49151.344,0.17596176162737642,-0.10343291142244741,1.0155236363636364
0.044805598,0.051889684,49137.477,0.17596176162737642,-0.09577121560411354,1.0152371280991734
0.044805598,0.053818509,49125.0,0.17596176162737642,-0.08810951978577966,1.0149793388429753
0.044805598,0.055747338,49114.105,0.17596176162737642,-0.0804478080786102,1.0147542355371901
0.044805598,0.057676159,49105.035,0.17596176162737642,-0.07278612814911191,1.0145668388429754
0.044805598,0.059604988,49097.992,0.17596176162737642,-0.06512441644194245,1.0144213223140495
0.044805598,0.061533809,49092.918,0.17596176162737642,-0.05746273651244412,1.0143164876033057
0.044805598,0.063462637,49089.598,0.17596176162737642,-0.04980102877748356,1.0142478925619833
0.044805598,0.065391466,49087.695,0.17596176162737642,-0.04213931707031413,1.0142085743801652
0.044805598,0.067320287,49086.863,0.17596176162737642,-0.034477637140815774,1.0141913842975205
0.044805598,0.069249108,49086.738,0.17596176162737642,-0.02681595721131748,1.0141888016528926
0.044805598,0.071177937,49087.004,0.17596176162737642,-0.01915424550414805,1.0141942975206613
0.044805598,0.073106766,49087.379,0.17596176162737642,-0.011492533796978567,1.0142020454545455
0.044805598,0.075035587,49087.66,0.17596176162737642,-0.003830853867480268,1.0142078512396695
0.044805598,0.076964408,49087.742,0.17596176162737642,0.0038308260620180308,1.0142095454545454
0.044805598,0.078893237,49087.641,0.17596176162737642,0.011492537769187513,1.014207458677686
0.044805598,0.080822065,49087.473,0.17596176162737642,0.01915424550414805,1.0142039876033058
0.044805598,0.082750887,49087.457,0.17596176162737642,0.02681592940585524,1.0142036570247934
0.044805598,0.084679708,49087.883,0.17596176162737642,0.03447760933535359,1.014212458677686
0.044805598,0.086608537,49089.07,0.17596176162737642,0.04213932104252302,1.0142369834710743
0.044805598,0.088537365,49091.387,0.17596176162737642,0.049801028777483616,1.0142848553719008
0.044805598,0.090466186,49095.18,0.17596176162737642,0.05746270870698191,1.014363223140496
0.044805598,0.092395008,49100.801,0.17596176162737642,0.0651243926086891,1.0144793595041321
0.044805598,0.094323844,49108.457,0.17596176162737642,0.07278613212132082,1.014637541322314
0.044805598,0.096252665,49118.18,0.17596176162737642,0.08044781205081912,1.014838429752066
0.044805598,0.098181486,49129.871,0.17596176162737642,0.08810949198031742,1.015079979338843
0.044805598,0.10011031,49143.238,0.17596176162737642,0.0957711838264424,1.0153561570247933
0.044805598,0.10203914,49158.082,0.17596176162737642,0.10343289950582077,1.0156628512396695
0.044805598,0.10396796,49174.309,0.17596176162737642,0.11109457546311018,1.0159981198347108
0.044805598,0.10589679,49192.203,0.17596176162737642,0.11875629114248855,1.0163678305785124
0.044805598,0.10782561,49212.312,0.17596176162737642,0.12641796709977796,1.0167833057851239
0.044805598,0.10975444,49235.426,0.17596176162737642,0.13407968277915627,1.017260867768595
0.044805598,0.11168326,49262.473,0.17596176162737642,0.14174135873644575,1.0178196900826446
0.044805598,0.11361209,49294.203,0.17596176162737642,0.14940307441582407,1.0184752685950413
0.044805598,0.11554092,49331.297,0.17596176162737642,0.15706479009520244,1.019241673553719
0.044805598,0.11746974,49374.043,0.17596176162737642,0.16472646605249183,1.0201248553719007
0.044805598,0.11939856,49422.559,0.17596176162737642,0.17238814200978125,1.0211272520661157
0.044805598,0.12132739,49477.18,0.17596176162737642,0.18004985768915957,1.0222557851239669
0.044805598,0.12325621,49538.684,0.17596176162737642,0.18771153364644902,1.02352652892562
0.044805598,0.12518504,49608.738,0.17596176162737642,0.19537324932582734,1.0249739256198347
0.044805598,0.12711386,49689.723,0.17596176162737642,0.20303492528311676,1.0266471694214876
0.044805598,0.12904269,49783.973,0.17596176162737642,0.21069664096249507,1.0285944834710743
0.044805598,0.13089341,49888.289,0.17596176162737642,0.21804808740522932,1.0307497727272728
0.044805598,0.13258547,49995.914,0.17596176162737642,0.22476930318497618,1.032973429752066
0.044805598,0.13412371,50103.781,0.17596176162737642,0.23087951379277827,1.0352020867768597
0.044805598,0.1355221,50209.145,0.17596176162737642,0.23643421098687306,1.0373790289256197
0.044805598,0.13679338,50310.535,0.17596176162737642,0.24148400070855927,1.0394738636363636
0.044805598,0.13794906,50407.125,0.17596176162737642,0.24607460308219725,1.0414695247933885
0.044805598,0.1389997,50498.535,0.17596176162737642,0.2502479646336984,1.0433581611570248
0.04702124,0.013000302,50573.348,0.1847627544838175,-0.25024796463369836,1.0449038842975207
0.04702124,0.014050936,50475.285,0.1847627544838175,-0.24607462691545054,1.0428777892561985
0.04702124,0.015206633,50371.723,0.1847627544838175,-0.24148395701426148,1.0407380785123967
0.04702124,0.0164779,50263.266,0.1847627544838175,-0.2364342189312908,1.0384972314049588
0.04702124,0.017876294,50150.82,0.1847627544838175,-0.23087950584836042,1.0361739669421488
0.04702124,0.019414527,50035.617,0.1847627544838175,-0.22476932304602057,1.0337937396694215
0.04702124,0.021106582,49919.781,0.1847627544838175,-0.21804812712731828,1.0314004338842975
0.04702124,0.02295731,49807.203,0.1847627544838175,-0.2106966489069129,1.0290744421487603
0.04702124,0.024886135,49704.875,0.1847627544838175,-0.203034953088579,1.0269602272727272
0.04702124,0.02681496,49617.539,0.1847627544838175,-0.19537325727024513,1.0251557644628098
0.04702124,0.028743785,49543.477,0.1847627544838175,-0.18771156145191123,1.0236255578512397
0.04702124,0.030672612,49480.508,0.1847627544838175,-0.18004985768915957,1.0223245454545455
0.04702124,0.032601438,49426.285,0.1847627544838175,-0.17238815789861678,1.0212042355371902
0.04702124,0.03453026,49379.156,0.1847627544838175,-0.1647264739969096,1.0202304958677686
0.04702124,0.036459088,49338.008,0.1847627544838175,-0.15706476626194904,1.0193803305785125
0.04702124,0.03838791,49302.324,0.1847627544838175,-0.14940308236024183,1.0186430578512398
0.04702124,0.040316738,49271.645,0.1847627544838175,-0.14174137462528127,1.018009194214876
0.04702124,0.042245559,49245.496,0.1847627544838175,-0.13407969469578296,1.0174689256198346
0.04702124,0.044174388,49223.191,0.1847627544838175,-0.12641798298861348,1.0170080785123967
0.04702124,0.046103209,49203.887,0.1847627544838175,-0.11875630305911519,1.01660923553719
0.04702124,0.048032038,49186.715,0.1847627544838175,-0.11109459135194574,1.0162544421487603
0.04702124,0.049960859,49171.004,0.1847627544838175,-0.10343291142244741,1.0159298347107437
0.04702124,0.051889684,49156.328,0.1847627544838175,-0.09577121560411354,1.015626611570248
0.04702124,0.053818509,49142.758,0.1847627544838175,-0.08810951978577966,1.0153462396694215
0.04702124,0.055747338,49130.516,0.1847627544838175,-0.0804478080786102,1.0150933057851241
0.04702124,0.057676159,49119.945,0.1847627544838175,-0.07278612814911191,1.014874896694215
0.04702124,0.059604988,49111.348,0.1847627544838175,-0.06512441644194245,1.0146972727272727
0.04702124,0.061533809,49104.852,0.1847627544838175,-0.05746273651244412,1.0145630578512397
0.04702124,0.063462637,49100.41,0.1847627544838175,-0.04980102877748356,1.0144712809917356
0.04702124,0.065391466,49097.754,0.1847627544838175,-0.04213931707031413,1.0144164049586777
0.04702124,0.067320287,49096.543,0.1847627544838175,-0.034477637140815774,1.0143913842975205
0.04702124,0.069249108,49096.305,0.1847627544838175,-0.02681595721131748,1.0143864669421487
0.04702124,0.071177937,49096.605,0.1847627544838175,-0.01915424550414805,1.0143926652892563
0.04702124,0.073106766,49097.059,0.1847627544838175,-0.011492533796978567,1.0144020454545455
0.04702124,0.075035587,49097.395,0.1847627544838175,-0.003830853867480268,1.0144089876033058
0.04702124,0.076964408,49097.48,0.1847627544838175,0.0038308260620180308,1.014410743801653
0.04702124,0.078893237,49097.32,0.1847627544838175,0.011492537769187513,1.0144074380165289
0.04702124,0.080822065,49097.066,0.1847627544838175,0.01915424550414805,1.0144021900826445
0.04702124,0.082750887,49097.0,0.1847627544838175,0.02681592940585524,1.014400826446281
0.04702124,0.084679708,49097.527,0.1847627544838175,0.03447760933535359,1.014411714876033
0.04702124,0.086608537,49099.086,0.1847627544838175,0.04213932104252302,1.0144439256198348
0.04702124,0.088537365,49102.141,0.1847627544838175,0.049801028777483616,1.0145070454545455
0.04702124,0.090466186,49107.02,0.1847627544838175,0.05746270870698191,1.0146078512396695
0.04702124,0.092395008,49113.988,0.1847627544838175,0.0651243926086891,1.014751818181818
0.04702124,0.094323844,49123.102,0.1847627544838175,0.07278613212132082,1.0149401239669422
0.04702124,0.096252665,49134.234,0.1847627544838175,0.08044781205081912,1.0151701239669422
0.04702124,0.098181486,49147.137,0.1847627544838175,0.08810949198031742,1.015436714876033
0.04702124,0.10011031,49161.465,0.1847627544838175,0.0957711838264424,1.0157327479338842
0.04702124,0.10203914,49177.039,0.1847627544838175,0.10343289950582077,1.0160545247933883
0.04702124,0.10396796,49193.883,0.1847627544838175,0.11109457546311018,1.0164025413223141
0.04702124,0.10589679,49212.477,0.1847627544838175,0.11875629114248855,1.016786714876033
0.04702124,0.10782561,49233.59,0.1847627544838175,0.12641796709977796,1.0172229338842975
0.04702124,0.10975444,49258.16,0.1847627544838175,0.13407968277915627,1.0177305785123967
0.04702124,0.11168326,49287.191,0.1847627544838175,0.14174135873644575,1.0183303925619835
0.04702124,0.11361209,49321.41,0.1847627544838175,0.14940307441582407,1.019037396694215
0.04702124,0.11554092,49361.434,0.1847627544838175,0.15706479009520244,1.0198643388429753
0.04702124,0.11746974,49407.68,0.1847627544838175,0.16472646605249183,1.0208198347107438
0.04702124,0.11939856,49460.758,0.1847627544838175,0.17238814200978125,1.0219164876033058
0.04702124,0.12132739,49521.871,0.1847627544838175,0.18004985768915957,1.023179152892562
0.04702124,0.12325621,49592.828,0.1847627544838175,0.18771153364644902,1.0246452066115703
0.04702124,0.12518504,49676.094,0.1847627544838175,0.19537324932582734,1.0263655785123966
0.04702124,0.12711386,49774.035,0.1847627544838175,0.20303492528311676,1.0283891528925622
0.04702124,0.12904269,49888.148,0.1847627544838175,0.21069664096249507,1.0307468595041323
0.04702124,0.13089341,50013.09,0.1847627544838175,0.21804808740522932,1.033328305785124
0.04702124,0.13258547,50140.945,0.1847627544838175,0.22476930318497618,1.0359699380165288
0.04702124,0.13412371,50267.34,0.1847627544838175,0.23087951379277827,1.0385814049586777
0.04702124,0.1355221,50390.102,0.1847627544838175,0.23643421098687306,1.0411178099173553
0.04702124,0.13679338,50507.918,0.1847627544838175,0.24148400070855927,1.0435520247933885
0.04702124,0.13794906,50619.914,0.1847627544838175,0.24607460308219725,1.045865991735537
0.04702124,0.1389997,50725.594,0.1847627544838175,0.2502479646336984,1.0480494628099173
0.049354807,0.013000302,50826.262,0.1940321700739835,-0.25024796463369836,1.0501293801652893
0.049354807,0.014050936,50713.16,0.1940321700739835,-0.24607462691545054,1.0477925619834711
0.049354807,0.015206633,50592.809,0.1940321700739835,-0.24148395701426148,1.0453059710743802
0.049354807,0.0164779,50466.086,0.1940321700739835,-0.2364342189312908,1.0426877272727273
0.049354807,0.017876294,50334.168,0.1940321700739835,-0.23087950584836042,1.0399621487603306
0.049354807,0.019414527,50198.555,0.1940321700739835,-0.22476932304602057,1.0371602272727274
0.049354807,0.021106582,50061.387,0.1940321700739835,-0.21804812712731828,1.0343261776859505
0.049354807,0.02295731,49926.582,0.1940321700739835,-0.2106966489069129,1.0315409504132231
0.049354807,0.024886135,49803.211,0.1940321700739835,-0.203034953088579,1.0289919628099173
0.049354807,0.02681496,49697.148,0.1940321700739835,-0.19537325727024513,1.0268005785123968
0.049354807,0.028743785,49607.484,0.1940321700739835,-0.18771156145191123,1.0249480165289255
0.049354807,0.030672612,49532.406,0.1940321700739835,-0.18004985768915957,1.0233968181818183
0.049354807,0.032601438,49469.434,0.1940321700739835,-0.17238815789861678,1.022095743801653
0.049354807,0.03453026,49416.188,0.1940321700739835,-0.1647264739969096,1.0209956198347108
0.049354807,0.036459088,49370.691,0.1940321700739835,-0.15706476626194904,1.0200555991735536
0.049354807,0.03838791,49331.645,0.1940321700739835,-0.14940308236024183,1.0192488636363635
0.049354807,0.040316738,49298.297,0.1940321700739835,-0.14174137462528127,1.0185598553719009
0.049354807,0.042245559,49270.0,0.1940321700739835,-0.13407969469578296,1.0179752066115701
0.049354807,0.044174388,49245.996,0.1940321700739835,-0.12641798298861348,1.017479256198347
0.049354807,0.046103209,49225.426,0.1940321700739835,-0.11875630305911519,1.017054256198347
0.049354807,0.048032038,49207.16,0.1940321700739835,-0.11109459135194574,1.0166768595041322
0.049354807,0.049960859,49190.496,0.1940321700739835,-0.10343291142244741,1.016332561983471
0.049354807,0.051889684,49174.871,0.1940321700739835,-0.09577121560411354,1.0160097314049588
0.049354807,0.053818509,49160.184,0.1940321700739835,-0.08810951978577966,1.0157062809917357
0.049354807,0.055747338,49146.586,0.1940321700739835,-0.0804478080786102,1.0154253305785124
0.049354807,0.057676159,49134.484,0.1940321700739835,-0.07278612814911191,1.0151752892561983
0.049354807,0.059604988,49124.301,0.1940321700739835,-0.06512441644194245,1.0149648966942149
0.049354807,0.061533809,49116.309,0.1940321700739835,-0.05746273651244412,1.0147997727272728
0.049354807,0.063462637,49110.605,0.1940321700739835,-0.04980102877748356,1.0146819214876033
0.049354807,0.065391466,49107.012,0.1940321700739835,-0.04213931707031413,1.0146076859504132
0.049354807,0.067320287,49105.203,0.1940321700739835,-0.034477637140815774,1.0145703099173553
0.049354807,0.069249108,49104.664,0.1940321700739835,-0.02681595721131748,1.014559173553719
0.049354807,0.071177937,49104.863,0.1940321700739835,-0.01915424550414805,1.014563285123967
0.049354807,0.073106766,49105.312,0.1940321700739835,-0.011492533796978567,1.0145725619834711
0.049354807,0.075035587,49105.676,0.1940321700739835,-0.003830853867480268,1.014580082644628
0.049354807,0.076964408,49105.77,0.1940321700739835,0.0038308260620180308,1.0145820247933883
0.049354807,0.078893237,49105.598,0.1940321700739835,0.011492537769187513,1.0145784710743802
0.049354807,0.080822065,49105.352,0.1940321700739835,0.01915424550414805,1.014573388429752
0.049354807,0.082750887,49105.387,0.1940321700739835,0.02681592940585524,1.014574111570248
0.049354807,0.084679708,49106.203,0.1940321700739835,0.03447760933535359,1.0145909710743801
0.049354807,0.086608537,49108.34,0.1940321700739835,0.04213932104252302,1.014635123966942
0.049354807,0.088537365,49112.305,0.1940321700739835,0.049801028777483616,1.0147170454545456
0.049354807,0.090466186,49118.398,0.1940321700739835,0.05746270870698191,1.0148429338842975
0.049354807,0.092395008,49126.797,0.1940321700739835,0.0651243926086891,1.0150164669421486
0.049354807,0.094323844,49137.414,0.1940321700739835,0.07278613212132082,1.0152358264462809
0.049354807,0.096252665,49149.969,0.1940321700739835,0.08044781205081912,1.0154952272727271
0.049354807,0.098181486,49164.117,0.1940321700739835,0.08810949198031742,1.015787541322314
0.049354807,0.10011031,49179.488,0.1940321700739835,0.0957711838264424,1.016105123966942
0.049354807,0.10203914,49196.016,0.1940321700739835,0.10343289950582077,1.016446611570248
0.049354807,0.10396796,49213.902,0.1940321700739835,0.11109457546311018,1.0168161570247933
0.049354807,0.10589679,49233.82,0.1940321700739835,0.11875629114248855,1.0172276859504132
0.049354807,0.10782561,49256.727,0.1940321700739835,0.12641796709977796,1.01770097107438
0.049354807,0.10975444,49283.613,0.1940321700739835,0.13407968277915627,1.0182564669421488
0.049354807,0.11168326,49315.535,0.1940321700739835,0.14174135873644575,1.0189160123966943
0.049354807,0.11361209,49353.25,0.1940321700739835,0.14940307441582407,1.0196952479338843
0.049354807,0.11554092,49397.523,0.1940321700739835,0.15706479009520244,1.020609979338843
0.049354807,0.11746974,49449.234,0.1940321700739835,0.16472646605249183,1.021678388429752
0.049354807,0.11939856,49509.762,0.1940321700739835,0.17238814200978125,1.0229289669421489
0.049354807,0.12132739,49581.215,0.1940321700739835,0.18004985768915957,1.0244052685950413
0.049354807,0.12325621,49666.109,0.1940321700739835,0.18771153364644902,1.026159276859504
0.049354807,0.12518504,49766.965,0.1940321700739835,0.19537324932582734,1.0282430785123966
0.049354807,0.12711386,49885.59,0.1940321700739835,0.20303492528311676,1.0306940082644627
0.049354807,0.12904269,50022.617,0.1940321700739835,0.21069664096249507,1.033525144628099
0.049354807,0.13089341,50171.383,0.1940321700739835,0.21804808740522932,1.0365988223140497
0.049354807,0.13258547,50321.645,0.1940321700739835,0.22476930318497618,1.039703409090909
0.049354807,0.13412371,50469.273,0.1940321700739835,0.23087951379277827,1.0427535743801652
0.049354807,0.1355221,50612.172,0.1940321700739835,0.23643421098687306,1.0457060330578511
0.049354807,0.13679338,50748.797,0.1940321700739835,0.24148400070855927,1.0485288636363637
0.049354807,0.13794906,50877.992,0.1940321700739835,0.24607460308219725,1.0511981818181817
0.049354807,0.1389997,50999.031,0.1940321700739835,0.2502479646336984,1.0536989876033058
0.051688369,0.13089341,50361.441,0.20330156580310502,0.21804808740522932,1.0405256404958678
0.051688369,0.13258547,50535.832,0.20330156580310502,0.22476930318497618,1.0441287603305787
0.051688369,0.13412371,50706.395,0.20330156580310502,0.23087951379277827,1.0476527892561982
0.051688369,0.1355221,50870.641,0.20330156580310502,0.23643421098687306,1.0510463016528926
0.051688369,0.13679338,51026.629,0.20330156580310502,0.24148400070855927,1.054269194214876
0.051688369,0.13794906,51172.965,0.20330156580310502,0.24607460308219725,1.057292665289256
0.051688369,0.1389997,51308.844,0.20330156580310502,0.2502479646336984,1.060100082644628
0.051688373,0.013000302,51115.082,0.2033015816919406,-0.25024796463369836,1.0560967355371902
0.051688373,0.014050936,50987.086,0.2033015816919406,-0.24607462691545054,1.0534521900826448
0.051688373,0.015206633,50849.703,0.2033015816919406,-0.24148395701426148,1.0506136983471075
0.051688373,0.0164779,50703.898,0.2033015816919406,-0.2364342189312908,1.0476011983471074
0.051688373,0.017876294,50551.102,0.2033015816919406,-0.23087950584836042,1.0444442561983471
0.051688373,0.019414527,50393.25,0.2033015816919406,-0.22476932304602057,1.0411828512396695
0.051688373,0.021106582,50232.965,0.2033015816919406,-0.21804812712731828,1.0378711776859504
0.051688373,0.02295731,50074.332,0.2033015816919406,-0.2106966489069129,1.0345936363636363
0.051688373,0.024886135,49927.801,0.2033015816919406,-0.203034953088579,1.0315661363636364
0.051688373,0.02681496,49800.512,0.2033015816919406,-0.19537325727024513,1.0289361983471075
0.051688373,0.028743785,49691.973,0.2033015816919406,-0.18771156145191123,1.0266936570247933
0.051688373,0.030672612,49600.895,0.2033015816919406,-0.18004985768915957,1.0248118801652892
0.051688373,0.032601438,49525.133,0.2033015816919406,-0.17238815789861678,1.0232465495867769
0.051688373,0.03453026,49462.223,0.2033015816919406,-0.1647264739969096,1.021946756198347
0.051688373,0.036459088,49409.652,0.2033015816919406,-0.15706476626194904,1.0208605785123968
0.051688373,0.03838791,49365.492,0.2033015816919406,-0.14940308236024183,1.0199481818181817
0.051688373,0.040316738,49328.254,0.2033015816919406,-0.14174137462528127,1.0191788016528927
0.051688373,0.042245559,49296.738,0.2033015816919406,-0.13407969469578296,1.018527644628099
0.051688373,0.044174388,49270.059,0.2033015816919406,-0.12641798298861348,1.0179764256198347
0.051688373,0.046103209,49247.242,0.2033015816919406,-0.11875630305911519,1.0175049999999999
0.051688373,0.048032038,49227.246,0.2033015816919406,-0.11109459135194574,1.0170918595041323
0.051688373,0.049960859,49209.258,0.2033015816919406,-0.10343291142244741,1.0167202066115704
0.051688373,0.051889684,49192.488,0.2033015816919406,-0.09577121560411354,1.0163737190082645
0.051688373,0.053818509,49176.68,0.2033015816919406,-0.08810951978577966,1.0160471074380166
0.051688373,0.055747338,49161.848,0.2033015816919406,-0.0804478080786102,1.0157406611570248
0.051688373,0.057676159,49148.371,0.2033015816919406,-0.07278612814911191,1.0154622107438016
0.051688373,0.059604988,49136.711,0.2033015816919406,-0.06512441644194245,1.0152213016528926
0.051688373,0.061533809,49127.25,0.2033015816919406,-0.05746273651244412,1.015025826446281
0.051688373,0.063462637,49120.219,0.2033015816919406,-0.04980102877748356,1.0148805578512397
0.051688373,0.065391466,49115.539,0.2033015816919406,-0.04213931707031413,1.0147838636363635
0.051688373,0.067320287,49112.941,0.2033015816919406,-0.034477637140815774,1.0147301859504132
0.051688373,0.069249108,49111.918,0.2033015816919406,-0.02681595721131748,1.0147090495867768
0.051688373,0.071177937,49111.879,0.2033015816919406,-0.01915424550414805,1.0147082438016528
0.051688373,0.073106766,49112.258,0.2033015816919406,-0.011492533796978567,1.0147160743801653
0.051688373,0.075035587,49112.609,0.2033015816919406,-0.003830853867480268,1.014723326446281
0.051688373,0.076964408,49112.703,0.2033015816919406,0.0038308260620180308,1.0147252685950414
0.051688373,0.078893237,49112.535,0.2033015816919406,0.011492537769187513,1.0147217975206613
0.051688373,0.080822065,49112.371,0.2033015816919406,0.01915424550414805,1.0147184090909092
0.051688373,0.082750887,49112.652,0.2033015816919406,0.02681592940585524,1.0147242148760331
0.051688373,0.084679708,49113.957,0.2033015816919406,0.03447760933535359,1.0147511776859504
0.051688373,0.086608537,49116.871,0.2033015816919406,0.04213932104252302,1.0148113842975206
0.051688373,0.088537365,49121.891,0.2033015816919406,0.049801028777483616,1.0149151033057853
0.051688373,0.090466186,49129.27,0.2033015816919406,0.05746270870698191,1.015067561983471
0.051688373,0.092395008,49139.078,0.2033015816919406,0.0651243926086891,1.0152702066115702
0.051688373,0.094323844,49151.105,0.2033015816919406,0.07278613212132082,1.0155186983471074
0.051688373,0.096252665,49164.965,0.2033015816919406,0.08044781205081912,1.015805061983471
0.051688373,0.098181486,49180.289,0.2033015816919406,0.08810949198031742,1.0161216735537189
0.051688373,0.10011031,49196.789,0.2033015816919406,0.0957711838264424,1.016462582644628
0.051688373,0.10203914,49214.551,0.2033015816919406,0.10343289950582077,1.0168295661157025
0.051688373,0.10396796,49233.992,0.2033015816919406,0.11109457546311018,1.0172312396694214
0.051688373,0.10589679,49255.969,0.2033015816919406,0.11875629114248855,1.0176853099173553
0.051688373,0.10782561,49281.547,0.2033015816919406,0.12641796709977796,1.0182137809917355
0.051688373,0.10975444,49311.766,0.2033015816919406,0.13407968277915627,1.0188381404958677
0.051688373,0.11168326,49347.758,0.2033015816919406,0.14174135873644575,1.0195817768595041
0.051688373,0.11361209,49390.477,0.2033015816919406,0.14940307441582407,1.0204644008264463
0.051688373,0.11554092,49441.125,0.2033015816919406,0.15706479009520244,1.0215108471074381
0.051688373,0.11746974,49501.297,0.2033015816919406,0.16472646605249183,1.0227540702479339
0.051688373,0.11939856,49573.098,0.2033015816919406,0.17238814200978125,1.024237561983471
0.051688373,0.12132739,49659.176,0.2033015816919406,0.18004985768915957,1.0260160330578512
0.051688373,0.12325621,49762.086,0.2033015816919406,0.18771153364644902,1.0281422727272729
0.051688373,0.12518504,49883.859,0.2033015816919406,0.19537324932582734,1.0306582438016527
0.051688373,0.12711386,50025.605,0.2033015816919406,0.20303492528311676,1.0335868801652892
0.051688373,0.12904269,50187.543,0.2033015816919406,0.21069664096249507,1.03693270661157
0.054021936,0.088537365,49131.25,0.21257098139327102,0.049801028777483616,1.01510847107438
0.054021936,0.090466186,49139.945,0.21257098139327102,0.05746270870698191,1.0152881198347108
0.054021936,0.092395008,49151.105,0.21257098139327102,0.0651243926086891,1.0155186983471074
0.054021936,0.094323844,49164.426,0.21257098139327102,0.07278613212132082,1.0157939256198347
0.054021936,0.096252665,49179.5,0.21257098139327102,0.08044781205081912,1.0161053719008264
0.054021936,0.098181486,49196.023,0.21257098139327102,0.08810949198031742,1.0164467561983472
0.054021936,0.10011031,49213.852,0.21257098139327102,0.0957711838264424,1.016815123966942
0.054021936,0.10203914,49233.273,0.21257098139327102,0.10343289950582077,1.0172163842975206
0.054021936,0.10396796,49254.926,0.21257098139327102,0.11109457546311018,1.0176637603305785
0.054021936,0.10589679,49279.824,0.21257098139327102,0.11875629114248855,1.0181781818181819
0.054021936,0.10782561,49309.113,0.21257098139327102,0.12641796709977796,1.018783326446281
0.054021936,0.10975444,49344.0,0.21257098139327102,0.13407968277915627,1.019504132231405
0.054021936,0.11168326,49385.832,0.21257098139327102,0.14174135873644575,1.020368429752066
0.054021936,0.11361209,49435.98,0.21257098139327102,0.14940307441582407,1.0214045454545455
0.054021936,0.11554092,49496.258,0.21257098139327102,0.15706479009520244,1.022649958677686
0.054021936,0.11746974,49568.902,0.21257098139327102,0.16472646605249183,1.024150867768595
0.054021936,0.11939856,49656.414,0.21257098139327102,0.17238814200978125,1.0259589669421487
0.054021936,0.12132739,49761.43,0.21257098139327102,0.18004985768915957,1.0281287190082644
0.054021936,0.12325621,49886.051,0.21257098139327102,0.18771153364644902,1.0307035330578511
0.054021936,0.12518504,50031.801,0.21257098139327102,0.19537324932582734,1.033714896694215
0.054021936,0.12711386,50199.453,0.21257098139327102,0.20303492528311676,1.0371787809917357
0.054021936,0.12904269,50388.844,0.21257098139327102,0.21069664096249507,1.041091818181818
0.054021936,0.13089341,50590.227,0.21257098139327102,0.21804808740522932,1.0452526239669422
0.054021936,0.13258547,50790.73,0.21257098139327102,0.22476930318497618,1.0493952479338844
0.054021936,0.13412371,50985.395,0.21257098139327102,0.23087951379277827,1.0534172520661156
0.054021936,0.1355221,51171.27,0.21257098139327102,0.23643421098687306,1.057257644628099
0.054021936,0.13679338,51346.176,0.21257098139327102,0.24148400070855927,1.0608714049586776
0.054021936,0.13794906,51508.766,0.21257098139327102,0.24607460308219725,1.064230702479339
0.054021936,0.1389997,51658.473,0.21257098139327102,0.2502479646336984,1.0673238223140495
0.05402194,0.013000302,51443.758,0.2125709972821066,-0.25024796463369836,1.062887561983471
0.05402194,0.014050936,51301.535,0.2125709972821066,-0.24607462691545054,1.059949070247934
0.05402194,0.015206633,51147.68,0.2125709972821066,-0.24148395701426148,1.0567702479338843
0.05402194,0.0164779,50982.891,0.2125709972821066,-0.2364342189312908,1.0533655165289257
0.05402194,0.017876294,50808.684,0.2125709972821066,-0.23087950584836042,1.0497661983471074
0.05402194,0.019414527,50627.309,0.2125709972821066,-0.22476932304602057,1.0460187809917356
0.05402194,0.021106582,50441.715,0.2125709972821066,-0.21804812712731828,1.042184194214876
0.05402194,0.02295731,50256.648,0.2125709972821066,-0.2106966489069129,1.0383604958677686
0.05402194,0.024886135,50084.094,0.2125709972821066,-0.203034953088579,1.0347953305785123
0.05402194,0.02681496,49932.715,0.2125709972821066,-0.19537325727024513,1.031667665289256
0.05402194,0.028743785,49802.152,0.2125709972821066,-0.18771156145191123,1.0289700826446282
0.05402194,0.030672612,49691.449,0.2125709972821066,-0.18004985768915957,1.0266828305785125
0.05402194,0.032601438,49598.93,0.2125709972821066,-0.17238815789861678,1.0247712809917355
0.05402194,0.03453026,49522.273,0.2125709972821066,-0.1647264739969096,1.023187458677686
0.05402194,0.036459088,49458.938,0.2125709972821066,-0.15706476626194904,1.0218788842975206
0.05402194,0.03838791,49406.488,0.2125709972821066,-0.14940308236024183,1.0207952066115702
0.05402194,0.040316738,49362.875,0.2125709972821066,-0.14174137462528127,1.019894111570248
0.05402194,0.042245559,49326.453,0.2125709972821066,-0.13407969469578296,1.0191415909090908
0.05402194,0.044174388,49295.863,0.2125709972821066,-0.12641798298861348,1.0185095661157024
0.05402194,0.046103209,49269.945,0.2125709972821066,-0.11875630305911519,1.0179740702479338
0.05402194,0.048032038,49247.613,0.2125709972821066,-0.11109459135194574,1.017512665289256
0.05402194,0.049960859,49227.781,0.2125709972821066,-0.10343291142244741,1.0171029132231406
0.05402194,0.051889684,49209.586,0.2125709972821066,-0.09577121560411354,1.0167269834710744
0.05402194,0.053818509,49192.57,0.2125709972821066,-0.08810951978577966,1.0163754132231404
0.05402194,0.055747338,49176.578,0.2125709972821066,-0.0804478080786102,1.016045
0.05402194,0.057676159,49161.863,0.2125709972821066,-0.07278612814911191,1.01574097107438
0.05402194,0.059604988,49148.855,0.2125709972821066,-0.06512441644194245,1.0154722107438017
0.05402194,0.061533809,49137.992,0.2125709972821066,-0.05746273651244412,1.0152477685950412
0.05402194,0.063462637,49129.605,0.2125709972821066,-0.04980102877748356,1.0150744834710745
0.05402194,0.065391466,49123.738,0.2125709972821066,-0.04213931707031413,1.0149532644628099
0.05402194,0.067320287,49120.199,0.2125709972821066,-0.034477637140815774,1.0148801446280993
0.05402194,0.069249108,49118.531,0.2125709972821066,-0.02681595721131748,1.014845681818182
0.05402194,0.071177937,49118.117,0.2125709972821066,-0.01915424550414805,1.0148371280991735
0.05402194,0.073106766,49118.312,0.2125709972821066,-0.011492533796978567,1.0148411570247933
0.05402194,0.075035587,49118.594,0.2125709972821066,-0.003830853867480268,1.0148469834710743
0.05402194,0.076964408,49118.676,0.2125709972821066,0.0038308260620180308,1.0148486776859504
0.05402194,0.078893237,49118.566,0.2125709972821066,0.011492537769187513,1.0148464049586776
0.05402194,0.080822065,49118.582,0.2125709972821066,0.01915424550414805,1.0148467355371902
0.05402194,0.082750887,49119.246,0.2125709972821066,0.02681592940585524,1.0148604545454545
0.05402194,0.084679708,49121.211,0.2125709972821066,0.03447760933535359,1.0149010537190084
0.05402194,0.086608537,49125.066,0.2125709972821066,0.04213932104252302,1.014980702479339
0.056355502,0.042245559,49361.641,0.22184039301122815,-0.13407969469578296,1.0198686157024794
0.056355502,0.044174388,49325.457,0.22184039301122815,-0.12641798298861348,1.0191210123966943
0.056355502,0.046103209,49295.254,0.22184039301122815,-0.11875630305911519,1.0184969834710744
0.056355502,0.048032038,49269.551,0.22184039301122815,-0.11109459135194574,1.017965929752066
0.056355502,0.049960859,49247.227,0.22184039301122815,-0.10343291142244741,1.0175046900826445
0.056355502,0.051889684,49227.219,0.22184039301122815,-0.09577121560411354,1.0170913016528924
0.056355502,0.053818509,49208.816,0.22184039301122815,-0.08810951978577966,1.0167110743801653
0.056355502,0.055747338,49191.641,0.22184039301122815,-0.0804478080786102,1.0163562190082644
0.056355502,0.057676159,49175.746,0.22184039301122815,-0.07278612814911191,1.0160278099173554
0.056355502,0.059604988,49161.508,0.22184039301122815,-0.06512441644194245,1.0157336363636364
0.056355502,0.061533809,49149.328,0.22184039301122815,-0.05746273651244412,1.0154819834710744
0.056355502,0.063462637,49139.621,0.22184039301122815,-0.04980102877748356,1.0152814256198346
0.056355502,0.065391466,49132.516,0.22184039301122815,-0.04213931707031413,1.0151346280991735
0.056355502,0.067320287,49127.926,0.22184039301122815,-0.034477637140815774,1.0150397933884296
0.056355502,0.069249108,49125.438,0.22184039301122815,-0.02681595721131748,1.0149883884297521
0.056355502,0.071177937,49124.457,0.22184039301122815,-0.01915424550414805,1.0149681198347107
0.056355502,0.073106766,49124.301,0.22184039301122815,-0.011492533796978567,1.0149648966942149
0.056355502,0.075035587,49124.418,0.22184039301122815,-0.003830853867480268,1.0149673140495867
0.056355502,0.076964408,49124.492,0.22184039301122815,0.0038308260620180308,1.0149688429752066
0.056355502,0.078893237,49124.531,0.22184039301122815,0.011492537769187513,1.0149696487603306
0.056355502,0.080822065,49124.891,0.22184039301122815,0.01915424550414805,1.0149770867768595
0.056355502,0.082750887,49126.129,0.22184039301122815,0.02681592940585524,1.0150026652892563
0.056355502,0.084679708,49128.914,0.22184039301122815,0.03447760933535359,1.0150602066115701
0.056355502,0.086608537,49133.816,0.22184039301122815,0.04213932104252302,1.0151614876033057
0.056355502,0.088537365,49141.219,0.22184039301122815,0.049801028777483616,1.0153144421487603
0.056355502,0.090466186,49151.207,0.22184039301122815,0.05746270870698191,1.015520805785124
0.056355502,0.092395008,49163.652,0.22184039301122815,0.0651243926086891,1.0157779338842976
0.056355502,0.094323844,49178.215,0.22184039301122815,0.07278613212132082,1.0160788223140496
0.056355502,0.096252665,49194.52,0.22184039301122815,0.08044781205081912,1.0164157024793388
0.056355502,0.098181486,49212.375,0.22184039301122815,0.08810949198031742,1.0167846074380165
0.056355502,0.10011031,49231.824,0.22184039301122815,0.0957711838264424,1.0171864462809916
0.056355502,0.10203914,49253.414,0.22184039301122815,0.10343289950582077,1.017632520661157
0.056355502,0.10396796,49278.016,0.22184039301122815,0.11109457546311018,1.018140826446281
0.056355502,0.10589679,49306.816,0.22184039301122815,0.11875629114248855,1.018735867768595
0.056355502,0.10782561,49341.211,0.22184039301122815,0.12641796709977796,1.0194465082644628
0.056355502,0.10975444,49382.695,0.22184039301122815,0.13407968277915627,1.0203036157024794
0.056355502,0.11168326,49432.988,0.22184039301122815,0.14174135873644575,1.0213427272727271
0.056355502,0.11361209,49494.027,0.22184039301122815,0.14940307441582407,1.0226038636363637
0.056355502,0.11554092,49568.102,0.22184039301122815,0.15706479009520244,1.0241343388429751
0.056355502,0.11746974,49657.766,0.22184039301122815,0.16472646605249183,1.0259869008264464
0.056355502,0.11939856,49765.605,0.22184039301122815,0.17238814200978125,1.028214979338843
0.056355502,0.12132739,49893.918,0.22184039301122815,0.18004985768915957,1.0308660743801652
0.056355502,0.12325621,50044.312,0.22184039301122815,0.18771153364644902,1.033973388429752
0.056355502,0.12518504,50217.758,0.22184039301122815,0.19537324932582734,1.0375569834710745
0.056355502,0.12711386,50414.547,0.22184039301122815,0.20303492528311676,1.0416228719008265
0.056355502,0.12904269,50634.297,0.22184039301122815,0.21069664096249507,1.0461631611570248
0.056355502,0.13089341,50865.641,0.22184039301122815,0.21804808740522932,1.0509429958677687
0.056355502,0.13258547,51093.574,0.22184039301122815,0.22476930318497618,1.0556523553719008
0.056355502,0.13412371,51312.41,0.22184039301122815,0.23087951379277827,1.0601737603305785
0.056355502,0.1355221,51519.027,0.22184039301122815,0.23643421098687306,1.0644427066115703
0.056355502,0.13679338,51711.457,0.22184039301122815,0.24148400070855927,1.0684185330578513
0.056355502,0.13794906,51888.793,0.22184039301122815,0.24607460308219725,1.0720825
0.056355502,0.1389997,52050.977,0.22184039301122815,0.2502479646336984,1.075433409090909
0.056355506,0.013000302,51816.266,0.2218404089000637,-0.25024796463369836,1.0705840082644629
0.056355506,0.014050936,51660.922,0.2218404089000637,-0.24607462691545054,1.0673744214876033
0.056355506,0.015206633,51491.75,0.2218404089000637,-0.24148395701426148,1.063879132231405
0.056355506,0.0164779,51308.953,0.2218404089000637,-0.2364342189312908,1.0601023347107439
0.056355506,0.017876294,51113.688,0.2218404089000637,-0.23087950584836042,1.0560679338842975
0.056355506,0.019414527,50908.152,0.2218404089000637,-0.22476932304602057,1.0518213223140496
0.056355506,0.021106582,50695.484,0.2218404089000637,-0.21804812712731828,1.0474273553719007
0.056355506,0.02295731,50481.309,0.2218404089000637,-0.2106966489069129,1.0430022520661157
0.056355506,0.024886135,50279.488,0.2218404089000637,-0.203034953088579,1.0388323966942148
0.056355506,0.02681496,50100.539,0.2218404089000637,-0.19537325727024513,1.035135103305785
0.056355506,0.028743785,49944.102,0.2218404089000637,-0.18771156145191123,1.0319029338842975
0.056355506,0.030672612,49809.691,0.2218404089000637,-0.18004985768915957,1.029125847107438
0.056355506,0.032601438,49695.949,0.2218404089000637,-0.17238815789861678,1.026775805785124
0.056355506,0.03453026,49601.113,0.2218404089000637,-0.1647264739969096,1.0248163842975206
0.056355506,0.036459088,49522.734,0.2218404089000637,-0.15706476626194904,1.0231969834710744
0.056355506,0.03838791,49458.27,0.2218404089000637,-0.14940308236024183,1.021865082644628
0.056355506,0.040316738,49405.309,0.2218404089000637,-0.14174137462528127,1.020770847107438
0.058689069,0.013000302,52235.559,0.23110980860139416,-0.25024796463369836,1.0792470867768595
0.058689069,0.014050936,52068.527,0.23110980860139416,-0.24607462691545054,1.0757960123966943
0.058689069,0.015206633,51885.539,0.23110980860139416,-0.24148395701426148,1.0720152685950413
0.058689069,0.0164779,51686.312,0.23110980860139416,-0.2364342189312908,1.0678990082644628
0.058689069,0.017876294,51471.387,0.23110980860139416,-0.23087950584836042,1.0634584090909092
0.058689069,0.019414527,51242.367,0.23110980860139416,-0.22476932304602057,1.0587265909090908
0.058689069,0.021106582,51002.188,0.23110980860139416,-0.21804812712731828,1.0537642148760331
0.058689069,0.02295731,50756.848,0.23110980860139416,-0.2106966489069129,1.0486952066115702
0.058689069,0.024886135,50522.629,0.23110980860139416,-0.203034953088579,1.0438559710743802
0.058689069,0.02681496,50312.086,0.23110980860139416,-0.19537325727024513,1.0395059090909091
0.058689069,0.028743785,50125.781,0.23110980860139416,-0.18771156145191123,1.035656632231405
0.058689069,0.030672612,49963.426,0.23110980860139416,-0.18004985768915957,1.0323021900826446
0.058689069,0.032601438,49823.973,0.23110980860139416,-0.17238815789861678,1.029420929752066
0.058689069,0.03453026,49706.0,0.23110980860139416,-0.1647264739969096,1.0269834710743801
0.058689069,0.036459088,49607.555,0.23110980860139416,-0.15706476626194904,1.0249494834710744
0.058689069,0.03838791,49526.273,0.23110980860139416,-0.14940308236024183,1.0232701033057852
0.058689069,0.040316738,49459.727,0.23110980860139416,-0.14174137462528127,1.0218951859504133
0.058689069,0.042245559,49405.41,0.23110980860139416,-0.13407969469578296,1.0207729338842977
0.058689069,0.044174388,49361.074,0.23110980860139416,-0.12641798298861348,1.0198569008264462
0.058689069,0.046103209,49324.738,0.23110980860139416,-0.11875630305911519,1.0191061570247932
0.058689069,0.048032038,49294.52,0.23110980860139416,-0.11109459135194574,1.018481818181818
0.058689069,0.049960859,49268.934,0.23110980860139416,-0.10343291142244741,1.017953181818182
0.058689069,0.051889684,49246.602,0.23110980860139416,-0.09577121560411354,1.0174917768595042
0.058689069,0.053818509,49226.531,0.23110980860139416,-0.08810951978577966,1.0170770867768595
0.058689069,0.055747338,49208.062,0.23110980860139416,-0.0804478080786102,1.0166954958677685
0.058689069,0.057676159,49191.031,0.23110980860139416,-0.07278612814911191,1.0163436157024794
0.058689069,0.059604988,49175.637,0.23110980860139416,-0.06512441644194245,1.0160255578512398
0.058689069,0.061533809,49162.254,0.23110980860139416,-0.05746273651244412,1.015749049586777
0.058689069,0.063462637,49151.277,0.23110980860139416,-0.04980102877748356,1.0155222520661158
0.058689069,0.065391466,49142.902,0.23110980860139416,-0.04213931707031413,1.015349214876033
0.058689069,0.067320287,49137.105,0.23110980860139416,-0.034477637140815774,1.0152294421487604
0.058689069,0.069249108,49133.562,0.23110980860139416,-0.02681595721131748,1.0151562396694214
0.058689069,0.071177937,49131.738,0.23110980860139416,-0.01915424550414805,1.0151185537190082
0.058689069,0.073106766,49131.0,0.23110980860139416,-0.011492533796978567,1.015103305785124
0.058689069,0.075035587,49130.824,0.23110980860139416,-0.003830853867480268,1.0150996694214875
0.058689069,0.076964408,49130.895,0.23110980860139416,0.0038308260620180308,1.0151011363636362
0.058689069,0.078893237,49131.23,0.23110980860139416,0.011492537769187513,1.0151080578512397
0.058689069,0.080822065,49132.164,0.23110980860139416,0.01915424550414805,1.0151273553719007
0.058689069,0.082750887,49134.227,0.23110980860139416,0.02681592940585524,1.015169979338843
0.058689069,0.084679708,49138.051,0.23110980860139416,0.03447760933535359,1.0152489876033057
0.058689069,0.086608537,49144.141,0.23110980860139416,0.04213932104252302,1.0153748140495868
0.058689069,0.088537365,49152.797,0.23110980860139416,0.049801028777483616,1.0155536570247934
0.058689069,0.090466186,49164.043,0.23110980860139416,0.05746270870698191,1.0157860123966942
0.058689069,0.092395008,49177.723,0.23110980860139416,0.0651243926086891,1.0160686570247934
0.058689069,0.094323844,49193.516,0.23110980860139416,0.07278613212132082,1.016394958677686
0.058689069,0.096252665,49211.121,0.23110980860139416,0.08044781205081912,1.0167586983471075
0.058689069,0.098181486,49230.52,0.23110980860139416,0.08810949198031742,1.0171595041322314
0.058689069,0.10011031,49252.008,0.23110980860139416,0.0957711838264424,1.0176034710743802
0.058689069,0.10203914,49276.422,0.23110980860139416,0.10343289950582077,1.0181078925619835
0.058689069,0.10396796,49304.934,0.23110980860139416,0.11109457546311018,1.0186969834710744
0.058689069,0.10589679,49339.07,0.23110980860139416,0.11875629114248855,1.0194022727272727
0.058689069,0.10782561,49380.602,0.23110980860139416,0.12641796709977796,1.0202603719008265
0.058689069,0.10975444,49431.48,0.23110980860139416,0.13407968277915627,1.0213115702479338
0.058689069,0.11168326,49493.891,0.23110980860139416,0.14174135873644575,1.0226010537190082
0.058689069,0.11361209,49570.242,0.23110980860139416,0.14940307441582407,1.0241785537190082
0.058689069,0.11554092,49663.129,0.23110980860139416,0.15706479009520244,1.0260977066115702
0.058689069,0.11746974,49775.109,0.23110980860139416,0.16472646605249183,1.0284113429752066
0.058689069,0.11939856,49908.359,0.23110980860139416,0.17238814200978125,1.0311644421487602
0.058689069,0.12132739,50064.566,0.23110980860139416,0.18004985768915957,1.0343918595041321
0.058689069,0.12325621,50244.848,0.23110980860139416,0.18771153364644902,1.038116694214876
0.058689069,0.12518504,50449.812,0.23110980860139416,0.19537324932582734,1.0423514876033058
0.058689069,0.12711386,50679.34,0.23110980860139416,0.20303492528311676,1.0470938016528926
0.058689069,0.12904269,50932.289,0.23110980860139416,0.21069664096249507,1.052320020661157
0.058689069,0.13089341,51194.996,0.23110980860139416,0.21804808740522932,1.0577478512396694
0.058689069,0.13258547,51450.117,0.23110980860139416,0.22476930318497618,1.0630189462809918
0.058689069,0.13412371,51691.719,0.23110980860139416,0.23087951379277827,1.0680107231404958
0.058689069,0.1355221,51917.129,0.23110980860139416,0.23643421098687306,1.0726679545454545
0.058689069,0.13679338,52125.066,0.23110980860139416,0.24148400070855927,1.076964173553719
0.058689069,0.13794906,52315.328,0.23110980860139416,0.24607460308219725,1.0808952066115702
0.058689069,0.1389997,52488.426,0.23110980860139416,0.2502479646336984,1.084471611570248
0.061022636,0.013000302,52701.344,0.24037922419156013,-0.25024796463369836,1.088870743801653
0.061022636,0.014050936,52523.867,0.24037922419156013,-0.24607462691545054,1.0852038636363637
0.061022636,0.015206633,52328.648,0.24037922419156013,-0.24148395701426148,1.0811704132231406
0.061022636,0.0164779,52114.91,0.24037922419156013,-0.2364342189312908,1.0767543388429752
0.061022636,0.017876294,51882.457,0.24037922419156013,-0.23087950584836042,1.0719515909090909
0.061022636,0.019414527,51632.055,0.24037922419156013,-0.22476932304602057,1.0667779958677686
0.061022636,0.021106582,51365.758,0.24037922419156013,-0.21804812712731828,1.0612759917355372
0.061022636,0.02295731,51089.211,0.24037922419156013,-0.2106966489069129,1.0555622107438016
0.061022636,0.024886135,50820.723,0.24037922419156013,-0.203034953088579,1.050014938016529
0.061022636,0.02681496,50575.438,0.24037922419156013,-0.19537325727024513,1.0449470661157025
0.061022636,0.028743785,50355.031,0.24037922419156013,-0.18771156145191123,1.040393202479339
0.061022636,0.030672612,50160.094,0.24037922419156013,-0.18004985768915957,1.0363655785123966
0.061022636,0.032601438,49990.141,0.24037922419156013,-0.17238815789861678,1.032854152892562
0.061022636,0.03453026,49844.098,0.24037922419156013,-0.1647264739969096,1.02983673553719
0.061022636,0.036459088,49720.398,0.24037922419156013,-0.15706476626194904,1.0272809504132232
0.061022636,0.03838791,49617.129,0.24037922419156013,-0.14940308236024183,1.0251472933884298
0.061022636,0.040316738,49532.008,0.24037922419156013,-0.14174137462528127,1.0233885950413224
0.061022636,0.042245559,49462.598,0.24037922419156013,-0.13407969469578296,1.0219545041322313
0.061022636,0.044174388,49406.449,0.24037922419156013,-0.12641798298861348,1.0207944008264462
0.061022636,0.046103209,49361.184,0.24037922419156013,-0.11875630305911519,1.019859173553719
0.061022636,0.048032038,49324.5,0.24037922419156013,-0.11109459135194574,1.0191012396694215
0.061022636,0.049960859,49294.309,0.24037922419156013,-0.10343291142244741,1.018477458677686
0.061022636,0.051889684,49268.781,0.24037922419156013,-0.09577121560411354,1.0179500206611571
0.061022636,0.053818509,49246.523,0.24037922419156013,-0.08810951978577966,1.0174901446280993
0.061022636,0.055747338,49226.52,0.24037922419156013,-0.0804478080786102,1.0170768595041322
0.061022636,0.057676159,49208.301,0.24037922419156013,-0.07278612814911191,1.0167004338842975
0.061022636,0.059604988,49191.828,0.24037922419156013,-0.06512441644194245,1.0163600826446282
0.061022636,0.061533809,49177.32,0.24037922419156013,-0.05746273651244412,1.0160603305785123
0.061022636,0.063462637,49165.102,0.24037922419156013,-0.04980102877748356,1.0158078925619833
0.061022636,0.065391466,49155.383,0.24037922419156013,-0.04213931707031413,1.0156070867768596
0.061022636,0.067320287,49148.188,0.24037922419156013,-0.034477637140815774,1.0154584297520661
0.061022636,0.069249108,49143.301,0.24037922419156013,-0.02681595721131748,1.015357458677686
0.061022636,0.071177937,49140.32,0.24037922419156013,-0.01915424550414805,1.015295867768595
0.061022636,0.073106766,49138.75,0.24037922419156013,-0.011492533796978567,1.0152634297520662
0.061022636,0.075035587,49138.129,0.24037922419156013,-0.003830853867480268,1.0152505991735536
0.061022636,0.076964408,49138.211,0.24037922419156013,0.0038308260620180308,1.0152522933884298
0.061022636,0.078893237,49138.992,0.24037922419156013,0.011492537769187513,1.015268429752066
0.061022636,0.080822065,49140.754,0.24037922419156013,0.01915424550414805,1.0153048347107438
0.061022636,0.082750887,49143.949,0.24037922419156013,0.02681592940585524,1.015370847107438
0.061022636,0.084679708,49149.086,0.24037922419156013,0.03447760933535359,1.0154769834710744
0.061022636,0.086608537,49156.539,0.24037922419156013,0.04213932104252302,1.01563097107438
0.061022636,0.088537365,49166.52,0.24037922419156013,0.049801028777483616,1.0158371900826446
0.061022636,0.090466186,49179.035,0.24037922419156013,0.05746270870698191,1.01609576446281
0.061022636,0.092395008,49193.926,0.24037922419156013,0.0651243926086891,1.016403429752066
0.061022636,0.094323844,49210.977,0.24037922419156013,0.07278613212132082,1.0167557231404958
0.061022636,0.096252665,49230.055,0.24037922419156013,0.08044781205081912,1.017149896694215
0.061022636,0.098181486,49251.387,0.24037922419156013,0.08810949198031742,1.017590640495868
0.061022636,0.10011031,49275.602,0.24037922419156013,0.0957711838264424,1.0180909504132232
0.061022636,0.10203914,49303.902,0.24037922419156013,0.10343289950582077,1.018675661157025
0.061022636,0.10396796,49337.887,0.24037922419156013,0.11109457546311018,1.0193778305785124
0.061022636,0.10589679,49379.598,0.24037922419156013,0.11875629114248855,1.0202396280991735
0.061022636,0.10782561,49431.344,0.24037922419156013,0.12641796709977796,1.0213087603305784
0.061022636,0.10975444,49495.621,0.24037922419156013,0.13407968277915627,1.0226367975206612
0.061022636,0.11168326,49575.039,0.24037922419156013,0.14174135873644575,1.0242776652892562
0.061022636,0.11361209,49672.113,0.24037922419156013,0.14940307441582407,1.026283326446281
0.061022636,0.11554092,49789.328,0.24037922419156013,0.15706479009520244,1.0287051239669422
0.061022636,0.11746974,49928.848,0.24037922419156013,0.16472646605249183,1.0315877685950412
0.061022636,0.11939856,50092.301,0.24037922419156013,0.17238814200978125,1.0349648966942149
0.061022636,0.12132739,50280.949,0.24037922419156013,0.18004985768915957,1.038862582644628
0.061022636,0.12325621,50495.398,0.24037922419156013,0.18771153364644902,1.043293347107438
0.061022636,0.12518504,50735.609,0.24037922419156013,0.19537324932582734,1.0482563842975205
0.061022636,0.12711386,51000.5,0.24037922419156013,0.20303492528311676,1.0537293388429751
0.061022636,0.12904269,51287.625,0.24037922419156013,0.21069664096249507,1.059661673553719
0.061022636,0.13089341,51580.855,0.24037922419156013,0.21804808740522932,1.0657201446280993
0.061022636,0.13258547,51861.031,0.24037922419156013,0.22476930318497618,1.0715089049586777
0.061022636,0.13412371,52122.801,0.24037922419156013,0.23087951379277827,1.076917376033058
0.061022636,0.1355221,52364.5,0.24037922419156013,0.23643421098687306,1.0819111570247935
0.061022636,0.13679338,52585.785,0.24037922419156013,0.24148400070855927,1.086483161157025
0.061022636,0.13794906,52787.188,0.24037922419156013,0.24607460308219725,1.0906443801652892
0.061022636,0.1389997,52969.707,0.24037922419156013,0.2502479646336984,1.0944154338842975
0.063356198,0.013000302,53208.859,0.24964861992068169,-0.25024796463369836,1.0993565909090908
0.063356198,0.014050936,53021.848,0.24964861992068169,-0.24607462691545054,1.0954927272727273
0.063356198,0.015206633,52815.625,0.24964861992068169,-0.24148395701426148,1.0912319214876034
0.063356198,0.0164779,52588.938,0.24964861992068169,-0.2364342189312908,1.086548305785124
0.063356198,0.017876294,52341.012,0.24964861992068169,-0.23087950584836042,1.081425867768595
0.063356198,0.019414527,52071.738,0.24964861992068169,-0.22476932304602057,1.0758623553719007
0.063356198,0.021106582,51782.039,0.24964861992068169,-0.21804812712731828,1.0698768388429751
0.063356198,0.02295731,51476.535,0.24964861992068169,-0.2106966489069129,1.0635647727272728
0.063356198,0.024886135,51174.648,0.24964861992068169,-0.203034953088579,1.057327438016529
0.063356198,0.02681496,50893.633,0.24964861992068169,-0.19537325727024513,1.0515213429752066
0.063356198,0.028743785,50636.512,0.24964861992068169,-0.18771156145191123,1.0462089256198348
0.063356198,0.030672612,50405.238,0.24964861992068169,-0.18004985768915957,1.0414305371900825
0.063356198,0.032601438,50200.418,0.24964861992068169,-0.17238815789861678,1.0371987190082643
0.063356198,0.03453026,50021.641,0.24964861992068169,-0.1647264739969096,1.033504979338843
0.063356198,0.036459088,49867.805,0.24964861992068169,-0.15706476626194904,1.0303265495867768
0.063356198,0.03838791,49737.414,0.24964861992068169,-0.14940308236024183,1.027632520661157
0.063356198,0.040316738,49628.609,0.24964861992068169,-0.14174137462528127,1.0253844834710744
0.063356198,0.042245559,49539.156,0.24964861992068169,-0.13407969469578296,1.0235362809917357
0.063356198,0.044174388,49466.672,0.24964861992068169,-0.12641798298861348,1.0220386776859505
0.063356198,0.046103209,49408.625,0.24964861992068169,-0.11875630305911519,1.0208393595041323
0.063356198,0.048032038,49362.363,0.24964861992068169,-0.11109459135194574,1.0198835330578513
0.063356198,0.049960859,49325.281,0.24964861992068169,-0.10343291142244741,1.0191173760330579
0.063356198,0.051889684,49294.977,0.24964861992068169,-0.09577121560411354,1.0184912603305785
0.063356198,0.053818509,49269.496,0.24964861992068169,-0.08810951978577966,1.0179647933884297
0.063356198,0.055747338,49247.359,0.24964861992068169,-0.0804478080786102,1.0175074173553718
0.063356198,0.057676159,49227.688,0.24964861992068169,-0.07278612814911191,1.0171009917355371
0.063356198,0.059604988,49210.074,0.24964861992068169,-0.06512441644194245,1.0167370661157025
0.063356198,0.061533809,49194.453,0.24964861992068169,-0.05746273651244412,1.0164143181818182
0.063356198,0.063462637,49180.992,0.24964861992068169,-0.04980102877748356,1.0161361983471073
0.063356198,0.065391466,49169.848,0.24964861992068169,-0.04213931707031413,1.015905950413223
0.063356198,0.067320287,49161.094,0.24964861992068169,-0.034477637140815774,1.015725082644628
0.063356198,0.069249108,49154.629,0.24964861992068169,-0.02681595721131748,1.0155915082644629
0.063356198,0.071177937,49150.242,0.24964861992068169,-0.01915424550414805,1.015500867768595
0.063356198,0.073106766,49147.609,0.24964861992068169,-0.011492533796978567,1.0154464669421488
0.063356198,0.075035587,49146.426,0.24964861992068169,-0.003830853867480268,1.0154220247933885
0.063356198,0.076964408,49146.512,0.24964861992068169,0.0038308260620180308,1.0154238016528927
0.063356198,0.078893237,49147.867,0.24964861992068169,0.011492537769187513,1.0154517975206612
0.063356198,0.080822065,49150.684,0.24964861992068169,0.01915424550414805,1.01551
0.063356198,0.082750887,49155.262,0.24964861992068169,0.02681592940585524,1.0156045867768595
0.063356198,0.084679708,49161.938,0.24964861992068169,0.03447760933535359,1.015742520661157
0.063356198,0.086608537,49170.922,0.24964861992068169,0.04213932104252302,1.0159281404958678
0.063356198,0.088537365,49182.336,0.24964861992068169,0.049801028777483616,1.0161639669421487
0.063356198,0.090466186,49196.172,0.24964861992068169,0.05746270870698191,1.0164498347107438
0.063356198,0.092395008,49212.348,0.24964861992068169,0.0651243926086891,1.0167840495867768
0.063356198,0.094323844,49230.832,0.24964861992068169,0.07278613212132082,1.017165950413223
0.063356198,0.096252665,49251.797,0.24964861992068169,0.08044781205081912,1.0175991115702478
0.063356198,0.098181486,49275.852,0.24964861992068169,0.08810949198031742,1.0180961157024793
0.063356198,0.10011031,49304.043,0.24964861992068169,0.0957711838264424,1.0186785743801652
0.063356198,0.10203914,49338.066,0.24964861992068169,0.10343289950582077,1.0193815289256198
0.063356198,0.10396796,49380.09,0.24964861992068169,0.11109457546311018,1.0202497933884296
0.063356198,0.10589679,49432.805,0.24964861992068169,0.11875629114248855,1.0213389462809916
0.063356198,0.10782561,49499.066,0.24964861992068169,0.12641796709977796,1.0227079752066115
0.063356198,0.10975444,49581.699,0.24964861992068169,0.13407968277915627,1.0244152685950414
0.063356198,0.11168326,49683.402,0.24964861992068169,0.14174135873644575,1.026516570247934
0.063356198,0.11361209,49806.559,0.24964861992068169,0.14940307441582407,1.0290611363636364
0.063356198,0.11554092,49953.27,0.24964861992068169,0.15706479009520244,1.0320923553719008
0.063356198,0.11746974,50125.141,0.24964861992068169,0.16472646605249183,1.0356434090909092
0.063356198,0.11939856,50323.262,0.24964861992068169,0.17238814200978125,1.0397368181818183
0.063356198,0.12132739,50548.293,0.24964861992068169,0.18004985768915957,1.0443862190082644
0.063356198,0.12325621,50800.012,0.24964861992068169,0.18771153364644902,1.0495870247933885
0.063356198,0.12518504,51077.195,0.24964861992068169,0.19537324932582734,1.0553139462809917
0.063356198,0.12711386,51377.379,0.24964861992068169,0.20303492528311676,1.0615160950413223
0.063356198,0.12904269,51696.848,0.24964861992068169,0.21069664096249507,1.068116694214876
0.063356198,0.13089341,52017.527,0.24964861992068169,0.21804808740522932,1.0747422933884299
0.063356198,0.13258547,52319.465,0.24964861992068169,0.22476930318497618,1.0809806818181817
0.063356198,0.13412371,52598.523,0.24964861992068169,0.23087951379277827,1.0867463429752067
0.063356198,0.1355221,52854.258,0.24964861992068169,0.23643421098687306,1.092030123966942
0.063356198,0.13679338,53087.203,0.24964861992068169,0.24148400070855927,1.0968430371900826
0.063356198,0.13794906,53298.48,0.24964861992068169,0.24607460308219725,1.10120826446281
0.063356198,0.1389997,53489.449,0.24964861992068169,0.2502479646336984,1.1051539049586776
0.065689765,0.013000302,53750.277,0.2589180355108477,-0.25024796463369836,1.1105429132231406
0.065689765,0.014050936,53553.883,0.2589180355108477,-0.24607462691545054,1.1064851859504132
0.065689765,0.015206633,53336.742,0.2589180355108477,-0.24148395701426148,1.1019988016528925
0.065689765,0.0164779,53097.621,0.2589180355108477,-0.2364342189312908,1.097058285123967
0.065689765,0.017876294,52835.191,0.2589180355108477,-0.23087950584836042,1.0916361776859504
0.065689765,0.019414527,52548.766,0.2589180355108477,-0.22476932304602057,1.085718305785124
0.065689765,0.021106582,52238.27,0.2589180355108477,-0.21804812712731828,1.0793030991735537
0.065689765,0.02295731,51907.059,0.2589180355108477,-0.2106966489069129,1.072459896694215
0.065689765,0.024886135,51574.848,0.2589180355108477,-0.203034953088579,1.065596033057851
0.065689765,0.02681496,51260.086,0.2589180355108477,-0.19537325727024513,1.0590926859504133
0.065689765,0.028743785,50966.66,0.2589180355108477,-0.18771156145191123,1.0530301652892562
0.065689765,0.030672612,50697.855,0.2589180355108477,-0.18004985768915957,1.0474763429752068
0.065689765,0.032601438,50455.672,0.2589180355108477,-0.17238815789861678,1.0424725619834712
0.065689765,0.03453026,50240.844,0.2589180355108477,-0.1647264739969096,1.0380339669421488
0.065689765,0.036459088,50053.039,0.2589180355108477,-0.15706476626194904,1.0341536983471074
0.065689765,0.03838791,49891.324,0.2589180355108477,-0.14940308236024183,1.030812479338843
0.065689765,0.040316738,49754.266,0.2589180355108477,-0.14174137462528127,1.0279807024793388
0.065689765,0.042245559,49640.105,0.2589180355108477,-0.13407969469578296,1.0256220041322315
0.065689765,0.044174388,49546.691,0.2589180355108477,-0.12641798298861348,1.0236919628099173
0.065689765,0.046103209,49471.527,0.2589180355108477,-0.11875630305911519,1.0221389876033058
0.065689765,0.048032038,49411.844,0.2589180355108477,-0.11109459135194574,1.020905867768595
0.065689765,0.049960859,49364.641,0.2589180355108477,-0.10343291142244741,1.0199305991735539
0.065689765,0.051889684,49327.059,0.2589180355108477,-0.09577121560411354,1.019154111570248
0.065689765,0.053818509,49296.605,0.2589180355108477,-0.08810951978577966,1.0185248966942149
0.065689765,0.055747338,49271.18,0.2589180355108477,-0.0804478080786102,1.0179995867768594
0.065689765,0.057676159,49249.363,0.2589180355108477,-0.07278612814911191,1.0175488223140496
0.065689765,0.059604988,49230.266,0.2589180355108477,-0.06512441644194245,1.017154256198347
0.065689765,0.061533809,49213.406,0.2589180355108477,-0.05746273651244412,1.0168059090909092
0.065689765,0.063462637,49198.648,0.2589180355108477,-0.04980102877748356,1.0165009917355372
0.065689765,0.065391466,49186.02,0.2589180355108477,-0.04213931707031413,1.016240082644628
0.065689765,0.067320287,49175.605,0.2589180355108477,-0.034477637140815774,1.016024896694215
0.065689765,0.069249108,49167.422,0.2589180355108477,-0.02681595721131748,1.015855826446281
0.065689765,0.071177937,49161.453,0.2589180355108477,-0.01915424550414805,1.0157325
0.065689765,0.073106766,49157.598,0.2589180355108477,-0.011492533796978567,1.0156528512396694
0.065689765,0.075035587,49155.75,0.2589180355108477,-0.003830853867480268,1.0156146694214876
0.065689765,0.076964408,49155.836,0.2589180355108477,0.0038308260620180308,1.0156164462809918
0.065689765,0.078893237,49157.859,0.2589180355108477,0.011492537769187513,1.0156582438016528
0.065689765,0.080822065,49161.883,0.2589180355108477,0.01915424550414805,1.0157413842975207
0.065689765,0.082750887,49168.02,0.2589180355108477,0.02681592940585524,1.0158681818181818
0.065689765,0.084679708,49176.383,0.2589180355108477,0.03447760933535359,1.0160409710743803
0.065689765,0.086608537,49187.02,0.2589180355108477,0.04213932104252302,1.0162607438016529
0.065689765,0.088537365,49199.98,0.2589180355108477,0.049801028777483616,1.0165285123966943
0.065689765,0.090466186,49215.27,0.2589180355108477,0.05746270870698191,1.0168444214876033
0.065689765,0.092395008,49232.977,0.2589180355108477,0.0651243926086891,1.0172102685950413
0.065689765,0.094323844,49253.383,0.2589180355108477,0.07278613212132082,1.0176318801652893
0.065689765,0.096252665,49277.105,0.2589180355108477,0.08044781205081912,1.0181220041322314
0.065689765,0.098181486,49305.27,0.2589180355108477,0.08810949198031742,1.0187039256198347
0.065689765,0.10011031,49339.438,0.2589180355108477,0.0957711838264424,1.0194098760330579
0.065689765,0.10203914,49381.973,0.2589180355108477,0.10343289950582077,1.0202886983471073
0.065689765,0.10396796,49435.652,0.2589180355108477,0.11109457546311018,1.0213977685950413
0.065689765,0.10589679,49503.641,0.2589180355108477,0.11875629114248855,1.0228025
0.065689765,0.10782561,49589.113,0.2589180355108477,0.12641796709977796,1.024568450413223
0.065689765,0.10975444,49694.98,0.2589180355108477,0.13407968277915627,1.026755785123967
0.065689765,0.11168326,49823.844,0.2589180355108477,0.14174135873644575,1.0294182644628098
0.065689765,0.11361209,49977.613,0.2589180355108477,0.14940307441582407,1.0325953099173553
0.065689765,0.11554092,50157.836,0.2589180355108477,0.15706479009520244,1.0363189256198349
0.065689765,0.11746974,50365.512,0.2589180355108477,0.16472646605249183,1.0406097520661157
0.065689765,0.11939856,50601.043,0.2589180355108477,0.17238814200978125,1.0454760950413222
0.065689765,0.12132739,50864.133,0.2589180355108477,0.18004985768915957,1.0509118388429752
0.065689765,0.12325621,51153.363,0.2589180355108477,0.18771153364644902,1.056887665289256
0.065689765,0.12518504,51466.09,0.2589180355108477,0.19537324932582734,1.0633489669421488
0.065689765,0.12711386,51798.613,0.2589180355108477,0.20303492528311676,1.070219276859504
0.065689765,0.12904269,52146.539,0.2589180355108477,0.21069664096249507,1.0774078305785124
0.065689765,0.13089341,52490.879,0.2589180355108477,0.21804808740522932,1.0845222933884298
0.065689765,0.13258547,52811.699,0.2589180355108477,0.22476930318497618,1.091150805785124
0.065689765,0.13412371,53106.223,0.2589180355108477,0.23087951379277827,1.0972360123966942
0.065689765,0.1355221,53374.969,0.2589180355108477,0.23643421098687306,1.1027886157024793
0.065689765,0.13679338,53619.074,0.2589180355108477,0.24148400070855927,1.1078321074380166
0.065689765,0.13794906,53840.016,0.2589180355108477,0.24607460308219725,1.1123970247933885
0.065689765,0.1389997,54039.391,0.2589180355108477,0.2502479646336984,1.1165163429752067
0.068023331,0.013000302,54318.664,0.2681874471288048,-0.25024796463369836,1.1222864462809916
0.068023331,0.014050936,54111.668,0.2681874471288048,-0.24607462691545054,1.1180096694214876
0.068023331,0.015206633,53882.555,0.2681874471288048,-0.24148395701426148,1.113275929752066
0.068023331,0.0164779,53629.785,0.2681874471288048,-0.2364342189312908,1.108053409090909
0.068023331,0.017876294,53352.043,0.2681874471288048,-0.23087950584836042,1.102314938016529
0.068023331,0.019414527,53048.23,0.2681874471288048,-0.22476932304602057,1.0960378099173553
0.068023331,0.021106582,52717.711,0.2681874471288048,-0.21804812712731828,1.0892089049586777
0.068023331,0.02295731,52362.922,0.2681874471288048,-0.2106966489069129,1.0818785537190083
0.068023331,0.024886135,52003.617,0.2681874471288048,-0.203034953088579,1.074454896694215
0.068023331,0.02681496,51658.668,0.2681874471288048,-0.19537325727024513,1.0673278512396693
0.068023331,0.028743785,51331.941,0.2681874471288048,-0.18771156145191123,1.0605772933884297
0.068023331,0.030672612,51027.422,0.2681874471288048,-0.18004985768915957,1.0542855785123966
0.068023331,0.032601438,50748.262,0.2681874471288048,-0.17238815789861678,1.0485178099173553
0.068023331,0.03453026,50496.523,0.2681874471288048,-0.1647264739969096,1.043316590909091
0.068023331,0.036459088,50273.008,0.2681874471288048,-0.15706476626194904,1.0386985123966943
0.068023331,0.03838791,50077.605,0.2681874471288048,-0.14940308236024183,1.0346612603305785
0.068023331,0.040316738,49909.457,0.2681874471288048,-0.14174137462528127,1.0311871280991736
0.068023331,0.042245559,49767.23,0.2681874471288048,-0.13407969469578296,1.0282485537190083
0.068023331,0.044174388,49649.18,0.2681874471288048,-0.12641798298861348,1.0258095041322315
0.068023331,0.046103209,49553.047,0.2681874471288048,-0.11875630305911519,1.0238232851239668
0.068023331,0.048032038,49476.113,0.2681874471288048,-0.11109459135194574,1.0222337396694214
0.068023331,0.049960859,49415.277,0.2681874471288048,-0.10343291142244741,1.0209767975206612
0.068023331,0.051889684,49367.391,0.2681874471288048,-0.09577121560411354,1.019987417355372
0.068023331,0.053818509,49329.527,0.2681874471288048,-0.08810951978577966,1.0192051033057852
0.068023331,0.055747338,49299.055,0.2681874471288048,-0.0804478080786102,1.0185755165289256
0.068023331,0.057676159,49273.902,0.2681874471288048,-0.07278612814911191,1.0180558264462811
0.068023331,0.059604988,49252.574,0.2681874471288048,-0.06512441644194245,1.0176151652892562
0.068023331,0.061533809,49234.066,0.2681874471288048,-0.05746273651244412,1.0172327685950413
0.068023331,0.063462637,49217.82,0.2681874471288048,-0.04980102877748356,1.0168971074380164
0.068023331,0.065391466,49203.609,0.2681874471288048,-0.04213931707031413,1.016603491735537
0.068023331,0.067320287,49191.445,0.2681874471288048,-0.034477637140815774,1.0163521694214877
0.068023331,0.069249108,49181.422,0.2681874471288048,-0.02681595721131748,1.016145082644628
0.068023331,0.071177937,49173.742,0.2681874471288048,-0.01915424550414805,1.0159864049586778
0.068023331,0.073106766,49168.559,0.2681874471288048,-0.011492533796978567,1.0158793181818182
0.068023331,0.075035587,49165.988,0.2681874471288048,-0.003830853867480268,1.0158261983471073
0.068023331,0.076964408,49166.07,0.2681874471288048,0.0038308260620180308,1.0158278925619835
0.068023331,0.078893237,49168.801,0.2681874471288048,0.011492537769187513,1.0158843181818182
0.068023331,0.080822065,49174.129,0.2681874471288048,0.01915424550414805,1.0159944008264463
0.068023331,0.082750887,49181.957,0.2681874471288048,0.02681592940585524,1.0161561363636364
0.068023331,0.084679708,49192.156,0.2681874471288048,0.03447760933535359,1.0163668595041322
0.068023331,0.086608537,49204.598,0.2681874471288048,0.04213932104252302,1.0166239256198346
0.068023331,0.088537365,49219.281,0.2681874471288048,0.049801028777483616,1.01692729338843
0.068023331,0.090466186,49236.324,0.2681874471288048,0.05746270870698191,1.0172794214876033
0.068023331,0.092395008,49256.109,0.2681874471288048,0.0651243926086891,1.0176882024793388
0.068023331,0.094323844,49279.355,0.2681874471288048,0.07278613212132082,1.0181684917355374
0.068023331,0.096252665,49307.23,0.2681874471288048,0.08044781205081912,1.0187444214876034
0.068023331,0.098181486,49341.48,0.2681874471288048,0.08810949198031742,1.0194520661157025
0.068023331,0.10011031,49384.391,0.2681874471288048,0.0957711838264424,1.0203386570247934
0.068023331,0.10203914,49438.848,0.2681874471288048,0.10343289950582077,1.0214638016528925
0.068023331,0.10396796,49508.027,0.2681874471288048,0.11109457546311018,1.0228931198347109
0.068023331,0.10589679,49595.387,0.2681874471288048,0.11875629114248855,1.0246980785123967
0.068023331,0.10782561,49704.125,0.2681874471288048,0.12641796709977796,1.0269447314049587
0.068023331,0.10975444,49837.004,0.2681874471288048,0.13407968277915627,1.0296901652892563
0.068023331,0.11168326,49996.18,0.2681874471288048,0.14174135873644575,1.0329789256198347
0.068023331,0.11361209,50183.078,0.2681874471288048,0.14940307441582407,1.0368404545454546
0.068023331,0.11554092,50398.645,0.2681874471288048,0.15706479009520244,1.0412943181818182
0.068023331,0.11746974,50643.184,0.2681874471288048,0.16472646605249183,1.046346776859504
0.068023331,0.11939856,50916.125,0.2681874471288048,0.17238814200978125,1.0519860537190082
0.068023331,0.12132739,51215.918,0.2681874471288048,0.18004985768915957,1.0581801239669422
0.068023331,0.12325621,51539.844,0.2681874471288048,0.18771153364644902,1.0648728099173552
0.068023331,0.12518504,51884.234,0.2681874471288048,0.19537324932582734,1.0719883057851238
0.068023331,0.12711386,52244.918,0.2681874471288048,0.20303492528311676,1.0794404545454546
0.068023331,0.12904269,52617.703,0.2681874471288048,0.21069664096249507,1.0871426239669422
0.068023331,0.13089341,52983.5,0.2681874471288048,0.21804808740522932,1.0947004132231406
0.068023331,0.13258547,53322.5,0.2681874471288048,0.22476930318497618,1.1017045454545455
0.068023331,0.13412371,53632.805,0.2681874471288048,0.23087951379277827,1.108115805785124
0.068023331,0.1355221,53915.426,0.2681874471288048,0.23643421098687306,1.113955082644628
0.068023331,0.13679338,54171.758,0.2681874471288048,0.24148400070855927,1.1192511983471074
0.068023331,0.13794906,54403.492,0.2681874471288048,0.24607460308219725,1.124039090909091
0.068023331,0.1389997,54612.375,0.2681874471288048,0.2502479646336984,1.1283548553719007
0.070356898,0.013000302,54913.777,0.2774568627189708,-0.25024796463369836,1.1345821694214877
0.070356898,0.014050936,54694.191,0.2774568627189708,-0.24607462691545054,1.1300452685950413
0.070356898,0.015206633,54450.883,0.2774568627189708,-0.24148395701426148,1.125018243801653
0.070356898,0.0164779,54182.164,0.2774568627189708,-0.2364342189312908,1.1194661983471075
0.070356898,0.017876294,53886.434,0.2774568627189708,-0.23087950584836042,1.1133560743801654
0.070356898,0.019414527,53562.516,0.2774568627189708,-0.22476932304602057,1.1066635537190084
0.070356898,0.021106582,53209.664,0.2774568627189708,-0.21804812712731828,1.0993732231404958
0.070356898,0.02295731,52830.098,0.2774568627189708,-0.2106966489069129,1.0915309504132231
0.070356898,0.024886135,52444.199,0.2774568627189708,-0.203034953088579,1.0835578305785125
0.070356898,0.02681496,52071.184,0.2774568627189708,-0.19537325727024513,1.0758509090909092
0.070356898,0.028743785,51714.281,0.2774568627189708,-0.18771156145191123,1.0684768801652893
0.070356898,0.030672612,51377.227,0.2774568627189708,-0.18004985768915957,1.0615129545454545
0.070356898,0.032601438,51063.574,0.2774568627189708,-0.17238815789861678,1.055032520661157
0.070356898,0.03453026,50776.32,0.2774568627189708,-0.1647264739969096,1.049097520661157
0.070356898,0.036459088,50517.441,0.2774568627189708,-0.15706476626194904,1.0437487809917356
0.070356898,0.03838791,50287.898,0.2774568627189708,-0.14940308236024183,1.0390061570247935
0.070356898,0.040316738,50087.66,0.2774568627189708,-0.14174137462528127,1.034869008264463
0.070356898,0.042245559,49915.871,0.2774568627189708,-0.13407969469578296,1.0313196487603307
0.070356898,0.044174388,49771.168,0.2774568627189708,-0.12641798298861348,1.028329917355372
0.070356898,0.046103209,49651.629,0.2774568627189708,-0.11875630305911519,1.025860103305785
0.070356898,0.048032038,49554.762,0.2774568627189708,-0.11109459135194574,1.0238587190082644
0.070356898,0.049960859,49477.574,0.2774568627189708,-0.10343291142244741,1.0222639256198347
0.070356898,0.051889684,49416.797,0.2774568627189708,-0.09577121560411354,1.0210082024793388
0.070356898,0.053818509,49369.203,0.2774568627189708,-0.08810951978577966,1.020024855371901
0.070356898,0.055747338,49331.699,0.2774568627189708,-0.0804478080786102,1.019249979338843
0.070356898,0.057676159,49301.66,0.2774568627189708,-0.07278612814911191,1.0186293388429752
0.070356898,0.059604988,49276.973,0.2774568627189708,-0.06512441644194245,1.018119276859504
0.070356898,0.061533809,49256.043,0.2774568627189708,-0.05746273651244412,1.0176868388429752
0.070356898,0.063462637,49237.84,0.2774568627189708,-0.04980102877748356,1.0173107438016529
0.070356898,0.065391466,49221.762,0.2774568627189708,-0.04213931707031413,1.0169785537190084
0.070356898,0.067320287,49207.676,0.2774568627189708,-0.034477637140815774,1.016687520661157
0.070356898,0.069249108,49195.727,0.2774568627189708,-0.02681595721131748,1.0164406404958677
0.070356898,0.071177937,49186.289,0.2774568627189708,-0.01915424550414805,1.0162456404958677
0.070356898,0.073106766,49179.762,0.2774568627189708,-0.011492533796978567,1.016110785123967
0.070356898,0.075035587,49176.461,0.2774568627189708,-0.003830853867480268,1.0160425826446282
0.070356898,0.076964408,49176.531,0.2774568627189708,0.0038308260620180308,1.0160440289256198
0.070356898,0.078893237,49179.965,0.2774568627189708,0.011492537769187513,1.0161149793388429
0.070356898,0.080822065,49186.621,0.2774568627189708,0.01915424550414805,1.0162525
0.070356898,0.082750887,49196.203,0.2774568627189708,0.02681592940585524,1.0164504752066117
0.070356898,0.084679708,49208.379,0.2774568627189708,0.03447760933535359,1.0167020454545455
0.070356898,0.086608537,49222.867,0.2774568627189708,0.04213932104252302,1.0170013842975205
0.070356898,0.088537365,49239.668,0.2774568627189708,0.049801028777483616,1.017348512396694
0.070356898,0.090466186,49259.082,0.2774568627189708,0.05746270870698191,1.0177496280991736
0.070356898,0.092395008,49281.879,0.2774568627189708,0.0651243926086891,1.0182206404958678
0.070356898,0.094323844,49309.289,0.2774568627189708,0.07278613212132082,1.0187869628099173
0.070356898,0.096252665,49343.102,0.2774568627189708,0.08044781205081912,1.0194855785123966
0.070356898,0.098181486,49385.672,0.2774568627189708,0.08810949198031742,1.020365123966942
0.070356898,0.10011031,49439.879,0.2774568627189708,0.0957711838264424,1.0214851033057852
0.070356898,0.10203914,49509.066,0.2774568627189708,0.10343289950582077,1.0229145867768594
0.070356898,0.10396796,49596.664,0.2774568627189708,0.11109457546311018,1.0247244628099172
0.070356898,0.10589679,49706.137,0.2774568627189708,0.11875629114248855,1.0269863016528926
0.070356898,0.10782561,49840.527,0.2774568627189708,0.12641796709977796,1.0297629545454545
0.070356898,0.10975444,50002.191,0.2774568627189708,0.13407968277915627,1.0331031198347107
0.070356898,0.11168326,50192.797,0.2774568627189708,0.14174135873644575,1.0370412603305785
0.070356898,0.11361209,50413.262,0.2774568627189708,0.14940307441582407,1.0415963223140496
0.070356898,0.11554092,50663.898,0.2774568627189708,0.15706479009520244,1.0467747520661157
0.070356898,0.11746974,50944.078,0.2774568627189708,0.16472646605249183,1.0525635950413224
0.070356898,0.11939856,51252.086,0.2774568627189708,0.17238814200978125,1.058927396694215
0.070356898,0.12132739,51585.219,0.2774568627189708,0.18004985768915957,1.0658103099173553
0.070356898,0.12325621,51940.004,0.2774568627189708,0.18771153364644902,1.0731405785123966
0.070356898,0.12518504,52312.555,0.2774568627189708,0.19537324932582734,1.0808379132231405
0.070356898,0.12711386,52699.195,0.2774568627189708,0.20303492528311676,1.0888263429752065
0.070356898,0.12904269,53096.547,0.2774568627189708,0.21069664096249507,1.0970360950413223
0.070356898,0.13089341,53485.262,0.2774568627189708,0.21804808740522932,1.1050673966942148
0.070356898,0.13258547,53844.941,0.2774568627189708,0.22476930318497618,1.1124987809917355
0.070356898,0.13412371,54173.758,0.2774568627189708,0.23087951379277827,1.119292520661157
0.070356898,0.1355221,54472.836,0.2774568627189708,0.23643421098687306,1.1254718181818182
0.070356898,0.13679338,54743.684,0.2774568627189708,0.24148400070855927,1.1310678512396695
0.070356898,0.13794906,54988.176,0.2774568627189708,0.24607460308219725,1.1361193388429751
0.070356898,0.1389997,55208.23,0.2774568627189708,0.2502479646336984,1.1406659090909093
0.072690465,0.013000302,55548.285,0.2867262783091368,-0.25024796463369836,1.1476918388429753
0.072690465,0.014050936,55315.383,0.2867262783091368,-0.24607462691545054,1.1428798140495868
0.072690465,0.015206633,55056.246,0.2867262783091368,-0.24148395701426148,1.1375257438016528
0.072690465,0.0164779,54768.926,0.2867262783091368,-0.2364342189312908,1.1315893801652892
0.072690465,0.017876294,54451.496,0.2867262783091368,-0.23087950584836042,1.125030909090909
0.072690465,0.019414527,54102.602,0.2867262783091368,-0.22476932304602057,1.1178223553719009
0.072690465,0.021106582,53721.52,0.2867262783091368,-0.21804812712731828,1.1099487603305784
0.072690465,0.02295731,53310.785,0.2867262783091368,-0.2106966489069129,1.1014625
0.072690465,0.024886135,52892.637,0.2867262783091368,-0.203034953088579,1.0928230785123967
0.072690465,0.02681496,52487.75,0.2867262783091368,-0.19537325727024513,1.0844576446280991
0.072690465,0.028743785,52099.086,0.2867262783091368,-0.18771156145191123,1.0764273966942148
0.072690465,0.030672612,51729.887,0.2867262783091368,-0.18004985768915957,1.0687993181818183
0.072690465,0.032601438,51383.527,0.2867262783091368,-0.17238815789861678,1.0616431198347107
0.072690465,0.03453026,51063.211,0.2867262783091368,-0.1647264739969096,1.055025020661157
0.072690465,0.036459088,50771.359,0.2867262783091368,-0.15706476626194904,1.048995020661157
0.072690465,0.03838791,50509.684,0.2867262783091368,-0.14940308236024183,1.0435885123966941
0.072690465,0.040316738,50278.52,0.2867262783091368,-0.14174137462528127,1.0388123966942149
0.072690465,0.042245559,50077.688,0.2867262783091368,-0.13407969469578296,1.0346629752066117
0.072690465,0.044174388,49906.191,0.2867262783091368,-0.12641798298861348,1.0311196487603305
0.072690465,0.046103209,49762.5,0.2867262783091368,-0.11875630305911519,1.028150826446281
0.072690465,0.048032038,49644.414,0.2867262783091368,-0.11109459135194574,1.0257110330578512
0.072690465,0.049960859,49549.227,0.2867262783091368,-0.10343291142244741,1.0237443595041322
0.072690465,0.051889684,49473.699,0.2867262783091368,-0.09577121560411354,1.0221838636363636
0.072690465,0.053818509,49414.488,0.2867262783091368,-0.08810951978577966,1.0209604958677685
0.072690465,0.055747338,49368.164,0.2867262783091368,-0.0804478080786102,1.020003388429752
0.072690465,0.057676159,49331.668,0.2867262783091368,-0.07278612814911191,1.019249338842975
0.072690465,0.059604988,49302.332,0.2867262783091368,-0.06512441644194245,1.0186432231404958
0.072690465,0.061533809,49277.973,0.2867262783091368,-0.05746273651244412,1.0181399380165288
0.072690465,0.063462637,49257.074,0.2867262783091368,-0.04980102877748356,1.0177081404958679
0.072690465,0.065391466,49238.68,0.2867262783091368,-0.04213931707031413,1.0173280991735538
0.072690465,0.067320287,49222.465,0.2867262783091368,-0.034477637140815774,1.0169930785123966
0.072690465,0.069249108,49208.52,0.2867262783091368,-0.02681595721131748,1.016704958677686
0.072690465,0.071177937,49197.32,0.2867262783091368,-0.01915424550414805,1.0164735537190082
0.072690465,0.073106766,49189.422,0.2867262783091368,-0.011492533796978567,1.0163103719008264
0.072690465,0.075035587,49185.297,0.2867262783091368,-0.003830853867480268,1.0162251446280992
0.072690465,0.076964408,49185.355,0.2867262783091368,0.0038308260620180308,1.0162263429752068
0.072690465,0.078893237,49189.602,0.2867262783091368,0.011492537769187513,1.0163140909090909
0.072690465,0.080822065,49197.629,0.2867262783091368,0.01915424550414805,1.016479938016529
0.072690465,0.082750887,49209.02,0.2867262783091368,0.02681592940585524,1.0167152892561984
0.072690465,0.084679708,49223.312,0.2867262783091368,0.03447760933535359,1.0170105785123966
0.072690465,0.086608537,49240.168,0.2867262783091368,0.04213932104252302,1.0173588429752065
0.072690465,0.088537365,49259.66,0.2867262783091368,0.049801028777483616,1.017761570247934
0.072690465,0.090466186,49282.324,0.2867262783091368,0.05746270870698191,1.018229834710744
0.072690465,0.092395008,49309.316,0.2867262783091368,0.0651243926086891,1.018787520661157
0.072690465,0.094323844,49342.387,0.2867262783091368,0.07278613212132082,1.019470805785124
0.072690465,0.096252665,49383.914,0.2867262783091368,0.08044781205081912,1.0203288016528924
0.072690465,0.098181486,49436.809,0.2867262783091368,0.08810949198031742,1.021421673553719
0.072690465,0.10011031,49504.344,0.2867262783091368,0.0957711838264424,1.0228170247933883
0.072690465,0.10203914,49590.18,0.2867262783091368,0.10343289950582077,1.0245904958677685
0.072690465,0.10396796,49697.809,0.2867262783091368,0.11109457546311018,1.02681423553719
0.072690465,0.10589679,49830.543,0.2867262783091368,0.11875629114248855,1.029556673553719
0.072690465,0.10782561,49991.004,0.2867262783091368,0.12641796709977796,1.0328719834710745
0.072690465,0.10975444,50181.035,0.2867262783091368,0.13407968277915627,1.036798243801653
0.072690465,0.11168326,50401.867,0.2867262783091368,0.14174135873644575,1.041360888429752
0.072690465,0.11361209,50653.859,0.2867262783091368,0.14940307441582407,1.0465673347107438
0.072690465,0.11554092,50936.707,0.2867262783091368,0.15706479009520244,1.0524113016528927
0.072690465,0.11746974,51249.434,0.2867262783091368,0.16472646605249183,1.0588726033057851
0.072690465,0.11939856,51589.527,0.2867262783091368,0.17238814200978125,1.0658993181818182
0.072690465,0.12132739,51954.227,0.2867262783091368,0.18004985768915957,1.0734344421487603
0.072690465,0.12325621,52339.629,0.2867262783091368,0.18771153364644902,1.0813972933884297
0.072690465,0.12518504,52742.422,0.2867262783091368,0.19537324932582734,1.0897194628099174
0.072690465,0.12711386,53159.379,0.2867262783091368,0.20303492528311676,1.0983342768595041
0.072690465,0.12904269,53587.367,0.2867262783091368,0.21069664096249507,1.1071770041322313
0.072690465,0.13089341,54005.512,0.2867262783091368,0.21804808740522932,1.1158163636363636
0.072690465,0.13258547,54391.527,0.2867262783091368,0.22476930318497618,1.1237918801652893
0.072690465,0.13412371,54743.305,0.2867262783091368,0.23087951379277827,1.131060020661157
0.072690465,0.1355221,55062.031,0.2867262783091368,0.23643421098687306,1.1376452685950413
0.072690465,0.13679338,55349.52,0.2867262783091368,0.24148400070855927,1.1435851239669421
0.072690465,0.13794906,55608.039,0.2867262783091368,0.24607460308219725,1.1489264256198346
0.072690465,0.1389997,55839.844,0.2867262783091368,0.2502479646336984,1.153715785123967
0.075024031,0.013000302,56255.234,0.29599568992709396,-0.25024796463369836,1.1622982231404957
0.075024031,0.014050936,56012.934,0.29599568992709396,-0.24607462691545054,1.1572920247933884
0.075024031,0.015206633,55741.707,0.29599568992709396,-0.24148395701426148,1.1516881611570249
0.075024031,0.0164779,55438.422,0.29599568992709396,-0.2364342189312908,1.1454219421487604
0.075024031,0.017876294,55100.18,0.29599568992709396,-0.23087950584836042,1.1384334710743802
0.075024031,0.019414527,54724.809,0.29599568992709396,-0.22476932304602057,1.1306778719008264
0.075024031,0.021106582,54310.762,0.29599568992709396,-0.21804812712731828,1.1221231818181818
0.075024031,0.02295731,53860.328,0.29599568992709396,-0.2106966489069129,1.112816694214876
0.075024031,0.024886135,53398.402,0.29599568992709396,-0.203034953088579,1.1032727685950414
0.075024031,0.02681496,52948.758,0.29599568992709396,-0.19537325727024513,1.0939826033057851
0.075024031,0.028743785,52515.594,0.29599568992709396,-0.18771156145191123,1.0850329338842974
0.075024031,0.030672612,52103.512,0.29599568992709396,-0.18004985768915957,1.0765188429752066
0.075024031,0.032601438,51715.895,0.29599568992709396,-0.17238815789861678,1.0685102272727272
0.075024031,0.03453026,51355.816,0.29599568992709396,-0.1647264739969096,1.0610705785123966
0.075024031,0.036459088,51025.973,0.29599568992709396,-0.15706476626194904,1.0542556404958678
0.075024031,0.03838791,50728.754,0.29599568992709396,-0.14940308236024183,1.0481147520661158
0.075024031,0.040316738,50467.148,0.29599568992709396,-0.14174137462528127,1.0427096694214877
0.075024031,0.042245559,50238.723,0.29599568992709396,-0.13407969469578296,1.0379901446280992
0.075024031,0.044174388,50042.27,0.29599568992709396,-0.12641798298861348,1.0339311983471073
0.075024031,0.046103209,49875.953,0.29599568992709396,-0.11875630305911519,1.030494896694215
0.075024031,0.048032038,49737.441,0.29599568992709396,-0.11109459135194574,1.0276330785123966
0.075024031,0.049960859,49624.277,0.29599568992709396,-0.10343291142244741,1.025294979338843
0.075024031,0.051889684,49533.312,0.29599568992709396,-0.09577121560411354,1.0234155371900826
0.075024031,0.053818509,49461.379,0.29599568992709396,-0.08810951978577966,1.021929318181818
0.075024031,0.055747338,49405.004,0.29599568992709396,-0.0804478080786102,1.0207645454545455
0.075024031,0.057676159,49360.855,0.29599568992709396,-0.07278612814911191,1.019852376033058
0.075024031,0.059604988,49325.809,0.29599568992709396,-0.06512441644194245,1.019128285123967
0.075024031,0.061533809,49297.188,0.29599568992709396,-0.05746273651244412,1.0185369421487604
0.075024031,0.063462637,49272.988,0.29599568992709396,-0.04980102877748356,1.0180369421487603
0.075024031,0.065391466,49251.902,0.29599568992709396,-0.04213931707031413,1.0176012809917356
0.075024031,0.067320287,49233.371,0.29599568992709396,-0.034477637140815774,1.017218409090909
0.075024031,0.069249108,49217.43,0.29599568992709396,-0.02681595721131748,1.0168890495867768
0.075024031,0.071177937,49204.602,0.29599568992709396,-0.01915424550414805,1.0166240082644629
0.075024031,0.073106766,49195.625,0.29599568992709396,-0.011492533796978567,1.0164385330578511
0.075024031,0.075035587,49191.098,0.29599568992709396,-0.003830853867480268,1.016345
0.075024031,0.076964408,49191.16,0.29599568992709396,0.0038308260620180308,1.0163462809917356
0.075024031,0.078893237,49195.816,0.29599568992709396,0.011492537769187513,1.016442479338843
0.075024031,0.080822065,49204.977,0.29599568992709396,0.01915424550414805,1.0166317561983471
0.075024031,0.082750887,49218.113,0.29599568992709396,0.02681592940585524,1.0169031611570247
0.075024031,0.084679708,49234.629,0.29599568992709396,0.03447760933535359,1.0172444008264463
0.075024031,0.086608537,49254.16,0.29599568992709396,0.04213932104252302,1.0176479338842976
0.075024031,0.088537365,49276.879,0.29599568992709396,0.049801028777483616,1.0181173347107437
0.075024031,0.090466186,49303.566,0.29599568992709396,0.05746270870698191,1.0186687190082644
0.075024031,0.092395008,49335.762,0.29599568992709396,0.0651243926086891,1.0193339256198348
0.075024031,0.094323844,49375.68,0.29599568992709396,0.07278613212132082,1.0201586776859504
0.075024031,0.096252665,49426.219,0.29599568992709396,0.08044781205081912,1.0212028719008264
0.075024031,0.098181486,49490.68,0.29599568992709396,0.08810949198031742,1.0225347107438016
0.075024031,0.10011031,49572.547,0.29599568992709396,0.0957711838264424,1.0242261776859505
0.075024031,0.10203914,49675.418,0.29599568992709396,0.10343289950582077,1.0263516115702478
0.075024031,0.10396796,49802.602,0.29599568992709396,0.11109457546311018,1.0289793801652893
0.075024031,0.10589679,49957.18,0.29599568992709396,0.11875629114248855,1.0321731404958678
0.075024031,0.10782561,50141.508,0.29599568992709396,0.12641796709977796,1.035981570247934
0.075024031,0.10975444,50357.703,0.29599568992709396,0.13407968277915627,1.0404484090909092
0.075024031,0.11168326,50607.16,0.29599568992709396,0.14174135873644575,1.045602479338843
0.075024031,0.11361209,50890.914,0.29599568992709396,0.14940307441582407,1.0514651652892562
0.075024031,0.11554092,51210.227,0.29599568992709396,0.15706479009520244,1.058062541322314
0.075024031,0.11746974,51560.785,0.29599568992709396,0.16472646605249183,1.0653054752066116
0.075024031,0.11939856,51940.449,0.29599568992709396,0.17238814200978125,1.0731497727272727
0.075024031,0.12132739,52345.816,0.29599568992709396,0.18004985768915957,1.0815251239669421
0.075024031,0.12325621,52773.477,0.29599568992709396,0.18771153364644902,1.0903610950413223
0.075024031,0.12518504,53219.625,0.29599568992709396,0.19537324932582734,1.0995790289256198
0.075024031,0.12711386,53679.715,0.29599568992709396,0.20303492528311676,1.1090850206611569
0.075024031,0.12904269,54149.223,0.29599568992709396,0.21069664096249507,1.1187855991735536
0.075024031,0.13089341,54604.191,0.29599568992709396,0.21804808740522932,1.12818576446281
0.075024031,0.13258547,55020.059,0.29599568992709396,0.22476930318497618,1.1367780785123967
0.075024031,0.13412371,55395.203,0.29599568992709396,0.23087951379277827,1.1445289876033058
0.075024031,0.1355221,55731.801,0.29599568992709396,0.23643421098687306,1.1514834917355372
0.075024031,0.13679338,56032.594,0.29599568992709396,0.24148400070855927,1.1576982231404958
0.075024031,0.13794906,56300.988,0.29599568992709396,0.24607460308219725,1.1632435537190082
0.075024031,0.1389997,56540.301,0.29599568992709396,0.2502479646336984,1.1681880371900826
0.077357598,0.013000302,57088.273,0.30526510551725994,-0.25024796463369836,1.1795097727272728
0.077357598,0.014050936,56847.965,0.30526510551725994,-0.24607462691545054,1.1745447314049586
0.077357598,0.015206633,56575.789,0.30526510551725994,-0.24148395701426148,1.1689212603305785
0.077357598,0.0164779,56267.445,0.30526510551725994,-0.2364342189312908,1.1625505165289256
0.077357598,0.017876294,55918.07,0.30526510551725994,-0.23087950584836042,1.1553320247933885
0.077357598,0.019414527,55523.09,0.30526510551725994,-0.22476932304602057,1.1471712809917354
0.077357598,0.021106582,55078.527,0.30526510551725994,-0.21804812712731828,1.1379860950413223
0.077357598,0.02295731,54584.742,0.30526510551725994,-0.2106966489069129,1.1277839256198348
0.077357598,0.024886135,54068.094,0.30526510551725994,-0.203034953088579,1.1171093801652892
0.077357598,0.02681496,53556.539,0.30526510551725994,-0.19537325727024513,1.106540061983471
0.077357598,0.028743785,53057.371,0.30526510551725994,-0.18771156145191123,1.096226673553719
0.077357598,0.030672612,52578.582,0.30526510551725994,-0.18004985768915957,1.0863343388429751
0.077357598,0.032601438,52127.582,0.30526510551725994,-0.17238815789861678,1.0770161570247934
0.077357598,0.03453026,51709.34,0.30526510551725994,-0.1647264739969096,1.0683747933884298
0.077357598,0.036459088,51326.125,0.30526510551725994,-0.15706476626194904,1.0604571280991735
0.077357598,0.03838791,50980.191,0.30526510551725994,-0.14940308236024183,1.0533097314049586
0.077357598,0.040316738,50673.426,0.30526510551725994,-0.14174137462528127,1.0469716115702479
0.077357598,0.042245559,50406.141,0.30526510551725994,-0.13407969469578296,1.041449194214876
0.077357598,0.044174388,50177.055,0.30526510551725994,-0.12641798298861348,1.0367160123966943
0.077357598,0.046103209,49984.199,0.30526510551725994,-0.11875630305911519,1.0327313842975208
0.077357598,0.048032038,49824.543,0.30526510551725994,-0.11109459135194574,1.0294327066115703
0.077357598,0.049960859,49693.672,0.30526510551725994,-0.10343291142244741,1.0267287603305786
0.077357598,0.051889684,49588.02,0.30526510551725994,-0.09577121560411354,1.024545867768595
0.077357598,0.053818509,49503.922,0.30526510551725994,-0.08810951978577966,1.022808305785124
0.077357598,0.055747338,49437.605,0.30526510551725994,-0.0804478080786102,1.021438119834711
0.077357598,0.057676159,49385.508,0.30526510551725994,-0.07278612814911191,1.0203617355371901
0.077357598,0.059604988,49344.254,0.30526510551725994,-0.06512441644194245,1.0195093801652892
0.077357598,0.061533809,49310.926,0.30526510551725994,-0.05746273651244412,1.018820785123967
0.077357598,0.063462637,49283.266,0.30526510551725994,-0.04980102877748356,1.0182492975206612
0.077357598,0.065391466,49259.633,0.30526510551725994,-0.04213931707031413,1.0177610123966943
0.077357598,0.067320287,49239.227,0.30526510551725994,-0.034477637140815774,1.0173394008264462
0.077357598,0.069249108,49221.934,0.30526510551725994,-0.02681595721131748,1.0169821074380165
0.077357598,0.071177937,49208.125,0.30526510551725994,-0.01915424550414805,1.016696797520661
0.077357598,0.073106766,49198.445,0.30526510551725994,-0.011492533796978567,1.0164967975206611
0.077357598,0.075035587,49193.691,0.30526510551725994,-0.003830853867480268,1.0163985743801653
0.077357598,0.076964408,49193.75,0.30526510551725994,0.0038308260620180308,1.0163997933884297
0.077357598,0.078893237,49198.715,0.30526510551725994,0.011492537769187513,1.0165023760330578
0.077357598,0.080822065,49208.711,0.30526510551725994,0.01915424550414805,1.0167089049586777
0.077357598,0.082750887,49223.031,0.30526510551725994,0.02681592940585524,1.0170047727272729
0.077357598,0.084679708,49241.23,0.30526510551725994,0.03447760933535359,1.017380785123967
0.077357598,0.086608537,49263.152,0.30526510551725994,0.04213932104252302,1.0178337190082645
0.077357598,0.088537365,49289.117,0.30526510551725994,0.049801028777483616,1.0183701859504133
0.077357598,0.090466186,49320.125,0.30526510551725994,0.05746270870698191,1.019010847107438
0.077357598,0.092395008,49358.023,0.30526510551725994,0.0651243926086891,1.0197938636363637
0.077357598,0.094323844,49405.199,0.30526510551725994,0.07278613212132082,1.0207685743801653
0.077357598,0.096252665,49464.816,0.30526510551725994,0.08044781205081912,1.0220003305785124
0.077357598,0.098181486,49540.449,0.30526510551725994,0.08810949198031742,1.0235629958677686
0.077357598,0.10011031,49635.828,0.30526510551725994,0.0957711838264424,1.0255336363636365
0.077357598,0.10203914,49754.883,0.30526510551725994,0.10343289950582077,1.027993450413223
0.077357598,0.10396796,49901.441,0.30526510551725994,0.11109457546311018,1.0310215082644627
0.077357598,0.10589679,50079.082,0.30526510551725994,0.11875629114248855,1.034691776859504
0.077357598,0.10782561,50292.582,0.30526510551725994,0.12641796709977796,1.0391029338842976
0.077357598,0.10975444,50543.621,0.30526510551725994,0.13407968277915627,1.0442896900826446
0.077357598,0.11168326,50834.258,0.30526510551725994,0.14174135873644575,1.0502945867768596
0.077357598,0.11361209,51164.859,0.30526510551725994,0.14940307441582407,1.0571251859504132
0.077357598,0.11554092,51533.996,0.30526510551725994,0.15706479009520244,1.0647519834710744
0.077357598,0.11746974,51939.355,0.30526510551725994,0.16472646605249183,1.0731271694214877
0.077357598,0.11939856,52378.07,0.30526510551725994,0.17238814200978125,1.0821915289256199
0.077357598,0.12132739,52847.375,0.30526510551725994,0.18004985768915957,1.0918879132231405
0.077357598,0.12325621,53341.25,0.30526510551725994,0.18771153364644902,1.1020919421487603
0.077357598,0.12518504,53851.543,0.30526510551725994,0.19537324932582734,1.112635185950413
0.077357598,0.12711386,54370.516,0.30526510551725994,0.20303492528311676,1.1233577685950413
0.077357598,0.12904269,54890.473,0.30526510551725994,0.21069664096249507,1.1341006818181818
0.077357598,0.13089341,55383.859,0.30526510551725994,0.21804808740522932,1.1442946074380165
0.077357598,0.13258547,55825.172,0.30526510551725994,0.22476930318497618,1.1534126446280992
0.077357598,0.13412371,56215.18,0.30526510551725994,0.23087951379277827,1.161470661157025
0.077357598,0.1355221,56558.848,0.30526510551725994,0.23643421098687306,1.1685712396694214
0.077357598,0.13679338,56861.352,0.30526510551725994,0.24148400070855927,1.1748213223140496
0.077357598,0.13794906,57127.875,0.30526510551725994,0.24607460308219725,1.1803279958677686
0.077357598,0.1389997,57362.824,0.30526510551725994,0.2502479646336984,1.1851823140495867
0.079691164,0.013000302,58112.414,0.314534517135217,-0.25024796463369836,1.2006697107438016
0.079691164,0.014050936,57897.32,0.314534517135217,-0.24607462691545054,1.1962256198347108
0.079691164,0.015206633,57650.301,0.314534517135217,-0.24148395701426148,1.1911219214876032
0.079691164,0.0164779,57365.227,0.314534517135217,-0.2364342189312908,1.1852319628099173
0.079691164,0.017876294,57034.328,0.314534517135217,-0.23087950584836042,1.1783952066115704
0.079691164,0.019414527,56648.82,0.314534517135217,-0.22476932304602057,1.1704301652892561
0.079691164,0.021106582,56199.078,0.314534517135217,-0.21804812712731828,1.1611379752066116
0.079691164,0.02295731,55678.59,0.314534517135217,-0.2106966489069129,1.1503840909090908
0.079691164,0.024886135,55110.539,0.314534517135217,-0.203034953088579,1.1386475
0.079691164,0.02681496,54524.438,0.314534517135217,-0.19537325727024513,1.1265379752066116
0.079691164,0.028743785,53931.195,0.314534517135217,-0.18771156145191123,1.1142808884297521
0.079691164,0.030672612,53343.266,0.314534517135217,-0.18004985768915957,1.1021335950413225
0.079691164,0.032601438,52773.504,0.314534517135217,-0.17238815789861678,1.090361652892562
0.079691164,0.03453026,52236.664,0.314534517135217,-0.1647264739969096,1.079269917355372
0.079691164,0.036459088,51750.145,0.314534517135217,-0.15706476626194904,1.0692178719008263
0.079691164,0.03838791,51322.98,0.314534517135217,-0.14940308236024183,1.0603921487603307
0.079691164,0.040316738,50950.109,0.314534517135217,-0.14174137462528127,1.0526882024793387
0.079691164,0.042245559,50627.531,0.314534517135217,-0.13407969469578296,1.046023367768595
0.079691164,0.044174388,50351.734,0.314534517135217,-0.12641798298861348,1.040325082644628
0.079691164,0.046103209,50118.34,0.314534517135217,-0.11875630305911519,1.0355028925619834
0.079691164,0.048032038,49924.586,0.314534517135217,-0.11109459135194574,1.0314997107438018
0.079691164,0.049960859,49766.801,0.314534517135217,-0.10343291142244741,1.0282396900826447
0.079691164,0.051889684,49640.102,0.314534517135217,-0.09577121560411354,1.0256219421487602
0.079691164,0.053818509,49539.988,0.314534517135217,-0.08810951978577966,1.02355347107438
0.079691164,0.055747338,49462.273,0.314534517135217,-0.0804478080786102,1.0219477892561983
0.079691164,0.057676159,49401.688,0.314534517135217,-0.07278612814911191,1.0206960330578512
0.079691164,0.059604988,49354.184,0.314534517135217,-0.06512441644194245,1.0197145454545455
0.079691164,0.061533809,49316.246,0.314534517135217,-0.05746273651244412,1.0189307024793388
0.079691164,0.063462637,49285.0,0.314534517135217,-0.04980102877748356,1.0182851239669422
0.079691164,0.065391466,49258.375,0.314534517135217,-0.04213931707031413,1.017735020661157
0.079691164,0.067320287,49235.316,0.314534517135217,-0.034477637140815774,1.0172585950413222
0.079691164,0.069249108,49215.648,0.314534517135217,-0.02681595721131748,1.0168522314049586
0.079691164,0.071177937,49199.609,0.314534517135217,-0.01915424550414805,1.0165208471074378
0.079691164,0.073106766,49187.922,0.314534517135217,-0.011492533796978567,1.0162793801652892
0.079691164,0.075035587,49180.371,0.314534517135217,-0.003830853867480268,1.016123367768595
0.079691164,0.076964408,49180.629,0.314534517135217,0.0038308260620180308,1.0161286983471074
0.079691164,0.078893237,49188.586,0.314534517135217,0.011492537769187513,1.0162930991735537
0.079691164,0.080822065,49200.879,0.314534517135217,0.01915424550414805,1.0165470867768596
0.079691164,0.082750887,49217.77,0.314534517135217,0.02681592940585524,1.0168960743801652
0.079691164,0.084679708,49238.855,0.314534517135217,0.03447760933535359,1.017331714876033
0.079691164,0.086608537,49263.969,0.314534517135217,0.04213932104252302,1.0178505991735536
0.079691164,0.088537365,49293.508,0.314534517135217,0.049801028777483616,1.0184609090909091
0.079691164,0.090466186,49328.789,0.314534517135217,0.05746270870698191,1.0191898553719008
0.079691164,0.092395008,49372.191,0.314534517135217,0.0651243926086891,1.0200865909090908
0.079691164,0.094323844,49426.727,0.314534517135217,0.07278613212132082,1.021213367768595
0.079691164,0.096252665,49496.164,0.314534517135217,0.08044781205081912,1.0226480165289256
0.079691164,0.098181486,49585.039,0.314534517135217,0.08810949198031742,1.0244842768595042
0.079691164,0.10011031,49698.582,0.314534517135217,0.0957711838264424,1.0268302066115702
0.079691164,0.10203914,49840.996,0.314534517135217,0.10343289950582077,1.0297726446280993
0.079691164,0.10396796,50017.148,0.314534517135217,0.11109457546311018,1.0334121487603305
0.079691164,0.10589679,50231.918,0.314534517135217,0.11875629114248855,1.0378495454545453
0.079691164,0.10782561,50488.164,0.314534517135217,0.12641796709977796,1.0431438842975207
0.079691164,0.10975444,50789.203,0.314534517135217,0.13407968277915627,1.0493636983471075
0.079691164,0.11168326,51139.137,0.314534517135217,0.14174135873644575,1.0565937396694216
0.079691164,0.11361209,51541.273,0.314534517135217,0.14940307441582407,1.0649023347107438
0.079691164,0.11554092,51999.48,0.314534517135217,0.15706479009520244,1.0743694214876034
0.079691164,0.11746974,52516.129,0.314534517135217,0.16472646605249183,1.0850439876033058
0.079691164,0.11939856,53075.793,0.314534517135217,0.17238814200978125,1.0966072933884297
0.079691164,0.12132739,53662.191,0.314534517135217,0.18004985768915957,1.1087229545454544
0.079691164,0.12325621,54261.012,0.314534517135217,0.18771153364644902,1.1210952892561985
0.079691164,0.12518504,54859.383,0.314534517135217,0.19537324932582734,1.133458326446281
0.079691164,0.12711386,55444.578,0.314534517135217,0.20303492528311676,1.145549132231405
0.079691164,0.12904269,56006.566,0.314534517135217,0.21069664096249507,1.1571604545454546
0.079691164,0.13089341,56517.262,0.314534517135217,0.21804808740522932,1.1677120247933885
0.079691164,0.13258547,56955.695,0.314534517135217,0.22476930318497618,1.1767705578512397
0.079691164,0.13412371,57329.816,0.314534517135217,0.23087951379277827,1.1845003305785125
0.079691164,0.1355221,57649.973,0.314534517135217,0.23643421098687306,1.1911151446280992
0.079691164,0.13679338,57925.285,0.314534517135217,0.24148400070855927,1.1968034090909092
0.079691164,0.13794906,58163.562,0.314534517135217,0.24607460308219725,1.2017264876033058
0.079691164,0.1389997,58370.832,0.314534517135217,0.2502479646336984,1.2060089256198347
0.082024731,0.013000302,59383.645,0.32380393272538305,-0.25024796463369836,1.2269348140495868
0.082024731,0.014050936,59228.898,0.32380393272538305,-0.24607462691545054,1.2237375619834712
0.082024731,0.015206633,59048.262,0.32380393272538305,-0.24148395701426148,1.2200054132231406
0.082024731,0.0164779,58834.414,0.32380393272538305,-0.2364342189312908,1.2155870661157024
0.082024731,0.017876294,58577.078,0.32380393272538305,-0.23087950584836042,1.2102702066115703
0.082024731,0.019414527,58262.816,0.32380393272538305,-0.22476932304602057,1.2037771900826446
0.082024731,0.021106582,57874.648,0.32380393272538305,-0.21804812712731828,1.1957571900826447
0.082024731,0.02295731,57395.254,0.32380393272538305,-0.2106966489069129,1.185852355371901
0.082024731,0.024886135,56835.387,0.32380393272538305,-0.203034953088579,1.174284855371901
0.082024731,0.02681496,56216.102,0.32380393272538305,-0.19537325727024513,1.1614897107438016
0.082024731,0.028743785,55544.457,0.32380393272538305,-0.18771156145191123,1.1476127479338842
0.082024731,0.030672612,54833.148,0.32380393272538305,-0.18004985768915957,1.1329162809917355
0.082024731,0.032601438,54103.078,0.32380393272538305,-0.17238815789861678,1.1178321900826447
0.082024731,0.03453026,53375.77,0.32380393272538305,-0.1647264739969096,1.102805165289256
0.082024731,0.036459088,52669.508,0.32380393272538305,-0.15706476626194904,1.0882129752066116
0.082024731,0.03838791,52010.941,0.32380393272538305,-0.14940308236024183,1.0746062190082644
0.082024731,0.040316738,51423.488,0.32380393272538305,-0.14174137462528127,1.0624687603305785
0.082024731,0.042245559,50945.895,0.32380393272538305,-0.13407969469578296,1.0526011363636363
0.082024731,0.044174388,50578.703,0.32380393272538305,-0.12641798298861348,1.0450145247933884
0.082024731,0.046103209,50291.652,0.32380393272538305,-0.11875630305911519,1.0390837190082645
0.082024731,0.048032038,50059.387,0.32380393272538305,-0.11109459135194574,1.0342848553719008
0.082024731,0.049960859,49873.34,0.32380393272538305,-0.10343291142244741,1.030440909090909
0.082024731,0.051889684,49725.312,0.32380393272538305,-0.09577121560411354,1.0273824793388429
0.082024731,0.053818509,49603.355,0.32380393272538305,-0.08810951978577966,1.0248627066115703
0.082024731,0.055747338,49504.309,0.32380393272538305,-0.0804478080786102,1.0228163016528926
0.082024731,0.057676159,49425.59,0.32380393272538305,-0.07278612814911191,1.0211898760330578
0.082024731,0.059604988,49363.762,0.32380393272538305,-0.06512441644194245,1.019912438016529
0.082024731,0.061533809,49315.676,0.32380393272538305,-0.05746273651244412,1.0189189256198348
0.082024731,0.063462637,49279.543,0.32380393272538305,-0.04980102877748356,1.0181723760330579
0.082024731,0.065391466,49252.289,0.32380393272538305,-0.04213931707031413,1.017609276859504
0.082024731,0.067320287,49231.832,0.32380393272538305,-0.034477637140815774,1.017186611570248
0.082024731,0.069249108,49217.762,0.32380393272538305,-0.02681595721131748,1.016895909090909
0.082024731,0.071177937,49212.125,0.32380393272538305,-0.01915424550414805,1.0167794421487604
0.082024731,0.073106766,49209.641,0.32380393272538305,-0.011492533796978567,1.016728119834711
0.082024731,0.075035587,49210.234,0.32380393272538305,-0.003830853867480268,1.0167403719008263
0.082024731,0.076964408,49210.164,0.32380393272538305,0.0038308260620180308,1.0167389256198347
0.082024731,0.078893237,49209.422,0.32380393272538305,0.011492537769187513,1.0167235950413223
0.082024731,0.080822065,49211.43,0.32380393272538305,0.01915424550414805,1.0167650826446282
0.082024731,0.082750887,49219.039,0.32380393272538305,0.02681592940585524,1.0169222933884297
0.082024731,0.084679708,49235.629,0.32380393272538305,0.03447760933535359,1.017265061983471
0.082024731,0.086608537,49259.293,0.32380393272538305,0.04213932104252302,1.0177539876033057
0.082024731,0.088537365,49291.012,0.32380393272538305,0.049801028777483616,1.0184093388429754
0.082024731,0.090466186,49333.246,0.32380393272538305,0.05746270870698191,1.0192819421487602
0.082024731,0.092395008,49388.395,0.32380393272538305,0.0651243926086891,1.0204213842975205
0.082024731,0.094323844,49458.867,0.32380393272538305,0.07278613212132082,1.021877417355372
0.082024731,0.096252665,49548.012,0.32380393272538305,0.08044781205081912,1.0237192561983472
0.082024731,0.098181486,49659.18,0.32380393272538305,0.08810949198031742,1.0260161157024794
0.082024731,0.10011031,49794.238,0.32380393272538305,0.0957711838264424,1.0288065702479339
0.082024731,0.10203914,49960.25,0.32380393272538305,0.10343289950582077,1.032236570247934
0.082024731,0.10396796,50168.941,0.32380393272538305,0.11109457546311018,1.036548367768595
0.082024731,0.10589679,50428.379,0.32380393272538305,0.11875629114248855,1.0419086570247933
0.082024731,0.10782561,50750.727,0.32380393272538305,0.12641796709977796,1.0485687396694214
0.082024731,0.10975444,51167.887,0.32380393272538305,0.13407968277915627,1.0571877479338843
0.082024731,0.11168326,51700.715,0.32380393272538305,0.14174135873644575,1.068196590909091
0.082024731,0.11361209,52327.309,0.32380393272538305,0.14940307441582407,1.0811427479338844
0.082024731,0.11554092,53021.059,0.32380393272538305,0.15706479009520244,1.0954764256198348
0.082024731,0.11746974,53750.258,0.32380393272538305,0.16472646605249183,1.110542520661157
0.082024731,0.11939856,54494.695,0.32380393272538305,0.17238814200978125,1.1259234504132232
0.082024731,0.12132739,55232.297,0.32380393272538305,0.18004985768915957,1.1411631611570248
0.082024731,0.12325621,55939.52,0.32380393272538305,0.18771153364644902,1.15577520661157
0.082024731,0.12518504,56599.27,0.32380393272538305,0.19537324932582734,1.1694064049586776
0.082024731,0.12711386,57201.273,0.32380393272538305,0.20303492528311676,1.1818444834710744
0.082024731,0.12904269,57739.973,0.32380393272538305,0.21069664096249507,1.1929746487603305
0.082024731,0.13089341,58196.969,0.32380393272538305,0.21804808740522932,1.202416714876033
0.082024731,0.13258547,58564.109,0.32380393272538305,0.22476930318497618,1.2100022520661156
0.082024731,0.13412371,58859.852,0.32380393272538305,0.23087951379277827,1.2161126446280992
0.082024731,0.1355221,59101.539,0.32380393272538305,0.23643421098687306,1.2211061776859504
0.082024731,0.13679338,59302.086,0.32380393272538305,0.24148400070855927,1.2252497107438016
0.082024731,0.13794906,59471.387,0.32380393272538305,0.24607460308219725,1.2287476652892562
0.082024731,0.1389997,59616.328,0.32380393272538305,0.2502479646336984,1.231742314049587
0.084358297,0.013000302,60895.918,0.3330733443433401,-0.25024796463369836,1.2581801239669421
0.084358297,0.014050936,60836.012,0.3330733443433401,-0.24607462691545054,1.256942396694215
0.084358297,0.015206633,60762.555,0.3330733443433401,-0.24148395701426148,1.2554246900826447
0.084358297,0.0164779,60669.422,0.3330733443433401,-0.2364342189312908,1.2535004545454544
0.084358297,0.017876294,60547.23,0.3330733443433401,-0.23087950584836042,1.2509758264462811
0.084358297,0.019414527,60383.758,0.3330733443433401,-0.22476932304602057,1.247598305785124
0.084358297,0.021106582,60162.391,0.3330733443433401,-0.21804812712731828,1.2430246074380167
0.084358297,0.02295731,59855.438,0.3330733443433401,-0.2106966489069129,1.2366826033057852
0.084358297,0.024886135,59445.035,0.3330733443433401,-0.203034953088579,1.228203202479339
0.084358297,0.02681496,58933.105,0.3330733443433401,-0.19537325727024513,1.2176261363636365
0.084358297,0.028743785,58314.98,0.3330733443433401,-0.18771156145191123,1.204854958677686
0.084358297,0.030672612,57591.484,0.3330733443433401,-0.18004985768915957,1.189906694214876
0.084358297,0.032601438,56761.527,0.3330733443433401,-0.17238815789861678,1.1727588223140497
0.084358297,0.03453026,55851.141,0.3330733443433401,-0.1647264739969096,1.153949194214876
0.084358297,0.036459088,54896.086,0.3330733443433401,-0.15706476626194904,1.1342166528925621
0.084358297,0.03838791,53935.734,0.3330733443433401,-0.14940308236024183,1.1143746694214876
0.084358297,0.040316738,53014.344,0.3330733443433401,-0.14174137462528127,1.0953376859504131
0.084358297,0.042245559,52141.445,0.3330733443433401,-0.13407969469578296,1.077302582644628
0.084358297,0.044174388,51358.383,0.3330733443433401,-0.12641798298861348,1.0611236157024795
0.084358297,0.046103209,50709.035,0.3330733443433401,-0.11875630305911519,1.047707334710744
0.084358297,0.048032038,50219.941,0.3330733443433401,-0.11109459135194574,1.0376020867768594
0.084358297,0.049960859,49895.215,0.3330733443433401,-0.10343291142244741,1.0308928719008263
0.084358297,0.051889684,49711.395,0.3330733443433401,-0.09577121560411354,1.0270949380165288
0.084358297,0.053818509,49607.73,0.3330733443433401,-0.08810951978577966,1.0249530991735538
0.084358297,0.055747338,49526.383,0.3330733443433401,-0.0804478080786102,1.023272376033058
0.084358297,0.057676159,49462.441,0.3330733443433401,-0.07278612814911191,1.0219512603305785
0.084358297,0.059604988,49407.023,0.3330733443433401,-0.06512441644194245,1.0208062603305785
0.084358297,0.061533809,49348.715,0.3330733443433401,-0.05746273651244412,1.0196015495867767
0.084358297,0.063462637,49295.891,0.3330733443433401,-0.04980102877748356,1.0185101446280993
0.084358297,0.065391466,49248.41,0.3330733443433401,-0.04213931707031413,1.017529132231405
0.084358297,0.067320287,49207.734,0.3330733443433401,-0.034477637140815774,1.0166887190082643
0.084358297,0.069249108,49172.863,0.3330733443433401,-0.02681595721131748,1.0159682438016528
0.084358297,0.071177937,49141.285,0.3330733443433401,-0.01915424550414805,1.0153158057851241
0.084358297,0.073106766,49119.727,0.3330733443433401,-0.011492533796978567,1.0148703925619835
0.084358297,0.075035587,49103.137,0.3330733443433401,-0.003830853867480268,1.0145276239669423
0.084358297,0.076964408,49103.652,0.3330733443433401,0.0038308260620180308,1.01453826446281
0.084358297,0.078893237,49122.699,0.3330733443433401,0.011492537769187513,1.014931797520661
0.084358297,0.080822065,49147.906,0.3330733443433401,0.01915424550414805,1.0154526033057851
0.084358297,0.082750887,49182.121,0.3330733443433401,0.02681592940585524,1.0161595247933883
0.084358297,0.084679708,49220.004,0.3330733443433401,0.03447760933535359,1.0169422314049588
0.084358297,0.086608537,49264.441,0.3330733443433401,0.04213932104252302,1.0178603512396693
0.084358297,0.088537365,49315.305,0.3330733443433401,0.049801028777483616,1.0189112603305785
0.084358297,0.090466186,49371.602,0.3330733443433401,0.05746270870698191,1.0200744214876032
0.084358297,0.092395008,49432.594,0.3330733443433401,0.0651243926086891,1.0213345867768595
0.084358297,0.094323844,49492.238,0.3330733443433401,0.07278613212132082,1.0225669008264462
0.084358297,0.096252665,49568.551,0.3330733443433401,0.08044781205081912,1.0241436157024792
0.084358297,0.098181486,49662.027,0.3330733443433401,0.08810949198031742,1.026074938016529
0.084358297,0.10011031,49792.102,0.3330733443433401,0.0957711838264424,1.028762438016529
0.084358297,0.10203914,50030.445,0.3330733443433401,0.10343289950582077,1.0336868801652892
0.084358297,0.10396796,50420.461,0.3330733443433401,0.11109457546311018,1.0417450619834712
0.084358297,0.10589679,50979.914,0.3330733443433401,0.11875629114248855,1.0533040082644627
0.084358297,0.10782561,51696.258,0.3330733443433401,0.12641796709977796,1.0681045041322315
0.084358297,0.10975444,52533.027,0.3330733443433401,0.13407968277915627,1.0853931198347109
0.084358297,0.11168326,53448.441,0.3330733443433401,0.14174135873644575,1.104306632231405
0.084358297,0.11361209,54413.605,0.3330733443433401,0.14940307441582407,1.1242480371900827
0.084358297,0.11554092,55398.512,0.3330733443433401,0.15706479009520244,1.1445973553719009
0.084358297,0.11746974,56361.391,0.3330733443433401,0.16472646605249183,1.164491549586777
0.084358297,0.11939856,57261.848,0.3330733443433401,0.17238814200978125,1.1830960330578513
0.084358297,0.12132739,58063.332,0.3330733443433401,0.18004985768915957,1.1996556198347108
0.084358297,0.12325621,58756.066,0.3330733443433401,0.18771153364644902,1.213968305785124
0.084358297,0.12518504,59338.359,0.3330733443433401,0.19537324932582734,1.225999152892562
0.084358297,0.12711386,59811.738,0.3330733443433401,0.20303492528311676,1.2357797107438016
0.084358297,0.12904269,60183.324,0.3330733443433401,0.21069664096249507,1.2434571074380165
0.084358297,0.13089341,60456.664,0.3330733443433401,0.21804808740522932,1.2491046280991736
0.084358297,0.13258547,60654.734,0.3330733443433401,0.22476930318497618,1.2531969834710743
0.084358297,0.13412371,60798.352,0.3330733443433401,0.23087951379277827,1.256164297520661
0.084358297,0.1355221,60903.121,0.3330733443433401,0.23643421098687306,1.2583289462809917
0.084358297,0.13679338,60981.457,0.3330733443433401,0.24148400070855927,1.259947458677686
0.084358297,0.13794906,61042.355,0.3330733443433401,0.24607460308219725,1.2612056818181818
0.084358297,0.1389997,61092.152,0.3330733443433401,0.2502479646336984,1.2622345454545454
0.086691871,0.013000302,62571.246,0.3423427877389684,-0.25024796463369836,1.2927943388429752
0.086691871,0.014050936,62626.043,0.3423427877389684,-0.24607462691545054,1.2939265082644629
0.086691871,0.015206633,62685.039,0.3423427877389684,-0.24148395701426148,1.2951454338842974
0.086691871,0.0164779,62744.758,0.3423427877389684,-0.2364342189312908,1.2963792975206612
0.086691871,0.017876294,62798.891,0.3423427877389684,-0.23087950584836042,1.2974977479338843
0.086691871,0.019414527,62837.078,0.3423427877389684,-0.22476932304602057,1.29828673553719
0.086691871,0.021106582,62844.895,0.3423427877389684,-0.21804812712731828,1.298448243801653
0.086691871,0.02295731,62801.957,0.3423427877389684,-0.2106966489069129,1.2975610950413223
0.086691871,0.024886135,62680.43,0.3423427877389684,-0.203034953088579,1.2950502066115703
0.086691871,0.02681496,62458.281,0.3423427877389684,-0.19537325727024513,1.2904603512396695
0.086691871,0.028743785,62126.613,0.3423427877389684,-0.18771156145191123,1.28360770661157
0.086691871,0.030672612,61667.52,0.3423427877389684,-0.18004985768915957,1.2741223140495868
0.086691871,0.032601438,61026.633,0.3423427877389684,-0.17238815789861678,1.260880847107438
0.086691871,0.03453026,60202.562,0.3423427877389684,-0.1647264739969096,1.2438545867768596
0.086691871,0.036459088,59204.211,0.3423427877389684,-0.15706476626194904,1.2232275000000001
0.086691871,0.03838791,58054.102,0.3423427877389684,-0.14940308236024183,1.199464917355372
0.086691871,0.040316738,56804.484,0.3423427877389684,-0.14174137462528127,1.1736463636363637
0.086691871,0.042245559,55510.984,0.3423427877389684,-0.13407969469578296,1.1469211570247932
0.086691871,0.044174388,54228.812,0.3423427877389684,-0.12641798298861348,1.12043
0.086691871,0.046103209,53050.691,0.3423427877389684,-0.11875630305911519,1.0960886570247934
0.086691871,0.048032038,52017.891,0.3423427877389684,-0.11109459135194574,1.0747498140495868
0.086691871,0.049960859,51125.996,0.3423427877389684,-0.10343291142244741,1.0563222314049587
0.086691871,0.051889684,50358.652,0.3423427877389684,-0.09577121560411354,1.0404680165289257
0.086691871,0.053818509,49776.574,0.3423427877389684,-0.08810951978577966,1.028441611570248
0.086691871,0.055747338,49390.957,0.3423427877389684,-0.0804478080786102,1.0204743181818183
0.086691871,0.057676159,49171.785,0.3423427877389684,-0.07278612814911191,1.0159459710743803
0.086691871,0.059604988,49105.523,0.3423427877389684,-0.06512441644194245,1.0145769214876033
0.086691871,0.061533809,49171.129,0.3423427877389684,-0.05746273651244412,1.0159324173553719
0.086691871,0.063462637,49220.254,0.3423427877389684,-0.04980102877748356,1.0169473966942149
0.086691871,0.065391466,49267.32,0.3423427877389684,-0.04213931707031413,1.0179198347107439
0.086691871,0.067320287,49314.758,0.3423427877389684,-0.034477637140815774,1.018899958677686
0.086691871,0.069249108,49325.504,0.3423427877389684,-0.02681595721131748,1.0191219834710743
0.086691871,0.071177937,49311.812,0.3423427877389684,-0.01915424550414805,1.018839090909091
0.086691871,0.073106766,49302.801,0.3423427877389684,-0.011492533796978567,1.0186529132231406
0.086691871,0.075035587,49304.699,0.3423427877389684,-0.003830853867480268,1.0186921280991736
0.086691871,0.076964408,49305.988,0.3423427877389684,0.0038308260620180308,1.0187187603305785
0.086691871,0.078893237,49304.766,0.3423427877389684,0.011492537769187513,1.0186935123966943
0.086691871,0.080822065,49316.062,0.3423427877389684,0.01915424550414805,1.0189269008264463
0.086691871,0.082750887,49325.762,0.3423427877389684,0.02681592940585524,1.019127314049587
0.086691871,0.084679708,49304.934,0.3423427877389684,0.03447760933535359,1.0186969834710744
0.086691871,0.086608537,49253.617,0.3423427877389684,0.04213932104252302,1.017636714876033
0.086691871,0.088537365,49206.812,0.3423427877389684,0.049801028777483616,1.0166696694214876
0.086691871,0.090466186,49148.207,0.3423427877389684,0.05746270870698191,1.0154588223140497
0.086691871,0.092395008,49120.793,0.3423427877389684,0.0651243926086891,1.014892417355372
0.086691871,0.094323844,49254.82,0.3423427877389684,0.07278613212132082,1.017661570247934
0.086691871,0.096252665,49514.289,0.3423427877389684,0.08044781205081912,1.0230225
0.086691871,0.098181486,49984.617,0.3423427877389684,0.08810949198031742,1.032740020661157
0.086691871,0.10011031,50644.457,0.3423427877389684,0.0957711838264424,1.0463730785123968
0.086691871,0.10203914,51473.266,0.3423427877389684,0.10343289950582077,1.0634972314049587
0.086691871,0.10396796,52435.254,0.3423427877389684,0.11109457546311018,1.0833730165289257
0.086691871,0.10589679,53553.516,0.3423427877389684,0.11875629114248855,1.1064776033057853
0.086691871,0.10782561,54812.441,0.3423427877389684,0.12641796709977796,1.132488450413223
0.086691871,0.10975444,56144.254,0.3423427877389684,0.13407968277915627,1.1600052479338843
0.086691871,0.11168326,57458.34,0.3423427877389684,0.14174135873644575,1.187155785123967
0.086691871,0.11361209,58708.914,0.3423427877389684,0.14940307441582407,1.2129940909090908
0.086691871,0.11554092,59831.727,0.3423427877389684,0.15706479009520244,1.2361927066115703
0.086691871,0.11746974,60785.082,0.3423427877389684,0.16472646605249183,1.2558901239669422
0.086691871,0.11939856,61549.914,0.3423427877389684,0.17238814200978125,1.2716924380165289
0.086691871,0.12132739,62123.242,0.3423427877389684,0.18004985768915957,1.2835380578512396
0.086691871,0.12325621,62528.418,0.3423427877389684,0.18771153364644902,1.2919094628099173
0.086691871,0.12518504,62815.473,0.3423427877389684,0.19537324932582734,1.2978403512396695
0.086691871,0.12711386,62993.863,0.3423427877389684,0.20303492528311676,1.3015260950413223
0.086691871,0.12904269,63075.711,0.3423427877389684,0.21069664096249507,1.3032171694214876
0.086691871,0.13089341,63087.793,0.3423427877389684,0.21804808740522932,1.303466797520661
0.086691871,0.13258547,63055.309,0.3423427877389684,0.22476930318497618,1.3027956404958678
0.086691871,0.13412371,62996.668,0.3423427877389684,0.23087951379277827,1.3015840495867768
0.086691871,0.1355221,62925.945,0.3423427877389684,0.23643421098687306,1.3001228305785124
0.086691871,0.13679338,62852.469,0.3423427877389684,0.24148400070855927,1.2986047314049587
0.086691871,0.13794906,62781.922,0.3423427877389684,0.24607460308219725,1.2971471487603305
0.086691871,0.1389997,62717.52,0.3423427877389684,0.2502479646336984,1.2958165289256198
0.08902543,0.013000302,64219.859,0.3516121715514633,-0.25024796463369836,1.3268565909090908
0.08902543,0.014050936,64385.492,0.3516121715514633,-0.24607462691545054,1.3302787603305786
0.08902543,0.015206633,64570.551,0.3516121715514633,-0.24148395701426148,1.3341022933884297
0.08902543,0.0164779,64775.574,0.3516121715514633,-0.2364342189312908,1.338338305785124
0.08902543,0.017876294,64999.492,0.3516121715514633,-0.23087950584836042,1.3429647107438016
0.08902543,0.019414527,65238.027,0.3516121715514633,-0.22476932304602057,1.3478931198347108
0.08902543,0.021106582,65482.91,0.3516121715514633,-0.21804812712731828,1.3529526859504133
0.08902543,0.02295731,65725.219,0.3516121715514633,-0.2106966489069129,1.3579590702479338
0.08902543,0.024886135,65938.305,0.3516121715514633,-0.203034953088579,1.362361673553719
0.08902543,0.02681496,66086.523,0.3516121715514633,-0.19537325727024513,1.3654240289256199
0.08902543,0.028743785,66142.586,0.3516121715514633,-0.18771156145191123,1.3665823553719008
0.08902543,0.030672612,66101.516,0.3516121715514633,-0.18004985768915957,1.3657338016528926
0.08902543,0.032601438,65936.844,0.3516121715514633,-0.17238815789861678,1.3623314876033057
0.08902543,0.03453026,65616.203,0.3516121715514633,-0.1647264739969096,1.3557066735537189
0.08902543,0.036459088,65111.004,0.3516121715514633,-0.15706476626194904,1.3452686776859504
0.08902543,0.03838791,64374.148,0.3516121715514633,-0.14940308236024183,1.3300443801652893
0.08902543,0.040316738,63329.781,0.3516121715514633,-0.14174137462528127,1.3084665495867769
0.08902543,0.042245559,61996.074,0.3516121715514633,-0.13407969469578296,1.2809106198347107
0.08902543,0.044174388,60434.309,0.3516121715514633,-0.12641798298861348,1.2486427479338844
0.08902543,0.046103209,58725.895,0.3516121715514633,-0.11875630305911519,1.2133449380165289
0.08902543,0.048032038,56992.996,0.3516121715514633,-0.11109459135194574,1.1775412396694214
0.08902543,0.049960859,55367.883,0.3516121715514633,-0.10343291142244741,1.1439645247933885
0.08902543,0.051889684,53925.285,0.3516121715514633,-0.09577121560411354,1.1141587809917357
0.08902543,0.053818509,52686.395,0.3516121715514633,-0.08810951978577966,1.0885618801652892
0.08902543,0.055747338,51701.391,0.3516121715514633,-0.0804478080786102,1.0682105578512398
0.08902543,0.057676159,50922.73,0.3516121715514633,-0.07278612814911191,1.052122520661157
0.08902543,0.059604988,50258.645,0.3516121715514633,-0.06512441644194245,1.038401756198347
0.08902543,0.061533809,49646.266,0.3516121715514633,-0.05746273651244412,1.0257492975206612
0.08902543,0.063462637,49232.582,0.3516121715514633,-0.04980102877748356,1.0172021074380166
0.08902543,0.065391466,48959.047,0.3516121715514633,-0.04213931707031413,1.0115505578512396
0.08902543,0.067320287,48774.273,0.3516121715514633,-0.034477637140815774,1.0077329132231405
0.08902543,0.069249108,48708.609,0.3516121715514633,-0.02681595721131748,1.0063762190082643
0.08902543,0.071177937,48717.367,0.3516121715514633,-0.01915424550414805,1.0065571694214877
0.08902543,0.073106766,48734.422,0.3516121715514633,-0.011492533796978567,1.0069095454545454
0.08902543,0.075035587,48737.863,0.3516121715514633,-0.003830853867480268,1.0069806404958677
0.08902543,0.076964408,48737.086,0.3516121715514633,0.0038308260620180308,1.0069645867768595
0.08902543,0.078893237,48732.508,0.3516121715514633,0.011492537769187513,1.00687
0.08902543,0.080822065,48712.391,0.3516121715514633,0.01915424550414805,1.0064543595041322
0.08902543,0.082750887,48715.441,0.3516121715514633,0.02681592940585524,1.006517376033058
0.08902543,0.084679708,48813.898,0.3516121715514633,0.03447760933535359,1.008551611570248
0.08902543,0.086608537,49030.621,0.3516121715514633,0.04213932104252302,1.0130293595041322
0.08902543,0.088537365,49350.887,0.3516121715514633,0.049801028777483616,1.0196464256198348
0.08902543,0.090466186,49844.742,0.3516121715514633,0.05746270870698191,1.029850041322314
0.08902543,0.092395008,50473.594,0.3516121715514633,0.0651243926086891,1.0428428512396695
0.08902543,0.094323844,51165.176,0.3516121715514633,0.07278613212132082,1.05713173553719
0.08902543,0.096252665,52034.074,0.3516121715514633,0.08044781205081912,1.075084173553719
0.08902543,0.098181486,53123.391,0.3516121715514633,0.08810949198031742,1.097590723140496
0.08902543,0.10011031,54479.859,0.3516121715514633,0.0957711838264424,1.1256169214876033
0.08902543,0.10203914,56037.57,0.3516121715514633,0.10343289950582077,1.1578010330578512
0.08902543,0.10396796,57770.324,0.3516121715514633,0.11109457546311018,1.1936017355371902
0.08902543,0.10589679,59562.273,0.3516121715514633,0.11875629114248855,1.2306254752066117
0.08902543,0.10782561,61274.609,0.3516121715514633,0.12641796709977796,1.2660043181818181
0.08902543,0.10975444,62799.797,0.3516121715514633,0.13407968277915627,1.2975164669421488
0.08902543,0.11168326,64054.191,0.3516121715514633,0.14174135873644575,1.3234336983471073
0.08902543,0.11361209,64997.234,0.3516121715514633,0.14940307441582407,1.3429180578512396
0.08902543,0.11554092,65636.93,0.3516121715514633,0.15706479009520244,1.3561349173553718
0.08902543,0.11746974,66069.922,0.3516121715514633,0.16472646605249183,1.3650810330578513
0.08902543,0.11939856,66327.047,0.3516121715514633,0.17238814200978125,1.3703935330578514
0.08902543,0.12132739,66438.555,0.3516121715514633,0.18004985768915957,1.3726974173553717
0.08902543,0.12325621,66434.719,0.3516121715514633,0.18771153364644902,1.3726181611570247
0.08902543,0.12518504,66333.57,0.3516121715514633,0.19537324932582734,1.370528305785124
0.08902543,0.12711386,66149.25,0.3516121715514633,0.20303492528311676,1.366720041322314
0.08902543,0.12904269,65909.438,0.3516121715514633,0.21069664096249507,1.3617652479338842
0.08902543,0.13089341,65646.344,0.3516121715514633,0.21804808740522932,1.3563294214876032
0.08902543,0.13258547,65381.934,0.3516121715514633,0.22476930318497618,1.3508664049586776
0.08902543,0.13412371,65127.539,0.3516121715514633,0.23087951379277827,1.3456103099173553
0.08902543,0.1355221,64891.426,0.3516121715514633,0.23643421098687306,1.3407319421487602
0.08902543,0.13679338,64676.406,0.3516121715514633,0.24148400070855927,1.3362893801652893
0.08902543,0.13794906,64482.945,0.3516121715514633,0.24607460308219725,1.3322922520661158
0.08902543,0.1389997,64310.246,0.3516121715514633,0.2502479646336984,1.328724090909091
0.091358989,0.013000302,65661.211,0.36088155536395816,-0.25024796463369836,1.3566365909090907
0.091358989,0.014050936,65903.242,0.36088155536395816,-0.24607462691545054,1.3616372314049587
0.091358989,0.015206633,66173.344,0.36088155536395816,-0.24148395701426148,1.3672178512396693
0.091358989,0.0164779,66473.773,0.36088155536395816,-0.2364342189312908,1.3734250619834711
0.091358989,0.017876294,66806.562,0.36088155536395816,-0.23087950584836042,1.380300867768595
0.091358989,0.019414527,67173.422,0.36088155536395816,-0.22476932304602057,1.387880619834711
0.091358989,0.021106582,67573.891,0.36088155536395816,-0.21804812712731828,1.3961547727272727
0.091358989,0.02295731,68006.539,0.36088155536395816,-0.2106966489069129,1.4050937809917357
0.091358989,0.024886135,68450.852,0.36088155536395816,-0.203034953088579,1.4142738016528926
0.091358989,0.02681496,68880.039,0.36088155536395816,-0.19537325727024513,1.4231413016528927
0.091358989,0.028743785,69274.773,0.36088155536395816,-0.18771156145191123,1.4312969628099175
0.091358989,0.030672612,69628.945,0.36088155536395816,-0.18004985768915957,1.4386145661157026
0.091358989,0.032601438,69939.977,0.36088155536395816,-0.17238815789861678,1.445040847107438
0.091358989,0.03453026,70161.141,0.36088155536395816,-0.1647264739969096,1.4496103512396694
0.091358989,0.036459088,70245.461,0.36088155536395816,-0.15706476626194904,1.4513524999999998
0.091358989,0.03838791,70195.43,0.36088155536395816,-0.14940308236024183,1.4503188016528925
0.091358989,0.040316738,69980.391,0.36088155536395816,-0.14174137462528127,1.445875847107438
0.091358989,0.042245559,69524.555,0.36088155536395816,-0.13407969469578296,1.4364577479338843
0.091358989,0.044174388,68798.328,0.36088155536395816,-0.12641798298861348,1.4214530578512397
0.091358989,0.046103209,67747.992,0.36088155536395816,-0.11875630305911519,1.3997519008264463
0.091358989,0.048032038,66247.164,0.36088155536395816,-0.11109459135194574,1.3687430578512398
0.091358989,0.049960859,64345.168,0.36088155536395816,-0.10343291142244741,1.3294456198347107
0.091358989,0.051889684,62206.402,0.36088155536395816,-0.09577121560411354,1.2852562396694216
0.091358989,0.053818509,60013.566,0.36088155536395816,-0.08810951978577966,1.2399497107438016
0.091358989,0.055747338,57930.0,0.36088155536395816,-0.0804478080786102,1.196900826446281
0.091358989,0.057676159,56092.113,0.36088155536395816,-0.07278612814911191,1.1589279545454545
0.091358989,0.059604988,54592.934,0.36088155536395816,-0.06512441644194245,1.1279531818181818
0.091358989,0.061533809,53439.332,0.36088155536395816,-0.05746273651244412,1.104118429752066
0.091358989,0.063462637,52511.258,0.36088155536395816,-0.04980102877748356,1.0849433471074381
0.091358989,0.065391466,51798.012,0.36088155536395816,-0.04213931707031413,1.0702068595041323
0.091358989,0.067320287,51286.234,0.36088155536395816,-0.034477637140815774,1.0596329338842974
0.091358989,0.069249108,50913.797,0.36088155536395816,-0.02681595721131748,1.0519379545454546
0.091358989,0.071177937,50645.152,0.36088155536395816,-0.01915424550414805,1.046387438016529
0.091358989,0.073106766,50477.188,0.36088155536395816,-0.011492533796978567,1.0429171074380166
0.091358989,0.075035587,50407.836,0.36088155536395816,-0.003830853867480268,1.041484214876033
0.091358989,0.076964408,50416.316,0.36088155536395816,0.0038308260620180308,1.0416594214876034
0.091358989,0.078893237,50503.25,0.36088155536395816,0.011492537769187513,1.0434555785123967
0.091358989,0.080822065,50697.105,0.36088155536395816,0.01915424550414805,1.047460847107438
0.091358989,0.082750887,50995.211,0.36088155536395816,0.02681592940585524,1.0536200619834712
0.091358989,0.084679708,51401.828,0.36088155536395816,0.03447760933535359,1.0620212396694215
0.091358989,0.086608537,51971.48,0.36088155536395816,0.04213932104252302,1.0737909090909092
0.091358989,0.088537365,52758.02,0.36088155536395816,0.049801028777483616,1.09004173553719
0.091358989,0.090466186,53760.18,0.36088155536395816,0.05746270870698191,1.110747520661157
0.091358989,0.092395008,55058.008,0.36088155536395816,0.0651243926086891,1.1375621487603307
0.091358989,0.094323844,56720.59,0.36088155536395816,0.07278613212132082,1.1719130165289255
0.091358989,0.096252665,58719.621,0.36088155536395816,0.08044781205081912,1.2132153099173553
0.091358989,0.098181486,60931.809,0.36088155536395816,0.08810949198031742,1.258921673553719
0.091358989,0.10011031,63196.078,0.36088155536395816,0.0957711838264424,1.305704090909091
0.091358989,0.10203914,65332.875,0.36088155536395816,0.10343289950582077,1.3498527892561984
0.091358989,0.10396796,67146.891,0.36088155536395816,0.11109457546311018,1.387332458677686
0.091358989,0.10589679,68496.695,0.36088155536395816,0.11875629114248855,1.4152209710743804
0.091358989,0.10782561,69429.406,0.36088155536395816,0.12641796709977796,1.4344918595041323
0.091358989,0.10975444,70057.18,0.36088155536395816,0.13407968277915627,1.4474623966942148
0.091358989,0.11168326,70412.969,0.36088155536395816,0.14174135873644575,1.454813409090909
0.091358989,0.11361209,70554.945,0.36088155536395816,0.14940307441582407,1.4577467975206613
0.091358989,0.11554092,70542.711,0.36088155536395816,0.15706479009520244,1.4574940289256197
0.091358989,0.11746974,70396.664,0.36088155536395816,0.16472646605249183,1.4544765289256198
0.091358989,0.11939856,70124.352,0.36088155536395816,0.17238814200978125,1.4488502479338843
0.091358989,0.12132739,69787.398,0.36088155536395816,0.18004985768915957,1.441888388429752
0.091358989,0.12325621,69413.047,0.36088155536395816,0.18771153364644902,1.4341538636363638
0.091358989,0.12518504,68996.57,0.36088155536395816,0.19537324932582734,1.4255489669421488
0.091358989,0.12711386,68552.789,0.36088155536395816,0.20303492528311676,1.416379938016529
0.091358989,0.12904269,68098.5,0.36088155536395816,0.21069664096249507,1.4069938016528927
0.091358989,0.13089341,67655.414,0.36088155536395816,0.21804808740522932,1.397839132231405
0.091358989,0.13258547,67244.188,0.36088155536395816,0.22476930318497618,1.3893427272727272
0.091358989,0.13412371,66868.305,0.36088155536395816,0.23087951379277827,1.3815765495867767
0.091358989,0.1355221,66527.75,0.36088155536395816,0.23643421098687306,1.3745402892561984
0.091358989,0.13679338,66220.562,0.36088155536395816,0.24148400070855927,1.3681934297520661
0.091358989,0.13794906,65944.586,0.36088155536395816,0.24607460308219725,1.3624914462809916
0.091358989,0.1389997,65697.328,0.36088155536395816,0.2502479646336984,1.3573828099173553
0.093692556,0.042245559,74153.281,0.37015097095412414,-0.13407969469578296,1.532092582644628
0.093692556,0.044174388,74298.883,0.37015097095412414,-0.12641798298861348,1.5351008884297521
0.093692556,0.046103209,74271.07,0.37015097095412414,-0.11875630305911519,1.5345262396694217
0.093692556,0.048032038,74038.07,0.37015097095412414,-0.11109459135194574,1.5297121900826447
0.093692556,0.049960859,73484.078,0.37015097095412414,-0.10343291142244741,1.5182660743801653
0.093692556,0.051889684,72551.344,0.37015097095412414,-0.09577121560411354,1.4989947107438015
0.093692556,0.053818509,71197.328,0.37015097095412414,-0.08810951978577966,1.4710191735537188
0.093692556,0.055747338,69400.891,0.37015097095412414,-0.0804478080786102,1.4339027066115704
0.093692556,0.057676159,67194.445,0.37015097095412414,-0.07278612814911191,1.3883149793388432
0.093692556,0.059604988,64800.688,0.37015097095412414,-0.06512441644194245,1.3388571900826447
0.093692556,0.061533809,62461.004,0.37015097095412414,-0.05746273651244412,1.290516611570248
0.093692556,0.063462637,60356.496,0.37015097095412414,-0.04980102877748356,1.2470350413223141
0.093692556,0.065391466,58606.539,0.37015097095412414,-0.04213931707031413,1.2108789049586777
0.093692556,0.067320287,57229.457,0.37015097095412414,-0.034477637140815774,1.1824267975206613
0.093692556,0.069249108,56190.43,0.37015097095412414,-0.02681595721131748,1.160959297520661
0.093692556,0.071177937,55455.367,0.37015097095412414,-0.01915424550414805,1.1457720454545455
0.093692556,0.073106766,54993.152,0.37015097095412414,-0.011492533796978567,1.1362221487603306
0.093692556,0.075035587,54782.535,0.37015097095412414,-0.003830853867480268,1.1318705578512398
0.093692556,0.076964408,54815.594,0.37015097095412414,0.0038308260620180308,1.1325535950413224
0.093692556,0.078893237,55087.297,0.37015097095412414,0.011492537769187513,1.1381672933884297
0.093692556,0.080822065,55624.762,0.37015097095412414,0.01915424550414805,1.1492719421487603
0.093692556,0.082750887,56450.82,0.37015097095412414,0.02681592940585524,1.166339256198347
0.093692556,0.084679708,57603.891,0.37015097095412414,0.03447760933535359,1.1901630371900827
0.093692556,0.086608537,59124.016,0.37015097095412414,0.04213932104252302,1.2215705785123967
0.093692556,0.088537365,61041.234,0.37015097095412414,0.049801028777483616,1.2611825206611569
0.093692556,0.090466186,63309.691,0.37015097095412414,0.05746270870698191,1.3080514669421488
0.093692556,0.092395008,65771.82,0.37015097095412414,0.0651243926086891,1.3589219008264464
0.093692556,0.094323844,68203.133,0.37015097095412414,0.07278613212132082,1.4091556404958678
0.093692556,0.096252665,70345.383,0.37015097095412414,0.08044781205081912,1.4534170041322314
0.093692556,0.098181486,72005.047,0.37015097095412414,0.08810949198031742,1.4877075826446282
0.093692556,0.10011031,73222.547,0.37015097095412414,0.0957711838264424,1.5128625413223142
0.093692556,0.10203914,74027.883,0.37015097095412414,0.10343289950582077,1.529501714876033
0.093692556,0.10396796,74446.281,0.37015097095412414,0.11109457546311018,1.5381463016528927
0.093692556,0.10589679,74586.922,0.37015097095412414,0.11875629114248855,1.5410521074380166
0.093692556,0.10782561,74545.641,0.37015097095412414,0.12641796709977796,1.540199194214876
0.093692556,0.10975444,74326.281,0.37015097095412414,0.13407968277915627,1.5356669628099173
0.093692556,0.11168326,73959.758,0.37015097095412414,0.14174135873644575,1.528094173553719
0.093692556,0.11361209,73517.617,0.37015097095412414,0.14940307441582407,1.5189590289256198
0.093692556,0.11554092,73058.961,0.37015097095412414,0.15706479009520244,1.5094826652892561
0.093692556,0.11746974,72571.148,0.37015097095412414,0.16472646605249183,1.4994038842975206
0.093692556,0.11939856,72059.789,0.37015097095412414,0.17238814200978125,1.4888386157024793
0.093692556,0.12132739,71544.625,0.37015097095412414,0.18004985768915957,1.4781947314049586
0.093692556,0.12325621,71027.156,0.37015097095412414,0.18771153364644902,1.4675032231404959
0.093692556,0.12518504,70502.266,0.37015097095412414,0.19537324932582734,1.4566583884297521
0.093692556,0.12711386,69975.578,0.37015097095412414,0.20303492528311676,1.4457764049586777
0.093692556,0.12904269,69450.438,0.37015097095412414,0.21069664096249507,1.4349264049586776
0.093692556,0.13089341,68947.195,0.37015097095412414,0.21804808740522932,1.4245288223140498
0.093692556,0.13258547,68487.734,0.37015097095412414,0.22476930318497618,1.415035826446281
0.093692556,0.13412371,68071.727,0.37015097095412414,0.23087951379277827,1.4064406404958678
0.093692556,0.1355221,67694.938,0.37015097095412414,0.23643421098687306,1.3986557438016527
0.093692556,0.13679338,67353.195,0.37015097095412414,0.24148400070855927,1.3915949380165291
0.093692556,0.13794906,67043.359,0.37015097095412414,0.24607460308219725,1.385193367768595
0.093692556,0.1389997,66762.672,0.37015097095412414,0.2502479646336984,1.379394049586777
0.093692563,0.013000302,66772.961,0.3701509987595864,-0.25024796463369836,1.379606632231405
0.093692563,0.014050936,67049.141,0.3701509987595864,-0.24607462691545054,1.3853128305785125
0.093692563,0.015206633,67354.289,0.3701509987595864,-0.24148395701426148,1.3916175413223142
0.093692563,0.0164779,67691.078,0.3701509987595864,-0.2364342189312908,1.3985759917355371
0.093692563,0.017876294,68062.555,0.3701509987595864,-0.23087950584836042,1.4062511363636363
0.093692563,0.019414527,68473.328,0.3701509987595864,-0.22476932304602057,1.4147381818181817
0.093692563,0.021106582,68927.602,0.3701509987595864,-0.21804812712731828,1.4241240082644628
0.093692563,0.02295731,69426.016,0.3701509987595864,-0.2106966489069129,1.4344218181818182
0.093692563,0.024886135,69947.648,0.3701509987595864,-0.203034953088579,1.4451993388429751
0.093692563,0.02681496,70471.18,0.3701509987595864,-0.19537325727024513,1.4560161157024791
0.093692563,0.028743785,70991.328,0.3701509987595864,-0.18771156145191123,1.4667629752066114
0.093692563,0.030672612,71504.602,0.3701509987595864,-0.18004985768915957,1.4773678099173553
0.093692563,0.032601438,72015.898,0.3701509987595864,-0.17238815789861678,1.4879317768595042
0.093692563,0.03453026,72517.133,0.3701509987595864,-0.1647264739969096,1.4982878719008266
0.093692563,0.036459088,72988.391,0.3701509987595864,-0.15706476626194904,1.5080246074380166
0.093692563,0.03838791,73435.523,0.3701509987595864,-0.14940308236024183,1.5172628719008265
0.093692563,0.040316738,73847.945,0.3701509987595864,-0.14174137462528127,1.525783987603306
0.096026123,0.013000302,67532.625,0.37942038654429017,-0.25024796463369836,1.3953021694214875
0.096026123,0.014050936,67811.422,0.37942038654429017,-0.24607462691545054,1.401062438016529
0.096026123,0.015206633,68116.93,0.37942038654429017,-0.24148395701426148,1.4073745867768594
0.096026123,0.0164779,68451.789,0.37942038654429017,-0.2364342189312908,1.4142931611570249
0.096026123,0.017876294,68819.977,0.37942038654429017,-0.23087950584836042,1.4219003512396693
0.096026123,0.019414527,69229.047,0.37942038654429017,-0.22476932304602057,1.4303522107438018
0.096026123,0.021106582,69682.156,0.37942038654429017,-0.21804812712731828,1.4397139669421488
0.096026123,0.02295731,70180.797,0.37942038654429017,-0.2106966489069129,1.450016466942149
0.096026123,0.024886135,70705.055,0.37942038654429017,-0.203034953088579,1.4608482438016528
0.096026123,0.02681496,71235.789,0.37942038654429017,-0.19537325727024513,1.4718138223140498
0.096026123,0.028743785,71774.969,0.37942038654429017,-0.18771156145191123,1.4829539049586777
0.096026123,0.030672612,72319.938,0.37942038654429017,-0.18004985768915957,1.4942135950413222
0.096026123,0.032601438,72870.0,0.37942038654429017,-0.17238815789861678,1.5055785123966943
0.096026123,0.03453026,73426.117,0.37942038654429017,-0.1647264739969096,1.5170685330578513
0.096026123,0.036459088,73982.641,0.37942038654429017,-0.15706476626194904,1.5285669628099174
0.096026123,0.03838791,74536.859,0.37942038654429017,-0.14940308236024183,1.5400177479338841
0.096026123,0.040316738,75081.133,0.37942038654429017,-0.14174137462528127,1.5512630785123966
0.096026123,0.042245559,75580.57,0.37942038654429017,-0.13407969469578296,1.5615820247933885
0.096026123,0.044174388,76019.742,0.37942038654429017,-0.12641798298861348,1.5706558264462809
0.096026123,0.046103209,76422.398,0.37942038654429017,-0.11875630305911519,1.5789751652892563
0.096026123,0.048032038,76796.836,0.37942038654429017,-0.11109459135194574,1.5867114876033057
0.096026123,0.049960859,77109.195,0.37942038654429017,-0.10343291142244741,1.5931651859504135
0.096026123,0.051889684,77304.664,0.37942038654429017,-0.09577121560411354,1.5972038016528927
0.096026123,0.053818509,77306.203,0.37942038654429017,-0.08810951978577966,1.5972355991735536
0.096026123,0.055747338,77084.586,0.37942038654429017,-0.0804478080786102,1.59265673553719
0.096026123,0.057676159,76607.906,0.37942038654429017,-0.07278612814911191,1.5828079752066115
0.096026123,0.059604988,75755.375,0.37942038654429017,-0.06512441644194245,1.5651936983471075
0.096026123,0.061533809,74515.742,0.37942038654429017,-0.05746273651244412,1.5395814462809918
0.096026123,0.063462637,72976.531,0.37942038654429017,-0.04980102877748356,1.5077795661157025
0.096026123,0.065391466,71262.164,0.37942038654429017,-0.04213931707031413,1.4723587603305786
0.096026123,0.067320287,69534.25,0.37942038654429017,-0.034477637140815774,1.4366580578512396
0.096026123,0.069249108,67952.492,0.37942038654429017,-0.02681595721131748,1.4039771074380165
0.096026123,0.071177937,66671.188,0.37942038654429017,-0.01915424550414805,1.3775038842975205
0.096026123,0.073106766,65796.93,0.37942038654429017,-0.011492533796978567,1.3594407024793387
0.096026123,0.075035587,65392.988,0.37942038654429017,-0.003830853867480268,1.3510947933884296
0.096026123,0.076964408,65479.539,0.37942038654429017,0.0038308260620180308,1.3528830371900826
0.096026123,0.078893237,66059.234,0.37942038654429017,0.011492537769187513,1.3648602066115703
0.096026123,0.080822065,67104.516,0.37942038654429017,0.01915424550414805,1.3864569421487605
0.096026123,0.082750887,68540.195,0.37942038654429017,0.02681592940585524,1.4161197314049587
0.096026123,0.084679708,70238.703,0.37942038654429017,0.03447760933535359,1.4512128719008264
0.096026123,0.086608537,72038.0,0.37942038654429017,0.04213932104252302,1.4883884297520662
0.096026123,0.088537365,73759.922,0.37942038654429017,0.049801028777483616,1.5239653305785126
0.096026123,0.090466186,75245.469,0.37942038654429017,0.05746270870698191,1.554658450413223
0.096026123,0.092395008,76376.234,0.37942038654429017,0.0651243926086891,1.5780213636363636
0.096026123,0.094323844,77091.727,0.37942038654429017,0.07278613212132082,1.592804276859504
0.096026123,0.096252665,77458.906,0.37942038654429017,0.08044781205081912,1.6003906198347109
0.096026123,0.098181486,77590.656,0.37942038654429017,0.08810949198031742,1.6031127272727272
0.096026123,0.10011031,77493.688,0.37942038654429017,0.0957711838264424,1.601109256198347
0.096026123,0.10203914,77239.07,0.37942038654429017,0.10343289950582077,1.5958485537190084
0.096026123,0.10396796,76893.172,0.37942038654429017,0.11109457546311018,1.5887019008264465
0.096026123,0.10589679,76504.82,0.37942038654429017,0.11875629114248855,1.5806780991735538
0.096026123,0.10782561,76085.492,0.37942038654429017,0.12641796709977796,1.572014297520661
0.096026123,0.10975444,75623.242,0.37942038654429017,0.13407968277915627,1.5624636776859504
0.096026123,0.11168326,75093.227,0.37942038654429017,0.14174135873644575,1.5515129545454545
0.096026123,0.11361209,74535.781,0.37942038654429017,0.14940307441582407,1.5399954752066116
0.096026123,0.11554092,73979.008,0.37942038654429017,0.15706479009520244,1.5284919008264464
0.096026123,0.11746974,73418.602,0.37942038654429017,0.16472646605249183,1.5169132644628098
0.096026123,0.11939856,72860.328,0.37942038654429017,0.17238814200978125,1.5053786776859504
0.096026123,0.12132739,72308.594,0.37942038654429017,0.18004985768915957,1.493979214876033
0.096026123,0.12325621,71762.961,0.37942038654429017,0.18771153364644902,1.482705805785124
0.096026123,0.12518504,71224.25,0.37942038654429017,0.19537324932582734,1.4715754132231404
0.096026123,0.12711386,70693.086,0.37942038654429017,0.20303492528311676,1.4606009504132231
0.096026123,0.12904269,70166.258,0.37942038654429017,0.21069664096249507,1.4497160743801654
0.096026123,0.13089341,69664.242,0.37942038654429017,0.21804808740522932,1.4393438429752066
0.096026123,0.13258547,69208.156,0.37942038654429017,0.22476930318497618,1.4299205785123967
0.096026123,0.13412371,68794.305,0.37942038654429017,0.23087951379277827,1.4213699380165288
0.096026123,0.1355221,68420.328,0.37942038654429017,0.23643421098687306,1.4136431404958676
0.096026123,0.13679338,68080.656,0.37942038654429017,0.24148400070855927,1.4066251239669423
0.096026123,0.13794906,67770.516,0.37942038654429017,0.24607460308219725,1.4002172727272728
0.096026123,0.1389997,67487.023,0.37942038654429017,0.2502479646336984,1.394359979338843
0.098359689,0.013000302,68010.656,0.38868979816224725,-0.25024796463369836,1.4051788429752066
0.098359689,0.014050936,68278.641,0.38868979816224725,-0.24607462691545054,1.4107157231404959
0.098359689,0.015206633,68570.492,0.38868979816224725,-0.24148395701426148,1.4167457024793388
0.098359689,0.0164779,68887.594,0.38868979816224725,-0.2364342189312908,1.4232973966942148
0.098359689,0.017876294,69233.195,0.38868979816224725,-0.23087950584836042,1.4304379132231406
0.098359689,0.019414527,69607.008,0.38868979816224725,-0.22476932304602057,1.4381613223140497
0.098359689,0.021106582,70016.117,0.38868979816224725,-0.21804812712731828,1.4466139876033057
0.098359689,0.02295731,70468.492,0.38868979816224725,-0.2106966489069129,1.4559605785123966
0.098359689,0.024886135,70947.461,0.38868979816224725,-0.203034953088579,1.4658566322314048
0.098359689,0.02681496,71435.273,0.38868979816224725,-0.19537325727024513,1.4759353925619836
0.098359689,0.028743785,71934.609,0.38868979816224725,-0.18771156145191123,1.4862522520661157
0.098359689,0.030672612,72444.531,0.38868979816224725,-0.18004985768915957,1.4967878305785125
0.098359689,0.032601438,72964.203,0.38868979816224725,-0.17238815789861678,1.5075248553719007
0.098359689,0.03453026,73497.391,0.38868979816224725,-0.1647264739969096,1.5185411363636365
0.098359689,0.036459088,74047.109,0.38868979816224725,-0.15706476626194904,1.5298989462809918
0.098359689,0.03838791,74613.148,0.38868979816224725,-0.14940308236024183,1.5415939669421488
0.098359689,0.040316738,75203.695,0.38868979816224725,-0.14174137462528127,1.5537953512396696
0.098359689,0.042245559,75829.867,0.38868979816224725,-0.13407969469578296,1.5667327892561984
0.098359689,0.044174388,76445.672,0.38868979816224725,-0.12641798298861348,1.5794560330578513
0.098359689,0.046103209,77009.969,0.38868979816224725,-0.11875630305911519,1.591115061983471
0.098359689,0.048032038,77545.727,0.38868979816224725,-0.11109459135194574,1.6021844421487603
0.098359689,0.049960859,78037.492,0.38868979816224725,-0.10343291142244741,1.6123448760330579
0.098359689,0.051889684,78474.078,0.38868979816224725,-0.09577121560411354,1.6213652479338843
0.098359689,0.053818509,78837.977,0.38868979816224725,-0.08810951978577966,1.6288838223140496
0.098359689,0.055747338,79183.555,0.38868979816224725,-0.0804478080786102,1.6360238636363635
0.098359689,0.057676159,79502.023,0.38868979816224725,-0.07278612814911191,1.6426037809917355
0.098359689,0.059604988,79842.234,0.38868979816224725,-0.06512441644194245,1.6496329338842974
0.098359689,0.061533809,80162.617,0.38868979816224725,-0.05746273651244412,1.6562524173553719
0.098359689,0.063462637,80373.766,0.38868979816224725,-0.04980102877748356,1.6606150000000002
0.098359689,0.065391466,80410.211,0.38868979816224725,-0.04213931707031413,1.6613679958677685
0.098359689,0.067320287,80263.422,0.38868979816224725,-0.034477637140815774,1.6583351652892564
0.098359689,0.069249108,80008.133,0.38868979816224725,-0.02681595721131748,1.6530605991735539
0.098359689,0.071177937,79712.945,0.38868979816224725,-0.01915424550414805,1.6469616735537191
0.098359689,0.073106766,79466.469,0.38868979816224725,-0.011492533796978567,1.641869194214876
0.098359689,0.075035587,79356.266,0.38868979816224725,-0.003830853867480268,1.6395922727272727
0.098359689,0.076964408,79427.828,0.38868979816224725,0.0038308260620180308,1.6410708264462808
0.098359689,0.078893237,79671.531,0.38868979816224725,0.011492537769187513,1.6461060123966942
0.098359689,0.080822065,80017.609,0.38868979816224725,0.01915424550414805,1.6532563842975205
0.098359689,0.082750887,80362.648,0.38868979816224725,0.02681592940585524,1.6603852892561983
0.098359689,0.084679708,80628.297,0.38868979816224725,0.03447760933535359,1.6658739049586777
0.098359689,0.086608537,80737.422,0.38868979816224725,0.04213932104252302,1.6681285537190085
0.098359689,0.088537365,80635.086,0.38868979816224725,0.049801028777483616,1.6660141735537188
0.098359689,0.090466186,80368.477,0.38868979816224725,0.05746270870698191,1.6605057231404958
0.098359689,0.092395008,80007.023,0.38868979816224725,0.0651243926086891,1.6530376652892562
0.098359689,0.094323844,79657.789,0.38868979816224725,0.07278613212132082,1.6458220867768596
0.098359689,0.096252665,79320.82,0.38868979816224725,0.08044781205081912,1.638859917355372
0.098359689,0.098181486,78963.398,0.38868979816224725,0.08810949198031742,1.6314751652892563
0.098359689,0.10011031,78554.203,0.38868979816224725,0.0957711838264424,1.6230207231404958
0.098359689,0.10203914,78081.844,0.38868979816224725,0.10343289950582077,1.6132612396694215
0.098359689,0.10396796,77558.57,0.38868979816224725,0.11109457546311018,1.6024497933884299
0.098359689,0.10589679,77000.562,0.38868979816224725,0.11875629114248855,1.590920702479339
0.098359689,0.10782561,76399.469,0.38868979816224725,0.12641796709977796,1.5785014256198346
0.098359689,0.10975444,75753.227,0.38868979816224725,0.13407968277915627,1.5651493181818181
0.098359689,0.11168326,75140.172,0.38868979816224725,0.14174135873644575,1.5524828925619836
0.098359689,0.11361209,74562.633,0.38868979816224725,0.14940307441582407,1.5405502685950414
0.098359689,0.11554092,74003.336,0.38868979816224725,0.15706479009520244,1.5289945454545453
0.098359689,0.11746974,73456.805,0.38868979816224725,0.16472646605249183,1.517702582644628
0.098359689,0.11939856,72924.852,0.38868979816224725,0.17238814200978125,1.5067118181818182
0.098359689,0.12132739,72404.227,0.38868979816224725,0.18004985768915957,1.4959551033057852
0.098359689,0.12325621,71893.492,0.38868979816224725,0.18771153364644902,1.4854027272727273
0.098359689,0.12518504,71393.727,0.38868979816224725,0.19537324932582734,1.4750770041322314
0.098359689,0.12711386,70904.094,0.38868979816224725,0.20303492528311676,1.4649606198347107
0.098359689,0.12904269,70421.797,0.38868979816224725,0.21069664096249507,1.454995805785124
0.098359689,0.13089341,69965.766,0.38868979816224725,0.21804808740522932,1.4455736776859505
0.098359689,0.13258547,69553.641,0.38868979816224725,0.22476930318497618,1.4370586983471074
0.098359689,0.13412371,69178.188,0.38868979816224725,0.23087951379277827,1.4293014049586776
0.098359689,0.1355221,68829.789,0.38868979816224725,0.23643421098687306,1.4221030785123967
0.098359689,0.13679338,68508.5,0.38868979816224725,0.24148400070855927,1.415464876033058
0.098359689,0.13794906,68212.609,0.38868979816224725,0.24607460308219725,1.4093514256198347
0.098359689,0.1389997,67939.617,0.38868979816224725,0.2502479646336984,1.4037110950413223
0.10069326,0.013000302,68288.766,0.39795922964124886,-0.25024796463369836,1.410924917355372
0.10069326,0.014050936,68532.406,0.39795922964124886,-0.24607462691545054,1.4159588016528926
0.10069326,0.015206633,68794.531,0.39795922964124886,-0.24148395701426148,1.4213746074380167
0.10069326,0.0164779,69078.391,0.39795922964124886,-0.2364342189312908,1.4272394834710744
0.10069326,0.017876294,69387.461,0.39795922964124886,-0.23087950584836042,1.4336252272727272
0.10069326,0.019414527,69725.805,0.39795922964124886,-0.22476932304602057,1.4406158057851237
0.10069326,0.021106582,70098.844,0.39795922964124886,-0.21804812712731828,1.4483232231404959
0.10069326,0.02295731,70510.492,0.39795922964124886,-0.2106966489069129,1.456828347107438
0.10069326,0.024886135,70945.773,0.39795922964124886,-0.203034953088579,1.465821756198347
0.10069326,0.02681496,71390.094,0.39795922964124886,-0.19537325727024513,1.4750019421487603
0.10069326,0.028743785,71846.406,0.39795922964124886,-0.18771156145191123,1.4844298760330579
0.10069326,0.030672612,72315.195,0.39795922964124886,-0.18004985768915957,1.494115599173554
0.10069326,0.032601438,72796.906,0.39795922964124886,-0.17238815789861678,1.504068305785124
0.10069326,0.03453026,73293.164,0.39795922964124886,-0.1647264739969096,1.514321570247934
0.10069326,0.036459088,73803.711,0.39795922964124886,-0.15706476626194904,1.524870061983471
0.10069326,0.03838791,74321.516,0.39795922964124886,-0.14940308236024183,1.5355685123966942
0.10069326,0.040316738,74842.938,0.39795922964124886,-0.14174137462528127,1.546341694214876
0.10069326,0.042245559,75383.016,0.39795922964124886,-0.13407969469578296,1.5575003305785124
0.10069326,0.044174388,75955.969,0.39795922964124886,-0.12641798298861348,1.5693382024793388
0.10069326,0.046103209,76549.344,0.39795922964124886,-0.11875630305911519,1.5815980165289256
0.10069326,0.048032038,77158.0,0.39795922964124886,-0.11109459135194574,1.5941735537190083
0.10069326,0.049960859,77775.766,0.39795922964124886,-0.10343291142244741,1.6069373140495868
0.10069326,0.051889684,78418.883,0.39795922964124886,-0.09577121560411354,1.6202248553719008
0.10069326,0.053818509,79139.391,0.39795922964124886,-0.08810951978577966,1.6351113842975207
0.10069326,0.055747338,79804.203,0.39795922964124886,-0.0804478080786102,1.6488471694214875
0.10069326,0.057676159,80455.477,0.39795922964124886,-0.07278612814911191,1.662303243801653
0.10069326,0.059604988,81127.82,0.39795922964124886,-0.06512441644194245,1.6761946280991737
0.10069326,0.061533809,81809.773,0.39795922964124886,-0.05746273651244412,1.6902845661157024
0.10069326,0.063462637,82497.672,0.39795922964124886,-0.04980102877748356,1.704497355371901
0.10069326,0.065391466,83179.711,0.39795922964124886,-0.04213931707031413,1.7185890702479338
0.10069326,0.067320287,83863.828,0.39795922964124886,-0.034477637140815774,1.7327237190082643
0.10069326,0.069249108,84521.547,0.39795922964124886,-0.02681595721131748,1.7463129545454548
0.10069326,0.071177937,85092.711,0.39795922964124886,-0.01915424550414805,1.7581138636363636
0.10069326,0.073106766,85509.414,0.39795922964124886,-0.011492533796978567,1.7667234297520662
0.10069326,0.075035587,85726.594,0.39795922964124886,-0.003830853867480268,1.7712106198347106
0.10069326,0.076964408,85720.656,0.39795922964124886,0.0038308260620180308,1.7710879338842975
0.10069326,0.078893237,85496.648,0.39795922964124886,0.011492537769187513,1.7664596694214876
0.10069326,0.080822065,85079.461,0.39795922964124886,0.01915424550414805,1.757840103305785
0.10069326,0.082750887,84520.297,0.39795922964124886,0.02681592940585524,1.7462871280991736
0.10069326,0.084679708,83883.93,0.39795922964124886,0.03447760933535359,1.7331390495867767
0.10069326,0.086608537,83227.125,0.39795922964124886,0.04213932104252302,1.7195686983471075
0.10069326,0.088537365,82547.406,0.39795922964124886,0.049801028777483616,1.705524917355372
0.10069326,0.090466186,81865.562,0.39795922964124886,0.05746270870698191,1.6914372314049588
0.10069326,0.092395008,81170.758,0.39795922964124886,0.0651243926086891,1.677081776859504
0.10069326,0.094323844,80488.031,0.39795922964124886,0.07278613212132082,1.662975847107438
0.10069326,0.096252665,79808.875,0.39795922964124886,0.08044781205081912,1.6489436983471075
0.10069326,0.098181486,79095.656,0.39795922964124886,0.08810949198031742,1.6342077685950414
0.10069326,0.10011031,78385.258,0.39795922964124886,0.0957711838264424,1.6195301239669422
0.10069326,0.10203914,77742.703,0.39795922964124886,0.10343289950582077,1.6062541942148758
0.10069326,0.10396796,77110.664,0.39795922964124886,0.11109457546311018,1.5931955371900828
0.10069326,0.10589679,76497.109,0.39795922964124886,0.11875629114248855,1.5805187809917354
0.10069326,0.10782561,75900.555,0.39795922964124886,0.12641796709977796,1.5681932851239668
0.10069326,0.10975444,75334.609,0.39795922964124886,0.13407968277915627,1.556500185950413
0.10069326,0.11168326,74799.789,0.39795922964124886,0.14174135873644575,1.5454501859504133
0.10069326,0.11361209,74273.805,0.39795922964124886,0.14940307441582407,1.534582747933884
0.10069326,0.11554092,73751.281,0.39795922964124886,0.15706479009520244,1.5237867975206612
0.10069326,0.11746974,73238.719,0.39795922964124886,0.16472646605249183,1.513196673553719
0.10069326,0.11939856,72741.781,0.39795922964124886,0.17238814200978125,1.5029293595041322
0.10069326,0.12132739,72258.453,0.39795922964124886,0.18004985768915957,1.4929432438016528
0.10069326,0.12325621,71787.43,0.39795922964124886,0.18771153364644902,1.4832113636363635
0.10069326,0.12518504,71329.047,0.39795922964124886,0.19537324932582734,1.473740640495868
0.10069326,0.12711386,70882.383,0.39795922964124886,0.20303492528311676,1.4645120454545455
0.10069326,0.12904269,70444.539,0.39795922964124886,0.21069664096249507,1.455465681818182
0.10069326,0.13089341,70030.32,0.39795922964124886,0.21804808740522932,1.446907438016529
0.10069326,0.13258547,69653.906,0.39795922964124886,0.22476930318497618,1.4391302892561983
0.10069326,0.13412371,69311.203,0.39795922964124886,0.23087951379277827,1.4320496487603305
0.10069326,0.1355221,68997.289,0.39795922964124886,0.23643421098687306,1.4255638223140497
0.10069326,0.13679338,68708.508,0.39795922964124886,0.24148400070855927,1.4195972727272728
0.10069326,0.13794906,68441.648,0.39795922964124886,0.24607460308219725,1.4140836363636364
0.10069326,0.1389997,68194.109,0.39795922964124886,0.2502479646336984,1.4089691942148759
0.10302682,0.013000302,68426.703,0.4072286174259526,-0.25024796463369836,1.4137748553719007
0.10302682,0.014050936,68649.148,0.4072286174259526,-0.24607462691545054,1.418370826446281
0.10302682,0.015206633,68889.523,0.4072286174259526,-0.24148395701426148,1.4233372520661158
0.10302682,0.0164779,69148.961,0.4072286174259526,-0.2364342189312908,1.428697541322314
0.10302682,0.017876294,69429.75,0.4072286174259526,-0.23087950584836042,1.4344989669421488
0.10302682,0.019414527,69735.781,0.4072286174259526,-0.22476932304602057,1.4408219214876035
0.10302682,0.021106582,70071.656,0.4072286174259526,-0.21804812712731828,1.4477614876033058
0.10302682,0.02295731,70441.258,0.4072286174259526,-0.2106966489069129,1.4553978925619835
0.10302682,0.024886135,70832.25,0.4072286174259526,-0.203034953088579,1.4634762396694214
0.10302682,0.02681496,71232.086,0.4072286174259526,-0.19537325727024513,1.4717373140495866
0.10302682,0.028743785,71643.102,0.4072286174259526,-0.18771156145191123,1.4802293801652893
0.10302682,0.030672612,72065.742,0.4072286174259526,-0.18004985768915957,1.488961611570248
0.10302682,0.032601438,72501.359,0.4072286174259526,-0.17238815789861678,1.4979619628099172
0.10302682,0.03453026,72952.031,0.4072286174259526,-0.1647264739969096,1.507273367768595
0.10302682,0.036459088,73419.508,0.4072286174259526,-0.15706476626194904,1.5169319834710744
0.10302682,0.03838791,73901.734,0.4072286174259526,-0.14940308236024183,1.5268953305785122
0.10302682,0.040316738,74396.594,0.4072286174259526,-0.14174137462528127,1.5371197107438015
0.10302682,0.042245559,74910.969,0.4072286174259526,-0.13407969469578296,1.5477472933884298
0.10302682,0.044174388,75457.797,0.4072286174259526,-0.12641798298861348,1.5590453925619836
0.10302682,0.046103209,76042.891,0.4072286174259526,-0.11875630305911519,1.571134111570248
0.10302682,0.048032038,76665.773,0.4072286174259526,-0.11109459135194574,1.5840035743801653
0.10302682,0.049960859,77321.719,0.4072286174259526,-0.10343291142244741,1.5975561776859504
0.10302682,0.051889684,77995.492,0.4072286174259526,-0.09577121560411354,1.6114771074380165
0.10302682,0.053818509,78732.219,0.4072286174259526,-0.08810951978577966,1.6266987396694215
0.10302682,0.055747338,79555.023,0.4072286174259526,-0.0804478080786102,1.6436988223140496
0.10302682,0.057676159,80443.508,0.4072286174259526,-0.07278612814911191,1.662055950413223
0.10302682,0.059604988,81371.688,0.4072286174259526,-0.06512441644194245,1.6812332231404958
0.10302682,0.061533809,82340.875,0.4072286174259526,-0.05746273651244412,1.7012577479338844
0.10302682,0.063462637,83315.164,0.4072286174259526,-0.04980102877748356,1.7213876859504134
0.10302682,0.065391466,84255.07,0.4072286174259526,-0.04213931707031413,1.7408072314049587
0.10302682,0.067320287,85137.633,0.4072286174259526,-0.034477637140815774,1.7590420041322314
0.10302682,0.069249108,85916.734,0.4072286174259526,-0.02681595721131748,1.775139132231405
0.10302682,0.071177937,86541.18,0.4072286174259526,-0.01915424550414805,1.7880409090909088
0.10302682,0.073106766,86967.633,0.4072286174259526,-0.011492533796978567,1.7968519214876033
0.10302682,0.075035587,87177.016,0.4072286174259526,-0.003830853867480268,1.8011780165289257
0.10302682,0.076964408,87166.039,0.4072286174259526,0.0038308260620180308,1.8009512190082646
0.10302682,0.078893237,86928.438,0.4072286174259526,0.011492537769187513,1.7960421074380164
0.10302682,0.080822065,86489.398,0.4072286174259526,0.01915424550414805,1.7869710330578512
0.10302682,0.082750887,85849.562,0.4072286174259526,0.02681592940585524,1.7737512809917357
0.10302682,0.084679708,85063.758,0.4072286174259526,0.03447760933535359,1.7575156611570248
0.10302682,0.086608537,84178.742,0.4072286174259526,0.04213932104252302,1.7392302066115701
0.10302682,0.088537365,83232.477,0.4072286174259526,0.049801028777483616,1.7196792768595042
0.10302682,0.090466186,82249.258,0.4072286174259526,0.05746270870698191,1.6993648347107437
0.10302682,0.092395008,81293.648,0.4072286174259526,0.0651243926086891,1.679620826446281
0.10302682,0.094323844,80367.305,0.4072286174259526,0.07278613212132082,1.6604815082644626
0.10302682,0.096252665,79484.398,0.4072286174259526,0.08044781205081912,1.6422396280991736
0.10302682,0.098181486,78674.938,0.4072286174259526,0.08810949198031742,1.6255152479338841
0.10302682,0.10011031,77951.062,0.4072286174259526,0.0957711838264424,1.610559132231405
0.10302682,0.10203914,77264.547,0.4072286174259526,0.10343289950582077,1.596374938016529
0.10302682,0.10396796,76601.953,0.4072286174259526,0.11109457546311018,1.582684979338843
0.10302682,0.10589679,75982.57,0.4072286174259526,0.11875629114248855,1.5698878099173554
0.10302682,0.10782561,75402.891,0.4072286174259526,0.12641796709977796,1.5579109710743801
0.10302682,0.10975444,74860.758,0.4072286174259526,0.13407968277915627,1.546709876033058
0.10302682,0.11168326,74345.367,0.4072286174259526,0.14174135873644575,1.5360613016528926
0.10302682,0.11361209,73845.359,0.4072286174259526,0.14940307441582407,1.5257305578512397
0.10302682,0.11554092,73359.469,0.4072286174259526,0.15706479009520244,1.5156915082644629
0.10302682,0.11746974,72890.469,0.4072286174259526,0.16472646605249183,1.5060014256198346
0.10302682,0.11939856,72439.078,0.4072286174259526,0.17238814200978125,1.496675165289256
0.10302682,0.12132739,72001.391,0.4072286174259526,0.18004985768915957,1.4876320454545455
0.10302682,0.12325621,71575.109,0.4072286174259526,0.18771153364644902,1.4788245661157025
0.10302682,0.12518504,71160.328,0.4072286174259526,0.19537324932582734,1.4702547107438015
0.10302682,0.12711386,70756.758,0.4072286174259526,0.20303492528311676,1.4619164876033057
0.10302682,0.12904269,70361.711,0.4072286174259526,0.21069664096249507,1.4537543595041322
0.10302682,0.13089341,69987.695,0.4072286174259526,0.21804808740522932,1.4460267561983473
0.10302682,0.13258547,69646.812,0.4072286174259526,0.22476930318497618,1.4389837190082646
0.10302682,0.13412371,69335.398,0.4072286174259526,0.23087951379277827,1.4325495454545454
0.10302682,0.1355221,69049.0,0.4072286174259526,0.23643421098687306,1.4266322314049587
0.10302682,0.13679338,68784.086,0.4072286174259526,0.24148400070855927,1.4211588016528924
0.10302682,0.13794906,68538.102,0.4072286174259526,0.24607460308219725,1.4160764876033058
0.10302682,0.1389997,68309.938,0.4072286174259526,0.2502479646336984,1.4113623553719008
0.10536039,0.013000302,68508.188,0.4164980449327453,-0.25024796463369836,1.415458429752066
0.10536039,0.014050936,68713.219,0.4164980449327453,-0.24607462691545054,1.4196946074380166
0.10536039,0.015206633,68935.164,0.4164980449327453,-0.24148395701426148,1.4242802479338843
0.10536039,0.0164779,69174.773,0.4164980449327453,-0.2364342189312908,1.429230847107438
0.10536039,0.017876294,69433.336,0.4164980449327453,-0.23087950584836042,1.4345730578512397
0.10536039,0.019414527,69713.125,0.4164980449327453,-0.22476932304602057,1.4403538223140495
0.10536039,0.021106582,70017.492,0.4164980449327453,-0.21804812712731828,1.4466423966942148
0.10536039,0.02295731,70350.148,0.4164980449327453,-0.2106966489069129,1.4535154545454545
0.10536039,0.024886135,70700.883,0.4164980449327453,-0.203034953088579,1.4607620454545456
0.10536039,0.02681496,71059.328,0.4164980449327453,-0.19537325727024513,1.4681679338842974
0.10536039,0.028743785,71427.766,0.4164980449327453,-0.18771156145191123,1.4757802892561984
0.10536039,0.030672612,71806.453,0.4164980449327453,-0.18004985768915957,1.4836044008264462
0.10536039,0.032601438,72196.523,0.4164980449327453,-0.17238815789861678,1.4916636983471074
0.10536039,0.03453026,72600.445,0.4164980449327453,-0.1647264739969096,1.500009194214876
0.10536039,0.036459088,73021.852,0.4164980449327453,-0.15706476626194904,1.508715950413223
0.10536039,0.03838791,73462.891,0.4164980449327453,-0.14940308236024183,1.517828326446281
0.10536039,0.040316738,73925.68,0.4164980449327453,-0.14174137462528127,1.527390082644628
0.10536039,0.042245559,74414.969,0.4164980449327453,-0.13407969469578296,1.5374993595041322
0.10536039,0.044174388,74937.672,0.4164980449327453,-0.12641798298861348,1.548299008264463
0.10536039,0.046103209,75506.508,0.4164980449327453,-0.11875630305911519,1.5600518181818182
0.10536039,0.048032038,76134.883,0.4164980449327453,-0.11109459135194574,1.5730347727272727
0.10536039,0.049960859,76837.008,0.4164980449327453,-0.10343291142244741,1.5875414876033058
0.10536039,0.051889684,77605.281,0.4164980449327453,-0.09577121560411354,1.603414896694215
0.10536039,0.053818509,78442.344,0.4164980449327453,-0.08810951978577966,1.6207095867768595
0.10536039,0.055747338,79357.508,0.4164980449327453,-0.0804478080786102,1.6396179338842976
0.10536039,0.057676159,80334.758,0.4164980449327453,-0.07278612814911191,1.659809049586777
0.10536039,0.059604988,81339.297,0.4164980449327453,-0.06512441644194245,1.6805639876033058
0.10536039,0.061533809,82341.172,0.4164980449327453,-0.05746273651244412,1.7012638842975207
0.10536039,0.063462637,83341.07,0.4164980449327453,-0.04980102877748356,1.7219229338842976
0.10536039,0.065391466,84311.781,0.4164980449327453,-0.04213931707031413,1.7419789462809918
0.10536039,0.067320287,85213.695,0.4164980449327453,-0.034477637140815774,1.7606135330578514
0.10536039,0.069249108,86020.234,0.4164980449327453,-0.02681595721131748,1.777277561983471
0.10536039,0.071177937,86731.641,0.4164980449327453,-0.01915424550414805,1.7919760537190084
0.10536039,0.073106766,87269.422,0.4164980449327453,-0.011492533796978567,1.8030872314049589
0.10536039,0.075035587,87555.695,0.4164980449327453,-0.003830853867480268,1.8090019628099174
0.10536039,0.076964408,87537.594,0.4164980449327453,0.0038308260620180308,1.8086279752066114
0.10536039,0.078893237,87206.828,0.4164980449327453,0.011492537769187513,1.8017939669421486
0.10536039,0.080822065,86624.977,0.4164980449327453,0.01915424550414805,1.7897722520661157
0.10536039,0.082750887,85896.445,0.4164980449327453,0.02681592940585524,1.774719938016529
0.10536039,0.084679708,85075.531,0.4164980449327453,0.03447760933535359,1.7577589049586777
0.10536039,0.086608537,84161.383,0.4164980449327453,0.04213932104252302,1.7388715495867768
0.10536039,0.088537365,83190.547,0.4164980449327453,0.049801028777483616,1.7188129545454547
0.10536039,0.090466186,82200.32,0.4164980449327453,0.05746270870698191,1.6983537190082647
0.10536039,0.092395008,81204.234,0.4164980449327453,0.0651243926086891,1.6777734297520661
0.10536039,0.094323844,80203.766,0.4164980449327453,0.07278613212132082,1.6571026033057852
0.10536039,0.096252665,79239.578,0.4164980449327453,0.08044781205081912,1.6371813636363635
0.10536039,0.098181486,78340.492,0.4164980449327453,0.08810949198031742,1.6186052066115701
0.10536039,0.10011031,77514.961,0.4164980449327453,0.0957711838264424,1.6015487809917355
0.10536039,0.10203914,76754.453,0.4164980449327453,0.10343289950582077,1.5858358057851238
0.10536039,0.10396796,76064.75,0.4164980449327453,0.11109457546311018,1.571585743801653
0.10536039,0.10589679,75445.703,0.4164980449327453,0.11875629114248855,1.5587955165289256
0.10536039,0.10782561,74881.305,0.4164980449327453,0.12641796709977796,1.547134400826446
0.10536039,0.10975444,74358.055,0.4164980449327453,0.13407968277915627,1.536323450413223
0.10536039,0.11168326,73866.336,0.4164980449327453,0.14174135873644575,1.5261639669421487
0.10536039,0.11361209,73400.742,0.4164980449327453,0.14940307441582407,1.516544256198347
0.10536039,0.11554092,72957.32,0.4164980449327453,0.15706479009520244,1.5073826446280993
0.10536039,0.11746974,72534.125,0.4164980449327453,0.16472646605249183,1.4986389462809917
0.10536039,0.11939856,72128.57,0.4164980449327453,0.17238814200978125,1.4902597107438018
0.10536039,0.12132739,71735.445,0.4164980449327453,0.18004985768915957,1.4821372933884298
0.10536039,0.12325621,71352.211,0.4164980449327453,0.18771153364644902,1.47421923553719
0.10536039,0.12518504,70978.797,0.4164980449327453,0.19537324932582734,1.466504070247934
0.10536039,0.12711386,70614.938,0.4164980449327453,0.20303492528311676,1.4589863223140496
0.10536039,0.12904269,70257.867,0.4164980449327453,0.21069664096249507,1.4516088223140495
0.10536039,0.13089341,69918.305,0.4164980449327453,0.21804808740522932,1.4445930785123966
0.10536039,0.13258547,69606.977,0.4164980449327453,0.22476930318497618,1.4381606818181818
0.10536039,0.13412371,69320.336,0.4164980449327453,0.23087951379277827,1.432238347107438
0.10536039,0.1355221,69054.828,0.4164980449327453,0.23643421098687306,1.4267526446280991
0.10536039,0.13679338,68808.383,0.4164980449327453,0.24148400070855927,1.421660805785124
0.10536039,0.13794906,68579.758,0.4164980449327453,0.24607460308219725,1.4169371487603306
0.10536039,0.1389997,68368.328,0.4164980449327453,0.2502479646336984,1.4125687603305783
0.10769396,0.013000302,68566.125,0.425767472439538,-0.25024796463369836,1.4166554752066116
0.10769396,0.014050936,68757.328,0.425767472439538,-0.24607462691545054,1.4206059504132231
0.10769396,0.015206633,68964.695,0.425767472439538,-0.24148395701426148,1.4248903925619836
0.10769396,0.0164779,69188.727,0.425767472439538,-0.2364342189312908,1.429519152892562
0.10769396,0.017876294,69430.203,0.425767472439538,-0.23087950584836042,1.4345083264462808
0.10769396,0.019414525,69690.398,0.425767472439538,-0.22476933099043836,1.4398842561983471
0.10769396,0.021106582,69971.297,0.425767472439538,-0.21804812712731828,1.4456879545454546
0.10769396,0.02295731,70275.43,0.425767472439538,-0.2106966489069129,1.451971694214876
0.10769396,0.024886135,70593.273,0.425767472439538,-0.203034953088579,1.4585386983471074
0.10769396,0.02681496,70916.023,0.425767472439538,-0.19537325727024513,1.4652070867768596
0.10769396,0.028743785,71246.367,0.425767472439538,-0.18771156145191123,1.4720323760330578
0.10769396,0.030672612,71584.883,0.425767472439538,-0.18004985768915957,1.479026508264463
0.10769396,0.032601438,71932.648,0.425767472439538,-0.17238815789861678,1.4862117355371902
0.10769396,0.03453026,72292.781,0.425767472439538,-0.1647264739969096,1.4936525
0.10769396,0.036459088,72670.312,0.425767472439538,-0.15706476626194904,1.5014527272727274
0.10769396,0.03838791,73071.32,0.425767472439538,-0.14940308236024183,1.5097380165289258
0.10769396,0.040316738,73503.938,0.425767472439538,-0.14174137462528127,1.5186764049586776
0.10769396,0.042245559,73977.227,0.425767472439538,-0.13407969469578296,1.5284551033057852
0.10769396,0.044174388,74499.469,0.425767472439538,-0.12641798298861348,1.5392452272727273
0.10769396,0.046103209,75080.75,0.425767472439538,-0.11875630305911519,1.551255165289256
0.10769396,0.048032038,75732.047,0.425767472439538,-0.11109459135194574,1.5647117148760332
0.10769396,0.049960859,76466.422,0.425767472439538,-0.10343291142244741,1.579884752066116
0.10769396,0.051889684,77282.797,0.425767472439538,-0.09577121560411354,1.5967520041322316
0.10769396,0.053818509,78172.344,0.425767472439538,-0.08810951978577966,1.6151310743801652
0.10769396,0.055747338,79121.414,0.425767472439538,-0.0804478080786102,1.634739958677686
0.10769396,0.057676159,80114.664,0.425767472439538,-0.07278612814911191,1.655261652892562
0.10769396,0.059604988,81127.641,0.425767472439538,-0.06512441644194245,1.676190929752066
0.10769396,0.061533809,82127.539,0.425767472439538,-0.05746273651244412,1.696849979338843
0.10769396,0.063462637,83102.57,0.425767472439538,-0.04980102877748356,1.7169952479338844
0.10769396,0.065391466,84039.805,0.425767472439538,-0.04213931707031413,1.7363596074380163
0.10769396,0.067320287,84905.031,0.425767472439538,-0.034477637140815774,1.7542361776859505
0.10769396,0.069249108,85641.562,0.425767472439538,-0.02681595721131748,1.7694537603305787
0.10769396,0.071177937,86277.156,0.425767472439538,-0.01915424550414805,1.782585867768595
0.10769396,0.073106766,86713.109,0.425767472439538,-0.011492533796978567,1.7915931611570248
0.10769396,0.075035587,87073.625,0.425767472439538,-0.003830853867480268,1.7990418388429752
0.10769396,0.076964408,87033.594,0.425767472439538,0.0038308260620180308,1.7982147520661156
0.10769396,0.078893237,86637.961,0.425767472439538,0.011492537769187513,1.7900405165289255
0.10769396,0.080822065,86173.883,0.425767472439538,0.01915424550414805,1.7804521280991736
0.10769396,0.082750887,85516.141,0.425767472439538,0.02681592940585524,1.766862417355372
0.10769396,0.084679708,84746.547,0.425767472439538,0.03447760933535359,1.7509617148760332
0.10769396,0.086608537,83862.398,0.425767472439538,0.04213932104252302,1.7326941735537191
0.10769396,0.088537365,82920.547,0.425767472439538,0.049801028777483616,1.7132344421487604
0.10769396,0.090466186,81949.383,0.425767472439538,0.05746270870698191,1.6931690702479338
0.10769396,0.092395008,80952.82,0.425767472439538,0.0651243926086891,1.672578925619835
0.10769396,0.094323844,79950.727,0.425767472439538,0.07278613212132082,1.6518745247933884
0.10769396,0.096252665,78971.898,0.425767472439538,0.08044781205081912,1.631650785123967
0.10769396,0.098181486,78039.539,0.425767472439538,0.08810949198031742,1.6123871694214877
0.10769396,0.10011031,77166.664,0.425767472439538,0.0957711838264424,1.594352561983471
0.10769396,0.10203914,76368.641,0.425767472439538,0.10343289950582077,1.5778644834710744
0.10769396,0.10396796,75650.328,0.425767472439538,0.11109457546311018,1.563023305785124
0.10769396,0.10589679,75008.062,0.425767472439538,0.11875629114248855,1.549753347107438
0.10769396,0.10782561,74431.805,0.425767472439538,0.12641796709977796,1.5378472107438015
0.10769396,0.10975444,73912.203,0.425767472439538,0.13407968277915627,1.527111632231405
0.10769396,0.11168326,73440.758,0.425767472439538,0.14174135873644575,1.5173710330578514
0.10769396,0.11361209,73008.523,0.425767472439538,0.14940307441582407,1.5084405578512396
0.10769396,0.11554092,72605.375,0.425767472439538,0.15706479009520244,1.5001110537190083
0.10769396,0.11746974,72223.922,0.425767472439538,0.16472646605249183,1.4922297933884299
0.10769396,0.11939856,71859.57,0.425767472439538,0.17238814200978125,1.4847018595041324
0.10769396,0.12132739,71506.555,0.425767472439538,0.18004985768915957,1.4774081611570247
0.10769396,0.12325621,71162.133,0.425767472439538,0.18771153364644902,1.4702920041322314
0.10769396,0.12518504,70825.43,0.425767472439538,0.19537324932582734,1.4633353305785122
0.10769396,0.12711386,70495.586,0.425767472439538,0.20303492528311676,1.4565203719008264
0.10769396,0.12904269,70169.266,0.425767472439538,0.21069664096249507,1.4497782231404959
0.10769396,0.13089341,69855.828,0.425767472439538,0.21804808740522932,1.4433022314049586
0.10769396,0.13258547,69565.812,0.425767472439538,0.22476930318497618,1.4373101652892564
0.10769396,0.13412371,69296.883,0.425767472439538,0.23087951379277827,1.4317537809917356
0.10769396,0.1355221,69047.078,0.425767472439538,0.23643421098687306,1.426592520661157
0.10769396,0.13679338,68815.289,0.425767472439538,0.24148400070855927,1.4218034917355373
0.10769396,0.13794906,68600.82,0.425767472439538,0.24607460308219725,1.4173723140495869
0.10769396,0.1389997,68403.234,0.425767472439538,0.2502479646336984,1.413289958677686
0.11002752,0.013000302,68614.133,0.4350368602242417,-0.25024796463369836,1.417647376033058
0.11002752,0.014050936,68794.328,0.4350368602242417,-0.24607462691545054,1.4213704132231404
0.11002752,0.015206633,68990.305,0.4350368602242417,-0.24148395701426148,1.4254195247933883
0.11002752,0.0164779,69202.453,0.4350368602242417,-0.2364342189312908,1.4298027479338842
0.11002752,0.017876294,69431.445,0.4350368602242417,-0.23087950584836042,1.4345339876033059
0.11002752,0.019414525,69678.141,0.4350368602242417,-0.22476933099043836,1.4396310123966942
0.11002752,0.021106582,69943.383,0.4350368602242417,-0.21804812712731828,1.4451112190082644
0.11002752,0.02295731,70227.789,0.4350368602242417,-0.2106966489069129,1.4509873760330578
0.11002752,0.024886135,70521.055,0.4350368602242417,-0.203034953088579,1.4570465909090908
0.11002752,0.02681496,70814.883,0.4350368602242417,-0.19537325727024513,1.463117417355372
0.11002752,0.028743785,71112.523,0.4350368602242417,-0.18771156145191123,1.4692670041322313
0.11002752,0.030672612,71416.109,0.4350368602242417,-0.18004985768915957,1.4755394421487602
0.11002752,0.032601438,71728.508,0.4350368602242417,-0.17238815789861678,1.4819939669421487
0.11002752,0.03453026,72055.219,0.4350368602242417,-0.1647264739969096,1.488744194214876
0.11002752,0.036459088,72403.516,0.4350368602242417,-0.15706476626194904,1.4959404132231406
0.11002752,0.03838791,72782.75,0.4350368602242417,-0.14940308236024183,1.503775826446281
0.11002752,0.040316738,73204.891,0.4350368602242417,-0.14174137462528127,1.5124977479338844
0.11002752,0.042245559,73682.672,0.4350368602242417,-0.13407969469578296,1.5223692561983473
0.11002752,0.044174388,74227.414,0.4350368602242417,-0.12641798298861348,1.5336242561983473
0.11002752,0.046103209,74845.5,0.4350368602242417,-0.11875630305911519,1.5463946280991736
0.11002752,0.048032038,75538.391,0.4350368602242417,-0.11109459135194574,1.5607105578512397
0.11002752,0.049960859,76303.727,0.4350368602242417,-0.10343291142244741,1.576523285123967
0.11002752,0.051889684,77133.633,0.4350368602242417,-0.09577121560411354,1.5936701033057852
0.11002752,0.053818509,78017.836,0.4350368602242417,-0.08810951978577966,1.6119387603305784
0.11002752,0.055747338,78940.633,0.4350368602242417,-0.0804478080786102,1.6310048140495867
0.11002752,0.057676159,79887.844,0.4350368602242417,-0.07278612814911191,1.6505752892561982
0.11002752,0.059604988,80837.742,0.4350368602242417,-0.06512441644194245,1.6702012809917355
0.11002752,0.061533809,81759.891,0.4350368602242417,-0.05746273651244412,1.689253946280992
0.11002752,0.063462637,82629.266,0.4350368602242417,-0.04980102877748356,1.7072162396694215
0.11002752,0.065391466,83415.633,0.4350368602242417,-0.04213931707031413,1.7234634917355371
0.11002752,0.067320287,84074.977,0.4350368602242417,-0.034477637140815774,1.7370863016528926
0.11002752,0.069249108,84542.508,0.4350368602242417,-0.02681595721131748,1.7467460330578513
0.11002752,0.071177937,84770.508,0.4350368602242417,-0.01915424550414805,1.7514567768595042
0.11002752,0.073106766,84826.039,0.4350368602242417,-0.011492533796978567,1.752604111570248
0.11002752,0.075035587,84713.242,0.4350368602242417,-0.003830853867480268,1.7502735950413222
0.11002752,0.076964408,84706.539,0.4350368602242417,0.0038308260620180308,1.7501351033057853
0.11002752,0.078893237,84793.641,0.4350368602242417,0.011492537769187513,1.7519347314049587
0.11002752,0.080822065,84703.438,0.4350368602242417,0.01915424550414805,1.750071033057851
0.11002752,0.082750887,84431.859,0.4350368602242417,0.02681592940585524,1.7444598966942149
0.11002752,0.084679708,83927.07,0.4350368602242417,0.03447760933535359,1.7340303719008265
0.11002752,0.086608537,83241.992,0.4350368602242417,0.04213932104252302,1.719875867768595
0.11002752,0.088537365,82441.242,0.4350368602242417,0.049801028777483616,1.7033314462809916
0.11002752,0.090466186,81566.969,0.4350368602242417,0.05746270870698191,1.6852679545454545
0.11002752,0.092395008,80645.562,0.4350368602242417,0.0651243926086891,1.6662306198347108
0.11002752,0.094323844,79706.43,0.4350368602242417,0.07278613212132082,1.6468270661157023
0.11002752,0.096252665,78772.227,0.4350368602242417,0.08044781205081912,1.6275253512396695
0.11002752,0.098181486,77867.0,0.4350368602242417,0.08810949198031742,1.6088223140495868
0.11002752,0.10011031,76999.07,0.4350368602242417,0.0957711838264424,1.590889876033058
0.11002752,0.10203914,76185.82,0.4350368602242417,0.10343289950582077,1.5740871900826447
0.11002752,0.10396796,75434.055,0.4350368602242417,0.11109457546311018,1.5585548553719006
0.11002752,0.10589679,74752.57,0.4350368602242417,0.11875629114248855,1.5444745867768597
0.11002752,0.10782561,74145.438,0.4350368602242417,0.12641796709977796,1.5319305371900824
0.11002752,0.10975444,73610.031,0.4350368602242417,0.13407968277915627,1.5208684090909093
0.11002752,0.11168326,73138.484,0.4350368602242417,0.14174135873644575,1.5111257024793388
0.11002752,0.11361209,72718.578,0.4350368602242417,0.14940307441582407,1.5024499586776858
0.11002752,0.11554092,72337.188,0.4350368602242417,0.15706479009520244,1.49457
0.11002752,0.11746974,71983.43,0.4350368602242417,0.16472646605249183,1.487260950413223
0.11002752,0.11939856,71650.391,0.4350368602242417,0.17238814200978125,1.480379979338843
0.11002752,0.12132739,71330.602,0.4350368602242417,0.18004985768915957,1.4737727685950412
0.11002752,0.12325621,71019.297,0.4350368602242417,0.18771153364644902,1.467340847107438
0.11002752,0.12518504,70713.5,0.4350368602242417,0.19537324932582734,1.4610227272727272
0.11002752,0.12711386,70410.727,0.4350368602242417,0.20303492528311676,1.4547670867768594
0.11002752,0.12904269,70107.039,0.4350368602242417,0.21069664096249507,1.4484925413223142
0.11002752,0.13089341,69811.352,0.4350368602242417,0.21804808740522932,1.4423833057851239
0.11002752,0.13258547,69535.227,0.4350368602242417,0.22476930318497618,1.4366782438016528
0.11002752,0.13412371,69278.406,0.4350368602242417,0.23087951379277827,1.4313720247933885
0.11002752,0.1355221,69040.336,0.4350368602242417,0.23643421098687306,1.4264532231404958
0.11002752,0.13679338,68820.18,0.4350368602242417,0.24148400070855927,1.4219045454545454
0.11002752,0.13794906,68617.273,0.4350368602242417,0.24607460308219725,1.4177122520661156
0.11002752,0.1389997,68431.102,0.4350368602242417,0.2502479646336984,1.4138657438016529
0.11236109,0.013000302,68660.164,0.44430628773103437,-0.25024796463369836,1.4185984297520662
0.11236109,0.014050936,68832.172,0.44430628773103437,-0.24607462691545054,1.4221523140495869
0.11236109,0.015206633,69019.789,0.44430628773103437,-0.24148395701426148,1.4260286983471075
0.11236109,0.0164779,69223.406,0.44430628773103437,-0.2364342189312908,1.4302356611570248
0.11236109,0.017876294,69443.617,0.44430628773103437,-0.23087950584836042,1.4347854752066116
0.11236109,0.019414525,69680.992,0.44430628773103437,-0.22476933099043836,1.4396899173553719
0.11236109,0.021106582,69935.531,0.44430628773103437,-0.21804812712731828,1.444948987603306
0.11236109,0.02295731,70206.188,0.44430628773103437,-0.2106966489069129,1.4505410743801652
0.11236109,0.024886135,70481.586,0.44430628773103437,-0.203034953088579,1.4562311157024792
0.11236109,0.02681496,70753.578,0.44430628773103437,-0.19537325727024513,1.4618507851239668
0.11236109,0.028743785,71026.367,0.44430628773103437,-0.18771156145191123,1.4674869214876032
0.11236109,0.030672612,71304.594,0.44430628773103437,-0.18004985768915957,1.4732354132231404
0.11236109,0.032601438,71594.609,0.44430628773103437,-0.17238815789861678,1.479227458677686
0.11236109,0.03453026,71905.625,0.44430628773103437,-0.1647264739969096,1.485653409090909
0.11236109,0.036459088,72247.93,0.44430628773103437,-0.15706476626194904,1.4927258264462808
0.11236109,0.03838791,72633.352,0.44430628773103437,-0.14940308236024183,1.5006890909090909
0.11236109,0.040316738,73073.984,0.44430628773103437,-0.14174137462528127,1.5097930578512395
0.11236109,0.042245559,73581.602,0.44430628773103437,-0.13407969469578296,1.5202810330578511
0.11236109,0.044174388,74164.367,0.44430628773103437,-0.12641798298861348,1.5323216322314048
0.11236109,0.046103209,74823.117,0.44430628773103437,-0.11875630305911519,1.5459321694214876
0.11236109,0.048032038,75551.016,0.44430628773103437,-0.11109459135194574,1.5609714049586778
0.11236109,0.049960859,76333.555,0.44430628773103437,-0.10343291142244741,1.5771395661157024
0.11236109,0.051889684,77152.695,0.44430628773103437,-0.09577121560411354,1.5940639462809918
0.11236109,0.053818509,77993.867,0.44430628773103437,-0.08810951978577966,1.6114435330578512
0.11236109,0.055747338,78842.633,0.44430628773103437,-0.0804478080786102,1.628980020661157
0.11236109,0.057676159,79685.766,0.44430628773103437,-0.07278612814911191,1.6464001239669421
0.11236109,0.059604988,80501.578,0.44430628773103437,-0.06512441644194245,1.6632557438016529
0.11236109,0.061533809,81262.32,0.44430628773103437,-0.05746273651244412,1.6789735537190085
0.11236109,0.063462637,81945.93,0.44430628773103437,-0.04980102877748356,1.6930977272727272
0.11236109,0.065391466,82528.289,0.44430628773103437,-0.04213931707031413,1.705129938016529
0.11236109,0.067320287,82994.047,0.44430628773103437,-0.034477637140815774,1.7147530371900828
0.11236109,0.069249108,83348.648,0.44430628773103437,-0.02681595721131748,1.7220795041322314
0.11236109,0.071177937,83600.93,0.44430628773103437,-0.01915424550414805,1.7272919421487603
0.11236109,0.073106766,83792.859,0.44430628773103437,-0.011492533796978567,1.7312574173553719
0.11236109,0.075035587,83882.906,0.44430628773103437,-0.003830853867480268,1.7331178925619835
0.11236109,0.076964408,83867.828,0.44430628773103437,0.0038308260620180308,1.7328063636363635
0.11236109,0.078893237,83743.07,0.44430628773103437,0.011492537769187513,1.7302287190082646
0.11236109,0.080822065,83518.859,0.44430628773103437,0.01915424550414805,1.7255962603305783
0.11236109,0.082750887,83240.078,0.44430628773103437,0.02681592940585524,1.7198363223140494
0.11236109,0.084679708,82860.258,0.44430628773103437,0.03447760933535359,1.7119888016528926
0.11236109,0.086608537,82371.547,0.44430628773103437,0.04213932104252302,1.701891466942149
0.11236109,0.088537365,81770.5,0.44430628773103437,0.049801028777483616,1.6894731404958678
0.11236109,0.090466186,81076.234,0.44430628773103437,0.05746270870698191,1.6751288016528925
0.11236109,0.092395008,80310.016,0.44430628773103437,0.0651243926086891,1.6592978512396694
0.11236109,0.094323844,79497.93,0.44430628773103437,0.07278613212132082,1.6425192148760328
0.11236109,0.096252665,78661.102,0.44430628773103437,0.08044781205081912,1.6252293801652893
0.11236109,0.098181486,77824.656,0.44430628773103437,0.08810949198031742,1.607947438016529
0.11236109,0.10011031,76994.406,0.44430628773103437,0.0957711838264424,1.5907935123966943
0.11236109,0.10203914,76188.922,0.44430628773103437,0.10343289950582077,1.5741512809917357
0.11236109,0.10396796,75420.711,0.44430628773103437,0.11109457546311018,1.558279152892562
0.11236109,0.10589679,74708.867,0.44430628773103437,0.11875629114248855,1.543571632231405
0.11236109,0.10782561,74066.336,0.44430628773103437,0.12641796709977796,1.5302961983471073
0.11236109,0.10975444,73496.656,0.44430628773103437,0.13407968277915627,1.5185259504132231
0.11236109,0.11168326,72997.547,0.44430628773103437,0.14174135873644575,1.5082137809917358
0.11236109,0.11361209,72560.461,0.44430628773103437,0.14940307441582407,1.4991830785123965
0.11236109,0.11554092,72174.109,0.44430628773103437,0.15706479009520244,1.4912005991735537
0.11236109,0.11746974,71827.195,0.44430628773103437,0.16472646605249183,1.4840329545454547
0.11236109,0.11939856,71509.797,0.44430628773103437,0.17238814200978125,1.4774751446280994
0.11236109,0.12132739,71211.555,0.44430628773103437,0.18004985768915957,1.4713131198347107
0.11236109,0.12325621,70924.023,0.44430628773103437,0.18771153364644902,1.465372376033058
0.11236109,0.12518504,70641.109,0.44430628773103437,0.19537324932582734,1.4595270454545455
0.11236109,0.12711386,70358.078,0.44430628773103437,0.20303492528311676,1.453679297520661
0.11236109,0.12904269,70070.406,0.44430628773103437,0.21069664096249507,1.447735661157025
0.11236109,0.13089341,69787.156,0.44430628773103437,0.21804808740522932,1.4418833884297522
0.11236109,0.13258547,69520.914,0.44430628773103437,0.22476930318497618,1.4363825206611571
0.11236109,0.13412371,69273.102,0.44430628773103437,0.23087951379277827,1.4312624380165289
0.11236109,0.1355221,69043.82,0.44430628773103437,0.23643421098687306,1.4265252066115703
0.11236109,0.13679338,68832.398,0.44430628773103437,0.24148400070855927,1.4221569834710743
0.11236109,0.13794906,68638.141,0.44430628773103437,0.24607460308219725,1.418143409090909
0.11236109,0.1389997,68460.516,0.44430628773103437,0.2502479646336984,1.4144734710743803
0.11469465,0.013000302,68705.242,0.45357567551573813,-0.25024796463369836,1.4195297933884297
0.11469465,0.014050936,68871.375,0.45357567551573813,-0.24607462691545054,1.4229622933884298
0.11469465,0.015206633,69053.016,0.45357567551573813,-0.24148395701426148,1.4267152066115703
0.11469465,0.0164779,69250.484,0.45357567551573813,-0.2364342189312908,1.430795123966942
0.11469465,0.017876294,69464.25,0.45357567551573813,-0.23087950584836042,1.435211776859504
0.11469465,0.019414525,69694.625,0.45357567551573813,-0.22476933099043836,1.4399715909090909
0.11469465,0.021106582,69941.195,0.45357567551573813,-0.21804812712731828,1.4450660123966943
0.11469465,0.02295731,70201.961,0.45357567551573813,-0.2106966489069129,1.4504537396694215
0.11469465,0.024886135,70465.219,0.45357567551573813,-0.203034953088579,1.4558929545454544
0.11469465,0.02681496,70723.469,0.45357567551573813,-0.19537325727024513,1.4612286983471074
0.11469465,0.028743785,70982.602,0.45357567551573813,-0.18771156145191123,1.4665826859504132
0.11469465,0.030672612,71250.352,0.45357567551573813,-0.18004985768915957,1.4721147107438017
0.11469465,0.032601438,71536.938,0.45357567551573813,-0.17238815789861678,1.478035909090909
0.11469465,0.03453026,71855.117,0.45357567551573813,-0.1647264739969096,1.4846098553719007
0.11469465,0.036459088,72217.578,0.45357567551573813,-0.15706476626194904,1.4920987190082644
0.11469465,0.03838791,72636.414,0.45357567551573813,-0.14940308236024183,1.5007523553719009
0.11469465,0.040316738,73120.172,0.45357567551573813,-0.14174137462528127,1.5107473553719009
0.11469465,0.042245559,73674.227,0.45357567551573813,-0.13407969469578296,1.5221947727272727
0.11469465,0.044174388,74296.984,0.45357567551573813,-0.12641798298861348,1.535061652892562
0.11469465,0.046103209,74980.383,0.45357567551573813,-0.11875630305911519,1.5491814669421489
0.11469465,0.048032038,75711.266,0.45357567551573813,-0.11109459135194574,1.564282355371901
0.11469465,0.049960859,76472.125,0.45357567551573813,-0.10343291142244741,1.580002582644628
0.11469465,0.051889684,77244.383,0.45357567551573813,-0.09577121560411354,1.595958326446281
0.11469465,0.053818509,78006.789,0.45357567551573813,-0.08810951978577966,1.6117105165289256
0.11469465,0.055747338,78744.453,0.45357567551573813,-0.0804478080786102,1.6269515082644628
0.11469465,0.057676159,79443.734,0.45357567551573813,-0.07278612814911191,1.6413994628099173
0.11469465,0.059604988,80087.875,0.45357567551573813,-0.06512441644194245,1.654708161157025
0.11469465,0.061533809,80662.711,0.45357567551573813,-0.05746273651244412,1.6665849380165287
0.11469465,0.063462637,81162.539,0.45357567551573813,-0.04980102877748356,1.6769119628099174
0.11469465,0.065391466,81580.859,0.45357567551573813,-0.04213931707031413,1.685554938016529
0.11469465,0.067320287,81918.461,0.45357567551573813,-0.034477637140815774,1.6925301859504132
0.11469465,0.069249108,82192.219,0.45357567551573813,-0.02681595721131748,1.6981863429752067
0.11469465,0.071177937,82417.18,0.45357567551573813,-0.01915424550414805,1.702834297520661
0.11469465,0.073106766,82599.391,0.45357567551573813,-0.011492533796978567,1.7065989876033059
0.11469465,0.075035587,82711.172,0.45357567551573813,-0.003830853867480268,1.7089085123966943
0.11469465,0.076964408,82695.148,0.45357567551573813,0.0038308260620180308,1.7085774380165288
0.11469465,0.078893237,82553.992,0.45357567551573813,0.011492537769187513,1.7056609917355372
0.11469465,0.080822065,82343.859,0.45357567551573813,0.01915424550414805,1.7013194008264463
0.11469465,0.082750887,82096.609,0.45357567551573813,0.02681592940585524,1.696210929752066
0.11469465,0.084679708,81802.469,0.45357567551573813,0.03447760933535359,1.6901336570247933
0.11469465,0.086608537,81444.859,0.45357567551573813,0.04213932104252302,1.682745020661157
0.11469465,0.088537365,81008.656,0.45357567551573813,0.049801028777483616,1.673732561983471
0.11469465,0.090466186,80496.586,0.45357567551573813,0.05746270870698191,1.663152603305785
0.11469465,0.092395008,79911.453,0.45357567551573813,0.0651243926086891,1.6510630785123965
0.11469465,0.094323844,79261.906,0.45357567551573813,0.07278613212132082,1.6376426859504132
0.11469465,0.096252665,78559.023,0.45357567551573813,0.08044781205081912,1.6231203099173555
0.11469465,0.098181486,77825.023,0.45357567551573813,0.08810949198031742,1.607955020661157
0.11469465,0.10011031,77067.375,0.45357567551573813,0.0957711838264424,1.5923011363636363
0.11469465,0.10203914,76306.93,0.45357567551573813,0.10343289950582077,1.5765894628099173
0.11469465,0.10396796,75560.945,0.45357567551573813,0.11109457546311018,1.561176549586777
0.11469465,0.10589679,74845.969,0.45357567551573813,0.11875629114248855,1.5464043181818181
0.11469465,0.10782561,74178.086,0.45357567551573813,0.12641796709977796,1.532605082644628
0.11469465,0.10975444,73567.805,0.45357567551573813,0.13407968277915627,1.51999597107438
0.11469465,0.11168326,73023.07,0.45357567551573813,0.14174135873644575,1.5087411157024795
0.11469465,0.11361209,72544.859,0.45357567551573813,0.14940307441582407,1.4988607231404958
0.11469465,0.11554092,72128.062,0.45357567551573813,0.15706479009520244,1.4902492148760331
0.11469465,0.11746974,71764.125,0.45357567551573813,0.16472646605249183,1.4827298553719008
0.11469465,0.11939856,71441.516,0.45357567551573813,0.17238814200978125,1.4760643801652893
0.11469465,0.12132739,71147.445,0.45357567551573813,0.18004985768915957,1.4699885330578515
0.11469465,0.12325621,70869.734,0.45357567551573813,0.18771153364644902,1.4642507024793388
0.11469465,0.12518504,70599.016,0.45357567551573813,0.19537324932582734,1.4586573553719009
0.11469465,0.12711386,70327.961,0.45357567551573813,0.20303492528311676,1.4530570454545453
0.11469465,0.12904269,70051.008,0.45357567551573813,0.21069664096249507,1.447334876033058
0.11469465,0.13089341,69777.023,0.45357567551573813,0.21804808740522932,1.4416740289256198
0.11469465,0.13258547,69518.805,0.45357567551573813,0.22476930318497618,1.4363389462809917
0.11469465,0.13412371,69278.414,0.45357567551573813,0.23087951379277827,1.4313721900826448
0.11469465,0.1355221,69056.008,0.45357567551573813,0.23643421098687306,1.4267770247933884
0.11469465,0.13679338,68851.047,0.45357567551573813,0.24148400070855927,1.42254229338843
0.11469465,0.13794906,68662.945,0.45357567551573813,0.24607460308219725,1.4186558884297522
0.11469465,0.1389997,68491.328,0.45357567551573813,0.2502479646336984,1.415110082644628
0.11702822,0.013000302,68743.195,0.46284510302253085,-0.25024796463369836,1.420313946280992
0.11702822,0.014050936,68904.477,0.46284510302253085,-0.24607462691545054,1.4236462190082644
0.11702822,0.015206633,69081.195,0.46284510302253085,-0.24148395701426148,1.427297417355372
0.11702822,0.0164779,69273.594,0.46284510302253085,-0.2364342189312908,1.431272603305785
0.11702822,0.017876294,69482.047,0.46284510302253085,-0.23087950584836042,1.4355794834710744
0.11702822,0.019414525,69706.844,0.46284510302253085,-0.22476933099043836,1.4402240495867769
0.11702822,0.021106582,69947.695,0.46284510302253085,-0.21804812712731828,1.4452003099173556
0.11702822,0.02295731,70202.688,0.46284510302253085,-0.2106966489069129,1.4504687603305784
0.11702822,0.024886135,70460.836,0.46284510302253085,-0.203034953088579,1.4558023966942149
0.11702822,0.02681496,70716.086,0.46284510302253085,-0.19537325727024513,1.4610761570247932
0.11702822,0.028743785,70976.641,0.46284510302253085,-0.18771156145191123,1.4664595247933885
0.11702822,0.030672612,71253.258,0.46284510302253085,-0.18004985768915957,1.4721747520661157
0.11702822,0.032601438,71559.172,0.46284510302253085,-0.17238815789861678,1.4784952892561984
0.11702822,0.03453026,71908.625,0.46284510302253085,-0.1647264739969096,1.4857153925619835
0.11702822,0.036459088,72313.883,0.46284510302253085,-0.15706476626194904,1.4940884917355373
0.11702822,0.03838791,72783.273,0.46284510302253085,-0.14940308236024183,1.503786632231405
0.11702822,0.040316738,73318.211,0.46284510302253085,-0.14174137462528127,1.5148390702479337
0.11702822,0.042245559,73914.422,0.46284510302253085,-0.13407969469578296,1.5271574793388432
0.11702822,0.044174388,74559.992,0.46284510302253085,-0.12641798298861348,1.5404957024793389
0.11702822,0.046103209,75238.492,0.46284510302253085,-0.11875630305911519,1.5545142975206612
0.11702822,0.048032038,75934.117,0.46284510302253085,-0.11109459135194574,1.568886714876033
0.11702822,0.049960859,76631.078,0.46284510302253085,-0.10343291142244741,1.58328673553719
0.11702822,0.051889684,77313.695,0.46284510302253085,-0.09577121560411354,1.5973903925619837
0.11702822,0.053818509,77964.742,0.46284510302253085,-0.08810951978577966,1.610841776859504
0.11702822,0.055747338,78571.297,0.46284510302253085,-0.0804478080786102,1.6233739049586777
0.11702822,0.057676159,79120.422,0.46284510302253085,-0.07278612814911191,1.6347194628099175
0.11702822,0.059604988,79602.492,0.46284510302253085,-0.06512441644194245,1.6446795867768595
0.11702822,0.061533809,80016.781,0.46284510302253085,-0.05746273651244412,1.6532392768595041
0.11702822,0.063462637,80370.609,0.46284510302253085,-0.04980102877748356,1.6605497727272727
0.11702822,0.065391466,80664.844,0.46284510302253085,-0.04213931707031413,1.6666290082644628
0.11702822,0.067320287,80905.539,0.46284510302253085,-0.034477637140815774,1.6716020454545455
0.11702822,0.069249108,81105.984,0.46284510302253085,-0.02681595721131748,1.6757434710743802
0.11702822,0.071177937,81269.953,0.46284510302253085,-0.01915424550414805,1.6791312603305784
0.11702822,0.073106766,81387.977,0.46284510302253085,-0.011492533796978567,1.6815697727272727
0.11702822,0.075035587,81446.867,0.46284510302253085,-0.003830853867480268,1.6827865082644629
0.11702822,0.076964408,81434.422,0.46284510302253085,0.0038308260620180308,1.6825293801652894
0.11702822,0.078893237,81352.266,0.46284510302253085,0.011492537769187513,1.6808319421487603
0.11702822,0.080822065,81212.312,0.46284510302253085,0.01915424550414805,1.6779403305785126
0.11702822,0.082750887,81029.117,0.46284510302253085,0.02681592940585524,1.6741553099173554
0.11702822,0.084679708,80811.195,0.46284510302253085,0.03447760933535359,1.6696527892561985
0.11702822,0.086608537,80552.703,0.46284510302253085,0.04213932104252302,1.6643120454545453
0.11702822,0.088537365,80242.125,0.46284510302253085,0.049801028777483616,1.6578951446280992
0.11702822,0.090466186,79876.133,0.46284510302253085,0.05746270870698191,1.650333326446281
0.11702822,0.092395008,79449.094,0.46284510302253085,0.0651243926086891,1.64151020661157
0.11702822,0.094323844,78955.07,0.46284510302253085,0.07278613212132082,1.6313030991735538
0.11702822,0.096252665,78395.07,0.46284510302253085,0.08044781205081912,1.6197328512396696
0.11702822,0.098181486,77785.406,0.46284510302253085,0.08810949198031742,1.6071364876033059
0.11702822,0.10011031,77133.695,0.46284510302253085,0.0957711838264424,1.5936713842975208
0.11702822,0.10203914,76458.359,0.46284510302253085,0.10343289950582077,1.5797181611570248
0.11702822,0.10396796,75770.602,0.46284510302253085,0.11109457546311018,1.565508305785124
0.11702822,0.10589679,75085.039,0.46284510302253085,0.11875629114248855,1.5513437809917356
0.11702822,0.10782561,74416.336,0.46284510302253085,0.12641796709977796,1.537527603305785
0.11702822,0.10975444,73779.93,0.46284510302253085,0.13407968277915627,1.5243787190082643
0.11702822,0.11168326,73192.547,0.46284510302253085,0.14174135873644575,1.5122427066115705
0.11702822,0.11361209,72665.055,0.46284510302253085,0.14940307441582407,1.5013441115702477
0.11702822,0.11554092,72201.031,0.46284510302253085,0.15706479009520244,1.4917568388429752
0.11702822,0.11746974,71798.133,0.46284510302253085,0.16472646605249183,1.4834325
0.11702822,0.11939856,71447.227,0.46284510302253085,0.17238814200978125,1.476182376033058
0.11702822,0.12132739,71135.836,0.46284510302253085,0.18004985768915957,1.4697486776859503
0.11702822,0.12325621,70849.984,0.46284510302253085,0.18771153364644902,1.4638426446280992
0.11702822,0.12518504,70577.734,0.46284510302253085,0.19537324932582734,1.458217644628099
0.11702822,0.12711386,70309.203,0.46284510302253085,0.20303492528311676,1.4526694834710743
0.11702822,0.12904269,70037.023,0.46284510302253085,0.21069664096249507,1.4470459297520661
0.11702822,0.13089341,69768.891,0.46284510302253085,0.21804808740522932,1.4415060123966943
0.11702822,0.13258547,69516.82,0.46284510302253085,0.22476930318497618,1.4362979338842976
0.11702822,0.13412371,69282.539,0.46284510302253085,0.23087951379277827,1.431457417355372
0.11702822,0.1355221,69065.867,0.46284510302253085,0.23643421098687306,1.4269807231404958
0.11702822,0.13679338,68866.258,0.46284510302253085,0.24148400070855927,1.4228565702479339
0.11702822,0.13794906,68683.211,0.46284510302253085,0.24607460308219725,1.4190746074380165
0.11702822,0.1389997,68516.477,0.46284510302253085,0.2502479646336984,1.4156296900826446
0.11936179,0.013000302,68766.453,0.4721145305293235,-0.25024796463369836,1.4207944834710742
0.11936179,0.014050936,68923.031,0.4721145305293235,-0.24607462691545054,1.4240295661157025
0.11936179,0.015206633,69095.031,0.4721145305293235,-0.24148395701426148,1.427583285123967
0.11936179,0.0164779,69282.711,0.4721145305293235,-0.2364342189312908,1.43146097107438
0.11936179,0.017876294,69486.555,0.4721145305293235,-0.23087950584836042,1.435672623966942
0.11936179,0.019414525,69707.188,0.4721145305293235,-0.22476933099043836,1.4402311570247932
0.11936179,0.021106582,69945.227,0.4721145305293235,-0.21804812712731828,1.4451493181818182
0.11936179,0.02295731,70200.227,0.4721145305293235,-0.2106966489069129,1.4504179132231405
0.11936179,0.024886135,70463.086,0.4721145305293235,-0.203034953088579,1.4558488842975206
0.11936179,0.02681496,70729.789,0.4721145305293235,-0.19537325727024513,1.4613592768595043
0.11936179,0.028743785,71010.539,0.4721145305293235,-0.18771156145191123,1.467159896694215
0.11936179,0.030672612,71317.852,0.4721145305293235,-0.18004985768915957,1.4735093388429752
0.11936179,0.032601438,71665.344,0.4721145305293235,-0.17238815789861678,1.4806889256198346
0.11936179,0.03453026,72065.141,0.4721145305293235,-0.1647264739969096,1.488949194214876
0.11936179,0.036459088,72524.852,0.4721145305293235,-0.15706476626194904,1.4984473553719009
0.11936179,0.03838791,73044.875,0.4721145305293235,-0.14940308236024183,1.509191632231405
0.11936179,0.040316738,73618.047,0.4721145305293235,-0.14174137462528127,1.52103402892562
0.11936179,0.042245559,74231.57,0.4721145305293235,-0.13407969469578296,1.5337101239669424
0.11936179,0.044174388,74867.812,0.4721145305293235,-0.12641798298861348,1.5468556198347108
0.11936179,0.046103209,75508.477,0.4721145305293235,-0.11875630305911519,1.5600924999999999
0.11936179,0.048032038,76137.258,0.4721145305293235,-0.11109459135194574,1.5730838429752065
0.11936179,0.049960859,76741.273,0.4721145305293235,-0.10343291142244741,1.5855634917355372
0.11936179,0.051889684,77311.781,0.4721145305293235,-0.09577121560411354,1.597350847107438
0.11936179,0.053818509,77837.727,0.4721145305293235,-0.08810951978577966,1.6082175
0.11936179,0.055747338,78312.648,0.4721145305293235,-0.0804478080786102,1.6180299173553718
0.11936179,0.057676159,78727.875,0.4721145305293235,-0.07278612814911191,1.6266089876033059
0.11936179,0.059604988,79080.453,0.4721145305293235,-0.06512441644194245,1.6338936570247933
0.11936179,0.061533809,79374.781,0.4721145305293235,-0.05746273651244412,1.639974814049587
0.11936179,0.063462637,79622.492,0.4721145305293235,-0.04980102877748356,1.6450928099173554
0.11936179,0.065391466,79826.57,0.4721145305293235,-0.04213931707031413,1.6493092975206614
0.11936179,0.067320287,79993.742,0.4721145305293235,-0.034477637140815774,1.6527632644628099
0.11936179,0.069249108,80130.031,0.4721145305293235,-0.02681595721131748,1.655579152892562
0.11936179,0.071177937,80233.609,0.4721145305293235,-0.01915424550414805,1.657719194214876
0.11936179,0.073106766,80297.688,0.4721145305293235,-0.011492533796978567,1.6590431404958677
0.11936179,0.075035587,80320.383,0.4721145305293235,-0.003830853867480268,1.6595120454545456
0.11936179,0.076964408,80311.078,0.4721145305293235,0.0038308260620180308,1.6593197933884296
0.11936179,0.078893237,80270.602,0.4721145305293235,0.011492537769187513,1.6584835123966941
0.11936179,0.080822065,80189.297,0.4721145305293235,0.01915424550414805,1.6568036570247935
0.11936179,0.082750887,80069.109,0.4721145305293235,0.02681592940585524,1.6543204338842974
0.11936179,0.084679708,79917.922,0.4721145305293235,0.03447760933535359,1.6511967355371902
0.11936179,0.086608537,79735.672,0.4721145305293235,0.04213932104252302,1.6474312396694215
0.11936179,0.088537365,79516.969,0.4721145305293235,0.049801028777483616,1.642912582644628
0.11936179,0.090466186,79257.086,0.4721145305293235,0.05746270870698191,1.6375430991735536
0.11936179,0.092395008,78949.773,0.4721145305293235,0.0651243926086891,1.6311936570247934
0.11936179,0.094323844,78583.312,0.4721145305293235,0.07278613212132082,1.6236221487603306
0.11936179,0.096252665,78154.922,0.4721145305293235,0.08044781205081912,1.6147711157024796
0.11936179,0.098181486,77672.93,0.4721145305293235,0.08810949198031742,1.604812603305785
0.11936179,0.10011031,77140.891,0.4721145305293235,0.0957711838264424,1.593820061983471
0.11936179,0.10203914,76569.844,0.4721145305293235,0.10343289950582077,1.5820215702479339
0.11936179,0.10396796,75965.883,0.4721145305293235,0.11109457546311018,1.5695430371900827
0.11936179,0.10589679,75338.398,0.4721145305293235,0.11875629114248855,1.5565784710743802
0.11936179,0.10782561,74700.773,0.4721145305293235,0.12641796709977796,1.5434044008264463
0.11936179,0.10975444,74069.297,0.4721145305293235,0.13407968277915627,1.530357376033058
0.11936179,0.11168326,73462.352,0.4721145305293235,0.14174135873644575,1.5178171900826447
0.11936179,0.11361209,72896.555,0.4721145305293235,0.14940307441582407,1.5061271694214875
0.11936179,0.11554092,72383.398,0.4721145305293235,0.15706479009520244,1.4955247520661157
0.11936179,0.11746974,71928.672,0.4721145305293235,0.16472646605249183,1.4861295867768596
0.11936179,0.11939856,71530.234,0.4721145305293235,0.17238814200978125,1.4778973966942148
0.11936179,0.12132739,71179.898,0.4721145305293235,0.18004985768915957,1.4706590495867768
0.11936179,0.12325621,70865.617,0.4721145305293235,0.18771153364644902,1.4641656404958678
0.11936179,0.12518504,70574.93,0.4721145305293235,0.19537324932582734,1.4581597107438016
0.11936179,0.12711386,70296.383,0.4721145305293235,0.20303492528311676,1.4524046074380166
0.11936179,0.12904269,70020.664,0.4721145305293235,0.21069664096249507,1.4467079338842976
0.11936179,0.13089341,69753.359,0.4721145305293235,0.21804808740522932,1.441185103305785
0.11936179,0.13258547,69504.641,0.4721145305293235,0.22476930318497618,1.4360463016528926
0.11936179,0.13412371,69274.836,0.4721145305293235,0.23087951379277827,1.4312982644628098
0.11936179,0.1355221,69062.984,0.4721145305293235,0.23643421098687306,1.4269211570247933
0.11936179,0.13679338,68868.25,0.4721145305293235,0.24148400070855927,1.4228977272727272
0.11936179,0.13794906,68690.055,0.4721145305293235,0.24607460308219725,1.4192160123966941
0.11936179,0.1389997,68528.094,0.4721145305293235,0.2502479646336984,1.4158697107438016
0.12169535,0.013000302,68770.117,0.4813839183140272,-0.25024796463369836,1.4208701859504131
0.12169535,0.014050936,68922.164,0.4813839183140272,-0.24607462691545054,1.4240116528925622
0.12169535,0.015206633,69089.742,0.4813839183140272,-0.24148395701426148,1.4274740082644628
0.12169535,0.0164779,69273.359,0.4813839183140272,-0.2364342189312908,1.4312677479338842
0.12169535,0.017876294,69473.898,0.4813839183140272,-0.23087950584836042,1.4354111157024794
0.12169535,0.019414525,69692.922,0.4813839183140272,-0.22476933099043836,1.4399364049586778
0.12169535,0.021106582,69932.922,0.4813839183140272,-0.21804812712731828,1.4448950826446283
0.12169535,0.02295731,70196.352,0.4813839183140272,-0.2106966489069129,1.4503378512396694
0.12169535,0.024886135,70476.891,0.4813839183140272,-0.203034953088579,1.456134111570248
0.12169535,0.02681496,70772.25,0.4813839183140272,-0.19537325727024513,1.4622365702479339
0.12169535,0.028743785,71093.242,0.4813839183140272,-0.18771156145191123,1.4688686363636363
0.12169535,0.030672612,71451.234,0.4813839183140272,-0.18004985768915957,1.4762651652892562
0.12169535,0.032601438,71856.281,0.4813839183140272,-0.17238815789861678,1.4846339049586776
0.12169535,0.03453026,72314.055,0.4813839183140272,-0.1647264739969096,1.4940920454545452
0.12169535,0.036459088,72823.906,0.4813839183140272,-0.15706476626194904,1.5046261570247934
0.12169535,0.03838791,73377.352,0.4813839183140272,-0.14940308236024183,1.5160609917355372
0.12169535,0.040316738,73960.227,0.4813839183140272,-0.14174137462528127,1.5281038636363635
0.12169535,0.042245559,74556.773,0.4813839183140272,-0.13407969469578296,1.540429194214876
0.12169535,0.044174388,75151.117,0.4813839183140272,-0.12641798298861348,1.5527090289256198
0.12169535,0.046103209,75725.289,0.4813839183140272,-0.11875630305911519,1.5645720867768595
0.12169535,0.048032038,76268.227,0.4813839183140272,-0.11109459135194574,1.5757898140495867
0.12169535,0.049960859,76770.484,0.4813839183140272,-0.10343291142244741,1.5861670247933883
0.12169535,0.051889684,77228.094,0.4813839183140272,-0.09577121560411354,1.595621776859504
0.12169535,0.053818509,77635.148,0.4813839183140272,-0.08810951978577966,1.6040319834710743
0.12169535,0.055747338,77992.781,0.4813839183140272,-0.0804478080786102,1.6114210950413224
0.12169535,0.057676159,78298.414,0.4813839183140272,-0.07278612814911191,1.6177358264462811
0.12169535,0.059604988,78553.219,0.4813839183140272,-0.06512441644194245,1.6230003925619834
0.12169535,0.061533809,78762.125,0.4813839183140272,-0.05746273651244412,1.627316632231405
0.12169535,0.063462637,78934.336,0.4813839183140272,-0.04980102877748356,1.6308747107438015
0.12169535,0.065391466,79071.023,0.4813839183140272,-0.04213931707031413,1.6336988223140496
0.12169535,0.067320287,79178.203,0.4813839183140272,-0.034477637140815774,1.6359132851239668
0.12169535,0.069249108,79259.211,0.4813839183140272,-0.02681595721131748,1.6375870041322313
0.12169535,0.071177937,79314.273,0.4813839183140272,-0.01915424550414805,1.6387246487603306
0.12169535,0.073106766,79342.109,0.4813839183140272,-0.011492533796978567,1.6392997727272727
0.12169535,0.075035587,79347.664,0.4813839183140272,-0.003830853867480268,1.6394145454545455
0.12169535,0.076964408,79340.867,0.4813839183140272,0.0038308260620180308,1.6392741115702478
0.12169535,0.078893237,79322.273,0.4813839183140272,0.011492537769187513,1.638889938016529
0.12169535,0.080822065,79280.164,0.4813839183140272,0.01915424550414805,1.638019917355372
0.12169535,0.082750887,79210.68,0.4813839183140272,0.02681592940585524,1.636584297520661
0.12169535,0.084679708,79116.164,0.4813839183140272,0.03447760933535359,1.634631487603306
0.12169535,0.086608537,78995.234,0.4813839183140272,0.04213932104252302,1.6321329338842974
0.12169535,0.088537365,78844.906,0.4813839183140272,0.049801028777483616,1.6290269834710744
0.12169535,0.090466186,78660.25,0.4813839183140272,0.05746270870698191,1.6252117768595042
0.12169535,0.092395008,78439.453,0.4813839183140272,0.0651243926086891,1.6206498553719006
0.12169535,0.094323844,78171.531,0.4813839183140272,0.07278613212132082,1.6151142768595041
0.12169535,0.096252665,77853.758,0.4813839183140272,0.08044781205081912,1.6085487190082646
0.12169535,0.098181486,77486.766,0.4813839183140272,0.08810949198031742,1.6009662396694215
0.12169535,0.10011031,77068.734,0.4813839183140272,0.0957711838264424,1.592329214876033
0.12169535,0.10203914,76603.008,0.4813839183140272,0.10343289950582077,1.5827067768595042
0.12169535,0.10396796,76092.805,0.4813839183140272,0.11109457546311018,1.5721653925619834
0.12169535,0.10589679,75543.898,0.4813839183140272,0.11875629114248855,1.5608243388429752
0.12169535,0.10782561,74966.625,0.4813839183140272,0.12641796709977796,1.5488972107438017
0.12169535,0.10975444,74372.195,0.4813839183140272,0.13407968277915627,1.536615599173554
0.12169535,0.11168326,73778.484,0.4813839183140272,0.14174135873644575,1.5243488429752066
0.12169535,0.11361209,73200.172,0.4813839183140272,0.14940307441582407,1.5124002479338845
0.12169535,0.11554092,72652.078,0.4813839183140272,0.15706479009520244,1.501075991735537
0.12169535,0.11746974,72147.383,0.4813839183140272,0.16472646605249183,1.4906484090909091
0.12169535,0.11939856,71692.578,0.4813839183140272,0.17238814200978125,1.4812516115702479
0.12169535,0.12132739,71287.352,0.4813839183140272,0.18004985768915957,1.472879173553719
0.12169535,0.12325621,70925.656,0.4813839183140272,0.18771153364644902,1.4654061157024794
0.12169535,0.12518504,70598.086,0.4813839183140272,0.19537324932582734,1.4586381404958677
0.12169535,0.12711386,70294.0,0.4813839183140272,0.20303492528311676,1.4523553719008264
0.12169535,0.12904269,70003.117,0.4813839183140272,0.21069664096249507,1.4463453925619834
0.12169535,0.13089341,69728.992,0.4813839183140272,0.21804808740522932,1.440681652892562
0.12169535,0.13258547,69479.062,0.4813839183140272,0.22476930318497618,1.4355178099173556
0.12169535,0.13412371,69251.133,0.4813839183140272,0.23087951379277827,1.4308085330578513
0.12169535,0.1355221,69042.688,0.4813839183140272,0.23643421098687306,1.426501818181818
0.12169535,0.13679338,68852.133,0.4813839183140272,0.24148400070855927,1.4225647314049588
0.12169535,0.13794906,68678.516,0.4813839183140272,0.24607460308219725,1.4189776033057853
0.12169535,0.1389997,68521.266,0.4813839183140272,0.2502479646336984,1.4157286363636363
0.12402891,0.013000302,68752.383,0.49065330609873103,-0.25024796463369836,1.4205037809917356
0.12402891,0.014050936,68900.57,0.49065330609873103,-0.24607462691545054,1.4235654958677688
0.12402891,0.015206633,69064.766,0.49065330609873103,-0.24148395701426148,1.4269579752066117
0.12402891,0.0164779,69246.039,0.49065330609873103,-0.2364342189312908,1.430703285123967
0.12402891,0.017876294,69446.188,0.49065330609873103,-0.23087950584836042,1.4348385950413223
0.12402891,0.019414525,69668.422,0.49065330609873103,-0.22476933099043836,1.4394302066115703
0.12402891,0.021106582,69918.0,0.49065330609873103,-0.21804812712731828,1.4445867768595042
0.12402891,0.02295731,70201.289,0.49065330609873103,-0.2106966489069129,1.450439855371901
0.12402891,0.024886135,70514.562,0.49065330609873103,-0.203034953088579,1.456912438016529
0.12402891,0.02681496,70855.664,0.49065330609873103,-0.19537325727024513,1.4639600000000002
0.12402891,0.028743785,71233.336,0.49065330609873103,-0.18771156145191123,1.4717631404958678
0.12402891,0.030672612,71654.266,0.49065330609873103,-0.18004985768915957,1.4804600413223141
0.12402891,0.032601438,72120.922,0.49065330609873103,-0.17238815789861678,1.4901016942148761
0.12402891,0.03453026,72629.812,0.49065330609873103,-0.1647264739969096,1.5006159504132233
0.12402891,0.036459088,73171.305,0.49065330609873103,-0.15706476626194904,1.5118038223140495
0.12402891,0.03838791,73730.305,0.49065330609873103,-0.14940308236024183,1.5233534090909089
0.12402891,0.040316738,74293.258,0.49065330609873103,-0.14174137462528127,1.5349846694214877
0.12402891,0.042245559,74842.812,0.49065330609873103,-0.13407969469578296,1.546339090909091
0.12402891,0.044174388,75368.828,0.49065330609873103,-0.12641798298861348,1.5572071900826445
0.12402891,0.046103209,75859.344,0.49065330609873103,-0.11875630305911519,1.5673418181818182
0.12402891,0.048032038,76308.891,0.49065330609873103,-0.11109459135194574,1.576629979338843
0.12402891,0.049960859,76711.727,0.49065330609873103,-0.10343291142244741,1.5849530371900826
0.12402891,0.051889684,77067.344,0.49065330609873103,-0.09577121560411354,1.5923004958677685
0.12402891,0.053818509,77373.586,0.49065330609873103,-0.08810951978577966,1.5986278099173552
0.12402891,0.055747338,77635.633,0.49065330609873103,-0.0804478080786102,1.6040420041322314
0.12402891,0.057676159,77855.016,0.49065330609873103,-0.07278612814911191,1.6085747107438018
0.12402891,0.059604988,78035.211,0.49065330609873103,-0.06512441644194245,1.6122977479338843
0.12402891,0.061533809,78180.492,0.49065330609873103,-0.05746273651244412,1.6152994214876033
0.12402891,0.063462637,78295.031,0.49065330609873103,-0.04980102877748356,1.6176659297520661
0.12402891,0.065391466,78377.602,0.49065330609873103,-0.04213931707031413,1.6193719421487602
0.12402891,0.067320287,78434.695,0.49065330609873103,-0.034477637140815774,1.620551549586777
0.12402891,0.069249108,78469.594,0.49065330609873103,-0.02681595721131748,1.6212726033057852
0.12402891,0.071177937,78485.609,0.49065330609873103,-0.01915424550414805,1.621603491735537
0.12402891,0.073106766,78487.289,0.49065330609873103,-0.011492533796978567,1.621638202479339
0.12402891,0.075035587,78482.117,0.49065330609873103,-0.003830853867480268,1.6215313429752065
0.12402891,0.076964408,78477.25,0.49065330609873103,0.0038308260620180308,1.6214307851239669
0.12402891,0.078893237,78473.023,0.49065330609873103,0.011492537769187513,1.6213434504132231
0.12402891,0.080822065,78459.594,0.49065330609873103,0.01915424550414805,1.6210659917355372
0.12402891,0.082750887,78430.711,0.49065330609873103,0.02681592940585524,1.62046923553719
0.12402891,0.084679708,78382.906,0.49065330609873103,0.03447760933535359,1.61948152892562
0.12402891,0.086608537,78312.617,0.49065330609873103,0.04213932104252302,1.6180292768595042
0.12402891,0.088537365,78216.312,0.49065330609873103,0.049801028777483616,1.6160395041322315
0.12402891,0.090466186,78088.492,0.49065330609873103,0.05746270870698191,1.6133985950413223
0.12402891,0.092395008,77932.469,0.49065330609873103,0.0651243926086891,1.610174979338843
0.12402891,0.094323844,77740.438,0.49065330609873103,0.07278613212132082,1.6062073966942148
0.12402891,0.096252665,77509.578,0.49065330609873103,0.08044781205081912,1.6014375619834709
0.12402891,0.098181486,77236.398,0.49065330609873103,0.08810949198031742,1.5957933471074381
0.12402891,0.10011031,76916.219,0.49065330609873103,0.0957711838264424,1.5891780785123966
0.12402891,0.10203914,76547.812,0.49065330609873103,0.10343289950582077,1.5815663636363637
0.12402891,0.10396796,76132.352,0.49065330609873103,0.11109457546311018,1.572982479338843
0.12402891,0.10589679,75672.328,0.49065330609873103,0.11875629114248855,1.5634778512396692
0.12402891,0.10782561,75174.18,0.49065330609873103,0.12641796709977796,1.5531855371900825
0.12402891,0.10975444,74643.508,0.49065330609873103,0.13407968277915627,1.5422212396694215
0.12402891,0.11168326,74091.586,0.49065330609873103,0.14174135873644575,1.5308178925619833
0.12402891,0.11361209,73528.492,0.49065330609873103,0.14940307441582407,1.5191837190082644
0.12402891,0.11554092,72970.898,0.49065330609873103,0.15706479009520244,1.5076631818181818
0.12402891,0.11746974,72432.25,0.49065330609873103,0.16472646605249183,1.496534090909091
0.12402891,0.11939856,71926.219,0.49065330609873103,0.17238814200978125,1.4860789049586776
0.12402891,0.12132739,71461.172,0.49065330609873103,0.18004985768915957,1.4764704958677688
0.12402891,0.12325621,71039.773,0.49065330609873103,0.18771153364644902,1.4677639049586777
0.12402891,0.12518504,70659.367,0.49065330609873103,0.19537324932582734,1.459904276859504
0.12402891,0.12711386,70313.391,0.49065330609873103,0.20303492528311676,1.4527560123966943
0.12402891,0.12904269,69993.055,0.49065330609873103,0.21069664096249507,1.4461374999999999
0.12402891,0.13089341,69701.422,0.49065330609873103,0.21804808740522932,1.4401120247933885
0.12402891,0.13258547,69443.266,0.49065330609873103,0.22476930318497618,1.434778223140496
0.12402891,0.13412371,69212.836,0.49065330609873103,0.23087951379277827,1.4300172727272726
0.12402891,0.1355221,69005.172,0.49065330609873103,0.23643421098687306,1.425726694214876
0.12402891,0.13679338,68817.258,0.49065330609873103,0.24148400070855927,1.421844173553719
0.12402891,0.13794906,68647.305,0.49065330609873103,0.24607460308219725,1.418332747933884
0.12402891,0.1389997,68494.211,0.49065330609873103,0.2502479646336984,1.4151696487603305
0.12636247,0.013000302,68714.484,0.49992269388343474,-0.25024796463369836,1.4197207438016528
0.12636247,0.014050936,68860.25,0.49992269388343474,-0.24607462691545054,1.422732438016529
0.12636247,0.015206633,69023.242,0.49992269388343474,-0.24148395701426148,1.426100041322314
0.12636247,0.0164779,69205.5,0.49992269388343474,-0.2364342189312908,1.4298657024793389
0.12636247,0.017876294,69410.328,0.49992269388343474,-0.23087950584836042,1.434097685950413
0.12636247,0.019414525,69643.195,0.49992269388343474,-0.22476933099043836,1.4389089876033059
0.12636247,0.021106582,69912.633,0.49992269388343474,-0.21804812712731828,1.4444758884297522
0.12636247,0.02295731,70228.914,0.49992269388343474,-0.2106966489069129,1.4510106198347108
0.12636247,0.024886135,70589.273,0.49992269388343474,-0.203034953088579,1.4584560537190083
0.12636247,0.02681496,70988.617,0.49992269388343474,-0.19537325727024513,1.4667069628099174
0.12636247,0.028743785,71430.523,0.49992269388343474,-0.18771156145191123,1.4758372520661158
0.12636247,0.030672612,71913.883,0.49992269388343474,-0.18004985768915957,1.48582402892562
0.12636247,0.032601438,72431.992,0.49992269388343474,-0.17238815789861678,1.4965287603305786
0.12636247,0.03453026,72972.508,0.49992269388343474,-0.1647264739969096,1.5076964462809919
0.12636247,0.036459088,73520.914,0.49992269388343474,-0.15706476626194904,1.5190271487603306
0.12636247,0.03838791,74059.148,0.49992269388343474,-0.14940308236024183,1.5301476859504133
0.12636247,0.040316738,74574.383,0.49992269388343474,-0.14174137462528127,1.5407930371900826
0.12636247,0.042245559,75056.25,0.49992269388343474,-0.13407969469578296,1.5507489669421488
0.12636247,0.044174388,75500.289,0.49992269388343474,-0.12641798298861348,1.559923326446281
0.12636247,0.046103209,75901.258,0.49992269388343474,-0.11875630305911519,1.5682078099173553
0.12636247,0.048032038,76258.57,0.49992269388343474,-0.11109459135194574,1.5755902892561986
0.12636247,0.049960859,76570.617,0.49992269388343474,-0.10343291142244741,1.582037541322314
0.12636247,0.051889684,76840.305,0.49992269388343474,-0.09577121560411354,1.5876096074380164
0.12636247,0.053818509,77066.469,0.49992269388343474,-0.08810951978577966,1.5922824173553718
0.12636247,0.055747338,77255.258,0.49992269388343474,-0.0804478080786102,1.5961830165289257
0.12636247,0.057676159,77408.539,0.49992269388343474,-0.07278612814911191,1.599349979338843
0.12636247,0.059604988,77529.945,0.49992269388343474,-0.06512441644194245,1.6018583677685951
0.12636247,0.061533809,77623.305,0.49992269388343474,-0.05746273651244412,1.6037872933884296
0.12636247,0.063462637,77690.43,0.49992269388343474,-0.04980102877748356,1.6051741735537188
0.12636247,0.065391466,77729.617,0.49992269388343474,-0.04213931707031413,1.6059838223140495
0.12636247,0.067320287,77746.305,0.49992269388343474,-0.034477637140815774,1.6063286157024792
0.12636247,0.069249108,77746.008,0.49992269388343474,-0.02681595721131748,1.606322479338843
0.12636247,0.071177937,77734.336,0.49992269388343474,-0.01915424550414805,1.6060813223140495
0.12636247,0.073106766,77718.93,0.49992269388343474,-0.011492533796978567,1.6057630165289254
0.12636247,0.075035587,77706.891,0.49992269388343474,-0.003830853867480268,1.605514276859504
0.12636247,0.076964408,77703.047,0.49992269388343474,0.0038308260620180308,1.605434855371901
0.12636247,0.078893237,77707.688,0.49992269388343474,0.011492537769187513,1.6055307438016528
0.12636247,0.080822065,77713.508,0.49992269388343474,0.01915424550414805,1.6056509917355373
0.12636247,0.082750887,77713.969,0.49992269388343474,0.02681592940585524,1.6056605165289255
0.12636247,0.084679708,77702.367,0.49992269388343474,0.03447760933535359,1.605420805785124
0.12636247,0.086608537,77672.641,0.49992269388343474,0.04213932104252302,1.604806632231405
0.12636247,0.088537365,77619.922,0.49992269388343474,0.049801028777483616,1.603717396694215
0.12636247,0.090466186,77539.438,0.49992269388343474,0.05746270870698191,1.6020545041322314
0.12636247,0.092395008,77435.172,0.49992269388343474,0.0651243926086891,1.5999002479338844
0.12636247,0.094323844,77301.375,0.49992269388343474,0.07278613212132082,1.597135847107438
0.12636247,0.096252665,77136.078,0.49992269388343474,0.08044781205081912,1.5937206198347107
0.12636247,0.098181486,76934.742,0.49992269388343474,0.08810949198031742,1.5895607851239668
0.12636247,0.10011031,76693.406,0.49992269388343474,0.0957711838264424,1.5845745041322314
0.12636247,0.10203914,76409.453,0.49992269388343474,0.10343289950582077,1.5787077066115702
0.12636247,0.10396796,76083.273,0.49992269388343474,0.11109457546311018,1.5719684504132232
0.12636247,0.10589679,75713.156,0.49992269388343474,0.11875629114248855,1.5643214049586778
0.12636247,0.10782561,75301.242,0.49992269388343474,0.12641796709977796,1.5558107851239669
0.12636247,0.10975444,74848.133,0.49992269388343474,0.13407968277915627,1.5464490289256199
0.12636247,0.11168326,74358.719,0.49992269388343474,0.14174135873644575,1.5363371694214876
0.12636247,0.11361209,73837.844,0.49992269388343474,0.14940307441582407,1.5255752892561982
0.12636247,0.11554092,73296.0,0.49992269388343474,0.15706479009520244,1.5143801652892561
0.12636247,0.11746974,72746.992,0.49992269388343474,0.16472646605249183,1.5030370247933884
0.12636247,0.11939856,72207.375,0.49992269388343474,0.17238814200978125,1.4918879132231404
0.12636247,0.12132739,71691.047,0.49992269388343474,0.18004985768915957,1.4812199793388432
0.12636247,0.12325621,71209.164,0.49992269388343474,0.18771153364644902,1.4712637190082645
0.12636247,0.12518504,70767.57,0.49992269388343474,0.19537324932582734,1.462139876033058
0.12636247,0.12711386,70366.859,0.49992269388343474,0.20303492528311676,1.4538607231404959
0.12636247,0.12904269,70002.93,0.49992269388343474,0.21069664096249507,1.4463415289256196
0.12636247,0.13089341,69681.25,0.49992269388343474,0.21804808740522932,1.4396952479338843
0.12636247,0.13258547,69405.406,0.49992269388343474,0.22476930318497618,1.4339959917355372
0.12636247,0.13412371,69165.859,0.49992269388343474,0.23087951379277827,1.4290466735537188
0.12636247,0.1355221,68954.578,0.49992269388343474,0.23643421098687306,1.4246813636363636
0.12636247,0.13679338,68766.422,0.49992269388343474,0.24148400070855927,1.4207938429752067
0.12636247,0.13794906,68598.242,0.49992269388343474,0.24607460308219725,1.417319049586777
0.12636247,0.1389997,68448.047,0.49992269388343474,0.2502479646336984,1.4142158471074382
0.12869605,0.013000302,68661.086,0.5091921611123164,-0.25024796463369836,1.4186174793388429
0.12869605,0.014050936,68806.984,0.5091921611123164,-0.24607462691545054,1.4216319008264462
0.12869605,0.015206633,68972.453,0.5091921611123164,-0.24148395701426148,1.4250506818181816
0.12869605,0.0164779,69160.938,0.5091921611123164,-0.2364342189312908,1.428945
0.12869605,0.017876294,69377.68,0.5091921611123164,-0.23087950584836042,1.4334231404958677
0.12869605,0.019414525,69630.633,0.5091921611123164,-0.22476933099043836,1.4386494421487603
0.12869605,0.021106582,69931.289,0.5091921611123164,-0.21804812712731828,1.4448613429752066
0.12869605,0.02295731,70292.555,0.5091921611123164,-0.2106966489069129,1.4523255165289255
0.12869605,0.024886135,70709.609,0.5091921611123164,-0.203034953088579,1.4609423347107438
0.12869605,0.02681496,71170.898,0.5091921611123164,-0.19537325727024513,1.4704730991735537
0.12869605,0.028743785,71672.281,0.5091921611123164,-0.18771156145191123,1.4808322520661157
0.12869605,0.030672612,72204.047,0.5091921611123164,-0.18004985768915957,1.4918191528925622
0.12869605,0.032601438,72751.43,0.5091921611123164,-0.17238815789861678,1.5031287190082643
0.12869605,0.03453026,73297.352,0.5091921611123164,-0.1647264739969096,1.5144080991735538
0.12869605,0.036459088,73824.656,0.5091921611123164,-0.15706476626194904,1.5253028099173553
0.12869605,0.03838791,74318.594,0.5091921611123164,-0.14940308236024183,1.5355081404958677
0.12869605,0.040316738,74770.453,0.5091921611123164,-0.14174137462528127,1.5448440702479338
0.12869605,0.042245559,75176.328,0.5091921611123164,-0.13407969469578296,1.5532299173553719
0.12869605,0.044174388,75536.852,0.5091921611123164,-0.12641798298861348,1.5606787603305785
0.12869605,0.046103209,75852.312,0.5091921611123164,-0.11875630305911519,1.56719652892562
0.12869605,0.048032038,76126.352,0.5091921611123164,-0.11109459135194574,1.5728585123966943
0.12869605,0.049960859,76361.703,0.5091921611123164,-0.10343291142244741,1.5777211363636363
0.12869605,0.051889684,76562.172,0.5091921611123164,-0.09577121560411354,1.5818630578512398
0.12869605,0.053818509,76727.023,0.5091921611123164,-0.08810951978577966,1.585269070247934
0.12869605,0.055747338,76860.453,0.5091921611123164,-0.0804478080786102,1.588025888429752
0.12869605,0.057676159,76963.297,0.5091921611123164,-0.07278612814911191,1.5901507644628101
0.12869605,0.059604988,77038.117,0.5091921611123164,-0.06512441644194245,1.591696632231405
0.12869605,0.061533809,77089.398,0.5091921611123164,-0.05746273651244412,1.5927561570247935
0.12869605,0.063462637,77117.773,0.5091921611123164,-0.04980102877748356,1.5933424173553719
0.12869605,0.065391466,77123.531,0.5091921611123164,-0.04213931707031413,1.5934613842975207
0.12869605,0.067320287,77112.375,0.5091921611123164,-0.034477637140815774,1.5932308884297521
0.12869605,0.069249108,77091.469,0.5091921611123164,-0.02681595721131748,1.5927989462809917
0.12869605,0.071177937,77066.266,0.5091921611123164,-0.01915424550414805,1.592278223140496
0.12869605,0.073106766,77043.914,0.5091921611123164,-0.011492533796978567,1.5918164049586778
0.12869605,0.075035587,77029.352,0.5091921611123164,-0.003830853867480268,1.5915155371900827
0.12869605,0.076964408,77025.555,0.5091921611123164,0.0038308260620180308,1.5914370867768595
0.12869605,0.078893237,77032.977,0.5091921611123164,0.011492537769187513,1.5915904338842974
0.12869605,0.080822065,77046.992,0.5091921611123164,0.01915424550414805,1.59188
0.12869605,0.082750887,77062.562,0.5091921611123164,0.02681592940585524,1.5922016942148762
0.12869605,0.084679708,77073.359,0.5091921611123164,0.03447760933535359,1.5924247727272727
0.12869605,0.086608537,77072.68,0.5091921611123164,0.04213932104252302,1.5924107438016528
0.12869605,0.088537365,77054.688,0.5091921611123164,0.049801028777483616,1.5920390082644627
0.12869605,0.090466186,77012.617,0.5091921611123164,0.05746270870698191,1.5911697727272727
0.12869605,0.092395008,76949.609,0.5091921611123164,0.0651243926086891,1.5898679545454544
0.12869605,0.094323844,76860.914,0.5091921611123164,0.07278613212132082,1.5880354132231407
0.12869605,0.096252665,76744.578,0.5091921611123164,0.08044781205081912,1.585631776859504
0.12869605,0.098181486,76597.32,0.5091921611123164,0.08810949198031742,1.5825892561983472
0.12869605,0.10011031,76417.273,0.5091921611123164,0.0957711838264424,1.578869276859504
0.12869605,0.10203914,76202.688,0.5091921611123164,0.10343289950582077,1.5744357024793387
0.12869605,0.10396796,75953.367,0.5091921611123164,0.11109457546311018,1.5692844421487604
0.12869605,0.10589679,75665.305,0.5091921611123164,0.11875629114248855,1.563332747933884
0.12869605,0.10782561,75336.508,0.5091921611123164,0.12641796709977796,1.5565394214876034
0.12869605,0.10975444,74963.164,0.5091921611123164,0.13407968277915627,1.548825702479339
0.12869605,0.11168326,74545.469,0.5091921611123164,0.14174135873644575,1.5401956404958677
0.12869605,0.11361209,74083.289,0.5091921611123164,0.14940307441582407,1.530646466942149
0.12869605,0.11554092,73581.133,0.5091921611123164,0.15706479009520244,1.5202713429752066
0.12869605,0.11746974,73048.672,0.5091921611123164,0.16472646605249183,1.5092700826446281
0.12869605,0.11939856,72500.57,0.5091921611123164,0.17238814200978125,1.497945661157025
0.12869605,0.12132739,71953.156,0.5091921611123164,0.18004985768915957,1.4866354545454545
0.12869605,0.12325621,71422.82,0.5091921611123164,0.18771153364644902,1.4756780991735539
0.12869605,0.12518504,70923.148,0.5091921611123164,0.19537324932582734,1.4653542975206613
0.12869605,0.12711386,70463.031,0.5091921611123164,0.20303492528311676,1.4558477479338843
0.12869605,0.12904269,70045.594,0.5091921611123164,0.21069664096249507,1.4472230165289255
0.12869605,0.13089341,69682.227,0.5091921611123164,0.21804808740522932,1.4397154338842975
0.12869605,0.13258547,69378.031,0.5091921611123164,0.22476930318497618,1.4334303925619836
0.12869605,0.13412371,69120.742,0.5091921611123164,0.23087951379277827,1.4281145041322314
0.12869605,0.1355221,68899.352,0.5091921611123164,0.23643421098687306,1.4235403305785124
0.12869605,0.13679338,68706.312,0.5091921611123164,0.24148400070855927,1.4195519008264463
0.12869605,0.13794906,68536.617,0.5091921611123164,0.24607460308219725,1.416045805785124
0.12869605,0.1389997,68386.992,0.5091921611123164,0.2502479646336984,1.4129543801652893
0.13102962,0.013000302,68600.094,0.5184615886191091,-0.25024796463369836,1.4173573140495868
0.13102962,0.014050936,68750.211,0.5184615886191091,-0.24607462691545054,1.4204589049586775
0.13102962,0.015206633,68923.578,0.5184615886191091,-0.24148395701426148,1.424040867768595
0.13102962,0.0164779,69125.312,0.5184615886191091,-0.2364342189312908,1.428208925619835
0.13102962,0.017876294,69362.648,0.5184615886191091,-0.23087950584836042,1.433112561983471
0.13102962,0.019414525,69645.57,0.5184615886191091,-0.22476933099043836,1.4389580578512398
0.13102962,0.021106582,69987.281,0.5184615886191091,-0.21804812712731828,1.4460182024793389
0.13102962,0.02295731,70400.75,0.5184615886191091,-0.2106966489069129,1.454560950413223
0.13102962,0.024886135,70875.688,0.5184615886191091,-0.203034953088579,1.4643737190082644
0.13102962,0.02681496,71391.328,0.5184615886191091,-0.19537325727024513,1.475027438016529
0.13102962,0.028743785,71935.383,0.5184615886191091,-0.18771156145191123,1.486268243801653
0.13102962,0.030672612,72491.031,0.5184615886191091,-0.18004985768915957,1.4977485743801653
0.13102962,0.032601438,73039.312,0.5184615886191091,-0.17238815789861678,1.5090766942148761
0.13102962,0.03453026,73562.445,0.5184615886191091,-0.1647264739969096,1.5198852272727275
0.13102962,0.036459088,74045.797,0.5184615886191091,-0.15706476626194904,1.5298718388429753
0.13102962,0.03838791,74480.484,0.5184615886191091,-0.14940308236024183,1.5388529752066116
0.13102962,0.040316738,74863.039,0.5184615886191091,-0.14174137462528127,1.5467570041322314
0.13102962,0.042245559,75194.539,0.5184615886191091,-0.13407969469578296,1.5536061776859504
0.13102962,0.044174388,75479.477,0.5184615886191091,-0.12641798298861348,1.559493326446281
0.13102962,0.046103209,75721.922,0.5184615886191091,-0.11875630305911519,1.5645025206611571
0.13102962,0.048032038,75928.742,0.5184615886191091,-0.11109459135194574,1.5687756611570247
0.13102962,0.049960859,76103.211,0.5184615886191091,-0.10343291142244741,1.5723803925619835
0.13102962,0.051889684,76250.023,0.5184615886191091,-0.09577121560411354,1.5754136983471074
0.13102962,0.053818509,76367.484,0.5184615886191091,-0.08810951978577966,1.5778405785123966
0.13102962,0.055747338,76458.555,0.5184615886191091,-0.0804478080786102,1.5797222107438016
0.13102962,0.057676159,76523.375,0.5184615886191091,-0.07278612814911191,1.5810614669421488
0.13102962,0.059604988,76563.008,0.5184615886191091,-0.06512441644194245,1.5818803305785125
0.13102962,0.061533809,76582.242,0.5184615886191091,-0.05746273651244412,1.5822777272727273
0.13102962,0.063462637,76582.375,0.5184615886191091,-0.04980102877748356,1.5822804752066115
0.13102962,0.065391466,76566.75,0.5184615886191091,-0.04213931707031413,1.5819576446280992
0.13102962,0.067320287,76541.461,0.5184615886191091,-0.034477637140815774,1.581435144628099
0.13102962,0.069249108,76513.617,0.5184615886191091,-0.02681595721131748,1.5808598553719009
0.13102962,0.071177937,76486.477,0.5184615886191091,-0.01915424550414805,1.5802991115702478
0.13102962,0.073106766,76464.953,0.5184615886191091,-0.011492533796978567,1.5798544008264461
0.13102962,0.075035587,76451.195,0.5184615886191091,-0.003830853867480268,1.5795701446280994
0.13102962,0.076964408,76446.922,0.5184615886191091,0.0038308260620180308,1.5794818595041324
0.13102962,0.078893237,76452.656,0.5184615886191091,0.011492537769187513,1.5796003305785125
0.13102962,0.080822065,76466.031,0.5184615886191091,0.01915424550414805,1.579876673553719
0.13102962,0.082750887,76484.57,0.5184615886191091,0.02681592940585524,1.580259710743802
0.13102962,0.084679708,76504.094,0.5184615886191091,0.03447760933535359,1.5806630991735537
0.13102962,0.086608537,76519.32,0.5184615886191091,0.04213932104252302,1.5809776859504134
0.13102962,0.088537365,76524.43,0.5184615886191091,0.049801028777483616,1.5810832644628097
0.13102962,0.090466186,76510.609,0.5184615886191091,0.05746270870698191,1.5807977066115702
0.13102962,0.092395008,76478.789,0.5184615886191091,0.0651243926086891,1.5801402685950414
0.13102962,0.094323844,76423.773,0.5184615886191091,0.07278613212132082,1.5790035743801654
0.13102962,0.096252665,76344.406,0.5184615886191091,0.08044781205081912,1.5773637603305786
0.13102962,0.098181486,76238.891,0.5184615886191091,0.08810949198031742,1.5751836983471075
0.13102962,0.10011031,76106.586,0.5184615886191091,0.0957711838264424,1.5724501239669422
0.13102962,0.10203914,75946.109,0.5184615886191091,0.10343289950582077,1.5691344834710743
0.13102962,0.10396796,75757.734,0.5184615886191091,0.11109457546311018,1.5652424380165288
0.13102962,0.10589679,75536.039,0.5184615886191091,0.11875629114248855,1.5606619628099174
0.13102962,0.10782561,75278.688,0.5184615886191091,0.12641796709977796,1.5553447933884297
0.13102962,0.10975444,74978.156,0.5184615886191091,0.13407968277915627,1.5491354545454545
0.13102962,0.11168326,74631.945,0.5184615886191091,0.14174135873644575,1.541982334710744
0.13102962,0.11361209,74235.539,0.5184615886191091,0.14940307441582407,1.5337921280991735
0.13102962,0.11554092,73788.961,0.5184615886191091,0.15706479009520244,1.5245653099173553
0.13102962,0.11746974,73296.281,0.5184615886191091,0.16472646605249183,1.51438597107438
0.13102962,0.11939856,72767.0,0.5184615886191091,0.17238814200978125,1.5034504132231405
0.13102962,0.12132739,72215.422,0.5184615886191091,0.18004985768915957,1.4920541735537192
0.13102962,0.12325621,71659.25,0.5184615886191091,0.18771153364644902,1.4805630165289256
0.13102962,0.12518504,71116.508,0.5184615886191091,0.19537324932582734,1.4693493388429752
0.13102962,0.12711386,70603.25,0.5184615886191091,0.20303492528311676,1.458744834710744
0.13102962,0.12904269,70130.414,0.5184615886191091,0.21069664096249507,1.4489754958677687
0.13102962,0.13089341,69717.969,0.5184615886191091,0.21804808740522932,1.4404539049586775
0.13102962,0.13258547,69375.906,0.5184615886191091,0.22476930318497618,1.4333864876033058
0.13102962,0.13412371,69091.5,0.5184615886191091,0.23087951379277827,1.4275103305785124
0.13102962,0.1355221,68851.898,0.5184615886191091,0.23643421098687306,1.4225598760330578
0.13102962,0.13679338,68647.461,0.5184615886191091,0.24148400070855927,1.4183359710743801
0.13102962,0.13794906,68471.242,0.5184615886191091,0.24607460308219725,1.414695082644628
0.13102962,0.1389997,68318.391,0.5184615886191091,0.2502479646336984,1.4115370041322315
0.13336319,0.013000302,68542.148,0.5277310161259017,-0.25024796463369836,1.4161600826446281
0.13336319,0.014050936,68701.992,0.5277310161259017,-0.24607462691545054,1.4194626446280991
0.13336319,0.015206633,68890.008,0.5277310161259017,-0.24148395701426148,1.4233472727272727
0.13336319,0.0164779,69112.891,0.5277310161259017,-0.2364342189312908,1.4279522933884299
0.13336319,0.017876294,69379.328,0.5277310161259017,-0.23087950584836042,1.4334571900826445
0.13336319,0.019414525,69700.141,0.5277310161259017,-0.22476933099043836,1.4400855578512397
0.13336319,0.021106582,70088.0,0.5277310161259017,-0.21804812712731828,1.448099173553719
0.13336319,0.02295731,70552.922,0.5277310161259017,-0.2106966489069129,1.457705
0.13336319,0.024886135,71076.367,0.5277310161259017,-0.203034953088579,1.468519979338843
0.13336319,0.02681496,71627.852,0.5277310161259017,-0.19537325727024513,1.4799142975206612
0.13336319,0.028743785,72188.977,0.5277310161259017,-0.18771156145191123,1.4915077892561983
0.13336319,0.030672612,72739.836,0.5277310161259017,-0.18004985768915957,1.5028891735537189
0.13336319,0.032601438,73261.273,0.5277310161259017,-0.17238815789861678,1.5136626652892562
0.13336319,0.03453026,73739.086,0.5277310161259017,-0.1647264739969096,1.5235348347107438
0.13336319,0.036459088,74164.555,0.5277310161259017,-0.15706476626194904,1.5323255165289256
0.13336319,0.03838791,74534.344,0.5277310161259017,-0.14940308236024183,1.539965785123967
0.13336319,0.040316738,74849.883,0.5277310161259017,-0.14174137462528127,1.5464851859504132
0.13336319,0.042245559,75116.133,0.5277310161259017,-0.13407969469578296,1.5519862190082645
0.13336319,0.044174388,75340.07,0.5277310161259017,-0.12641798298861348,1.5566130165289258
0.13336319,0.046103209,75527.258,0.5277310161259017,-0.11875630305911519,1.5604805371900827
0.13336319,0.048032038,75683.828,0.5277310161259017,-0.11109459135194574,1.5637154545454544
0.13336319,0.049960859,75813.539,0.5277310161259017,-0.10343291142244741,1.5663954338842976
0.13336319,0.051889684,75919.242,0.5277310161259017,-0.09577121560411354,1.5685793801652892
0.13336319,0.053818509,75999.641,0.5277310161259017,-0.08810951978577966,1.5702405165289257
0.13336319,0.055747338,76057.953,0.5277310161259017,-0.0804478080786102,1.5714453099173553
0.13336319,0.057676159,76094.125,0.5277310161259017,-0.07278612814911191,1.5721926652892562
0.13336319,0.059604988,76109.086,0.5277310161259017,-0.06512441644194245,1.572501776859504
0.13336319,0.061533809,76107.898,0.5277310161259017,-0.05746273651244412,1.5724772314049587
0.13336319,0.063462637,76092.031,0.5277310161259017,-0.04980102877748356,1.5721494008264463
0.13336319,0.065391466,76066.703,0.5277310161259017,-0.04213931707031413,1.5716260950413221
0.13336319,0.067320287,76037.625,0.5277310161259017,-0.034477637140815774,1.5710253099173555
0.13336319,0.069249108,76010.867,0.5277310161259017,-0.02681595721131748,1.570472458677686
0.13336319,0.071177937,75987.156,0.5277310161259017,-0.01915424550414805,1.569982561983471
0.13336319,0.073106766,75969.367,0.5277310161259017,-0.011492533796978567,1.569615020661157
0.13336319,0.075035587,75957.594,0.5277310161259017,-0.003830853867480268,1.5693717768595041
0.13336319,0.076964408,75952.883,0.5277310161259017,0.0038308260620180308,1.5692744421487603
0.13336319,0.078893237,75955.695,0.5277310161259017,0.011492537769187513,1.5693325413223143
0.13336319,0.080822065,75964.992,0.5277310161259017,0.01915424550414805,1.5695246280991735
0.13336319,0.082750887,75980.328,0.5277310161259017,0.02681592940585524,1.5698414876033056
0.13336319,0.084679708,75999.641,0.5277310161259017,0.03447760933535359,1.5702405165289257
0.13336319,0.086608537,76019.75,0.5277310161259017,0.04213932104252302,1.5706559917355372
0.13336319,0.088537365,76035.656,0.5277310161259017,0.049801028777483616,1.5709846280991737
0.13336319,0.090466186,76038.07,0.5277310161259017,0.05746270870698191,1.5710345041322316
0.13336319,0.092395008,76026.43,0.5277310161259017,0.0651243926086891,1.5707940082644627
0.13336319,0.094323844,75995.555,0.5277310161259017,0.07278613212132082,1.5701560950413223
0.13336319,0.096252665,75944.57,0.5277310161259017,0.08044781205081912,1.5691026859504134
0.13336319,0.098181486,75871.742,0.5277310161259017,0.08810949198031742,1.5675979752066116
0.13336319,0.10011031,75776.586,0.5277310161259017,0.0957711838264424,1.5656319421487603
0.13336319,0.10203914,75656.75,0.5277310161259017,0.10343289950582077,1.563155991735537
0.13336319,0.10396796,75512.875,0.5277310161259017,0.11109457546311018,1.560183367768595
0.13336319,0.10589679,75340.789,0.5277310161259017,0.11875629114248855,1.5566278719008266
0.13336319,0.10782561,75137.875,0.5277310161259017,0.12641796709977796,1.5524354338842976
0.13336319,0.10975444,74897.086,0.5277310161259017,0.13407968277915627,1.5474604545454544
0.13336319,0.11168326,74614.531,0.5277310161259017,0.14174135873644575,1.5416225413223141
0.13336319,0.11361209,74282.922,0.5277310161259017,0.14940307441582407,1.5347711157024795
0.13336319,0.11554092,73898.68,0.5277310161259017,0.15706479009520244,1.5268322314049585
0.13336319,0.11746974,73460.531,0.5277310161259017,0.16472646605249183,1.5177795661157025
0.13336319,0.11939856,72972.797,0.5277310161259017,0.17238814200978125,1.507702417355372
0.13336319,0.12132739,72444.156,0.5277310161259017,0.18004985768915957,1.4967800826446283
0.13336319,0.12325621,71889.539,0.5277310161259017,0.18771153364644902,1.4853210537190082
0.13336319,0.12518504,71328.023,0.5277310161259017,0.19537324932582734,1.4737194834710745
0.13336319,0.12711386,70778.617,0.5277310161259017,0.20303492528311676,1.4623681198347107
0.13336319,0.12904269,70258.586,0.5277310161259017,0.21069664096249507,1.4516236776859504
0.13336319,0.13089341,69797.062,0.5277310161259017,0.21804808740522932,1.4420880578512398
0.13336319,0.13258547,69411.656,0.5277310161259017,0.22476930318497618,1.4341251239669421
0.13336319,0.13412371,69092.211,0.5277310161259017,0.23087951379277827,1.427525020661157
0.13336319,0.1355221,68826.102,0.5277310161259017,0.23643421098687306,1.4220269008264463
0.13336319,0.13679338,68602.68,0.5277310161259017,0.24148400070855927,1.4174107438016528
0.13336319,0.13794906,68413.531,0.5277310161259017,0.24607460308219725,1.4135027066115704
0.13336319,0.1389997,68252.266,0.5277310161259017,0.2502479646336984,1.410170785123967
0.13569674,0.013000302,68499.766,0.5370003641885166,-0.25024796463369836,1.4152844214876035
0.13569674,0.014050936,68675.391,0.5370003641885166,-0.24607462691545054,1.4189130371900827
0.13569674,0.015206633,68884.828,0.5370003641885166,-0.24148395701426148,1.4232402479338842
0.13569674,0.0164779,69135.695,0.5370003641885166,-0.2364342189312908,1.4284234504132234
0.13569674,0.017876294,69437.016,0.5370003641885166,-0.23087950584836042,1.434649090909091
0.13569674,0.019414525,69798.672,0.5370003641885166,-0.22476933099043836,1.4421213223140497
0.13569674,0.021106582,70230.336,0.5370003641885166,-0.21804812712731828,1.4510399999999999
0.13569674,0.02295731,70736.273,0.5370003641885166,-0.2106966489069129,1.461493243801653
0.13569674,0.024886135,71288.828,0.5370003641885166,-0.203034953088579,1.4729096694214874
0.13569674,0.02681496,71850.398,0.5370003641885166,-0.19537325727024513,1.4845123553719008
0.13569674,0.028743785,72400.391,0.5370003641885166,-0.18771156145191123,1.495875847107438
0.13569674,0.030672612,72919.688,0.5370003641885166,-0.18004985768915957,1.506605123966942
0.13569674,0.032601438,73393.375,0.5370003641885166,-0.17238815789861678,1.5163920454545454
0.13569674,0.03453026,73813.391,0.5370003641885166,-0.1647264739969096,1.5250700619834712
0.13569674,0.036459088,74176.672,0.5370003641885166,-0.15706476626194904,1.5325758677685952
0.13569674,0.03838791,74484.922,0.5370003641885166,-0.14940308236024183,1.5389446694214877
0.13569674,0.040316738,74743.125,0.5370003641885166,-0.14174137462528127,1.5442794421487602
0.13569674,0.042245559,74958.641,0.5370003641885166,-0.13407969469578296,1.5487322520661158
0.13569674,0.044174388,75138.398,0.5370003641885166,-0.12641798298861348,1.5524462396694214
0.13569674,0.046103209,75286.859,0.5370003641885166,-0.11875630305911519,1.5555136157024794
0.13569674,0.048032038,75409.023,0.5370003641885166,-0.11109459135194574,1.5580376652892562
0.13569674,0.049960859,75506.094,0.5370003641885166,-0.10343291142244741,1.56004326446281
0.13569674,0.051889684,75580.938,0.5370003641885166,-0.09577121560411354,1.5615896280991735
0.13569674,0.053818509,75633.016,0.5370003641885166,-0.08810951978577966,1.5626656198347109
0.13569674,0.055747338,75666.391,0.5370003641885166,-0.0804478080786102,1.5633551859504133
0.13569674,0.057676159,75682.219,0.5370003641885166,-0.07278612814911191,1.5636822107438015
0.13569674,0.059604988,75681.5,0.5370003641885166,-0.06512441644194245,1.563667355371901
0.13569674,0.061533809,75669.664,0.5370003641885166,-0.05746273651244412,1.5634228099173555
0.13569674,0.063462637,75647.656,0.5370003641885166,-0.04980102877748356,1.5629680991735537
0.13569674,0.065391466,75620.836,0.5370003641885166,-0.04213931707031413,1.5624139669421486
0.13569674,0.067320287,75593.461,0.5370003641885166,-0.034477637140815774,1.561848367768595
0.13569674,0.069249108,75570.148,0.5370003641885166,-0.02681595721131748,1.561366694214876
0.13569674,0.071177937,75550.086,0.5370003641885166,-0.01915424550414805,1.5609521900826446
0.13569674,0.073106766,75535.273,0.5370003641885166,-0.011492533796978567,1.5606461363636364
0.13569674,0.075035587,75524.969,0.5370003641885166,-0.003830853867480268,1.5604332438016528
0.13569674,0.076964408,75520.18,0.5370003641885166,0.0038308260620180308,1.560334297520661
0.13569674,0.078893237,75521.18,0.5370003641885166,0.011492537769187513,1.5603549586776857
0.13569674,0.080822065,75527.148,0.5370003641885166,0.01915424550414805,1.56047826446281
0.13569674,0.082750887,75538.477,0.5370003641885166,0.02681592940585524,1.5607123347107439
0.13569674,0.084679708,75554.047,0.5370003641885166,0.03447760933535359,1.56103402892562
0.13569674,0.086608537,75572.312,0.5370003641885166,0.04213932104252302,1.5614114049586778
0.13569674,0.088537365,75589.812,0.5370003641885166,0.049801028777483616,1.5617729752066116
0.13569674,0.090466186,75598.555,0.5370003641885166,0.05746270870698191,1.5619536157024791
0.13569674,0.092395008,75597.875,0.5370003641885166,0.0651243926086891,1.5619395661157025
0.13569674,0.094323844,75583.141,0.5370003641885166,0.07278613212132082,1.5616351446280992
0.13569674,0.096252665,75552.945,0.5370003641885166,0.08044781205081912,1.5610112603305786
0.13569674,0.098181486,75505.125,0.5370003641885166,0.08810949198031742,1.5600232438016528
0.13569674,0.10011031,75437.992,0.5370003641885166,0.0957711838264424,1.5586361983471073
0.13569674,0.10203914,75348.188,0.5370003641885166,0.10343289950582077,1.5567807438016528
0.13569674,0.10396796,75236.031,0.5370003641885166,0.11109457546311018,1.554463450413223
0.13569674,0.10589679,75097.57,0.5370003641885166,0.11875629114248855,1.5516026859504133
0.13569674,0.10782561,74933.094,0.5370003641885166,0.12641796709977796,1.5482044214876032
0.13569674,0.10975444,74736.156,0.5370003641885166,0.13407968277915627,1.5441354545454546
0.13569674,0.11168326,74504.32,0.5370003641885166,0.14174135873644575,1.5393454545454548
0.13569674,0.11361209,74229.227,0.5370003641885166,0.14940307441582407,1.533661714876033
0.13569674,0.11554092,73905.109,0.5370003641885166,0.15706479009520244,1.526965061983471
0.13569674,0.11746974,73526.977,0.5370003641885166,0.16472646605249183,1.5191524173553719
0.13569674,0.11939856,73094.234,0.5370003641885166,0.17238814200978125,1.5102114462809917
0.13569674,0.12132739,72610.008,0.5370003641885166,0.18004985768915957,1.5002067768595042
0.13569674,0.12325621,72083.57,0.5370003641885166,0.18771153364644902,1.489329958677686
0.13569674,0.12518504,71530.195,0.5370003641885166,0.19537324932582734,1.477896590909091
0.13569674,0.12711386,70969.07,0.5370003641885166,0.20303492528311676,1.466303099173554
0.13569674,0.12904269,70419.531,0.5370003641885166,0.21069664096249507,1.454948987603306
0.13569674,0.13089341,69917.953,0.5370003641885166,0.21804808740522932,1.4445858057851237
0.13569674,0.13258547,69490.586,0.5370003641885166,0.22476930318497618,1.435755909090909
0.13569674,0.13412371,69132.555,0.5370003641885166,0.23087951379277827,1.4283585743801652
0.13569674,0.1355221,68833.867,0.5370003641885166,0.23643421098687306,1.4221873347107439
0.13569674,0.13679338,68584.648,0.5370003641885166,0.24148400070855927,1.4170381818181819
0.13569674,0.13794906,68375.984,0.5370003641885166,0.24607460308219725,1.4127269421487603
0.13569674,0.1389997,68200.516,0.5370003641885166,0.2502479646336984,1.409101570247934
0.13803032,0.013000302,68485.578,0.5462698314173982,-0.25024796463369836,1.4149912809917353
0.13803032,0.014050936,68682.125,0.5462698314173982,-0.24607462691545054,1.4190521694214877
0.13803032,0.015206633,68917.656,0.5462698314173982,-0.24148395701426148,1.4239185123966942
0.13803032,0.0164779,69199.727,0.5462698314173982,-0.2364342189312908,1.4297464256198347
0.13803032,0.017876294,69536.258,0.5462698314173982,-0.23087950584836042,1.4366995454545455
0.13803032,0.019414525,69934.273,0.5462698314173982,-0.22476933099043836,1.4449229958677685
0.13803032,0.021106582,70398.508,0.5462698314173982,-0.21804812712731828,1.4545146280991736
0.13803032,0.02295731,70926.117,0.5462698314173982,-0.2106966489069129,1.4654156404958678
0.13803032,0.024886135,71482.438,0.5462698314173982,-0.203034953088579,1.4769098760330577
0.13803032,0.02681496,72026.555,0.5462698314173982,-0.19537325727024513,1.4881519628099171
0.13803032,0.028743785,72540.148,0.5462698314173982,-0.18771156145191123,1.498763388429752
0.13803032,0.030672612,73008.93,0.5462698314173982,-0.18004985768915957,1.5084489669421486
0.13803032,0.032601438,73424.336,0.5462698314173982,-0.17238815789861678,1.51703173553719
0.13803032,0.03453026,73784.195,0.5462698314173982,-0.1647264739969096,1.5244668388429754
0.13803032,0.036459088,74090.328,0.5462698314173982,-0.15706476626194904,1.5307919008264461
0.13803032,0.03838791,74347.828,0.5462698314173982,-0.14940308236024183,1.5361121487603304
0.13803032,0.040316738,74563.445,0.5462698314173982,-0.14174137462528127,1.5405670454545457
0.13803032,0.042245559,74743.727,0.5462698314173982,-0.13407969469578296,1.5442918801652892
0.13803032,0.044174388,74894.148,0.5462698314173982,-0.12641798298861348,1.5473997520661158
0.13803032,0.046103209,75017.414,0.5462698314173982,-0.11875630305911519,1.549946570247934
0.13803032,0.048032038,75115.57,0.5462698314173982,-0.11109459135194574,1.5519745867768597
0.13803032,0.049960859,75189.703,0.5462698314173982,-0.10343291142244741,1.5535062603305785
0.13803032,0.051889684,75242.492,0.5462698314173982,-0.09577121560411354,1.5545969421487602
0.13803032,0.053818509,75274.609,0.5462698314173982,-0.08810951978577966,1.5552605165289255
0.13803032,0.055747338,75290.758,0.5462698314173982,-0.0804478080786102,1.555594173553719
0.13803032,0.057676159,75293.242,0.5462698314173982,-0.07278612814911191,1.5556454958677686
0.13803032,0.059604988,75283.461,0.5462698314173982,-0.06512441644194245,1.555443409090909
0.13803032,0.061533809,75267.211,0.5462698314173982,-0.05746273651244412,1.5551076652892561
0.13803032,0.063462637,75244.898,0.5462698314173982,-0.04980102877748356,1.554646652892562
0.13803032,0.065391466,75221.055,0.5462698314173982,-0.04213931707031413,1.5541540289256197
0.13803032,0.067320287,75197.836,0.5462698314173982,-0.034477637140815774,1.553674297520661
0.13803032,0.069249108,75178.375,0.5462698314173982,-0.02681595721131748,1.5532722107438017
0.13803032,0.071177937,75161.094,0.5462698314173982,-0.01915424550414805,1.552915165289256
0.13803032,0.073106766,75148.031,0.5462698314173982,-0.011492533796978567,1.5526452685950414
0.13803032,0.075035587,75138.492,0.5462698314173982,-0.003830853867480268,1.552448181818182
0.13803032,0.076964408,75133.898,0.5462698314173982,0.0038308260620180308,1.55235326446281
0.13803032,0.078893237,75134.234,0.5462698314173982,0.011492537769187513,1.5523602066115703
0.13803032,0.080822065,75138.203,0.5462698314173982,0.01915424550414805,1.5524422107438016
0.13803032,0.082750887,75146.109,0.5462698314173982,0.02681592940585524,1.5526055578512397
0.13803032,0.084679708,75156.797,0.5462698314173982,0.03447760933535359,1.5528263842975207
0.13803032,0.086608537,75170.031,0.5462698314173982,0.04213932104252302,1.5530998140495869
0.13803032,0.088537365,75184.094,0.5462698314173982,0.049801028777483616,1.5533903719008264
0.13803032,0.090466186,75193.328,0.5462698314173982,0.05746270870698191,1.5535811570247933
0.13803032,0.092395008,75197.492,0.5462698314173982,0.0651243926086891,1.5536671900826446
0.13803032,0.094323844,75192.539,0.5462698314173982,0.07278613212132082,1.5535648553719008
0.13803032,0.096252665,75176.117,0.5462698314173982,0.08044781205081912,1.5532255578512397
0.13803032,0.098181486,75145.32,0.5462698314173982,0.08810949198031742,1.5525892561983472
0.13803032,0.10011031,75097.711,0.5462698314173982,0.0957711838264424,1.5516055991735536
0.13803032,0.10203914,75029.016,0.5462698314173982,0.10343289950582077,1.5501862809917355
0.13803032,0.10396796,74939.07,0.5462698314173982,0.11109457546311018,1.5483278925619837
0.13803032,0.10589679,74823.992,0.5462698314173982,0.11875629114248855,1.5459502479338842
0.13803032,0.10782561,74684.586,0.5462698314173982,0.12641796709977796,1.543069958677686
0.13803032,0.10975444,74517.203,0.5462698314173982,0.13407968277915627,1.5396116322314048
0.13803032,0.11168326,74320.961,0.5462698314173982,0.14174135873644575,1.5355570454545453
0.13803032,0.11361209,74088.836,0.5462698314173982,0.14940307441582407,1.5307610743801652
0.13803032,0.11554092,73815.391,0.5462698314173982,0.15706479009520244,1.5251113842975208
0.13803032,0.11746974,73493.68,0.5462698314173982,0.16472646605249183,1.5184644628099173
0.13803032,0.11939856,73119.68,0.5462698314173982,0.17238814200978125,1.5107371900826445
0.13803032,0.12132739,72691.586,0.5462698314173982,0.18004985768915957,1.5018922727272725
0.13803032,0.12325621,72212.898,0.5462698314173982,0.18771153364644902,1.4920020247933885
0.13803032,0.12518504,71692.766,0.5462698314173982,0.19537324932582734,1.4812554958677686
0.13803032,0.12711386,71146.062,0.5462698314173982,0.20303492528311676,1.4699599586776861
0.13803032,0.12904269,70590.805,0.5462698314173982,0.21069664096249507,1.45848770661157
0.13803032,0.13089341,70066.703,0.5462698314173982,0.21804808740522932,1.4476591528925618
0.13803032,0.13258547,69607.094,0.5462698314173982,0.22476930318497618,1.4381630991735537
0.13803032,0.13412371,69213.836,0.5462698314173982,0.23087951379277827,1.4300379338842975
0.13803032,0.1355221,68881.57,0.5462698314173982,0.23643421098687306,1.4231729338842978
0.13803032,0.13679338,68602.938,0.5462698314173982,0.24148400070855927,1.4174160743801651
0.13803032,0.13794906,68369.961,0.5462698314173982,0.24607460308219725,1.4126025
0.13803032,0.1389997,68175.211,0.5462698314173982,0.2502479646336984,1.4085787396694214
0.14036389,0.013000302,68509.336,0.5555392589241908,-0.25024796463369836,1.4154821487603304
0.14036389,0.014050936,68729.188,0.5555392589241908,-0.24607462691545054,1.4200245454545453
0.14036389,0.015206633,68991.336,0.5555392589241908,-0.24148395701426148,1.425440826446281
0.14036389,0.0164779,69302.062,0.5555392589241908,-0.2364342189312908,1.431860785123967
0.14036389,0.017876294,69666.82,0.5555392589241908,-0.23087950584836042,1.4393971074380167
0.14036389,0.019414525,70088.617,0.5555392589241908,-0.22476933099043836,1.4481119214876033
0.14036389,0.021106582,70566.555,0.5555392589241908,-0.21804812712731828,1.4579866735537188
0.14036389,0.02295731,71091.789,0.5555392589241908,-0.2106966489069129,1.4688386157024795
0.14036389,0.024886135,71625.656,0.5555392589241908,-0.203034953088579,1.4798689256198347
0.14036389,0.02681496,72129.148,0.5555392589241908,-0.19537325727024513,1.490271652892562
0.14036389,0.028743785,72589.555,0.5555392589241908,-0.18771156145191123,1.499784194214876
0.14036389,0.030672612,72999.156,0.5555392589241908,-0.18004985768915957,1.5082470247933886
0.14036389,0.032601438,73355.523,0.5555392589241908,-0.17238815789861678,1.515609979338843
0.14036389,0.03453026,73661.445,0.5555392589241908,-0.1647264739969096,1.521930681818182
0.14036389,0.036459088,73921.812,0.5555392589241908,-0.15706476626194904,1.5273101652892562
0.14036389,0.03838791,74143.062,0.5555392589241908,-0.14940308236024183,1.5318814462809918
0.14036389,0.040316738,74330.695,0.5555392589241908,-0.14174137462528127,1.535758161157025
0.14036389,0.042245559,74490.055,0.5555392589241908,-0.13407969469578296,1.5390507231404957
0.14036389,0.044174388,74622.742,0.5555392589241908,-0.12641798298861348,1.5417921900826446
0.14036389,0.046103209,74729.609,0.5555392589241908,-0.11875630305911519,1.544000185950413
0.14036389,0.048032038,74811.992,0.5555392589241908,-0.11109459135194574,1.5457023140495867
0.14036389,0.049960859,74871.117,0.5555392589241908,-0.10343291142244741,1.5469239049586776
0.14036389,0.051889684,74909.805,0.5555392589241908,-0.09577121560411354,1.5477232438016528
0.14036389,0.053818509,74929.406,0.5555392589241908,-0.08810951978577966,1.548128223140496
0.14036389,0.055747338,74934.852,0.5555392589241908,-0.0804478080786102,1.5482407438016528
0.14036389,0.057676159,74929.344,0.5555392589241908,-0.07278612814911191,1.5481269421487602
0.14036389,0.059604988,74914.938,0.5555392589241908,-0.06512441644194245,1.5478292975206611
0.14036389,0.061533809,74897.836,0.5555392589241908,-0.05746273651244412,1.547475950413223
0.14036389,0.063462637,74878.188,0.5555392589241908,-0.04980102877748356,1.54707
0.14036389,0.065391466,74859.508,0.5555392589241908,-0.04213931707031413,1.5466840495867769
0.14036389,0.067320287,74842.016,0.5555392589241908,-0.034477637140815774,1.5463226446280993
0.14036389,0.069249108,74827.414,0.5555392589241908,-0.02681595721131748,1.5460209504132232
0.14036389,0.071177937,74813.602,0.5555392589241908,-0.01915424550414805,1.5457355785123967
0.14036389,0.073106766,74802.688,0.5555392589241908,-0.011492533796978567,1.545510082644628
0.14036389,0.075035587,74794.172,0.5555392589241908,-0.003830853867480268,1.5453341322314051
0.14036389,0.076964408,74789.727,0.5555392589241908,0.0038308260620180308,1.5452422933884298
0.14036389,0.078893237,74789.094,0.5555392589241908,0.011492537769187513,1.545229214876033
0.14036389,0.080822065,74790.594,0.5555392589241908,0.01915424550414805,1.5452602066115702
0.14036389,0.082750887,74794.344,0.5555392589241908,0.02681592940585524,1.545337685950413
0.14036389,0.084679708,74799.078,0.5555392589241908,0.03447760933535359,1.5454354958677685
0.14036389,0.086608537,74805.719,0.5555392589241908,0.04213932104252302,1.54557270661157
0.14036389,0.088537365,74814.141,0.5555392589241908,0.049801028777483616,1.545746714876033
0.14036389,0.090466186,74820.891,0.5555392589241908,0.05746270870698191,1.5458861776859505
0.14036389,0.092395008,74826.172,0.5555392589241908,0.0651243926086891,1.5459952892561986
0.14036389,0.094323844,74826.266,0.5555392589241908,0.07278613212132082,1.5459972314049588
0.14036389,0.096252665,74817.82,0.5555392589241908,0.08044781205081912,1.5458227272727274
0.14036389,0.098181486,74797.125,0.5555392589241908,0.08810949198031742,1.5453951446280991
0.14036389,0.10011031,74761.367,0.5555392589241908,0.0957711838264424,1.5446563429752065
0.14036389,0.10203914,74706.047,0.5555392589241908,0.10343289950582077,1.5435133677685953
0.14036389,0.10396796,74630.727,0.5555392589241908,0.11109457546311018,1.5419571694214875
0.14036389,0.10589679,74531.242,0.5555392589241908,0.11875629114248855,1.539901694214876
0.14036389,0.10782561,74408.461,0.5555392589241908,0.12641796709977796,1.5373648966942148
0.14036389,0.10975444,74259.289,0.5555392589241908,0.13407968277915627,1.5342828305785126
0.14036389,0.11168326,74085.219,0.5555392589241908,0.14174135873644575,1.5306863429752064
0.14036389,0.11361209,73881.68,0.5555392589241908,0.14940307441582407,1.526480991735537
0.14036389,0.11554092,73645.117,0.5555392589241908,0.15706479009520244,1.5215933264462809
0.14036389,0.11746974,73369.445,0.5555392589241908,0.16472646605249183,1.5158976239669424
0.14036389,0.11939856,73049.25,0.5555392589241908,0.17238814200978125,1.5092820247933885
0.14036389,0.12132739,72679.273,0.5555392589241908,0.18004985768915957,1.5016378719008265
0.14036389,0.12325621,72258.0,0.5555392589241908,0.18771153364644902,1.4929338842975206
0.14036389,0.12518504,71788.414,0.5555392589241908,0.19537324932582734,1.4832316942148762
0.14036389,0.12711386,71279.133,0.5555392589241908,0.20303492528311676,1.4727093595041323
0.14036389,0.12904269,70743.172,0.5555392589241908,0.21069664096249507,1.461635785123967
0.14036389,0.13089341,70219.109,0.5555392589241908,0.21804808740522932,1.4508080371900827
0.14036389,0.13258547,69744.484,0.5555392589241908,0.22476930318497618,1.44100173553719
0.14036389,0.13412371,69327.148,0.5555392589241908,0.23087951379277827,1.432379090909091
0.14036389,0.1355221,68967.141,0.5555392589241908,0.23643421098687306,1.424940929752066
0.14036389,0.13679338,68660.875,0.5555392589241908,0.24148400070855927,1.4186131198347107
0.14036389,0.13794906,68402.617,0.5555392589241908,0.24607460308219725,1.4132772107438016
0.14036389,0.1389997,68186.008,0.5555392589241908,0.2502479646336984,1.4088018181818183
0.14269745,0.013000302,68574.961,0.5648086467088945,-0.25024796463369836,1.4168380371900826
0.14269745,0.014050936,68816.031,0.5648086467088945,-0.24607462691545054,1.4218188223140495
0.14269745,0.015206633,69099.656,0.5648086467088945,-0.24148395701426148,1.4276788429752068
0.14269745,0.0164779,69429.891,0.5648086467088945,-0.2364342189312908,1.4345018801652893
0.14269745,0.017876294,69809.008,0.5648086467088945,-0.23087950584836042,1.4423348760330579
0.14269745,0.019414525,70236.023,0.5648086467088945,-0.22476933099043836,1.4511575
0.14269745,0.021106582,70705.547,0.5648086467088945,-0.21804812712731828,1.4608584090909091
0.14269745,0.02295731,71204.445,0.5648086467088945,-0.2106966489069129,1.4711662190082646
0.14269745,0.024886135,71694.844,0.5648086467088945,-0.203034953088579,1.4812984297520662
0.14269745,0.02681496,72143.414,0.5648086467088945,-0.19537325727024513,1.4905664049586778
0.14269745,0.028743785,72544.109,0.5648086467088945,-0.18771156145191123,1.4988452272727273
0.14269745,0.030672612,72895.43,0.5648086467088945,-0.18004985768915957,1.5061039256198345
0.14269745,0.032601438,73199.969,0.5648086467088945,-0.17238815789861678,1.5123960537190082
0.14269745,0.03453026,73463.781,0.5648086467088945,-0.1647264739969096,1.517846714876033
0.14269745,0.036459088,73692.492,0.5648086467088945,-0.15706476626194904,1.5225721487603305
0.14269745,0.03838791,73891.43,0.5648086467088945,-0.14940308236024183,1.5266824380165287
0.14269745,0.040316738,74063.805,0.5648086467088945,-0.14174137462528127,1.5302439049586776
0.14269745,0.042245559,74211.492,0.5648086467088945,-0.13407969469578296,1.5332952892561984
0.14269745,0.044174388,74334.055,0.5648086467088945,-0.12641798298861348,1.535827582644628
0.14269745,0.046103209,74431.586,0.5648086467088945,-0.11875630305911519,1.537842685950413
0.14269745,0.048032038,74505.102,0.5648086467088945,-0.11109459135194574,1.539361611570248
0.14269745,0.049960859,74556.227,0.5648086467088945,-0.10343291142244741,1.5404179132231404
0.14269745,0.051889684,74587.617,0.5648086467088945,-0.09577121560411354,1.5410664669421488
0.14269745,0.053818509,74600.828,0.5648086467088945,-0.08810951978577966,1.5413394214876033
0.14269745,0.055747338,74601.016,0.5648086467088945,-0.0804478080786102,1.541343305785124
0.14269745,0.057676159,74592.281,0.5648086467088945,-0.07278612814911191,1.5411628305785126
0.14269745,0.059604988,74577.414,0.5648086467088945,-0.06512441644194245,1.540855661157025
0.14269745,0.061533809,74562.781,0.5648086467088945,-0.05746273651244412,1.540553326446281
0.14269745,0.063462637,74548.156,0.5648086467088945,-0.04980102877748356,1.5402511570247934
0.14269745,0.065391466,74536.273,0.5648086467088945,-0.04213931707031413,1.5400056404958677
0.14269745,0.067320287,74525.984,0.5648086467088945,-0.034477637140815774,1.5397930578512395
0.14269745,0.069249108,74517.859,0.5648086467088945,-0.02681595721131748,1.539625185950413
0.14269745,0.071177937,74509.328,0.5648086467088945,-0.01915424550414805,1.5394489256198345
0.14269745,0.073106766,74502.102,0.5648086467088945,-0.011492533796978567,1.5392996280991735
0.14269745,0.075035587,74495.461,0.5648086467088945,-0.003830853867480268,1.5391624173553717
0.14269745,0.076964408,74490.945,0.5648086467088945,0.0038308260620180308,1.5390691115702482
0.14269745,0.078893237,74488.188,0.5648086467088945,0.011492537769187513,1.5390121487603305
0.14269745,0.080822065,74485.523,0.5648086467088945,0.01915424550414805,1.5389570867768596
0.14269745,0.082750887,74483.406,0.5648086467088945,0.02681592940585524,1.538913347107438
0.14269745,0.084679708,74480.789,0.5648086467088945,0.03447760933535359,1.5388592768595042
0.14269745,0.086608537,74479.602,0.5648086467088945,0.04213932104252302,1.5388347520661156
0.14269745,0.088537365,74480.773,0.5648086467088945,0.049801028777483616,1.5388589462809918
0.14269745,0.090466186,74482.469,0.5648086467088945,0.05746270870698191,1.5388939876033056
0.14269745,0.092395008,74485.234,0.5648086467088945,0.0651243926086891,1.5389511157024793
0.14269745,0.094323844,74485.891,0.5648086467088945,0.07278613212132082,1.5389646900826448
0.14269745,0.096252665,74480.305,0.5648086467088945,0.08044781205081912,1.538849276859504
0.14269745,0.098181486,74464.109,0.5648086467088945,0.08810949198031742,1.5385146487603305
0.14269745,0.10011031,74434.0,0.5648086467088945,0.0957711838264424,1.5378925619834711
0.14269745,0.10203914,74385.539,0.5648086467088945,0.10343289950582077,1.5368913016528927
0.14269745,0.10396796,74318.172,0.5648086467088945,0.11109457546311018,1.5354994214876034
0.14269745,0.10589679,74227.766,0.5648086467088945,0.11875629114248855,1.53363152892562
0.14269745,0.10782561,74114.836,0.5648086467088945,0.12641796709977796,1.53129826446281
0.14269745,0.10975444,73976.383,0.5648086467088945,0.13407968277915627,1.5284376652892562
0.14269745,0.11168326,73814.602,0.5648086467088945,0.14174135873644575,1.5250950826446281
0.14269745,0.11361209,73627.344,0.5648086467088945,0.14940307441582407,1.5212261157024793
0.14269745,0.11554092,73414.281,0.5648086467088945,0.15706479009520244,1.5168239876033058
0.14269745,0.11746974,73171.25,0.5648086467088945,0.16472646605249183,1.5118026859504132
0.14269745,0.11939856,72893.984,0.5648086467088945,0.17238814200978125,1.5060740495867768
0.14269745,0.12132739,72576.039,0.5648086467088945,0.18004985768915957,1.499504938016529
0.14269745,0.12325621,72212.375,0.5648086467088945,0.18771153364644902,1.4919912190082645
0.14269745,0.12518504,71800.844,0.5648086467088945,0.19537324932582734,1.483488512396694
0.14269745,0.12711386,71343.867,0.5648086467088945,0.20303492528311676,1.4740468388429753
0.14269745,0.12904269,70848.109,0.5648086467088945,0.21069664096249507,1.4638039049586775
0.14269745,0.13089341,70347.227,0.5648086467088945,0.21804808740522932,1.4534551033057852
0.14269745,0.13258547,69878.586,0.5648086467088945,0.22476930318497618,1.4437724380165289
0.14269745,0.13412371,69454.477,0.5648086467088945,0.23087951379277827,1.4350098553719008
0.14269745,0.1355221,69079.367,0.5648086467088945,0.23643421098687306,1.4272596487603306
0.14269745,0.13679338,68753.547,0.5648086467088945,0.24148400070855927,1.4205278305785125
0.14269745,0.13794906,68474.312,0.5648086467088945,0.24607460308219725,1.4147585123966944
0.14269745,0.1389997,68237.367,0.5648086467088945,0.2502479646336984,1.4098629545454544
0.14503101,0.013000302,68678.438,0.5740780344935983,-0.25024796463369836,1.4189759917355371
0.14503101,0.014050936,68933.383,0.5740780344935983,-0.24607462691545054,1.424243450413223
0.14503101,0.015206633,69227.742,0.5740780344935983,-0.24148395701426148,1.4303252479338842
0.14503101,0.0164779,69562.992,0.5740780344935983,-0.2364342189312908,1.4372519008264462
0.14503101,0.017876294,69938.617,0.5740780344935983,-0.23087950584836042,1.4450127479338843
0.14503101,0.019414525,70350.422,0.5740780344935983,-0.22476933099043836,1.4535211157024794
0.14503101,0.021106582,70790.523,0.5740780344935983,-0.21804812712731828,1.462614111570248
0.14503101,0.02295731,71244.789,0.5740780344935983,-0.2106966489069129,1.471999772727273
0.14503101,0.024886135,71679.539,0.5740780344935983,-0.203034953088579,1.4809822107438018
0.14503101,0.02681496,72068.781,0.5740780344935983,-0.19537325727024513,1.4890244008264464
0.14503101,0.028743785,72412.516,0.5740780344935983,-0.18771156145191123,1.4961263636363638
0.14503101,0.030672612,72714.117,0.5740780344935983,-0.18004985768915957,1.5023577892561983
0.14503101,0.032601438,72979.172,0.5740780344935983,-0.17238815789861678,1.507834132231405
0.14503101,0.03453026,73214.57,0.5740780344935983,-0.1647264739969096,1.5126977272727273
0.14503101,0.036459088,73424.453,0.5740780344935983,-0.15706476626194904,1.517034152892562
0.14503101,0.03838791,73611.781,0.5740780344935983,-0.14940308236024183,1.5209045661157026
0.14503101,0.040316738,73776.328,0.5740780344935983,-0.14174137462528127,1.524304297520661
0.14503101,0.042245559,73918.375,0.5740780344935983,-0.13407969469578296,1.527239152892562
0.14503101,0.044174388,74036.422,0.5740780344935983,-0.12641798298861348,1.529678140495868
0.14503101,0.046103209,74130.25,0.5740780344935983,-0.11875630305911519,1.5316167355371901
0.14503101,0.048032038,74200.625,0.5740780344935983,-0.11109459135194574,1.5330707644628099
0.14503101,0.049960859,74249.234,0.5740780344935983,-0.10343291142244741,1.534075082644628
0.14503101,0.051889684,74278.562,0.5740780344935983,-0.09577121560411354,1.5346810330578513
0.14503101,0.053818509,74290.5,0.5740780344935983,-0.08810951978577966,1.5349276859504133
0.14503101,0.055747338,74290.695,0.5740780344935983,-0.0804478080786102,1.5349317148760333
0.14503101,0.057676159,74284.023,0.5740780344935983,-0.07278612814911191,1.5347938636363636
0.14503101,0.059604988,74273.586,0.5740780344935983,-0.06512441644194245,1.5345782231404959
0.14503101,0.061533809,74265.086,0.5740780344935983,-0.05746273651244412,1.534402603305785
0.14503101,0.063462637,74257.828,0.5740780344935983,-0.04980102877748356,1.534252644628099
0.14503101,0.065391466,74253.844,0.5740780344935983,-0.04213931707031413,1.5341703305785124
0.14503101,0.067320287,74251.398,0.5740780344935983,-0.034477637140815774,1.5341197933884299
0.14503101,0.069249108,74250.391,0.5740780344935983,-0.02681595721131748,1.5340989876033058
0.14503101,0.071177937,74248.023,0.5740780344935983,-0.01915424550414805,1.5340500619834712
0.14503101,0.073106766,74245.312,0.5740780344935983,-0.011492533796978567,1.533994049586777
0.14503101,0.075035587,74240.992,0.5740780344935983,-0.003830853867480268,1.5339047933884298
0.14503101,0.076964408,74236.25,0.5740780344935983,0.0038308260620180308,1.533806818181818
0.14503101,0.078893237,74230.68,0.5740780344935983,0.011492537769187513,1.53369173553719
0.14503101,0.080822065,74222.945,0.5740780344935983,0.01915424550414805,1.5335319214876035
0.14503101,0.082750887,74214.188,0.5740780344935983,0.02681592940585524,1.533350991735537
0.14503101,0.084679708,74203.727,0.5740780344935983,0.03447760933535359,1.5331348553719009
0.14503101,0.086608537,74194.07,0.5740780344935983,0.04213932104252302,1.5329353305785125
0.14503101,0.088537365,74186.609,0.5740780344935983,0.049801028777483616,1.5327811776859503
0.14503101,0.090466186,74180.445,0.5740780344935983,0.05746270870698191,1.5326538223140498
0.14503101,0.092395008,74176.523,0.5740780344935983,0.0651243926086891,1.5325727892561984
0.14503101,0.094323844,74172.602,0.5740780344935983,0.07278613212132082,1.532491776859504
0.14503101,0.096252665,74164.734,0.5740780344935983,0.08044781205081912,1.532329214876033
0.14503101,0.098181486,74148.227,0.5740780344935983,0.08810949198031742,1.5319881611570247
0.14503101,0.10011031,74119.117,0.5740780344935983,0.0957711838264424,1.531386714876033
0.14503101,0.10203914,74072.547,0.5740780344935983,0.10343289950582077,1.5304245247933885
0.14503101,0.10396796,74007.773,0.5740780344935983,0.11109457546311018,1.5290862190082646
0.14503101,0.10589679,73920.82,0.5740780344935983,0.11875629114248855,1.5272896694214877
0.14503101,0.10782561,73812.117,0.5740780344935983,0.12641796709977796,1.5250437396694214
0.14503101,0.10975444,73678.766,0.5740780344935983,0.13407968277915627,1.5222885537190083
0.14503101,0.11168326,73523.133,0.5740780344935983,0.14174135873644575,1.5190729958677687
0.14503101,0.11361209,73344.445,0.5740780344935983,0.14940307441582407,1.5153810950413225
0.14503101,0.11554092,73143.977,0.5740780344935983,0.15706479009520244,1.511239194214876
0.14503101,0.11746974,72921.047,0.5740780344935983,0.16472646605249183,1.506633202479339
0.14503101,0.11939856,72673.438,0.5740780344935983,0.17238814200978125,1.5015173140495868
0.14503101,0.12132739,72396.031,0.5740780344935983,0.18004985768915957,1.4957857644628099
0.14503101,0.12325621,72082.516,0.5740780344935983,0.18771153364644902,1.489308181818182
0.14503101,0.12518504,71727.492,0.5740780344935983,0.19537324932582734,1.4819729752066115
0.14503101,0.12711386,71328.328,0.5740780344935983,0.20303492528311676,1.473725785123967
0.14503101,0.12904269,70885.742,0.5740780344935983,0.21069664096249507,1.4645814462809916
0.14503101,0.13089341,70426.555,0.5740780344935983,0.21804808740522932,1.4550941115702478
0.14503101,0.13258547,69984.484,0.5740780344935983,0.22476930318497618,1.4459604132231405
0.14503101,0.13412371,69573.18,0.5740780344935983,0.23087951379277827,1.4374623966942148
0.14503101,0.1355221,69199.789,0.5740780344935983,0.23643421098687306,1.4297477066115702
0.14503101,0.13679338,68867.844,0.5740780344935983,0.24148400070855927,1.422889338842975
0.14503101,0.13794906,68577.383,0.5740780344935983,0.24607460308219725,1.4168880785123967
0.14503101,0.1389997,68326.586,0.5740780344935983,0.2502479646336984,1.4117063223140496
0.14736459,0.013000302,68807.5,0.5833475017224798,-0.25024796463369836,1.4216425619834712
0.14736459,0.014050936,69064.734,0.5833475017224798,-0.24607462691545054,1.4269573140495868
0.14736459,0.015206633,69355.523,0.5833475017224798,-0.24148395701426148,1.4329653512396694
0.14736459,0.0164779,69679.055,0.5833475017224798,-0.2364342189312908,1.4396498966942148
0.14736459,0.017876294,70032.875,0.5833475017224798,-0.23087950584836042,1.4469602272727273
0.14736459,0.019414525,70411.531,0.5833475017224798,-0.22476933099043836,1.4547836983471074
0.14736459,0.021106582,70806.828,0.5833475017224798,-0.21804812712731828,1.462950991735537
0.14736459,0.02295731,71206.336,0.5833475017224798,-0.2106966489069129,1.4712052892561982
0.14736459,0.024886135,71582.43,0.5833475017224798,-0.203034953088579,1.478975826446281
0.14736459,0.02681496,71916.492,0.5833475017224798,-0.19537325727024513,1.4858779338842976
0.14736459,0.028743785,72212.969,0.5833475017224798,-0.18771156145191123,1.4920034917355371
0.14736459,0.030672612,72477.703,0.5833475017224798,-0.18004985768915957,1.4974732024793387
0.14736459,0.032601438,72716.836,0.5833475017224798,-0.17238815789861678,1.5024139669421486
0.14736459,0.03453026,72935.633,0.5833475017224798,-0.1647264739969096,1.5069345661157025
0.14736459,0.036459088,73135.805,0.5833475017224798,-0.15706476626194904,1.5110703512396693
0.14736459,0.03838791,73317.531,0.5833475017224798,-0.14940308236024183,1.514825020661157
0.14736459,0.040316738,73479.008,0.5833475017224798,-0.14174137462528127,1.5181613223140495
0.14736459,0.042245559,73619.594,0.5833475017224798,-0.13407969469578296,1.5210659917355371
0.14736459,0.044174388,73737.242,0.5833475017224798,-0.12641798298861348,1.52349673553719
0.14736459,0.046103209,73831.656,0.5833475017224798,-0.11875630305911519,1.525447438016529
0.14736459,0.048032038,73903.203,0.5833475017224798,-0.11109459135194574,1.5269256818181818
0.14736459,0.049960859,73953.5,0.5833475017224798,-0.10343291142244741,1.5279648760330578
0.14736459,0.051889684,73985.172,0.5833475017224798,-0.09577121560411354,1.5286192561983472
0.14736459,0.053818509,74000.75,0.5833475017224798,-0.08810951978577966,1.5289411157024793
0.14736459,0.055747338,74006.398,0.5833475017224798,-0.0804478080786102,1.5290578099173553
0.14736459,0.057676159,74007.195,0.5833475017224798,-0.07278612814911191,1.5290742768595043
0.14736459,0.059604988,74005.844,0.5833475017224798,-0.06512441644194245,1.5290463636363636
0.14736459,0.061533809,74006.883,0.5833475017224798,-0.05746273651244412,1.5290678305785124
0.14736459,0.063462637,74009.016,0.5833475017224798,-0.04980102877748356,1.5291119008264464
0.14736459,0.065391466,74013.688,0.5833475017224798,-0.04213931707031413,1.529208429752066
0.14736459,0.067320287,74019.031,0.5833475017224798,-0.034477637140815774,1.5293188223140497
0.14736459,0.069249108,74024.711,0.5833475017224798,-0.02681595721131748,1.5294361776859504
0.14736459,0.071177937,74028.047,0.5833475017224798,-0.01915424550414805,1.5295051033057852
0.14736459,0.073106766,74029.453,0.5833475017224798,-0.011492533796978567,1.529534152892562
0.14736459,0.075035587,74027.266,0.5833475017224798,-0.003830853867480268,1.5294889669421488
0.14736459,0.076964408,74022.211,0.5833475017224798,0.0038308260620180308,1.5293845247933884
0.14736459,0.078893237,74013.953,0.5833475017224798,0.011492537769187513,1.5292139049586775
0.14736459,0.080822065,74001.523,0.5833475017224798,0.01915424550414805,1.5289570867768596
0.14736459,0.082750887,73986.578,0.5833475017224798,0.02681592940585524,1.528648305785124
0.14736459,0.084679708,73968.695,0.5833475017224798,0.03447760933535359,1.5282788223140498
0.14736459,0.086608537,73950.469,0.5833475017224798,0.04213932104252302,1.5279022520661156
0.14736459,0.088537365,73933.25,0.5833475017224798,0.049801028777483616,1.5275464876033058
0.14736459,0.090466186,73916.781,0.5833475017224798,0.05746270870698191,1.5272062190082645
0.14736459,0.092395008,73902.398,0.5833475017224798,0.0651243926086891,1.526909049586777
0.14736459,0.094323844,73889.164,0.5833475017224798,0.07278613212132082,1.5266356198347109
0.14736459,0.096252665,73873.891,0.5833475017224798,0.08044781205081912,1.5263200619834711
0.14736459,0.098181486,73852.242,0.5833475017224798,0.08810949198031742,1.5258727685950413
0.14736459,0.10011031,73819.867,0.5833475017224798,0.0957711838264424,1.5252038636363636
0.14736459,0.10203914,73771.148,0.5833475017224798,0.10343289950582077,1.5241972727272728
0.14736459,0.10396796,73704.805,0.5833475017224798,0.11109457546311018,1.5228265495867768
0.14736459,0.10589679,73616.812,0.5833475017224798,0.11875629114248855,1.5210085123966943
0.14736459,0.10782561,73507.766,0.5833475017224798,0.12641796709977796,1.5187554958677687
0.14736459,0.10975444,73375.156,0.5833475017224798,0.13407968277915627,1.5160156198347108
0.14736459,0.11168326,73221.406,0.5833475017224798,0.14174135873644575,1.512838966942149
0.14736459,0.11361209,73046.445,0.5833475017224798,0.14940307441582407,1.509224070247934
0.14736459,0.11554092,72852.367,0.5833475017224798,0.15706479009520244,1.505214194214876
0.14736459,0.11746974,72640.211,0.5833475017224798,0.16472646605249183,1.5008308057851238
0.14736459,0.11939856,72410.453,0.5833475017224798,0.17238814200978125,1.4960837396694213
0.14736459,0.12132739,72160.406,0.5833475017224798,0.18004985768915957,1.490917479338843
0.14736459,0.12325621,71884.945,0.5833475017224798,0.18771153364644902,1.4852261363636365
0.14736459,0.12518504,71577.867,0.5833475017224798,0.19537324932582734,1.4788815495867769
0.14736459,0.12711386,71233.625,0.5833475017224798,0.20303492528311676,1.471769111570248
0.14736459,0.12904269,70848.438,0.5833475017224798,0.21069664096249507,1.4638107024793388
0.14736459,0.13089341,70441.859,0.5833475017224798,0.21804808740522932,1.4554103099173552
0.14736459,0.13258547,70042.086,0.5833475017224798,0.22476930318497618,1.4471505371900826
0.14736459,0.13412371,69661.344,0.5833475017224798,0.23087951379277827,1.4392839669421487
0.14736459,0.1355221,69307.453,0.5833475017224798,0.23643421098687306,1.4319721694214875
0.14736459,0.13679338,68985.32,0.5833475017224798,0.24148400070855927,1.42531652892562
0.14736459,0.13794906,68697.047,0.5833475017224798,0.24607460308219725,1.4193604752066118
0.14736459,0.1389997,68443.062,0.5833475017224798,0.2502479646336984,1.4141128512396695
0.14969815,0.013000302,68943.93,0.5926168895071837,-0.25024796463369836,1.4244613636363634
0.14969815,0.014050936,69189.938,0.5926168895071837,-0.24607462691545054,1.4295441735537189
0.14969815,0.015206633,69462.281,0.5926168895071837,-0.24148395701426148,1.4351710950413223
0.14969815,0.0164779,69758.812,0.5926168895071837,-0.2364342189312908,1.4412977685950414
0.14969815,0.017876294,70076.297,0.5926168895071837,-0.23087950584836042,1.447857376033058
0.14969815,0.019414525,70409.68,0.5926168895071837,-0.22476933099043836,1.4547454545454543
0.14969815,0.021106582,70752.234,0.5926168895071837,-0.21804812712731828,1.4618230165289257
0.14969815,0.02295731,71094.961,0.5926168895071837,-0.2106966489069129,1.468904152892562
0.14969815,0.024886135,71416.945,0.5926168895071837,-0.203034953088579,1.4755567148760331
0.14969815,0.02681496,71705.75,0.5926168895071837,-0.19537325727024513,1.4815237603305784
0.14969815,0.028743785,71967.875,0.5926168895071837,-0.18771156145191123,1.4869395661157025
0.14969815,0.030672612,72208.844,0.5926168895071837,-0.18004985768915957,1.49191826446281
0.14969815,0.032601438,72433.203,0.5926168895071837,-0.17238815789861678,1.4965537809917353
0.14969815,0.03453026,72643.43,0.5926168895071837,-0.1647264739969096,1.5008973140495867
0.14969815,0.036459088,72839.047,0.5926168895071837,-0.15706476626194904,1.504938987603306
0.14969815,0.03838791,73018.773,0.5926168895071837,-0.14940308236024183,1.508652334710744
0.14969815,0.040316738,73180.148,0.5926168895071837,-0.14174137462528127,1.5119865289256198
0.14969815,0.042245559,73322.094,0.5926168895071837,-0.13407969469578296,1.5149192975206611
0.14969815,0.044174388,73442.258,0.5926168895071837,-0.12641798298861348,1.5174020247933884
0.14969815,0.046103209,73540.203,0.5926168895071837,-0.11875630305911519,1.5194256818181817
0.14969815,0.048032038,73616.023,0.5926168895071837,-0.11109459135194574,1.5209922107438016
0.14969815,0.049960859,73671.547,0.5926168895071837,-0.10343291142244741,1.5221394008264464
0.14969815,0.051889684,73709.766,0.5926168895071837,-0.09577121560411354,1.5229290495867769
0.14969815,0.053818509,73733.82,0.5926168895071837,-0.08810951978577966,1.5234260330578513
0.14969815,0.055747338,73749.945,0.5926168895071837,-0.0804478080786102,1.5237591942148763
0.14969815,0.057676159,73762.773,0.5926168895071837,-0.07278612814911191,1.52402423553719
0.14969815,0.059604988,73773.992,0.5926168895071837,-0.06512441644194245,1.5242560330578512
0.14969815,0.061533809,73786.914,0.5926168895071837,-0.05746273651244412,1.5245230165289256
0.14969815,0.063462637,73799.672,0.5926168895071837,-0.04980102877748356,1.524786611570248
0.14969815,0.065391466,73813.297,0.5926168895071837,-0.04213931707031413,1.525068119834711
0.14969815,0.067320287,73826.109,0.5926168895071837,-0.034477637140815774,1.5253328305785123
0.14969815,0.069249108,73837.719,0.5926168895071837,-0.02681595721131748,1.5255727066115703
0.14969815,0.071177937,73845.773,0.5926168895071837,-0.01915424550414805,1.5257391115702479
0.14969815,0.073106766,73850.344,0.5926168895071837,-0.011492533796978567,1.5258335537190082
0.14969815,0.075035587,73849.617,0.5926168895071837,-0.003830853867480268,1.5258185330578513
0.14969815,0.076964408,73844.195,0.5926168895071837,0.0038308260620180308,1.525706508264463
0.14969815,0.078893237,73833.75,0.5926168895071837,0.011492537769187513,1.525490702479339
0.14969815,0.080822065,73817.43,0.5926168895071837,0.01915424550414805,1.5251535123966942
0.14969815,0.082750887,73797.148,0.5926168895071837,0.02681592940585524,1.5247344628099173
0.14969815,0.084679708,73772.523,0.5926168895071837,0.03447760933535359,1.5242256818181819
0.14969815,0.086608537,73745.977,0.5926168895071837,0.04213932104252302,1.5236772107438017
0.14969815,0.088537365,73718.688,0.5926168895071837,0.049801028777483616,1.5231133884297519
0.14969815,0.090466186,73690.703,0.5926168895071837,0.05746270870698191,1.522535185950413
0.14969815,0.092395008,73663.555,0.5926168895071837,0.0651243926086891,1.521974276859504
0.14969815,0.094323844,73637.578,0.5926168895071837,0.07278613212132082,1.521437561983471
0.14969815,0.096252665,73610.492,0.5926168895071837,0.08044781205081912,1.5208779338842975
0.14969815,0.098181486,73579.016,0.5926168895071837,0.08810949198031742,1.520227603305785
0.14969815,0.10011031,73538.953,0.5926168895071837,0.0957711838264424,1.5193998553719008
0.14969815,0.10203914,73484.141,0.5926168895071837,0.10343289950582077,1.5182673760330578
0.14969815,0.10396796,73412.75,0.5926168895071837,0.11109457546311018,1.516792355371901
0.14969815,0.10589679,73320.461,0.5926168895071837,0.11875629114248855,1.5148855578512397
0.14969815,0.10782561,73207.844,0.5926168895071837,0.12641796709977796,1.5125587603305786
0.14969815,0.10975444,73072.812,0.5926168895071837,0.13407968277915627,1.5097688429752067
0.14969815,0.11168326,72917.969,0.5926168895071837,0.14174135873644575,1.5065696074380164
0.14969815,0.11361209,72743.664,0.5926168895071837,0.14940307441582407,1.50296826446281
0.14969815,0.11554092,72552.289,0.5926168895071837,0.15706479009520244,1.4990142355371903
0.14969815,0.11746974,72345.609,0.5926168895071837,0.16472646605249183,1.4947439876033057
0.14969815,0.11939856,72125.508,0.5926168895071837,0.17238814200978125,1.4901964462809918
0.14969815,0.12132739,71891.633,0.5926168895071837,0.18004985768915957,1.4853643181818181
0.14969815,0.12325621,71641.43,0.5926168895071837,0.18771153364644902,1.4801948347107436
0.14969815,0.12518504,71370.055,0.5926168895071837,0.19537324932582734,1.4745879132231403
0.14969815,0.12711386,71071.852,0.5926168895071837,0.20303492528311676,1.468426694214876
0.14969815,0.12904269,70740.617,0.5926168895071837,0.21069664096249507,1.4615829958677686
0.14969815,0.13089341,70389.75,0.5926168895071837,0.21804808740522932,1.4543336776859503
0.14969815,0.13258547,70040.922,0.5926168895071837,0.22476930318497618,1.4471264876033059
0.14969815,0.13412371,69703.32,0.5926168895071837,0.23087951379277827,1.4401512396694216
0.14969815,0.1355221,69383.492,0.5926168895071837,0.23643421098687306,1.4335432231404959
0.14969815,0.13679338,69086.188,0.5926168895071837,0.24148400070855927,1.4274005785123967
0.14969815,0.13794906,68814.367,0.5926168895071837,0.24607460308219725,1.4217844421487602
0.14969815,0.1389997,68569.891,0.5926168895071837,0.2502479646336984,1.416733285123967
0.15211432,0.013000302,69072.828,0.6022144214685508,-0.25024796463369836,1.4271245454545454
0.15211432,0.014050936,69293.586,0.6022144214685508,-0.24607462691545054,1.4316856611570248
0.15211432,0.015206633,69533.422,0.6022144214685508,-0.24148395701426148,1.4366409504132234
0.15211432,0.0164779,69789.922,0.6022144214685508,-0.2364342189312908,1.4419405371900829
0.15211432,0.017876294,70060.32,0.6022144214685508,-0.23087950584836042,1.4475272727272728
0.15211432,0.019414525,70341.125,0.6022144214685508,-0.22476933099043836,1.4533290289256198
0.15211432,0.021106582,70628.414,0.6022144214685508,-0.21804812712731828,1.4592647520661157
0.15211432,0.02295731,70917.312,0.6022144214685508,-0.2106966489069129,1.4652337190082645
0.15211432,0.024886135,71193.258,0.6022144214685508,-0.203034953088579,1.4709350826446281
0.15211432,0.02681496,71448.297,0.6022144214685508,-0.19537325727024513,1.4762044834710746
0.15211432,0.028743785,71687.695,0.6022144214685508,-0.18771156145191123,1.4811507231404961
0.15211432,0.030672612,71914.961,0.6022144214685508,-0.18004985768915957,1.4858463016528924
0.15211432,0.032601438,72131.633,0.6022144214685508,-0.17238815789861678,1.4903229958677686
0.15211432,0.03453026,72337.859,0.6022144214685508,-0.1647264739969096,1.4945838636363635
0.15211432,0.036459088,72531.844,0.6022144214685508,-0.15706476626194904,1.498591818181818
0.15211432,0.03838791,72711.742,0.6022144214685508,-0.14940308236024183,1.5023087190082645
0.15211432,0.040316738,72874.883,0.6022144214685508,-0.14174137462528127,1.5056794008264462
0.15211432,0.042245559,73019.953,0.6022144214685508,-0.13407969469578296,1.508676714876033
0.15211432,0.044174388,73144.453,0.6022144214685508,-0.12641798298861348,1.5112490289256197
0.15211432,0.046103209,73248.008,0.6022144214685508,-0.11875630305911519,1.5133885950413224
0.15211432,0.048032038,73330.898,0.6022144214685508,-0.11109459135194574,1.5151011983471074
0.15211432,0.049960859,73395.43,0.6022144214685508,-0.10343291142244741,1.5164345041322314
0.15211432,0.051889684,73444.883,0.6022144214685508,-0.09577121560411354,1.5174562603305786
0.15211432,0.053818509,73482.484,0.6022144214685508,-0.08810951978577966,1.5182331404958678
0.15211432,0.055747338,73513.672,0.6022144214685508,-0.0804478080786102,1.518877520661157
0.15211432,0.057676159,73542.0,0.6022144214685508,-0.07278612814911191,1.5194628099173553
0.15211432,0.059604988,73568.039,0.6022144214685508,-0.06512441644194245,1.520000805785124
0.15211432,0.061533809,73593.992,0.6022144214685508,-0.05746273651244412,1.5205370247933885
0.15211432,0.063462637,73618.008,0.6022144214685508,-0.04980102877748356,1.521033223140496
0.15211432,0.065391466,73640.984,0.6022144214685508,-0.04213931707031413,1.5215079338842974
0.15211432,0.067320287,73661.484,0.6022144214685508,-0.034477637140815774,1.5219314876033057
0.15211432,0.069249108,73679.0,0.6022144214685508,-0.02681595721131748,1.522293388429752
0.15211432,0.071177937,73691.477,0.6022144214685508,-0.01915424550414805,1.5225511776859504
0.15211432,0.073106766,73698.672,0.6022144214685508,-0.011492533796978567,1.5226998347107439
0.15211432,0.075035587,73698.969,0.6022144214685508,-0.003830853867480268,1.5227059710743802
0.15211432,0.076964408,73692.945,0.6022144214685508,0.0038308260620180308,1.522581508264463
0.15211432,0.078893237,73680.305,0.6022144214685508,0.011492537769187513,1.5223203512396692
0.15211432,0.080822065,73660.211,0.6022144214685508,0.01915424550414805,1.5219051859504131
0.15211432,0.082750887,73634.586,0.6022144214685508,0.02681592940585524,1.5213757438016529
0.15211432,0.084679708,73603.148,0.6022144214685508,0.03447760933535359,1.5207261983471074
0.15211432,0.086608537,73568.242,0.6022144214685508,0.04213932104252302,1.520005
0.15211432,0.088537365,73530.914,0.6022144214685508,0.049801028777483616,1.5192337603305786
0.15211432,0.090466186,73491.281,0.6022144214685508,0.05746270870698191,1.518414896694215
0.15211432,0.092395008,73450.594,0.6022144214685508,0.0651243926086891,1.517574256198347
0.15211432,0.094323844,73409.773,0.6022144214685508,0.07278613212132082,1.516730847107438
0.15211432,0.096252665,73367.406,0.6022144214685508,0.08044781205081912,1.5158554958677686
0.15211432,0.098181486,73321.469,0.6022144214685508,0.08810949198031742,1.5149063842975206
0.15211432,0.10011031,73268.719,0.6022144214685508,0.0957711838264424,1.5138165082644628
0.15211432,0.10203914,73203.336,0.6022144214685508,0.10343289950582077,1.5124656198347106
0.15211432,0.10396796,73123.328,0.6022144214685508,0.11109457546311018,1.510812561983471
0.15211432,0.10589679,73024.117,0.6022144214685508,0.11875629114248855,1.5087627479338843
0.15211432,0.10782561,72905.812,0.6022144214685508,0.12641796709977796,1.5063184297520662
0.15211432,0.10975444,72766.398,0.6022144214685508,0.13407968277915627,1.5034379752066116
0.15211432,0.11168326,72608.484,0.6022144214685508,0.14174135873644575,1.5001752892561984
0.15211432,0.11361209,72432.828,0.6022144214685508,0.14940307441582407,1.496546033057851
0.15211432,0.11554092,72241.922,0.6022144214685508,0.15706479009520244,1.492601694214876
0.15211432,0.11746974,72037.695,0.6022144214685508,0.16472646605249183,1.4883821280991738
0.15211432,0.11939856,71822.609,0.6022144214685508,0.17238814200978125,1.4839382024793388
0.15211432,0.12132739,71597.648,0.6022144214685508,0.18004985768915957,1.4792902479338843
0.15211432,0.12325621,71362.695,0.6022144214685508,0.18771153364644902,1.4744358471074381
0.15211432,0.12518504,71115.508,0.6022144214685508,0.19537324932582734,1.4693286776859504
0.15211432,0.12711386,70852.438,0.6022144214685508,0.20303492528311676,1.463893347107438
0.15211432,0.12904269,70567.914,0.6022144214685508,0.21069664096249507,1.4580147520661157
0.15211432,0.13089341,70270.781,0.6022144214685508,0.21804808740522932,1.451875640495868
0.15211432,0.13258547,69976.359,0.6022144214685508,0.22476930318497618,1.445792541322314
0.15211432,0.13412371,69689.852,0.6022144214685508,0.23087951379277827,1.4398729752066115
0.15211432,0.1355221,69415.258,0.6022144214685508,0.23643421098687306,1.4341995454545455
0.15211432,0.13679338,69155.875,0.6022144214685508,0.24148400070855927,1.4288403925619835
0.15211432,0.13794906,68914.336,0.6022144214685508,0.24607460308219725,1.4238499173553718
0.15211432,0.1389997,68692.914,0.6022144214685508,0.2502479646336984,1.419275082644628
0.15486297,0.013000302,69172.68,0.6131326334427128,-0.25024796463369836,1.4291876033057849
0.15486297,0.014050936,69354.406,0.6131326334427128,-0.24607462691545054,1.4329422727272727
0.15486297,0.015206633,69548.305,0.6131326334427128,-0.24148395701426148,1.436948450413223
0.15486297,0.0164779,69752.82,0.6131326334427128,-0.2364342189312908,1.4411739669421488
0.15486297,0.017876294,69967.07,0.6131326334427128,-0.23087950584836042,1.4456006198347109
0.15486297,0.019414525,70190.391,0.6131326334427128,-0.22476933099043836,1.4502146900826447
0.15486297,0.021106582,70422.359,0.6131326334427128,-0.21804812712731828,1.4550074173553718
0.15486297,0.02295731,70662.805,0.6131326334427128,-0.2106966489069129,1.4599753099173551
0.15486297,0.024886135,70901.484,0.6131326334427128,-0.203034953088579,1.464906694214876
0.15486297,0.02681496,71131.914,0.6131326334427128,-0.19537325727024513,1.4696676446280992
0.15486297,0.028743785,71356.875,0.6131326334427128,-0.18771156145191123,1.4743155991735537
0.15486297,0.030672612,71576.43,0.6131326334427128,-0.18004985768915957,1.478851859504132
0.15486297,0.032601438,71789.359,0.6131326334427128,-0.17238815789861678,1.4832512190082643
0.15486297,0.03453026,71994.211,0.6131326334427128,-0.1647264739969096,1.4874836983471074
0.15486297,0.036459088,72188.414,0.6131326334427128,-0.15706476626194904,1.4914961570247935
0.15486297,0.03838791,72369.867,0.6131326334427128,-0.14940308236024183,1.4952451859504132
0.15486297,0.040316738,72535.859,0.6131326334427128,-0.14174137462528127,1.4986747727272727
0.15486297,0.042245559,72685.242,0.6131326334427128,-0.13407969469578296,1.5017611983471073
0.15486297,0.044174388,72815.664,0.6131326334427128,-0.12641798298861348,1.504455867768595
0.15486297,0.046103209,72927.383,0.6131326334427128,-0.11875630305911519,1.506764111570248
0.15486297,0.048032038,73021.023,0.6131326334427128,-0.11109459135194574,1.5086988223140496
0.15486297,0.049960859,73099.734,0.6131326334427128,-0.10343291142244741,1.510325082644628
0.15486297,0.051889684,73166.234,0.6131326334427128,-0.09577121560411354,1.5116990495867768
0.15486297,0.053818509,73223.008,0.6131326334427128,-0.08810951978577966,1.5128720661157025
0.15486297,0.055747338,73273.875,0.6131326334427128,-0.0804478080786102,1.5139230371900827
0.15486297,0.057676159,73320.961,0.6131326334427128,-0.07278612814911191,1.5148958884297519
0.15486297,0.059604988,73364.016,0.6131326334427128,-0.06512441644194245,1.5157854545454545
0.15486297,0.061533809,73404.688,0.6131326334427128,-0.05746273651244412,1.5166257851239668
0.15486297,0.063462637,73441.578,0.6131326334427128,-0.04980102877748356,1.5173879752066115
0.15486297,0.065391466,73475.703,0.6131326334427128,-0.04213931707031413,1.5180930371900825
0.15486297,0.067320287,73505.836,0.6131326334427128,-0.034477637140815774,1.5187156198347107
0.15486297,0.069249108,73531.031,0.6131326334427128,-0.02681595721131748,1.5192361776859504
0.15486297,0.071177937,73549.297,0.6131326334427128,-0.01915424550414805,1.5196135743801653
0.15486297,0.073106766,73559.93,0.6131326334427128,-0.011492533796978567,1.5198332644628099
0.15486297,0.075035587,73561.453,0.6131326334427128,-0.003830853867480268,1.5198647314049585
0.15486297,0.076964408,73554.312,0.6131326334427128,0.0038308260620180308,1.5197171900826447
0.15486297,0.078893237,73538.336,0.6131326334427128,0.011492537769187513,1.5193871074380165
0.15486297,0.080822065,73512.891,0.6131326334427128,0.01915424550414805,1.5188613842975207
0.15486297,0.082750887,73480.086,0.6131326334427128,0.02681592940585524,1.5181835950413223
0.15486297,0.084679708,73440.086,0.6131326334427128,0.03447760933535359,1.5173571487603306
0.15486297,0.086608537,73395.297,0.6131326334427128,0.04213932104252302,1.5164317561983471
0.15486297,0.088537365,73346.906,0.6131326334427128,0.049801028777483616,1.5154319421487603
0.15486297,0.090466186,73294.883,0.6131326334427128,0.05746270870698191,1.5143570867768594
0.15486297,0.092395008,73239.656,0.6131326334427128,0.0651243926086891,1.5132160330578512
0.15486297,0.094323844,73182.078,0.6131326334427128,0.07278613212132082,1.5120264049586776
0.15486297,0.096252665,73121.031,0.6131326334427128,0.08044781205081912,1.5107651033057852
0.15486297,0.098181486,73055.719,0.6131326334427128,0.08810949198031742,1.5094156818181819
0.15486297,0.10011031,72984.461,0.6131326334427128,0.0957711838264424,1.507943409090909
0.15486297,0.10203914,72902.797,0.6131326334427128,0.10343289950582077,1.5062561363636364
0.15486297,0.10396796,72809.508,0.6131326334427128,0.11109457546311018,1.5043286776859504
0.15486297,0.10589679,72700.242,0.6131326334427128,0.11875629114248855,1.5020711157024793
0.15486297,0.10782561,72574.117,0.6131326334427128,0.12641796709977796,1.4994652272727271
0.15486297,0.10975444,72428.969,0.6131326334427128,0.13407968277915627,1.4964663016528925
0.15486297,0.11168326,72266.875,0.6131326334427128,0.14174135873644575,1.4931172520661158
0.15486297,0.11361209,72088.672,0.6131326334427128,0.14940307441582407,1.4894353719008266
0.15486297,0.11554092,71896.648,0.6131326334427128,0.15706479009520244,1.4854679338842975
0.15486297,0.11746974,71692.898,0.6131326334427128,0.16472646605249183,1.4812582231404958
0.15486297,0.11939856,71480.016,0.6131326334427128,0.17238814200978125,1.4768598347107438
0.15486297,0.12132739,71259.734,0.6131326334427128,0.18004985768915957,1.4723085537190082
0.15486297,0.12325621,71033.578,0.6131326334427128,0.18771153364644902,1.467635909090909
0.15486297,0.12518504,70802.172,0.6131326334427128,0.19537324932582734,1.46285479338843
0.15486297,0.12711386,70565.047,0.6131326334427128,0.20303492528311676,1.4579555165289257
0.15486297,0.12904269,70319.188,0.6131326334427128,0.21069664096249507,1.4528757851239669
0.15486297,0.13089341,70071.25,0.6131326334427128,0.21804808740522932,1.4477530991735537
0.15486297,0.13258547,69832.242,0.6131326334427128,0.22476930318497618,1.442814917355372
0.15486297,0.13412371,69602.664,0.6131326334427128,0.23087951379277827,1.438071570247934
0.15486297,0.1355221,69382.969,0.6131326334427128,0.23643421098687306,1.4335324173553718
0.15486297,0.13679338,69173.859,0.6131326334427128,0.24148400070855927,1.4292119628099174
0.15486297,0.13794906,68976.297,0.6131326334427128,0.24607460308219725,1.4251301033057853
0.15486297,0.1389997,68791.773,0.6131326334427128,0.2502479646336984,1.4213176239669423
0.15810576,0.013000302,69175.766,0.6260136727193373,-0.25024796463369836,1.4292513636363637
0.15810576,0.014050936,69312.086,0.6260136727193373,-0.24607462691545054,1.4320678925619834
0.15810576,0.015206633,69454.609,0.6260136727193373,-0.24148395701426148,1.435012582644628
0.15810576,0.0164779,69604.383,0.6260136727193373,-0.2364342189312908,1.4381070867768595
0.15810576,0.017876294,69762.633,0.6260136727193373,-0.23087950584836042,1.441376714876033
0.15810576,0.019414525,69931.586,0.6260136727193373,-0.22476933099043836,1.444867479338843
0.15810576,0.021106582,70114.539,0.6260136727193373,-0.21804812712731828,1.4486475
0.15810576,0.02295731,70314.438,0.6260136727193373,-0.2106966489069129,1.452777644628099
0.15810576,0.024886135,70525.344,0.6260136727193373,-0.203034953088579,1.4571352066115701
0.15810576,0.02681496,70738.68,0.6260136727193373,-0.19537325727024513,1.4615429752066114
0.15810576,0.028743785,70953.727,0.6260136727193373,-0.18771156145191123,1.4659860950413224
0.15810576,0.030672612,71167.914,0.6260136727193373,-0.18004985768915957,1.4704114462809919
0.15810576,0.032601438,71378.289,0.6260136727193373,-0.17238815789861678,1.4747580371900828
0.15810576,0.03453026,71582.273,0.6260136727193373,-0.1647264739969096,1.478972582644628
0.15810576,0.036459088,71776.688,0.6260136727193373,-0.15706476626194904,1.4829894214876032
0.15810576,0.03838791,71959.281,0.6260136727193373,-0.14940308236024183,1.4867620041322314
0.15810576,0.040316738,72127.539,0.6260136727193373,-0.14174137462528127,1.490238409090909
0.15810576,0.042245559,72281.016,0.6260136727193373,-0.13407969469578296,1.4934094214876035
0.15810576,0.044174388,72418.742,0.6260136727193373,-0.12641798298861348,1.496255
0.15810576,0.046103209,72542.344,0.6260136727193373,-0.11875630305911519,1.4988087603305784
0.15810576,0.048032038,72652.766,0.6260136727193373,-0.11109459135194574,1.5010902066115703
0.15810576,0.049960859,72752.758,0.6260136727193373,-0.10343291142244741,1.5031561570247933
0.15810576,0.051889684,72843.602,0.6260136727193373,-0.09577121560411354,1.5050330991735537
0.15810576,0.053818509,72925.984,0.6260136727193373,-0.08810951978577966,1.5067352066115702
0.15810576,0.055747338,73001.68,0.6260136727193373,-0.0804478080786102,1.5082991735537188
0.15810576,0.057676159,73071.508,0.6260136727193373,-0.07278612814911191,1.5097419008264463
0.15810576,0.059604988,73134.852,0.6260136727193373,-0.06512441644194245,1.5110506611570247
0.15810576,0.061533809,73193.094,0.6260136727193373,-0.05746273651244412,1.5122540082644627
0.15810576,0.063462637,73245.422,0.6260136727193373,-0.04980102877748356,1.5133351652892564
0.15810576,0.065391466,73293.055,0.6260136727193373,-0.04213931707031413,1.514319318181818
0.15810576,0.067320287,73334.75,0.6260136727193373,-0.034477637140815774,1.515180785123967
0.15810576,0.069249108,73369.203,0.6260136727193373,-0.02681595721131748,1.5158926239669421
0.15810576,0.071177937,73394.359,0.6260136727193373,-0.01915424550414805,1.5164123760330577
0.15810576,0.073106766,73409.094,0.6260136727193373,-0.011492533796978567,1.516716818181818
0.15810576,0.075035587,73412.023,0.6260136727193373,-0.003830853867480268,1.5167773347107438
0.15810576,0.076964408,73403.469,0.6260136727193373,0.0038308260620180308,1.5166005991735536
0.15810576,0.078893237,73383.453,0.6260136727193373,0.011492537769187513,1.5161870454545454
0.15810576,0.080822065,73351.719,0.6260136727193373,0.01915424550414805,1.5155313842975207
0.15810576,0.082750887,73310.438,0.6260136727193373,0.02681592940585524,1.5146784710743801
0.15810576,0.084679708,73260.375,0.6260136727193373,0.03447760933535359,1.513644111570248
0.15810576,0.086608537,73203.875,0.6260136727193373,0.04213932104252302,1.5124767561983472
0.15810576,0.088537365,73142.328,0.6260136727193373,0.049801028777483616,1.511205123966942
0.15810576,0.090466186,73075.594,0.6260136727193373,0.05746270870698191,1.5098263223140496
0.15810576,0.092395008,73003.297,0.6260136727193373,0.0651243926086891,1.5083325826446283
0.15810576,0.094323844,72925.844,0.6260136727193373,0.07278613212132082,1.5067323140495867
0.15810576,0.096252665,72842.148,0.6260136727193373,0.08044781205081912,1.5050030578512397
0.15810576,0.098181486,72752.305,0.6260136727193373,0.08810949198031742,1.503146797520661
0.15810576,0.10011031,72656.148,0.6260136727193373,0.0957711838264424,1.501160082644628
0.15810576,0.10203914,72551.336,0.6260136727193373,0.10343289950582077,1.4989945454545455
0.15810576,0.10396796,72438.281,0.6260136727193373,0.11109457546311018,1.4966586983471075
0.15810576,0.10589679,72313.961,0.6260136727193373,0.11875629114248855,1.494090103305785
0.15810576,0.10782561,72177.445,0.6260136727193373,0.12641796709977796,1.4912695247933885
0.15810576,0.10975444,72026.156,0.6260136727193373,0.13407968277915627,1.4881437190082645
0.15810576,0.11168326,71860.5,0.6260136727193373,0.14174135873644575,1.4847210743801653
0.15810576,0.11361209,71680.352,0.6260136727193373,0.14940307441582407,1.4809990082644628
0.15810576,0.11554092,71487.422,0.6260136727193373,0.15706479009520244,1.4770128512396696
0.15810576,0.11746974,71283.766,0.6260136727193373,0.16472646605249183,1.4728050826446282
0.15810576,0.11939856,71072.086,0.6260136727193373,0.17238814200978125,1.4684315289256198
0.15810576,0.12132739,70854.805,0.6260136727193373,0.18004985768915957,1.4639422520661156
0.15810576,0.12325621,70634.461,0.6260136727193373,0.18771153364644902,1.4593896900826446
0.15810576,0.12518504,70413.688,0.6260136727193373,0.19537324932582734,1.4548282644628099
0.15810576,0.12711386,70194.742,0.6260136727193373,0.20303492528311676,1.4503045867768594
0.15810576,0.12904269,69977.945,0.6260136727193373,0.21069664096249507,1.4458253099173555
0.15810576,0.13089341,69771.875,0.6260136727193373,0.21804808740522932,1.4415676652892562
0.15810576,0.13258547,69582.844,0.6260136727193373,0.22476930318497618,1.4376620661157025
0.15810576,0.13412371,69407.82,0.6260136727193373,0.23087951379277827,1.4340458677685952
0.15810576,0.1355221,69243.609,0.6260136727193373,0.23643421098687306,1.4306530785123965
0.15810576,0.13679338,69088.641,0.6260136727193373,0.24148400070855927,1.4274512603305787
0.15810576,0.13794906,68940.93,0.6260136727193373,0.24607460308219725,1.4243993801652892
0.15810576,0.1389997,68799.938,0.6260136727193373,0.2502479646336984,1.4214863223140495
0.16159281,0.013000302,69029.172,0.639864963740203,-0.25024796463369836,1.4262225619834712
0.16159281,0.014050936,69130.477,0.639864963740203,-0.24607462691545054,1.4283156404958677
0.16159281,0.015206633,69233.336,0.639864963740203,-0.24148395701426148,1.430440826446281
0.16159281,0.0164779,69339.75,0.639864963740203,-0.2364342189312908,1.4326394628099173
0.16159281,0.017876294,69454.125,0.639864963740203,-0.23087950584836042,1.435002582644628
0.16159281,0.019414525,69581.227,0.639864963740203,-0.22476933099043836,1.4376286570247934
0.16159281,0.021106582,69726.328,0.639864963740203,-0.21804812712731828,1.4406266115702477
0.16159281,0.02295731,69894.031,0.639864963740203,-0.2106966489069129,1.444091549586777
0.16159281,0.024886135,70079.398,0.639864963740203,-0.203034953088579,1.4479214462809917
0.16159281,0.02681496,70274.297,0.639864963740203,-0.19537325727024513,1.4519482851239671
0.16159281,0.028743785,70475.992,0.639864963740203,-0.18771156145191123,1.4561155371900827
0.16159281,0.030672612,70680.383,0.639864963740203,-0.18004985768915957,1.4603384917355373
0.16159281,0.032601438,70883.461,0.639864963740203,-0.17238815789861678,1.464534318181818
0.16159281,0.03453026,71081.922,0.639864963740203,-0.1647264739969096,1.4686347520661158
0.16159281,0.036459088,71272.523,0.639864963740203,-0.15706476626194904,1.4725727892561984
0.16159281,0.03838791,71453.516,0.639864963740203,-0.14940308236024183,1.4763123140495868
0.16159281,0.040316738,71623.406,0.639864963740203,-0.14174137462528127,1.479822438016529
0.16159281,0.042245559,71782.477,0.639864963740203,-0.13407969469578296,1.48310902892562
0.16159281,0.044174388,71930.547,0.639864963740203,-0.12641798298861348,1.486168326446281
0.16159281,0.046103209,72069.375,0.639864963740203,-0.11875630305911519,1.489036673553719
0.16159281,0.048032038,72199.781,0.639864963740203,-0.11109459135194574,1.4917310123966943
0.16159281,0.049960859,72323.492,0.639864963740203,-0.10343291142244741,1.4942870247933884
0.16159281,0.051889684,72440.523,0.639864963740203,-0.09577121560411354,1.496705020661157
0.16159281,0.053818509,72550.25,0.639864963740203,-0.08810951978577966,1.4989721074380165
0.16159281,0.055747338,72652.977,0.639864963740203,-0.0804478080786102,1.5010945661157025
0.16159281,0.057676159,72748.484,0.639864963740203,-0.07278612814911191,1.5030678512396694
0.16159281,0.059604988,72835.633,0.639864963740203,-0.06512441644194245,1.5048684504132233
0.16159281,0.061533809,72915.195,0.639864963740203,-0.05746273651244412,1.5065122933884298
0.16159281,0.063462637,72986.32,0.639864963740203,-0.04980102877748356,1.5079818181818183
0.16159281,0.065391466,73049.758,0.639864963740203,-0.04213931707031413,1.5092925206611572
0.16159281,0.067320287,73104.227,0.639864963740203,-0.034477637140815774,1.5104179132231406
0.16159281,0.069249108,73148.383,0.639864963740203,-0.02681595721131748,1.5113302272727274
0.16159281,0.071177937,73180.648,0.639864963740203,-0.01915424550414805,1.5119968595041322
0.16159281,0.073106766,73199.711,0.639864963740203,-0.011492533796978567,1.5123907231404958
0.16159281,0.075035587,73204.352,0.639864963740203,-0.003830853867480268,1.512486611570248
0.16159281,0.076964408,73194.82,0.639864963740203,0.0038308260620180308,1.5122896694214878
0.16159281,0.078893237,73171.289,0.639864963740203,0.011492537769187513,1.5118034917355372
0.16159281,0.080822065,73133.727,0.639864963740203,0.01915424550414805,1.511027417355372
0.16159281,0.082750887,73084.195,0.639864963740203,0.02681592940585524,1.51000402892562
0.16159281,0.084679708,73023.641,0.639864963740203,0.03447760933535359,1.5087529132231405
0.16159281,0.086608537,72953.875,0.639864963740203,0.04213932104252302,1.5073114669421488
0.16159281,0.088537365,72876.328,0.639864963740203,0.049801028777483616,1.505709256198347
0.16159281,0.090466186,72791.055,0.639864963740203,0.05746270870698191,1.5039474173553717
0.16159281,0.092395008,72697.75,0.639864963740203,0.0651243926086891,1.5020196280991736
0.16159281,0.094323844,72597.078,0.639864963740203,0.07278613212132082,1.4999396280991735
0.16159281,0.096252665,72488.297,0.639864963740203,0.08044781205081912,1.4976920867768597
0.16159281,0.098181486,72372.383,0.639864963740203,0.08810949198031742,1.4952971694214876
0.16159281,0.10011031,72250.211,0.639864963740203,0.0957711838264424,1.4927729545454544
0.16159281,0.10203914,72120.836,0.639864963740203,0.10343289950582077,1.4900999173553717
0.16159281,0.10396796,71985.891,0.639864963740203,0.11109457546311018,1.4873117975206611
0.16159281,0.10589679,71843.711,0.639864963740203,0.11875629114248855,1.484374194214876
0.16159281,0.10782561,71693.914,0.639864963740203,0.12641796709977796,1.4812792148760332
0.16159281,0.10975444,71534.141,0.639864963740203,0.13407968277915627,1.4779781198347108
0.16159281,0.11168326,71364.266,0.639864963740203,0.14174135873644575,1.474468305785124
0.16159281,0.11361209,71183.625,0.639864963740203,0.14940307441582407,1.4707360537190082
0.16159281,0.11554092,70992.906,0.639864963740203,0.15706479009520244,1.4667955785123967
0.16159281,0.11746974,70793.281,0.639864963740203,0.16472646605249183,1.4626710950413224
0.16159281,0.11939856,70586.992,0.639864963740203,0.17238814200978125,1.4584089256198347
0.16159281,0.12132739,70376.75,0.639864963740203,0.18004985768915957,1.4540650826446282
0.16159281,0.12325621,70165.844,0.639864963740203,0.18771153364644902,1.449707520661157
0.16159281,0.12518504,69958.148,0.639864963740203,0.19537324932582734,1.4454162809917355
0.16159281,0.12711386,69757.555,0.639864963740203,0.20303492528311676,1.441271797520661
0.16159281,0.12904269,69566.406,0.639864963740203,0.21069664096249507,1.437322438016529
0.16159281,0.13089341,69393.023,0.639864963740203,0.21804808740522932,1.4337401446280993
0.16159281,0.13258547,69242.242,0.639864963740203,0.22476930318497618,1.4306248347107438
0.16159281,0.13412371,69109.023,0.639864963740203,0.23087951379277827,1.4278723760330578
0.16159281,0.1355221,68988.734,0.639864963740203,0.23643421098687306,1.4253870661157024
0.16159281,0.13679338,68875.742,0.639864963740203,0.24148400070855927,1.423052520661157
0.16159281,0.13794906,68766.07,0.639864963740203,0.24607460308219725,1.420786570247934
0.16159281,0.1389997,68657.609,0.639864963740203,0.2502479646336984,1.4185456404958676
0.16507988,0.013000302,68547.789,0.6537163342052464,-0.25024796463369836,1.416276632231405
0.16507988,0.014050936,68666.32,0.6537163342052464,-0.24607462691545054,1.418725619834711
0.16507988,0.015206633,68784.43,0.6537163342052464,-0.24148395701426148,1.421165909090909
0.16507988,0.0164779,68900.648,0.6537163342052464,-0.2364342189312908,1.4235671074380165
0.16507988,0.017876294,69015.961,0.6537163342052464,-0.23087950584836042,1.4259496074380165
0.16507988,0.019414525,69134.023,0.6537163342052464,-0.22476933099043836,1.4283889049586778
0.16507988,0.021106582,69261.75,0.6537163342052464,-0.21804812712731828,1.4310278925619835
0.16507988,0.02295731,69405.914,0.6537163342052464,-0.2106966489069129,1.4340064876033058
0.16507988,0.024886135,69565.094,0.6537163342052464,-0.203034953088579,1.4372953305785123
0.16507988,0.02681496,69734.844,0.6537163342052464,-0.19537325727024513,1.440802561983471
0.16507988,0.028743785,69913.797,0.6537163342052464,-0.18771156145191123,1.444499938016529
0.16507988,0.030672612,70098.68,0.6537163342052464,-0.18004985768915957,1.4483198347107435
0.16507988,0.032601438,70285.781,0.6537163342052464,-0.17238815789861678,1.4521855578512397
0.16507988,0.03453026,70471.734,0.6537163342052464,-0.1647264739969096,1.456027561983471
0.16507988,0.036459088,70653.539,0.6537163342052464,-0.15706476626194904,1.4597838636363638
0.16507988,0.03838791,70829.859,0.6537163342052464,-0.14940308236024183,1.4634268388429752
0.16507988,0.040316738,70999.82,0.6537163342052464,-0.14174137462528127,1.4669384297520662
0.16507988,0.042245559,71163.898,0.6537163342052464,-0.13407969469578296,1.4703284710743802
0.16507988,0.044174388,71321.789,0.6537163342052464,-0.12641798298861348,1.4735906818181819
0.16507988,0.046103209,71474.672,0.6537163342052464,-0.11875630305911519,1.4767494214876034
0.16507988,0.048032038,71622.812,0.6537163342052464,-0.11109459135194574,1.4798101652892564
0.16507988,0.049960859,71767.125,0.6537163342052464,-0.10343291142244741,1.4827918388429753
0.16507988,0.051889684,71906.828,0.6537163342052464,-0.09577121560411354,1.4856782644628097
0.16507988,0.053818509,72040.875,0.6537163342052464,-0.08810951978577966,1.4884478305785125
0.16507988,0.055747338,72168.727,0.6537163342052464,-0.0804478080786102,1.4910894008264464
0.16507988,0.057676159,72289.352,0.6537163342052464,-0.07278612814911191,1.493581652892562
0.16507988,0.059604988,72400.852,0.6537163342052464,-0.06512441644194245,1.4958853719008265
0.16507988,0.061533809,72502.844,0.6537163342052464,-0.05746273651244412,1.4979926446280991
0.16507988,0.063462637,72593.961,0.6537163342052464,-0.04980102877748356,1.4998752272727272
0.16507988,0.065391466,72673.883,0.6537163342052464,-0.04213931707031413,1.5015265082644629
0.16507988,0.067320287,72741.367,0.6537163342052464,-0.034477637140815774,1.502920805785124
0.16507988,0.069249108,72794.984,0.6537163342052464,-0.02681595721131748,1.5040285950413221
0.16507988,0.071177937,72833.836,0.6537163342052464,-0.01915424550414805,1.5048313223140495
0.16507988,0.073106766,72856.805,0.6537163342052464,-0.011492533796978567,1.5053058884297519
0.16507988,0.075035587,72863.25,0.6537163342052464,-0.003830853867480268,1.5054390495867769
0.16507988,0.076964408,72853.391,0.6537163342052464,0.0038308260620180308,1.5052353512396695
0.16507988,0.078893237,72827.484,0.6537163342052464,0.011492537769187513,1.504700082644628
0.16507988,0.080822065,72785.422,0.6537163342052464,0.01915424550414805,1.5038310330578513
0.16507988,0.082750887,72728.656,0.6537163342052464,0.02681592940585524,1.502658181818182
0.16507988,0.084679708,72657.945,0.6537163342052464,0.03447760933535359,1.5011972107438019
0.16507988,0.086608537,72574.484,0.6537163342052464,0.04213932104252302,1.4994728099173553
0.16507988,0.088537365,72479.859,0.6537163342052464,0.049801028777483616,1.4975177479338841
0.16507988,0.090466186,72374.586,0.6537163342052464,0.05746270870698191,1.495342685950413
0.16507988,0.092395008,72259.125,0.6537163342052464,0.0651243926086891,1.4929571280991736
0.16507988,0.094323844,72134.984,0.6537163342052464,0.07278613212132082,1.4903922314049587
0.16507988,0.096252665,72002.266,0.6537163342052464,0.08044781205081912,1.4876501239669422
0.16507988,0.098181486,71862.773,0.6537163342052464,0.08810949198031742,1.4847680371900827
0.16507988,0.10011031,71718.07,0.6537163342052464,0.0957711838264424,1.4817783057851242
0.16507988,0.10203914,71567.812,0.6537163342052464,0.10343289950582077,1.4786738016528926
0.16507988,0.10396796,71414.078,0.6537163342052464,0.11109457546311018,1.475497479338843
0.16507988,0.10589679,71256.125,0.6537163342052464,0.11875629114248855,1.4722339876033057
0.16507988,0.10782561,71094.164,0.6537163342052464,0.12641796709977796,1.4688876859504134
0.16507988,0.10975444,70926.531,0.6537163342052464,0.13407968277915627,1.465424194214876
0.16507988,0.11168326,70753.391,0.6537163342052464,0.14174135873644575,1.4618469214876033
0.16507988,0.11361209,70574.195,0.6537163342052464,0.14940307441582407,1.4581445247933886
0.16507988,0.11554092,70389.07,0.6537163342052464,0.15706479009520244,1.4543196280991737
0.16507988,0.11746974,70198.609,0.6537163342052464,0.16472646605249183,1.4503844834710744
0.16507988,0.11939856,70004.641,0.6537163342052464,0.17238814200978125,1.4463768801652894
0.16507988,0.12132739,69809.836,0.6537163342052464,0.18004985768915957,1.4423519834710743
0.16507988,0.12325621,69617.688,0.6537163342052464,0.18771153364644902,1.4383819834710743
0.16507988,0.12518504,69431.914,0.6537163342052464,0.19537324932582734,1.4345436776859506
0.16507988,0.12711386,69255.844,0.6537163342052464,0.20303492528311676,1.430905867768595
0.16507988,0.12904269,69090.57,0.6537163342052464,0.21069664096249507,1.4274911157024794
0.16507988,0.13089341,68940.641,0.6537163342052464,0.21804808740522932,1.4243934090909092
0.16507988,0.13258547,68807.273,0.6537163342052464,0.22476930318497618,1.4216378719008265
0.16507988,0.13412371,68683.352,0.6537163342052464,0.23087951379277827,1.419077520661157
0.16507988,0.1355221,68562.195,0.6537163342052464,0.23643421098687306,1.4165742768595042
0.16507988,0.13679338,68440.336,0.6537163342052464,0.24148400070855927,1.4140565289256197
0.16507988,0.13794906,68316.977,0.6537163342052464,0.24607460308219725,1.4115077892561982
0.16507988,0.1389997,68193.398,0.6537163342052464,0.2502479646336984,1.4089545041322313
0.16856694,0.013000302,67862.633,0.667567664948201,-0.25024796463369836,1.4021205165289257
0.16856694,0.014050936,67982.0,0.667567664948201,-0.24607462691545054,1.4045867768595042
0.16856694,0.015206633,68109.094,0.667567664948201,-0.24148395701426148,1.4072126859504133
0.16856694,0.0164779,68240.492,0.667567664948201,-0.2364342189312908,1.409927520661157
0.16856694,0.017876294,68373.609,0.667567664948201,-0.23087950584836042,1.4126778719008264
0.16856694,0.019414525,68507.039,0.667567664948201,-0.22476933099043836,1.4154346900826447
0.16856694,0.021106582,68641.641,0.667567664948201,-0.21804812712731828,1.418215723140496
0.16856694,0.02295731,68780.227,0.667567664948201,-0.2106966489069129,1.421079070247934
0.16856694,0.024886135,68922.102,0.667567664948201,-0.203034953088579,1.4240103719008264
0.16856694,0.02681496,69066.516,0.667567664948201,-0.19537325727024513,1.426994132231405
0.16856694,0.028743785,69216.414,0.667567664948201,-0.18771156145191123,1.4300911983471076
0.16856694,0.030672612,69372.391,0.667567664948201,-0.18004985768915957,1.4333138636363636
0.16856694,0.032601438,69533.578,0.667567664948201,-0.17238815789861678,1.436644173553719
0.16856694,0.03453026,69698.391,0.667567664948201,-0.1647264739969096,1.4400494008264464
0.16856694,0.036459088,69864.812,0.667567664948201,-0.15706476626194904,1.4434878512396696
0.16856694,0.03838791,70031.719,0.667567664948201,-0.14940308236024183,1.4469363429752065
0.16856694,0.040316738,70198.102,0.667567664948201,-0.14174137462528127,1.4503740082644627
0.16856694,0.042245559,70363.844,0.667567664948201,-0.13407969469578296,1.453798429752066
0.16856694,0.044174388,70527.891,0.667567664948201,-0.12641798298861348,1.4571878305785124
0.16856694,0.046103209,70690.5,0.667567664948201,-0.11875630305911519,1.4605475206611571
0.16856694,0.048032038,70851.156,0.667567664948201,-0.11109459135194574,1.4638668595041322
0.16856694,0.049960859,71010.164,0.667567664948201,-0.10343291142244741,1.4671521487603307
0.16856694,0.051889684,71166.227,0.667567664948201,-0.09577121560411354,1.470376590909091
0.16856694,0.053818509,71318.125,0.667567664948201,-0.08810951978577966,1.473514979338843
0.16856694,0.055747338,71464.68,0.667567664948201,-0.0804478080786102,1.4765429752066115
0.16856694,0.057676159,71604.203,0.667567664948201,-0.07278612814911191,1.4794256818181817
0.16856694,0.059604988,71734.078,0.667567664948201,-0.06512441644194245,1.4821090495867768
0.16856694,0.061533809,71852.781,0.667567664948201,-0.05746273651244412,1.484561590909091
0.16856694,0.063462637,71958.391,0.667567664948201,-0.04980102877748356,1.4867436157024794
0.16856694,0.065391466,72050.117,0.667567664948201,-0.04213931707031413,1.4886387809917354
0.16856694,0.067320287,72126.875,0.667567664948201,-0.034477637140815774,1.4902246900826446
0.16856694,0.069249108,72187.227,0.667567664948201,-0.02681595721131748,1.491471632231405
0.16856694,0.071177937,72230.852,0.667567664948201,-0.01915424550414805,1.4923729752066115
0.16856694,0.073106766,72256.867,0.667567664948201,-0.011492533796978567,1.4929104752066116
0.16856694,0.075035587,72265.07,0.667567664948201,-0.003830853867480268,1.4930799586776862
0.16856694,0.076964408,72255.633,0.667567664948201,0.0038308260620180308,1.492884979338843
0.16856694,0.078893237,72228.758,0.667567664948201,0.011492537769187513,1.4923297107438016
0.16856694,0.080822065,72184.227,0.667567664948201,0.01915424550414805,1.4914096487603306
0.16856694,0.082750887,72122.891,0.667567664948201,0.02681592940585524,1.4901423760330579
0.16856694,0.084679708,72045.312,0.667567664948201,0.03447760933535359,1.4885395041322316
0.16856694,0.086608537,71952.227,0.667567664948201,0.04213932104252302,1.4866162603305786
0.16856694,0.088537365,71845.375,0.667567664948201,0.049801028777483616,1.4844085743801654
0.16856694,0.090466186,71725.508,0.667567664948201,0.05746270870698191,1.4819319834710745
0.16856694,0.092395008,71593.508,0.667567664948201,0.0651243926086891,1.4792047107438018
0.16856694,0.094323844,71451.805,0.667567664948201,0.07278613212132082,1.4762769628099173
0.16856694,0.096252665,71301.398,0.667567664948201,0.08044781205081912,1.4731693801652892
0.16856694,0.098181486,71144.758,0.667567664948201,0.08810949198031742,1.4699330165289257
0.16856694,0.10011031,70983.922,0.667567664948201,0.0957711838264424,1.4666099586776862
0.16856694,0.10203914,70818.969,0.667567664948201,0.10343289950582077,1.463201838842975
0.16856694,0.10396796,70652.18,0.667567664948201,0.11109457546311018,1.4597557851239669
0.16856694,0.10589679,70483.43,0.667567664948201,0.11875629114248855,1.456269214876033
0.16856694,0.10782561,70313.414,0.667567664948201,0.12641796709977796,1.452756487603306
0.16856694,0.10975444,70141.422,0.667567664948201,0.13407968277915627,1.4492029338842976
0.16856694,0.11168326,69968.25,0.667567664948201,0.14174135873644575,1.445625
0.16856694,0.11361209,69794.094,0.667567664948201,0.14940307441582407,1.44202673553719
0.16856694,0.11554092,69619.375,0.667567664948201,0.15706479009520244,1.4384168388429752
0.16856694,0.11746974,69444.867,0.667567664948201,0.16472646605249183,1.4348113016528925
0.16856694,0.11939856,69272.07,0.667567664948201,0.17238814200978125,1.4312411157024796
0.16856694,0.12132739,69102.82,0.667567664948201,0.18004985768915957,1.4277442148760333
0.16856694,0.12325621,68939.016,0.667567664948201,0.18771153364644902,1.4243598347107438
0.16856694,0.12518504,68781.633,0.667567664948201,0.19537324932582734,1.4211081198347109
0.16856694,0.12711386,68630.219,0.667567664948201,0.20303492528311676,1.4179797314049587
0.16856694,0.12904269,68481.609,0.667567664948201,0.21069664096249507,1.414909276859504
0.16856694,0.13089341,68336.406,0.667567664948201,0.21804808740522932,1.411909214876033
0.16856694,0.13258547,68195.242,0.667567664948201,0.22476930318497618,1.4089926033057851
0.16856694,0.13412371,68055.219,0.667567664948201,0.23087951379277827,1.4060995661157025
0.16856694,0.1355221,67915.602,0.667567664948201,0.23643421098687306,1.4032149173553718
0.16856694,0.13679338,67778.164,0.667567664948201,0.24148400070855927,1.4003752892561985
0.16856694,0.13794906,67645.867,0.667567664948201,0.24607460308219725,1.3976418801652892
0.16856694,0.1389997,67521.93,0.667567664948201,0.2502479646336984,1.3950811983471072
0.17205401,0.013000302,67021.836,0.6814190354132446,-0.25024796463369836,1.3847486776859503
0.17205401,0.014050936,67123.086,0.6814190354132446,-0.24607462691545054,1.3868406198347107
0.17205401,0.015206633,67239.625,0.6814190354132446,-0.24148395701426148,1.3892484504132232
0.17205401,0.0164779,67369.453,0.6814190354132446,-0.2364342189312908,1.3919308471074379
0.17205401,0.017876294,67509.547,0.6814190354132446,-0.23087950584836042,1.3948253512396696
0.17205401,0.019414525,67655.719,0.6814190354132446,-0.22476933099043836,1.3978454338842974
0.17205401,0.021106582,67803.469,0.6814190354132446,-0.21804812712731828,1.4008981198347108
0.17205401,0.02295731,67948.914,0.6814190354132446,-0.2106966489069129,1.403903181818182
0.17205401,0.024886135,68086.094,0.6814190354132446,-0.203034953088579,1.406737479338843
0.17205401,0.02681496,68213.648,0.6814190354132446,-0.19537325727024513,1.4093728925619835
0.17205401,0.028743785,68337.656,0.6814190354132446,-0.18771156145191123,1.4119350413223142
0.17205401,0.030672612,68463.031,0.6814190354132446,-0.18004985768915957,1.4145254338842976
0.17205401,0.032601438,68593.219,0.6814190354132446,-0.17238815789861678,1.4172152685950412
0.17205401,0.03453026,68730.102,0.6814190354132446,-0.1647264739969096,1.420043429752066
0.17205401,0.036459088,68873.945,0.6814190354132446,-0.15706476626194904,1.4230153925619835
0.17205401,0.03838791,69024.516,0.6814190354132446,-0.14940308236024183,1.4261263636363637
0.17205401,0.040316738,69180.836,0.6814190354132446,-0.14174137462528127,1.4293561157024792
0.17205401,0.042245559,69342.062,0.6814190354132446,-0.13407969469578296,1.4326872314049588
0.17205401,0.044174388,69506.109,0.6814190354132446,-0.12641798298861348,1.436076632231405
0.17205401,0.046103209,69671.961,0.6814190354132446,-0.11875630305911519,1.4395033264462809
0.17205401,0.048032038,69837.977,0.6814190354132446,-0.11109459135194574,1.4429334090909092
0.17205401,0.049960859,70003.703,0.6814190354132446,-0.10343291142244741,1.4463575
0.17205401,0.051889684,70167.398,0.6814190354132446,-0.09577121560411354,1.4497396280991737
0.17205401,0.053818509,70327.812,0.6814190354132446,-0.08810951978577966,1.453053966942149
0.17205401,0.055747338,70483.555,0.6814190354132446,-0.0804478080786102,1.456271797520661
0.17205401,0.057676159,70632.656,0.6814190354132446,-0.07278612814911191,1.459352396694215
0.17205401,0.059604988,70772.25,0.6814190354132446,-0.06512441644194245,1.4622365702479339
0.17205401,0.061533809,70900.266,0.6814190354132446,-0.05746273651244412,1.4648815289256198
0.17205401,0.063462637,71014.641,0.6814190354132446,-0.04980102877748356,1.4672446487603306
0.17205401,0.065391466,71114.109,0.6814190354132446,-0.04213931707031413,1.4692997727272727
0.17205401,0.067320287,71197.555,0.6814190354132446,-0.034477637140815774,1.4710238636363635
0.17205401,0.069249108,71263.352,0.6814190354132446,-0.02681595721131748,1.4723833057851239
0.17205401,0.071177937,71311.312,0.6814190354132446,-0.01915424550414805,1.4733742148760332
0.17205401,0.073106766,71340.445,0.6814190354132446,-0.011492533796978567,1.4739761363636366
0.17205401,0.075035587,71350.602,0.6814190354132446,-0.003830853867480268,1.474185991735537
0.17205401,0.076964408,71341.828,0.6814190354132446,0.0038308260620180308,1.4740047107438015
0.17205401,0.078893237,71314.312,0.6814190354132446,0.011492537769187513,1.4734361983471076
0.17205401,0.080822065,71267.875,0.6814190354132446,0.01915424550414805,1.4724767561983472
0.17205401,0.082750887,71203.141,0.6814190354132446,0.02681592940585524,1.4711392768595042
0.17205401,0.084679708,71120.883,0.6814190354132446,0.03447760933535359,1.4694397314049588
0.17205401,0.086608537,71021.672,0.6814190354132446,0.04213932104252302,1.467389917355372
0.17205401,0.088537365,70907.516,0.6814190354132446,0.049801028777483616,1.4650313223140496
0.17205401,0.090466186,70779.461,0.6814190354132446,0.05746270870698191,1.4623855578512395
0.17205401,0.092395008,70638.805,0.6814190354132446,0.0651243926086891,1.4594794421487602
0.17205401,0.094323844,70488.266,0.6814190354132446,0.07278613212132082,1.456369132231405
0.17205401,0.096252665,70329.305,0.6814190354132446,0.08044781205081912,1.4530848140495867
0.17205401,0.098181486,70164.672,0.6814190354132446,0.08810949198031742,1.4496833057851242
0.17205401,0.10011031,69996.531,0.6814190354132446,0.0957711838264424,1.4462093181818183
0.17205401,0.10203914,69825.125,0.6814190354132446,0.10343289950582077,1.4426678719008263
0.17205401,0.10396796,69652.742,0.6814190354132446,0.11109457546311018,1.4391062396694214
0.17205401,0.10589679,69479.906,0.6814190354132446,0.11875629114248855,1.4355352479338843
0.17205401,0.10782561,69307.977,0.6814190354132446,0.12641796709977796,1.4319829958677686
0.17205401,0.10975444,69137.508,0.6814190354132446,0.13407968277915627,1.428460909090909
0.17205401,0.11168326,68970.266,0.6814190354132446,0.14174135873644575,1.4250054958677687
0.17205401,0.11361209,68807.484,0.6814190354132446,0.14940307441582407,1.4216422314049586
0.17205401,0.11554092,68650.102,0.6814190354132446,0.15706479009520244,1.4183905371900827
0.17205401,0.11746974,68498.898,0.6814190354132446,0.16472646605249183,1.4152664876033059
0.17205401,0.11939856,68354.367,0.6814190354132446,0.17238814200978125,1.4122803099173553
0.17205401,0.12132739,68216.172,0.6814190354132446,0.18004985768915957,1.4094250413223142
0.17205401,0.12325621,68082.688,0.6814190354132446,0.18771153364644902,1.4066671074380164
0.17205401,0.12518504,67950.633,0.6814190354132446,0.19537324932582734,1.4039386983471074
0.17205401,0.12711386,67815.062,0.6814190354132446,0.20303492528311676,1.4011376446280992
0.17205401,0.12904269,67669.773,0.6814190354132446,0.21069664096249507,1.398135805785124
0.17205401,0.13089341,67516.281,0.6814190354132446,0.21804808740522932,1.3949644834710744
0.17205401,0.13258547,67360.898,0.6814190354132446,0.22476930318497618,1.3917540909090909
0.17205401,0.13412371,67207.797,0.6814190354132446,0.23087951379277827,1.3885908471074382
0.17205401,0.1355221,67061.648,0.6814190354132446,0.23643421098687306,1.3855712396694215
0.17205401,0.13679338,66926.875,0.6814190354132446,0.24148400070855927,1.382786673553719
0.17205401,0.13794906,66806.461,0.6814190354132446,0.24607460308219725,1.3802987809917355
0.17205401,0.1389997,66702.273,0.6814190354132446,0.2502479646336984,1.3781461363636365
0.17554107,0.013000302,66053.18,0.695270366156199,-0.25024796463369836,1.364735123966942
0.17554107,0.014050936,66134.406,0.695270366156199,-0.24607462691545054,1.366413347107438
0.17554107,0.015206633,66228.336,0.695270366156199,-0.24148395701426148,1.3683540495867768
0.17554107,0.0164779,66336.68,0.695270366156199,-0.2364342189312908,1.370592561983471
0.17554107,0.017876294,66459.891,0.695270366156199,-0.23087950584836042,1.373138243801653
0.17554107,0.019414525,66596.156,0.695270366156199,-0.22476933099043836,1.3759536363636364
0.17554107,0.021106582,66740.781,0.695270366156199,-0.21804812712731828,1.3789417561983472
0.17554107,0.02295731,66886.336,0.695270366156199,-0.2106966489069129,1.3819490909090908
0.17554107,0.024886135,67021.125,0.695270366156199,-0.203034953088579,1.3847339876033058
0.17554107,0.02681496,67139.547,0.695270366156199,-0.19537325727024513,1.387180723140496
0.17554107,0.028743785,67246.391,0.695270366156199,-0.18771156145191123,1.389388243801653
0.17554107,0.030672612,67347.922,0.695270366156199,-0.18004985768915957,1.3914859917355373
0.17554107,0.032601438,67450.469,0.695270366156199,-0.17238815789861678,1.3936047314049587
0.17554107,0.03453026,67559.023,0.695270366156199,-0.1647264739969096,1.3958475826446282
0.17554107,0.036459088,67676.641,0.695270366156199,-0.15706476626194904,1.3982777066115704
0.17554107,0.03838791,67805.008,0.695270366156199,-0.14940308236024183,1.400929917355372
0.17554107,0.040316738,67944.125,0.695270366156199,-0.14174137462528127,1.40380423553719
0.17554107,0.042245559,68093.078,0.695270366156199,-0.13407969469578296,1.406881776859504
0.17554107,0.044174388,68249.148,0.695270366156199,-0.12641798298861348,1.4101063636363638
0.17554107,0.046103209,68410.133,0.695270366156199,-0.11875630305911519,1.4134325
0.17554107,0.048032038,68573.234,0.695270366156199,-0.11109459135194574,1.4168023553719007
0.17554107,0.049960859,68737.031,0.695270366156199,-0.10343291142244741,1.420186590909091
0.17554107,0.051889684,68899.266,0.695270366156199,-0.09577121560411354,1.4235385537190084
0.17554107,0.053818509,69058.672,0.695270366156199,-0.08810951978577966,1.4268320661157026
0.17554107,0.055747338,69213.844,0.695270366156199,-0.0804478080786102,1.4300380991735537
0.17554107,0.057676159,69362.836,0.695270366156199,-0.07278612814911191,1.4331164462809916
0.17554107,0.059604988,69502.906,0.695270366156199,-0.06512441644194245,1.4360104545454546
0.17554107,0.061533809,69631.805,0.695270366156199,-0.05746273651244412,1.4386736570247933
0.17554107,0.063462637,69747.555,0.695270366156199,-0.04980102877748356,1.441065185950413
0.17554107,0.065391466,69848.656,0.695270366156199,-0.04213931707031413,1.443154049586777
0.17554107,0.067320287,69933.906,0.695270366156199,-0.034477637140815774,1.4449154132231405
0.17554107,0.069249108,70001.523,0.695270366156199,-0.02681595721131748,1.4463124586776859
0.17554107,0.071177937,70051.352,0.695270366156199,-0.01915424550414805,1.4473419834710743
0.17554107,0.073106766,70082.125,0.695270366156199,-0.011492533796978567,1.4479777892561982
0.17554107,0.075035587,70093.656,0.695270366156199,-0.003830853867480268,1.4482160330578513
0.17554107,0.076964408,70085.805,0.695270366156199,0.0038308260620180308,1.4480538223140493
0.17554107,0.078893237,70058.75,0.695270366156199,0.011492537769187513,1.4474948347107437
0.17554107,0.080822065,70012.43,0.695270366156199,0.01915424550414805,1.4465378099173551
0.17554107,0.082750887,69947.422,0.695270366156199,0.02681592940585524,1.4451946694214877
0.17554107,0.084679708,69864.812,0.695270366156199,0.03447760933535359,1.4434878512396696
0.17554107,0.086608537,69765.078,0.695270366156199,0.04213932104252302,1.4414272314049585
0.17554107,0.088537365,69650.406,0.695270366156199,0.049801028777483616,1.4390579752066117
0.17554107,0.090466186,69522.055,0.695270366156199,0.05746270870698191,1.4364060950413222
0.17554107,0.092395008,69381.438,0.695270366156199,0.0651243926086891,1.4335007851239667
0.17554107,0.094323844,69231.281,0.695270366156199,0.07278613212132082,1.4303983677685952
0.17554107,0.096252665,69073.164,0.695270366156199,0.08044781205081912,1.4271314876033059
0.17554107,0.098181486,68909.828,0.695270366156199,0.08810949198031742,1.423756776859504
0.17554107,0.10011031,68743.359,0.695270366156199,0.0957711838264424,1.4203173347107438
0.17554107,0.10203914,68574.094,0.695270366156199,0.10343289950582077,1.416820123966942
0.17554107,0.10396796,68404.32,0.695270366156199,0.11109457546311018,1.413312396694215
0.17554107,0.10589679,68235.289,0.695270366156199,0.11875629114248855,1.409820020661157
0.17554107,0.10782561,68069.172,0.695270366156199,0.12641796709977796,1.4063878512396695
0.17554107,0.10975444,67907.867,0.695270366156199,0.13407968277915627,1.4030551033057852
0.17554107,0.11168326,67754.016,0.695270366156199,0.14174135873644575,1.3998763636363638
0.17554107,0.11361209,67609.562,0.695270366156199,0.14940307441582407,1.3968917768595042
0.17554107,0.11554092,67475.336,0.695270366156199,0.15706479009520244,1.3941185123966942
0.17554107,0.11746974,67351.141,0.695270366156199,0.16472646605249183,1.3915525
0.17554107,0.11939856,67235.453,0.695270366156199,0.17238814200978125,1.3891622520661155
0.17554107,0.12132739,67125.203,0.695270366156199,0.18004985768915957,1.386884359504132
0.17554107,0.12325621,67015.383,0.695270366156199,0.18771153364644902,1.3846153512396695
0.17554107,0.12518504,66899.758,0.695270366156199,0.19537324932582734,1.3822264049586777
0.17554107,0.12711386,66772.078,0.695270366156199,0.20303492528311676,1.379588388429752
0.17554107,0.12904269,66627.727,0.695270366156199,0.21069664096249507,1.376605929752066
0.17554107,0.13089341,66473.016,0.695270366156199,0.21804808740522932,1.3734094214876034
0.17554107,0.13258547,66320.383,0.695270366156199,0.22476930318497618,1.370255847107438
0.17554107,0.13412371,66177.508,0.695270366156199,0.23087951379277827,1.3673038842975207
0.17554107,0.1355221,66048.992,0.695270366156199,0.23643421098687306,1.3646485950413223
0.17554107,0.13679338,65936.422,0.695270366156199,0.24148400070855927,1.3623227685950414
0.17554107,0.13794906,65838.867,0.695270366156199,0.24607460308219725,1.3603071694214877
0.17554107,0.1389997,65754.445,0.695270366156199,0.2502479646336984,1.3585629132231407
0.17902812,0.013000302,64929.312,0.7091216571770648,-0.25024796463369836,1.3415147107438017
0.17902812,0.014050936,65000.027,0.7091216571770648,-0.24607462691545054,1.34297576446281
0.17902812,0.015206633,65077.469,0.7091216571770648,-0.24148395701426148,1.3445758057851238
0.17902812,0.0164779,65163.254,0.7091216571770648,-0.2364342189312908,1.346348223140496
0.17902812,0.017876294,65259.543,0.7091216571770648,-0.23087950584836042,1.3483376652892562
0.17902812,0.019414525,65367.965,0.7091216571770648,-0.22476933099043836,1.3505777892561983
0.17902812,0.021106582,65487.898,0.7091216571770648,-0.21804812712731828,1.3530557438016528
0.17902812,0.02295731,65614.867,0.7091216571770648,-0.2106966489069129,1.3556790702479338
0.17902812,0.024886135,65736.922,0.7091216571770648,-0.203034953088579,1.358200867768595
0.17902812,0.02681496,65845.406,0.7091216571770648,-0.19537325727024513,1.3604422727272727
0.17902812,0.028743785,65941.219,0.7091216571770648,-0.18771156145191123,1.3624218801652892
0.17902812,0.030672612,66028.195,0.7091216571770648,-0.18004985768915957,1.364218904958678
0.17902812,0.032601438,66112.016,0.7091216571770648,-0.17238815789861678,1.365950743801653
0.17902812,0.03453026,66198.406,0.7091216571770648,-0.1647264739969096,1.3677356611570248
0.17902812,0.036459088,66292.094,0.7091216571770648,-0.15706476626194904,1.3696713636363635
0.17902812,0.03838791,66396.711,0.7091216571770648,-0.14940308236024183,1.3718328719008264
0.17902812,0.040316738,66513.953,0.7091216571770648,-0.14174137462528127,1.374255227272727
0.17902812,0.042245559,66643.797,0.7091216571770648,-0.13407969469578296,1.3769379545454548
0.17902812,0.044174388,66783.82,0.7091216571770648,-0.12641798298861348,1.3798309917355374
0.17902812,0.046103209,66931.312,0.7091216571770648,-0.11875630305911519,1.3828783471074382
0.17902812,0.048032038,67082.766,0.7091216571770648,-0.11109459135194574,1.386007561983471
0.17902812,0.049960859,67235.93,0.7091216571770648,-0.10343291142244741,1.3891721074380163
0.17902812,0.051889684,67388.086,0.7091216571770648,-0.09577121560411354,1.392315826446281
0.17902812,0.053818509,67537.906,0.7091216571770648,-0.08810951978577966,1.3954112809917356
0.17902812,0.055747338,67684.047,0.7091216571770648,-0.0804478080786102,1.398430723140496
0.17902812,0.057676159,67824.789,0.7091216571770648,-0.07278612814911191,1.4013386157024794
0.17902812,0.059604988,67957.703,0.7091216571770648,-0.06512441644194245,1.4040847727272725
0.17902812,0.061533809,68080.547,0.7091216571770648,-0.05746273651244412,1.4066228719008265
0.17902812,0.063462637,68191.461,0.7091216571770648,-0.04980102877748356,1.4089144834710743
0.17902812,0.065391466,68288.742,0.7091216571770648,-0.04213931707031413,1.4109244214876033
0.17902812,0.067320287,68371.102,0.7091216571770648,-0.034477637140815774,1.4126260743801653
0.17902812,0.069249108,68436.641,0.7091216571770648,-0.02681595721131748,1.4139801859504133
0.17902812,0.071177937,68485.234,0.7091216571770648,-0.01915424550414805,1.414984173553719
0.17902812,0.073106766,68515.539,0.7091216571770648,-0.011492533796978567,1.4156103099173554
0.17902812,0.075035587,68527.391,0.7091216571770648,-0.003830853867480268,1.4158551859504134
0.17902812,0.076964408,68520.617,0.7091216571770648,0.0038308260620180308,1.4157152272727271
0.17902812,0.078893237,68495.352,0.7091216571770648,0.011492537769187513,1.4151932231404958
0.17902812,0.080822065,68451.57,0.7091216571770648,0.01915424550414805,1.4142886363636364
0.17902812,0.082750887,68389.711,0.7091216571770648,0.02681592940585524,1.4130105578512395
0.17902812,0.084679708,68311.023,0.7091216571770648,0.03447760933535359,1.4113847727272728
0.17902812,0.086608537,68215.852,0.7091216571770648,0.04213932104252302,1.409418429752066
0.17902812,0.088537365,68106.484,0.7091216571770648,0.049801028777483616,1.4071587603305784
0.17902812,0.090466186,67984.289,0.7091216571770648,0.05746270870698191,1.404634070247934
0.17902812,0.092395008,67850.766,0.7091216571770648,0.0651243926086891,1.4018753305785125
0.17902812,0.094323844,67708.531,0.7091216571770648,0.07278613212132082,1.398936590909091
0.17902812,0.096252665,67559.18,0.7091216571770648,0.08044781205081912,1.3958508264462808
0.17902812,0.098181486,67405.266,0.7091216571770648,0.08810949198031742,1.392670785123967
0.17902812,0.10011031,67248.648,0.7091216571770648,0.0957711838264424,1.389434876033058
0.17902812,0.10203914,67089.781,0.7091216571770648,0.10343289950582077,1.3861525000000001
0.17902812,0.10396796,66930.953,0.7091216571770648,0.11109457546311018,1.382870929752066
0.17902812,0.10589679,66774.086,0.7091216571770648,0.11875629114248855,1.3796298760330579
0.17902812,0.10782561,66622.016,0.7091216571770648,0.12641796709977796,1.3764879338842977
0.17902812,0.10975444,66477.484,0.7091216571770648,0.13407968277915627,1.37350173553719
0.17902812,0.11168326,66343.445,0.7091216571770648,0.14174135873644575,1.3707323347107438
0.17902812,0.11361209,66221.656,0.7091216571770648,0.14940307441582407,1.3682160330578512
0.17902812,0.11554092,66111.914,0.7091216571770648,0.15706479009520244,1.3659486363636364
0.17902812,0.11746974,66012.32,0.7091216571770648,0.16472646605249183,1.3638909090909093
0.17902812,0.11939856,65919.32,0.7091216571770648,0.17238814200978125,1.3619694214876035
0.17902812,0.12132739,65828.094,0.7091216571770648,0.18004985768915957,1.3600845867768594
0.17902812,0.12325621,65732.812,0.7091216571770648,0.18771153364644902,1.3581159504132232
0.17902812,0.12518504,65627.891,0.7091216571770648,0.19537324932582734,1.3559481611570248
0.17902812,0.12711386,65509.676,0.7091216571770648,0.20303492528311676,1.3535057024793389
0.17902812,0.12904269,65377.656,0.7091216571770648,0.21069664096249507,1.3507780165289256
0.17902812,0.13089341,65241.504,0.7091216571770648,0.21804808740522932,1.347964958677686
0.17902812,0.13258547,65113.762,0.7091216571770648,0.22476930318497618,1.3453256611570248
0.17902812,0.13412371,64998.973,0.7091216571770648,0.23087951379277827,1.3429539876033056
0.17902812,0.1355221,64897.352,0.7091216571770648,0.23643421098687306,1.3408543801652892
0.17902812,0.13679338,64806.891,0.7091216571770648,0.24148400070855927,1.3389853512396694
0.17902812,0.13794906,64725.078,0.7091216571770648,0.24607460308219725,1.3372950000000001
0.17902812,0.1389997,64650.312,0.7091216571770648,0.2502479646336984,1.3357502479338843
0.18251519,0.013000302,63667.434,0.7229730276421081,-0.25024796463369836,1.3154428512396694
0.18251519,0.014050936,63724.281,0.7229730276421081,-0.24607462691545054,1.316617376033058
0.18251519,0.015206633,63786.031,0.7229730276421081,-0.24148395701426148,1.3178932024793388
0.18251519,0.0164779,63852.027,0.7229730276421081,-0.2364342189312908,1.319256756198347
0.18251519,0.017876294,63923.262,0.7229730276421081,-0.23087950584836042,1.3207285537190083
0.18251519,0.019414525,64001.57,0.7229730276421081,-0.22476933099043836,1.3223464876033058
0.18251519,0.021106582,64088.664,0.7229730276421081,-0.21804812712731828,1.3241459504132231
0.18251519,0.02295731,64184.465,0.7229730276421081,-0.2106966489069129,1.3261253099173553
0.18251519,0.024886135,64282.102,0.7229730276421081,-0.203034953088579,1.328142603305785
0.18251519,0.02681496,64374.223,0.7229730276421081,-0.19537325727024513,1.3300459297520661
0.18251519,0.028743785,64459.031,0.7229730276421081,-0.18771156145191123,1.3317981611570249
0.18251519,0.030672612,64536.777,0.7229730276421081,-0.18004985768915957,1.3334044834710743
0.18251519,0.032601438,64609.949,0.7229730276421081,-0.17238815789861678,1.3349163016528927
0.18251519,0.03453026,64682.348,0.7229730276421081,-0.1647264739969096,1.3364121487603304
0.18251519,0.036459088,64758.25,0.7229730276421081,-0.15706476626194904,1.3379803719008265
0.18251519,0.03838791,64841.941,0.7229730276421081,-0.14940308236024183,1.3397095247933883
0.18251519,0.040316738,64936.57,0.7229730276421081,-0.14174137462528127,1.3416646694214875
0.18251519,0.042245559,65043.566,0.7229730276421081,-0.13407969469578296,1.3438753305785123
0.18251519,0.044174388,65161.711,0.7229730276421081,-0.12641798298861348,1.3463163429752067
0.18251519,0.046103209,65288.777,0.7229730276421081,-0.11875630305911519,1.348941673553719
0.18251519,0.048032038,65421.312,0.7229730276421081,-0.11109459135194574,1.35168
0.18251519,0.049960859,65556.742,0.7229730276421081,-0.10343291142244741,1.3544781404958677
0.18251519,0.051889684,65692.062,0.7229730276421081,-0.09577121560411354,1.357274008264463
0.18251519,0.053818509,65825.891,0.7229730276421081,-0.08810951978577966,1.360039070247934
0.18251519,0.055747338,65956.938,0.7229730276421081,-0.0804478080786102,1.3627466528925618
0.18251519,0.057676159,66083.727,0.7229730276421081,-0.07278612814911191,1.3653662603305785
0.18251519,0.059604988,66204.188,0.7229730276421081,-0.06512441644194245,1.367855123966942
0.18251519,0.061533809,66316.164,0.7229730276421081,-0.05746273651244412,1.3701686776859505
0.18251519,0.063462637,66417.828,0.7229730276421081,-0.04980102877748356,1.372269173553719
0.18251519,0.065391466,66507.219,0.7229730276421081,-0.04213931707031413,1.3741160950413223
0.18251519,0.067320287,66582.898,0.7229730276421081,-0.034477637140815774,1.3756797107438017
0.18251519,0.069249108,66642.945,0.7229730276421081,-0.02681595721131748,1.3769203512396695
0.18251519,0.071177937,66687.406,0.7229730276421081,-0.01915424550414805,1.377838966942149
0.18251519,0.073106766,66715.109,0.7229730276421081,-0.011492533796978567,1.3784113429752065
0.18251519,0.075035587,66726.156,0.7229730276421081,-0.003830853867480268,1.3786395867768595
0.18251519,0.076964408,66720.469,0.7229730276421081,0.0038308260620180308,1.3785220867768595
0.18251519,0.078893237,66698.156,0.7229730276421081,0.011492537769187513,1.3780610743801653
0.18251519,0.080822065,66659.07,0.7229730276421081,0.01915424550414805,1.3772535123966945
0.18251519,0.082750887,66603.297,0.7229730276421081,0.02681592940585524,1.3761011776859506
0.18251519,0.084679708,66531.969,0.7229730276421081,0.03447760933535359,1.3746274586776859
0.18251519,0.086608537,66445.195,0.7229730276421081,0.04213932104252302,1.3728346074380167
0.18251519,0.088537365,66345.25,0.7229730276421081,0.049801028777483616,1.3707696280991735
0.18251519,0.090466186,66233.664,0.7229730276421081,0.05746270870698191,1.368464132231405
0.18251519,0.092395008,66112.07,0.7229730276421081,0.0651243926086891,1.3659518595041324
0.18251519,0.094323844,65983.031,0.7229730276421081,0.07278613212132082,1.36328576446281
0.18251519,0.096252665,65848.094,0.7229730276421081,0.08044781205081912,1.3604978099173552
0.18251519,0.098181486,65709.562,0.7229730276421081,0.08810949198031742,1.3576355785123968
0.18251519,0.10011031,65569.094,0.7229730276421081,0.0957711838264424,1.3547333471074379
0.18251519,0.10203914,65427.227,0.7229730276421081,0.10343289950582077,1.3518022107438017
0.18251519,0.10396796,65286.242,0.7229730276421081,0.11109457546311018,1.3488892975206612
0.18251519,0.10589679,65148.477,0.7229730276421081,0.11875629114248855,1.3460429132231404
0.18251519,0.10782561,65016.949,0.7229730276421081,0.12641796709977796,1.3433253925619835
0.18251519,0.10975444,64894.488,0.7229730276421081,0.13407968277915627,1.3407952066115703
0.18251519,0.11168326,64783.445,0.7229730276421081,0.14174135873644575,1.338500929752066
0.18251519,0.11361209,64684.5,0.7229730276421081,0.14940307441582407,1.3364566115702479
0.18251519,0.11554092,64595.938,0.7229730276421081,0.15706479009520244,1.3346268181818182
0.18251519,0.11746974,64514.449,0.7229730276421081,0.16472646605249183,1.3329431611570248
0.18251519,0.11939856,64435.734,0.7229730276421081,0.17238814200978125,1.331316818181818
0.18251519,0.12132739,64355.445,0.7229730276421081,0.18004985768915957,1.3296579545454545
0.18251519,0.12325621,64269.734,0.7229730276421081,0.18771153364644902,1.3278870661157025
0.18251519,0.12518504,64176.27,0.7229730276421081,0.19537324932582734,1.325955991735537
0.18251519,0.12711386,64075.047,0.7229730276421081,0.20303492528311676,1.3238646074380165
0.18251519,0.12904269,63968.281,0.7229730276421081,0.21069664096249507,1.3216586983471075
0.18251519,0.13089341,63863.961,0.7229730276421081,0.21804808740522932,1.319503326446281
0.18251519,0.13258547,63769.453,0.7229730276421081,0.22476930318497618,1.317550681818182
0.18251519,0.13412371,63684.672,0.7229730276421081,0.23087951379277827,1.3157990082644628
0.18251519,0.1355221,63607.586,0.7229730276421081,0.23643421098687306,1.3142063223140497
0.18251519,0.13679338,63536.184,0.7229730276421081,0.24148400070855927,1.3127310743801652
0.18251519,0.13794906,63469.582,0.7229730276421081,0.24607460308219725,1.311355
0.18251519,0.1389997,63408.586,0.7229730276421081,0.2502479646336984,1.3100947520661157
0.18600225,0.013000302,62321.609,0.7368243583850628,-0.25024796463369836,1.2876365495867768
0.18600225,0.014050936,62354.039,0.7368243583850628,-0.24607462691545054,1.288306590909091
0.18600225,0.015206633,62391.242,0.7368243583850628,-0.24148395701426148,1.2890752479338843
0.18600225,0.0164779,62432.996,0.7368243583850628,-0.2364342189312908,1.2899379338842976
0.18600225,0.017876294,62478.758,0.7368243583850628,-0.23087950584836042,1.2908834297520662
0.18600225,0.019414525,62528.742,0.7368243583850628,-0.22476933099043836,1.2919161570247935
0.18600225,0.021106582,62584.809,0.7368243583850628,-0.21804812712731828,1.2930745661157026
0.18600225,0.02295731,62648.598,0.7368243583850628,-0.2106966489069129,1.294392520661157
0.18600225,0.024886135,62717.766,0.7368243583850628,-0.203034953088579,1.295821611570248
0.18600225,0.02681496,62788.402,0.7368243583850628,-0.19537325727024513,1.2972810330578513
0.18600225,0.028743785,62858.59,0.7368243583850628,-0.18771156145191123,1.2987311983471073
0.18600225,0.030672612,62926.59,0.7368243583850628,-0.18004985768915957,1.3001361570247933
0.18600225,0.032601438,62991.871,0.7368243583850628,-0.17238815789861678,1.301484938016529
0.18600225,0.03453026,63055.254,0.7368243583850628,-0.1647264739969096,1.3027945041322315
0.18600225,0.036459088,63118.887,0.7368243583850628,-0.15706476626194904,1.3041092355371902
0.18600225,0.03838791,63186.148,0.7368243583850628,-0.14940308236024183,1.3054989256198348
0.18600225,0.040316738,63260.5,0.7368243583850628,-0.14174137462528127,1.3070351239669422
0.18600225,0.042245559,63344.453,0.7368243583850628,-0.13407969469578296,1.3087696900826447
0.18600225,0.044174388,63438.352,0.7368243583850628,-0.12641798298861348,1.3107097520661157
0.18600225,0.046103209,63541.227,0.7368243583850628,-0.11875630305911519,1.3128352685950413
0.18600225,0.048032038,63650.496,0.7368243583850628,-0.11109459135194574,1.3150928925619834
0.18600225,0.049960859,63763.824,0.7368243583850628,-0.10343291142244741,1.3174343801652892
0.18600225,0.051889684,63878.266,0.7368243583850628,-0.09577121560411354,1.3197988842975208
0.18600225,0.053818509,63992.395,0.7368243583850628,-0.08810951978577966,1.3221569214876032
0.18600225,0.055747338,64104.93,0.7368243583850628,-0.0804478080786102,1.3244820247933884
0.18600225,0.057676159,64214.582,0.7368243583850628,-0.07278612814911191,1.3267475619834712
0.18600225,0.059604988,64319.574,0.7368243583850628,-0.06512441644194245,1.3289168181818183
0.18600225,0.061533809,64417.852,0.7368243583850628,-0.05746273651244412,1.330947355371901
0.18600225,0.063462637,64507.594,0.7368243583850628,-0.04980102877748356,1.3328015289256199
0.18600225,0.065391466,64586.617,0.7368243583850628,-0.04213931707031413,1.33443423553719
0.18600225,0.067320287,64653.324,0.7368243583850628,-0.034477637140815774,1.335812479338843
0.18600225,0.069249108,64705.855,0.7368243583850628,-0.02681595721131748,1.3368978305785124
0.18600225,0.071177937,64744.465,0.7368243583850628,-0.01915424550414805,1.3376955578512395
0.18600225,0.073106766,64768.305,0.7368243583850628,-0.011492533796978567,1.3381881198347108
0.18600225,0.075035587,64777.836,0.7368243583850628,-0.003830853867480268,1.3383850413223142
0.18600225,0.076964408,64773.152,0.7368243583850628,0.0038308260620180308,1.33828826446281
0.18600225,0.078893237,64754.348,0.7368243583850628,0.011492537769187513,1.3378997520661156
0.18600225,0.080822065,64721.059,0.7368243583850628,0.01915424550414805,1.3372119628099173
0.18600225,0.082750887,64672.934,0.7368243583850628,0.02681592940585524,1.336217644628099
0.18600225,0.084679708,64610.852,0.7368243583850628,0.03447760933535359,1.334934958677686
0.18600225,0.086608537,64534.621,0.7368243583850628,0.04213932104252302,1.3333599380165289
0.18600225,0.088537365,64446.461,0.7368243583850628,0.049801028777483616,1.3315384504132233
0.18600225,0.090466186,64348.016,0.7368243583850628,0.05746270870698191,1.3295044628099175
0.18600225,0.092395008,64241.121,0.7368243583850628,0.0651243926086891,1.327295888429752
0.18600225,0.094323844,64128.262,0.7368243583850628,0.07278613212132082,1.324964090909091
0.18600225,0.096252665,64010.926,0.7368243583850628,0.08044781205081912,1.3225397933884298
0.18600225,0.098181486,63891.195,0.7368243583850628,0.08810949198031742,1.3200660123966943
0.18600225,0.10011031,63770.566,0.7368243583850628,0.0957711838264424,1.3175736776859504
0.18600225,0.10203914,63649.691,0.7368243583850628,0.10343289950582077,1.3150762603305786
0.18600225,0.10396796,63530.781,0.7368243583850628,0.11109457546311018,1.3126194421487605
0.18600225,0.10589679,63416.234,0.7368243583850628,0.11875629114248855,1.3102527685950414
0.18600225,0.10782561,63308.684,0.7368243583850628,0.12641796709977796,1.3080306611570247
0.18600225,0.10975444,63210.219,0.7368243583850628,0.13407968277915627,1.3059962603305784
0.18600225,0.11168326,63121.871,0.7368243583850628,0.14174135873644575,1.304170888429752
0.18600225,0.11361209,63042.922,0.7368243583850628,0.14940307441582407,1.3025397107438017
0.18600225,0.11554092,62970.613,0.7368243583850628,0.15706479009520244,1.3010457231404957
0.18600225,0.11746974,62901.371,0.7368243583850628,0.16472646605249183,1.299615103305785
0.18600225,0.11939856,62831.859,0.7368243583850628,0.17238814200978125,1.2981789049586776
0.18600225,0.12132739,62759.922,0.7368243583850628,0.18004985768915957,1.296692603305785
0.18600225,0.12325621,62684.742,0.7368243583850628,0.18771153364644902,1.295139297520661
0.18600225,0.12518504,62606.977,0.7368243583850628,0.19537324932582734,1.293532582644628
0.18600225,0.12711386,62528.484,0.7368243583850628,0.20303492528311676,1.2919108264462809
0.18600225,0.12904269,62451.316,0.7368243583850628,0.21069664096249507,1.2903164462809917
0.18600225,0.13089341,62379.734,0.7368243583850628,0.21804808740522932,1.2888374793388429
0.18600225,0.13258547,62316.465,0.7368243583850628,0.22476930318497618,1.2875302685950412
0.18600225,0.13412371,62259.77,0.7368243583850628,0.23087951379277827,1.2863588842975207
0.18600225,0.1355221,62207.812,0.7368243583850628,0.23643421098687306,1.2852853719008264
0.18600225,0.13679338,62160.746,0.7368243583850628,0.24148400070855927,1.2843129338842976
0.18600225,0.13794906,62119.008,0.7368243583850628,0.24607460308219725,1.2834505785123966
0.18600225,0.1389997,62082.973,0.7368243583850628,0.2502479646336984,1.2827060537190083
0.18948933,0.013000302,60935.543,0.7506757685721952,-0.25024796463369836,1.2589988223140496
0.18948933,0.014050936,60939.094,0.7506757685721952,-0.24607462691545054,1.2590721900826445
0.18948933,0.015206633,60946.57,0.7506757685721952,-0.24148395701426148,1.259226652892562
0.18948933,0.0164779,60957.703,0.7506757685721952,-0.2364342189312908,1.259456673553719
0.18948933,0.017876294,60973.336,0.7506757685721952,-0.23087950584836042,1.2597796694214876
0.18948933,0.019414525,60994.023,0.7506757685721952,-0.22476933099043836,1.2602070867768596
0.18948933,0.021106582,61020.785,0.7506757685721952,-0.21804812712731828,1.260760020661157
0.18948933,0.02295731,61055.262,0.7506757685721952,-0.2106966489069129,1.261472355371901
0.18948933,0.024886135,61097.281,0.7506757685721952,-0.203034953088579,1.2623405165289256
0.18948933,0.02681496,61145.211,0.7506757685721952,-0.19537325727024513,1.263330805785124
0.18948933,0.028743785,61197.781,0.7506757685721952,-0.18771156145191123,1.2644169628099173
0.18948933,0.030672612,61252.984,0.7506757685721952,-0.18004985768915957,1.265557520661157
0.18948933,0.032601438,61308.836,0.7506757685721952,-0.17238815789861678,1.2667114876033059
0.18948933,0.03453026,61363.891,0.7506757685721952,-0.1647264739969096,1.2678489876033059
0.18948933,0.036459088,61417.922,0.7506757685721952,-0.15706476626194904,1.2689653305785125
0.18948933,0.03838791,61472.383,0.7506757685721952,-0.14940308236024183,1.2700905578512398
0.18948933,0.040316738,61529.844,0.7506757685721952,-0.14174137462528127,1.2712777685950412
0.18948933,0.042245559,61593.02,0.7506757685721952,-0.13407969469578296,1.2725830578512396
0.18948933,0.044174388,61663.445,0.7506757685721952,-0.12641798298861348,1.2740381198347108
0.18948933,0.046103209,61741.59,0.7506757685721952,-0.11875630305911519,1.2756526859504131
0.18948933,0.048032038,61826.23,0.7506757685721952,-0.11109459135194574,1.2774014462809917
0.18948933,0.049960859,61915.781,0.7506757685721952,-0.10343291142244741,1.2792516735537192
0.18948933,0.051889684,62007.668,0.7506757685721952,-0.09577121560411354,1.281150165289256
0.18948933,0.053818509,62100.539,0.7506757685721952,-0.08810951978577966,1.2830689876033057
0.18948933,0.055747338,62193.078,0.7506757685721952,-0.0804478080786102,1.2849809504132232
0.18948933,0.057676159,62284.074,0.7506757685721952,-0.07278612814911191,1.2868610330578512
0.18948933,0.059604988,62371.996,0.7506757685721952,-0.06512441644194245,1.2886776033057852
0.18948933,0.061533809,62454.902,0.7506757685721952,-0.05746273651244412,1.2903905371900828
0.18948933,0.063462637,62531.094,0.7506757685721952,-0.04980102877748356,1.2919647520661157
0.18948933,0.065391466,62598.32,0.7506757685721952,-0.04213931707031413,1.2933537190082645
0.18948933,0.067320287,62654.938,0.7506757685721952,-0.034477637140815774,1.2945235123966943
0.18948933,0.069249108,62699.195,0.7506757685721952,-0.02681595721131748,1.2954379132231404
0.18948933,0.071177937,62731.492,0.7506757685721952,-0.01915424550414805,1.2961052066115701
0.18948933,0.073106766,62751.227,0.7506757685721952,-0.011492533796978567,1.2965129545454546
0.18948933,0.075035587,62759.078,0.7506757685721952,-0.003830853867480268,1.2966751652892563
0.18948933,0.076964408,62755.258,0.7506757685721952,0.0038308260620180308,1.2965962396694215
0.18948933,0.078893237,62739.844,0.7506757685721952,0.011492537769187513,1.2962777685950413
0.18948933,0.080822065,62712.355,0.7506757685721952,0.01915424550414805,1.2957098140495868
0.18948933,0.082750887,62672.152,0.7506757685721952,0.02681592940585524,1.294879173553719
0.18948933,0.084679708,62619.883,0.7506757685721952,0.03447760933535359,1.2937992355371901
0.18948933,0.086608537,62555.156,0.7506757685721952,0.04213932104252302,1.2924619008264464
0.18948933,0.088537365,62480.035,0.7506757685721952,0.049801028777483616,1.290909814049587
0.18948933,0.090466186,62396.219,0.7506757685721952,0.05746270870698191,1.2891780785123967
0.18948933,0.092395008,62305.578,0.7506757685721952,0.0651243926086891,1.2873053305785125
0.18948933,0.094323844,62210.434,0.7506757685721952,0.07278613212132082,1.2853395454545455
0.18948933,0.096252665,62112.199,0.7506757685721952,0.08044781205081912,1.283309896694215
0.18948933,0.098181486,62012.738,0.7506757685721952,0.08810949198031742,1.2812549173553718
0.18948933,0.10011031,61913.492,0.7506757685721952,0.0957711838264424,1.2792043801652893
0.18948933,0.10203914,61815.223,0.7506757685721952,0.10343289950582077,1.2771740289256197
0.18948933,0.10396796,61719.965,0.7506757685721952,0.11109457546311018,1.275205888429752
0.18948933,0.10589679,61629.82,0.7506757685721952,0.11875629114248855,1.273343388429752
0.18948933,0.10782561,61546.551,0.7506757685721952,0.12641796709977796,1.2716229545454545
0.18948933,0.10975444,61471.0,0.7506757685721952,0.13407968277915627,1.2700619834710745
0.18948933,0.11168326,61402.777,0.7506757685721952,0.14174135873644575,1.268652417355372
0.18948933,0.11361209,61340.141,0.7506757685721952,0.14940307441582407,1.267358285123967
0.18948933,0.11554092,61280.254,0.7506757685721952,0.15706479009520244,1.2661209504132231
0.18948933,0.11746974,61220.547,0.7506757685721952,0.16472646605249183,1.2648873347107439
0.18948933,0.11939856,61159.633,0.7506757685721952,0.17238814200978125,1.2636287809917355
0.18948933,0.12132739,61097.762,0.7506757685721952,0.18004985768915957,1.2623504545454547
0.18948933,0.12325621,61036.312,0.7506757685721952,0.18771153364644902,1.261080826446281
0.18948933,0.12518504,60977.242,0.7506757685721952,0.19537324932582734,1.2598603719008263
0.18948933,0.12711386,60922.504,0.7506757685721952,0.20303492528311676,1.2587294214876033
0.18948933,0.12904269,60873.293,0.7506757685721952,0.21069664096249507,1.257712665289256
0.18948933,0.13089341,60831.547,0.7506757685721952,0.21804808740522932,1.256850144628099
0.18948933,0.13258547,60797.836,0.7506757685721952,0.22476930318497618,1.2561536363636365
0.18948933,0.13412371,60770.859,0.7506757685721952,0.23087951379277827,1.2555962603305784
0.18948933,0.1355221,60749.77,0.7506757685721952,0.23643421098687306,1.2551605371900825
0.18948933,0.13679338,60733.961,0.7506757685721952,0.24148400070855927,1.2548339049586776
0.18948933,0.13794906,60722.66,0.7506757685721952,0.24607460308219725,1.2546004132231405
0.18948933,0.1389997,60716.195,0.7506757685721952,0.2502479646336984,1.2544668388429752
0.1929764,0.013000302,59532.727,0.7645271390372387,-0.25024796463369836,1.230015020661157
0.1929764,0.014050936,59510.941,0.7645271390372387,-0.24607462691545054,1.2295648966942148
0.1929764,0.015206633,59490.008,0.7645271390372387,-0.24148395701426148,1.229132396694215
0.1929764,0.0164779,59471.145,0.7645271390372387,-0.2364342189312908,1.2287426652892561
0.1929764,0.017876294,59455.801,0.7645271390372387,-0.23087950584836042,1.2284256404958678
0.1929764,0.019414525,59445.41,0.7645271390372387,-0.22476933099043836,1.2282109504132233
0.1929764,0.021106582,59442.035,0.7645271390372387,-0.21804812712731828,1.2281412190082646
0.1929764,0.02295731,59447.832,0.7645271390372387,-0.2106966489069129,1.2282609917355372
0.1929764,0.024886135,59463.617,0.7645271390372387,-0.203034953088579,1.2285871280991736
0.1929764,0.02681496,59488.715,0.7645271390372387,-0.19537325727024513,1.2291056818181818
0.1929764,0.028743785,59521.949,0.7645271390372387,-0.18771156145191123,1.2297923347107438
0.1929764,0.030672612,59561.441,0.7645271390372387,-0.18004985768915957,1.230608285123967
0.1929764,0.032601438,59604.844,0.7645271390372387,-0.17238815789861678,1.231505041322314
0.1929764,0.03453026,59649.613,0.7645271390372387,-0.1647264739969096,1.232430020661157
0.1929764,0.036459088,59693.824,0.7645271390372387,-0.15706476626194904,1.2333434710743802
0.1929764,0.03838791,59737.023,0.7645271390372387,-0.14940308236024183,1.2342360123966942
0.1929764,0.040316738,59780.312,0.7645271390372387,-0.14174137462528127,1.2351304132231404
0.1929764,0.042245559,59825.777,0.7645271390372387,-0.13407969469578296,1.2360697727272727
0.1929764,0.044174388,59875.379,0.7645271390372387,-0.12641798298861348,1.2370946074380165
0.1929764,0.046103209,59930.66,0.7645271390372387,-0.11875630305911519,1.2382367768595042
0.1929764,0.048032038,59991.715,0.7645271390372387,-0.11109459135194574,1.2394982438016529
0.1929764,0.049960859,60057.902,0.7645271390372387,-0.10343291142244741,1.2408657438016528
0.1929764,0.051889684,60127.285,0.7645271390372387,-0.09577121560411354,1.2422992768595043
0.1929764,0.053818509,60198.703,0.7645271390372387,-0.08810951978577966,1.2437748553719008
0.1929764,0.055747338,60270.848,0.7645271390372387,-0.0804478080786102,1.2452654545454545
0.1929764,0.057676159,60342.555,0.7645271390372387,-0.07278612814911191,1.2467470041322315
0.1929764,0.059604988,60412.52,0.7645271390372387,-0.06512441644194245,1.248192561983471
0.1929764,0.061533809,60479.055,0.7645271390372387,-0.05746273651244412,1.2495672520661156
0.1929764,0.063462637,60540.707,0.7645271390372387,-0.04980102877748356,1.2508410537190082
0.1929764,0.065391466,60595.383,0.7645271390372387,-0.04213931707031413,1.251970723140496
0.1929764,0.067320287,60641.52,0.7645271390372387,-0.034477637140815774,1.2529239669421488
0.1929764,0.069249108,60677.496,0.7645271390372387,-0.02681595721131748,1.2536672727272726
0.1929764,0.071177937,60703.691,0.7645271390372387,-0.01915424550414805,1.2542084917355372
0.1929764,0.073106766,60719.57,0.7645271390372387,-0.011492533796978567,1.2545365702479339
0.1929764,0.075035587,60725.836,0.7645271390372387,-0.003830853867480268,1.2546660330578514
0.1929764,0.076964408,60722.719,0.7645271390372387,0.0038308260620180308,1.2546016322314049
0.1929764,0.078893237,60710.293,0.7645271390372387,0.011492537769187513,1.2543448966942148
0.1929764,0.080822065,60688.07,0.7645271390372387,0.01915424550414805,1.2538857438016529
0.1929764,0.082750887,60655.332,0.7645271390372387,0.02681592940585524,1.2532093388429753
0.1929764,0.084679708,60612.68,0.7645271390372387,0.03447760933535359,1.2523280991735537
0.1929764,0.086608537,60559.676,0.7645271390372387,0.04213932104252302,1.2512329752066116
0.1929764,0.088537365,60498.211,0.7645271390372387,0.049801028777483616,1.2499630371900827
0.1929764,0.090466186,60429.883,0.7645271390372387,0.05746270870698191,1.2485513016528926
0.1929764,0.092395008,60356.41,0.7645271390372387,0.0651243926086891,1.24703326446281
0.1929764,0.094323844,60279.801,0.7645271390372387,0.07278613212132082,1.2454504338842975
0.1929764,0.096252665,60201.254,0.7645271390372387,0.08044781205081912,1.243827561983471
0.1929764,0.098181486,60122.453,0.7645271390372387,0.08810949198031742,1.2421994421487603
0.1929764,0.10011031,60044.742,0.7645271390372387,0.0957711838264424,1.2405938429752066
0.1929764,0.10203914,59968.961,0.7645271390372387,0.10343289950582077,1.2390281198347108
0.1929764,0.10396796,59896.84,0.7645271390372387,0.11109457546311018,1.2375380165289256
0.1929764,0.10589679,59829.926,0.7645271390372387,0.11875629114248855,1.2361554958677685
0.1929764,0.10782561,59768.941,0.7645271390372387,0.12641796709977796,1.2348954752066115
0.1929764,0.10975444,59713.539,0.7645271390372387,0.13407968277915627,1.2337508057851239
0.1929764,0.11168326,59662.293,0.7645271390372387,0.14174135873644575,1.2326920041322313
0.1929764,0.11361209,59613.242,0.7645271390372387,0.14940307441582407,1.2316785537190083
0.1929764,0.11554092,59564.277,0.7645271390372387,0.15706479009520244,1.2306668801652894
0.1929764,0.11746974,59514.391,0.7645271390372387,0.16472646605249183,1.2296361776859506
0.1929764,0.11939856,59464.078,0.7645271390372387,0.17238814200978125,1.228596652892562
0.1929764,0.12132739,59415.207,0.7645271390372387,0.18004985768915957,1.2275869214876034
0.1929764,0.12325621,59370.133,0.7645271390372387,0.18771153364644902,1.2266556404958677
0.1929764,0.12518504,59331.051,0.7645271390372387,0.19537324932582734,1.2258481611570249
0.1929764,0.12711386,59299.711,0.7645271390372387,0.20303492528311676,1.2252006404958677
0.1929764,0.12904269,59277.273,0.7645271390372387,0.21069664096249507,1.2247370454545454
0.1929764,0.13089341,59264.887,0.7645271390372387,0.21804808740522932,1.2244811363636363
0.1929764,0.13258547,59262.246,0.7645271390372387,0.22476930318497618,1.2244265702479338
0.1929764,0.13412371,59267.477,0.7645271390372387,0.23087951379277827,1.2245346487603306
0.1929764,0.1355221,59278.652,0.7645271390372387,0.23643421098687306,1.2247655371900827
0.1929764,0.13679338,59294.172,0.7645271390372387,0.24148400070855927,1.2250861983471073
0.1929764,0.13794906,59312.527,0.7645271390372387,0.24607460308219725,1.2254654338842976
0.1929764,0.1389997,59332.336,0.7645271390372387,0.2502479646336984,1.2258747107438017
0.19646345,0.013000302,58126.496,0.7783784300581044,-0.25024796463369836,1.2009606611570247
0.19646345,0.014050936,58086.633,0.7783784300581044,-0.24607462691545054,1.2001370454545455
0.19646345,0.015206633,58044.438,0.7783784300581044,-0.24148395701426148,1.1992652479338843
0.19646345,0.0164779,58001.16,0.7783784300581044,-0.2364342189312908,1.1983710743801654
0.19646345,0.017876294,57958.727,0.7783784300581044,-0.23087950584836042,1.1974943595041323
0.19646345,0.019414525,57919.539,0.7783784300581044,-0.22476933099043836,1.1966846900826447
0.19646345,0.021106582,57886.445,0.7783784300581044,-0.21804812712731828,1.1960009297520662
0.19646345,0.02295731,57862.742,0.7783784300581044,-0.2106966489069129,1.1955111983471074
0.19646345,0.024886135,57851.152,0.7783784300581044,-0.203034953088579,1.19527173553719
0.19646345,0.02681496,57852.102,0.7783784300581044,-0.19537325727024513,1.1952913636363636
0.19646345,0.028743785,57864.145,0.7783784300581044,-0.18771156145191123,1.1955401859504131
0.19646345,0.030672612,57885.32,0.7783784300581044,-0.18004985768915957,1.1959776859504132
0.19646345,0.032601438,57913.207,0.7783784300581044,-0.17238815789861678,1.1965538636363637
0.19646345,0.03453026,57944.852,0.7783784300581044,-0.1647264739969096,1.1972076859504133
0.19646345,0.036459088,57977.391,0.7783784300581044,-0.15706476626194904,1.197879979338843
0.19646345,0.03838791,58009.031,0.7783784300581044,-0.14940308236024183,1.1985336983471075
0.19646345,0.040316738,58039.453,0.7783784300581044,-0.14174137462528127,1.1991622520661158
0.19646345,0.042245559,58069.738,0.7783784300581044,-0.13407969469578296,1.1997879752066116
0.19646345,0.044174388,58101.629,0.7783784300581044,-0.12641798298861348,1.2004468801652892
0.19646345,0.046103209,58137.055,0.7783784300581044,-0.11875630305911519,1.2011788223140496
0.19646345,0.048032038,58177.023,0.7783784300581044,-0.11109459135194574,1.2020046074380166
0.19646345,0.049960859,58221.688,0.7783784300581044,-0.10343291142244741,1.202927438016529
0.19646345,0.051889684,58269.781,0.7783784300581044,-0.09577121560411354,1.2039210950413224
0.19646345,0.053818509,58320.441,0.7783784300581044,-0.08810951978577966,1.2049677892561983
0.19646345,0.055747338,58372.469,0.7783784300581044,-0.0804478080786102,1.2060427479338842
0.19646345,0.057676159,58424.805,0.7783784300581044,-0.07278612814911191,1.207124070247934
0.19646345,0.059604988,58476.426,0.7783784300581044,-0.06512441644194245,1.2081906198347108
0.19646345,0.061533809,58526.012,0.7783784300581044,-0.05746273651244412,1.2092151239669422
0.19646345,0.063462637,58572.523,0.7783784300581044,-0.04980102877748356,1.2101760950413223
0.19646345,0.065391466,58614.223,0.7783784300581044,-0.04213931707031413,1.211037665289256
0.19646345,0.067320287,58649.777,0.7783784300581044,-0.034477637140815774,1.2117722520661158
0.19646345,0.069249108,58677.715,0.7783784300581044,-0.02681595721131748,1.2123494834710744
0.19646345,0.071177937,58698.262,0.7783784300581044,-0.01915424550414805,1.212774008264463
0.19646345,0.073106766,58710.723,0.7783784300581044,-0.011492533796978567,1.2130314669421487
0.19646345,0.075035587,58715.602,0.7783784300581044,-0.003830853867480268,1.2131322727272726
0.19646345,0.076964408,58713.016,0.7783784300581044,0.0038308260620180308,1.2130788429752066
0.19646345,0.078893237,58703.043,0.7783784300581044,0.011492537769187513,1.2128727892561983
0.19646345,0.080822065,58685.34,0.7783784300581044,0.01915424550414805,1.2125070247933885
0.19646345,0.082750887,58659.383,0.7783784300581044,0.02681592940585524,1.211970723140496
0.19646345,0.084679708,58625.914,0.7783784300581044,0.03447760933535359,1.211279214876033
0.19646345,0.086608537,58584.594,0.7783784300581044,0.04213932104252302,1.2104254958677685
0.19646345,0.088537365,58537.09,0.7783784300581044,0.049801028777483616,1.2094440082644626
0.19646345,0.090466186,58484.758,0.7783784300581044,0.05746270870698191,1.2083627685950413
0.19646345,0.092395008,58428.949,0.7783784300581044,0.0651243926086891,1.2072096900826446
0.19646345,0.094323844,58371.195,0.7783784300581044,0.07278613212132082,1.2060164256198347
0.19646345,0.096252665,58312.391,0.7783784300581044,0.08044781205081912,1.2048014669421487
0.19646345,0.098181486,58253.91,0.7783784300581044,0.08810949198031742,1.203593181818182
0.19646345,0.10011031,58196.984,0.7783784300581044,0.0957711838264424,1.2024170247933883
0.19646345,0.10203914,58142.418,0.7783784300581044,0.10343289950582077,1.2012896280991736
0.19646345,0.10396796,58091.531,0.7783784300581044,0.11109457546311018,1.200238243801653
0.19646345,0.10589679,58045.301,0.7783784300581044,0.11875629114248855,1.1992830785123967
0.19646345,0.10782561,58003.605,0.7783784300581044,0.12641796709977796,1.198421590909091
0.19646345,0.10975444,57965.316,0.7783784300581044,0.13407968277915627,1.1976304958677686
0.19646345,0.11168326,57928.691,0.7783784300581044,0.14174135873644575,1.1968737809917356
0.19646345,0.11361209,57892.102,0.7783784300581044,0.14940307441582407,1.1961178099173553
0.19646345,0.11554092,57854.504,0.7783784300581044,0.15706479009520244,1.1953409917355373
0.19646345,0.11746974,57816.293,0.7783784300581044,0.16472646605249183,1.1945515082644627
0.19646345,0.11939856,57779.258,0.7783784300581044,0.17238814200978125,1.1937863223140497
0.19646345,0.12132739,57746.109,0.7783784300581044,0.18004985768915957,1.1931014256198347
0.19646345,0.12325621,57719.574,0.7783784300581044,0.18771153364644902,1.1925531818181818
0.19646345,0.12518504,57701.957,0.7783784300581044,0.19537324932582734,1.1921891942148761
0.19646345,0.12711386,57695.227,0.7783784300581044,0.20303492528311676,1.192050144628099
0.19646345,0.12904269,57701.008,0.7783784300581044,0.21069664096249507,1.1921695867768596
0.19646345,0.13089341,57719.371,0.7783784300581044,0.21804808740522932,1.1925489876033057
0.19646345,0.13258547,57748.098,0.7783784300581044,0.22476930318497618,1.193142520661157
0.19646345,0.13412371,57783.906,0.7783784300581044,0.23087951379277827,1.193882355371901
0.19646345,0.1355221,57823.848,0.7783784300581044,0.23643421098687306,1.194707603305785
0.19646345,0.13679338,57865.297,0.7783784300581044,0.24148400070855927,1.1955639876033057
0.19646345,0.13794906,57906.117,0.7783784300581044,0.24607460308219725,1.1964073760330578
0.19646345,0.1389997,57944.926,0.7783784300581044,0.2502479646336984,1.1972092148760332
0.19995052,0.013000302,56728.367,0.7922298005231478,-0.25024796463369836,1.1720736983471074
0.19995052,0.014050936,56676.77,0.7922298005231478,-0.24607462691545054,1.171007644628099
0.19995052,0.015206633,56620.715,0.7922298005231478,-0.24148395701426148,1.1698494834710742
0.19995052,0.0164779,56560.797,0.7922298005231478,-0.2364342189312908,1.1686115082644628
0.19995052,0.017876294,56498.48,0.7922298005231478,-0.23087950584836042,1.167323966942149
0.19995052,0.019414525,56436.129,0.7922298005231478,-0.22476933099043836,1.1660357231404959
0.19995052,0.021106582,56376.918,0.7922298005231478,-0.21804812712731828,1.1648123553719008
0.19995052,0.02295731,56324.93,0.7922298005231478,-0.2106966489069129,1.1637382231404958
0.19995052,0.024886135,56285.16,0.7922298005231478,-0.203034953088579,1.1629165289256198
0.19995052,0.02681496,56259.859,0.7922298005231478,-0.19537325727024513,1.1623937809917355
0.19995052,0.028743785,56247.93,0.7922298005231478,-0.18771156145191123,1.1621473140495868
0.19995052,0.030672612,56247.727,0.7922298005231478,-0.18004985768915957,1.1621431198347107
0.19995052,0.032601438,56256.93,0.7922298005231478,-0.17238815789861678,1.16233326446281
0.19995052,0.03453026,56272.449,0.7922298005231478,-0.1647264739969096,1.1626539049586777
0.19995052,0.036459088,56291.004,0.7922298005231478,-0.15706476626194904,1.1630372727272726
0.19995052,0.03838791,56309.93,0.7922298005231478,-0.14940308236024183,1.163428305785124
0.19995052,0.040316738,56327.789,0.7922298005231478,-0.14174137462528127,1.1637972933884297
0.19995052,0.042245559,56344.574,0.7922298005231478,-0.13407969469578296,1.164144090909091
0.19995052,0.044174388,56361.449,0.7922298005231478,-0.12641798298861348,1.1644927479338842
0.19995052,0.046103209,56380.176,0.7922298005231478,-0.11875630305911519,1.1648796694214876
0.19995052,0.048032038,56402.055,0.7922298005231478,-0.11109459135194574,1.1653317148760332
0.19995052,0.049960859,56427.707,0.7922298005231478,-0.10343291142244741,1.165861714876033
0.19995052,0.051889684,56456.387,0.7922298005231478,-0.09577121560411354,1.166454276859504
0.19995052,0.053818509,56487.531,0.7922298005231478,-0.08810951978577966,1.1670977479338844
0.19995052,0.055747338,56520.137,0.7922298005231478,-0.0804478080786102,1.1677714256198348
0.19995052,0.057676159,56553.379,0.7922298005231478,-0.07278612814911191,1.1684582438016529
0.19995052,0.059604988,56586.609,0.7922298005231478,-0.06512441644194245,1.1691448140495868
0.19995052,0.061533809,56619.004,0.7922298005231478,-0.05746273651244412,1.169814132231405
0.19995052,0.063462637,56650.094,0.7922298005231478,-0.04980102877748356,1.1704564876033057
0.19995052,0.065391466,56678.652,0.7922298005231478,-0.04213931707031413,1.1710465289256198
0.19995052,0.067320287,56703.66,0.7922298005231478,-0.034477637140815774,1.171563223140496
0.19995052,0.069249108,56723.789,0.7922298005231478,-0.02681595721131748,1.1719791115702478
0.19995052,0.071177937,56739.02,0.7922298005231478,-0.01915424550414805,1.1722938016528925
0.19995052,0.073106766,56748.371,0.7922298005231478,-0.011492533796978567,1.1724870041322313
0.19995052,0.075035587,56751.984,0.7922298005231478,-0.003830853867480268,1.172561652892562
0.19995052,0.076964408,56749.773,0.7922298005231478,0.0038308260620180308,1.1725159710743802
0.19995052,0.078893237,56741.824,0.7922298005231478,0.011492537769187513,1.1723517355371902
0.19995052,0.080822065,56728.059,0.7922298005231478,0.01915424550414805,1.1720673347107438
0.19995052,0.082750887,56708.312,0.7922298005231478,0.02681592940585524,1.1716593388429752
0.19995052,0.084679708,56683.594,0.7922298005231478,0.03447760933535359,1.1711486363636363
0.19995052,0.086608537,56653.77,0.7922298005231478,0.04213932104252302,1.170532438016529
0.19995052,0.088537365,56620.277,0.7922298005231478,0.049801028777483616,1.1698404338842976
0.19995052,0.090466186,56584.121,0.7922298005231478,0.05746270870698191,1.169093409090909
0.19995052,0.092395008,56546.148,0.7922298005231478,0.0651243926086891,1.1683088429752067
0.19995052,0.094323844,56507.25,0.7922298005231478,0.07278613212132082,1.1675051652892563
0.19995052,0.096252665,56467.863,0.7922298005231478,0.08044781205081912,1.1666913842975206
0.19995052,0.098181486,56428.961,0.7922298005231478,0.08810949198031742,1.1658876239669422
0.19995052,0.10011031,56391.531,0.7922298005231478,0.0957711838264424,1.1651142768595042
0.19995052,0.10203914,56356.258,0.7922298005231478,0.10343289950582077,1.1643854958677686
0.19995052,0.10396796,56324.086,0.7922298005231478,0.11109457546311018,1.163720785123967
0.19995052,0.10589679,56295.586,0.7922298005231478,0.11875629114248855,1.1631319421487605
0.19995052,0.10782561,56270.18,0.7922298005231478,0.12641796709977796,1.1626070247933884
0.19995052,0.10975444,56246.551,0.7922298005231478,0.13407968277915627,1.1621188223140495
0.19995052,0.11168326,56223.137,0.7922298005231478,0.14174135873644575,1.1616350619834712
0.19995052,0.11361209,56198.934,0.7922298005231478,0.14940307441582407,1.161135
0.19995052,0.11554092,56173.965,0.7922298005231478,0.15706479009520244,1.1606191115702478
0.19995052,0.11746974,56149.68,0.7922298005231478,0.16472646605249183,1.1601173553719009
0.19995052,0.11939856,56128.668,0.7922298005231478,0.17238814200978125,1.1596832231404959
0.19995052,0.12132739,56114.105,0.7922298005231478,0.18004985768915957,1.159382334710744
0.19995052,0.12325621,56108.953,0.7922298005231478,0.18771153364644902,1.159275888429752
0.19995052,0.12518504,56115.602,0.7922298005231478,0.19537324932582734,1.15941326446281
0.19995052,0.12711386,56135.902,0.7922298005231478,0.20303492528311676,1.1598326859504133
0.19995052,0.12904269,56171.184,0.7922298005231478,0.21069664096249507,1.160561652892562
0.19995052,0.13089341,56219.688,0.7922298005231478,0.21804808740522932,1.1615638016528926
0.19995052,0.13258547,56276.52,0.7922298005231478,0.22476930318497618,1.1627380165289256
0.19995052,0.13412371,56337.367,0.7922298005231478,0.23087951379277827,1.1639951859504132
0.19995052,0.1355221,56398.727,0.7922298005231478,0.23643421098687306,1.1652629545454545
0.19995052,0.13679338,56458.027,0.7922298005231478,0.24148400070855927,1.1664881611570248
0.19995052,0.13794906,56513.633,0.7922298005231478,0.24607460308219725,1.1676370454545455
0.19995052,0.1389997,56564.926,0.7922298005231478,0.2502479646336984,1.1686968181818183
0.20343757,0.013000302,55347.789,0.8060810915440135,-0.25024796463369836,1.1435493595041322
0.20343757,0.014050936,55289.246,0.8060810915440135,-0.24607462691545054,1.1423397933884298
0.20343757,0.015206633,55224.902,0.8060810915440135,-0.24148395701426148,1.1410103719008264
0.20343757,0.0164779,55154.84,0.8060810915440135,-0.2364342189312908,1.1395628099173554
0.20343757,0.017876294,55079.824,0.8060810915440135,-0.23087950584836042,1.1380128925619835
0.20343757,0.019414525,55001.449,0.8060810915440135,-0.22476933099043836,1.1363935743801652
0.20343757,0.021106582,54922.195,0.8060810915440135,-0.21804812712731828,1.1347560950413222
0.20343757,0.02295731,54846.0,0.8060810915440135,-0.2106966489069129,1.1331818181818183
0.20343757,0.024886135,54779.652,0.8060810915440135,-0.203034953088579,1.1318109917355372
0.20343757,0.02681496,54727.441,0.8060810915440135,-0.19537325727024513,1.1307322520661156
0.20343757,0.028743785,54689.445,0.8060810915440135,-0.18771156145191123,1.1299472107438016
0.20343757,0.030672612,54664.941,0.8060810915440135,-0.18004985768915957,1.129440929752066
0.20343757,0.032601438,54652.176,0.8060810915440135,-0.17238815789861678,1.1291771900826446
0.20343757,0.03453026,54648.449,0.8060810915440135,-0.1647264739969096,1.1291001859504133
0.20343757,0.036459088,54650.457,0.8060810915440135,-0.15706476626194904,1.129141673553719
0.20343757,0.03838791,54655.023,0.8060810915440135,-0.14940308236024183,1.1292360123966942
0.20343757,0.040316738,54659.859,0.8060810915440135,-0.14174137462528127,1.129335929752066
0.20343757,0.042245559,54663.996,0.8060810915440135,-0.13407969469578296,1.1294214049586777
0.20343757,0.044174388,54667.695,0.8060810915440135,-0.12641798298861348,1.1294978305785124
0.20343757,0.046103209,54672.211,0.8060810915440135,-0.11875630305911519,1.1295911363636364
0.20343757,0.048032038,54678.695,0.8060810915440135,-0.11109459135194574,1.1297251033057851
0.20343757,0.049960859,54687.832,0.8060810915440135,-0.10343291142244741,1.1299138842975207
0.20343757,0.051889684,54699.172,0.8060810915440135,-0.09577121560411354,1.1301481818181818
0.20343757,0.053818509,54712.391,0.8060810915440135,-0.08810951978577966,1.1304213016528926
0.20343757,0.055747338,54726.707,0.8060810915440135,-0.0804478080786102,1.1307170867768594
0.20343757,0.057676159,54741.594,0.8060810915440135,-0.07278612814911191,1.1310246694214876
0.20343757,0.059604988,54756.852,0.8060810915440135,-0.06512441644194245,1.131339917355372
0.20343757,0.061533809,54772.27,0.8060810915440135,-0.05746273651244412,1.13165847107438
0.20343757,0.063462637,54788.02,0.8060810915440135,-0.04980102877748356,1.1319838842975205
0.20343757,0.065391466,54803.484,0.8060810915440135,-0.04213931707031413,1.132303388429752
0.20343757,0.067320287,54818.027,0.8060810915440135,-0.034477637140815774,1.1326038636363638
0.20343757,0.069249108,54830.477,0.8060810915440135,-0.02681595721131748,1.1328610950413223
0.20343757,0.071177937,54840.531,0.8060810915440135,-0.01915424550414805,1.1330688223140497
0.20343757,0.073106766,54846.879,0.8060810915440135,-0.011492533796978567,1.133199979338843
0.20343757,0.075035587,54849.234,0.8060810915440135,-0.003830853867480268,1.1332486363636363
0.20343757,0.076964408,54847.266,0.8060810915440135,0.0038308260620180308,1.1332079752066115
0.20343757,0.078893237,54841.09,0.8060810915440135,0.011492537769187513,1.1330803719008264
0.20343757,0.080822065,54830.918,0.8060810915440135,0.01915424550414805,1.1328702066115701
0.20343757,0.082750887,54817.016,0.8060810915440135,0.02681592940585524,1.1325829752066117
0.20343757,0.084679708,54800.715,0.8060810915440135,0.03447760933535359,1.1322461776859503
0.20343757,0.086608537,54782.125,0.8060810915440135,0.04213932104252302,1.1318620867768594
0.20343757,0.088537365,54762.457,0.8060810915440135,0.049801028777483616,1.1314557231404958
0.20343757,0.090466186,54742.281,0.8060810915440135,0.05746270870698191,1.1310388636363637
0.20343757,0.092395008,54721.848,0.8060810915440135,0.0651243926086891,1.130616694214876
0.20343757,0.094323844,54701.312,0.8060810915440135,0.07278613212132082,1.130192396694215
0.20343757,0.096252665,54680.562,0.8060810915440135,0.08044781205081912,1.1297636776859503
0.20343757,0.098181486,54660.094,0.8060810915440135,0.08810949198031742,1.129340785123967
0.20343757,0.10011031,54640.582,0.8060810915440135,0.0957711838264424,1.1289376446280992
0.20343757,0.10203914,54622.539,0.8060810915440135,0.10343289950582077,1.1285648553719008
0.20343757,0.10396796,54606.668,0.8060810915440135,0.11109457546311018,1.1282369421487604
0.20343757,0.10589679,54593.348,0.8060810915440135,0.11875629114248855,1.12796173553719
0.20343757,0.10782561,54581.984,0.8060810915440135,0.12641796709977796,1.1277269421487603
0.20343757,0.10975444,54571.438,0.8060810915440135,0.13407968277915627,1.127509049586777
0.20343757,0.11168326,54560.652,0.8060810915440135,0.14174135873644575,1.1272861983471074
0.20343757,0.11361209,54549.469,0.8060810915440135,0.14940307441582407,1.1270551446280992
0.20343757,0.11554092,54538.801,0.8060810915440135,0.15706479009520244,1.1268347314049587
0.20343757,0.11746974,54530.898,0.8060810915440135,0.16472646605249183,1.1266714462809917
0.20343757,0.11939856,54528.906,0.8060810915440135,0.17238814200978125,1.1266302892561983
0.20343757,0.12132739,54536.129,0.8060810915440135,0.18004985768915957,1.1267795247933885
0.20343757,0.12325621,54555.402,0.8060810915440135,0.18771153364644902,1.1271777272727272
0.20343757,0.12518504,54588.746,0.8060810915440135,0.19537324932582734,1.127866652892562
0.20343757,0.12711386,54637.16,0.8060810915440135,0.20303492528311676,1.1288669421487605
0.20343757,0.12904269,54700.719,0.8060810915440135,0.21069664096249507,1.130180144628099
0.20343757,0.13089341,54775.34,0.8060810915440135,0.21804808740522932,1.1317219008264463
0.20343757,0.13258547,54853.977,0.8060810915440135,0.22476930318497618,1.133346632231405
0.20343757,0.13412371,54932.234,0.8060810915440135,0.23087951379277827,1.1349635123966941
0.20343757,0.1355221,55007.332,0.8060810915440135,0.23643421098687306,1.1365151239669422
0.20343757,0.13679338,55077.559,0.8060810915440135,0.24148400070855927,1.1379660950413224
0.20343757,0.13794906,55142.113,0.8060810915440135,0.24607460308219725,1.1392998553719007
0.20343757,0.1389997,55200.926,0.8060810915440135,0.2502479646336984,1.140515
0.20692465,0.013000302,53990.871,0.8199325017311458,-0.25024796463369836,1.1155138636363635
0.20692465,0.014050936,53929.168,0.8199325017311458,-0.24607462691545054,1.1142390082644629
0.20692465,0.015206633,53860.715,0.8199325017311458,-0.24148395701426148,1.1128246900826446
0.20692465,0.0164779,53785.215,0.8199325017311458,-0.2364342189312908,1.1112647727272726
0.20692465,0.017876294,53702.902,0.8199325017311458,-0.23087950584836042,1.109564090909091
0.20692465,0.019414525,53614.578,0.8199325017311458,-0.22476933099043836,1.107739214876033
0.20692465,0.021106582,53521.695,0.8199325017311458,-0.21804812712731828,1.105820144628099
0.20692465,0.02295731,53427.215,0.8199325017311458,-0.2106966489069129,1.1038680785123967
0.20692465,0.024886135,53338.469,0.8199325017311458,-0.203034953088579,1.1020344834710742
0.20692465,0.02681496,53261.516,0.8199325017311458,-0.19537325727024513,1.1004445454545455
0.20692465,0.028743785,53197.719,0.8199325017311458,-0.18771156145191123,1.0991264256198348
0.20692465,0.030672612,53147.469,0.8199325017311458,-0.18004985768915957,1.0980882024793388
0.20692465,0.032601438,53110.43,0.8199325017311458,-0.17238815789861678,1.0973229338842976
0.20692465,0.03453026,53084.844,0.8199325017311458,-0.1647264739969096,1.096794297520661
0.20692465,0.036459088,53067.789,0.8199325017311458,-0.15706476626194904,1.0964419214876033
0.20692465,0.03838791,53055.992,0.8199325017311458,-0.14940308236024183,1.0961981818181818
0.20692465,0.040316738,53046.664,0.8199325017311458,-0.14174137462528127,1.0960054545454545
0.20692465,0.042245559,53037.957,0.8199325017311458,-0.13407969469578296,1.0958255578512397
0.20692465,0.044174388,53029.238,0.8199325017311458,-0.12641798298861348,1.0956454132231404
0.20692465,0.046103209,53020.961,0.8199325017311458,-0.11875630305911519,1.0954744008264463
0.20692465,0.048032038,53013.844,0.8199325017311458,-0.11109459135194574,1.0953273553719007
0.20692465,0.049960859,53008.383,0.8199325017311458,-0.10343291142244741,1.0952145247933884
0.20692465,0.051889684,53004.203,0.8199325017311458,-0.09577121560411354,1.0951281611570247
0.20692465,0.053818509,53001.102,0.8199325017311458,-0.08810951978577966,1.095064090909091
0.20692465,0.055747338,52998.5,0.8199325017311458,-0.0804478080786102,1.0950103305785124
0.20692465,0.057676159,52996.164,0.8199325017311458,-0.07278612814911191,1.0949620661157025
0.20692465,0.059604988,52994.348,0.8199325017311458,-0.06512441644194245,1.0949245454545453
0.20692465,0.061533809,52993.453,0.8199325017311458,-0.05746273651244412,1.0949060537190083
0.20692465,0.063462637,52994.305,0.8199325017311458,-0.04980102877748356,1.0949236570247933
0.20692465,0.065391466,52996.93,0.8199325017311458,-0.04213931707031413,1.0949778925619835
0.20692465,0.067320287,53001.105,0.8199325017311458,-0.034477637140815774,1.095064152892562
0.20692465,0.069249108,53005.859,0.8199325017311458,-0.02681595721131748,1.0951623760330578
0.20692465,0.071177937,53010.664,0.8199325017311458,-0.01915424550414805,1.0952616528925618
0.20692465,0.073106766,53013.906,0.8199325017311458,-0.011492533796978567,1.0953286363636363
0.20692465,0.075035587,53014.898,0.8199325017311458,-0.003830853867480268,1.095349132231405
0.20692465,0.076964408,53013.098,0.8199325017311458,0.0038308260620180308,1.0953119421487603
0.20692465,0.078893237,53008.625,0.8199325017311458,0.011492537769187513,1.0952195247933885
0.20692465,0.080822065,53001.961,0.8199325017311458,0.01915424550414805,1.0950818388429753
0.20692465,0.082750887,52993.789,0.8199325017311458,0.02681592940585524,1.0949129958677686
0.20692465,0.084679708,52985.719,0.8199325017311458,0.03447760933535359,1.0947462603305784
0.20692465,0.086608537,52978.074,0.8199325017311458,0.04213932104252302,1.094588305785124
0.20692465,0.088537365,52971.793,0.8199325017311458,0.049801028777483616,1.0944585330578511
0.20692465,0.090466186,52967.004,0.8199325017311458,0.05746270870698191,1.0943595867768596
0.20692465,0.092395008,52963.32,0.8199325017311458,0.0651243926086891,1.09428347107438
0.20692465,0.094323844,52960.18,0.8199325017311458,0.07278613212132082,1.0942185950413224
0.20692465,0.096252665,52956.902,0.8199325017311458,0.08044781205081912,1.0941508677685952
0.20692465,0.098181486,52953.5,0.8199325017311458,0.08810949198031742,1.0940805785123966
0.20692465,0.10011031,52950.355,0.8199325017311458,0.0957711838264424,1.0940155991735538
0.20692465,0.10203914,52947.844,0.8199325017311458,0.10343289950582077,1.0939637190082645
0.20692465,0.10396796,52946.539,0.8199325017311458,0.11109457546311018,1.093936756198347
0.20692465,0.10589679,52946.852,0.8199325017311458,0.11875629114248855,1.0939432231404957
0.20692465,0.10782561,52948.344,0.8199325017311458,0.12641796709977796,1.093974049586777
0.20692465,0.10975444,52950.363,0.8199325017311458,0.13407968277915627,1.09401576446281
0.20692465,0.11168326,52952.555,0.8199325017311458,0.14174135873644575,1.0940610537190083
0.20692465,0.11361209,52955.59,0.8199325017311458,0.14940307441582407,1.0941237603305785
0.20692465,0.11554092,52961.195,0.8199325017311458,0.15706479009520244,1.0942395661157025
0.20692465,0.11746974,52972.156,0.8199325017311458,0.16472646605249183,1.0944660330578513
0.20692465,0.11939856,52991.852,0.8199325017311458,0.17238814200978125,1.0948729752066115
0.20692465,0.12132739,53023.422,0.8199325017311458,0.18004985768915957,1.0955252479338842
0.20692465,0.12325621,53068.941,0.8199325017311458,0.18771153364644902,1.096465723140496
0.20692465,0.12518504,53129.098,0.8199325017311458,0.19537324932582734,1.0977086363636364
0.20692465,0.12711386,53203.641,0.8199325017311458,0.20303492528311676,1.0992487809917355
0.20692465,0.12904269,53291.242,0.8199325017311458,0.21069664096249507,1.1010587190082644
0.20692465,0.13089341,53385.629,0.8199325017311458,0.21804808740522932,1.1030088636363637
0.20692465,0.13258547,53478.988,0.8199325017311458,0.22476930318497618,1.1049377685950412
0.20692465,0.13412371,53567.973,0.8199325017311458,0.23087951379277827,1.1067763016528924
0.20692465,0.1355221,53650.969,0.8199325017311458,0.23643421098687306,1.1084910950413223
0.20692465,0.13679338,53727.152,0.8199325017311458,0.24148400070855927,1.1100651239669421
0.20692465,0.13794906,53796.309,0.8199325017311458,0.24607460308219725,1.1114939876033059
0.20692465,0.1389997,53858.754,0.8199325017311458,0.2502479646336984,1.112784173553719
0.21041171,0.013000302,52661.027,0.8337838324741005,-0.25024796463369836,1.0880377479338843
0.21041171,0.014050936,52599.0,0.8337838324741005,-0.24607462691545054,1.0867561983471075
0.21041171,0.015206633,52529.594,0.8337838324741005,-0.24148395701426148,1.0853221900826446
0.21041171,0.0164779,52452.117,0.8337838324741005,-0.2364342189312908,1.0837214256198346
0.21041171,0.017876294,52366.316,0.8337838324741005,-0.23087950584836042,1.0819486776859504
0.21041171,0.019414525,52272.387,0.8337838324741005,-0.22476933099043836,1.0800079958677686
0.21041171,0.021106582,52170.957,0.8337838324741005,-0.21804812712731828,1.0779123347107438
0.21041171,0.02295731,52063.875,0.8337838324741005,-0.2106966489069129,1.0756998966942148
0.21041171,0.024886135,51958.215,0.8337838324741005,-0.203034953088579,1.0735168388429752
0.21041171,0.02681496,51860.75,0.8337838324741005,-0.19537325727024513,1.0715030991735537
0.21041171,0.028743785,51773.734,0.8337838324741005,-0.18771156145191123,1.0697052479338842
0.21041171,0.030672612,51698.969,0.8337838324741005,-0.18004985768915957,1.0681605165289256
0.21041171,0.032601438,51637.34,0.8337838324741005,-0.17238815789861678,1.0668871900826447
0.21041171,0.03453026,51588.438,0.8337838324741005,-0.1647264739969096,1.0658768181818181
0.21041171,0.036459088,51550.406,0.8337838324741005,-0.15706476626194904,1.0650910330578514
0.21041171,0.03838791,51520.441,0.8337838324741005,-0.14940308236024183,1.0644719214876033
0.21041171,0.040316738,51495.492,0.8337838324741005,-0.14174137462528127,1.0639564462809916
0.21041171,0.042245559,51473.039,0.8337838324741005,-0.13407969469578296,1.063492541322314
0.21041171,0.044174388,51451.637,0.8337838324741005,-0.12641798298861348,1.0630503512396694
0.21041171,0.046103209,51430.914,0.8337838324741005,-0.11875630305911519,1.0626221900826445
0.21041171,0.048032038,51410.984,0.8337838324741005,-0.11109459135194574,1.0622104132231405
0.21041171,0.049960859,51391.996,0.8337838324741005,-0.10343291142244741,1.0618180991735537
0.21041171,0.051889684,51373.57,0.8337838324741005,-0.09577121560411354,1.0614373966942148
0.21041171,0.053818509,51355.523,0.8337838324741005,-0.08810951978577966,1.0610645247933885
0.21041171,0.055747338,51337.418,0.8337838324741005,-0.0804478080786102,1.0606904545454545
0.21041171,0.057676159,51319.254,0.8337838324741005,-0.07278612814911191,1.0603151652892562
0.21041171,0.059604988,51301.664,0.8337838324741005,-0.06512441644194245,1.0599517355371901
0.21041171,0.061533809,51285.566,0.8337838324741005,-0.05746273651244412,1.059619132231405
0.21041171,0.063462637,51272.371,0.8337838324741005,-0.04980102877748356,1.0593465082644629
0.21041171,0.065391466,51262.703,0.8337838324741005,-0.04213931707031413,1.0591467561983472
0.21041171,0.067320287,51256.758,0.8337838324741005,-0.034477637140815774,1.0590239256198348
0.21041171,0.069249108,51253.812,0.8337838324741005,-0.02681595721131748,1.0589630578512397
0.21041171,0.071177937,51253.207,0.8337838324741005,-0.01915424550414805,1.0589505578512397
0.21041171,0.073106766,51253.137,0.8337838324741005,-0.011492533796978567,1.058949111570248
0.21041171,0.075035587,51252.617,0.8337838324741005,-0.003830853867480268,1.058938367768595
0.21041171,0.076964408,51250.934,0.8337838324741005,0.0038308260620180308,1.0589035950413224
0.21041171,0.078893237,51248.211,0.8337838324741005,0.011492537769187513,1.0588473347107439
0.21041171,0.080822065,51245.125,0.8337838324741005,0.01915424550414805,1.0587835743801652
0.21041171,0.082750887,51242.684,0.8337838324741005,0.02681592940585524,1.0587331404958678
0.21041171,0.084679708,51242.656,0.8337838324741005,0.03447760933535359,1.058732561983471
0.21041171,0.086608537,51245.496,0.8337838324741005,0.04213932104252302,1.0587912396694215
0.21041171,0.088537365,51251.855,0.8337838324741005,0.049801028777483616,1.0589226239669423
0.21041171,0.090466186,51261.422,0.8337838324741005,0.05746270870698191,1.0591202892561984
0.21041171,0.092395008,51273.238,0.8337838324741005,0.0651243926086891,1.0593644214876032
0.21041171,0.094323844,51286.125,0.8337838324741005,0.07278613212132082,1.0596306818181818
0.21041171,0.096252665,51298.91,0.8337838324741005,0.08044781205081912,1.059894834710744
0.21041171,0.098181486,51311.219,0.8337838324741005,0.08810949198031742,1.060149152892562
0.21041171,0.10011031,51323.195,0.8337838324741005,0.0957711838264424,1.0603965909090909
0.21041171,0.10203914,51335.148,0.8337838324741005,0.10343289950582077,1.0606435537190082
0.21041171,0.10396796,51347.582,0.8337838324741005,0.11109457546311018,1.0609004545454546
0.21041171,0.10589679,51360.949,0.8337838324741005,0.11875629114248855,1.061176632231405
0.21041171,0.10782561,51375.156,0.8337838324741005,0.12641796709977796,1.0614701652892562
0.21041171,0.10975444,51390.117,0.8337838324741005,0.13407968277915627,1.061779276859504
0.21041171,0.11168326,51406.215,0.8337838324741005,0.14174135873644575,1.0621118801652891
0.21041171,0.11361209,51424.898,0.8337838324741005,0.14940307441582407,1.0624978925619835
0.21041171,0.11554092,51448.629,0.8337838324741005,0.15706479009520244,1.062988202479339
0.21041171,0.11746974,51480.531,0.8337838324741005,0.16472646605249183,1.0636473347107438
0.21041171,0.11939856,51523.691,0.8337838324741005,0.17238814200978125,1.0645390702479338
0.21041171,0.12132739,51580.363,0.8337838324741005,0.18004985768915957,1.065709979338843
0.21041171,0.12325621,51651.266,0.8337838324741005,0.18771153364644902,1.067174917355372
0.21041171,0.12518504,51735.801,0.8337838324741005,0.19537324932582734,1.0689215082644627
0.21041171,0.12711386,51832.164,0.8337838324741005,0.20303492528311676,1.070912479338843
0.21041171,0.12904269,51937.836,0.8337838324741005,0.21069664096249507,1.073095785123967
0.21041171,0.13089341,52045.629,0.8337838324741005,0.21804808740522932,1.0753229132231406
0.21041171,0.13258547,52148.027,0.8337838324741005,0.22476930318497618,1.0774385743801653
0.21041171,0.13412371,52242.988,0.8337838324741005,0.23087951379277827,1.0794005785123966
0.21041171,0.1355221,52329.855,0.8337838324741005,0.23643421098687306,1.0811953512396695
0.21041171,0.13679338,52408.434,0.8337838324741005,0.24148400070855927,1.0828188842975206
0.21041171,0.13794906,52478.969,0.8337838324741005,0.24607460308219725,1.0842762190082644
0.21041171,0.1389997,52542.129,0.8337838324741005,0.2502479646336984,1.0855811776859505
0.21389876,0.013000302,51359.754,0.8476351234949661,-0.25024796463369836,1.0611519421487603
0.21389876,0.014050936,51299.16,0.8476351234949661,-0.24607462691545054,1.0599
0.21389876,0.015206633,51230.926,0.8476351234949661,-0.24148395701426148,1.0584902066115702
0.21389876,0.0164779,51153.961,0.8476351234949661,-0.2364342189312908,1.0569000206611572
0.21389876,0.017876294,51067.457,0.8476351234949661,-0.23087950584836042,1.0551127479338844
0.21389876,0.019414525,50971.047,0.8476351234949661,-0.22476933099043836,1.053120805785124
0.21389876,0.021106582,50864.738,0.8476351234949661,-0.21804812712731828,1.0509243388429752
0.21389876,0.02295731,50749.559,0.8476351234949661,-0.2106966489069129,1.0485446074380165
0.21389876,0.024886135,50632.129,0.8476351234949661,-0.203034953088579,1.046118367768595
0.21389876,0.02681496,50519.215,0.8476351234949661,-0.19537325727024513,1.0437854338842973
0.21389876,0.028743785,50413.293,0.8476351234949661,-0.18771156145191123,1.0415969628099173
0.21389876,0.030672612,50317.004,0.8476351234949661,-0.18004985768915957,1.039607520661157
0.21389876,0.032601438,50232.512,0.8476351234949661,-0.17238815789861678,1.0378618181818182
0.21389876,0.03453026,50160.727,0.8476351234949661,-0.1647264739969096,1.0363786570247933
0.21389876,0.036459088,50101.043,0.8476351234949661,-0.15706476626194904,1.0351455165289256
0.21389876,0.03838791,50051.625,0.8476351234949661,-0.14940308236024183,1.0341244834710743
0.21389876,0.040316738,50009.715,0.8476351234949661,-0.14174137462528127,1.0332585743801652
0.21389876,0.042245559,49972.477,0.8476351234949661,-0.13407969469578296,1.032489194214876
0.21389876,0.044174388,49937.703,0.8476351234949661,-0.12641798298861348,1.031770723140496
0.21389876,0.046103209,49904.27,0.8476351234949661,-0.11875630305911519,1.031079958677686
0.21389876,0.048032038,49871.734,0.8476351234949661,-0.11109459135194574,1.0304077272727272
0.21389876,0.049960859,49839.867,0.8476351234949661,-0.10343291142244741,1.0297493181818183
0.21389876,0.051889684,49808.164,0.8476351234949661,-0.09577121560411354,1.0290942975206612
0.21389876,0.053818509,49776.461,0.8476351234949661,-0.08810951978577966,1.028439276859504
0.21389876,0.055747338,49744.379,0.8476351234949661,-0.0804478080786102,1.0277764256198347
0.21389876,0.057676159,49712.07,0.8476351234949661,-0.07278612814911191,1.0271088842975207
0.21389876,0.059604988,49680.391,0.8476351234949661,-0.06512441644194245,1.0264543595041322
0.21389876,0.061533809,49650.633,0.8476351234949661,-0.05746273651244412,1.0258395247933885
0.21389876,0.063462637,49624.625,0.8476351234949661,-0.04980102877748356,1.0253021694214877
0.21389876,0.065391466,49603.48,0.8476351234949661,-0.04213931707031413,1.0248652892561985
0.21389876,0.067320287,49587.809,0.8476351234949661,-0.034477637140815774,1.0245415082644629
0.21389876,0.069249108,49577.172,0.8476351234949661,-0.02681595721131748,1.02432173553719
0.21389876,0.071177937,49570.938,0.8476351234949661,-0.01915424550414805,1.0241929338842977
0.21389876,0.073106766,49567.277,0.8476351234949661,-0.011492533796978567,1.0241172933884297
0.21389876,0.075035587,49565.055,0.8476351234949661,-0.003830853867480268,1.0240713842975206
0.21389876,0.076964408,49563.465,0.8476351234949661,0.0038308260620180308,1.0240385330578512
0.21389876,0.078893237,49562.625,0.8476351234949661,0.011492537769187513,1.0240211776859505
0.21389876,0.080822065,49563.305,0.8476351234949661,0.01915424550414805,1.0240352272727273
0.21389876,0.082750887,49566.672,0.8476351234949661,0.02681592940585524,1.0241047933884297
0.21389876,0.084679708,49574.496,0.8476351234949661,0.03447760933535359,1.0242664462809916
0.21389876,0.086608537,49587.23,0.8476351234949661,0.04213932104252302,1.0245295454545456
0.21389876,0.088537365,49605.207,0.8476351234949661,0.049801028777483616,1.0249009710743802
0.21389876,0.090466186,49627.723,0.8476351234949661,0.05746270870698191,1.0253661776859504
0.21389876,0.092395008,49653.371,0.8476351234949661,0.0651243926086891,1.0258960950413223
0.21389876,0.094323844,49680.523,0.8476351234949661,0.07278613212132082,1.0264570867768594
0.21389876,0.096252665,49707.707,0.8476351234949661,0.08044781205081912,1.0270187396694215
0.21389876,0.098181486,49734.289,0.8476351234949661,0.08810949198031742,1.0275679545454546
0.21389876,0.10011031,49760.27,0.8476351234949661,0.0957711838264424,1.0281047520661157
0.21389876,0.10203914,49785.902,0.8476351234949661,0.10343289950582077,1.0286343388429753
0.21389876,0.10396796,49811.625,0.8476351234949661,0.11109457546311018,1.029165805785124
0.21389876,0.10589679,49838.004,0.8476351234949661,0.11875629114248855,1.029710826446281
0.21389876,0.10782561,49865.277,0.8476351234949661,0.12641796709977796,1.0302743181818181
0.21389876,0.10975444,49893.863,0.8476351234949661,0.13407968277915627,1.030864938016529
0.21389876,0.11168326,49924.922,0.8476351234949661,0.14174135873644575,1.031506652892562
0.21389876,0.11361209,49960.691,0.8476351234949661,0.14940307441582407,1.0322456818181818
0.21389876,0.11554092,50004.027,0.8476351234949661,0.15706479009520244,1.0331410537190082
0.21389876,0.11746974,50057.918,0.8476351234949661,0.16472646605249183,1.0342545041322313
0.21389876,0.11939856,50124.59,0.8476351234949661,0.17238814200978125,1.0356320247933883
0.21389876,0.12132739,50205.004,0.8476351234949661,0.18004985768915957,1.0372934710743802
0.21389876,0.12325621,50298.504,0.8476351234949661,0.18771153364644902,1.0392252892561984
0.21389876,0.12518504,50403.027,0.8476351234949661,0.19537324932582734,1.041384855371901
0.21389876,0.12711386,50515.707,0.8476351234949661,0.20303492528311676,1.0437129545454547
0.21389876,0.12904269,50633.699,0.8476351234949661,0.21069664096249507,1.0461508057851239
0.21389876,0.13089341,50749.855,0.8476351234949661,0.21804808740522932,1.048550723140496
0.21389876,0.13258547,50857.297,0.8476351234949661,0.22476930318497618,1.0507705991735536
0.21389876,0.13412371,50954.957,0.8476351234949661,0.23087951379277827,1.0527883677685952
0.21389876,0.1355221,51042.832,0.8476351234949661,0.23643421098687306,1.0546039669421488
0.21389876,0.13679338,51121.234,0.8476351234949661,0.24148400070855927,1.0562238429752064
0.21389876,0.13794906,51190.906,0.8476351234949661,0.24607460308219725,1.0576633471074381
0.21389876,0.1389997,51252.895,0.8476351234949661,0.2502479646336984,1.0589441115702478
0.21738583,0.013000302,50087.5,0.8614864939600096,-0.25024796463369836,1.0348657024793388
0.21738583,0.014050936,50029.035,0.8614864939600096,-0.24607462691545054,1.0336577479338844
0.21738583,0.015206633,49963.0,0.8614864939600096,-0.24148395701426148,1.032293388429752
0.21738583,0.0164779,49887.996,0.8614864939600096,-0.2364342189312908,1.0307437190082644
0.21738583,0.017876294,49802.727,0.8614864939600096,-0.23087950584836042,1.0289819628099173
0.21738583,0.019414525,49706.223,0.8614864939600096,-0.22476933099043836,1.0269880785123966
0.21738583,0.021106582,49597.902,0.8614864939600096,-0.21804812712731828,1.024750041322314
0.21738583,0.02295731,49478.168,0.8614864939600096,-0.2106966489069129,1.0222761983471074
0.21738583,0.024886135,49353.273,0.8614864939600096,-0.203034953088579,1.019695723140496
0.21738583,0.02681496,49229.777,0.8614864939600096,-0.19537325727024513,1.017144152892562
0.21738583,0.028743785,49109.91,0.8614864939600096,-0.18771156145191123,1.014667561983471
0.21738583,0.030672612,48996.457,0.8614864939600096,-0.18004985768915957,1.0123234917355373
0.21738583,0.032601438,48892.336,0.8614864939600096,-0.17238815789861678,1.0101722314049588
0.21738583,0.03453026,48799.625,0.8614864939600096,-0.1647264739969096,1.008256714876033
0.21738583,0.036459088,48719.066,0.8614864939600096,-0.15706476626194904,1.0065922727272727
0.21738583,0.03838791,48649.875,0.8614864939600096,-0.14940308236024183,1.0051627066115703
0.21738583,0.040316738,48590.055,0.8614864939600096,-0.14174137462528127,1.0039267561983471
0.21738583,0.042245559,48536.906,0.8614864939600096,-0.13407969469578296,1.0028286363636365
0.21738583,0.044174388,48487.918,0.8614864939600096,-0.12641798298861348,1.0018164876033058
0.21738583,0.046103209,48441.352,0.8614864939600096,-0.11875630305911519,1.0008543801652892
0.21738583,0.048032038,48396.168,0.8614864939600096,-0.11109459135194574,0.999920826446281
0.21738583,0.049960859,48351.832,0.8614864939600096,-0.10343291142244741,0.9990047933884298
0.21738583,0.051889684,48307.738,0.8614864939600096,-0.09577121560411354,0.9980937603305785
0.21738583,0.053818509,48263.633,0.8614864939600096,-0.08810951978577966,0.9971825000000001
0.21738583,0.055747338,48219.188,0.8614864939600096,-0.0804478080786102,0.9962642148760331
0.21738583,0.057676159,48174.594,0.8614864939600096,-0.07278612814911191,0.9953428512396694
0.21738583,0.059604988,48130.766,0.8614864939600096,-0.06512441644194245,0.9944373140495868
0.21738583,0.061533809,48089.164,0.8614864939600096,-0.05746273651244412,0.9935777685950412
0.21738583,0.063462637,48051.84,0.8614864939600096,-0.04980102877748356,0.9928066115702479
0.21738583,0.065391466,48020.266,0.8614864939600096,-0.04213931707031413,0.9921542561983472
0.21738583,0.067320287,47995.41,0.8614864939600096,-0.034477637140815774,0.9916407024793389
0.21738583,0.069249108,47977.199,0.8614864939600096,-0.02681595721131748,0.9912644421487603
0.21738583,0.071177937,47965.172,0.8614864939600096,-0.01915424550414805,0.9910159504132231
0.21738583,0.073106766,47957.664,0.8614864939600096,-0.011492533796978567,0.9908608264462809
0.21738583,0.075035587,47953.559,0.8614864939600096,-0.003830853867480268,0.9907760123966942
0.21738583,0.076964408,47952.051,0.8614864939600096,0.0038308260620180308,0.9907448553719008
0.21738583,0.078893237,47953.234,0.8614864939600096,0.011492537769187513,0.9907692975206611
0.21738583,0.080822065,47957.871,0.8614864939600096,0.01915424550414805,0.9908651033057851
0.21738583,0.082750887,47967.102,0.8614864939600096,0.02681592940585524,0.991055826446281
0.21738583,0.084679708,47982.516,0.8614864939600096,0.03447760933535359,0.9913742975206612
0.21738583,0.086608537,48004.426,0.8614864939600096,0.04213932104252302,0.9918269834710743
0.21738583,0.088537365,48032.816,0.8614864939600096,0.049801028777483616,0.9924135537190082
0.21738583,0.090466186,48066.645,0.8614864939600096,0.05746270870698191,0.9931125
0.21738583,0.092395008,48104.215,0.8614864939600096,0.0651243926086891,0.9938887396694214
0.21738583,0.094323844,48143.668,0.8614864939600096,0.07278613212132082,0.9947038842975207
0.21738583,0.096252665,48183.414,0.8614864939600096,0.08044781205081912,0.995525082644628
0.21738583,0.098181486,48222.734,0.8614864939600096,0.08810949198031742,0.9963374793388429
0.21738583,0.10011031,48261.562,0.8614864939600096,0.0957711838264424,0.9971397107438016
0.21738583,0.10203914,48300.109,0.8614864939600096,0.10343289950582077,0.9979361363636363
0.21738583,0.10396796,48338.805,0.8614864939600096,0.11109457546311018,0.9987356404958678
0.21738583,0.10589679,48378.289,0.8614864939600096,0.11875629114248855,0.9995514256198347
0.21738583,0.10782561,48419.062,0.8614864939600096,0.12641796709977796,1.0003938429752066
0.21738583,0.10975444,48462.164,0.8614864939600096,0.13407968277915627,1.001284380165289
0.21738583,0.11168326,48509.387,0.8614864939600096,0.14174135873644575,1.0022600619834712
0.21738583,0.11361209,48563.391,0.8614864939600096,0.14940307441582407,1.003375847107438
0.21738583,0.11554092,48627.02,0.8614864939600096,0.15706479009520244,1.0046904958677685
0.21738583,0.11746974,48702.531,0.8614864939600096,0.16472646605249183,1.0062506404958678
0.21738583,0.11939856,48791.094,0.8614864939600096,0.17238814200978125,1.0080804545454545
0.21738583,0.12132739,48892.227,0.8614864939600096,0.18004985768915957,1.010169979338843
0.21738583,0.12325621,49003.93,0.8614864939600096,0.18771153364644902,1.0124778925619835
0.21738583,0.12518504,49123.164,0.8614864939600096,0.19537324932582734,1.0149414049586776
0.21738583,0.12711386,49246.836,0.8614864939600096,0.20303492528311676,1.017496611570248
0.21738583,0.12904269,49372.426,0.8614864939600096,0.21069664096249507,1.0200914462809918
0.21738583,0.13089341,49493.156,0.8614864939600096,0.21804808740522932,1.022585867768595
0.21738583,0.13258547,49602.691,0.8614864939600096,0.22476930318497618,1.0248489876033058
0.21738583,0.13412371,49700.617,0.8614864939600096,0.23087951379277827,1.0268722520661158
0.21738583,0.1355221,49787.453,0.8614864939600096,0.23643421098687306,1.0286663842975208
0.21738583,0.13679338,49864.086,0.8614864939600096,0.24148400070855927,1.0302497107438018
0.21738583,0.13794906,49931.723,0.8614864939600096,0.24607460308219725,1.0316471694214875
0.21738583,0.1389997,49991.703,0.8614864939600096,0.2502479646336984,1.0328864256198347
0.22087291,0.013000302,48844.492,0.8753379041471421,-0.25024796463369836,1.0091837190082644
0.22087291,0.014050936,48788.141,0.8753379041471421,-0.24607462691545054,1.0080194421487605
0.22087291,0.015206633,48724.473,0.8753379041471421,-0.24148395701426148,1.0067039876033057
0.22087291,0.0164779,48651.945,0.8753379041471421,-0.2364342189312908,1.0052054752066115
0.22087291,0.017876294,48568.957,0.8753379041471421,-0.23087950584836042,1.003490847107438
0.22087291,0.019414525,48474.02,0.8753379041471421,-0.22476933099043836,1.0015293388429751
0.22087291,0.021106582,48365.977,0.8753379041471421,-0.21804812712731828,0.9992970454545455
0.22087291,0.02295731,48244.66,0.8753379041471421,-0.2106966489069129,0.9967904958677687
0.22087291,0.024886135,48115.934,0.8753379041471421,-0.203034953088579,0.994130867768595
0.22087291,0.02681496,47986.117,0.8753379041471421,-0.19537325727024513,0.9914486983471074
0.22087291,0.028743785,47857.07,0.8753379041471421,-0.18771156145191123,0.9887824380165289
0.22087291,0.030672612,47731.301,0.8753379041471421,-0.18004985768915957,0.9861839049586777
0.22087291,0.032601438,47611.82,0.8753379041471421,-0.17238815789861678,0.9837152892561983
0.22087291,0.03453026,47501.383,0.8753379041471421,-0.1647264739969096,0.9814335330578513
0.22087291,0.036459088,47401.828,0.8753379041471421,-0.15706476626194904,0.9793766115702479
0.22087291,0.03838791,47313.559,0.8753379041471421,-0.14940308236024183,0.9775528719008265
0.22087291,0.040316738,47235.531,0.8753379041471421,-0.14174137462528127,0.975940723140496
0.22087291,0.042245559,47165.621,0.8753379041471421,-0.13407969469578296,0.9744963016528926
0.22087291,0.044174388,47101.488,0.8753379041471421,-0.12641798298861348,0.9731712396694214
0.22087291,0.046103209,47041.121,0.8753379041471421,-0.11875630305911519,0.9719239876033058
0.22087291,0.048032038,46983.156,0.8753379041471421,-0.11109459135194574,0.9707263636363637
0.22087291,0.049960859,46926.641,0.8753379041471421,-0.10343291142244741,0.9695586983471075
0.22087291,0.051889684,46870.883,0.8753379041471421,-0.09577121560411354,0.968406673553719
0.22087291,0.053818509,46815.578,0.8753379041471421,-0.08810951978577966,0.9672640082644628
0.22087291,0.055747338,46760.355,0.8753379041471421,-0.0804478080786102,0.9661230371900827
0.22087291,0.057676159,46705.352,0.8753379041471421,-0.07278612814911191,0.9649866115702479
0.22087291,0.059604988,46651.41,0.8753379041471421,-0.06512441644194245,0.9638721074380167
0.22087291,0.061533809,46599.934,0.8753379041471421,-0.05746273651244412,0.9628085537190083
0.22087291,0.063462637,46552.992,0.8753379041471421,-0.04980102877748356,0.9618386776859503
0.22087291,0.065391466,46512.258,0.8753379041471421,-0.04213931707031413,0.9609970661157025
0.22087291,0.067320287,46478.988,0.8753379041471421,-0.034477637140815774,0.9603096694214875
0.22087291,0.069249108,46453.508,0.8753379041471421,-0.02681595721131748,0.9597832231404959
0.22087291,0.071177937,46435.664,0.8753379041471421,-0.01915424550414805,0.9594145454545454
0.22087291,0.073106766,46424.141,0.8753379041471421,-0.011492533796978567,0.9591764669421489
0.22087291,0.075035587,46418.012,0.8753379041471421,-0.003830853867480268,0.9590498347107439
0.22087291,0.076964408,46416.578,0.8753379041471421,0.0038308260620180308,0.9590202066115703
0.22087291,0.078893237,46419.898,0.8753379041471421,0.011492537769187513,0.9590888016528926
0.22087291,0.080822065,46428.605,0.8753379041471421,0.01915424550414805,0.9592686983471075
0.22087291,0.082750887,46443.637,0.8753379041471421,0.02681592940585524,0.9595792768595042
0.22087291,0.084679708,46466.23,0.8753379041471421,0.03447760933535359,0.9600460743801653
0.22087291,0.086608537,46496.43,0.8753379041471421,0.04213932104252302,0.960670041322314
0.22087291,0.088537365,46533.852,0.8753379041471421,0.049801028777483616,0.9614432231404958
0.22087291,0.090466186,46577.207,0.8753379041471421,0.05746270870698191,0.9623389876033058
0.22087291,0.092395008,46624.688,0.8753379041471421,0.0651243926086891,0.9633200000000001
0.22087291,0.094323844,46674.406,0.8753379041471421,0.07278613212132082,0.9643472314049587
0.22087291,0.096252665,46724.863,0.8753379041471421,0.08044781205081912,0.9653897314049587
0.22087291,0.098181486,46775.383,0.8753379041471421,0.08810949198031742,0.9664335330578513
0.22087291,0.10011031,46825.91,0.8753379041471421,0.0957711838264424,0.9674774793388431
0.22087291,0.10203914,46876.668,0.8753379041471421,0.10343289950582077,0.9685261983471074
0.22087291,0.10396796,46928.051,0.8753379041471421,0.11109457546311018,0.9695878305785124
0.22087291,0.10589679,46980.777,0.8753379041471421,0.11875629114248855,0.9706772107438016
0.22087291,0.10782561,47035.754,0.8753379041471421,0.12641796709977796,0.9718130991735537
0.22087291,0.10975444,47094.402,0.8753379041471421,0.13407968277915627,0.9730248347107439
0.22087291,0.11168326,47158.84,0.8753379041471421,0.14174135873644575,0.9743561983471074
0.22087291,0.11361209,47231.68,0.8753379041471421,0.14940307441582407,0.9758611570247934
0.22087291,0.11554092,47315.223,0.8753379041471421,0.15706479009520244,0.9775872520661156
0.22087291,0.11746974,47410.777,0.8753379041471421,0.16472646605249183,0.9795615082644629
0.22087291,0.11939856,47518.188,0.8753379041471421,0.17238814200978125,0.9817807438016529
0.22087291,0.12132739,47635.727,0.8753379041471421,0.18004985768915957,0.9842092355371901
0.22087291,0.12325621,47760.535,0.8753379041471421,0.18771153364644902,0.9867879132231405
0.22087291,0.12518504,47889.379,0.8753379041471421,0.19537324932582734,0.989449979338843
0.22087291,0.12711386,48019.496,0.8753379041471421,0.20303492528311676,0.992138347107438
0.22087291,0.12904269,48148.887,0.8753379041471421,0.21069664096249507,0.9948117148760331
0.22087291,0.13089341,48271.191,0.8753379041471421,0.21804808740522932,0.9973386570247934
0.22087291,0.13258547,48380.508,0.8753379041471421,0.22476930318497618,0.9995972727272727
0.22087291,0.13412371,48476.957,0.8753379041471421,0.23087951379277827,1.001590020661157
0.22087291,0.1355221,48561.598,0.8753379041471421,0.23643421098687306,1.0033388016528926
0.22087291,0.13679338,48635.805,0.8753379041471421,0.24148400070855927,1.0048720041322314
0.22087291,0.13794906,48701.105,0.8753379041471421,0.24607460308219725,1.0062211776859504
0.22087291,0.1389997,48759.004,0.8753379041471421,0.2502479646336984,1.0074174380165288
0.22435996,0.013000302,47631.195,0.8891891951680077,-0.25024796463369836,0.9841155991735537
0.22435996,0.014050936,47576.543,0.8891891951680077,-0.24607462691545054,0.9829864256198346
0.22435996,0.015206633,47514.938,0.8891891951680077,-0.24148395701426148,0.9817135950413224
0.22435996,0.0164779,47444.836,0.8891891951680077,-0.2364342189312908,0.9802652066115703
0.22435996,0.017876294,47364.484,0.8891891951680077,-0.23087950584836042,0.978605041322314
0.22435996,0.019414527,47272.07,0.8891891951680077,-0.22476932304602057,0.9766956611570248
0.22435996,0.021106582,47165.957,0.8891891951680077,-0.21804812712731828,0.974503243801653
0.22435996,0.02295731,47045.395,0.8891891951680077,-0.2106966489069129,0.9720122933884296
0.22435996,0.024886135,46915.82,0.8891891951680077,-0.203034953088579,0.9693351239669421
0.22435996,0.02681496,46783.25,0.8891891951680077,-0.19537325727024513,0.9665960743801653
0.22435996,0.028743785,46649.18,0.8891891951680077,-0.18771156145191123,0.9638260330578512
0.22435996,0.030672612,46515.684,0.8891891951680077,-0.18004985768915957,0.9610678512396694
0.22435996,0.032601438,46385.453,0.8891891951680077,-0.17238815789861678,0.9583771280991736
0.22435996,0.03453026,46261.32,0.8891891951680077,-0.1647264739969096,0.9558123966942149
0.22435996,0.036459088,46145.711,0.8891891951680077,-0.15706476626194904,0.9534237809917356
0.22435996,0.03838791,46040.031,0.8891891951680077,-0.14940308236024183,0.9512403099173554
0.22435996,0.040316738,45944.309,0.8891891951680077,-0.14174137462528127,0.9492625826446282
0.22435996,0.042245559,45857.344,0.8891891951680077,-0.13407969469578296,0.9474657851239668
0.22435996,0.044174388,45777.297,0.8891891951680077,-0.12641798298861348,0.9458119214876033
0.22435996,0.046103209,45702.367,0.8891891951680077,-0.11875630305911519,0.9442637809917355
0.22435996,0.048032038,45631.078,0.8891891951680077,-0.11109459135194574,0.9427908677685951
0.22435996,0.049960859,45562.316,0.8891891951680077,-0.10343291142244741,0.9413701652892562
0.22435996,0.051889684,45495.27,0.8891891951680077,-0.09577121560411354,0.9399849173553718
0.22435996,0.053818509,45429.562,0.8891891951680077,-0.08810951978577966,0.9386273140495868
0.22435996,0.055747338,45364.809,0.8891891951680077,-0.0804478080786102,0.9372894421487603
0.22435996,0.057676159,45301.02,0.8891891951680077,-0.07278612814911191,0.9359714876033057
0.22435996,0.059604988,45238.824,0.8891891951680077,-0.06512441644194245,0.9346864462809917
0.22435996,0.061533809,45179.414,0.8891891951680077,-0.05746273651244412,0.9334589669421487
0.22435996,0.063462637,45124.66,0.8891891951680077,-0.04980102877748356,0.9323276859504133
0.22435996,0.065391466,45076.227,0.8891891951680077,-0.04213931707031413,0.9313270041322314
0.22435996,0.067320287,45035.555,0.8891891951680077,-0.034477637140815774,0.9304866735537191
0.22435996,0.069249108,45003.355,0.8891891951680077,-0.02681595721131748,0.9298213842975207
0.22435996,0.071177937,44979.895,0.8891891951680077,-0.01915424550414805,0.929336673553719
0.22435996,0.073106766,44964.359,0.8891891951680077,-0.011492533796978567,0.9290156818181817
0.22435996,0.075035587,44956.152,0.8891891951680077,-0.003830853867480268,0.9288461157024793
0.22435996,0.076964408,44954.773,0.8891891951680077,0.0038308260620180308,0.9288176239669421
0.22435996,0.078893237,44960.246,0.8891891951680077,0.011492537769187513,0.9289307024793388
0.22435996,0.080822065,44972.973,0.8891891951680077,0.01915424550414805,0.9291936570247934
0.22435996,0.082750887,44993.543,0.8891891951680077,0.02681592940585524,0.9296186570247933
0.22435996,0.084679708,45022.699,0.8891891951680077,0.03447760933535359,0.9302210537190083
0.22435996,0.086608537,45060.105,0.8891891951680077,0.04213932104252302,0.9309939049586777
0.22435996,0.088537365,45105.047,0.8891891951680077,0.049801028777483616,0.931922458677686
0.22435996,0.090466186,45156.117,0.8891891951680077,0.05746270870698191,0.9329776239669421
0.22435996,0.092395008,45211.57,0.8891891951680077,0.0651243926086891,0.934123347107438
0.22435996,0.094323844,45269.715,0.8891891951680077,0.07278613212132082,0.9353246900826445
0.22435996,0.096252665,45329.293,0.8891891951680077,0.08044781205081912,0.9365556404958677
0.22435996,0.098181486,45389.785,0.8891891951680077,0.08810949198031742,0.9378054752066116
0.22435996,0.10011031,45451.203,0.8891891951680077,0.0957711838264424,0.9390744421487603
0.22435996,0.10203914,45513.758,0.8891891951680077,0.10343289950582077,0.9403669008264464
0.22435996,0.10396796,45577.871,0.8891891951680077,0.11109457546311018,0.9416915495867768
0.22435996,0.10589679,45644.387,0.8891891951680077,0.11875629114248855,0.943065847107438
0.22435996,0.10782561,45714.414,0.8891891951680077,0.12641796709977796,0.9445126859504132
0.22435996,0.10975444,45789.535,0.8891891951680077,0.13407968277915627,0.9460647727272729
0.22435996,0.11168326,45871.734,0.8891891951680077,0.14174135873644575,0.9477630991735536
0.22435996,0.11361209,45963.145,0.8891891951680077,0.14940307441582407,0.9496517561983471
0.22435996,0.11554092,46065.148,0.8891891951680077,0.15706479009520244,0.9517592561983471
0.22435996,0.11746974,46177.883,0.8891891951680077,0.16472646605249183,0.9540884917355372
0.22435996,0.11939856,46300.043,0.8891891951680077,0.17238814200978125,0.9566124586776859
0.22435996,0.12132739,46429.156,0.8891891951680077,0.18004985768915957,0.9592800826446282
0.22435996,0.12325621,46562.207,0.8891891951680077,0.18771153364644902,0.9620290702479339
0.22435996,0.12518504,46696.301,0.8891891951680077,0.19537324932582734,0.9647996074380165
0.22435996,0.12711386,46829.219,0.8891891951680077,0.20303492528311676,0.967545847107438
0.22435996,0.12904269,46959.449,0.8891891951680077,0.21069664096249507,0.9702365495867769
0.22435996,0.13089341,47081.016,0.8891891951680077,0.21804808740522932,0.9727482644628099
0.22435996,0.13258547,47188.445,0.8891891951680077,0.22476930318497618,0.9749678719008265
0.22435996,0.13412371,47282.398,0.8891891951680077,0.23087951379277827,0.9769090495867769
0.22435996,0.1355221,47364.402,0.8891891951680077,0.23643421098687306,0.978603347107438
0.22435996,0.13679338,47436.168,0.8891891951680077,0.24148400070855927,0.9800861157024793
0.22435996,0.13794906,47499.387,0.8891891951680077,0.24607460308219725,0.9813922933884298
0.22435996,0.1389997,47555.578,0.8891891951680077,0.2502479646336984,0.98255326446281
0.22784702,0.013000302,46448.004,0.9030405259109623,-0.25024796463369836,0.9596695041322314
0.22784702,0.014050936,46394.344,0.9030405259109623,-0.24607462691545054,0.9585608264462809
0.22784702,0.015206633,46334.156,0.9030405259109623,-0.24148395701426148,0.9573172727272727
0.22784702,0.0164779,46266.004,0.9030405259109623,-0.2364342189312908,0.9559091735537191
0.22784702,0.017876294,46188.113,0.9030405259109623,-0.23087950584836042,0.9542998553719008
0.22784702,0.019414527,46098.527,0.9030405259109623,-0.22476932304602057,0.9524489049586777
0.22784702,0.021106582,45995.285,0.9030405259109623,-0.21804812712731828,0.9503158057851241
0.22784702,0.02295731,45877.18,0.9030405259109623,-0.2106966489069129,0.9478756198347108
0.22784702,0.024886135,45749.082,0.9030405259109623,-0.203034953088579,0.9452289669421488
0.22784702,0.02681496,45616.609,0.9030405259109623,-0.19537325727024513,0.9424919214876032
0.22784702,0.028743785,45480.902,0.9030405259109623,-0.18771156145191123,0.9396880578512397
0.22784702,0.030672612,45343.57,0.9030405259109623,-0.18004985768915957,0.9368506198347107
0.22784702,0.032601438,45206.828,0.9030405259109623,-0.17238815789861678,0.9340253719008265
0.22784702,0.03453026,45073.238,0.9030405259109623,-0.1647264739969096,0.9312652479338842
0.22784702,0.036459088,44945.32,0.9030405259109623,-0.15706476626194904,0.9286223140495867
0.22784702,0.03838791,44825.035,0.9030405259109623,-0.14940308236024183,0.9261370867768596
0.22784702,0.040316738,44713.32,0.9030405259109623,-0.14174137462528127,0.9238289256198347
0.22784702,0.042245559,44609.977,0.9030405259109623,-0.13407969469578296,0.9216937396694215
0.22784702,0.044174388,44513.988,0.9030405259109623,-0.12641798298861348,0.9197104958677685
0.22784702,0.046103209,44424.066,0.9030405259109623,-0.11875630305911519,0.9178526033057851
0.22784702,0.048032038,44338.984,0.9030405259109623,-0.11109459135194574,0.9160947107438016
0.22784702,0.049960859,44257.707,0.9030405259109623,-0.10343291142244741,0.9144154338842976
0.22784702,0.051889684,44179.438,0.9030405259109623,-0.09577121560411354,0.912798305785124
0.22784702,0.053818509,44103.797,0.9030405259109623,-0.08810951978577966,0.9112354752066115
0.22784702,0.055747338,44030.363,0.9030405259109623,-0.0804478080786102,0.9097182438016529
0.22784702,0.057676159,43959.02,0.9030405259109623,-0.07278612814911191,0.908244214876033
0.22784702,0.059604988,43890.113,0.9030405259109623,-0.06512441644194245,0.9068205165289256
0.22784702,0.061533809,43824.465,0.9030405259109623,-0.05746273651244412,0.9054641528925619
0.22784702,0.063462637,43763.574,0.9030405259109623,-0.04980102877748356,0.9042060743801653
0.22784702,0.065391466,43708.914,0.9030405259109623,-0.04213931707031413,0.90307673553719
0.22784702,0.067320287,43661.98,0.9030405259109623,-0.034477637140815774,0.9021070247933884
0.22784702,0.069249108,43623.809,0.9030405259109623,-0.02681595721131748,0.9013183677685951
0.22784702,0.071177937,43595.148,0.9030405259109623,-0.01915424550414805,0.9007261983471074
0.22784702,0.073106766,43575.762,0.9030405259109623,-0.011492533796978567,0.9003256611570248
0.22784702,0.075035587,43565.516,0.9030405259109623,-0.003830853867480268,0.9001139669421488
0.22784702,0.076964408,43564.156,0.9030405259109623,0.0038308260620180308,0.9000858677685951
0.22784702,0.078893237,43571.684,0.9030405259109623,0.011492537769187513,0.9002414049586777
0.22784702,0.080822065,43588.207,0.9030405259109623,0.01915424550414805,0.9005827892561984
0.22784702,0.082750887,43613.859,0.9030405259109623,0.02681592940585524,0.9011127892561983
0.22784702,0.084679708,43648.793,0.9030405259109623,0.03447760933535359,0.9018345661157025
0.22784702,0.086608537,43692.27,0.9030405259109623,0.04213932104252302,0.9027328512396694
0.22784702,0.088537365,43743.277,0.9030405259109623,0.049801028777483616,0.9037867148760331
0.22784702,0.090466186,43800.418,0.9030405259109623,0.05746270870698191,0.9049673140495867
0.22784702,0.092395008,43862.191,0.9030405259109623,0.0651243926086891,0.9062436157024794
0.22784702,0.094323844,43927.262,0.9030405259109623,0.07278613212132082,0.9075880578512397
0.22784702,0.096252665,43994.734,0.9030405259109623,0.08044781205081912,0.9089821074380164
0.22784702,0.098181486,44064.324,0.9030405259109623,0.08810949198031742,0.9104199173553719
0.22784702,0.10011031,44136.113,0.9030405259109623,0.0957711838264424,0.9119031611570247
0.22784702,0.10203914,44210.348,0.9030405259109623,0.10343289950582077,0.9134369421487603
0.22784702,0.10396796,44287.441,0.9030405259109623,0.11109457546311018,0.9150297727272727
0.22784702,0.10589679,44368.25,0.9030405259109623,0.11875629114248855,0.9166993801652893
0.22784702,0.10782561,44453.855,0.9030405259109623,0.12641796709977796,0.9184680785123968
0.22784702,0.10975444,44545.637,0.9030405259109623,0.13407968277915627,0.9203644008264463
0.22784702,0.11168326,44645.109,0.9030405259109623,0.14174135873644575,0.9224196074380164
0.22784702,0.11361209,44753.535,0.9030405259109623,0.14940307441582407,0.9246598140495869
0.22784702,0.11554092,44871.238,0.9030405259109623,0.15706479009520244,0.927091694214876
0.22784702,0.11746974,44997.336,0.9030405259109623,0.16472646605249183,0.9296970247933884
0.22784702,0.11939856,45129.828,0.9030405259109623,0.17238814200978125,0.9324344628099174
0.22784702,0.12132739,45266.062,0.9030405259109623,0.18004985768915957,0.935249214876033
0.22784702,0.12325621,45403.316,0.9030405259109623,0.18771153364644902,0.9380850413223141
0.22784702,0.12518504,45539.227,0.9030405259109623,0.19537324932582734,0.9408931198347107
0.22784702,0.12711386,45672.145,0.9030405259109623,0.20303492528311676,0.9436393595041321
0.22784702,0.12904269,45800.977,0.9030405259109623,0.21069664096249507,0.9463011776859503
0.22784702,0.13089341,45920.145,0.9030405259109623,0.21804808740522932,0.9487633264462809
0.22784702,0.13258547,46024.727,0.9030405259109623,0.22476930318497618,0.9509241115702479
0.22784702,0.13412371,46115.84,0.9030405259109623,0.23087951379277827,0.9528066115702478
0.22784702,0.1355221,46195.344,0.9030405259109623,0.23643421098687306,0.9544492561983471
0.22784702,0.13679338,46265.125,0.9030405259109623,0.24148400070855927,0.9558910123966942
0.22784702,0.13794906,46326.891,0.9030405259109623,0.24607460308219725,0.9571671694214877
0.22784702,0.1389997,46382.066,0.9030405259109623,0.2502479646336984,0.9583071487603305
0.23133408,0.013000302,45295.523,0.9168918566539168,-0.25024796463369836,0.9358579132231405
0.23133408,0.014050936,45242.02,0.9168918566539168,-0.24607462691545054,0.9347524793388429
0.23133408,0.015206633,45182.41,0.9168918566539168,-0.24148395701426148,0.9335208677685951
0.23133408,0.0164779,45115.41,0.9168918566539168,-0.2364342189312908,0.932136570247934
0.23133408,0.017876294,45039.395,0.9168918566539168,-0.23087950584836042,0.9305660123966941
0.23133408,0.019414527,44952.434,0.9168918566539168,-0.22476932304602057,0.9287692975206612
0.23133408,0.021106582,44852.398,0.9168918566539168,-0.21804812712731828,0.926702438016529
0.23133408,0.02295731,44737.719,0.9168918566539168,-0.2106966489069129,0.9243330371900826
0.23133408,0.024886135,44612.688,0.9168918566539168,-0.203034953088579,0.9217497520661158
0.23133408,0.02681496,44482.414,0.9168918566539168,-0.19537325727024513,0.9190581404958678
0.23133408,0.028743785,44347.648,0.9168918566539168,-0.18771156145191123,0.9162737190082645
0.23133408,0.030672612,44209.562,0.9168918566539168,-0.18004985768915957,0.9134207024793388
0.23133408,0.032601438,44069.891,0.9168918566539168,-0.17238815789861678,0.910534938016529
0.23133408,0.03453026,43930.762,0.9168918566539168,-0.1647264739969096,0.9076603719008265
0.23133408,0.036459088,43794.473,0.9168918566539168,-0.15706476626194904,0.9048444834710744
0.23133408,0.03838791,43663.109,0.9168918566539168,-0.14940308236024183,0.9021303512396693
0.23133408,0.040316738,43538.133,0.9168918566539168,-0.14174137462528127,0.8995482024793389
0.23133408,0.042245559,43420.152,0.9168918566539168,-0.13407969469578296,0.8971105785123967
0.23133408,0.044174388,43309.082,0.9168918566539168,-0.12641798298861348,0.894815743801653
0.23133408,0.046103209,43204.402,0.9168918566539168,-0.11875630305911519,0.8926529338842976
0.23133408,0.048032038,43105.41,0.9168918566539168,-0.11109459135194574,0.8906076446280993
0.23133408,0.049960859,43011.441,0.9168918566539168,-0.10343291142244741,0.8886661363636363
0.23133408,0.051889684,42921.93,0.9168918566539168,-0.09577121560411354,0.8868167355371901
0.23133408,0.053818509,42836.613,0.9168918566539168,-0.08810951978577966,0.8850539876033058
0.23133408,0.055747338,42755.086,0.9168918566539168,-0.0804478080786102,0.8833695454545455
0.23133408,0.057676159,42677.102,0.9168918566539168,-0.07278612814911191,0.8817583057851239
0.23133408,0.059604988,42602.691,0.9168918566539168,-0.06512441644194245,0.880220888429752
0.23133408,0.061533809,42532.23,0.9168918566539168,-0.05746273651244412,0.8787650826446282
0.23133408,0.063462637,42466.719,0.9168918566539168,-0.04980102877748356,0.8774115495867768
0.23133408,0.065391466,42407.309,0.9168918566539168,-0.04213931707031413,0.8761840702479339
0.23133408,0.067320287,42355.398,0.9168918566539168,-0.034477637140815774,0.8751115289256198
0.23133408,0.069249108,42312.27,0.9168918566539168,-0.02681595721131748,0.8742204545454545
0.23133408,0.071177937,42279.109,0.9168918566539168,-0.01915424550414805,0.8735353099173553
0.23133408,0.073106766,42256.289,0.9168918566539168,-0.011492533796978567,0.8730638223140496
0.23133408,0.075035587,42244.16,0.9168918566539168,-0.003830853867480268,0.8728132231404959
0.23133408,0.076964408,42242.777,0.9168918566539168,0.0038308260620180308,0.8727846487603306
0.23133408,0.078893237,42252.113,0.9168918566539168,0.011492537769187513,0.872977541322314
0.23133408,0.080822065,42271.961,0.9168918566539168,0.01915424550414805,0.8733876239669423
0.23133408,0.082750887,42301.965,0.9168918566539168,0.02681592940585524,0.874007541322314
0.23133408,0.084679708,42341.68,0.9168918566539168,0.03447760933535359,0.8748280991735538
0.23133408,0.086608537,42389.984,0.9168918566539168,0.04213932104252302,0.8758261157024793
0.23133408,0.088537365,42445.66,0.9168918566539168,0.049801028777483616,0.8769764462809918
0.23133408,0.090466186,42507.434,0.9168918566539168,0.05746270870698191,0.8782527685950413
0.23133408,0.092395008,42574.16,0.9168918566539168,0.0651243926086891,0.8796314049586778
0.23133408,0.094323844,42644.977,0.9168918566539168,0.07278613212132082,0.8810945661157025
0.23133408,0.096252665,42719.418,0.9168918566539168,0.08044781205081912,0.8826326033057851
0.23133408,0.098181486,42797.461,0.9168918566539168,0.08810949198031742,0.8842450619834711
0.23133408,0.10011031,42879.305,0.9168918566539168,0.0957711838264424,0.8859360537190083
0.23133408,0.10203914,42965.195,0.9168918566539168,0.10343289950582077,0.8877106404958678
0.23133408,0.10396796,43055.441,0.9168918566539168,0.11109457546311018,0.8895752272727272
0.23133408,0.10589679,43150.707,0.9168918566539168,0.11875629114248855,0.8915435330578513
0.23133408,0.10782561,43251.77,0.9168918566539168,0.12641796709977796,0.8936316115702478
0.23133408,0.10975444,43359.48,0.9168918566539168,0.13407968277915627,0.8958570247933885
0.23133408,0.11168326,43474.574,0.9168918566539168,0.14174135873644575,0.898235
0.23133408,0.11361209,43597.312,0.9168918566539168,0.14940307441582407,0.9007709090909091
0.23133408,0.11554092,43727.113,0.9168918566539168,0.15706479009520244,0.9034527479338842
0.23133408,0.11746974,43862.477,0.9168918566539168,0.16472646605249183,0.9062495247933884
0.23133408,0.11939856,44001.199,0.9168918566539168,0.17238814200978125,0.9091156818181818
0.23133408,0.12132739,44140.848,0.9168918566539168,0.18004985768915957,0.9120009917355372
0.23133408,0.12325621,44279.164,0.9168918566539168,0.18771153364644902,0.9148587603305784
0.23133408,0.12518504,44414.359,0.9168918566539168,0.19537324932582734,0.9176520454545454
0.23133408,0.12711386,44545.266,0.9168918566539168,0.20303492528311676,0.9203567355371901
0.23133408,0.12904269,44671.188,0.9168918566539168,0.21069664096249507,0.9229584297520661
0.23133408,0.13089341,44787.043,0.9168918566539168,0.21804808740522932,0.9253521280991736
0.23133408,0.13258547,44888.473,0.9168918566539168,0.22476930318497618,0.9274477892561983
0.23133408,0.13412371,44976.961,0.9168918566539168,0.23087951379277827,0.9292760537190083
0.23133408,0.1355221,45054.551,0.9168918566539168,0.23643421098687306,0.930879152892562
0.23133408,0.13679338,45123.113,0.9168918566539168,0.24148400070855927,0.9322957231404958
0.23133408,0.13794906,45184.238,0.9168918566539168,0.24607460308219725,0.9335586363636363
0.23133408,0.1389997,45239.203,0.9168918566539168,0.2502479646336984,0.9346942768595041
0.23482114,0.013000302,44174.938,0.9307431873968715,-0.25024796463369836,0.9127053305785124
0.23482114,0.014050936,44120.801,0.9307431873968715,-0.24607462691545054,0.9115867975206612
0.23482114,0.015206633,44060.898,0.9307431873968715,-0.24148395701426148,0.910349132231405
0.23482114,0.0164779,43994.164,0.9307431873968715,-0.2364342189312908,0.9089703305785123
0.23482114,0.017876294,43919.199,0.9307431873968715,-0.23087950584836042,0.9074214669421488
0.23482114,0.019414527,43834.23,0.9307431873968715,-0.22476932304602057,0.9056659090909092
0.23482114,0.021106582,43737.133,0.9307431873968715,-0.21804812712731828,0.9036597727272727
0.23482114,0.02295731,43626.156,0.9307431873968715,-0.2106966489069129,0.9013668595041323
0.23482114,0.024886135,43505.062,0.9307431873968715,-0.203034953088579,0.8988649173553719
0.23482114,0.02681496,43378.34,0.9307431873968715,-0.19537325727024513,0.896246694214876
0.23482114,0.028743785,43246.309,0.9307431873968715,-0.18771156145191123,0.8935187809917355
0.23482114,0.030672612,43109.711,0.9307431873968715,-0.18004985768915957,0.8906965082644629
0.23482114,0.032601438,42969.828,0.9307431873968715,-0.17238815789861678,0.8878063636363637
0.23482114,0.03453026,42828.379,0.9307431873968715,-0.1647264739969096,0.8848838636363636
0.23482114,0.036459088,42687.336,0.9307431873968715,-0.15706476626194904,0.8819697520661157
0.23482114,0.03838791,42548.598,0.9307431873968715,-0.14940308236024183,0.8791032644628098
0.23482114,0.040316738,42413.746,0.9307431873968715,-0.14174137462528127,0.8763170661157025
0.23482114,0.042245559,42283.848,0.9307431873968715,-0.13407969469578296,0.8736332231404959
0.23482114,0.044174388,42159.551,0.9307431873968715,-0.12641798298861348,0.8710651033057851
0.23482114,0.046103209,42041.156,0.9307431873968715,-0.11875630305911519,0.8686189256198348
0.23482114,0.048032038,41928.742,0.9307431873968715,-0.11109459135194574,0.8662963223140495
0.23482114,0.049960859,41822.25,0.9307431873968715,-0.10343291142244741,0.8640960743801653
0.23482114,0.051889684,41721.578,0.9307431873968715,-0.09577121560411354,0.8620160743801654
0.23482114,0.053818509,41626.738,0.9307431873968715,-0.08810951978577966,0.8600565702479338
0.23482114,0.055747338,41537.441,0.9307431873968715,-0.0804478080786102,0.8582115909090909
0.23482114,0.057676159,41453.371,0.9307431873968715,-0.07278612814911191,0.8564746074380165
0.23482114,0.059604988,41374.258,0.9307431873968715,-0.06512441644194245,0.8548400413223141
0.23482114,0.061533809,41300.016,0.9307431873968715,-0.05746273651244412,0.8533061157024794
0.23482114,0.063462637,41231.102,0.9307431873968715,-0.04980102877748356,0.8518822727272727
0.23482114,0.065391466,41168.238,0.9307431873968715,-0.04213931707031413,0.850583429752066
0.23482114,0.067320287,41112.629,0.9307431873968715,-0.034477637140815774,0.8494344834710744
0.23482114,0.069249108,41065.664,0.9307431873968715,-0.02681595721131748,0.8484641322314049
0.23482114,0.071177937,41028.883,0.9307431873968715,-0.01915424550414805,0.8477041942148761
0.23482114,0.073106766,41003.207,0.9307431873968715,-0.011492533796978567,0.8471736983471074
0.23482114,0.075035587,40989.473,0.9307431873968715,-0.003830853867480268,0.8468899380165289
0.23482114,0.076964408,40988.016,0.9307431873968715,0.0038308260620180308,0.8468598347107439
0.23482114,0.078893237,40998.805,0.9307431873968715,0.011492537769187513,0.8470827479338843
0.23482114,0.080822065,41021.344,0.9307431873968715,0.01915424550414805,0.847548429752066
0.23482114,0.082750887,41054.816,0.9307431873968715,0.02681592940585524,0.84824
0.23482114,0.084679708,41098.242,0.9307431873968715,0.03447760933535359,0.8491372314049587
0.23482114,0.086608537,41150.18,0.9307431873968715,0.04213932104252302,0.8502103305785124
0.23482114,0.088537365,41209.324,0.9307431873968715,0.049801028777483616,0.8514323140495867
0.23482114,0.090466186,41274.605,0.9307431873968715,0.05746270870698191,0.8527810950413224
0.23482114,0.092395008,41345.309,0.9307431873968715,0.0651243926086891,0.8542419214876034
0.23482114,0.094323844,41421.078,0.9307431873968715,0.07278613212132082,0.8558073966942149
0.23482114,0.096252665,41501.891,0.9307431873968715,0.08044781205081912,0.8574770867768595
0.23482114,0.098181486,41588.004,0.9307431873968715,0.08810949198031742,0.8592562809917356
0.23482114,0.10011031,41679.688,0.9307431873968715,0.0957711838264424,0.8611505785123967
0.23482114,0.10203914,41777.125,0.9307431873968715,0.10343289950582077,0.8631637396694215
0.23482114,0.10396796,41880.379,0.9307431873968715,0.11109457546311018,0.8652970867768596
0.23482114,0.10589679,41989.68,0.9307431873968715,0.11875629114248855,0.8675553719008264
0.23482114,0.10782561,42105.211,0.9307431873968715,0.12641796709977796,0.8699423760330579
0.23482114,0.10975444,42227.047,0.9307431873968715,0.13407968277915627,0.8724596487603306
0.23482114,0.11168326,42355.027,0.9307431873968715,0.14174135873644575,0.8751038636363637
0.23482114,0.11361209,42488.602,0.9307431873968715,0.14940307441582407,0.8778636776859504
0.23482114,0.11554092,42626.652,0.9307431873968715,0.15706479009520244,0.8807159504132231
0.23482114,0.11746974,42767.496,0.9307431873968715,0.16472646605249183,0.8836259504132231
0.23482114,0.11939856,42909.098,0.9307431873968715,0.17238814200978125,0.8865516115702479
0.23482114,0.12132739,43049.383,0.9307431873968715,0.18004985768915957,0.8894500619834711
0.23482114,0.12325621,43186.555,0.9307431873968715,0.18771153364644902,0.892284194214876
0.23482114,0.12518504,43319.312,0.9307431873968715,0.19537324932582734,0.8950271074380165
0.23482114,0.12711386,43446.945,0.9307431873968715,0.20303492528311676,0.897664152892562
0.23482114,0.12904269,43569.184,0.9307431873968715,0.21069664096249507,0.9001897520661157
0.23482114,0.13089341,43681.52,0.9307431873968715,0.21804808740522932,0.9025107438016529
0.23482114,0.13258547,43780.105,0.9307431873968715,0.22476930318497618,0.9045476239669422
0.23482114,0.13412371,43866.629,0.9307431873968715,0.23087951379277827,0.9063353099173553
0.23482114,0.1355221,43943.145,0.9307431873968715,0.23643421098687306,0.9079162190082644
0.23482114,0.13679338,44011.398,0.9307431873968715,0.24148400070855927,0.9093264049586777
0.23482114,0.13794906,44072.77,0.9307431873968715,0.24607460308219725,0.9105944214876033
0.23482114,0.1389997,44128.324,0.9307431873968715,0.2502479646336984,0.9117422314049587
0.23830822,0.013000302,43087.445,0.9445945975840038,-0.25024796463369836,0.8902364669421488
0.23830822,0.014050936,43032.094,0.9445945975840038,-0.24607462691545054,0.8890928512396694
0.23830822,0.015206633,42971.227,0.9445945975840038,-0.24148395701426148,0.8878352685950412
0.23830822,0.0164779,42903.992,0.9445945975840038,-0.2364342189312908,0.8864461157024793
0.23830822,0.017876294,42829.246,0.9445945975840038,-0.23087950584836042,0.8849017768595041
0.23830822,0.019414527,42745.449,0.9445945975840038,-0.22476932304602057,0.8831704338842975
0.23830822,0.021106582,42650.648,0.9445945975840038,-0.21804812712731828,0.8812117355371901
0.23830822,0.02295731,42543.023,0.9445945975840038,-0.2106966489069129,0.8789880785123967
0.23830822,0.024886135,42425.879,0.9445945975840038,-0.203034953088579,0.8765677479338844
0.23830822,0.02681496,42303.145,0.9445945975840038,-0.19537325727024513,0.8740319214876032
0.23830822,0.028743785,42174.73,0.9445945975840038,-0.18771156145191123,0.8713787190082646
0.23830822,0.030672612,42040.961,0.9445945975840038,-0.18004985768915957,0.868614896694215
0.23830822,0.032601438,41902.727,0.9445945975840038,-0.17238815789861678,0.8657588223140495
0.23830822,0.03453026,41761.355,0.9445945975840038,-0.1647264739969096,0.8628379132231405
0.23830822,0.036459088,41618.449,0.9445945975840038,-0.15706476626194904,0.8598853099173553
0.23830822,0.03838791,41475.609,0.9445945975840038,-0.14940308236024183,0.8569340702479338
0.23830822,0.040316738,41334.27,0.9445945975840038,-0.14174137462528127,0.8540138429752065
0.23830822,0.042245559,41195.613,0.9445945975840038,-0.13407969469578296,0.8511490289256198
0.23830822,0.044174388,41060.707,0.9445945975840038,-0.12641798298861348,0.8483617148760331
0.23830822,0.046103209,40930.555,0.9445945975840038,-0.11875630305911519,0.8456726239669422
0.23830822,0.048032038,40806.043,0.9445945975840038,-0.11109459135194574,0.843100061983471
0.23830822,0.049960859,40687.887,0.9445945975840038,-0.10343291142244741,0.8406588223140496
0.23830822,0.051889684,40576.617,0.9445945975840038,-0.09577121560411354,0.8383598553719008
0.23830822,0.053818509,40472.668,0.9445945975840038,-0.08810951978577966,0.8362121487603306
0.23830822,0.055747338,40376.0,0.9445945975840038,-0.0804478080786102,0.8342148760330579
0.23830822,0.057676159,40286.293,0.9445945975840038,-0.07278612814911191,0.8323614256198346
0.23830822,0.059604988,40203.062,0.9445945975840038,-0.06512441644194245,0.8306417768595041
0.23830822,0.061533809,40125.824,0.9445945975840038,-0.05746273651244412,0.8290459504132232
0.23830822,0.063462637,40054.496,0.9445945975840038,-0.04980102877748356,0.8275722314049586
0.23830822,0.065391466,39989.352,0.9445945975840038,-0.04213931707031413,0.8262262809917356
0.23830822,0.067320287,39931.309,0.9445945975840038,-0.034477637140815774,0.8250270454545455
0.23830822,0.069249108,39881.746,0.9445945975840038,-0.02681595721131748,0.8240030165289256
0.23830822,0.071177937,39842.422,0.9445945975840038,-0.01915424550414805,0.8231905371900826
0.23830822,0.073106766,39814.668,0.9445945975840038,-0.011492533796978567,0.8226171074380165
0.23830822,0.075035587,39799.715,0.9445945975840038,-0.003830853867480268,0.8223081611570248
0.23830822,0.076964408,39798.152,0.9445945975840038,0.0038308260620180308,0.8222758677685951
0.23830822,0.078893237,39809.953,0.9445945975840038,0.011492537769187513,0.8225196900826447
0.23830822,0.080822065,39834.391,0.9445945975840038,0.01915424550414805,0.8230246074380166
0.23830822,0.082750887,39870.281,0.9445945975840038,0.02681592940585524,0.8237661363636364
0.23830822,0.084679708,39916.238,0.9445945975840038,0.03447760933535359,0.8247156611570248
0.23830822,0.086608537,39970.633,0.9445945975840038,0.04213932104252302,0.8258395247933885
0.23830822,0.088537365,40032.168,0.9445945975840038,0.049801028777483616,0.827110909090909
0.23830822,0.090466186,40100.031,0.9445945975840038,0.05746270870698191,0.8285130371900827
0.23830822,0.092395008,40173.957,0.9445945975840038,0.0651243926086891,0.8300404338842976
0.23830822,0.094323844,40254.066,0.9445945975840038,0.07278613212132082,0.8316955785123966
0.23830822,0.096252665,40340.746,0.9445945975840038,0.08044781205081912,0.8334864876033058
0.23830822,0.098181486,40434.469,0.9445945975840038,0.08810949198031742,0.8354229132231404
0.23830822,0.10011031,40535.543,0.9445945975840038,0.0957711838264424,0.8375112190082644
0.23830822,0.10203914,40643.953,0.9445945975840038,0.10343289950582077,0.8397510950413224
0.23830822,0.10396796,40759.383,0.9445945975840038,0.11109457546311018,0.8421360123966942
0.23830822,0.10589679,40881.449,0.9445945975840038,0.11875629114248855,0.8446580371900827
0.23830822,0.10782561,41009.547,0.9445945975840038,0.12641796709977796,0.8473046900826446
0.23830822,0.10975444,41142.879,0.9445945975840038,0.13407968277915627,0.8500594834710744
0.23830822,0.11168326,41280.527,0.9445945975840038,0.14174135873644575,0.8529034504132231
0.23830822,0.11361209,41421.43,0.9445945975840038,0.14940307441582407,0.8558146694214877
0.23830822,0.11554092,41564.309,0.9445945975840038,0.15706479009520244,0.8587667148760331
0.23830822,0.11746974,41707.617,0.9445945975840038,0.16472646605249183,0.8617276239669421
0.23830822,0.11939856,41849.633,0.9445945975840038,0.17238814200978125,0.8646618388429752
0.23830822,0.12132739,41988.688,0.9445945975840038,0.18004985768915957,0.8675348760330579
0.23830822,0.12325621,42123.414,0.9445945975840038,0.18771153364644902,0.8703184710743801
0.23830822,0.12518504,42252.934,0.9445945975840038,0.19537324932582734,0.8729945041322315
0.23830822,0.12711386,42376.926,0.9445945975840038,0.20303492528311676,0.8755563223140496
0.23830822,0.12904269,42495.508,0.9445945975840038,0.21069664096249507,0.8780063636363636
0.23830822,0.13089341,42604.707,0.9445945975840038,0.21804808740522932,0.8802625413223141
0.23830822,0.13258547,42701.117,0.9445945975840038,0.22476930318497618,0.8822544834710744
0.23830822,0.13412371,42786.512,0.9445945975840038,0.23087951379277827,0.8840188429752066
0.23830822,0.1355221,42862.816,0.9445945975840038,0.23643421098687306,0.8855953719008264
0.23830822,0.13679338,42931.559,0.9445945975840038,0.24148400070855927,0.8870156818181818
0.23830822,0.13794906,42993.879,0.9445945975840038,0.24607460308219725,0.888303285123967
0.23830822,0.1389997,43050.637,0.9445945975840038,0.2502479646336984,0.8894759710743803
0.24179527,0.013000302,42034.449,0.9584458886048695,-0.25024796463369836,0.8684803512396694
0.24179527,0.014050936,41977.5,0.9584458886048695,-0.24607462691545054,0.8673037190082644
0.24179527,0.015206633,41915.141,0.9584458886048695,-0.24148395701426148,0.8660153099173554
0.24179527,0.0164779,41846.715,0.9584458886048695,-0.2364342189312908,0.8646015495867768
0.24179527,0.017876294,41771.363,0.9584458886048695,-0.23087950584836042,0.8630446900826446
0.24179527,0.019414527,41687.832,0.9584458886048695,-0.22476932304602057,0.8613188429752067
0.24179527,0.021106582,41594.406,0.9584458886048695,-0.21804812712731828,0.8593885537190084
0.24179527,0.02295731,41489.352,0.9584458886048695,-0.2106966489069129,0.8572180165289256
0.24179527,0.024886135,41375.684,0.9584458886048695,-0.203034953088579,0.8548695041322314
0.24179527,0.02681496,41256.84,0.9584458886048695,-0.19537325727024513,0.8524140495867768
0.24179527,0.028743785,41132.34,0.9584458886048695,-0.18771156145191123,0.84984173553719
0.24179527,0.030672612,41002.129,0.9584458886048695,-0.18004985768915957,0.8471514256198347
0.24179527,0.032601438,40866.727,0.9584458886048695,-0.17238815789861678,0.8443538636363637
0.24179527,0.03453026,40727.086,0.9584458886048695,-0.1647264739969096,0.8414687190082645
0.24179527,0.036459088,40584.438,0.9584458886048695,-0.15706476626194904,0.8385214462809918
0.24179527,0.03838791,40440.078,0.9584458886048695,-0.14940308236024183,0.8355388016528926
0.24179527,0.040316738,40295.18,0.9584458886048695,-0.14174137462528127,0.8325450413223141
0.24179527,0.042245559,40150.824,0.9584458886048695,-0.13407969469578296,0.829562479338843
0.24179527,0.044174388,40008.23,0.9584458886048695,-0.12641798298861348,0.8266163223140497
0.24179527,0.046103209,39868.824,0.9584458886048695,-0.11875630305911519,0.8237360330578513
0.24179527,0.048032038,39734.148,0.9584458886048695,-0.11109459135194574,0.8209534710743802
0.24179527,0.049960859,39605.691,0.9584458886048695,-0.10343291142244741,0.8182994008264463
0.24179527,0.051889684,39484.73,0.9584458886048695,-0.09577121560411354,0.8158002066115703
0.24179527,0.053818509,39372.258,0.9584458886048695,-0.08810951978577966,0.8134764049586777
0.24179527,0.055747338,39268.594,0.9584458886048695,-0.0804478080786102,0.8113345867768594
0.24179527,0.057676159,39173.551,0.9584458886048695,-0.07278612814911191,0.809370888429752
0.24179527,0.059604988,39086.539,0.9584458886048695,-0.06512441644194245,0.8075731198347107
0.24179527,0.061533809,39006.766,0.9584458886048695,-0.05746273651244412,0.805924917355372
0.24179527,0.063462637,38933.711,0.9584458886048695,-0.04980102877748356,0.8044155165289257
0.24179527,0.065391466,38867.223,0.9584458886048695,-0.04213931707031413,0.8030417975206611
0.24179527,0.067320287,38807.891,0.9584458886048695,-0.034477637140815774,0.8018159297520662
0.24179527,0.069249108,38756.945,0.9584458886048695,-0.02681595721131748,0.800763326446281
0.24179527,0.071177937,38716.207,0.9584458886048695,-0.01915424550414805,0.799921632231405
0.24179527,0.073106766,38687.242,0.9584458886048695,-0.011492533796978567,0.7993231818181817
0.24179527,0.075035587,38671.531,0.9584458886048695,-0.003830853867480268,0.7989985743801653
0.24179527,0.076964408,38669.848,0.9584458886048695,0.0038308260620180308,0.7989638016528925
0.24179527,0.078893237,38682.184,0.9584458886048695,0.011492537769187513,0.7992186776859505
0.24179527,0.080822065,38707.664,0.9584458886048695,0.01915424550414805,0.7997451239669421
0.24179527,0.082750887,38744.887,0.9584458886048695,0.02681592940585524,0.8005141942148761
0.24179527,0.084679708,38792.234,0.9584458886048695,0.03447760933535359,0.8014924380165288
0.24179527,0.086608537,38848.031,0.9584458886048695,0.04213932104252302,0.8026452685950414
0.24179527,0.088537365,38911.078,0.9584458886048695,0.049801028777483616,0.8039478925619835
0.24179527,0.090466186,38980.875,0.9584458886048695,0.05746270870698191,0.8053899793388429
0.24179527,0.092395008,39057.551,0.9584458886048695,0.0651243926086891,0.806974194214876
0.24179527,0.094323844,39141.637,0.9584458886048695,0.07278613212132082,0.8087115082644628
0.24179527,0.096252665,39233.836,0.9584458886048695,0.08044781205081912,0.8106164462809918
0.24179527,0.098181486,39334.77,0.9584458886048695,0.08810949198031742,0.8127018595041322
0.24179527,0.10011031,39444.648,0.9584458886048695,0.0957711838264424,0.8149720661157025
0.24179527,0.10203914,39563.168,0.9584458886048695,0.10343289950582077,0.817420826446281
0.24179527,0.10396796,39689.461,0.9584458886048695,0.11109457546311018,0.8200301859504133
0.24179527,0.10589679,39822.402,0.9584458886048695,0.11875629114248855,0.8227769008264463
0.24179527,0.10782561,39960.57,0.9584458886048695,0.12641796709977796,0.8256316115702479
0.24179527,0.10975444,40102.441,0.9584458886048695,0.13407968277915627,0.8285628305785123
0.24179527,0.11168326,40246.582,0.9584458886048695,0.14174135873644575,0.8315409504132232
0.24179527,0.11361209,40391.75,0.9584458886048695,0.14940307441582407,0.8345402892561984
0.24179527,0.11554092,40536.738,0.9584458886048695,0.15706479009520244,0.837535909090909
0.24179527,0.11746974,40680.281,0.9584458886048695,0.16472646605249183,0.8405016735537191
0.24179527,0.11939856,40821.008,0.9584458886048695,0.17238814200978125,0.8434092561983472
0.24179527,0.12132739,40957.641,0.9584458886048695,0.18004985768915957,0.8462322520661157
0.24179527,0.12325621,41089.219,0.9584458886048695,0.18771153364644902,0.8489508057851239
0.24179527,0.12518504,41215.219,0.9584458886048695,0.19537324932582734,0.8515541115702479
0.24179527,0.12711386,41335.684,0.9584458886048695,0.20303492528311676,0.8540430578512397
0.24179527,0.12904269,41451.094,0.9584458886048695,0.21069664096249507,0.856427561983471
0.24179527,0.13089341,41557.934,0.9584458886048695,0.21804808740522932,0.858635
0.24179527,0.13258547,41653.094,0.9584458886048695,0.22476930318497618,0.8606011157024793
0.24179527,0.13412371,41738.297,0.9584458886048695,0.23087951379277827,0.8623615082644628
0.24179527,0.1355221,41815.258,0.9584458886048695,0.23643421098687306,0.8639516115702479
0.24179527,0.13679338,41885.219,0.9584458886048695,0.24148400070855927,0.8653970867768594
0.24179527,0.13794906,41949.059,0.9584458886048695,0.24607460308219725,0.8667160950413223
0.24179527,0.1389997,42007.438,0.9584458886048695,0.2502479646336984,0.8679222727272727
0.24528234,0.013000302,41016.469,0.9722972590699129,-0.25024796463369836,0.8474477066115702
0.24528234,0.014050936,40957.664,0.9722972590699129,-0.24607462691545054,0.8462327272727272
0.24528234,0.015206633,40893.473,0.9722972590699129,-0.24148395701426148,0.8449064669421488
0.24528234,0.0164779,40823.398,0.9722972590699129,-0.2364342189312908,0.8434586363636364
0.24528234,0.017876294,40746.793,0.9722972590699129,-0.23087950584836042,0.841875888429752
0.24528234,0.019414527,40662.691,0.9722972590699129,-0.22476932304602057,0.8401382438016529
0.24528234,0.021106582,40569.68,0.9722972590699129,-0.21804812712731828,0.8382165289256198
0.24528234,0.02295731,40466.238,0.9722972590699129,-0.2106966489069129,0.8360792975206611
0.24528234,0.024886135,40355.277,0.9722972590699129,-0.203034953088579,0.8337867148760331
0.24528234,0.02681496,40239.855,0.9722972590699129,-0.19537325727024513,0.8314019628099174
0.24528234,0.028743785,40119.145,0.9722972590699129,-0.18771156145191123,0.8289079545454545
0.24528234,0.030672612,39992.762,0.9722972590699129,-0.18004985768915957,0.8262967355371902
0.24528234,0.032601438,39860.863,0.9722972590699129,-0.17238815789861678,0.8235715495867768
0.24528234,0.03453026,39724.062,0.9722972590699129,-0.1647264739969096,0.8207450826446281
0.24528234,0.036459088,39583.281,0.9722972590699129,-0.15706476626194904,0.8178363842975207
0.24528234,0.03838791,39439.496,0.9722972590699129,-0.14940308236024183,0.8148656198347107
0.24528234,0.040316738,39293.602,0.9722972590699129,-0.14174137462528127,0.8118512809917355
0.24528234,0.042245559,39146.473,0.9722972590699129,-0.13407969469578296,0.8088114256198347
0.24528234,0.044174388,38999.242,0.9722972590699129,-0.12641798298861348,0.8057694628099173
0.24528234,0.046103209,38853.469,0.9722972590699129,-0.11875630305911519,0.8027576239669421
0.24528234,0.048032038,38711.094,0.9722972590699129,-0.11109459135194574,0.7998159917355371
0.24528234,0.049960859,38574.23,0.9722972590699129,-0.10343291142244741,0.7969882231404959
0.24528234,0.051889684,38444.883,0.9722972590699129,-0.09577121560411354,0.7943157644628099
0.24528234,0.053818509,38324.691,0.9722972590699129,-0.08810951978577966,0.7918324586776859
0.24528234,0.055747338,38214.473,0.9722972590699129,-0.0804478080786102,0.7895552272727272
0.24528234,0.057676159,38114.312,0.9722972590699129,-0.07278612814911191,0.7874857851239669
0.24528234,0.059604988,38023.66,0.9722972590699129,-0.06512441644194245,0.7856128099173555
0.24528234,0.061533809,37941.574,0.9722972590699129,-0.05746273651244412,0.7839168181818182
0.24528234,0.063462637,37867.219,0.9722972590699129,-0.04980102877748356,0.7823805578512396
0.24528234,0.065391466,37800.078,0.9722972590699129,-0.04213931707031413,0.7809933471074381
0.24528234,0.067320287,37740.395,0.9722972590699129,-0.034477637140815774,0.7797602272727272
0.24528234,0.069249108,37689.168,0.9722972590699129,-0.02681595721131748,0.7787018181818182
0.24528234,0.071177937,37648.086,0.9722972590699129,-0.01915424550414805,0.7778530165289257
0.24528234,0.073106766,37618.77,0.9722972590699129,-0.011492533796978567,0.7772473140495867
0.24528234,0.075035587,37602.781,0.9722972590699129,-0.003830853867480268,0.7769169628099174
0.24528234,0.076964408,37600.988,0.9722972590699129,0.0038308260620180308,0.7768799173553719
0.24528234,0.078893237,37613.398,0.9722972590699129,0.011492537769187513,0.7771363223140496
0.24528234,0.080822065,37639.098,0.9722972590699129,0.01915424550414805,0.7776673140495868
0.24528234,0.082750887,37676.629,0.9722972590699129,0.02681592940585524,0.7784427479338843
0.24528234,0.084679708,37724.34,0.9722972590699129,0.03447760933535359,0.7794285123966942
0.24528234,0.086608537,37780.641,0.9722972590699129,0.04213932104252302,0.7805917561983472
0.24528234,0.088537365,37844.547,0.9722972590699129,0.049801028777483616,0.7819121280991735
0.24528234,0.090466186,37915.855,0.9722972590699129,0.05746270870698191,0.7833854338842976
0.24528234,0.092395008,37995.043,0.9722972590699129,0.0651243926086891,0.7850215495867768
0.24528234,0.094323844,38082.941,0.9722972590699129,0.07278613212132082,0.7868376239669421
0.24528234,0.096252665,38180.445,0.9722972590699129,0.08044781205081912,0.7888521694214876
0.24528234,0.098181486,38288.16,0.9722972590699129,0.08810949198031742,0.7910776859504133
0.24528234,0.10011031,38406.09,0.9722972590699129,0.0957711838264424,0.793514256198347
0.24528234,0.10203914,38533.469,0.9722972590699129,0.10343289950582077,0.7961460537190083
0.24528234,0.10396796,38668.781,0.9722972590699129,0.11109457546311018,0.7989417561983472
0.24528234,0.10589679,38810.137,0.9722972590699129,0.11875629114248855,0.8018623347107439
0.24528234,0.10782561,38955.434,0.9722972590699129,0.12641796709977796,0.8048643388429753
0.24528234,0.10975444,39102.676,0.9722972590699129,0.13407968277915627,0.8079065289256199
0.24528234,0.11168326,39250.246,0.9722972590699129,0.14174135873644575,0.8109554958677686
0.24528234,0.11361209,39396.953,0.9722972590699129,0.14940307441582407,0.813986632231405
0.24528234,0.11554092,39541.82,0.9722972590699129,0.15706479009520244,0.8169797520661157
0.24528234,0.11746974,39683.895,0.9722972590699129,0.16472646605249183,0.8199151859504131
0.24528234,0.11939856,39822.16,0.9722972590699129,0.17238814200978125,0.8227719008264464
0.24528234,0.12132739,39955.676,0.9722972590699129,0.18004985768915957,0.8255304958677686
0.24528234,0.12325621,40083.824,0.9722972590699129,0.18771153364644902,0.8281781818181818
0.24528234,0.12518504,40206.43,0.9722972590699129,0.19537324932582734,0.8307113636363637
0.24528234,0.12711386,40323.852,0.9722972590699129,0.20303492528311676,0.833137438016529
0.24528234,0.12904269,40436.879,0.9722972590699129,0.21069664096249507,0.8354727066115702
0.24528234,0.13089341,40542.355,0.9722972590699129,0.21804808740522932,0.8376519628099174
0.24528234,0.13258547,40637.285,0.9722972590699129,0.22476930318497618,0.8396133264462811
0.24528234,0.13412371,40723.191,0.9722972590699129,0.23087951379277827,0.8413882438016529
0.24528234,0.1355221,40801.52,0.9722972590699129,0.23643421098687306,0.8430066115702479
0.24528234,0.13679338,40873.238,0.9722972590699129,0.24148400070855927,0.844488388429752
0.24528234,0.13794906,40939.004,0.9722972590699129,0.24607460308219725,0.8458471900826446
0.24528234,0.1389997,40999.316,0.9722972590699129,0.2502479646336984,0.847093305785124
0.2487694,0.013000302,40034.109,0.9861485898128676,-0.25024796463369836,0.8271510123966942
0.2487694,0.014050936,39973.191,0.9861485898128676,-0.24607462691545054,0.8258923760330579
0.2487694,0.015206633,39906.828,0.9861485898128676,-0.24148395701426148,0.8245212396694215
0.2487694,0.0164779,39834.637,0.9861485898128676,-0.2364342189312908,0.8230296900826447
0.2487694,0.017876294,39756.133,0.9861485898128676,-0.23087950584836042,0.8214077066115703
0.2487694,0.019414527,39670.598,0.9861485898128676,-0.22476932304602057,0.8196404545454545
0.2487694,0.021106582,39576.953,0.9861485898128676,-0.21804812712731828,0.8177056404958678
0.2487694,0.02295731,39474.008,0.9861485898128676,-0.2106966489069129,0.8155786776859505
0.2487694,0.024886135,39364.715,0.9861485898128676,-0.203034953088579,0.8133205578512396
0.2487694,0.02681496,39251.934,0.9861485898128676,-0.19537325727024513,0.8109903719008265
0.2487694,0.028743785,39134.562,0.9861485898128676,-0.18771156145191123,0.8085653305785123
0.2487694,0.030672612,39011.883,0.9861485898128676,-0.18004985768915957,0.8060306404958678
0.2487694,0.032601438,38883.723,0.9861485898128676,-0.17238815789861678,0.8033827066115702
0.2487694,0.03453026,38750.387,0.9861485898128676,-0.1647264739969096,0.8006278305785125
0.2487694,0.036459088,38612.512,0.9861485898128676,-0.15706476626194904,0.7977791735537191
0.2487694,0.03838791,38470.832,0.9861485898128676,-0.14940308236024183,0.7948519008264463
0.2487694,0.040316738,38326.0,0.9861485898128676,-0.14174137462528127,0.7918595041322314
0.2487694,0.042245559,38178.641,0.9861485898128676,-0.13407969469578296,0.7888148966942149
0.2487694,0.044174388,38029.66,0.9861485898128676,-0.12641798298861348,0.7857367768595042
0.2487694,0.046103209,37880.52,0.9861485898128676,-0.11875630305911519,0.7826553719008263
0.2487694,0.048032038,37733.281,0.9861485898128676,-0.11109459135194574,0.779613243801653
0.2487694,0.049960859,37590.43,0.9861485898128676,-0.10343291142244741,0.7766617768595041
0.2487694,0.051889684,37454.539,0.9861485898128676,-0.09577121560411354,0.7738541115702479
0.2487694,0.053818509,37327.898,0.9861485898128676,-0.08810951978577966,0.771237561983471
0.2487694,0.055747338,37211.906,0.9861485898128676,-0.0804478080786102,0.7688410330578513
0.2487694,0.057676159,37107.047,0.9861485898128676,-0.07278612814911191,0.7666745247933884
0.2487694,0.059604988,37012.984,0.9861485898128676,-0.06512441644194245,0.7647310743801652
0.2487694,0.061533809,36928.781,0.9861485898128676,-0.05746273651244412,0.7629913429752067
0.2487694,0.063462637,36853.441,0.9861485898128676,-0.04980102877748356,0.7614347314049587
0.2487694,0.065391466,36786.18,0.9861485898128676,-0.04213931707031413,0.7600450413223141
0.2487694,0.067320287,36726.918,0.9861485898128676,-0.034477637140815774,0.7588206198347107
0.2487694,0.069249108,36676.348,0.9861485898128676,-0.02681595721131748,0.7577757851239669
0.2487694,0.071177937,36635.895,0.9861485898128676,-0.01915424550414805,0.7569399793388429
0.2487694,0.073106766,36607.035,0.9861485898128676,-0.011492533796978567,0.7563436983471075
0.2487694,0.075035587,36591.242,0.9861485898128676,-0.003830853867480268,0.7560173966942149
0.2487694,0.076964408,36589.367,0.9861485898128676,0.0038308260620180308,0.7559786570247934
0.2487694,0.078893237,36601.445,0.9861485898128676,0.011492537769187513,0.7562282024793389
0.2487694,0.080822065,36626.617,0.9861485898128676,0.01915424550414805,0.7567482851239669
0.2487694,0.082750887,36663.543,0.9861485898128676,0.02681592940585524,0.7575112190082645
0.2487694,0.084679708,36710.707,0.9861485898128676,0.03447760933535359,0.7584856818181819
0.2487694,0.086608537,36766.762,0.9861485898128676,0.04213932104252302,0.7596438429752067
0.2487694,0.088537365,36830.988,0.9861485898128676,0.049801028777483616,0.7609708264462809
0.2487694,0.090466186,36903.469,0.9861485898128676,0.05746270870698191,0.762468367768595
0.2487694,0.092395008,36984.945,0.9861485898128676,0.0651243926086891,0.7641517561983471
0.2487694,0.094323844,37076.418,0.9861485898128676,0.07278613212132082,0.766041694214876
0.2487694,0.096252665,37178.816,0.9861485898128676,0.08044781205081912,0.7681573553719008
0.2487694,0.098181486,37292.59,0.9861485898128676,0.08810949198031742,0.7705080578512395
0.2487694,0.10011031,37417.359,0.9861485898128676,0.0957711838264424,0.773085929752066
0.2487694,0.10203914,37551.801,0.9861485898128676,0.10343289950582077,0.7758636570247934
0.2487694,0.10396796,37693.73,0.9861485898128676,0.11109457546311018,0.7787960743801654
0.2487694,0.10589679,37840.629,0.9861485898128676,0.11875629114248855,0.7818311776859505
0.2487694,0.10782561,37989.957,0.9861485898128676,0.12641796709977796,0.7849164669421488
0.2487694,0.10975444,38139.559,0.9861485898128676,0.13407968277915627,0.7880074173553719
0.2487694,0.11168326,38287.883,0.9861485898128676,0.14174135873644575,0.7910719628099174
0.2487694,0.11361209,38433.953,0.9861485898128676,0.14940307441582407,0.7940899380165289
0.2487694,0.11554092,38577.078,0.9861485898128676,0.15706479009520244,0.7970470661157025
0.2487694,0.11746974,38716.582,0.9861485898128676,0.16472646605249183,0.7999293801652892
0.2487694,0.11939856,38851.719,0.9861485898128676,0.17238814200978125,0.8027214669421487
0.2487694,0.12132739,38981.852,0.9861485898128676,0.18004985768915957,0.8054101652892561
0.2487694,0.12325621,39106.664,0.9861485898128676,0.18771153364644902,0.8079889256198346
0.2487694,0.12518504,39226.316,0.9861485898128676,0.19537324932582734,0.8104610743801652
0.2487694,0.12711386,39341.461,0.9861485898128676,0.20303492528311676,0.8128401033057852
0.2487694,0.12904269,39453.145,0.9861485898128676,0.21069664096249507,0.8151476239669421
0.2487694,0.13089341,39558.406,0.9861485898128676,0.21804808740522932,0.8173224380165289
0.2487694,0.13258547,39654.211,0.9861485898128676,0.22476930318497618,0.8193018801652893
0.2487694,0.13412371,39741.766,0.9861485898128676,0.23087951379277827,0.8211108677685951
0.2487694,0.1355221,39822.188,0.9861485898128676,0.23643421098687306,0.822772479338843
0.2487694,0.13679338,39896.207,0.9861485898128676,0.24148400070855927,0.8243017975206612
0.2487694,0.13794906,39964.309,0.9861485898128676,0.24607460308219725,0.8257088636363636
0.2487694,0.1389997,40026.879,0.9861485898128676,0.2502479646336984,0.827001632231405
0.25225648,0.013000302,39088.242,1.0,-0.25024796463369836,0.8076083057851239
0.25225648,0.014050936,39024.75,1.0,-0.24607462691545054,0.8062964876033057
0.25225648,0.015206633,38955.734,1.0,-0.24148395701426148,0.8048705371900826
0.25225648,0.0164779,38880.895,1.0,-0.2364342189312908,0.803324276859504
0.25225648,0.017876294,38799.859,1.0,-0.23087950584836042,0.8016499793388429
0.25225648,0.019414527,38712.117,1.0,-0.22476932304602057,0.7998371280991735
0.25225648,0.021106582,38616.871,1.0,-0.21804812712731828,0.79786923553719
0.25225648,0.02295731,38513.309,1.0,-0.2106966489069129,0.7957295247933884
0.25225648,0.024886135,38404.582,1.0,-0.203034953088579,0.7934830991735538
0.25225648,0.02681496,38293.457,1.0,-0.19537325727024513,0.7911871280991736
0.25225648,0.028743785,38178.602,1.0,-0.18771156145191123,0.7888140909090909
0.25225648,0.030672612,38059.051,1.0,-0.18004985768915957,0.7863440289256198
0.25225648,0.032601438,37934.328,1.0,-0.17238815789861678,0.7837671074380166
0.25225648,0.03453026,37804.492,1.0,-0.1647264739969096,0.7810845454545454
0.25225648,0.036459088,37669.926,1.0,-0.15706476626194904,0.7783042561983471
0.25225648,0.03838791,37531.195,1.0,-0.14940308236024183,0.7754379132231405
0.25225648,0.040316738,37388.781,1.0,-0.14174137462528127,0.7724954752066117
0.25225648,0.042245559,37243.113,1.0,-0.13407969469578296,0.7694858057851239
0.25225648,0.044174388,37094.859,1.0,-0.12641798298861348,0.7664227066115702
0.25225648,0.046103209,36945.219,1.0,-0.11875630305911519,0.7633309710743801
0.25225648,0.048032038,36796.105,1.0,-0.11109459135194574,0.7602501033057852
0.25225648,0.049960859,36650.074,1.0,-0.10343291142244741,0.7572329338842976
0.25225648,0.051889684,36510.02,1.0,-0.09577121560411354,0.7543392561983471
0.25225648,0.053818509,36378.707,1.0,-0.08810951978577966,0.7516261776859504
0.25225648,0.055747338,36258.105,1.0,-0.0804478080786102,0.7491344008264463
0.25225648,0.057676159,36149.207,1.0,-0.07278612814911191,0.7468844421487604
0.25225648,0.059604988,36052.039,1.0,-0.06512441644194245,0.7448768388429752
0.25225648,0.061533809,35965.859,1.0,-0.05746273651244412,0.7430962603305784
0.25225648,0.063462637,35889.691,1.0,-0.04980102877748356,0.741522541322314
0.25225648,0.065391466,35822.613,1.0,-0.04213931707031413,0.7401366322314049
0.25225648,0.067320287,35764.273,1.0,-0.034477637140815774,0.7389312603305785
0.25225648,0.069249108,35715.031,1.0,-0.02681595721131748,0.7379138636363637
0.25225648,0.071177937,35675.941,1.0,-0.01915424550414805,0.7371062190082645
0.25225648,0.073106766,35648.172,1.0,-0.011492533796978567,0.7365324793388429
0.25225648,0.075035587,35632.965,1.0,-0.003830853867480268,0.7362182851239669
0.25225648,0.076964408,35631.062,1.0,0.0038308260620180308,0.7361789669421487
0.25225648,0.078893237,35642.52,1.0,0.011492537769187513,0.7364157024793387
0.25225648,0.080822065,35666.617,1.0,0.01915424550414805,0.7369135743801652
0.25225648,0.082750887,35702.266,1.0,0.02681592940585524,0.7376501239669422
0.25225648,0.084679708,35748.238,1.0,0.03447760933535359,0.7385999586776859
0.25225648,0.086608537,35803.543,1.0,0.04213932104252302,0.7397426239669421
0.25225648,0.088537365,35867.754,1.0,0.049801028777483616,0.7410692975206612
0.25225648,0.090466186,35941.219,1.0,0.05746270870698191,0.7425871694214875
0.25225648,0.092395008,36024.812,1.0,0.0651243926086891,0.7443142975206611
0.25225648,0.094323844,36119.566,1.0,0.07278613212132082,0.7462720247933884
0.25225648,0.096252665,36226.246,1.0,0.08044781205081912,0.7484761570247934
0.25225648,0.098181486,36344.965,1.0,0.08810949198031742,0.7509290289256197
0.25225648,0.10011031,36474.859,1.0,0.0957711838264424,0.7536127892561982
0.25225648,0.10203914,36614.016,1.0,0.10343289950582077,0.7564879338842976
0.25225648,0.10396796,36759.73,1.0,0.11109457546311018,0.7594985537190083
0.25225648,0.10589679,36909.102,1.0,0.11875629114248855,0.7625847520661156
0.25225648,0.10782561,37059.496,1.0,0.12641796709977796,0.7656920661157025
0.25225648,0.10975444,37208.852,1.0,0.13407968277915627,0.7687779338842975
0.25225648,0.11168326,37355.879,1.0,0.14174135873644575,0.7718156818181818
0.25225648,0.11361209,37499.867,1.0,0.14940307441582407,0.7747906404958678
0.25225648,0.11554092,37640.348,1.0,0.15706479009520244,0.7776931404958677
0.25225648,0.11746974,37776.828,1.0,0.16472646605249183,0.7805129752066116
0.25225648,0.11939856,37908.77,1.0,0.17238814200978125,0.7832390495867768
0.25225648,0.12132739,38035.797,1.0,0.18004985768915957,0.7858635743801653
0.25225648,0.12325621,38157.84,1.0,0.18771153364644902,0.788385123966942
0.25225648,0.12518504,38275.309,1.0,0.19537324932582734,0.7908121694214876
0.25225648,0.12711386,38389.129,1.0,0.20303492528311676,0.7931638223140496
0.25225648,0.12904269,38500.582,1.0,0.21069664096249507,0.7954665702479339
0.25225648,0.13089341,38606.789,1.0,0.21804808740522932,0.797660929752066
0.25225648,0.13258547,38704.512,1.0,0.22476930318497618,0.7996800000000001
0.25225648,0.13412371,38794.598,1.0,0.23087951379277827,0.8015412809917355
0.25225648,0.1355221,38877.863,1.0,0.23643421098687306,0.8032616322314049
0.25225648,0.13679338,38954.828,1.0,0.24148400070855927,0.8048518181818182
0.25225648,0.13794906,39025.84,1.0,0.24607460308219725,0.8063190082644628
0.25225648,0.1389997,39091.223,1.0,0.2502479646336984,0.8076698966942149
