x,y,z,pressure
0.25225648,0.013000302,0.131,38152.598
0.25225648,0.014050936,0.131,38111.344
0.2487694,0.013000302,0.131,39087.961
0.25225648,0.015206633,0.131,38065.441
0.2487694,0.014050936,0.131,39046.531
0.24528234,0.013000302,0.131,40056.777
0.25225648,0.0164779,0.131,38014.254
0.2487694,0.015206633,0.131,39000.258
0.24528234,0.014050936,0.131,40014.988
0.24179527,0.013000302,0.131,41058.266
0.25225648,0.017876294,0.131,37957.059
0.2487694,0.0164779,0.131,38948.504
0.24528234,0.015206633,0.131,39968.285
0.24179527,0.014050936,0.131,41016.289
0.23830822,0.013000302,0.131,42090.859
0.25225648,0.019414527,0.131,37893.039
0.2487694,0.017876294,0.131,38890.59
0.24528234,0.0164779,0.131,39916.062
0.24179527,0.015206633,0.131,40969.379
0.23830822,0.014050936,0.131,42048.812
0.23482114,0.013000302,0.131,43153.074
0.25225648,0.021106582,0.131,37821.305
0.2487694,0.019414527,0.131,38825.758
0.24528234,0.017876294,0.131,39857.672
0.24179527,0.0164779,0.131,40916.934
0.23830822,0.015206633,0.131,42001.816
0.23482114,0.014050936,0.131,43110.969
0.23133408,0.013000302,0.131,44244.723
0.25225648,0.02295731,0.131,37741.363
0.2487694,0.021106582,0.131,38753.188
0.24528234,0.019414527,0.131,39792.387
0.24179527,0.017876294,0.131,40858.301
0.23830822,0.0164779,0.131,41949.254
0.23482114,0.015206633,0.131,43063.914
0.23133408,0.014050936,0.131,44202.594
0.22784702,0.013000302,0.131,45366.141
0.25225648,0.024886135,0.131,37656.535
0.2487694,0.02295731,0.131,38672.457
0.24528234,0.021106582,0.131,39719.395
0.24179527,0.019414527,0.131,40792.738
0.23830822,0.017876294,0.131,41890.445
0.23482114,0.0164779,0.131,43011.262
0.23133408,0.015206633,0.131,44155.516
0.22784702,0.014050936,0.131,45324.059
0.22435996,0.013000302,0.131,46517.723
0.25225648,0.02681496,0.131,37570.266
0.2487694,0.024886135,0.131,38586.934
0.24528234,0.02295731,0.131,39638.262
0.24179527,0.021106582,0.131,40719.395
0.23830822,0.019414527,0.131,41824.602
0.23482114,0.017876294,0.131,42952.305
0.23133408,0.0164779,0.131,44102.84
0.22784702,0.015206633,0.131,45277.047
0.22435996,0.014050936,0.131,46475.754
0.22087291,0.013000302,0.131,47699.816
0.25225648,0.028743785,0.131,37482.695
0.2487694,0.02681496,0.131,38500.059
0.24528234,0.024886135,0.131,39552.312
0.24179527,0.02295731,0.131,40637.773
0.23830822,0.021106582,0.131,41750.816
0.23482114,0.019414527,0.131,42886.211
0.23133408,0.017876294,0.131,44043.824
0.22784702,0.0164779,0.131,45224.445
0.22435996,0.015206633,0.131,46428.902
0.22087291,0.014050936,0.131,47658.016
0.21738583,0.013000302,0.131,48912.422
0.25225648,0.030672612,0.131,37393.922
0.2487694,0.028743785,0.131,38411.906
0.24528234,0.02681496,0.131,39464.922
0.24179527,0.024886135,0.131,40551.16
0.23830822,0.02295731,0.131,41668.535
0.23482114,0.021106582,0.131,42812.027
0.23133408,0.019414527,0.131,43977.609
0.22784702,0.017876294,0.131,45165.5
0.22435996,0.0164779,0.131,46376.484
0.22087291,0.015206633,0.131,47611.375
0.21738583,0.014050936,0.131,48870.77
0.21389876,0.013000302,0.131,50155.145
0.25225648,0.032601438,0.131,37304.035
0.2487694,0.030672612,0.131,38322.508
0.24528234,0.028743785,0.131,39376.117
0.24179527,0.02681496,0.131,40462.914
0.23830822,0.024886135,0.131,41581.02
0.23482114,0.02295731,0.131,42729.125
0.23133408,0.021106582,0.131,43903.184
0.22784702,0.019414527,0.131,45099.309
0.22435996,0.017876294,0.131,46317.738
0.22087291,0.0164779,0.131,47559.215
0.21738583,0.015206633,0.131,48824.324
0.21389876,0.014050936,0.131,50113.578
0.21041171,0.013000302,0.131,51427.926
0.25225648,0.03453026,0.131,37213.133
0.2487694,0.032601438,0.131,38231.891
0.24528234,0.030672612,0.131,39285.879
0.24179527,0.028743785,0.131,40373.031
0.23830822,0.02681496,0.131,41491.645
0.23482114,0.024886135,0.131,42640.75
0.23133408,0.02295731,0.131,43819.855
0.22784702,0.021106582,0.131,45024.824
0.22435996,0.019414527,0.131,46251.734
0.22087291,0.017876294,0.131,47500.758
0.21738583,0.0164779,0.131,48772.41
0.21389876,0.015206633,0.131,50067.27
0.21041171,0.014050936,0.131,51386.48
0.20692465,0.013000302,0.131,52731.34
0.25225648,0.036459088,0.131,37121.328
0.2487694,0.03453026,0.131,38140.082
0.24528234,0.032601438,0.131,39194.18
0.24179527,0.030672612,0.131,40281.465
0.23830822,0.028743785,0.131,41400.398
0.23482114,0.02681496,0.131,42550.281
0.23133408,0.024886135,0.131,43730.836
0.22784702,0.02295731,0.131,44941.293
0.22435996,0.021106582,0.131,46177.387
0.22087291,0.019414525,0.131,47435.059
0.21738583,0.017876294,0.131,48714.25
0.21389876,0.0164779,0.131,50015.574
0.21041171,0.015206633,0.131,51340.418
0.20692465,0.014050936,0.131,52690.363
0.20343757,0.013000302,0.131,54065.703
0.25225648,0.03838791,0.131,37028.734
0.2487694,0.036459088,0.131,38047.129
0.24528234,0.03453026,0.131,39101.023
0.24179527,0.032601438,0.131,40188.188
0.23830822,0.030672612,0.131,41307.254
0.23482114,0.028743785,0.131,42457.734
0.23133408,0.02681496,0.131,43639.512
0.22784702,0.024886135,0.131,44851.895
0.22435996,0.02295731,0.131,46093.906
0.22087291,0.021106582,0.131,47361.02
0.21738583,0.019414525,0.131,48648.918
0.21389876,0.017876294,0.131,49957.742
0.21041171,0.0164779,0.131,51289.133
0.20692465,0.015206633,0.131,52645.008
0.20343757,0.014050936,0.131,54025.93
0.19995052,0.013000302,0.131,55429.684
0.25225648,0.040316738,0.131,36935.496
0.2487694,0.03838791,0.131,37953.094
0.24528234,0.036459088,0.131,39006.43
0.24179527,0.03453026,0.131,40093.203
0.23830822,0.032601438,0.131,41212.199
0.23482114,0.030672612,0.131,42363.105
0.23133408,0.028743785,0.131,43545.926
0.22784702,0.02681496,0.131,44760.031
0.22435996,0.024886135,0.131,46004.453
0.22087291,0.02295731,0.131,47277.84
0.21738583,0.021106582,0.131,48575.332
0.21389876,0.019414525,0.131,49892.926
0.21041171,0.017876294,0.131,51231.984
0.20692465,0.0164779,0.131,52594.785
0.20343757,0.015206633,0.131,53982.195
0.19995052,0.014050936,0.131,55392.242
0.19646345,0.013000302,0.131,56820.555
0.25225648,0.042245559,0.131,36841.773
0.2487694,0.040316738,0.131,37858.086
0.24528234,0.03838791,0.131,38910.453
0.24179527,0.036459088,0.131,39996.555
0.23830822,0.03453026,0.131,41115.289
0.23482114,0.032601438,0.131,42266.445
0.23133408,0.030672612,0.131,43450.137
0.22784702,0.028743785,0.131,44665.797
0.22435996,0.02681496,0.131,45912.465
0.22087291,0.024886135,0.131,47188.699
0.21738583,0.02295731,0.131,48492.77
0.21389876,0.021106582,0.131,49820.152
0.21041171,0.019414525,0.131,51168.258
0.20692465,0.017876294,0.131,52539.207
0.20343757,0.0164779,0.131,53934.152
0.19995052,0.015206633,0.131,55351.418
0.19646345,0.014050936,0.131,56786.945
0.1929764,0.013000302,0.131,58234.816
0.25225648,0.044174388,0.131,36747.793
0.2487694,0.042245559,0.131,37762.25
0.24528234,0.040316738,0.131,38813.219
0.24179527,0.03838791,0.131,39898.352
0.23830822,0.036459088,0.131,41016.648
0.23482114,0.03453026,0.131,42167.898
0.23133408,0.032601438,0.131,43352.285
0.22784702,0.030672612,0.131,44569.328
0.22435996,0.028743785,0.131,45818.098
0.22087291,0.02681496,0.131,47097.09
0.21738583,0.024886135,0.131,48404.488
0.21389876,0.02295731,0.131,49738.875
0.21041171,0.021106582,0.131,51097.199
0.20692465,0.019414525,0.131,52477.773
0.20343757,0.017876294,0.131,53881.512
0.19995052,0.0164779,0.131,55307.039
0.19646345,0.015206633,0.131,56750.691
0.1929764,0.014050936,0.131,58206.906
0.18948933,0.013000302,0.131,59666.484
0.25225648,0.046103209,0.131,36653.836
0.2487694,0.044174388,0.131,37665.859
0.24528234,0.042245559,0.131,38714.938
0.24179527,0.040316738,0.131,39798.801
0.23830822,0.03838791,0.131,40916.477
0.23482114,0.036459088,0.131,42067.691
0.23133408,0.03453026,0.131,43252.613
0.22784702,0.032601438,0.131,44470.863
0.22435996,0.030672612,0.131,45721.586
0.22087291,0.028743785,0.131,47003.27
0.21738583,0.02681496,0.131,48314.055
0.21389876,0.024886135,0.131,49652.504
0.21041171,0.02295731,0.131,51018.562
0.20692465,0.021106582,0.131,52410.016
0.20343757,0.019414525,0.131,53824.039
0.19995052,0.017876294,0.131,55259.031
0.19646345,0.0164779,0.131,56711.801
0.1929764,0.015206633,0.131,58177.27
0.18948933,0.014050936,0.131,59646.48
0.18600225,0.013000302,0.131,61107.086
0.25225648,0.048032038,0.131,36560.242
0.2487694,0.046103209,0.131,37569.258
0.24528234,0.044174388,0.131,38615.957
0.24179527,0.042245559,0.131,39698.199
0.23830822,0.040316738,0.131,40815.086
0.23482114,0.03838791,0.131,41966.152
0.23133408,0.036459088,0.131,43151.48
0.22784702,0.03453026,0.131,44370.777
0.22435996,0.032601438,0.131,45623.285
0.22087291,0.030672612,0.131,46907.574
0.21738583,0.028743785,0.131,48221.859
0.21389876,0.02681496,0.131,49564.707
0.21041171,0.024886135,0.131,50935.914
0.20692465,0.02295731,0.131,52336.039
0.20343757,0.021106582,0.131,53761.582
0.19995052,0.019414525,0.131,55207.43
0.19646345,0.017876294,0.131,56670.426
0.1929764,0.0164779,0.131,58146.082
0.18948933,0.015206633,0.131,59625.875
0.18600225,0.014050936,0.131,61097.703
0.18251519,0.013000302,0.131,62542.859
0.25225648,0.049960859,0.131,36467.465
0.2487694,0.048032038,0.131,37472.891
0.24528234,0.046103209,0.131,38516.746
0.24179527,0.044174388,0.131,39597.02
0.23830822,0.042245559,0.131,40712.879
0.23482114,0.040316738,0.131,41863.707
0.23133408,0.03838791,0.131,43049.344
0.22784702,0.036459088,0.131,44269.547
0.22435996,0.03453026,0.131,45523.691
0.22087291,0.032601438,0.131,46810.5
0.21738583,0.030672612,0.131,48128.383
0.21389876,0.028743785,0.131,49476.016
0.21041171,0.02681496,0.131,50852.969
0.20692465,0.024886135,0.131,52259.496
0.20343757,0.02295731,0.131,53694.602
0.19995052,0.021106582,0.131,55152.41
0.19646345,0.019414525,0.131,56626.879
0.1929764,0.017876294,0.131,58113.746
0.18948933,0.0164779,0.131,59605.031
0.18600225,0.015206633,0.131,61089.012
0.18251519,0.014050936,0.131,62546.82
0.17902812,0.013000302,0.131,63957.359
0.25225648,0.051889684,0.131,36375.969
0.2487694,0.049960859,0.131,37377.336
0.24528234,0.048032038,0.131,38417.883
0.24179527,0.046103209,0.131,39495.848
0.23830822,0.044174388,0.131,40610.449
0.23482114,0.042245559,0.131,41760.883
0.23133408,0.040316738,0.131,42946.754
0.22784702,0.03838791,0.131,44167.754
0.22435996,0.036459088,0.131,45423.414
0.22087291,0.03453026,0.131,46712.688
0.21738583,0.032601438,0.131,48034.27
0.21389876,0.030672612,0.131,49387.039
0.21041171,0.028743785,0.131,50770.367
0.20692465,0.02681496,0.131,52184.023
0.20343757,0.024886135,0.131,53626.695
0.19995052,0.02295731,0.131,55094.785
0.19646345,0.021106582,0.131,56581.684
0.1929764,0.019414525,0.131,58080.898
0.18948933,0.017876294,0.131,59584.602
0.18600225,0.0164779,0.131,61081.555
0.18251519,0.015206633,0.131,62553.066
0.17902812,0.014050936,0.131,63977.832
0.17554107,0.013000302,0.131,65329.883
0.25225648,0.053818509,0.131,36286.477
0.2487694,0.051889684,0.131,37283.176
0.24528234,0.049960859,0.131,38320.09
0.24179527,0.048032038,0.131,39395.383
0.23830822,0.046103209,0.131,40508.48
0.23482114,0.044174388,0.131,41658.363
0.23133408,0.042245559,0.131,42844.355
0.22784702,0.040316738,0.131,44066.086
0.22435996,0.03838791,0.131,45323.18
0.22087291,0.036459088,0.131,46614.91
0.21738583,0.03453026,0.131,47940.316
0.21389876,0.032601438,0.131,49298.547
0.21041171,0.030672612,0.131,50688.812
0.20692465,0.028743785,0.131,52110.312
0.20343757,0.02681496,0.131,53561.27
0.19995052,0.024886135,0.131,55037.996
0.19646345,0.02295731,0.131,56536.039
0.1929764,0.021106582,0.131,58048.441
0.18948933,0.019414525,0.131,59565.555
0.18600225,0.017876294,0.131,61076.219
0.18251519,0.0164779,0.131,62562.375
0.17902812,0.015206633,0.131,64001.789
0.17554107,0.014050936,0.131,65367.703
0.17205401,0.013000302,0.131,66635.5
0.25225648,0.055747338,0.131,36199.695
0.2487694,0.053818509,0.131,37191.266
0.24528234,0.051889684,0.131,38224.082
0.24179527,0.049960859,0.131,39296.477
0.23830822,0.048032038,0.131,40407.766
0.23482114,0.046103209,0.131,41556.918
0.23133408,0.044174388,0.131,42742.941
0.22784702,0.042245559,0.131,43965.301
0.22435996,0.040316738,0.131,45223.82
0.22087291,0.03838791,0.131,46518.062
0.21738583,0.036459088,0.131,47847.473
0.21389876,0.03453026,0.131,49211.449
0.21041171,0.032601438,0.131,50609.109
0.20692465,0.030672612,0.131,52039.09
0.20343757,0.028743785,0.131,53499.035
0.19995052,0.02681496,0.131,54985.133
0.19646345,0.024886135,0.131,56493.152
0.1929764,0.02295731,0.131,58017.992
0.18948933,0.021106582,0.131,59549.199
0.18600225,0.019414525,0.131,61074.312
0.18251519,0.017876294,0.131,62575.688
0.17902812,0.0164779,0.131,64030.336
0.17554107,0.015206633,0.131,65411.352
0.17205401,0.014050936,0.131,66691.172
0.16856694,0.013000302,0.131,67849.383
0.25225648,0.057676159,0.131,36116.582
0.2487694,0.055747338,0.131,37102.422
0.24528234,0.053818509,0.131,38130.824
0.24179527,0.051889684,0.131,39199.922
0.23830822,0.049960859,0.131,40309.223
0.23482114,0.048032038,0.131,41457.402
0.23133408,0.046103209,0.131,42643.363
0.22784702,0.044174388,0.131,43866.32
0.22435996,0.042245559,0.131,45126.23
0.22087291,0.040316738,0.131,46423.133
0.21738583,0.03838791,0.131,47756.766
0.21389876,0.036459088,0.131,49126.77
0.21041171,0.03453026,0.131,50532.18
0.20692465,0.032601438,0.131,51971.129
0.20343757,0.030672612,0.131,53440.699
0.19995052,0.028743785,0.131,54936.906
0.19646345,0.02681496,0.131,56455.664
0.1929764,0.024886135,0.131,57992.328
0.18948933,0.02295731,0.131,59537.516
0.18600225,0.021106582,0.131,61077.535
0.18251519,0.019414525,0.131,62594.23
0.17902812,0.017876294,0.131,64064.93
0.17554107,0.0164779,0.131,65461.555
0.17205401,0.015206633,0.131,66754.188
0.16856694,0.014050936,0.131,67920.141
0.16507988,0.013000302,0.131,68948.93
0.25225648,0.059604988,0.131,36038.012
0.2487694,0.057676159,0.131,37017.695
0.24528234,0.055747338,0.131,38041.199
0.24179527,0.053818509,0.131,39106.75
0.23830822,0.051889684,0.131,40213.684
0.23482114,0.049960859,0.131,41360.785
0.23133408,0.048032038,0.131,42546.531
0.22784702,0.046103209,0.131,43770.094
0.22435996,0.044174388,0.131,45031.453
0.22087291,0.042245559,0.131,46331.125
0.21738583,0.040316738,0.131,47669.273
0.21389876,0.03838791,0.131,49045.551
0.21041171,0.036459088,0.131,50458.977
0.20692465,0.03453026,0.131,51907.234
0.20343757,0.032601438,0.131,53386.93
0.19995052,0.030672612,0.131,54893.941
0.19646345,0.028743785,0.131,56424.23
0.1929764,0.02681496,0.131,57973.418
0.18948933,0.024886135,0.131,59532.496
0.18600225,0.02295731,0.131,61087.785
0.18251519,0.021106582,0.131,62619.914
0.17902812,0.019414525,0.131,64106.898
0.17554107,0.017876294,0.131,65519.352
0.17205401,0.0164779,0.131,66825.211
0.16856694,0.015206633,0.131,67999.422
0.16507988,0.014050936,0.131,69030.109
0.16159281,0.013000302,0.131,69918.633
0.25225648,0.061533809,0.131,35965.074
0.2487694,0.059604988,0.131,36938.0
0.24528234,0.057676159,0.131,37956.285
0.24179527,0.055747338,0.131,39017.848
0.23830822,0.053818509,0.131,40122.203
0.23482114,0.051889684,0.131,41267.887
0.23133408,0.049960859,0.131,42453.434
0.22784702,0.048032038,0.131,43677.574
0.22435996,0.046103209,0.131,44940.504
0.22087291,0.044174388,0.131,46243.121
0.21738583,0.042245559,0.131,47585.973
0.21389876,0.040316738,0.131,48968.781
0.21041171,0.03838791,0.131,50390.363
0.20692465,0.036459088,0.131,51848.152
0.20343757,0.03453026,0.131,53338.34
0.19995052,0.032601438,0.131,54856.711
0.19646345,0.030672612,0.131,56399.227
0.1929764,0.028743785,0.131,57961.551
0.18948933,0.02681496,0.131,59535.016
0.18600225,0.024886135,0.131,61106.055
0.18251519,0.02295731,0.131,62654.82
0.17902812,0.021106582,0.131,64157.844
0.17554107,0.019414525,0.131,65585.883
0.17205401,0.017876294,0.131,66905.055
0.16856694,0.0164779,0.131,68087.672
0.16507988,0.015206633,0.131,69120.305
0.16159281,0.014050936,0.131,70005.234
0.15810576,0.013000302,0.131,70759.25
0.25225648,0.063462637,0.131,35898.551
0.2487694,0.061533809,0.131,36864.441
0.24528234,0.059604988,0.131,37876.965
0.24179527,0.057676159,0.131,38934.285
0.23830822,0.055747338,0.131,40035.617
0.23482114,0.053818509,0.131,41179.719
0.23133408,0.051889684,0.131,42364.824
0.22784702,0.049960859,0.131,43589.73
0.22435996,0.048032038,0.131,44854.32
0.22087291,0.046103209,0.131,46160.066
0.21738583,0.044174388,0.131,47507.801
0.21389876,0.042245559,0.131,48897.234
0.21041171,0.040316738,0.131,50327.051
0.20692465,0.03838791,0.131,51794.41
0.20343757,0.036459088,0.131,53295.34
0.19995052,0.03453026,0.131,54825.461
0.19646345,0.032601438,0.131,56380.75
0.1929764,0.030672612,0.131,57956.812
0.18948933,0.028743785,0.131,59545.098
0.18600225,0.02681496,0.131,61132.059
0.18251519,0.024886135,0.131,62698.379
0.17902812,0.02295731,0.131,64219.172
0.17554107,0.021106582,0.131,65662.375
0.17205401,0.019414525,0.131,66994.555
0.16856694,0.017876294,0.131,68185.359
0.16507988,0.0164779,0.131,69219.766
0.16159281,0.015206633,0.131,70100.641
0.15810576,0.014050936,0.131,70846.875
0.15486297,0.013000302,0.131,71421.016
0.25225648,0.065391466,0.131,35839.504
0.2487694,0.063462637,0.131,36797.73
0.24528234,0.061533809,0.131,37804.277
0.24179527,0.059604988,0.131,38856.836
0.23830822,0.057676159,0.131,39954.922
0.23482114,0.055747338,0.131,41097.027
0.23133408,0.053818509,0.131,42281.629
0.22784702,0.051889684,0.131,43507.188
0.22435996,0.049960859,0.131,44773.762
0.22087291,0.048032038,0.131,46082.703
0.21738583,0.046103209,0.131,47435.441
0.21389876,0.044174388,0.131,48831.535
0.21041171,0.042245559,0.131,50269.434
0.20692465,0.040316738,0.131,51746.355
0.20343757,0.03838791,0.131,53258.094
0.19995052,0.036459088,0.131,54800.246
0.19646345,0.03453026,0.131,56368.668
0.1929764,0.032601438,0.131,57958.828
0.18948933,0.030672612,0.131,59562.285
0.18600225,0.028743785,0.131,61165.352
0.18251519,0.02681496,0.131,62748.754
0.17902812,0.024886135,0.131,64288.512
0.17554107,0.02295731,0.131,65749.438
0.17205401,0.021106582,0.131,67094.32
0.16856694,0.019414525,0.131,68292.883
0.16507988,0.017876294,0.131,69328.727
0.16159281,0.0164779,0.131,70204.938
0.15810576,0.015206633,0.131,70942.375
0.15486297,0.014050936,0.131,71506.648
0.15211432,0.013000302,0.131,71882.367
0.25225648,0.067320287,0.131,35788.598
0.2487694,0.065391466,0.131,36738.871
0.24528234,0.063462637,0.131,37738.797
0.24179527,0.061533809,0.131,38786.438
0.23830822,0.059604988,0.131,39880.77
0.23482114,0.057676159,0.131,41020.691
0.23133408,0.055747338,0.131,42204.422
0.22784702,0.053818509,0.131,43430.695
0.22435996,0.051889684,0.131,44699.219
0.22087291,0.049960859,0.131,46011.652
0.21738583,0.048032038,0.131,47369.309
0.21389876,0.046103209,0.131,48771.988
0.21041171,0.044174388,0.131,50217.785
0.20692465,0.042245559,0.131,51703.973
0.20343757,0.040316738,0.131,53226.543
0.19995052,0.03838791,0.131,54780.797
0.19646345,0.036459088,0.131,56362.523
0.1929764,0.03453026,0.131,57966.941
0.18948933,0.032601438,0.131,59585.734
0.18600225,0.030672612,0.131,61204.934
0.18251519,0.028743785,0.131,62805.043
0.17902812,0.02681496,0.131,64362.57
0.17554107,0.024886135,0.131,65842.898
0.17205401,0.02295731,0.131,67204.125
0.16856694,0.021106582,0.131,68410.383
0.16507988,0.019414525,0.131,69447.352
0.16159281,0.017876294,0.131,70318.266
0.15810576,0.0164779,0.131,71045.758
0.15486297,0.015206633,0.131,71598.898
0.15211432,0.014050936,0.131,71966.18
0.14969815,0.013000302,0.131,72218.234
0.25225648,0.069249108,0.131,35746.77
0.2487694,0.067320287,0.131,36688.371
0.24528234,0.065391466,0.131,37681.383
0.24179527,0.063462637,0.131,38723.477
0.23830822,0.061533809,0.131,39813.953
0.23482114,0.059604988,0.131,40951.176
0.23133408,0.057676159,0.131,42133.895
0.22784702,0.055747338,0.131,43360.562
0.22435996,0.053818509,0.131,44631.156
0.22087291,0.051889684,0.131,45946.973
0.21738583,0.049960859,0.131,47309.656
0.21389876,0.048032038,0.131,48718.621
0.21041171,0.046103209,0.131,50172.031
0.20692465,0.044174388,0.131,51667.156
0.20343757,0.042245559,0.131,53200.254
0.19995052,0.040316738,0.131,54766.617
0.19646345,0.03838791,0.131,56361.586
0.1929764,0.036459088,0.131,57980.258
0.18948933,0.03453026,0.131,59614.285
0.18600225,0.032601438,0.131,61249.496
0.18251519,0.030672612,0.131,62865.961
0.17902812,0.028743785,0.131,64440.301
0.17554107,0.02681496,0.131,65938.266
0.17205401,0.024886135,0.131,67318.266
0.16856694,0.02295731,0.131,68537.117
0.16507988,0.021106582,0.131,69575.562
0.16159281,0.019414525,0.131,70440.734
0.15810576,0.017876294,0.131,71157.258
0.15486297,0.0164779,0.131,71697.727
0.15211432,0.015206633,0.131,72055.727
0.14969815,0.014050936,0.131,72302.172
0.14736459,0.013000302,0.131,72489.375
0.25225648,0.071177937,0.131,35714.449
0.2487694,0.069249108,0.131,36647.039
0.24528234,0.067320287,0.131,37632.371
0.24179527,0.065391466,0.131,38668.66
0.23830822,0.063462637,0.131,39754.656
0.23482114,0.061533809,0.131,40889.105
0.23133408,0.059604988,0.131,42070.273
0.22784702,0.057676159,0.131,43297.215
0.22435996,0.055747338,0.131,44569.543
0.22087291,0.053818509,0.131,45888.781
0.21738583,0.051889684,0.131,47256.16
0.21389876,0.049960859,0.131,48671.34
0.21041171,0.048032038,0.131,50131.871
0.20692465,0.046103209,0.131,51635.512
0.20343757,0.044174388,0.131,53178.766
0.19995052,0.042245559,0.131,54756.879
0.19646345,0.040316738,0.131,56364.992
0.1929764,0.03838791,0.131,57997.66
0.18948933,0.036459088,0.131,59646.703
0.18600225,0.03453026,0.131,61297.633
0.18251519,0.032601438,0.131,62930.066
0.17902812,0.030672612,0.131,64520.488
0.17554107,0.028743785,0.131,66034.68
0.17205401,0.02681496,0.131,67431.406
0.16856694,0.024886135,0.131,68666.477
0.16507988,0.02295731,0.131,69712.383
0.16159281,0.021106582,0.131,70572.352
0.15810576,0.019414525,0.131,71277.156
0.15486297,0.017876294,0.131,71803.531
0.15211432,0.0164779,0.131,72150.953
0.14969815,0.015206633,0.131,72391.562
0.14736459,0.014050936,0.131,72575.562
0.14503101,0.013000302,0.131,72715.875
0.25225648,0.073106766,0.131,35692.234
0.2487694,0.071177937,0.131,36615.16
0.24528234,0.069249108,0.131,37592.422
0.24179527,0.067320287,0.131,38622.109
0.23830822,0.065391466,0.131,39703.41
0.23482114,0.063462637,0.131,40834.434
0.23133408,0.061533809,0.131,42013.984
0.22784702,0.059604988,0.131,43240.605
0.22435996,0.057676159,0.131,44514.512
0.22087291,0.055747338,0.131,45836.711
0.21738583,0.053818509,0.131,47208.648
0.21389876,0.051889684,0.131,48629.488
0.21041171,0.049960859,0.131,50096.98
0.20692465,0.048032038,0.131,51608.504
0.20343757,0.046103209,0.131,53161.43
0.19995052,0.044174388,0.131,54750.863
0.19646345,0.042245559,0.131,56371.609
0.1929764,0.040316738,0.131,58018.062
0.18948933,0.03838791,0.131,59681.688
0.18600225,0.036459088,0.131,61348.0
0.18251519,0.03453026,0.131,62995.98
0.17902812,0.032601438,0.131,64601.918
0.17554107,0.030672612,0.131,66131.336
0.17205401,0.028743785,0.131,67543.195
0.16856694,0.02681496,0.131,68792.734
0.16507988,0.024886135,0.131,69850.898
0.16159281,0.02295731,0.131,70712.328
0.15810576,0.021106582,0.131,71405.812
0.15486297,0.019414525,0.131,71916.922
0.15211432,0.017876294,0.131,72252.289
0.14969815,0.0164779,0.131,72486.266
0.14736459,0.015206633,0.131,72667.414
0.14503101,0.014050936,0.131,72806.43
0.14269745,0.013000302,0.131,72903.328
0.25225648,0.075035587,0.131,35680.32
0.2487694,0.073106766,0.131,36593.234
0.24528234,0.071177937,0.131,37561.66
0.24179527,0.069249108,0.131,38584.34
0.23830822,0.067320287,0.131,39660.121
0.23482114,0.065391466,0.131,40787.523
0.23133408,0.063462637,0.131,41964.73
0.22784702,0.061533809,0.131,43190.938
0.22435996,0.059604988,0.131,44465.715
0.22087291,0.057676159,0.131,45790.633
0.21738583,0.055747338,0.131,47166.492
0.21389876,0.053818509,0.131,48592.727
0.21041171,0.051889684,0.131,50066.512
0.20692465,0.049960859,0.131,51585.711
0.20343757,0.048032038,0.131,53147.551
0.19995052,0.046103209,0.131,54747.734
0.19646345,0.044174388,0.131,56380.586
0.1929764,0.042245559,0.131,58040.227
0.18948933,0.040316738,0.131,59718.168
0.18600225,0.03838791,0.131,61399.355
0.18251519,0.036459088,0.131,63062.562
0.17902812,0.03453026,0.131,64683.574
0.17554107,0.032601438,0.131,66227.57
0.17205401,0.030672612,0.131,67653.5
0.16856694,0.028743785,0.131,68916.109
0.16507988,0.02681496,0.131,69985.281
0.16159281,0.024886135,0.131,70853.914
0.15810576,0.02295731,0.131,71542.969
0.15486297,0.021106582,0.131,72038.75
0.15211432,0.019414525,0.131,72360.469
0.14969815,0.017876294,0.131,72586.586
0.14736459,0.0164779,0.131,72764.695
0.14503101,0.015206633,0.131,72903.281
0.14269745,0.014050936,0.131,73000.055
0.14036389,0.013000302,0.131,73056.594
0.25225648,0.076964408,0.131,35678.953
0.2487694,0.075035587,0.131,36581.363
0.24528234,0.073106766,0.131,37540.496
0.24179527,0.071177937,0.131,38555.312
0.23830822,0.069249108,0.131,39625.164
0.23482114,0.067320287,0.131,40748.078
0.23133408,0.065391466,0.131,41922.719
0.22784702,0.063462637,0.131,43147.668
0.22435996,0.061533809,0.131,44423.184
0.22087291,0.059604988,0.131,45749.98
0.21738583,0.057676159,0.131,47129.438
0.21389876,0.055747338,0.131,48560.289
0.21041171,0.053818509,0.131,50040.082
0.20692465,0.051889684,0.131,51566.203
0.20343757,0.049960859,0.131,53136.68
0.19995052,0.048032038,0.131,54746.734
0.19646345,0.046103209,0.131,56391.059
0.1929764,0.044174388,0.131,58063.359
0.18948933,0.042245559,0.131,59754.984
0.18600225,0.040316738,0.131,61450.84
0.18251519,0.03838791,0.131,63128.832
0.17902812,0.036459088,0.131,64764.723
0.17554107,0.03453026,0.131,66322.938
0.17205401,0.032601438,0.131,67762.32
0.16856694,0.030672612,0.131,69037.047
0.16507988,0.028743785,0.131,70116.188
0.16159281,0.02681496,0.131,70991.352
0.15810576,0.024886135,0.131,71682.438
0.15486297,0.02295731,0.131,72169.469
0.15211432,0.021106582,0.131,72476.633
0.14969815,0.019414525,0.131,72693.188
0.14736459,0.017876294,0.131,72867.531
0.14503101,0.0164779,0.131,73006.141
0.14269745,0.015206633,0.131,73104.094
0.14036389,0.014050936,0.131,73160.836
0.13803032,0.013000302,0.131,73177.242
0.25225648,0.078893237,0.131,35688.113
0.2487694,0.076964408,0.131,36579.762
0.24528234,0.075035587,0.131,37528.926
0.24179527,0.073106766,0.131,38535.324
0.23830822,0.071177937,0.131,39598.34
0.23482114,0.069249108,0.131,40716.359
0.23133408,0.067320287,0.131,41887.496
0.22784702,0.065391466,0.131,43110.914
0.22435996,0.063462637,0.131,44386.195
0.22087291,0.061533809,0.131,45714.711
0.21738583,0.059604988,0.131,47096.824
0.21389876,0.057676159,0.131,48531.93
0.21041171,0.055747338,0.131,50016.891
0.20692465,0.053818509,0.131,51549.652
0.20343757,0.051889684,0.131,53127.883
0.19995052,0.049960859,0.131,54747.492
0.19646345,0.048032038,0.131,56402.332
0.1929764,0.046103209,0.131,58086.695
0.18948933,0.044174388,0.131,59791.559
0.18600225,0.042245559,0.131,61501.488
0.18251519,0.040316738,0.131,63194.258
0.17902812,0.03838791,0.131,64844.77
0.17554107,0.036459088,0.131,66417.203
0.17205401,0.03453026,0.131,67869.805
0.16856694,0.032601438,0.131,69156.094
0.16507988,0.030672612,0.131,70244.422
0.16159281,0.028743785,0.131,71125.508
0.15810576,0.02681496,0.131,71818.734
0.15486297,0.024886135,0.131,72303.758
0.15211432,0.02295731,0.131,72601.633
0.14969815,0.021106582,0.131,72807.141
0.14736459,0.019414525,0.131,72976.359
0.14503101,0.017876294,0.131,73114.969
0.14269745,0.0164779,0.131,73215.086
0.14036389,0.015206633,0.131,73273.602
0.13803032,0.014050936,0.131,73289.523
0.13569674,0.013000302,0.131,73268.273
0.25225648,0.080822065,0.131,35707.859
0.2487694,0.078893237,0.131,36588.398
0.24528234,0.076964408,0.131,37527.133
0.24179527,0.075035587,0.131,38524.285
0.23830822,0.073106766,0.131,39579.859
0.23482114,0.071177937,0.131,40692.035
0.23133408,0.069249108,0.131,41859.246
0.22784702,0.067320287,0.131,43080.082
0.22435996,0.065391466,0.131,44354.812
0.22087291,0.063462637,0.131,45683.996
0.21738583,0.061533809,0.131,47068.645
0.21389876,0.059604988,0.131,48506.996
0.21041171,0.057676159,0.131,49996.793
0.20692465,0.055747338,0.131,51535.301
0.20343757,0.053818509,0.131,53120.953
0.19995052,0.051889684,0.131,54749.137
0.19646345,0.049960859,0.131,56414.199
0.1929764,0.048032038,0.131,58109.699
0.18948933,0.046103209,0.131,59827.301
0.18600225,0.044174388,0.131,61550.996
0.18251519,0.042245559,0.131,63258.117
0.17902812,0.040316738,0.131,64923.527
0.17554107,0.03838791,0.131,66510.188
0.17205401,0.036459088,0.131,67976.148
0.16856694,0.03453026,0.131,69273.812
0.16507988,0.032601438,0.131,70370.812
0.16159281,0.030672612,0.131,71257.297
0.15810576,0.028743785,0.131,71952.727
0.15486297,0.02681496,0.131,72436.523
0.15211432,0.024886135,0.131,72730.711
0.14969815,0.02295731,0.131,72929.266
0.14736459,0.021106582,0.131,73091.891
0.14503101,0.019414525,0.131,73229.867
0.14269745,0.017876294,0.131,73332.852
0.14036389,0.0164779,0.131,73394.5
0.13803032,0.015206633,0.131,73411.781
0.13569674,0.014050936,0.131,73388.195
0.13336319,0.013000302,0.131,73331.617
0.25225648,0.082750887,0.131,35737.797
0.2487694,0.080822065,0.131,36607.387
0.24528234,0.078893237,0.131,37535.07
0.24179527,0.076964408,0.131,38522.348
0.23830822,0.075035587,0.131,39569.535
0.23482114,0.073106766,0.131,40675.254
0.23133408,0.071177937,0.131,41837.551
0.22784702,0.069249108,0.131,43055.363
0.22435996,0.067320287,0.131,44328.391
0.22087291,0.065391466,0.131,45657.934
0.21738583,0.063462637,0.131,47044.016
0.21389876,0.061533809,0.131,48485.602
0.21041171,0.059604988,0.131,49979.184
0.20692465,0.057676159,0.131,51523.133
0.20343757,0.055747338,0.131,53115.199
0.19995052,0.053818509,0.131,54751.602
0.19646345,0.051889684,0.131,56425.895
0.1929764,0.049960859,0.131,58132.367
0.18948933,0.048032038,0.131,59861.855
0.18600225,0.046103209,0.131,61598.945
0.18251519,0.044174388,0.131,63320.344
0.17902812,0.042245559,0.131,65000.461
0.17554107,0.040316738,0.131,66601.977
0.17205401,0.03838791,0.131,68081.445
0.16856694,0.036459088,0.131,69390.68
0.16507988,0.03453026,0.131,70496.07
0.16159281,0.032601438,0.131,71387.508
0.15810576,0.030672612,0.131,72085.094
0.15486297,0.028743785,0.131,72568.328
0.15211432,0.02681496,0.131,72859.039
0.14969815,0.024886135,0.131,73054.891
0.14736459,0.02295731,0.131,73214.578
0.14503101,0.021106582,0.131,73351.078
0.14269745,0.019414525,0.131,73457.164
0.14036389,0.017876294,0.131,73523.227
0.13803032,0.0164779,0.131,73543.641
0.13569674,0.015206633,0.131,73519.602
0.13336319,0.014050936,0.131,73458.141
0.13102962,0.013000302,0.131,73369.008
0.25225648,0.084679708,0.131,35777.715
0.2487694,0.082750887,0.131,36636.414
0.24528234,0.080822065,0.131,37552.918
0.24179527,0.078893237,0.131,38529.445
0.23830822,0.076964408,0.131,39567.496
0.23482114,0.075035587,0.131,40665.758
0.23133408,0.073106766,0.131,41822.547
0.22784702,0.071177937,0.131,43036.297
0.22435996,0.069249108,0.131,44307.164
0.22087291,0.067320287,0.131,45635.852
0.21738583,0.065391466,0.131,47023.148
0.21389876,0.063462637,0.131,48466.859
0.21041171,0.061533809,0.131,49964.316
0.20692465,0.059604988,0.131,51512.594
0.20343757,0.057676159,0.131,53110.742
0.19995052,0.055747338,0.131,54754.285
0.19646345,0.053818509,0.131,56437.52
0.1929764,0.051889684,0.131,58154.008
0.18948933,0.049960859,0.131,59895.383
0.18600225,0.048032038,0.131,61645.125
0.18251519,0.046103209,0.131,63380.633
0.17902812,0.044174388,0.131,65075.637
0.17554107,0.042245559,0.131,66692.094
0.17205401,0.040316738,0.131,68185.93
0.16856694,0.03838791,0.131,69506.883
0.16507988,0.036459088,0.131,70620.789
0.16159281,0.03453026,0.131,71516.773
0.15810576,0.032601438,0.131,72216.266
0.15486297,0.030672612,0.131,72699.383
0.15211432,0.028743785,0.131,72987.047
0.14969815,0.02681496,0.131,73179.5
0.14736459,0.024886135,0.131,73339.414
0.14503101,0.02295731,0.131,73478.375
0.14269745,0.021106582,0.131,73587.789
0.14036389,0.019414525,0.131,73659.312
0.13803032,0.017876294,0.131,73684.742
0.13569674,0.0164779,0.131,73662.219
0.13336319,0.015206633,0.131,73597.516
0.13102962,0.014050936,0.131,73500.719
0.12869605,0.013000302,0.131,73382.344
0.25225648,0.086608537,0.131,35826.883
0.2487694,0.084679708,0.131,36675.387
0.24528234,0.082750887,0.131,37580.406
0.24179527,0.080822065,0.131,38545.812
0.23830822,0.078893237,0.131,39573.652
0.23482114,0.076964408,0.131,40663.66
0.23133408,0.075035587,0.131,41813.934
0.22784702,0.073106766,0.131,43023.055
0.22435996,0.071177937,0.131,44290.676
0.22087291,0.069249108,0.131,45618.074
0.21738583,0.067320287,0.131,47005.34
0.21389876,0.065391466,0.131,48451.07
0.21041171,0.063462637,0.131,49951.297
0.20692465,0.061533809,0.131,51504.078
0.20343757,0.059604988,0.131,53107.094
0.19995052,0.057676159,0.131,54757.445
0.19646345,0.055747338,0.131,56448.539
0.1929764,0.053818509,0.131,58174.852
0.18948933,0.051889684,0.131,59927.211
0.18600225,0.049960859,0.131,61689.797
0.18251519,0.048032038,0.131,63438.801
0.17902812,0.046103209,0.131,65148.75
0.17554107,0.044174388,0.131,66780.633
0.17205401,0.042245559,0.131,68289.062
0.16856694,0.040316738,0.131,69622.711
0.16507988,0.03838791,0.131,70745.102
0.16159281,0.036459088,0.131,71645.602
0.15810576,0.03453026,0.131,72346.555
0.15486297,0.032601438,0.131,72829.602
0.15211432,0.030672612,0.131,73114.711
0.14969815,0.028743785,0.131,73303.648
0.14736459,0.02681496,0.131,73461.969
0.14503101,0.024886135,0.131,73605.977
0.14269745,0.02295731,0.131,73723.727
0.14036389,0.021106582,0.131,73802.094
0.13803032,0.019414525,0.131,73834.414
0.13569674,0.017876294,0.131,73815.766
0.13336319,0.0164779,0.131,73749.781
0.13102962,0.015206633,0.131,73646.492
0.12869605,0.014050936,0.131,73517.883
0.12636247,0.013000302,0.131,73373.078
0.25225648,0.088537365,0.131,35884.805
0.2487694,0.086608537,0.131,36723.715
0.24528234,0.084679708,0.131,37617.586
0.24179527,0.082750887,0.131,38571.234
0.23830822,0.080822065,0.131,39588.297
0.23482114,0.078893237,0.131,40668.848
0.23133408,0.076964408,0.131,41811.824
0.22784702,0.075035587,0.131,43015.324
0.22435996,0.073106766,0.131,44279.164
0.22087291,0.071177937,0.131,45604.141
0.21738583,0.069249108,0.131,46991.004
0.21389876,0.067320287,0.131,48437.512
0.21041171,0.065391466,0.131,49940.508
0.20692465,0.063462637,0.131,51496.652
0.20343757,0.061533809,0.131,53104.793
0.19995052,0.059604988,0.131,54760.625
0.19646345,0.057676159,0.131,56459.301
0.1929764,0.055747338,0.131,58194.359
0.18948933,0.053818509,0.131,59957.621
0.18600225,0.051889684,0.131,61732.23
0.18251519,0.049960859,0.131,63495.133
0.17902812,0.048032038,0.131,65219.523
0.17554107,0.046103209,0.131,66867.109
0.17205401,0.044174388,0.131,68390.867
0.16856694,0.042245559,0.131,69737.477
0.16507988,0.040316738,0.131,70869.312
0.16159281,0.03838791,0.131,71774.016
0.15810576,0.036459088,0.131,72476.203
0.15486297,0.03453026,0.131,72958.828
0.15211432,0.032601438,0.131,73241.664
0.14969815,0.030672612,0.131,73427.336
0.14736459,0.028743785,0.131,73583.062
0.14503101,0.02681496,0.131,73729.18
0.14269745,0.024886135,0.131,73858.117
0.14036389,0.02295731,0.131,73950.039
0.13803032,0.021106582,0.131,73991.672
0.13569674,0.019414525,0.131,73979.57
0.13336319,0.017876294,0.131,73914.836
0.13102962,0.0164779,0.131,73806.672
0.12869605,0.015206633,0.131,73668.445
0.12636247,0.014050936,0.131,73511.383
0.12402891,0.013000302,0.131,73342.273
0.25225648,0.090466186,0.131,35950.461
0.2487694,0.088537365,0.131,36781.066
0.24528234,0.086608537,0.131,37663.996
0.24179527,0.084679708,0.131,38605.891
0.23830822,0.082750887,0.131,39611.246
0.23482114,0.080822065,0.131,40681.652
0.23133408,0.078893237,0.131,41816.082
0.22784702,0.076964408,0.131,43013.25
0.22435996,0.075035587,0.131,44272.312
0.22087291,0.073106766,0.131,45594.363
0.21738583,0.071177937,0.131,46979.66
0.21389876,0.069249108,0.131,48426.648
0.21041171,0.067320287,0.131,49931.164
0.20692465,0.065391466,0.131,51490.785
0.20343757,0.063462637,0.131,53102.832
0.19995052,0.061533809,0.131,54764.484
0.19646345,0.059604988,0.131,56469.332
0.1929764,0.057676159,0.131,58212.922
0.18948933,0.055747338,0.131,59986.008
0.18600225,0.053818509,0.131,61772.711
0.18251519,0.051889684,0.131,63548.77
0.17902812,0.049960859,0.131,65288.18
0.17554107,0.048032038,0.131,66951.07
0.17205401,0.046103209,0.131,68490.641
0.16856694,0.044174388,0.131,69851.133
0.16507988,0.042245559,0.131,70992.555
0.16159281,0.040316738,0.131,71902.305
0.15810576,0.03838791,0.131,72605.039
0.15486297,0.036459088,0.131,73086.984
0.15211432,0.03453026,0.131,73367.453
0.14969815,0.032601438,0.131,73550.125
0.14736459,0.030672612,0.131,73702.945
0.14503101,0.028743785,0.131,73849.055
0.14269745,0.02681496,0.131,73985.523
0.14036389,0.024886135,0.131,74094.953
0.13803032,0.02295731,0.131,74154.203
0.13569674,0.021106582,0.131,74152.367
0.13336319,0.019414525,0.131,74092.148
0.13102962,0.017876294,0.131,73981.461
0.12869605,0.0164779,0.131,73834.625
0.12636247,0.015206633,0.131,73665.352
0.12402891,0.014050936,0.131,73482.594
0.12169535,0.013000302,0.131,73290.289
0.25225648,0.092395008,0.131,36023.125
0.2487694,0.090466186,0.131,36846.551
0.24528234,0.088537365,0.131,37719.492
0.24179527,0.086608537,0.131,38649.445
0.23830822,0.084679708,0.131,39642.816
0.23482114,0.082750887,0.131,40701.906
0.23133408,0.080822065,0.131,41827.055
0.22784702,0.078893237,0.131,43016.652
0.22435996,0.076964408,0.131,44270.309
0.22087291,0.075035587,0.131,45588.406
0.21738583,0.073106766,0.131,46971.668
0.21389876,0.071177937,0.131,48417.941
0.21041171,0.069249108,0.131,49923.77
0.20692465,0.067320287,0.131,51485.59
0.20343757,0.065391466,0.131,53101.766
0.19995052,0.063462637,0.131,54767.926
0.19646345,0.061533809,0.131,56479.387
0.1929764,0.059604988,0.131,58229.996
0.18948933,0.057676159,0.131,60012.754
0.18600225,0.055747338,0.131,61810.496
0.18251519,0.053818509,0.131,63599.949
0.17902812,0.051889684,0.131,65353.66
0.17554107,0.049960859,0.131,67032.586
0.17205401,0.048032038,0.131,68587.719
0.16856694,0.046103209,0.131,69962.75
0.16507988,0.044174388,0.131,71114.805
0.16159281,0.042245559,0.131,72029.5
0.15810576,0.040316738,0.131,72733.32
0.15486297,0.03838791,0.131,73213.672
0.15211432,0.036459088,0.131,73491.742
0.14969815,0.03453026,0.131,73671.469
0.14736459,0.032601438,0.131,73821.336
0.14503101,0.030672612,0.131,73966.188
0.14269745,0.028743785,0.131,74107.117
0.14036389,0.02681496,0.131,74230.352
0.13803032,0.024886135,0.131,74312.602
0.13569674,0.02295731,0.131,74331.414
0.13336319,0.021106582,0.131,74280.484
0.13102962,0.019414525,0.131,74170.68
0.12869605,0.017876294,0.131,74017.062
0.12636247,0.0164779,0.131,73835.883
0.12402891,0.015206633,0.131,73638.992
0.12169535,0.014050936,0.131,73432.211
0.11936179,0.013000302,0.131,73217.07
0.25225648,0.094323844,0.131,36101.672
0.2487694,0.092395008,0.131,36919.555
0.24528234,0.090466186,0.131,37783.344
0.24179527,0.088537365,0.131,38701.957
0.23830822,0.086608537,0.131,39682.77
0.23482114,0.084679708,0.131,40730.023
0.23133408,0.082750887,0.131,41844.559
0.22784702,0.080822065,0.131,43025.902
0.22435996,0.078893237,0.131,44272.941
0.22087291,0.076964408,0.131,45586.504
0.21738583,0.075035587,0.131,46966.641
0.21389876,0.073106766,0.131,48411.777
0.21041171,0.071177937,0.131,49917.707
0.20692465,0.069249108,0.131,51481.621
0.20343757,0.067320287,0.131,53100.617
0.19995052,0.065391466,0.131,54771.574
0.19646345,0.063462637,0.131,56488.238
0.1929764,0.061533809,0.131,58246.426
0.18948933,0.059604988,0.131,60037.227
0.18600225,0.057676159,0.131,61845.953
0.18251519,0.055747338,0.131,63647.762
0.17902812,0.053818509,0.131,65416.137
0.17554107,0.051889684,0.131,67110.398
0.17205401,0.049960859,0.131,68681.953
0.16856694,0.048032038,0.131,70071.508
0.16507988,0.046103209,0.131,71234.961
0.16159281,0.044174388,0.131,72155.648
0.15810576,0.042245559,0.131,72860.031
0.15486297,0.040316738,0.131,73339.133
0.15211432,0.03838791,0.131,73613.953
0.14969815,0.036459088,0.131,73790.93
0.14736459,0.03453026,0.131,73937.781
0.14503101,0.032601438,0.131,74080.688
0.14269745,0.030672612,0.131,74223.742
0.14036389,0.028743785,0.131,74357.242
0.13803032,0.02681496,0.131,74459.453
0.13569674,0.024886135,0.131,74505.984
0.13336319,0.02295731,0.131,74476.852
0.13102962,0.021106582,0.131,74373.43
0.12869605,0.019414525,0.131,74216.023
0.12636247,0.017876294,0.131,74023.953
0.12402891,0.0164779,0.131,73812.562
0.12169535,0.015206633,0.131,73590.469
0.11936179,0.014050936,0.131,73360.578
0.11702822,0.013000302,0.131,73122.07
0.25225648,0.096252665,0.131,36185.148
0.2487694,0.094323844,0.131,36998.98
0.24528234,0.092395008,0.131,37855.133
0.24179527,0.090466186,0.131,38762.871
0.23830822,0.088537365,0.131,39731.367
0.23482114,0.086608537,0.131,40765.844
0.23133408,0.084679708,0.131,41869.055
0.22784702,0.082750887,0.131,43040.742
0.22435996,0.080822065,0.131,44280.582
0.22087291,0.078893237,0.131,45588.398
0.21738583,0.076964408,0.131,46964.855
0.21389876,0.075035587,0.131,48407.707
0.21041171,0.073106766,0.131,49913.375
0.20692465,0.071177937,0.131,51478.164
0.20343757,0.069249108,0.131,53099.977
0.19995052,0.067320287,0.131,54774.344
0.19646345,0.065391466,0.131,56496.574
0.1929764,0.063462637,0.131,58260.812
0.18948933,0.061533809,0.131,60060.348
0.18600225,0.059604988,0.131,61878.316
0.18251519,0.057676159,0.131,63692.527
0.17902812,0.055747338,0.131,65474.508
0.17554107,0.053818509,0.131,67184.555
0.17205401,0.051889684,0.131,68771.93
0.16856694,0.049960859,0.131,70177.102
0.16507988,0.048032038,0.131,71352.148
0.16159281,0.046103209,0.131,72279.594
0.15810576,0.044174388,0.131,72985.367
0.15486297,0.042245559,0.131,73462.281
0.15211432,0.040316738,0.131,73734.297
0.14969815,0.03838791,0.131,73907.805
0.14736459,0.036459088,0.131,74051.883
0.14503101,0.03453026,0.131,74192.375
0.14269745,0.032601438,0.131,74335.938
0.14036389,0.030672612,0.131,74476.531
0.13803032,0.028743785,0.131,74595.344
0.13569674,0.02681496,0.131,74667.188
0.13336319,0.024886135,0.131,74669.172
0.13102962,0.02295731,0.131,74586.688
0.12869605,0.021106582,0.131,74431.141
0.12636247,0.019414525,0.131,74230.391
0.12402891,0.017876294,0.131,74004.648
0.12169535,0.0164779,0.131,73766.305
0.11936179,0.015206633,0.131,73520.562
0.11702822,0.014050936,0.131,73267.328
0.11469465,0.013000302,0.131,73004.422
0.25225648,0.098181486,0.131,36272.5
0.2487694,0.096252665,0.131,37083.895
0.24528234,0.094323844,0.131,37933.887
0.24179527,0.092395008,0.131,38831.988
0.23830822,0.090466186,0.131,39788.211
0.23482114,0.088537365,0.131,40809.793
0.23133408,0.086608537,0.131,41900.41
0.22784702,0.084679708,0.131,43061.645
0.22435996,0.082750887,0.131,44292.891
0.22087291,0.080822065,0.131,45594.496
0.21738583,0.078893237,0.131,46966.004
0.21389876,0.076964408,0.131,48406.031
0.21041171,0.075035587,0.131,49910.25
0.20692465,0.073106766,0.131,51475.625
0.20343757,0.071177937,0.131,53099.031
0.19995052,0.069249108,0.131,54776.883
0.19646345,0.067320287,0.131,56503.191
0.1929764,0.065391466,0.131,58273.922
0.18948933,0.063462637,0.131,60080.539
0.18600225,0.061533809,0.131,61908.594
0.18251519,0.059604988,0.131,63733.348
0.17902812,0.057676159,0.131,65529.051
0.17554107,0.055747338,0.131,67253.828
0.17205401,0.053818509,0.131,68857.547
0.16856694,0.051889684,0.131,70277.938
0.16507988,0.049960859,0.131,71465.961
0.16159281,0.048032038,0.131,72400.477
0.15810576,0.046103209,0.131,73108.156
0.15486297,0.044174388,0.131,73583.523
0.15211432,0.042245559,0.131,73851.594
0.14969815,0.040316738,0.131,74022.281
0.14736459,0.03838791,0.131,74162.898
0.14503101,0.036459088,0.131,74301.055
0.14269745,0.03453026,0.131,74443.938
0.14036389,0.032601438,0.131,74589.062
0.13803032,0.030672612,0.131,74721.023
0.13569674,0.028743785,0.131,74815.391
0.13336319,0.02681496,0.131,74847.242
0.13102962,0.024886135,0.131,74797.359
0.12869605,0.02295731,0.131,74659.734
0.12636247,0.021106582,0.131,74455.445
0.12402891,0.019414525,0.131,74216.547
0.12169535,0.017876294,0.131,73961.281
0.11936179,0.0164779,0.131,73698.312
0.11702822,0.015206633,0.131,73429.18
0.11469465,0.014050936,0.131,73151.609
0.11236109,0.013000302,0.131,72863.266
0.25225648,0.10011031,0.131,36362.871
0.2487694,0.098181486,0.131,37173.168
0.24528234,0.096252665,0.131,38018.75
0.24179527,0.094323844,0.131,38908.5
0.23830822,0.092395008,0.131,39853.34
0.23482114,0.090466186,0.131,40861.617
0.23133408,0.088537365,0.131,41939.184
0.22784702,0.086608537,0.131,43088.434
0.22435996,0.084679708,0.131,44310.336
0.22087291,0.082750887,0.131,45604.367
0.21738583,0.080822065,0.131,46970.539
0.21389876,0.078893237,0.131,48406.398
0.21041171,0.076964408,0.131,49908.664
0.20692465,0.075035587,0.131,51473.41
0.20343757,0.073106766,0.131,53098.215
0.19995052,0.071177937,0.131,54778.305
0.19646345,0.069249108,0.131,56508.82
0.1929764,0.067320287,0.131,58284.43
0.18948933,0.065391466,0.131,60098.656
0.18600225,0.063462637,0.131,61935.031
0.18251519,0.061533809,0.131,63771.312
0.17902812,0.059604988,0.131,65578.742
0.17554107,0.057676159,0.131,67318.422
0.17205401,0.055747338,0.131,68937.43
0.16856694,0.053818509,0.131,70373.789
0.16507988,0.051889684,0.131,71574.664
0.16159281,0.049960859,0.131,72517.859
0.15810576,0.048032038,0.131,73227.703
0.15486297,0.046103209,0.131,73701.695
0.15211432,0.044174388,0.131,73966.438
0.14969815,0.042245559,0.131,74133.156
0.14736459,0.040316738,0.131,74271.062
0.14503101,0.03838791,0.131,74406.062
0.14269745,0.036459088,0.131,74547.898
0.14036389,0.03453026,0.131,74695.453
0.13803032,0.032601438,0.131,74837.359
0.13569674,0.030672612,0.131,74951.219
0.13336319,0.028743785,0.131,75010.891
0.13102962,0.02681496,0.131,74993.898
0.12869605,0.024886135,0.131,74888.078
0.12636247,0.02295731,0.131,74697.094
0.12402891,0.021106582,0.131,74449.172
0.12169535,0.019414525,0.131,74177.109
0.11936179,0.017876294,0.131,73895.57
0.11702822,0.0164779,0.131,73608.914
0.11469465,0.015206633,0.131,73315.594
0.11236109,0.014050936,0.131,73012.688
0.11002752,0.013000302,0.131,72699.031
0.25225648,0.10203914,0.131,36455.418
0.2487694,0.10011031,0.131,37265.867
0.24528234,0.098181486,0.131,38108.629
0.24179527,0.096252665,0.131,38991.703
0.23830822,0.094323844,0.131,39926.129
0.23482114,0.092395008,0.131,40921.59
0.23133408,0.090466186,0.131,41985.215
0.22784702,0.088537365,0.131,43121.746
0.22435996,0.086608537,0.131,44332.648
0.22087291,0.084679708,0.131,45618.484
0.21738583,0.082750887,0.131,46977.969
0.21389876,0.080822065,0.131,48409.32
0.21041171,0.078893237,0.131,49908.207
0.20692465,0.076964408,0.131,51471.883
0.20343757,0.075035587,0.131,53096.848
0.19995052,0.073106766,0.131,54779.082
0.19646345,0.071177937,0.131,56512.496
0.1929764,0.069249108,0.131,58293.16
0.18948933,0.067320287,0.131,60113.25
0.18600225,0.065391466,0.131,61958.559
0.18251519,0.063462637,0.131,63804.48
0.17902812,0.061533809,0.131,65624.773
0.17554107,0.059604988,0.131,67377.195
0.17205401,0.057676159,0.131,69011.727
0.16856694,0.055747338,0.131,70463.148
0.16507988,0.053818509,0.131,71677.945
0.16159281,0.051889684,0.131,72630.047
0.15810576,0.049960859,0.131,73343.648
0.15486297,0.048032038,0.131,73816.328
0.15211432,0.046103209,0.131,74077.781
0.14969815,0.044174388,0.131,74241.172
0.14736459,0.042245559,0.131,74375.117
0.14503101,0.040316738,0.131,74507.781
0.14269745,0.03838791,0.131,74647.398
0.14036389,0.036459088,0.131,74796.312
0.13803032,0.03453026,0.131,74945.234
0.13569674,0.032601438,0.131,75075.289
0.13336319,0.030672612,0.131,75160.211
0.13102962,0.028743785,0.131,75175.383
0.12869605,0.02681496,0.131,75103.469
0.12636247,0.024886135,0.131,74941.391
0.12402891,0.02295731,0.131,74701.289
0.12169535,0.021106582,0.131,74415.305
0.11936179,0.019414525,0.131,74114.336
0.11702822,0.017876294,0.131,73808.359
0.11469465,0.0164779,0.131,73497.664
0.11236109,0.015206633,0.131,73179.203
0.11002752,0.014050936,0.131,72851.164
0.10769396,0.013000302,0.131,72512.609
0.25225648,0.10396796,0.131,36549.516
0.2487694,0.10203914,0.131,37360.996
0.24528234,0.10011031,0.131,38202.551
0.24179527,0.098181486,0.131,39080.59
0.23830822,0.096252665,0.131,40006.066
0.23482114,0.094323844,0.131,40989.273
0.23133408,0.092395008,0.131,42039.012
0.22784702,0.090466186,0.131,43161.461
0.22435996,0.088537365,0.131,44360.48
0.22087291,0.086608537,0.131,45636.48
0.21738583,0.084679708,0.131,46988.801
0.21389876,0.082750887,0.131,48414.246
0.21041171,0.080822065,0.131,49909.473
0.20692465,0.078893237,0.131,51470.574
0.20343757,0.076964408,0.131,53095.332
0.19995052,0.075035587,0.131,54778.465
0.19646345,0.073106766,0.131,56514.773
0.1929764,0.071177937,0.131,58299.078
0.18948933,0.069249108,0.131,60125.238
0.18600225,0.067320287,0.131,61977.594
0.18251519,0.065391466,0.131,63833.859
0.17902812,0.063462637,0.131,65665.0
0.17554107,0.061533809,0.131,67431.414
0.17205401,0.059604988,0.131,69079.172
0.16856694,0.057676159,0.131,70546.023
0.16507988,0.055747338,0.131,71774.195
0.16159281,0.053818509,0.131,72736.711
0.15810576,0.051889684,0.131,73454.445
0.15486297,0.049960859,0.131,73927.07
0.15211432,0.048032038,0.131,74185.367
0.14969815,0.046103209,0.131,74345.312
0.14736459,0.044174388,0.131,74475.977
0.14503101,0.042245559,0.131,74604.898
0.14269745,0.040316738,0.131,74743.062
0.14036389,0.03838791,0.131,74891.578
0.13803032,0.036459088,0.131,75045.617
0.13569674,0.03453026,0.131,75188.477
0.13336319,0.032601438,0.131,75295.852
0.13102962,0.030672612,0.131,75341.484
0.12869605,0.028743785,0.131,75304.281
0.12636247,0.02681496,0.131,75174.859
0.12402891,0.024886135,0.131,74959.164
0.12169535,0.02295731,0.131,74675.484
0.11936179,0.021106582,0.131,74356.633
0.11702822,0.019414525,0.131,74029.695
0.11469465,0.017876294,0.131,73699.656
0.11236109,0.0164779,0.131,73364.156
0.11002752,0.015206633,0.131,73020.719
0.10769396,0.014050936,0.131,72668.023
0.10536039,0.013000302,0.131,72305.195
0.25225648,0.10589679,0.131,36644.602
0.2487694,0.10396796,0.131,37457.812
0.24528234,0.10203914,0.131,38299.441
0.24179527,0.10011031,0.131,39174.23
0.23830822,0.098181486,0.131,40092.273
0.23482114,0.096252665,0.131,41064.391
0.23133408,0.094323844,0.131,42100.312
0.22784702,0.092395008,0.131,43208.277
0.22435996,0.090466186,0.131,44393.691
0.22087291,0.088537365,0.131,45659.004
0.21738583,0.086608537,0.131,47002.586
0.21389876,0.084679708,0.131,48421.762
0.21041171,0.082750887,0.131,49911.855
0.20692465,0.080822065,0.131,51470.16
0.20343757,0.078893237,0.131,53093.152
0.19995052,0.076964408,0.131,54776.926
0.19646345,0.075035587,0.131,56514.828
0.1929764,0.073106766,0.131,58302.828
0.18948933,0.071177937,0.131,60133.516
0.18600225,0.069249108,0.131,61993.148
0.18251519,0.067320287,0.131,63857.73
0.17902812,0.065391466,0.131,65700.5
0.17554107,0.063462637,0.131,67478.734
0.17205401,0.061533809,0.131,69141.102
0.16856694,0.059604988,0.131,70621.078
0.16507988,0.057676159,0.131,71863.305
0.16159281,0.055747338,0.131,72836.258
0.15810576,0.053818509,0.131,73559.867
0.15486297,0.051889684,0.131,74032.641
0.15211432,0.049960859,0.131,74288.961
0.14969815,0.048032038,0.131,74445.539
0.14736459,0.046103209,0.131,74572.617
0.14503101,0.044174388,0.131,74698.531
0.14269745,0.042245559,0.131,74833.609
0.14036389,0.040316738,0.131,74982.25
0.13803032,0.03838791,0.131,75138.852
0.13569674,0.036459088,0.131,75291.953
0.13336319,0.03453026,0.131,75418.492
0.13102962,0.032601438,0.131,75492.219
0.12869605,0.030672612,0.131,75489.469
0.12636247,0.028743785,0.131,75395.312
0.12402891,0.02681496,0.131,75209.016
0.12169535,0.024886135,0.131,74944.359
0.11936179,0.02295731,0.131,74622.828
0.11702822,0.021106582,0.131,74275.344
0.11469465,0.019414525,0.131,73923.836
0.11236109,0.017876294,0.131,73569.344
0.11002752,0.0164779,0.131,73209.164
0.10769396,0.015206633,0.131,72841.414
0.10536039,0.014050936,0.131,72464.992
0.10302682,0.013000302,0.131,72079.695
0.25225648,0.10782561,0.131,36740.234
0.2487694,0.10589679,0.131,37555.602
0.24528234,0.10396796,0.131,38398.418
0.24179527,0.10203914,0.131,39271.508
0.23830822,0.10011031,0.131,40183.93
0.23482114,0.098181486,0.131,41146.25
0.23133408,0.096252665,0.131,42169.117
0.22784702,0.094323844,0.131,43262.109
0.22435996,0.092395008,0.131,44433.098
0.22087291,0.090466186,0.131,45685.824
0.21738583,0.088537365,0.131,47019.984
0.21389876,0.086608537,0.131,48431.352
0.21041171,0.084679708,0.131,49916.031
0.20692465,0.082750887,0.131,51469.988
0.20343757,0.080822065,0.131,53091.059
0.19995052,0.078893237,0.131,54773.871
0.19646345,0.076964408,0.131,56513.223
0.1929764,0.075035587,0.131,58303.52
0.18948933,0.073106766,0.131,60138.809
0.18600225,0.071177937,0.131,62004.023
0.18251519,0.069249108,0.131,63877.172
0.17902812,0.067320287,0.131,65729.406
0.17554107,0.065391466,0.131,67520.312
0.17205401,0.063462637,0.131,69195.0
0.16856694,0.061533809,0.131,70689.68
0.16507988,0.059604988,0.131,71943.883
0.16159281,0.057676159,0.131,72928.492
0.15810576,0.055747338,0.131,73658.289
0.15486297,0.053818509,0.131,74132.805
0.15211432,0.051889684,0.131,74387.492
0.14969815,0.049960859,0.131,74541.766
0.14736459,0.048032038,0.131,74665.234
0.14503101,0.046103209,0.131,74787.633
0.14269745,0.044174388,0.131,74920.375
0.14036389,0.042245559,0.131,75067.164
0.13803032,0.040316738,0.131,75226.398
0.13569674,0.03838791,0.131,75386.336
0.13336319,0.036459088,0.131,75529.25
0.13102962,0.03453026,0.131,75628.188
0.12869605,0.032601438,0.131,75658.555
0.12636247,0.030672612,0.131,75601.0
0.12402891,0.028743785,0.131,75448.32
0.12169535,0.02681496,0.131,75208.289
0.11936179,0.024886135,0.131,74900.266
0.11702822,0.02295731,0.131,74546.234
0.11469465,0.021106582,0.131,74172.82
0.11236109,0.019414525,0.131,73797.078
0.11002752,0.017876294,0.131,73418.367
0.10769396,0.0164779,0.131,73034.234
0.10536039,0.015206633,0.131,72643.422
0.10302682,0.014050936,0.131,72245.727
0.10069326,0.013000302,0.131,71842.219
0.25225648,0.10975444,0.131,36836.062
0.2487694,0.10782561,0.131,37653.797
0.24528234,0.10589679,0.131,38498.629
0.24179527,0.10396796,0.131,39371.488
0.23830822,0.10203914,0.131,40279.953
0.23482114,0.10011031,0.131,41234.195
0.23133408,0.098181486,0.131,42244.977
0.22784702,0.096252665,0.131,43323.234
0.22435996,0.094323844,0.131,44478.727
0.22087291,0.092395008,0.131,45717.809
0.21738583,0.090466186,0.131,47040.648
0.21389876,0.088537365,0.131,48443.73
0.21041171,0.086608537,0.131,49921.438
0.20692465,0.084679708,0.131,51470.828
0.20343757,0.082750887,0.131,53088.344
0.19995052,0.080822065,0.131,54770.141
0.19646345,0.078893237,0.131,56509.281
0.1929764,0.076964408,0.131,58301.812
0.18948933,0.075035587,0.131,60140.141
0.18600225,0.073106766,0.131,62011.004
0.18251519,0.071177937,0.131,63890.879
0.17902812,0.069249108,0.131,65752.883
0.17554107,0.067320287,0.131,67554.156
0.17205401,0.065391466,0.131,69242.094
0.16856694,0.063462637,0.131,70749.211
0.16507988,0.061533809,0.131,72017.336
0.16159281,0.059604988,0.131,73011.898
0.15810576,0.057676159,0.131,73749.578
0.15486297,0.055747338,0.131,74226.305
0.15211432,0.053818509,0.131,74480.906
0.14969815,0.051889684,0.131,74633.094
0.14736459,0.049960859,0.131,74753.773
0.14503101,0.048032038,0.131,74872.602
0.14269745,0.046103209,0.131,75002.305
0.14036389,0.044174388,0.131,75147.953
0.13803032,0.042245559,0.131,75307.305
0.13569674,0.040316738,0.131,75473.539
0.13336319,0.03838791,0.131,75628.789
0.13102962,0.036459088,0.131,75750.594
0.12869605,0.03453026,0.131,75811.75
0.12636247,0.032601438,0.131,75790.836
0.12402891,0.030672612,0.131,75674.805
0.12169535,0.028743785,0.131,75464.766
0.11936179,0.02681496,0.131,75175.711
0.11702822,0.024886135,0.131,74830.328
0.11469465,0.02295731,0.131,74447.977
0.11236109,0.021106582,0.131,74050.086
0.11002752,0.019414525,0.131,73650.672
0.10769396,0.017876294,0.131,73248.539
0.10536039,0.0164779,0.131,72842.062
0.10302682,0.015206633,0.131,72431.219
0.10069326,0.014050936,0.131,72017.297
0.098359689,0.013000302,0.131,71601.039
0.25225648,0.11168326,0.131,36931.789
0.2487694,0.10975444,0.131,37751.949
0.24528234,0.10782561,0.131,38599.352
0.24179527,0.10589679,0.131,39473.199
0.23830822,0.10396796,0.131,40379.398
0.23482114,0.10203914,0.131,41327.266
0.23133408,0.10011031,0.131,42327.488
0.22784702,0.098181486,0.131,43391.477
0.22435996,0.096252665,0.131,44531.078
0.22087291,0.094323844,0.131,45754.973
0.21738583,0.092395008,0.131,47065.453
0.21389876,0.090466186,0.131,48458.445
0.21041171,0.088537365,0.131,49928.875
0.20692465,0.086608537,0.131,51472.094
0.20343757,0.084679708,0.131,53085.895
0.19995052,0.082750887,0.131,54764.945
0.19646345,0.080822065,0.131,56503.938
0.1929764,0.078893237,0.131,58296.938
0.18948933,0.076964408,0.131,60138.293
0.18600225,0.075035587,0.131,62013.031
0.18251519,0.073106766,0.131,63899.691
0.17902812,0.071177937,0.131,65769.5
0.17554107,0.069249108,0.131,67581.508
0.17205401,0.067320287,0.131,69280.297
0.16856694,0.065391466,0.131,70800.953
0.16507988,0.063462637,0.131,72080.938
0.16159281,0.061533809,0.131,73087.891
0.15810576,0.059604988,0.131,73832.102
0.15486297,0.057676159,0.131,74313.0
0.15211432,0.055747338,0.131,74568.094
0.14969815,0.053818509,0.131,74719.609
0.14736459,0.051889684,0.131,74837.617
0.14503101,0.049960859,0.131,74953.438
0.14269745,0.048032038,0.131,75080.008
0.14036389,0.046103209,0.131,75223.57
0.13803032,0.044174388,0.131,75383.617
0.13569674,0.042245559,0.131,75552.898
0.13336319,0.040316738,0.131,75719.398
0.13102962,0.03838791,0.131,75859.867
0.12869605,0.036459088,0.131,75949.82
0.12636247,0.03453026,0.131,75964.391
0.12402891,0.032601438,0.131,75886.703
0.12169535,0.030672612,0.131,75711.234
0.11936179,0.028743785,0.131,75446.977
0.11702822,0.02681496,0.131,75114.93
0.11469465,0.024886135,0.131,74737.648
0.11236109,0.02295731,0.131,74329.945
0.11002752,0.021106582,0.131,73908.906
0.10769396,0.019414525,0.131,73486.773
0.10536039,0.017876294,0.131,73063.008
0.10302682,0.0164779,0.131,72637.875
0.10069326,0.015206633,0.131,72212.883
0.098359689,0.014050936,0.131,71789.102
0.096026123,0.013000302,0.131,71363.336
0.25225648,0.11361209,0.131,37027.191
0.2487694,0.11168326,0.131,37849.703
0.24528234,0.10975444,0.131,38700.008
0.24179527,0.10782561,0.131,39575.797
0.23830822,0.10589679,0.131,40481.242
0.23482114,0.10396796,0.131,41424.559
0.23133408,0.10203914,0.131,42415.859
0.22784702,0.10011031,0.131,43466.754
0.22435996,0.098181486,0.131,44590.242
0.22087291,0.096252665,0.131,45797.953
0.21738583,0.094323844,0.131,47094.32
0.21389876,0.092395008,0.131,48476.395
0.21041171,0.090466186,0.131,49937.805
0.20692465,0.088537365,0.131,51474.668
0.20343757,0.086608537,0.131,53083.074
0.19995052,0.084679708,0.131,54759.273
0.19646345,0.082750887,0.131,56496.289
0.1929764,0.080822065,0.131,58289.926
0.18948933,0.078893237,0.131,60132.379
0.18600225,0.076964408,0.131,62010.977
0.18251519,0.075035587,0.131,63902.426
0.17902812,0.073106766,0.131,65780.148
0.17554107,0.071177937,0.131,67600.852
0.17205401,0.069249108,0.131,69310.945
0.16856694,0.067320287,0.131,70842.773
0.16507988,0.065391466,0.131,72136.031
0.16159281,0.063462637,0.131,73153.539
0.15810576,0.061533809,0.131,73907.594
0.15486297,0.059604988,0.131,74391.531
0.15211432,0.057676159,0.131,74648.922
0.14969815,0.055747338,0.131,74800.328
0.14736459,0.053818509,0.131,74916.883
0.14503101,0.051889684,0.131,75029.75
0.14269745,0.049960859,0.131,75153.484
0.14036389,0.048032038,0.131,75294.898
0.13803032,0.046103209,0.131,75454.359
0.13569674,0.044174388,0.131,75626.953
0.13336319,0.042245559,0.131,75800.602
0.13102962,0.040316738,0.131,75958.414
0.12869605,0.03838791,0.131,76073.398
0.12636247,0.036459088,0.131,76122.086
0.12402891,0.03453026,0.131,76082.859
0.12169535,0.032601438,0.131,75945.32
0.11936179,0.030672612,0.131,75711.539
0.11702822,0.028743785,0.131,75398.367
0.11469465,0.02681496,0.131,75029.672
0.11236109,0.024886135,0.131,74625.172
0.11002752,0.02295731,0.131,74194.766
0.10769396,0.021106582,0.131,73751.891
0.10536039,0.019414527,0.131,73308.953
0.10302682,0.017876294,0.131,72867.922
0.10069326,0.0164779,0.131,72430.773
0.098359689,0.015206633,0.131,71998.891
0.096026123,0.014050936,0.131,71569.461
0.093692563,0.013000302,0.131,71126.906
0.25225648,0.11554092,0.131,37122.078
0.2487694,0.11361209,0.131,37946.809
0.24528234,0.11168326,0.131,38800.121
0.24179527,0.10975444,0.131,39678.566
0.23830822,0.10782561,0.131,40584.539
0.23482114,0.10589679,0.131,41525.039
0.23133408,0.10396796,0.131,42509.324
0.22784702,0.10203914,0.131,43548.543
0.22435996,0.10011031,0.131,44656.488
0.22087291,0.098181486,0.131,45847.023
0.21738583,0.096252665,0.131,47127.918
0.21389876,0.094323844,0.131,48497.355
0.21041171,0.092395008,0.131,49949.176
0.20692465,0.090466186,0.131,51477.953
0.20343757,0.088537365,0.131,53080.879
0.19995052,0.086608537,0.131,54752.414
0.19646345,0.084679708,0.131,56487.41
0.1929764,0.082750887,0.131,58279.742
0.18948933,0.080822065,0.131,60123.535
0.18600225,0.078893237,0.131,62003.84
0.18251519,0.076964408,0.131,63900.07
0.17902812,0.075035587,0.131,65783.531
0.17554107,0.073106766,0.131,67613.148
0.17205401,0.071177937,0.131,69332.516
0.16856694,0.069249108,0.131,70876.102
0.16507988,0.067320287,0.131,72180.422
0.16159281,0.065391466,0.131,73210.281
0.15810576,0.063462637,0.131,73972.859
0.15486297,0.061533809,0.131,74463.391
0.15211432,0.059604988,0.131,74722.156
0.14969815,0.057676159,0.131,74875.227
0.14736459,0.055747338,0.131,74990.914
0.14503101,0.053818509,0.131,75101.719
0.14269745,0.051889684,0.131,75222.578
0.14036389,0.049960859,0.131,75361.891
0.13803032,0.048032038,0.131,75520.695
0.13569674,0.046103209,0.131,75694.852
0.13336319,0.044174388,0.131,75875.461
0.13102962,0.042245559,0.131,76045.773
0.12869605,0.040316738,0.131,76184.656
0.12636247,0.03838791,0.131,76263.914
0.12402891,0.036459088,0.131,76263.039
0.12169535,0.03453026,0.131,76165.148
0.11936179,0.032601438,0.131,75966.75
0.11702822,0.030672612,0.131,75678.516
0.11469465,0.028743785,0.131,75323.055
0.11236109,0.02681496,0.131,74923.945
0.11002752,0.024886135,0.131,74496.703
0.10769396,0.02295731,0.131,74045.711
0.10536039,0.021106582,0.131,73583.0
0.10302682,0.019414527,0.131,73124.172
0.10069326,0.017876294,0.131,72673.297
0.098359689,0.0164779,0.131,72232.234
0.096026123,0.015206633,0.131,71798.445
0.093692563,0.014050936,0.131,71356.195
0.091358989,0.013000302,0.131,70874.047
0.25225648,0.11746974,0.131,37216.289
0.2487694,0.11554092,0.131,38043.086
0.24528234,0.11361209,0.131,38899.367
0.24179527,0.11168326,0.131,39780.902
0.23830822,0.10975444,0.131,40688.469
0.23482114,0.10782561,0.131,41627.695
0.23133408,0.10589679,0.131,42606.875
0.22784702,0.10396796,0.131,43636.285
0.22435996,0.10203914,0.131,44729.613
0.22087291,0.10011031,0.131,45902.742
0.21738583,0.098181486,0.131,47166.551
0.21389876,0.096252665,0.131,48521.965
0.21041171,0.094323844,0.131,49962.633
0.20692465,0.092395008,0.131,51482.961
0.20343757,0.090466186,0.131,53078.629
0.19995052,0.088537365,0.131,54745.48
0.19646345,0.086608537,0.131,56476.504
0.1929764,0.084679708,0.131,58267.566
0.18948933,0.082750887,0.131,60110.605
0.18600225,0.080822065,0.131,61992.895
0.18251519,0.078893237,0.131,63891.492
0.17902812,0.076964408,0.131,65780.75
0.17554107,0.075035587,0.131,67617.0
0.17205401,0.073106766,0.131,69346.047
0.16856694,0.071177937,0.131,70899.398
0.16507988,0.069249108,0.131,72215.625
0.16159281,0.067320287,0.131,73255.773
0.15810576,0.065391466,0.131,74029.414
0.15486297,0.063462637,0.131,74525.633
0.15211432,0.061533809,0.131,74789.344
0.14969815,0.059604988,0.131,74943.203
0.14736459,0.057676159,0.131,75059.531
0.14503101,0.055747338,0.131,75168.922
0.14269745,0.053818509,0.131,75287.508
0.14036389,0.051889684,0.131,75424.617
0.13803032,0.049960859,0.131,75582.578
0.13569674,0.048032038,0.131,75758.094
0.13336319,0.046103209,0.131,75943.227
0.13102962,0.044174388,0.131,76125.367
0.12869605,0.042245559,0.131,76282.945
0.12636247,0.040316738,0.131,76392.18
0.12402891,0.03838791,0.131,76426.617
0.12169535,0.036459088,0.131,76369.656
0.11936179,0.03453026,0.131,76210.109
0.11702822,0.032601438,0.131,75952.781
0.11469465,0.030672612,0.131,75616.273
0.11236109,0.028743785,0.131,75225.969
0.11002752,0.02681496,0.131,74802.93
0.10769396,0.024886135,0.131,74356.422
0.10536039,0.02295731,0.131,73887.18
0.10302682,0.021106582,0.131,73409.977
0.10069326,0.019414527,0.131,72943.352
0.098359689,0.017876294,0.131,72491.43
0.096026123,0.0164779,0.131,72052.0
0.093692563,0.015206633,0.131,71609.32
0.091358989,0.014050936,0.131,71129.984
0.08902543,0.013000302,0.131,70571.242
0.25225648,0.11939856,0.131,37309.688
0.2487694,0.11746974,0.131,38138.395
0.24528234,0.11554092,0.131,38997.512
0.24179527,0.11361209,0.131,39882.375
0.23830822,0.11168326,0.131,40792.309
0.23482114,0.10975444,0.131,41731.609
0.23133408,0.10782561,0.131,42707.469
0.22784702,0.10589679,0.131,43729.113
0.22435996,0.10396796,0.131,44809.418
0.22087291,0.10203914,0.131,45965.246
0.21738583,0.10011031,0.131,47210.965
0.21389876,0.098181486,0.131,48550.449
0.21041171,0.096252665,0.131,49978.758
0.20692465,0.094323844,0.131,51489.211
0.20343757,0.092395008,0.131,53077.426
0.19995052,0.090466186,0.131,54737.703
0.19646345,0.088537365,0.131,56464.789
0.1929764,0.086608537,0.131,58252.477
0.18948933,0.084679708,0.131,60094.863
0.18600225,0.082750887,0.131,61976.836
0.18251519,0.080822065,0.131,63878.105
0.17902812,0.078893237,0.131,65770.547
0.17554107,0.076964408,0.131,67613.664
0.17205401,0.075035587,0.131,69350.078
0.16856694,0.073106766,0.131,70913.758
0.16507988,0.071177937,0.131,72240.102
0.16159281,0.069249108,0.131,73291.648
0.15810576,0.067320287,0.131,74074.703
0.15486297,0.065391466,0.131,74579.445
0.15211432,0.063462637,0.131,74847.57
0.14969815,0.061533809,0.131,75005.773
0.14736459,0.059604988,0.131,75121.883
0.14503101,0.057676159,0.131,75231.164
0.14269745,0.055747338,0.131,75348.094
0.14036389,0.053818509,0.131,75483.312
0.13803032,0.051889684,0.131,75640.297
0.13569674,0.049960859,0.131,75816.617
0.13336319,0.048032038,0.131,76005.797
0.13102962,0.046103209,0.131,76196.492
0.12869605,0.044174388,0.131,76371.82
0.12636247,0.042245559,0.131,76505.906
0.12402891,0.040316738,0.131,76575.539
0.12169535,0.03838791,0.131,76557.477
0.11936179,0.036459088,0.131,76439.789
0.11702822,0.03453026,0.131,76218.469
0.11469465,0.032601438,0.131,75907.211
0.11236109,0.030672612,0.131,75530.406
0.11002752,0.028743785,0.131,75113.648
0.10769396,0.02681496,0.131,74671.93
0.10536039,0.024886135,0.131,74209.219
0.10302682,0.02295731,0.131,73727.484
0.10069326,0.021106582,0.131,73244.406
0.098359689,0.019414527,0.131,72779.383
0.096026123,0.017876294,0.131,72332.281
0.093692563,0.0164779,0.131,71887.641
0.091358989,0.015206633,0.131,71410.492
0.08902543,0.014050936,0.131,70856.133
0.086691871,0.013000302,0.131,70150.469
0.25225648,0.12132739,0.131,37402.164
0.2487694,0.11939856,0.131,38232.645
0.24528234,0.11746974,0.131,39094.398
0.24179527,0.11554092,0.131,39982.648
0.23830822,0.11361209,0.131,40895.504
0.23482114,0.11168326,0.131,41835.945
0.23133408,0.10975444,0.131,42810.109
0.22784702,0.10782561,0.131,43826.0
0.22435996,0.10589679,0.131,44895.277
0.22087291,0.10396796,0.131,46034.73
0.21738583,0.10203914,0.131,47261.52
0.21389876,0.10011031,0.131,48583.594
0.21041171,0.098181486,0.131,49997.652
0.20692465,0.096252665,0.131,51497.242
0.20343757,0.094323844,0.131,53076.664
0.19995052,0.092395008,0.131,54730.309
0.19646345,0.090466186,0.131,56451.414
0.1929764,0.088537365,0.131,58235.809
0.18948933,0.086608537,0.131,60075.273
0.18600225,0.084679708,0.131,61957.086
0.18251519,0.082750887,0.131,63858.484
0.17902812,0.080822065,0.131,65754.469
0.17554107,0.078893237,0.131,67601.711
0.17205401,0.076964408,0.131,69346.031
0.16856694,0.075035587,0.131,70917.703
0.16507988,0.073106766,0.131,72254.875
0.16159281,0.071177937,0.131,73316.242
0.15810576,0.069249108,0.131,74110.398
0.15486297,0.067320287,0.131,74622.594
0.15211432,0.065391466,0.131,74898.0
0.14969815,0.063462637,0.131,75060.078
0.14736459,0.061533809,0.131,75179.57
0.14503101,0.059604988,0.131,75287.773
0.14269745,0.057676159,0.131,75404.109
0.14036389,0.055747338,0.131,75538.0
0.13803032,0.053818509,0.131,75694.047
0.13569674,0.051889684,0.131,75870.969
0.13336319,0.049960859,0.131,76063.055
0.13102962,0.048032038,0.131,76261.391
0.12869605,0.046103209,0.131,76450.445
0.12636247,0.044174388,0.131,76608.586
0.12402891,0.042245559,0.131,76708.398
0.12169535,0.040316738,0.131,76729.93
0.11936179,0.03838791,0.131,76653.562
0.11702822,0.036459088,0.131,76473.219
0.11469465,0.03453026,0.131,76193.336
0.11236109,0.032601438,0.131,75835.836
0.11002752,0.030672612,0.131,75428.594
0.10769396,0.028743785,0.131,74992.586
0.10536039,0.02681496,0.131,74536.445
0.10302682,0.024886135,0.131,74063.789
0.10069326,0.02295731,0.131,73578.539
0.098359689,0.021106582,0.131,73099.461
0.096026123,0.019414527,0.131,72642.023
0.093692563,0.017876294,0.131,72193.117
0.091358989,0.0164779,0.131,71716.836
0.08902543,0.015206633,0.131,71165.422
0.086691871,0.014050936,0.131,70456.367
0.084358297,0.013000302,0.131,69537.711
0.25225648,0.12325621,0.131,37493.625
0.2487694,0.12132739,0.131,38325.781
0.24528234,0.11939856,0.131,39189.934
0.24179527,0.11746974,0.131,40081.488
0.23830822,0.11554092,0.131,40997.605
0.23482114,0.11361209,0.131,41940.035
0.23133408,0.11168326,0.131,42913.84
0.22784702,0.10975444,0.131,43925.91
0.22435996,0.10782561,0.131,44986.328
0.22087291,0.10589679,0.131,46110.949
0.21738583,0.10396796,0.131,47318.773
0.21389876,0.10203914,0.131,48621.848
0.21041171,0.10011031,0.131,50020.062
0.20692465,0.098181486,0.131,51507.016
0.20343757,0.096252665,0.131,53076.836
0.19995052,0.094323844,0.131,54722.574
0.19646345,0.092395008,0.131,56437.742
0.1929764,0.090466186,0.131,58216.598
0.18948933,0.088537365,0.131,60053.289
0.18600225,0.086608537,0.131,61932.492
0.18251519,0.084679708,0.131,63834.211
0.17902812,0.082750887,0.131,65730.969
0.17554107,0.080822065,0.131,67582.836
0.17205401,0.078893237,0.131,69332.336
0.16856694,0.076964408,0.131,70912.758
0.16507988,0.075035587,0.131,72258.508
0.16159281,0.073106766,0.131,73330.703
0.15810576,0.071177937,0.131,74134.695
0.15486297,0.069249108,0.131,74656.492
0.15211432,0.067320287,0.131,74938.391
0.14969815,0.065391466,0.131,75107.188
0.14736459,0.063462637,0.131,75229.734
0.14503101,0.061533809,0.131,75340.359
0.14269745,0.059604988,0.131,75455.109
0.14036389,0.057676159,0.131,75588.383
0.13803032,0.055747338,0.131,75744.055
0.13569674,0.053818509,0.131,75921.266
0.13336319,0.051889684,0.131,76115.836
0.13102962,0.049960859,0.131,76319.836
0.12869605,0.048032038,0.131,76521.273
0.12636247,0.046103209,0.131,76699.055
0.12402891,0.044174388,0.131,76828.875
0.12169535,0.042245559,0.131,76885.141
0.11936179,0.040316738,0.131,76852.078
0.11702822,0.03838791,0.131,76714.07
0.11469465,0.036459088,0.131,76472.188
0.11236109,0.03453026,0.131,76140.211
0.11002752,0.032601438,0.131,75746.93
0.10769396,0.030672612,0.131,75318.312
0.10536039,0.028743785,0.131,74869.062
0.10302682,0.02681496,0.131,74405.422
0.10069326,0.024886135,0.131,73931.969
0.098359689,0.02295731,0.131,73453.5
0.096026123,0.021106582,0.131,72984.391
0.093692563,0.019414527,0.131,72528.18
0.091358989,0.017876294,0.131,72050.43
0.08902543,0.0164779,0.131,71499.07
0.086691871,0.015206633,0.131,70788.711
0.084358297,0.014050936,0.131,69848.148
0.082024731,0.013000302,0.131,68663.383
0.25225648,0.12518504,0.131,37583.988
0.2487694,0.12325621,0.131,38417.77
0.24528234,0.12132739,0.131,39284.07
0.24179527,0.11939856,0.131,40178.754
0.23830822,0.11746974,0.131,41098.285
0.23482114,0.11554092,0.131,42043.312
0.23133408,0.11361209,0.131,43017.875
0.22784702,0.11168326,0.131,44027.766
0.22435996,0.10975444,0.131,45081.566
0.22087291,0.10782561,0.131,46193.332
0.21738583,0.10589679,0.131,47382.867
0.21389876,0.10396796,0.131,48665.977
0.21041171,0.10203914,0.131,50046.387
0.20692465,0.10011031,0.131,51519.207
0.20343757,0.098181486,0.131,53077.785
0.19995052,0.096252665,0.131,54715.0
0.19646345,0.094323844,0.131,56422.969
0.1929764,0.092395008,0.131,58196.398
0.18948933,0.090466186,0.131,60027.848
0.18600225,0.088537365,0.131,61904.652
0.18251519,0.086608537,0.131,63804.035
0.17902812,0.084679708,0.131,65701.805
0.17554107,0.082750887,0.131,67555.359
0.17205401,0.080822065,0.131,69310.805
0.16856694,0.078893237,0.131,70897.289
0.16507988,0.076964408,0.131,72252.555
0.16159281,0.075035587,0.131,73333.641
0.15810576,0.073106766,0.131,74148.945
0.15486297,0.071177937,0.131,74679.422
0.15211432,0.069249108,0.131,74970.109
0.14969815,0.067320287,0.131,75144.93
0.14736459,0.065391466,0.131,75273.453
0.14503101,0.063462637,0.131,75386.141
0.14269745,0.061533809,0.131,75502.664
0.14036389,0.059604988,0.131,75634.211
0.13803032,0.057676159,0.131,75789.844
0.13569674,0.055747338,0.131,75967.945
0.13336319,0.053818509,0.131,76164.203
0.13102962,0.051889684,0.131,76372.961
0.12869605,0.049960859,0.131,76583.961
0.12636247,0.048032038,0.131,76779.922
0.12402891,0.046103209,0.131,76935.367
0.12169535,0.044174388,0.131,77026.672
0.11936179,0.042245559,0.131,77032.688
0.11702822,0.040316738,0.131,76940.828
0.11469465,0.03838791,0.131,76740.273
0.11236109,0.036459088,0.131,76441.266
0.11002752,0.03453026,0.131,76067.227
0.10769396,0.032601438,0.131,75648.742
0.10536039,0.030672612,0.131,75206.859
0.10302682,0.028743785,0.131,74752.328
0.10069326,0.02681496,0.131,74290.422
0.098359689,0.024886135,0.131,73826.617
0.096026123,0.02295731,0.131,73360.883
0.093692563,0.021106582,0.131,72895.625
0.091358989,0.019414527,0.131,72413.125
0.08902543,0.017876294,0.131,71858.375
0.086691871,0.0164779,0.131,71147.703
0.084358297,0.015206633,0.131,70184.938
0.082024731,0.014050936,0.131,68952.258
0.079691164,0.013000302,0.131,67490.984
0.25225648,0.12711386,0.131,37673.164
0.2487694,0.12518504,0.131,38508.57
0.24528234,0.12325621,0.131,39376.793
0.24179527,0.12132739,0.131,40274.363
0.23830822,0.11939856,0.131,41197.312
0.23482114,0.11746974,0.131,42145.336
0.23133408,0.11554092,0.131,43121.516
0.22784702,0.11361209,0.131,44130.641
0.22435996,0.11168326,0.131,45179.844
0.22087291,0.10975444,0.131,46281.133
0.21738583,0.10782561,0.131,47453.652
0.21389876,0.10589679,0.131,48716.434
0.21041171,0.10396796,0.131,50077.48
0.20692465,0.10203914,0.131,51534.113
0.20343757,0.10011031,0.131,53080.094
0.19995052,0.098181486,0.131,54707.301
0.19646345,0.096252665,0.131,56407.641
0.1929764,0.094323844,0.131,58174.301
0.18948933,0.092395008,0.131,60000.668
0.18600225,0.090466186,0.131,61872.391
0.18251519,0.088537365,0.131,63769.719
0.17902812,0.086608537,0.131,65665.625
0.17554107,0.084679708,0.131,67521.18
0.17205401,0.082750887,0.131,69279.578
0.16856694,0.080822065,0.131,70873.156
0.16507988,0.078893237,0.131,72235.383
0.16159281,0.076964408,0.131,73326.836
0.15810576,0.075035587,0.131,74151.25
0.15486297,0.073106766,0.131,74692.57
0.15211432,0.071177937,0.131,74991.406
0.14969815,0.069249108,0.131,75174.586
0.14736459,0.067320287,0.131,75308.547
0.14503101,0.065391466,0.131,75426.234
0.14269745,0.063462637,0.131,75544.094
0.14036389,0.061533809,0.131,75676.984
0.13803032,0.059604988,0.131,75831.336
0.13569674,0.057676159,0.131,76010.352
0.13336319,0.055747338,0.131,76208.836
0.13102962,0.053818509,0.131,76420.844
0.12869605,0.051889684,0.131,76639.883
0.12636247,0.049960859,0.131,76850.641
0.12402891,0.048032038,0.131,77030.609
0.12169535,0.046103209,0.131,77153.031
0.11936179,0.044174388,0.131,77198.875
0.11702822,0.042245559,0.131,77149.945
0.11469465,0.040316738,0.131,76996.664
0.11236109,0.03838791,0.131,76735.359
0.11002752,0.036459088,0.131,76387.633
0.10769396,0.03453026,0.131,75982.883
0.10536039,0.032601438,0.131,75549.57
0.10302682,0.030672612,0.131,75104.078
0.10069326,0.028743785,0.131,74653.703
0.098359689,0.02681496,0.131,74203.703
0.096026123,0.024886135,0.131,73755.5
0.093692563,0.02295731,0.131,73296.594
0.091358989,0.021106582,0.131,72807.414
0.08902543,0.019414527,0.131,72245.758
0.086691871,0.017876294,0.131,71533.0
0.084358297,0.0164779,0.131,70548.273
0.082024731,0.015206633,0.131,69266.586
0.079691164,0.014050936,0.131,67723.5
0.077357598,0.013000302,0.131,66053.125
0.25225648,0.12904269,0.131,37761.016
0.2487694,0.12711386,0.131,38598.164
0.24528234,0.12518504,0.131,39468.105
0.24179527,0.12325621,0.131,40368.293
0.23830822,0.12132739,0.131,41294.547
0.23482114,0.11939856,0.131,42245.773
0.23133408,0.11746974,0.131,43224.203
0.22784702,0.11554092,0.131,44233.688
0.22435996,0.11361209,0.131,45280.102
0.22087291,0.11168326,0.131,46373.277
0.21738583,0.10975444,0.131,47530.777
0.21389876,0.10782561,0.131,48773.457
0.21041171,0.10589679,0.131,50113.945
0.20692465,0.10396796,0.131,51552.566
0.20343757,0.10203914,0.131,53083.91
0.19995052,0.10011031,0.131,54700.004
0.19646345,0.098181486,0.131,56391.398
0.1929764,0.096252665,0.131,58150.953
0.18948933,0.094323844,0.131,59970.766
0.18600225,0.092395008,0.131,61837.633
0.18251519,0.090466186,0.131,63729.984
0.17902812,0.088537365,0.131,65624.367
0.17554107,0.086608537,0.131,67478.844
0.17205401,0.084679708,0.131,69240.68
0.16856694,0.082750887,0.131,70838.438
0.16507988,0.080822065,0.131,72208.898
0.16159281,0.078893237,0.131,73308.469
0.15810576,0.076964408,0.131,74143.664
0.15486297,0.075035587,0.131,74694.07
0.15211432,0.073106766,0.131,75003.445
0.14969815,0.071177937,0.131,75194.383
0.14736459,0.069249108,0.131,75336.203
0.14503101,0.067320287,0.131,75458.469
0.14269745,0.065391466,0.131,75580.469
0.14036389,0.063462637,0.131,75714.156
0.13803032,0.061533809,0.131,75869.953
0.13569674,0.059604988,0.131,76048.586
0.13336319,0.057676159,0.131,76248.953
0.13102962,0.055747338,0.131,76464.508
0.12869605,0.053818509,0.131,76689.211
0.12636247,0.051889684,0.131,76912.844
0.12402891,0.049960859,0.131,77113.82
0.12169535,0.048032038,0.131,77266.992
0.11936179,0.046103209,0.131,77348.797
0.11702822,0.044174388,0.131,77344.398
0.11469465,0.042245559,0.131,77236.742
0.11236109,0.040316738,0.131,77021.0
0.11002752,0.03838791,0.131,76704.688
0.10769396,0.036459088,0.131,76319.406
0.10536039,0.03453026,0.131,75896.492
0.10302682,0.032601438,0.131,75460.367
0.10069326,0.030672612,0.131,75021.383
0.098359689,0.028743785,0.131,74584.68
0.096026123,0.02681496,0.131,74152.367
0.093692563,0.024886135,0.131,73713.938
0.091358989,0.02295731,0.131,73234.141
0.08902543,0.021106582,0.131,72663.852
0.086691871,0.019414527,0.131,71946.258
0.084358297,0.017876294,0.131,70938.555
0.082024731,0.0164779,0.131,69606.398
0.079691164,0.015206633,0.131,67978.273
0.077357598,0.014050936,0.131,66191.844
0.075024031,0.013000302,0.131,64471.555
0.25225648,0.13089341,0.131,37844.0
0.2487694,0.12904269,0.131,38686.461
0.24528234,0.12711386,0.131,39558.031
0.24179527,0.12518504,0.131,40460.555
0.23830822,0.12325621,0.131,41389.922
0.23482114,0.12132739,0.131,42344.402
0.23133408,0.11939856,0.131,43325.488
0.22784702,0.11746974,0.131,44336.199
0.22435996,0.11554092,0.131,45381.316
0.22087291,0.11361209,0.131,46468.684
0.21738583,0.11168326,0.131,47613.469
0.21389876,0.10975444,0.131,48837.152
0.21041171,0.10782561,0.131,50156.262
0.20692465,0.10589679,0.131,51575.199
0.20343757,0.10396796,0.131,53090.012
0.19995052,0.10203914,0.131,54693.09
0.19646345,0.10011031,0.131,56374.746
0.1929764,0.098181486,0.131,58125.969
0.18948933,0.096252665,0.131,59938.898
0.18600225,0.094323844,0.131,61799.293
0.18251519,0.092395008,0.131,63686.969
0.17902812,0.090466186,0.131,65576.664
0.17554107,0.088537365,0.131,67430.438
0.17205401,0.086608537,0.131,69192.516
0.16856694,0.084679708,0.131,70795.211
0.16507988,0.082750887,0.131,72171.18
0.16159281,0.080822065,0.131,73280.477
0.15810576,0.078893237,0.131,74124.086
0.15486297,0.076964408,0.131,74686.031
0.15211432,0.075035587,0.131,75004.25
0.14969815,0.073106766,0.131,75205.453
0.14736459,0.071177937,0.131,75354.617
0.14503101,0.069249108,0.131,75484.0
0.14269745,0.067320287,0.131,75609.688
0.14036389,0.065391466,0.131,75746.719
0.13803032,0.063462637,0.131,75903.266
0.13569674,0.061533809,0.131,76083.938
0.13336319,0.059604988,0.131,76284.922
0.13102962,0.057676159,0.131,76503.234
0.12869605,0.055747338,0.131,76733.414
0.12636247,0.053818509,0.131,76966.727
0.12402891,0.051889684,0.131,77186.82
0.12169535,0.049960859,0.131,77367.484
0.11936179,0.048032038,0.131,77485.523
0.11702822,0.046103209,0.131,77521.758
0.11469465,0.044174388,0.131,77462.578
0.11236109,0.042245559,0.131,77292.656
0.11002752,0.040316738,0.131,77016.836
0.10769396,0.03838791,0.131,76655.383
0.10536039,0.036459088,0.131,76247.0
0.10302682,0.03453026,0.131,75820.773
0.10069326,0.032601438,0.131,75393.094
0.098359689,0.030672612,0.131,74969.32
0.096026123,0.028743785,0.131,74551.578
0.093692563,0.02681496,0.131,74131.133
0.091358989,0.024886135,0.131,73674.828
0.08902543,0.02295731,0.131,73114.094
0.086691871,0.021106582,0.131,72390.078
0.084358297,0.019414527,0.131,71356.977
0.082024731,0.017876294,0.131,69971.805
0.079691164,0.0164779,0.131,68255.445
0.077357598,0.015206633,0.131,66345.305
0.075024031,0.014050936,0.131,64490.27
0.072690465,0.013000302,0.131,62911.941
0.25225648,0.13258547,0.131,37918.676
0.2487694,0.13089341,0.131,38769.938
0.24528234,0.12904269,0.131,39646.555
0.24179527,0.12711386,0.131,40551.188
0.23830822,0.12518504,0.131,41483.414
0.23482114,0.12325621,0.131,42441.082
0.23133408,0.12132739,0.131,43425.047
0.22784702,0.11939856,0.131,44437.613
0.22435996,0.11746974,0.131,45482.609
0.22087291,0.11554092,0.131,46566.184
0.21738583,0.11361209,0.131,47700.844
0.21389876,0.11168326,0.131,48907.172
0.21041171,0.10975444,0.131,50204.922
0.20692465,0.10782561,0.131,51602.598
0.20343757,0.10589679,0.131,53098.965
0.19995052,0.10396796,0.131,54687.238
0.19646345,0.10203914,0.131,56357.52
0.1929764,0.10011031,0.131,58099.887
0.18948933,0.098181486,0.131,59904.676
0.18600225,0.096252665,0.131,61758.266
0.18251519,0.094323844,0.131,63639.484
0.17902812,0.092395008,0.131,65524.859
0.17554107,0.090466186,0.131,67374.5
0.17205401,0.088537365,0.131,69137.289
0.16856694,0.086608537,0.131,70741.805
0.16507988,0.084679708,0.131,72124.398
0.16159281,0.082750887,0.131,73240.758
0.15810576,0.080822065,0.131,74095.047
0.15486297,0.078893237,0.131,74666.289
0.15211432,0.076964408,0.131,74996.047
0.14969815,0.075035587,0.131,75205.734
0.14736459,0.073106766,0.131,75364.852
0.14503101,0.071177937,0.131,75500.969
0.14269745,0.069249108,0.131,75632.836
0.14036389,0.067320287,0.131,75772.719
0.13803032,0.065391466,0.131,75932.227
0.13569674,0.063462637,0.131,76114.148
0.13336319,0.061533809,0.131,76317.945
0.13102962,0.059604988,0.131,76537.773
0.12869605,0.057676159,0.131,76771.883
0.12636247,0.055747338,0.131,77014.195
0.12402891,0.053818509,0.131,77249.727
0.12169535,0.051889684,0.131,77456.367
0.11936179,0.049960859,0.131,77607.797
0.11702822,0.048032038,0.131,77685.039
0.11469465,0.046103209,0.131,77670.836
0.11236109,0.044174388,0.131,77551.43
0.11002752,0.042245559,0.131,77318.055
0.10769396,0.040316738,0.131,76989.742
0.10536039,0.03838791,0.131,76598.953
0.10302682,0.036459088,0.131,76185.141
0.10069326,0.03453026,0.131,75768.703
0.098359689,0.032601438,0.131,75357.367
0.096026123,0.030672612,0.131,74953.078
0.093692563,0.028743785,0.131,74548.578
0.091358989,0.02681496,0.131,74112.508
0.08902543,0.024886135,0.131,73576.742
0.086691871,0.02295731,0.131,72864.898
0.084358297,0.021106582,0.131,71805.234
0.082024731,0.019414527,0.131,70363.422
0.079691164,0.017876294,0.131,68554.664
0.077357598,0.0164779,0.131,66513.445
0.075024031,0.015206633,0.131,64511.711
0.072690465,0.014050936,0.131,62813.938
0.070356898,0.013000302,0.131,61536.797
0.25225648,0.13412371,0.131,37985.523
0.2487694,0.13258547,0.131,38845.113
0.24528234,0.13089341,0.131,39730.211
0.24179527,0.12904269,0.131,40640.195
0.23830822,0.12711386,0.131,41575.055
0.23482114,0.12518504,0.131,42535.73
0.23133408,0.12325621,0.131,43522.648
0.22784702,0.12132739,0.131,44537.484
0.22435996,0.11939856,0.131,45583.258
0.22087291,0.11746974,0.131,46664.715
0.21738583,0.11554092,0.131,47791.75
0.21389876,0.11361209,0.131,48983.02
0.21041171,0.11168326,0.131,50259.984
0.20692465,0.10975444,0.131,51635.512
0.20343757,0.10782561,0.131,53111.391
0.19995052,0.10589679,0.131,54682.895
0.19646345,0.10396796,0.131,56340.289
0.1929764,0.10203914,0.131,58072.457
0.18948933,0.10011031,0.131,59868.742
0.18600225,0.098181486,0.131,61714.168
0.18251519,0.096252665,0.131,63588.574
0.17902812,0.094323844,0.131,65467.68
0.17554107,0.092395008,0.131,67313.602
0.17205401,0.090466186,0.131,69073.438
0.16856694,0.088537365,0.131,70680.461
0.16507988,0.086608537,0.131,72066.773
0.16159281,0.084679708,0.131,73191.719
0.15810576,0.082750887,0.131,74054.117
0.15486297,0.080822065,0.131,74637.383
0.15211432,0.078893237,0.131,74976.523
0.14969815,0.076964408,0.131,75197.523
0.14736459,0.075035587,0.131,75364.734
0.14503101,0.073106766,0.131,75510.367
0.14269745,0.071177937,0.131,75648.117
0.14036389,0.069249108,0.131,75793.312
0.13803032,0.067320287,0.131,75955.055
0.13569674,0.065391466,0.131,76140.109
0.13336319,0.063462637,0.131,76345.984
0.13102962,0.061533809,0.131,76569.328
0.12869605,0.059604988,0.131,76805.906
0.12636247,0.057676159,0.131,77054.695
0.12402891,0.055747338,0.131,77304.688
0.12169535,0.053818509,0.131,77533.531
0.11936179,0.051889684,0.131,77717.312
0.11702822,0.049960859,0.131,77832.711
0.11469465,0.048032038,0.131,77864.0
0.11236109,0.046103209,0.131,77792.953
0.11002752,0.044174388,0.131,77608.898
0.10769396,0.042245559,0.131,77316.625
0.10536039,0.040316738,0.131,76951.93
0.10302682,0.03838791,0.131,76551.992
0.10069326,0.036459088,0.131,76148.242
0.098359689,0.03453026,0.131,75748.828
0.096026123,0.032601438,0.131,75356.75
0.093692563,0.030672612,0.131,74966.586
0.091358989,0.028743785,0.131,74548.234
0.08902543,0.02681496,0.131,74033.891
0.086691871,0.024886135,0.131,73350.453
0.084358297,0.02295731,0.131,72282.867
0.082024731,0.021106582,0.131,70781.766
0.079691164,0.019414527,0.131,68875.133
0.077357598,0.017876294,0.131,66695.469
0.075024031,0.0164779,0.131,64534.266
0.072690465,0.015206633,0.131,62703.59
0.070356898,0.014050936,0.131,61352.883
0.068023331,0.013000302,0.131,60396.363
0.25225648,0.1355221,0.131,38045.453
0.2487694,0.13412371,0.131,38912.41
0.24528234,0.13258547,0.131,39805.574
0.24179527,0.13089341,0.131,40724.16
0.23830822,0.12904269,0.131,41664.836
0.23482114,0.12711386,0.131,42628.344
0.23133408,0.12518504,0.131,43618.145
0.22784702,0.12325621,0.131,44635.488
0.22435996,0.12132739,0.131,45682.68
0.22087291,0.11939856,0.131,46763.34
0.21738583,0.11746974,0.131,47885.023
0.21389876,0.11554092,0.131,49063.785
0.21041171,0.11361209,0.131,50321.395
0.20692465,0.11168326,0.131,51674.312
0.20343757,0.10975444,0.131,53128.195
0.19995052,0.10782561,0.131,54680.605
0.19646345,0.10589679,0.131,56323.34
0.1929764,0.10396796,0.131,58044.199
0.18948933,0.10203914,0.131,59830.828
0.18600225,0.10011031,0.131,61667.793
0.18251519,0.098181486,0.131,63533.867
0.17902812,0.096252665,0.131,65406.301
0.17554107,0.094323844,0.131,67246.375
0.17205401,0.092395008,0.131,69003.727
0.16856694,0.090466186,0.131,70609.547
0.16507988,0.088537365,0.131,72000.641
0.16159281,0.086608537,0.131,73131.383
0.15810576,0.084679708,0.131,74003.992
0.15486297,0.082750887,0.131,74597.0
0.15211432,0.080822065,0.131,74948.383
0.14969815,0.078893237,0.131,75178.414
0.14736459,0.076964408,0.131,75356.641
0.14503101,0.075035587,0.131,75509.906
0.14269745,0.073106766,0.131,75656.492
0.14036389,0.071177937,0.131,75806.734
0.13803032,0.069249108,0.131,75972.977
0.13569674,0.067320287,0.131,76160.25
0.13336319,0.065391466,0.131,76369.844
0.13102962,0.063462637,0.131,76596.141
0.12869605,0.061533809,0.131,76836.805
0.12636247,0.059604988,0.131,77090.039
0.12402891,0.057676159,0.131,77351.047
0.12169535,0.055747338,0.131,77601.133
0.11936179,0.053818509,0.131,77813.672
0.11702822,0.051889684,0.131,77966.508
0.11469465,0.049960859,0.131,78040.156
0.11236109,0.048032038,0.131,78018.883
0.11002752,0.046103209,0.131,77884.141
0.10769396,0.044174388,0.131,77636.656
0.10536039,0.042245559,0.131,77300.75
0.10302682,0.040316738,0.131,76921.625
0.10069326,0.03838791,0.131,76530.836
0.098359689,0.036459088,0.131,76143.617
0.096026123,0.03453026,0.131,75762.844
0.093692563,0.032601438,0.131,75385.273
0.091358989,0.030672612,0.131,74982.688
0.08902543,0.028743785,0.131,74486.656
0.086691871,0.02681496,0.131,73827.883
0.084358297,0.024886135,0.131,72767.898
0.082024731,0.02295731,0.131,71224.523
0.079691164,0.021106582,0.131,69215.352
0.077357598,0.019414527,0.131,66889.5
0.075024031,0.017876294,0.131,64555.008
0.072690465,0.0164779,0.131,62578.098
0.070356898,0.015206633,0.131,61145.648
0.068023331,0.014050936,0.131,60166.098
0.065689765,0.013000302,0.131,59461.742
0.25225648,0.13679338,0.131,38099.277
0.2487694,0.1355221,0.131,38972.66
0.24528234,0.13412371,0.131,39873.086
0.24179527,0.13258547,0.131,40799.703
0.23830822,0.13089341,0.131,41749.324
0.23482114,0.12904269,0.131,42718.891
0.23133408,0.12711386,0.131,43711.473
0.22784702,0.12518504,0.131,44731.395
0.22435996,0.12325621,0.131,45780.426
0.22087291,0.12132739,0.131,46861.285
0.21738583,0.11939856,0.131,47979.543
0.21389876,0.11746974,0.131,49148.41
0.21041171,0.11554092,0.131,50388.684
0.20692465,0.11361209,0.131,51719.414
0.20343757,0.11168326,0.131,53149.988
0.19995052,0.10975444,0.131,54681.336
0.19646345,0.10782561,0.131,56307.059
0.1929764,0.10589679,0.131,58015.25
0.18948933,0.10396796,0.131,59791.457
0.18600225,0.10203914,0.131,61618.898
0.18251519,0.10011031,0.131,63476.332
0.17902812,0.098181486,0.131,65340.359
0.17554107,0.096252665,0.131,67174.133
0.17205401,0.094323844,0.131,68926.727
0.16856694,0.092395008,0.131,70531.938
0.16507988,0.090466186,0.131,71924.25
0.16159281,0.088537365,0.131,73062.281
0.15810576,0.086608537,0.131,73942.609
0.15486297,0.084679708,0.131,74547.82
0.15211432,0.082750887,0.131,74909.227
0.14969815,0.080822065,0.131,75151.18
0.14736459,0.078893237,0.131,75338.031
0.14503101,0.076964408,0.131,75502.023
0.14269745,0.075035587,0.131,75655.633
0.14036389,0.073106766,0.131,75813.953
0.13803032,0.071177937,0.131,75984.375
0.13569674,0.069249108,0.131,76175.859
0.13336319,0.067320287,0.131,76388.164
0.13102962,0.065391466,0.131,76618.938
0.12869605,0.063462637,0.131,76863.188
0.12636247,0.061533809,0.131,77121.68
0.12402891,0.059604988,0.131,77390.945
0.12169535,0.057676159,0.131,77658.188
0.11936179,0.055747338,0.131,77898.898
0.11702822,0.053818509,0.131,78085.867
0.11469465,0.051889684,0.131,78200.961
0.11236109,0.049960859,0.131,78226.656
0.11002752,0.048032038,0.131,78144.578
0.10769396,0.046103209,0.131,77944.227
0.10536039,0.044174388,0.131,77646.586
0.10302682,0.042245559,0.131,77289.906
0.10069326,0.040316738,0.131,76916.656
0.098359689,0.03838791,0.131,76541.375
0.096026123,0.036459088,0.131,76171.344
0.093692563,0.03453026,0.131,75804.953
0.091358989,0.032601438,0.131,75416.125
0.08902543,0.030672612,0.131,74935.594
0.086691871,0.028743785,0.131,74298.195
0.084358297,0.02681496,0.131,73240.539
0.082024731,0.024886135,0.131,71669.859
0.079691164,0.02295731,0.131,69570.602
0.077357598,0.021106582,0.131,67091.938
0.075024031,0.019414527,0.131,64569.375
0.072690465,0.017876294,0.131,62432.148
0.070356898,0.0164779,0.131,60911.215
0.068023331,0.015206633,0.131,59908.383
0.065689765,0.014050936,0.131,59217.488
0.25225648,0.13794906,0.131,38147.719
0.2487694,0.13679338,0.131,39026.637
0.24528234,0.1355221,0.131,39933.57
0.24179527,0.13412371,0.131,40867.324
0.23830822,0.13258547,0.131,41825.172
0.23482114,0.13089341,0.131,42803.906
0.23133408,0.12904269,0.131,43802.57
0.22784702,0.12711386,0.131,44825.074
0.22435996,0.12518504,0.131,45876.176
0.22087291,0.12325621,0.131,46957.941
0.21738583,0.12132739,0.131,48074.32
0.21389876,0.11939856,0.131,49235.742
0.21041171,0.11746974,0.131,50461.113
0.20692465,0.11554092,0.131,51770.77
0.20343757,0.11361209,0.131,53177.562
0.19995052,0.11168326,0.131,54685.824
0.19646345,0.10975444,0.131,56292.359
0.1929764,0.10782561,0.131,57985.793
0.18948933,0.10589679,0.131,59750.707
0.18600225,0.10396796,0.131,61568.094
0.18251519,0.10203914,0.131,63415.793
0.17902812,0.10011031,0.131,65271.004
0.17554107,0.098181486,0.131,67096.531
0.17205401,0.096252665,0.131,68843.859
0.16856694,0.094323844,0.131,70446.148
0.16507988,0.092395008,0.131,71840.609
0.16159281,0.090466186,0.131,72982.516
0.15810576,0.088537365,0.131,73872.75
0.15486297,0.086608537,0.131,74488.0
0.15211432,0.084679708,0.131,74861.836
0.14969815,0.082750887,0.131,75113.375
0.14736459,0.080822065,0.131,75311.773
0.14503101,0.078893237,0.131,75484.055
0.14269745,0.076964408,0.131,75648.07
0.14036389,0.075035587,0.131,75812.656
0.13803032,0.073106766,0.131,75990.312
0.13569674,0.071177937,0.131,76185.484
0.13336319,0.069249108,0.131,76402.242
0.13102962,0.067320287,0.131,76636.523
0.12869605,0.065391466,0.131,76885.703
0.12636247,0.063462637,0.131,77148.672
0.12402891,0.061533809,0.131,77425.805
0.12169535,0.059604988,0.131,77706.977
0.11936179,0.057676159,0.131,77971.594
0.11702822,0.055747338,0.131,78192.648
0.11469465,0.053818509,0.131,78346.031
0.11236109,0.051889684,0.131,78417.539
0.11002752,0.049960859,0.131,78386.891
0.10769396,0.048032038,0.131,78239.477
0.10536039,0.046103209,0.131,77983.945
0.10302682,0.044174388,0.131,77658.328
0.10069326,0.042245559,0.131,77302.602
0.098359689,0.040316738,0.131,76941.93
0.096026123,0.03838791,0.131,76581.984
0.093692563,0.036459088,0.131,76225.898
0.091358989,0.03453026,0.131,75848.844
0.08902543,0.032601438,0.131,75380.766
0.086691871,0.030672612,0.131,74761.414
0.084358297,0.028743785,0.131,73700.477
0.082024731,0.02681496,0.131,72097.719
0.079691164,0.024886135,0.131,69920.531
0.077357598,0.02295731,0.131,67296.164
0.075024031,0.021106582,0.131,64570.805
0.072690465,0.019414527,0.131,62259.176
0.070356898,0.017876294,0.131,60644.051
0.068023331,0.0164779,0.131,59619.652
0.065689765,0.015206633,0.131,58946.27
0.25225648,0.1389997,0.131,38191.41
0.2487694,0.13794906,0.131,39075.031
0.24528234,0.13679338,0.131,39987.762
0.24179527,0.1355221,0.131,40927.887
0.23830822,0.13412371,0.131,41892.949
0.23482114,0.13258547,0.131,42880.07
0.23133408,0.13089341,0.131,43887.957
0.22784702,0.12904269,0.131,44916.422
0.22435996,0.12711386,0.131,45969.73
0.22087291,0.12518504,0.131,47052.855
0.21738583,0.12325621,0.131,48168.543
0.21389876,0.12132739,0.131,49324.672
0.21041171,0.11939856,0.131,50537.758
0.20692465,0.11746974,0.131,51828.121
0.20343757,0.11554092,0.131,53211.316
0.19995052,0.11361209,0.131,54695.152
0.19646345,0.11168326,0.131,56279.93
0.1929764,0.10975444,0.131,57956.625
0.18948933,0.10782561,0.131,59708.57
0.18600225,0.10589679,0.131,61515.461
0.18251519,0.10396796,0.131,63352.996
0.17902812,0.10203914,0.131,65198.125
0.17554107,0.10011031,0.131,67014.867
0.17205401,0.098181486,0.131,68754.812
0.16856694,0.096252665,0.131,70353.695
0.16507988,0.094323844,0.131,71748.164
0.16159281,0.092395008,0.131,72895.328
0.15810576,0.090466186,0.131,73792.391
0.15486297,0.088537365,0.131,74420.016
0.15211432,0.086608537,0.131,74804.391
0.14969815,0.084679708,0.131,75067.875
0.14736459,0.082750887,0.131,75275.398
0.14503101,0.080822065,0.131,75458.984
0.14269745,0.078893237,0.131,75631.008
0.14036389,0.076964408,0.131,75805.484
0.13803032,0.075035587,0.131,75988.508
0.13569674,0.073106766,0.131,76190.281
0.13336319,0.071177937,0.131,76410.719
0.13102962,0.069249108,0.131,76650.055
0.12869605,0.067320287,0.131,76903.328
0.12636247,0.065391466,0.131,77171.617
0.12402891,0.063462637,0.131,77455.18
0.12169535,0.061533809,0.131,77748.672
0.11936179,0.059604988,0.131,78034.008
0.11702822,0.057676159,0.131,78285.211
0.11469465,0.055747338,0.131,78477.289
0.11236109,0.053818509,0.131,78591.359
0.11002752,0.051889684,0.131,78611.508
0.10769396,0.049960859,0.131,78518.289
0.10536039,0.048032038,0.131,78312.625
0.10302682,0.046103209,0.131,78021.867
0.10069326,0.044174388,0.131,77689.633
0.098359689,0.042245559,0.131,77342.984
0.096026123,0.040316738,0.131,76994.32
0.093692563,0.03838791,0.131,76647.312
0.091358989,0.036459088,0.131,76281.07
0.08902543,0.03453026,0.131,75822.016
0.086691871,0.032601438,0.131,75216.562
0.084358297,0.030672612,0.131,74146.125
0.082024731,0.028743785,0.131,72506.312
0.079691164,0.02681496,0.131,70246.945
0.077357598,0.024886135,0.131,67484.789
0.075024031,0.02295731,0.131,64550.375
0.072690465,0.021106582,0.131,62051.051
0.070356898,0.019414527,0.131,60337.215
0.068023331,0.017876294,0.131,59295.477
0.065689765,0.0164779,0.131,58645.488
0.063356198,0.015206633,0.131,58162.723
0.2487694,0.1389997,0.131,39118.477
0.24528234,0.13794906,0.131,40036.328
0.24179527,0.13679338,0.131,40982.141
0.23830822,0.1355221,0.131,41953.574
0.23482114,0.13412371,0.131,42948.008
0.23133408,0.13258547,0.131,43964.32
0.22784702,0.13089341,0.131,45001.941
0.22435996,0.12904269,0.131,46060.93
0.22087291,0.12711386,0.131,47145.73
0.21738583,0.12518504,0.131,48261.578
0.21389876,0.12325621,0.131,49414.227
0.21041171,0.12132739,0.131,50617.551
0.20692465,0.11939856,0.131,51890.93
0.20343757,0.11746974,0.131,53251.461
0.19995052,0.11554092,0.131,54710.082
0.19646345,0.11361209,0.131,56271.023
0.1929764,0.11168326,0.131,57928.258
0.18948933,0.10975444,0.131,59665.73
0.18600225,0.10782561,0.131,61460.863
0.18251519,0.10589679,0.131,63288.105
0.17902812,0.10396796,0.131,65122.641
0.17554107,0.10203914,0.131,66929.117
0.17205401,0.10011031,0.131,68661.016
0.16856694,0.098181486,0.131,70254.328
0.16507988,0.096252665,0.131,71648.477
0.16159281,0.094323844,0.131,72799.078
0.15810576,0.092395008,0.131,73705.039
0.15486297,0.090466186,0.131,74342.156
0.15211432,0.088537365,0.131,74739.367
0.14969815,0.086608537,0.131,75012.852
0.14736459,0.084679708,0.131,75231.883
0.14503101,0.082750887,0.131,75424.297
0.14269745,0.080822065,0.131,75607.484
0.14036389,0.078893237,0.131,75789.5
0.13803032,0.076964408,0.131,75981.758
0.13569674,0.075035587,0.131,76188.008
0.13336319,0.073106766,0.131,76414.781
0.13102962,0.071177937,0.131,76658.18
0.12869605,0.069249108,0.131,76917.062
0.12636247,0.067320287,0.131,77189.82
0.12402891,0.065391466,0.131,77479.688
0.12169535,0.063462637,0.131,77783.227
0.11936179,0.061533809,0.131,78086.953
0.11702822,0.059604988,0.131,78365.703
0.11469465,0.057676159,0.131,78593.117
0.11236109,0.055747338,0.131,78750.219
0.11002752,0.053818509,0.131,78818.203
0.10769396,0.051889684,0.131,78779.859
0.10536039,0.049960859,0.131,78627.781
0.10302682,0.048032038,0.131,78380.109
0.10069326,0.046103209,0.131,78074.242
0.098359689,0.044174388,0.131,77744.93
0.096026123,0.042245559,0.131,77406.602
0.093692563,0.040316738,0.131,77068.797
0.091358989,0.03838791,0.131,76711.031
0.08902543,0.036459088,0.131,76258.805
0.086691871,0.03453026,0.131,75662.094
0.084358297,0.032601438,0.131,74574.445
0.082024731,0.030672612,0.131,72892.492
0.079691164,0.028743785,0.131,70546.906
0.077357598,0.02681496,0.131,67642.727
0.075024031,0.024886135,0.131,64499.426
0.072690465,0.02295731,0.131,61797.402
0.070356898,0.021106582,0.131,59982.191
0.068023331,0.019414527,0.131,58930.707
0.065689765,0.017876294,0.131,58312.168
0.063356198,0.0164779,0.131,57872.191
0.24528234,0.1389997,0.131,40079.875
0.24179527,0.13794906,0.131,41030.75
0.23830822,0.13679338,0.131,42007.836
0.23482114,0.1355221,0.131,43008.695
0.23133408,0.13412371,0.131,44032.344
0.22784702,0.13258547,0.131,45078.34
0.22435996,0.13089341,0.131,46146.27
0.22087291,0.12904269,0.131,47236.34
0.21738583,0.12711386,0.131,48352.992
0.21389876,0.12518504,0.131,49503.598
0.21041171,0.12325621,0.131,50699.477
0.20692465,0.12132739,0.131,51958.398
0.20343757,0.11939856,0.131,53297.898
0.19995052,0.11746974,0.131,54731.305
0.19646345,0.11554092,0.131,56266.621
0.1929764,0.11361209,0.131,57901.918
0.18948933,0.11168326,0.131,59622.426
0.18600225,0.10975444,0.131,61404.922
0.18251519,0.10782561,0.131,63220.961
0.17902812,0.10589679,0.131,65044.867
0.17554107,0.10396796,0.131,66840.359
0.17205401,0.10203914,0.131,68562.539
0.16856694,0.10011031,0.131,70149.594
0.16507988,0.098181486,0.131,71541.367
0.16159281,0.096252665,0.131,72695.477
0.15810576,0.094323844,0.131,73608.742
0.15486297,0.092395008,0.131,74257.664
0.15211432,0.090466186,0.131,74665.078
0.14969815,0.088537365,0.131,74950.836
0.14736459,0.086608537,0.131,75179.445
0.14503101,0.084679708,0.131,75383.094
0.14269745,0.082750887,0.131,75574.891
0.14036389,0.080822065,0.131,75767.797
0.13803032,0.078893237,0.131,75966.992
0.13569674,0.076964408,0.131,76181.633
0.13336319,0.075035587,0.131,76412.18
0.13102962,0.073106766,0.131,76662.016
0.12869605,0.071177937,0.131,76925.523
0.12636247,0.069249108,0.131,77204.141
0.12402891,0.067320287,0.131,77499.094
0.12169535,0.065391466,0.131,77811.32
0.11936179,0.063462637,0.131,78130.562
0.11702822,0.061533809,0.131,78434.539
0.11469465,0.059604988,0.131,78695.625
0.11236109,0.057676159,0.131,78892.734
0.11002752,0.055747338,0.131,79008.734
0.10769396,0.053818509,0.131,79023.438
0.10536039,0.051889684,0.131,78927.227
0.10302682,0.049960859,0.131,78727.922
0.10069326,0.048032038,0.131,78455.281
0.098359689,0.046103209,0.131,78145.039
0.096026123,0.044174388,0.131,77818.891
0.093692556,0.042245559,0.131,77487.656
0.091358989,0.040316738,0.131,77137.57
0.08902543,0.03838791,0.131,76689.5
0.086691871,0.036459088,0.131,76094.734
0.084358297,0.03453026,0.131,74982.266
0.082024731,0.032601438,0.131,73251.547
0.079691164,0.030672612,0.131,70815.633
0.077357598,0.028743785,0.131,67766.469
0.075024031,0.02681496,0.131,64409.594
0.072690465,0.024886135,0.131,61498.047
0.070356898,0.02295731,0.131,59570.836
0.068023331,0.021106582,0.131,58519.57
0.065689765,0.019414527,0.131,57943.164
0.063356198,0.017876294,0.131,57553.109
0.24179527,0.1389997,0.131,41074.324
0.23830822,0.13794906,0.131,42056.426
0.23482114,0.13679338,0.131,43062.969
0.23133408,0.1355221,0.131,44093.047
0.22784702,0.13412371,0.131,45146.328
0.22435996,0.13258547,0.131,46222.457
0.22087291,0.13089341,0.131,47321.148
0.21738583,0.12904269,0.131,48442.438
0.21389876,0.12711386,0.131,49592.168
0.21041171,0.12518504,0.131,50782.617
0.20692465,0.12325621,0.131,52029.598
0.20343757,0.12132739,0.131,53350.266
0.19995052,0.11939856,0.131,54759.223
0.19646345,0.11746974,0.131,56267.809
0.1929764,0.11554092,0.131,57878.613
0.18948933,0.11361209,0.131,59579.742
0.18600225,0.11168326,0.131,61347.586
0.18251519,0.10975444,0.131,63152.203
0.17902812,0.10782561,0.131,64964.695
0.17554107,0.10589679,0.131,66749.086
0.17205401,0.10396796,0.131,68460.578
0.16856694,0.10203914,0.131,70039.672
0.16507988,0.10011031,0.131,71428.445
0.16159281,0.098181486,0.131,72584.352
0.15810576,0.096252665,0.131,73505.32
0.15486297,0.094323844,0.131,74164.867
0.15211432,0.092395008,0.131,74584.789
0.14969815,0.090466186,0.131,74880.172
0.14736459,0.088537365,0.131,75120.68
0.14503101,0.086608537,0.131,75333.578
0.14269745,0.084679708,0.131,75536.367
0.14036389,0.082750887,0.131,75737.609
0.13803032,0.080822065,0.131,75947.305
0.13569674,0.078893237,0.131,76167.93
0.13336319,0.076964408,0.131,76406.023
0.13102962,0.075035587,0.131,76659.273
0.12869605,0.073106766,0.131,76929.617
0.12636247,0.071177937,0.131,77213.18
0.12402891,0.069249108,0.131,77514.289
0.12169535,0.067320287,0.131,77833.289
0.11936179,0.065391466,0.131,78165.477
0.11702822,0.063462637,0.131,78491.914
0.11469465,0.061533809,0.131,78784.805
0.11236109,0.059604988,0.131,79020.938
0.11002752,0.057676159,0.131,79182.0
0.10769396,0.055747338,0.131,79249.805
0.10536039,0.053818509,0.131,79209.25
0.10302682,0.051889684,0.131,79061.789
0.10069326,0.049960859,0.131,78828.094
0.098359689,0.048032038,0.131,78541.328
0.096026123,0.046103209,0.131,78228.742
0.093692556,0.044174388,0.131,77904.734
0.091358989,0.042245559,0.131,77555.578
0.08902543,0.040316738,0.131,77113.609
0.086691871,0.03838791,0.131,76511.008
0.084358297,0.036459088,0.131,75365.023
0.082024731,0.03453026,0.131,73578.945
0.079691164,0.032601438,0.131,71047.117
0.077357598,0.030672612,0.131,67852.953
0.075024031,0.028743785,0.131,64272.484
0.072690465,0.02681496,0.131,61157.559
0.070356898,0.024886135,0.131,59116.02
0.068023331,0.02295731,0.131,58058.516
0.065689765,0.021106582,0.131,57535.441
0.063356198,0.019414527,0.131,57203.504
0.23830822,0.1389997,0.131,42099.969
0.23482114,0.13794906,0.131,43111.547
0.23133408,0.13679338,0.131,44147.301
0.22784702,0.1355221,0.131,45206.961
0.22435996,0.13412371,0.131,46290.234
0.22087291,0.13258547,0.131,47396.879
0.21738583,0.13089341,0.131,48526.348
0.21389876,0.12904269,0.131,49679.449
0.21041171,0.12711386,0.131,50866.207
0.20692465,0.12518504,0.131,52103.617
0.20343757,0.12325621,0.131,53407.887
0.19995052,0.12132739,0.131,54793.906
0.19646345,0.11939856,0.131,56275.465
0.1929764,0.11746974,0.131,57859.637
0.18948933,0.11554092,0.131,59538.508
0.18600225,0.11361209,0.131,61289.773
0.18251519,0.11168326,0.131,63081.551
0.17902812,0.10975444,0.131,64882.902
0.17554107,0.10782561,0.131,66655.305
0.17205401,0.10589679,0.131,68355.867
0.16856694,0.10396796,0.131,69925.844
0.16507988,0.10203914,0.131,71309.992
0.16159281,0.10011031,0.131,72467.32
0.15810576,0.098181486,0.131,73394.492
0.15486297,0.096252665,0.131,74065.273
0.15211432,0.094323844,0.131,74496.766
0.14969815,0.092395008,0.131,74804.156
0.14736459,0.090466186,0.131,75053.938
0.14503101,0.088537365,0.131,75278.406
0.14269745,0.086608537,0.131,75490.07
0.14036389,0.084679708,0.131,75702.102
0.13803032,0.082750887,0.131,75919.742
0.13569674,0.080822065,0.131,76150.008
0.13336319,0.078893237,0.131,76392.969
0.13102962,0.076964408,0.131,76653.156
0.12869605,0.075035587,0.131,76926.914
0.12636247,0.073106766,0.131,77217.688
0.12402891,0.071177937,0.131,77523.992
0.12169535,0.069249108,0.131,77850.18
0.11936179,0.067320287,0.131,78192.57
0.11702822,0.065391466,0.131,78538.133
0.11469465,0.063462637,0.131,78860.812
0.11236109,0.061533809,0.131,79134.547
0.11002752,0.059604988,0.131,79339.766
0.10769396,0.057676159,0.131,79457.688
0.10536039,0.055747338,0.131,79473.109
0.10302682,0.053818509,0.131,79379.109
0.10069326,0.051889684,0.131,79187.867
0.098359689,0.049960859,0.131,78929.695
0.096026123,0.048032038,0.131,78633.586
0.093692556,0.046103209,0.131,78315.883
0.091358989,0.044174388,0.131,77967.586
0.08902543,0.042245559,0.131,77529.016
0.086691871,0.040316738,0.131,76903.18
0.084358297,0.03838791,0.131,75717.031
0.082024731,0.036459088,0.131,73868.219
0.079691164,0.03453026,0.131,71236.078
0.077357598,0.032601438,0.131,67898.961
0.075024031,0.030672612,0.131,64082.996
0.072690465,0.028743785,0.131,60771.098
0.070356898,0.02681496,0.131,58634.934
0.068023331,0.024886135,0.131,57567.457
0.065689765,0.02295731,0.131,57088.965
0.063356198,0.021106582,0.131,56821.672
0.061022636,0.019414527,0.131,56573.539
0.23482114,0.1389997,0.131,43155.078
0.23133408,0.13794906,0.131,44195.855
0.22784702,0.13679338,0.131,45261.133
0.22435996,0.1355221,0.131,46350.668
0.22087291,0.13412371,0.131,47464.258
0.21738583,0.13258547,0.131,48601.387
0.21389876,0.13089341,0.131,49761.793
0.21041171,0.12904269,0.131,50949.605
0.20692465,0.12711386,0.131,52179.605
0.20343757,0.12518504,0.131,53469.973
0.19995052,0.12325621,0.131,54835.156
0.19646345,0.12132739,0.131,56290.211
0.1929764,0.11939856,0.131,57846.23
0.18948933,0.11746974,0.131,59500.012
0.18600225,0.11554092,0.131,61232.004
0.18251519,0.11361209,0.131,63009.777
0.17902812,0.11168326,0.131,64799.094
0.17554107,0.10975444,0.131,66560.062
0.17205401,0.10782561,0.131,68248.492
0.16856694,0.10589679,0.131,69809.047
0.16507988,0.10396796,0.131,71187.344
0.16159281,0.10203914,0.131,72344.664
0.15810576,0.10011031,0.131,73277.961
0.15486297,0.098181486,0.131,73958.688
0.15211432,0.096252665,0.131,74402.469
0.14969815,0.094323844,0.131,74721.086
0.14736459,0.092395008,0.131,74982.578
0.14503101,0.090466186,0.131,75215.875
0.14269745,0.088537365,0.131,75438.664
0.14036389,0.086608537,0.131,75659.352
0.13803032,0.084679708,0.131,75887.391
0.13569674,0.082750887,0.131,76124.727
0.13336319,0.080822065,0.131,76376.148
0.13102962,0.078893237,0.131,76640.234
0.12869605,0.076964408,0.131,76920.703
0.12636247,0.075035587,0.131,77215.117
0.12402891,0.073106766,0.131,77528.945
0.12169535,0.071177937,0.131,77861.047
0.11936179,0.069249108,0.131,78213.07
0.11702822,0.067320287,0.131,78574.422
0.11469465,0.065391466,0.131,78923.398
0.11236109,0.063462637,0.131,79233.438
0.11002752,0.061533809,0.131,79481.414
0.10769396,0.059604988,0.131,79648.25
0.10536039,0.057676159,0.131,79716.992
0.10302682,0.055747338,0.131,79677.383
0.10069326,0.053818509,0.131,79532.023
0.098359689,0.051889684,0.131,79304.297
0.096026123,0.049960859,0.131,79028.992
0.093692556,0.048032038,0.131,78719.211
0.091358989,0.046103209,0.131,78365.789
0.08902543,0.044174388,0.131,77935.734
0.086691871,0.042245559,0.131,77266.688
0.084358297,0.040316738,0.131,76031.711
0.082024731,0.03838791,0.131,74112.547
0.079691164,0.036459088,0.131,71380.008
0.077357598,0.03453026,0.131,67902.688
0.075024031,0.032601438,0.131,63841.941
0.072690465,0.030672612,0.131,60334.184
0.070356898,0.028743785,0.131,58129.969
0.068023331,0.02681496,0.131,57068.832
0.065689765,0.024886135,0.131,56625.844
0.063356198,0.02295731,0.131,56408.805
0.061022636,0.021106582,0.131,56218.809
0.23133408,0.1389997,0.131,44239.371
0.22784702,0.13794906,0.131,45309.609
0.22435996,0.13679338,0.131,46404.672
0.22087291,0.1355221,0.131,47524.363
0.21738583,0.13412371,0.131,48668.227
0.21389876,0.13258547,0.131,49835.758
0.21041171,0.13089341,0.131,51029.109
0.20692465,0.12904269,0.131,52256.805
0.20343757,0.12711386,0.131,53535.664
0.19995052,0.12518504,0.131,54882.453
0.19646345,0.12325621,0.131,56312.301
0.1929764,0.12132739,0.131,57839.457
0.18948933,0.11939856,0.131,59465.613
0.18600225,0.11746974,0.131,61175.379
0.18251519,0.11554092,0.131,62937.031
0.17902812,0.11361209,0.131,64713.996
0.17554107,0.11168326,0.131,66462.953
0.17205401,0.10975444,0.131,68139.812
0.16856694,0.10782561,0.131,69689.398
0.16507988,0.10589679,0.131,71061.602
0.16159281,0.10396796,0.131,72217.688
0.15810576,0.10203914,0.131,73155.906
0.15486297,0.10011031,0.131,73846.438
0.15211432,0.098181486,0.131,74301.633
0.14969815,0.096252665,0.131,74632.352
0.14736459,0.094323844,0.131,74904.852
0.14503101,0.092395008,0.131,75149.391
0.14269745,0.090466186,0.131,75380.469
0.14036389,0.088537365,0.131,75611.867
0.13803032,0.086608537,0.131,75848.172
0.13569674,0.084679708,0.131,76095.109
0.13336319,0.082750887,0.131,76352.328
0.13102962,0.080822065,0.131,76623.695
0.12869605,0.078893237,0.131,76907.484
0.12636247,0.076964408,0.131,77208.836
0.12402891,0.075035587,0.131,77526.594
0.12169535,0.073106766,0.131,77866.766
0.11936179,0.071177937,0.131,78226.484
0.11702822,0.069249108,0.131,78602.016
0.11469465,0.067320287,0.131,78973.82
0.11236109,0.065391466,0.131,79316.688
0.11002752,0.063462637,0.131,79606.445
0.10769396,0.061533809,0.131,79820.453
0.10536039,0.059604988,0.131,79941.141
0.10302682,0.057676159,0.131,79954.141
0.10069326,0.055747338,0.131,79856.352
0.098359689,0.053818509,0.131,79663.539
0.096026123,0.051889684,0.131,79407.719
0.093692556,0.049960859,0.131,79108.414
0.091358989,0.048032038,0.131,78749.328
0.08902543,0.046103209,0.131,78313.938
0.086691871,0.044174388,0.131,77591.164
0.084358297,0.042245559,0.131,76303.672
0.082024731,0.040316738,0.131,74303.523
0.079691164,0.03838791,0.131,71473.68
0.077357598,0.036459088,0.131,67861.055
0.075024031,0.03453026,0.131,63552.16
0.072690465,0.032601438,0.131,59843.387
0.070356898,0.030672612,0.131,57606.184
0.068023331,0.028743785,0.131,56566.73
0.065689765,0.02681496,0.131,56168.641
0.063356198,0.024886135,0.131,55985.922
0.061022636,0.02295731,0.131,55836.82
0.058689069,0.021106582,0.131,55653.211
0.22784702,0.1389997,0.131,45353.066
0.22435996,0.13794906,0.131,46453.012
0.22087291,0.13679338,0.131,47578.102
0.21738583,0.1355221,0.131,48727.91
0.21389876,0.13412371,0.131,49901.852
0.21041171,0.13258547,0.131,51101.129
0.20692465,0.13089341,0.131,52331.531
0.20343757,0.12904269,0.131,53604.121
0.19995052,0.12711386,0.131,54935.059
0.19646345,0.12518504,0.131,56341.703
0.1929764,0.12325621,0.131,57840.105
0.18948933,0.12132739,0.131,59436.672
0.18600225,0.11939856,0.131,61121.156
0.18251519,0.11746974,0.131,62864.148
0.17902812,0.11554092,0.131,64627.438
0.17554107,0.11361209,0.131,66364.789
0.17205401,0.11168326,0.131,68029.461
0.16856694,0.10975444,0.131,69568.578
0.16507988,0.10782561,0.131,70932.828
0.16159281,0.10589679,0.131,72087.594
0.15810576,0.10396796,0.131,73029.461
0.15486297,0.10203914,0.131,73728.75
0.15211432,0.10011031,0.131,74195.531
0.14969815,0.098181486,0.131,74537.578
0.14736459,0.096252665,0.131,74821.992
0.14503101,0.094323844,0.131,75077.195
0.14269745,0.092395008,0.131,75318.844
0.14036389,0.090466186,0.131,75557.984
0.13803032,0.088537365,0.131,75804.445
0.13569674,0.086608537,0.131,76058.93
0.13336319,0.084679708,0.131,76324.539
0.13102962,0.082750887,0.131,76600.328
0.12869605,0.080822065,0.131,76890.594
0.12636247,0.078893237,0.131,77195.305
0.12402891,0.076964408,0.131,77520.453
0.12169535,0.075035587,0.131,77864.938
0.11936179,0.073106766,0.131,78233.883
0.11702822,0.071177937,0.131,78620.695
0.11469465,0.069249108,0.131,79012.922
0.11236109,0.067320287,0.131,79385.328
0.11002752,0.065391466,0.131,79713.242
0.10769396,0.063462637,0.131,79973.406
0.10536039,0.061533809,0.131,80144.109
0.10302682,0.059604988,0.131,80208.516
0.10069326,0.057676159,0.131,80158.094
0.098359689,0.055747338,0.131,80002.07
0.096026123,0.053818509,0.131,79768.906
0.093692556,0.051889684,0.131,79476.266
0.091358989,0.049960859,0.131,79111.789
0.08902543,0.048032038,0.131,78663.453
0.086691871,0.046103209,0.131,77877.031
0.084358297,0.044174388,0.131,76529.172
0.082024731,0.042245559,0.131,74442.805
0.079691164,0.040316738,0.131,71517.492
0.077357598,0.03838791,0.131,67771.281
0.075024031,0.036459088,0.131,63217.844
0.072690465,0.03453026,0.131,59298.195
0.070356898,0.032601438,0.131,57070.477
0.068023331,0.030672612,0.131,56066.93
0.065689765,0.028743785,0.131,55720.93
0.063356198,0.02681496,0.131,55573.328
0.061022636,0.024886135,0.131,55447.129
0.058689069,0.02295731,0.131,55297.297
0.22435996,0.1389997,0.131,46496.371
0.22087291,0.13794906,0.131,47626.246
0.21738583,0.13679338,0.131,48781.332
0.21389876,0.1355221,0.131,49961.016
0.21041171,0.13412371,0.131,51165.906
0.20692465,0.13258547,0.131,52400.109
0.20343757,0.13089341,0.131,53671.812
0.19995052,0.12904269,0.131,54992.105
0.19646345,0.12711386,0.131,56378.027
0.1929764,0.12518504,0.131,57848.676
0.18948933,0.12325621,0.131,59414.449
0.18600225,0.12132739,0.131,61070.723
0.18251519,0.11939856,0.131,62792.062
0.17902812,0.11746974,0.131,64539.965
0.17554107,0.11554092,0.131,66265.219
0.17205401,0.11361209,0.131,67918.461
0.16856694,0.11168326,0.131,69446.195
0.16507988,0.10975444,0.131,70802.969
0.16159281,0.10782561,0.131,71954.328
0.15810576,0.10589679,0.131,72899.875
0.15486297,0.10396796,0.131,73606.5
0.15211432,0.10203914,0.131,74084.258
0.14969815,0.10011031,0.131,74437.984
0.14736459,0.098181486,0.131,74733.727
0.14503101,0.096252665,0.131,75000.398
0.14269745,0.094323844,0.131,75252.078
0.14036389,0.092395008,0.131,75501.008
0.13803032,0.090466186,0.131,75754.523
0.13569674,0.088537365,0.131,76018.398
0.13336319,0.086608537,0.131,76290.539
0.13102962,0.084679708,0.131,76573.297
0.12869605,0.082750887,0.131,76866.961
0.12636247,0.080822065,0.131,77178.031
0.12402891,0.078893237,0.131,77506.93
0.12169535,0.076964408,0.131,77859.219
0.11936179,0.075035587,0.131,78233.102
0.11702822,0.073106766,0.131,78631.578
0.11469465,0.071177937,0.131,79040.414
0.11236109,0.069249108,0.131,79439.625
0.11002752,0.067320287,0.131,79802.562
0.10769396,0.065391466,0.131,80104.914
0.10536039,0.063462637,0.131,80324.648
0.10302682,0.061533809,0.131,80438.5
0.10069326,0.059604988,0.131,80435.281
0.098359689,0.057676159,0.131,80317.359
0.096026123,0.055747338,0.131,80106.828
0.093692556,0.053818509,0.131,79822.656
0.091358989,0.051889684,0.131,79454.922
0.08902543,0.049960859,0.131,78980.188
0.086691871,0.048032038,0.131,78113.969
0.084358297,0.046103209,0.131,76705.523
0.082024731,0.044174388,0.131,74523.148
0.079691164,0.042245559,0.131,71518.672
0.077357598,0.040316738,0.131,67625.234
0.075024031,0.03838791,0.131,62841.668
0.072690465,0.036459088,0.131,58703.625
0.070356898,0.03453026,0.131,56531.078
0.068023331,0.032601438,0.131,55576.059
0.065689765,0.030672612,0.131,55287.117
0.063356198,0.028743785,0.131,55173.391
0.061022636,0.02681496,0.131,55068.281
0.058689069,0.024886135,0.131,54935.309
0.22087291,0.1389997,0.131,47669.465
0.21738583,0.13794906,0.131,48829.238
0.21389876,0.13679338,0.131,50014.066
0.21041171,0.1355221,0.131,51224.18
0.20692465,0.13412371,0.131,52462.43
0.20343757,0.13258547,0.131,53735.043
0.19995052,0.13089341,0.131,55050.336
0.19646345,0.12904269,0.131,56420.52
0.1929764,0.12711386,0.131,57865.168
0.18948933,0.12518504,0.131,59399.922
0.18600225,0.12325621,0.131,61025.535
0.18251519,0.12132739,0.131,62721.945
0.17902812,0.11939856,0.131,64452.09
0.17554107,0.11746974,0.131,66164.531
0.17205401,0.11554092,0.131,67806.359
0.16856694,0.11361209,0.131,69323.562
0.16507988,0.11168326,0.131,70671.547
0.16159281,0.10975444,0.131,71820.0
0.15810576,0.10782561,0.131,72766.82
0.15486297,0.10589679,0.131,73481.023
0.15211432,0.10396796,0.131,73968.43
0.14969815,0.10203914,0.131,74333.523
0.14736459,0.10011031,0.131,74641.039
0.14503101,0.098181486,0.131,74918.758
0.14269745,0.096252665,0.131,75181.211
0.14036389,0.094323844,0.131,75439.297
0.13803032,0.092395008,0.131,75701.633
0.13569674,0.090466186,0.131,75971.805
0.13336319,0.088537365,0.131,76252.375
0.13102962,0.086608537,0.131,76540.438
0.12869605,0.084679708,0.131,76839.977
0.12636247,0.082750887,0.131,77154.039
0.12402891,0.080822065,0.131,77489.594
0.12169535,0.078893237,0.131,77845.953
0.11936179,0.076964408,0.131,78227.969
0.11702822,0.075035587,0.131,78632.727
0.11469465,0.073106766,0.131,79057.18
0.11236109,0.071177937,0.131,79478.875
0.11002752,0.069249108,0.131,79874.133
0.10769396,0.067320287,0.131,80215.641
0.10536039,0.065391466,0.131,80480.102
0.10302682,0.063462637,0.131,80642.477
0.10069326,0.061533809,0.131,80685.32
0.098359689,0.059604988,0.131,80606.586
0.096026123,0.057676159,0.131,80418.594
0.093692556,0.055747338,0.131,80142.289
0.091358989,0.053818509,0.131,79761.227
0.08902543,0.051889684,0.131,79244.281
0.086691871,0.049960859,0.131,78296.609
0.084358297,0.048032038,0.131,76829.539
0.082024731,0.046103209,0.131,74547.172
0.079691164,0.044174388,0.131,71481.031
0.077357598,0.042245559,0.131,67423.586
0.075024031,0.040316738,0.131,62450.98
0.072690465,0.03838791,0.131,58069.953
0.070356898,0.036459088,0.131,55997.066
0.068023331,0.03453026,0.131,55101.656
0.065689765,0.032601438,0.131,54871.461
0.063356198,0.030672612,0.131,54788.91
0.061022636,0.028743785,0.131,54702.328
0.058689069,0.02681496,0.131,54584.867
0.21738583,0.1389997,0.131,48872.301
0.21389876,0.13794906,0.131,50061.723
0.21041171,0.13679338,0.131,51276.637
0.20692465,0.1355221,0.131,52518.965
0.20343757,0.13412371,0.131,53793.332
0.19995052,0.13258547,0.131,55106.105
0.19646345,0.13089341,0.131,56466.387
0.1929764,0.12904269,0.131,57889.336
0.18948933,0.12711386,0.131,59393.668
0.18600225,0.12518504,0.131,60986.969
0.18251519,0.12325621,0.131,62655.16
0.17902812,0.12132739,0.131,64364.566
0.17554107,0.11939856,0.131,66062.828
0.17205401,0.11746974,0.131,67693.391
0.16856694,0.11554092,0.131,69200.18
0.16507988,0.11361209,0.131,70540.109
0.16159281,0.11168326,0.131,71683.945
0.15810576,0.10975444,0.131,72632.547
0.15486297,0.10782561,0.131,73351.656
0.15211432,0.10589679,0.131,73849.391
0.14969815,0.10396796,0.131,74224.625
0.14736459,0.10203914,0.131,74543.852
0.14503101,0.10011031,0.131,74833.102
0.14269745,0.098181486,0.131,75106.016
0.14036389,0.096252665,0.131,75373.789
0.13803032,0.094323844,0.131,75644.219
0.13569674,0.092395008,0.131,75922.242
0.13336319,0.090466186,0.131,76208.391
0.13102962,0.088537365,0.131,76503.773
0.12869605,0.086608537,0.131,76807.609
0.12636247,0.084679708,0.131,77126.883
0.12402891,0.082750887,0.131,77465.43
0.12169535,0.080822065,0.131,77828.594
0.11936179,0.078893237,0.131,78214.719
0.11702822,0.076964408,0.131,78628.016
0.11469465,0.075035587,0.131,79061.336
0.11236109,0.073106766,0.131,79503.5
0.11002752,0.071177937,0.131,79926.734
0.10769396,0.069249108,0.131,80304.977
0.10536039,0.067320287,0.131,80611.258
0.10302682,0.065391466,0.131,80818.016
0.10069326,0.063462637,0.131,80906.852
0.098359689,0.061533809,0.131,80866.227
0.096026123,0.059604988,0.131,80702.898
0.093692556,0.057676159,0.131,80429.758
0.091358989,0.055747338,0.131,80035.305
0.08902543,0.053818509,0.131,79449.344
0.086691871,0.051889684,0.131,78431.07
0.084358297,0.049960859,0.131,76902.555
0.082024731,0.048032038,0.131,74525.32
0.079691164,0.046103209,0.131,71414.953
0.077357598,0.044174388,0.131,67174.148
0.075024031,0.042245559,0.131,62045.738
0.072690465,0.040316738,0.131,57411.688
0.070356898,0.03838791,0.131,55476.812
0.068023331,0.036459088,0.131,54650.609
0.065689765,0.03453026,0.131,54478.059
0.063356198,0.032601438,0.131,54422.527
0.061022636,0.030672612,0.131,54351.715
0.058689069,0.028743785,0.131,54248.168
0.21389876,0.1389997,0.131,50104.621
0.21041171,0.13794906,0.131,51323.906
0.20692465,0.13679338,0.131,52570.207
0.20343757,0.1355221,0.131,53846.824
0.19995052,0.13412371,0.131,55158.508
0.19646345,0.13258547,0.131,56512.16
0.1929764,0.13089341,0.131,57919.172
0.18948933,0.12904269,0.131,59395.77
0.18600225,0.12711386,0.131,60956.113
0.18251519,0.12518504,0.131,62593.133
0.17902812,0.12325621,0.131,64278.371
0.17554107,0.12132739,0.131,65960.336
0.17205401,0.11939856,0.131,67579.336
0.16856694,0.11746974,0.131,69076.367
0.16507988,0.11554092,0.131,70408.117
0.16159281,0.11361209,0.131,71547.867
0.15810576,0.11168326,0.131,72496.133
0.15486297,0.10975444,0.131,73220.773
0.15211432,0.10782561,0.131,73726.156
0.14969815,0.10589679,0.131,74112.578
0.14736459,0.10396796,0.131,74442.305
0.14503101,0.10203914,0.131,74743.32
0.14269745,0.10011031,0.131,75027.148
0.14036389,0.098181486,0.131,75304.328
0.13803032,0.096252665,0.131,75583.086
0.13569674,0.094323844,0.131,75868.242
0.13336319,0.092395008,0.131,76161.484
0.13102962,0.090466186,0.131,76461.703
0.12869605,0.088537365,0.131,76771.812
0.12636247,0.086608537,0.131,77094.602
0.12402891,0.084679708,0.131,77437.961
0.12169535,0.082750887,0.131,77803.977
0.11936179,0.080822065,0.131,78196.602
0.11702822,0.078893237,0.131,78613.703
0.11469465,0.076964408,0.131,79056.711
0.11236109,0.075035587,0.131,79511.562
0.11002752,0.073106766,0.131,79960.289
0.10769396,0.071177937,0.131,80371.352
0.10536039,0.069249108,0.131,80717.484
0.10302682,0.067320287,0.131,80966.375
0.10069326,0.065391466,0.131,81096.945
0.098359689,0.063462637,0.131,81094.188
0.096026123,0.061533809,0.131,80956.508
0.093692556,0.059604988,0.131,80689.344
0.091358989,0.057676159,0.131,80268.781
0.08902543,0.055747338,0.131,79607.094
0.086691871,0.053818509,0.131,78529.672
0.084358297,0.051889684,0.131,76929.5
0.082024731,0.049960859,0.131,74466.258
0.079691164,0.048032038,0.131,71326.195
0.077357598,0.046103209,0.131,66889.969
0.075024031,0.044174388,0.131,61631.43
0.072690465,0.042245559,0.131,56749.762
0.070356898,0.040316738,0.131,54980.145
0.068023331,0.03838791,0.131,54229.051
0.065689765,0.036459088,0.131,54110.688
0.063356198,0.03453026,0.131,54076.66
0.061022636,0.032601438,0.131,54018.805
0.058689069,0.030672612,0.131,53927.711
0.21041171,0.1389997,0.131,51366.562
0.20692465,0.13794906,0.131,52616.621
0.20343757,0.13679338,0.131,53895.766
0.19995052,0.1355221,0.131,55207.332
0.19646345,0.13412371,0.131,56556.441
0.1929764,0.13258547,0.131,57951.672
0.18948933,0.13089341,0.131,59405.523
0.18600225,0.12904269,0.131,60933.582
0.18251519,0.12711386,0.131,62537.184
0.17902812,0.12518504,0.131,64194.656
0.17554107,0.12325621,0.131,65857.469
0.17205401,0.12132739,0.131,67464.0
0.16856694,0.11939856,0.131,68951.75
0.16507988,0.11746974,0.131,70276.039
0.16159281,0.11554092,0.131,71411.172
0.15810576,0.11361209,0.131,72359.383
0.15486297,0.11168326,0.131,73087.109
0.15211432,0.10975444,0.131,73601.102
0.14969815,0.10782561,0.131,73996.07
0.14736459,0.10589679,0.131,74337.703
0.14503101,0.10396796,0.131,74649.266
0.14269745,0.10203914,0.131,74944.469
0.14036389,0.10011031,0.131,75231.422
0.13803032,0.098181486,0.131,75518.227
0.13569674,0.096252665,0.131,75810.469
0.13336319,0.094323844,0.131,76110.227
0.13102962,0.092395008,0.131,76416.906
0.12869605,0.090466186,0.131,76731.047
0.12636247,0.088537365,0.131,77058.945
0.12402891,0.086608537,0.131,77405.117
0.12169535,0.084679708,0.131,77775.359
0.11936179,0.082750887,0.131,78170.188
0.11702822,0.080822065,0.131,78592.773
0.11469465,0.078893237,0.131,79039.641
0.11236109,0.076964408,0.131,79506.758
0.11002752,0.075035587,0.131,79972.852
0.10769396,0.073106766,0.131,80414.219
0.10536039,0.071177937,0.131,80797.07
0.10302682,0.069249108,0.131,81087.188
0.10069326,0.067320287,0.131,81256.57
0.098359689,0.065391466,0.131,81287.445
0.096026123,0.063462637,0.131,81177.484
0.093692556,0.061533809,0.131,80908.57
0.091358989,0.059604988,0.131,80475.102
0.08902543,0.057676159,0.131,79727.156
0.086691871,0.055747338,0.131,78590.633
0.084358297,0.053818509,0.131,76920.852
0.082024731,0.051889684,0.131,74382.188
0.079691164,0.049960859,0.131,71214.055
0.077357598,0.048032038,0.131,66587.445
0.075024031,0.046103209,0.131,61211.746
0.072690465,0.044174388,0.131,56101.207
0.070356898,0.042245559,0.131,54514.738
0.068023331,0.040316738,0.131,53841.43
0.065689765,0.03838791,0.131,53771.141
0.063356198,0.036459088,0.131,53753.156
0.061022636,0.03453026,0.131,53705.859
0.058689069,0.032601438,0.131,53625.863
0.20692465,0.1389997,0.131,52658.691
0.20343757,0.13794906,0.131,53940.441
0.19995052,0.13679338,0.131,55252.543
0.19646345,0.1355221,0.131,56598.602
0.1929764,0.13412371,0.131,57984.945
0.18948933,0.13258547,0.131,59420.898
0.18600225,0.13089341,0.131,60919.91
0.18251519,0.12904269,0.131,62488.293
0.17902812,0.12711386,0.131,64114.641
0.17554107,0.12518504,0.131,65754.852
0.17205401,0.12325621,0.131,67347.172
0.16856694,0.12132739,0.131,68825.859
0.16507988,0.11939856,0.131,70143.492
0.16159281,0.11746974,0.131,71274.469
0.15810576,0.11554092,0.131,72221.609
0.15486297,0.11361209,0.131,72952.594
0.15211432,0.11168326,0.131,73472.617
0.14969815,0.10975444,0.131,73877.516
0.14736459,0.10782561,0.131,74228.375
0.14503101,0.10589679,0.131,74552.266
0.14269745,0.10396796,0.131,74857.57
0.14036389,0.10203914,0.131,75155.0
0.13803032,0.10011031,0.131,75450.055
0.13569674,0.098181486,0.131,75749.039
0.13336319,0.096252665,0.131,76055.016
0.13102962,0.094323844,0.131,76367.844
0.12869605,0.092395008,0.131,76687.656
0.12636247,0.090466186,0.131,77018.367
0.12402891,0.088537365,0.131,77368.281
0.12169535,0.086608537,0.131,77740.453
0.11936179,0.084679708,0.131,78138.422
0.11702822,0.082750887,0.131,78561.711
0.11469465,0.080822065,0.131,79012.992
0.11236109,0.078893237,0.131,79485.555
0.11002752,0.076964408,0.131,79967.852
0.10769396,0.075035587,0.131,80431.586
0.10536039,0.073106766,0.131,80849.008
0.10302682,0.071177937,0.131,81178.977
0.10069326,0.069249108,0.131,81384.695
0.098359689,0.067320287,0.131,81448.773
0.096026123,0.065391466,0.131,81364.258
0.093692556,0.063462637,0.131,81089.062
0.091358989,0.061533809,0.131,80635.703
0.08902543,0.059604988,0.131,79803.953
0.086691871,0.057676159,0.131,78613.898
0.084358297,0.055747338,0.131,76880.242
0.082024731,0.053818509,0.131,74291.781
0.079691164,0.051889684,0.131,71086.453
0.077357598,0.049960859,0.131,66275.469
0.075024031,0.048032038,0.131,60795.902
0.072690465,0.046103209,0.131,55476.598
0.070356898,0.044174388,0.131,54086.832
0.068023331,0.042245559,0.131,53489.219
0.065689765,0.040316738,0.131,53460.07
0.063356198,0.03838791,0.131,53453.59
0.061022636,0.036459088,0.131,53414.699
0.058689069,0.03453026,0.131,53344.68
0.20343757,0.1389997,0.131,53981.188
0.19995052,0.13794906,0.131,55294.211
0.19646345,0.13679338,0.131,56638.293
0.1929764,0.1355221,0.131,58017.895
0.18948933,0.13412371,0.131,59439.594
0.18600225,0.13258547,0.131,60914.211
0.18251519,0.13089341,0.131,62448.637
0.17902812,0.12904269,0.131,64039.371
0.17554107,0.12711386,0.131,65653.273
0.17205401,0.12518504,0.131,67228.836
0.16856694,0.12325621,0.131,68698.086
0.16507988,0.12132739,0.131,70009.914
0.16159281,0.11939856,0.131,71137.453
0.15810576,0.11746974,0.131,72083.539
0.15486297,0.11554092,0.131,72816.312
0.15211432,0.11361209,0.131,73342.742
0.14969815,0.11168326,0.131,73754.992
0.14736459,0.10975444,0.131,74116.812
0.14503101,0.10782561,0.131,74450.266
0.14269745,0.10589679,0.131,74767.82
0.14036389,0.10396796,0.131,75074.344
0.13803032,0.10203914,0.131,75378.555
0.13569674,0.10011031,0.131,75684.227
0.13336319,0.098181486,0.131,75995.977
0.13102962,0.096252665,0.131,76314.555
0.12869605,0.094323844,0.131,76639.984
0.12636247,0.092395008,0.131,76974.773
0.12402891,0.090466186,0.131,77325.781
0.12169535,0.088537365,0.131,77700.117
0.11936179,0.086608537,0.131,78098.711
0.11702822,0.084679708,0.131,78523.234
0.11469465,0.082750887,0.131,78973.406
0.11236109,0.080822065,0.131,79450.75
0.11002752,0.078893237,0.131,79941.945
0.10769396,0.076964408,0.131,80426.469
0.10536039,0.075035587,0.131,80871.141
0.10302682,0.073106766,0.131,81240.156
0.10069326,0.071177937,0.131,81478.797
0.098359689,0.069249108,0.131,81579.352
0.096026123,0.067320287,0.131,81514.43
0.093692556,0.065391466,0.131,81232.656
0.091358989,0.063462637,0.131,80745.164
0.08902543,0.061533809,0.131,79854.875
0.086691871,0.059604988,0.131,78610.336
0.084358297,0.057676159,0.131,76810.422
0.082024731,0.055747338,0.131,74212.656
0.079691164,0.053818509,0.131,70944.289
0.077357598,0.051889684,0.131,65990.156
0.075024031,0.049960859,0.131,60397.438
0.072690465,0.048032038,0.131,54885.453
0.070356898,0.046103209,0.131,53697.301
0.068023331,0.044174388,0.131,53174.406
0.065689765,0.042245559,0.131,53177.477
0.063356198,0.040316738,0.131,53178.984
0.061022636,0.03838791,0.131,53146.762
0.058689069,0.036459088,0.131,53085.609
0.056355506,0.03453026,0.131,53009.629
0.19995052,0.1389997,0.131,55332.512
0.19646345,0.13794906,0.131,56675.336
0.1929764,0.13679338,0.131,58049.785
0.18948933,0.1355221,0.131,59460.102
0.18600225,0.13412371,0.131,60914.465
0.18251519,0.13258547,0.131,62419.07
0.17902812,0.13089341,0.131,63972.461
0.17554107,0.12904269,0.131,65553.57
0.17205401,0.12711386,0.131,67109.141
0.16856694,0.12518504,0.131,68567.836
0.16507988,0.12325621,0.131,69874.547
0.16159281,0.12132739,0.131,70999.656
0.15810576,0.11939856,0.131,71945.016
0.15486297,0.11746974,0.131,72679.219
0.15211432,0.11554092,0.131,73210.383
0.14969815,0.11361209,0.131,73630.641
0.14736459,0.11168326,0.131,74000.758
0.14503101,0.10975444,0.131,74345.852
0.14269745,0.10782561,0.131,74672.805
0.14036389,0.10589679,0.131,74990.945
0.13803032,0.10396796,0.131,75302.758
0.13569674,0.10203914,0.131,75616.062
0.13336319,0.10011031,0.131,75933.164
0.13102962,0.098181486,0.131,76257.016
0.12869605,0.096252665,0.131,76587.508
0.12636247,0.094323844,0.131,76926.414
0.12402891,0.092395008,0.131,77279.047
0.12169535,0.090466186,0.131,77652.508
0.11936179,0.088537365,0.131,78051.445
0.11702822,0.086608537,0.131,78474.672
0.11469465,0.084679708,0.131,78923.711
0.11236109,0.082750887,0.131,79399.344
0.11002752,0.080822065,0.131,79897.773
0.10769396,0.078893237,0.131,80395.82
0.10536039,0.076964408,0.131,80865.961
0.10302682,0.075035587,0.131,81267.539
0.10069326,0.073106766,0.131,81537.633
0.098359689,0.071177937,0.131,81677.297
0.096026123,0.069249108,0.131,81631.328
0.093692556,0.067320287,0.131,81346.828
0.091358989,0.065391466,0.131,80809.32
0.08902543,0.063462637,0.131,79882.312
0.086691871,0.061533809,0.131,78580.984
0.084358297,0.059604988,0.131,76715.977
0.082024731,0.057676159,0.131,74162.586
0.079691164,0.055747338,0.131,70802.242
0.077357598,0.053818509,0.131,65727.102
0.075024031,0.051889684,0.131,60021.613
0.072690465,0.049960859,0.131,54334.652
0.070356898,0.048032038,0.131,53345.121
0.068023331,0.046103209,0.131,52897.594
0.065689765,0.044174388,0.131,52922.695
0.063356198,0.042245559,0.131,52929.762
0.061022636,0.040316738,0.131,52902.977
0.058689069,0.03838791,0.131,52849.703
0.056355506,0.036459088,0.131,52784.238
0.05402194,0.03453026,0.131,52717.969
0.19646345,0.1389997,0.131,56709.734
0.1929764,0.13794906,0.131,58080.148
0.18948933,0.13679338,0.131,59481.27
0.18600225,0.1355221,0.131,60918.824
0.18251519,0.13412371,0.131,62397.445
0.17902812,0.13258547,0.131,63916.582
0.17554107,0.13089341,0.131,65460.551
0.17205401,0.12904269,0.131,66988.445
0.16856694,0.12711386,0.131,68434.688
0.16507988,0.12518504,0.131,69736.5
0.16159281,0.12325621,0.131,70860.383
0.15810576,0.12132739,0.131,71805.836
0.15486297,0.11939856,0.131,72541.281
0.15211432,0.11746974,0.131,73076.727
0.14969815,0.11554092,0.131,73503.195
0.14736459,0.11361209,0.131,73882.461
0.14503101,0.11168326,0.131,74236.445
0.14269745,0.10975444,0.131,74575.203
0.14036389,0.10782561,0.131,74902.016
0.13803032,0.10589679,0.131,75224.266
0.13569674,0.10396796,0.131,75543.359
0.13336319,0.10203914,0.131,75866.625
0.13102962,0.10011031,0.131,76194.859
0.12869605,0.098181486,0.131,76529.953
0.12636247,0.096252665,0.131,76872.203
0.12402891,0.094323844,0.131,77226.312
0.12169535,0.092395008,0.131,77598.617
0.11936179,0.090466186,0.131,77994.695
0.11702822,0.088537365,0.131,78416.117
0.11469465,0.086608537,0.131,78861.508
0.11236109,0.084679708,0.131,79334.555
0.11002752,0.082750887,0.131,79832.664
0.10769396,0.080822065,0.131,80342.023
0.10536039,0.078893237,0.131,80830.812
0.10302682,0.076964408,0.131,81262.109
0.10069326,0.075035587,0.131,81562.109
0.098359689,0.073106766,0.131,81747.422
0.096026123,0.071177937,0.131,81715.125
0.093692556,0.069249108,0.131,81432.859
0.091358989,0.067320287,0.131,80849.93
0.08902543,0.065391466,0.131,79886.438
0.086691871,0.063462637,0.131,78534.906
0.084358297,0.061533809,0.131,76606.094
0.082024731,0.059604988,0.131,74133.742
0.079691164,0.057676159,0.131,70671.82
0.077357598,0.055747338,0.131,65481.766
0.075024031,0.053818509,0.131,59678.992
0.072690465,0.051889684,0.131,53830.754
0.070356898,0.049960859,0.131,53030.191
0.068023331,0.048032038,0.131,52658.656
0.065689765,0.046103209,0.131,52695.121
0.063356198,0.044174388,0.131,52705.836
0.061022636,0.042245559,0.131,52683.5
0.058689069,0.040316738,0.131,52637.352
0.056355506,0.03838791,0.131,52581.477
0.05402194,0.036459088,0.131,52525.797
0.1929764,0.1389997,0.131,58108.789
0.18948933,0.13794906,0.131,59502.332
0.18600225,0.13679338,0.131,60925.75
0.18251519,0.1355221,0.131,62381.734
0.17902812,0.13412371,0.131,63870.355
0.17554107,0.13258547,0.131,65378.629
0.17205401,0.13089341,0.131,66872.43
0.16856694,0.12904269,0.131,68298.438
0.16507988,0.12711386,0.131,69594.992
0.16159281,0.12518504,0.131,70718.812
0.15810576,0.12325621,0.131,71665.625
0.15486297,0.12132739,0.131,72402.625
0.15211432,0.11939856,0.131,72941.836
0.14969815,0.11746974,0.131,73374.016
0.14736459,0.11554092,0.131,73760.523
0.14503101,0.11361209,0.131,74124.406
0.14269745,0.11168326,0.131,74472.094
0.14036389,0.10975444,0.131,74810.312
0.13803032,0.10782561,0.131,75139.914
0.13569674,0.10589679,0.131,75467.828
0.13336319,0.10396796,0.131,75794.922
0.13102962,0.10203914,0.131,76128.094
0.12869605,0.10011031,0.131,76466.523
0.12636247,0.098181486,0.131,76811.711
0.12402891,0.096252665,0.131,77166.148
0.12169535,0.094323844,0.131,77536.836
0.11936179,0.092395008,0.131,77929.203
0.11702822,0.090466186,0.131,78345.812
0.11469465,0.088537365,0.131,78786.938
0.11236109,0.086608537,0.131,79254.5
0.11002752,0.084679708,0.131,79750.312
0.10769396,0.082750887,0.131,80262.844
0.10536039,0.080822065,0.131,80767.867
0.10302682,0.078893237,0.131,81221.875
0.10069326,0.076964408,0.131,81557.617
0.098359689,0.075035587,0.131,81784.992
0.096026123,0.073106766,0.131,81770.43
0.093692556,0.071177937,0.131,81492.516
0.091358989,0.069249108,0.131,80872.602
0.08902543,0.067320287,0.131,79876.055
0.086691871,0.065391466,0.131,78481.625
0.084358297,0.063462637,0.131,76497.359
0.082024731,0.061533809,0.131,74114.484
0.079691164,0.059604988,0.131,70561.938
0.077357598,0.057676159,0.131,65245.961
0.075024031,0.055747338,0.131,59370.117
0.072690465,0.053818509,0.131,53374.238
0.070356898,0.051889684,0.131,52752.188
0.068023331,0.049960859,0.131,52453.512
0.065689765,0.048032038,0.131,52493.715
0.063356198,0.046103209,0.131,52506.82
0.061022636,0.044174388,0.131,52488.012
0.058689069,0.042245559,0.131,52448.23
0.056355506,0.040316738,0.131,52401.082
0.05402194,0.03838791,0.131,52354.895
0.051688373,0.036459088,0.131,52314.035
0.18948933,0.1389997,0.131,59522.867
0.18600225,0.13794906,0.131,60934.227
0.18251519,0.13679338,0.131,62370.641
0.17902812,0.1355221,0.131,63832.152
0.17554107,0.13412371,0.131,65307.219
0.17205401,0.13258547,0.131,66767.055
0.16856694,0.13089341,0.131,68165.195
0.16507988,0.12904269,0.131,69449.375
0.16159281,0.12711386,0.131,70574.039
0.15810576,0.12518504,0.131,71523.906
0.15486297,0.12325621,0.131,72263.367
0.15211432,0.12132739,0.131,72806.086
0.14969815,0.11939856,0.131,73243.219
0.14736459,0.11746974,0.131,73636.375
0.14503101,0.11554092,0.131,74008.133
0.14269745,0.11361209,0.131,74365.93
0.14036389,0.11168326,0.131,74712.539
0.13803032,0.10975444,0.131,75052.555
0.13569674,0.10782561,0.131,75385.953
0.13336319,0.10589679,0.131,75719.914
0.13102962,0.10396796,0.131,76054.953
0.12869605,0.10203914,0.131,76397.086
0.12636247,0.10011031,0.131,76743.797
0.12402891,0.098181486,0.131,77098.211
0.12169535,0.096252665,0.131,77465.656
0.11936179,0.094323844,0.131,77853.711
0.11702822,0.092395008,0.131,78264.438
0.11469465,0.090466186,0.131,78698.688
0.11236109,0.088537365,0.131,79159.688
0.11002752,0.086608537,0.131,79649.445
0.10769396,0.084679708,0.131,80162.32
0.10536039,0.082750887,0.131,80675.539
0.10302682,0.080822065,0.131,81149.977
0.10069326,0.078893237,0.131,81522.539
0.098359689,0.076964408,0.131,81779.82
0.096026123,0.075035587,0.131,81797.242
0.093692556,0.073106766,0.131,81529.648
0.091358989,0.071177937,0.131,80884.625
0.08902543,0.069249108,0.131,79859.844
0.086691871,0.067320287,0.131,78433.312
0.084358297,0.065391466,0.131,76401.156
0.082024731,0.063462637,0.131,74091.555
0.079691164,0.061533809,0.131,70478.391
0.077357598,0.059604988,0.131,65031.379
0.075024031,0.057676159,0.131,59087.645
0.072690465,0.055747338,0.131,52963.422
0.070356898,0.053818509,0.131,52509.871
0.068023331,0.051889684,0.131,52277.641
0.065689765,0.049960859,0.131,52317.68
0.063356198,0.048032038,0.131,52331.668
0.061022636,0.046103209,0.131,52315.684
0.058689069,0.044174388,0.131,52281.582
0.056355502,0.042245559,0.131,52242.164
0.05402194,0.040316738,0.131,52204.406
0.051688373,0.03838791,0.131,52171.48
0.18600225,0.1389997,0.131,60943.629
0.18251519,0.13794906,0.131,62363.066
0.17902812,0.13679338,0.131,63800.629
0.17554107,0.1355221,0.131,65245.125
0.17205401,0.13412371,0.131,66672.516
0.16856694,0.13258547,0.131,68041.836
0.16507988,0.13089341,0.131,69305.805
0.16159281,0.12904269,0.131,70425.203
0.15810576,0.12711386,0.131,71379.984
0.15486297,0.12518504,0.131,72123.492
0.15211432,0.12325621,0.131,72669.867
0.14969815,0.12132739,0.131,73111.297
0.14736459,0.11939856,0.131,73510.133
0.14503101,0.11746974,0.131,73889.117
0.14269745,0.11554092,0.131,74254.836
0.14036389,0.11361209,0.131,74611.18
0.13803032,0.11168326,0.131,74958.438
0.13569674,0.10975444,0.131,75300.656
0.13336319,0.10782561,0.131,75637.758
0.13102962,0.10589679,0.131,75977.523
0.12869605,0.10396796,0.131,76319.539
0.12636247,0.10203914,0.131,76668.211
0.12402891,0.10011031,0.131,77021.234
0.12169535,0.098181486,0.131,77385.023
0.11936179,0.096252665,0.131,77766.719
0.11702822,0.094323844,0.131,78171.18
0.11469465,0.092395008,0.131,78597.477
0.11236109,0.090466186,0.131,79049.359
0.11002752,0.088537365,0.131,79531.023
0.10769396,0.086608537,0.131,80039.555
0.10536039,0.084679708,0.131,80558.0
0.10302682,0.082750887,0.131,81046.219
0.10069326,0.080822065,0.131,81452.844
0.098359689,0.078893237,0.131,81731.102
0.096026123,0.076964408,0.131,81795.219
0.093692556,0.075035587,0.131,81546.336
0.091358989,0.073106766,0.131,80892.438
0.08902543,0.071177937,0.131,79844.812
0.086691871,0.069249108,0.131,78394.695
0.084358297,0.067320287,0.131,76321.914
0.082024731,0.065391466,0.131,74061.922
0.079691164,0.063462637,0.131,70422.711
0.077357598,0.061533809,0.131,64850.215
0.075024031,0.059604988,0.131,58820.195
0.072690465,0.057676159,0.131,52598.875
0.070356898,0.055747338,0.131,52302.094
0.068023331,0.053818509,0.131,52127.168
0.065689765,0.051889684,0.131,52165.262
0.063356198,0.049960859,0.131,52178.996
0.061022636,0.048032038,0.131,52165.184
0.058689069,0.046103209,0.131,52136.18
0.056355502,0.044174388,0.131,52103.477
0.05402194,0.042245559,0.131,52072.98
0.051688373,0.040316738,0.131,52046.941
0.18251519,0.1389997,0.131,62358.227
0.17902812,0.13794906,0.131,63774.305
0.17554107,0.13679338,0.131,65191.199
0.17205401,0.1355221,0.131,66588.133
0.16856694,0.13412371,0.131,67929.109
0.16507988,0.13258547,0.131,69171.523
0.16159281,0.13089341,0.131,70278.383
0.15810576,0.12904269,0.131,71233.086
0.15486297,0.12711386,0.131,71982.812
0.15211432,0.12518504,0.131,72533.461
0.14969815,0.12325621,0.131,72978.75
0.14736459,0.12132739,0.131,73382.273
0.14503101,0.11939856,0.131,73767.289
0.14269745,0.11746974,0.131,74140.242
0.14036389,0.11554092,0.131,74504.008
0.13803032,0.11361209,0.131,74860.008
0.13569674,0.11168326,0.131,75207.695
0.13336319,0.10975444,0.131,75551.43
0.13102962,0.10782561,0.131,75891.602
0.12869605,0.10589679,0.131,76236.18
0.12636247,0.10396796,0.131,76582.555
0.12402891,0.10203914,0.131,76934.977
0.12169535,0.10011031,0.131,77293.734
0.11936179,0.098181486,0.131,77668.555
0.11702822,0.096252665,0.131,78064.57
0.11469465,0.094323844,0.131,78483.008
0.11236109,0.092395008,0.131,78924.492
0.11002752,0.090466186,0.131,79394.906
0.10769396,0.088537365,0.131,79895.742
0.10536039,0.086608537,0.131,80414.398
0.10302682,0.084679708,0.131,80914.758
0.10069326,0.082750887,0.131,81347.086
0.098359689,0.080822065,0.131,81654.867
0.096026123,0.078893237,0.131,81763.18
0.093692556,0.076964408,0.131,81547.047
0.091358989,0.075035587,0.131,80897.055
0.08902543,0.073106766,0.131,79834.805
0.086691871,0.071177937,0.131,78363.555
0.084358297,0.069249108,0.131,76268.945
0.082024731,0.067320287,0.131,74027.539
0.079691164,0.065391466,0.131,70394.18
0.077357598,0.063462637,0.131,64711.918
0.075024031,0.061533809,0.131,58564.359
0.072690465,0.059604988,0.131,52288.676
0.070356898,0.057676159,0.131,52129.32
0.068023331,0.055747338,0.131,51998.582
0.065689765,0.053818509,0.131,52034.418
0.063356198,0.051889684,0.131,52047.117
0.061022636,0.049960859,0.131,52035.035
0.058689069,0.048032038,0.131,52010.402
0.056355502,0.046103209,0.131,51983.496
0.05402194,0.044174388,0.131,51959.094
0.051688373,0.042245559,0.131,51938.828
0.17902812,0.1389997,0.131,63751.875
0.17554107,0.13794906,0.131,65144.375
0.17205401,0.13679338,0.131,66513.062
0.16856694,0.1355221,0.131,67826.82
0.16507988,0.13412371,0.131,69047.492
0.16159281,0.13258547,0.131,70140.594
0.15810576,0.13089341,0.131,71089.008
0.15486297,0.12904269,0.131,71840.812
0.15211432,0.12711386,0.131,72396.914
0.14969815,0.12518504,0.131,72845.898
0.14736459,0.12325621,0.131,73253.195
0.14503101,0.12132739,0.131,73642.961
0.14269745,0.11939856,0.131,74021.766
0.14036389,0.11746974,0.131,74392.203
0.13803032,0.11554092,0.131,74754.539
0.13569674,0.11361209,0.131,75109.367
0.13336319,0.11168326,0.131,75456.188
0.13102962,0.10975444,0.131,75800.328
0.12869605,0.10782561,0.131,76142.477
0.12636247,0.10589679,0.131,76489.297
0.12402891,0.10396796,0.131,76836.859
0.12169535,0.10203914,0.131,77191.742
0.11936179,0.10011031,0.131,77558.164
0.11702822,0.098181486,0.131,77945.211
0.11469465,0.096252665,0.131,78353.773
0.11236109,0.094323844,0.131,78785.227
0.11002752,0.092395008,0.131,79242.43
0.10769396,0.090466186,0.131,79731.234
0.10536039,0.088537365,0.131,80245.812
0.10302682,0.086608537,0.131,80754.305
0.10069326,0.084679708,0.131,81208.867
0.098359689,0.082750887,0.131,81547.141
0.096026123,0.080822065,0.131,81703.75
0.093692556,0.078893237,0.131,81529.859
0.091358989,0.076964408,0.131,80900.977
0.08902543,0.075035587,0.131,79832.227
0.086691871,0.073106766,0.131,78342.805
0.084358297,0.071177937,0.131,76235.656
0.082024731,0.069249108,0.131,73995.703
0.079691164,0.067320287,0.131,70386.516
0.077357598,0.065391466,0.131,64611.363
0.075024031,0.063462637,0.131,58348.5
0.072690465,0.061533809,0.131,52038.336
0.070356898,0.059604988,0.131,51991.602
0.068023331,0.057676159,0.131,51888.586
0.065689765,0.055747338,0.131,51923.07
0.063356198,0.053818509,0.131,51934.246
0.061022636,0.051889684,0.131,51923.496
0.058689069,0.049960859,0.131,51902.566
0.056355502,0.048032038,0.131,51880.449
0.05402194,0.046103209,0.131,51861.109
0.051688373,0.044174388,0.131,51845.535
0.17554107,0.1389997,0.131,65103.914
0.17205401,0.13794906,0.131,66446.523
0.16856694,0.13679338,0.131,67734.508
0.16507988,0.1355221,0.131,68933.734
0.16159281,0.13412371,0.131,70012.602
0.15810576,0.13258547,0.131,70954.164
0.15486297,0.13089341,0.131,71702.906
0.15211432,0.12904269,0.131,72259.789
0.14969815,0.12711386,0.131,72712.734
0.14736459,0.12518504,0.131,73123.031
0.14503101,0.12325621,0.131,73516.227
0.14269745,0.12132739,0.131,73899.352
0.14036389,0.11939856,0.131,74274.984
0.13803032,0.11746974,0.131,74642.914
0.13569674,0.11554092,0.131,75002.398
0.13336319,0.11361209,0.131,75354.203
0.13102962,0.11168326,0.131,75698.469
0.12869605,0.10975444,0.131,76041.805
0.12636247,0.10782561,0.131,76383.641
0.12402891,0.10589679,0.131,76729.484
0.12169535,0.10396796,0.131,77076.414
0.11936179,0.10203914,0.131,77435.734
0.11702822,0.10011031,0.131,77812.141
0.11469465,0.098181486,0.131,78210.469
0.11236109,0.096252665,0.131,78630.031
0.11002752,0.094323844,0.131,79074.211
0.10769396,0.092395008,0.131,79547.82
0.10536039,0.090466186,0.131,80052.859
0.10302682,0.088537365,0.131,80565.461
0.10069326,0.086608537,0.131,81037.922
0.098359689,0.084679708,0.131,81408.344
0.096026123,0.082750887,0.131,81611.672
0.093692556,0.080822065,0.131,81491.875
0.091358989,0.078893237,0.131,80902.383
0.08902543,0.076964408,0.131,79837.305
0.086691871,0.075035587,0.131,78335.492
0.084358297,0.073106766,0.131,76217.461
0.082024731,0.071177937,0.131,73973.117
0.079691164,0.069249108,0.131,70382.969
0.077357598,0.067320287,0.131,64536.609
0.075024031,0.065391466,0.131,58178.125
0.072690465,0.063462637,0.131,51819.781
0.070356898,0.061533809,0.131,51890.344
0.068023331,0.059604988,0.131,51794.887
0.065689765,0.057676159,0.131,51829.223
0.063356198,0.055747338,0.131,51838.512
0.061022636,0.053818509,0.131,51828.777
0.058689069,0.051889684,0.131,51810.836
0.056355502,0.049960859,0.131,51792.613
0.05402194,0.048032038,0.131,51777.254
0.051688373,0.046103209,0.131,51765.457
0.17205401,0.1389997,0.131,66387.844
0.16856694,0.13794906,0.131,67651.656
0.16507988,0.13679338,0.131,68830.055
0.16159281,0.1355221,0.131,69894.32
0.15810576,0.13412371,0.131,70828.727
0.15486297,0.13258547,0.131,71574.688
0.15211432,0.13089341,0.131,72127.211
0.14969815,0.12904269,0.131,72578.648
0.14736459,0.12711386,0.131,72991.484
0.14503101,0.12518504,0.131,73386.828
0.14269745,0.12325621,0.131,73772.68
0.14036389,0.12132739,0.131,74151.828
0.13803032,0.11939856,0.131,74523.836
0.13569674,0.11746974,0.131,74887.359
0.13336319,0.11554092,0.131,75241.648
0.13102962,0.11361209,0.131,75588.258
0.12869605,0.11168326,0.131,75928.609
0.12636247,0.10975444,0.131,76269.195
0.12402891,0.10782561,0.131,76607.812
0.12169535,0.10589679,0.131,76950.617
0.11936179,0.10396796,0.131,77298.703
0.11702822,0.10203914,0.131,77665.641
0.11469465,0.10011031,0.131,78052.039
0.11236109,0.098181486,0.131,78459.555
0.11002752,0.096252665,0.131,78888.852
0.10769396,0.094323844,0.131,79346.664
0.10536039,0.092395008,0.131,79837.742
0.10302682,0.090466186,0.131,80348.531
0.10069326,0.088537365,0.131,80834.891
0.098359689,0.086608537,0.131,81236.93
0.096026123,0.084679708,0.131,81486.508
0.093692556,0.082750887,0.131,81427.703
0.091358989,0.080822065,0.131,80901.906
0.08902543,0.078893237,0.131,79850.117
0.086691871,0.076964408,0.131,78341.859
0.084358297,0.075035587,0.131,76212.18
0.082024731,0.073106766,0.131,73961.523
0.079691164,0.071177937,0.131,70382.156
0.077357598,0.069249108,0.131,64473.551
0.075024031,0.067320287,0.131,58077.996
0.072690465,0.065391466,0.131,51635.078
0.070356898,0.063462637,0.131,51824.305
0.068023331,0.061533809,0.131,51713.426
0.065689765,0.059604988,0.131,51750.949
0.063356198,0.057676159,0.131,51758.094
0.061022636,0.055747338,0.131,51749.062
0.058689069,0.053818509,0.131,51733.434
0.056355502,0.051889684,0.131,51718.195
0.05402194,0.049960859,0.131,51705.918
0.051688373,0.048032038,0.131,51696.961
0.049354807,0.046103209,0.131,51690.848
0.16856694,0.1389997,0.131,67577.789
0.16507988,0.13794906,0.131,68736.148
0.16159281,0.13679338,0.131,69785.617
0.15810576,0.1355221,0.131,70712.25
0.15486297,0.13412371,0.131,71455.602
0.15211432,0.13258547,0.131,72004.203
0.14969815,0.13089341,0.131,72448.469
0.14736459,0.12904269,0.131,72857.695
0.14503101,0.12711386,0.131,73254.117
0.14269745,0.12518504,0.131,73641.055
0.14036389,0.12325621,0.131,74022.008
0.13803032,0.12132739,0.131,74396.445
0.13569674,0.11939856,0.131,74762.578
0.13336319,0.11746974,0.131,75119.008
0.13102962,0.11554092,0.131,75465.531
0.12869605,0.11361209,0.131,75805.414
0.12636247,0.11168326,0.131,76140.266
0.12402891,0.10975444,0.131,76475.703
0.12169535,0.10782561,0.131,76809.164
0.11936179,0.10589679,0.131,77150.266
0.11702822,0.10396796,0.131,77503.203
0.11469465,0.10203914,0.131,77878.602
0.11236109,0.10011031,0.131,78272.641
0.11002752,0.098181486,0.131,78686.914
0.10769396,0.096252665,0.131,79126.844
0.10536039,0.094323844,0.131,79602.195
0.10302682,0.092395008,0.131,80105.508
0.10069326,0.090466186,0.131,80600.867
0.098359689,0.088537365,0.131,81031.039
0.096026123,0.086608537,0.131,81325.008
0.093692556,0.084679708,0.131,81336.984
0.091358989,0.082750887,0.131,80893.266
0.08902543,0.080822065,0.131,79870.008
0.086691871,0.078893237,0.131,78361.602
0.084358297,0.076964408,0.131,76218.766
0.082024731,0.075035587,0.131,73959.672
0.079691164,0.073106766,0.131,70385.453
0.077357598,0.071177937,0.131,64424.555
0.075024031,0.069249108,0.131,58016.023
0.072690465,0.067320287,0.131,51459.027
0.070356898,0.065391466,0.131,51786.555
0.068023331,0.063462637,0.131,51643.863
0.065689765,0.061533809,0.131,51686.25
0.063356198,0.059604988,0.131,51691.25
0.061022636,0.057676159,0.131,51682.621
0.058689069,0.055747338,0.131,51668.598
0.056355502,0.053818509,0.131,51655.566
0.05402194,0.051889684,0.131,51645.492
0.051688373,0.049960859,0.131,51638.617
0.049354807,0.048032038,0.131,51634.297
0.16507988,0.1389997,0.131,68651.742
0.16159281,0.13794906,0.131,69686.32
0.15810576,0.13679338,0.131,70604.383
0.15486297,0.1355221,0.131,71344.68
0.15211432,0.13412371,0.131,71889.875
0.14969815,0.13258547,0.131,72327.164
0.14736459,0.13089341,0.131,72726.422
0.14503101,0.12904269,0.131,73117.008
0.14269745,0.12711386,0.131,73503.609
0.14036389,0.12518504,0.131,73884.586
0.13803032,0.12325621,0.131,74259.789
0.13569674,0.12132739,0.131,74627.047
0.13336319,0.11939856,0.131,74984.406
0.13102962,0.11746974,0.131,75330.922
0.12869605,0.11554092,0.131,75668.047
0.12636247,0.11361209,0.131,75999.906
0.12402891,0.11168326,0.131,76327.5
0.12169535,0.10975444,0.131,76656.008
0.11936179,0.10782561,0.131,76985.008
0.11702822,0.10589679,0.131,77328.125
0.11469465,0.10396796,0.131,77687.578
0.11236109,0.10203914,0.131,78068.977
0.11002752,0.10011031,0.131,78467.375
0.10769396,0.098181486,0.131,78889.109
0.10536039,0.096252665,0.131,79346.117
0.10302682,0.094323844,0.131,79838.961
0.10069326,0.092395008,0.131,80337.719
0.098359689,0.090466186,0.131,80791.016
0.096026123,0.088537365,0.131,81126.234
0.093692556,0.086608537,0.131,81216.125
0.091358989,0.084679708,0.131,80872.945
0.08902543,0.082750887,0.131,79893.758
0.086691871,0.080822065,0.131,78394.969
0.084358297,0.078893237,0.131,76237.195
0.082024731,0.076964408,0.131,73967.578
0.079691164,0.075035587,0.131,70391.922
0.077357598,0.073106766,0.131,64397.531
0.075024031,0.071177937,0.131,58000.672
0.072690465,0.069249108,0.131,51325.137
0.070356898,0.067320287,0.131,51768.758
0.068023331,0.065391466,0.131,51585.125
0.065689765,0.063462637,0.131,51633.637
0.063356198,0.061533809,0.131,51636.316
0.061022636,0.059604988,0.131,51627.738
0.058689069,0.057676159,0.131,51614.75
0.056355502,0.055747338,0.131,51603.152
0.05402194,0.053818509,0.131,51594.57
0.051688373,0.051889684,0.131,51589.059
0.049354807,0.049960859,0.131,51586.02
0.16159281,0.1389997,0.131,69596.281
0.15810576,0.13794906,0.131,70504.844
0.15486297,0.13679338,0.131,71241.219
0.15211432,0.1355221,0.131,71782.984
0.14969815,0.13412371,0.131,72213.883
0.14736459,0.13258547,0.131,72603.0
0.14503101,0.13089341,0.131,72980.602
0.14269745,0.12904269,0.131,73359.188
0.14036389,0.12711386,0.131,73738.68
0.13803032,0.12518504,0.131,74112.938
0.13569674,0.12325621,0.131,74479.852
0.13336319,0.12132739,0.131,74836.992
0.13102962,0.11939856,0.131,75182.617
0.12869605,0.11746974,0.131,75517.359
0.12636247,0.11554092,0.131,75843.789
0.12402891,0.11361209,0.131,76166.344
0.12169535,0.11168326,0.131,76485.203
0.11936179,0.10975444,0.131,76807.094
0.11702822,0.10782561,0.131,77135.094
0.11469465,0.10589679,0.131,77482.469
0.11236109,0.10396796,0.131,77846.336
0.11002752,0.10203914,0.131,78229.953
0.10769396,0.10011031,0.131,78633.266
0.10536039,0.098181486,0.131,79070.82
0.10302682,0.096252665,0.131,79549.672
0.10069326,0.094323844,0.131,80048.258
0.098359689,0.092395008,0.131,80518.75
0.096026123,0.090466186,0.131,80894.547
0.093692556,0.088537365,0.131,81063.031
0.091358989,0.086608537,0.131,80830.359
0.08902543,0.084679708,0.131,79915.648
0.086691871,0.082750887,0.131,78435.844
0.084358297,0.080822065,0.131,76270.359
0.082024731,0.078893237,0.131,73984.805
0.079691164,0.076964408,0.131,70402.18
0.077357598,0.075035587,0.131,64395.223
0.075024031,0.073106766,0.131,57987.398
0.072690465,0.071177937,0.131,51214.645
0.070356898,0.069249108,0.131,51759.887
0.068023331,0.067320287,0.131,51536.164
0.065689765,0.065391466,0.131,51591.637
0.063356198,0.063462637,0.131,51591.801
0.061022636,0.061533809,0.131,51582.855
0.058689069,0.059604988,0.131,51570.297
0.056355502,0.057676159,0.131,51559.535
0.05402194,0.055747338,0.131,51551.828
0.051688373,0.053818509,0.131,51547.148
0.049354807,0.051889684,0.131,51544.863
0.04702124,0.049960859,0.131,51544.66
0.15810576,0.1389997,0.131,70413.609
0.15486297,0.13794906,0.131,71144.773
0.15211432,0.13679338,0.131,71682.742
0.14969815,0.1355221,0.131,72107.516
0.14736459,0.13412371,0.131,72487.016
0.14503101,0.13258547,0.131,72851.055
0.14269745,0.13089341,0.131,73213.703
0.14036389,0.12904269,0.131,73583.359
0.13803032,0.12711386,0.131,73955.25
0.13569674,0.12518504,0.131,74320.312
0.13336319,0.12325621,0.131,74675.898
0.13102962,0.12132739,0.131,75019.672
0.12869605,0.11939856,0.131,75351.422
0.12636247,0.11746974,0.131,75673.227
0.12402891,0.11554092,0.131,75988.195
0.12169535,0.11361209,0.131,76300.453
0.11936179,0.11168326,0.131,76610.547
0.11702822,0.10975444,0.131,76928.648
0.11469465,0.10782561,0.131,77258.367
0.11236109,0.10589679,0.131,77608.547
0.11002752,0.10396796,0.131,77973.219
0.10769396,0.10203914,0.131,78359.398
0.10536039,0.10011031,0.131,78777.398
0.10302682,0.098181486,0.131,79239.688
0.10069326,0.096252665,0.131,79734.086
0.098359689,0.094323844,0.131,80218.07
0.096026123,0.092395008,0.131,80629.352
0.093692556,0.090466186,0.131,80870.0
0.091358989,0.088537365,0.131,80756.703
0.08902543,0.086608537,0.131,79928.469
0.086691871,0.084679708,0.131,78485.906
0.084358297,0.082750887,0.131,76319.047
0.082024731,0.080822065,0.131,74012.078
0.079691164,0.078893237,0.131,70415.414
0.077357598,0.076964408,0.131,64416.199
0.075024031,0.075035587,0.131,57990.309
0.072690465,0.073106766,0.131,51169.82
0.070356898,0.071177937,0.131,51757.332
0.068023331,0.069249108,0.131,51495.141
0.065689765,0.067320287,0.131,51559.277
0.063356198,0.065391466,0.131,51556.359
0.061022636,0.063462637,0.131,51546.637
0.058689069,0.061533809,0.131,51533.945
0.056355502,0.059604988,0.131,51523.453
0.05402194,0.057676159,0.131,51516.102
0.051688373,0.055747338,0.131,51511.797
0.049354807,0.053818509,0.131,51509.887
0.04702124,0.051889684,0.131,51509.93
0.044805598,0.049960859,0.131,51513.074
0.15486297,0.1389997,0.131,71055.359
0.15211432,0.13794906,0.131,71588.664
0.14969815,0.13679338,0.131,72007.367
0.14736459,0.1355221,0.131,72377.711
0.14503101,0.13412371,0.131,72728.625
0.14269745,0.13258547,0.131,73074.438
0.14036389,0.13089341,0.131,73425.664
0.13803032,0.12904269,0.131,73786.086
0.13569674,0.12711386,0.131,74147.883
0.13336319,0.12518504,0.131,74500.562
0.13102962,0.12325621,0.131,74841.562
0.12869605,0.12132739,0.131,75169.812
0.12636247,0.11939856,0.131,75486.625
0.12402891,0.11746974,0.131,75794.977
0.12169535,0.11554092,0.131,76097.961
0.11936179,0.11361209,0.131,76399.719
0.11702822,0.11168326,0.131,76703.344
0.11469465,0.10975444,0.131,77020.531
0.11236109,0.10782561,0.131,77351.594
0.11002752,0.10589679,0.131,77701.531
0.10769396,0.10396796,0.131,78067.43
0.10536039,0.10203914,0.131,78466.734
0.10302682,0.10011031,0.131,78911.766
0.10069326,0.098181486,0.131,79397.664
0.098359689,0.096252665,0.131,79891.062
0.096026123,0.094323844,0.131,80335.086
0.093692556,0.092395008,0.131,80637.32
0.091358989,0.090466186,0.131,80626.32
0.08902543,0.088537365,0.131,79919.586
0.086691871,0.086608537,0.131,78545.438
0.084358297,0.084679708,0.131,76393.281
0.082024731,0.082750887,0.131,74049.688
0.079691164,0.080822065,0.131,70430.586
0.077357598,0.078893237,0.131,64460.438
0.075024031,0.076964408,0.131,58005.148
0.072690465,0.075035587,0.131,51144.793
0.070356898,0.073106766,0.131,51749.93
0.068023331,0.071177937,0.131,51459.477
0.065689765,0.069249108,0.131,51535.754
0.063356198,0.067320287,0.131,51528.809
0.061022636,0.065391466,0.131,51517.863
0.058689069,0.063462637,0.131,51504.574
0.056355502,0.061533809,0.131,51493.836
0.05402194,0.059604988,0.131,51486.422
0.051688373,0.057676159,0.131,51482.086
0.049354807,0.055747338,0.131,51480.215
0.04702124,0.053818509,0.131,51480.273
0.044805598,0.051889684,0.131,51483.082
0.15211432,0.1389997,0.131,71500.797
0.14969815,0.13794906,0.131,71913.094
0.14736459,0.13679338,0.131,72274.648
0.14503101,0.1355221,0.131,72613.023
0.14269745,0.13412371,0.131,72942.367
0.14036389,0.13258547,0.131,73273.992
0.13803032,0.13089341,0.131,73613.477
0.13569674,0.12904269,0.131,73962.398
0.13336319,0.12711386,0.131,74311.055
0.13102962,0.12518504,0.131,74648.188
0.12869605,0.12325621,0.131,74972.375
0.12636247,0.12132739,0.131,75284.078
0.12402891,0.11939856,0.131,75585.68
0.12169535,0.11746974,0.131,75880.508
0.11936179,0.11554092,0.131,76171.352
0.11702822,0.11361209,0.131,76464.336
0.11469465,0.11168326,0.131,76764.461
0.11236109,0.10975444,0.131,77081.461
0.11002752,0.10782561,0.131,77412.031
0.10769396,0.10589679,0.131,77762.258
0.10536039,0.10396796,0.131,78140.281
0.10302682,0.10203914,0.131,78567.594
0.10069326,0.10011031,0.131,79043.461
0.098359689,0.098181486,0.131,79540.312
0.096026123,0.096252665,0.131,80011.641
0.093692556,0.094323844,0.131,80367.859
0.091358989,0.092395008,0.131,80450.977
0.08902543,0.090466186,0.131,79889.828
0.086691871,0.088537365,0.131,78603.984
0.084358297,0.086608537,0.131,76489.953
0.082024731,0.084679708,0.131,74093.836
0.079691164,0.082750887,0.131,70449.266
0.077357598,0.080822065,0.131,64525.414
0.075024031,0.078893237,0.131,58030.871
0.072690465,0.076964408,0.131,51164.715
0.070356898,0.075035587,0.131,51769.203
0.068023331,0.073106766,0.131,51429.41
0.065689765,0.071177937,0.131,51520.285
0.063356198,0.069249108,0.131,51508.254
0.061022636,0.067320287,0.131,51495.574
0.058689069,0.065391466,0.131,51481.191
0.056355502,0.063462637,0.131,51469.797
0.05402194,0.061533809,0.131,51461.922
0.051688373,0.059604988,0.131,51457.266
0.049354807,0.057676159,0.131,51455.145
0.04702124,0.055747338,0.131,51454.98
0.044805598,0.053818509,0.131,51457.387
0.14969815,0.1389997,0.131,71824.828
0.14736459,0.13794906,0.131,72177.641
0.14503101,0.13679338,0.131,72504.141
0.14269745,0.1355221,0.131,72817.68
0.14036389,0.13412371,0.131,73130.008
0.13803032,0.13258547,0.131,73447.289
0.13569674,0.13089341,0.131,73773.211
0.13336319,0.12904269,0.131,74107.711
0.13102962,0.12711386,0.131,74440.133
0.12869605,0.12518504,0.131,74759.602
0.12636247,0.12325621,0.131,75066.078
0.12402891,0.12132739,0.131,75361.141
0.12169535,0.11939856,0.131,75647.781
0.11936179,0.11746974,0.131,75929.125
0.11702822,0.11554092,0.131,76209.25
0.11469465,0.11361209,0.131,76496.336
0.11236109,0.11168326,0.131,76794.766
0.11002752,0.10975444,0.131,77111.195
0.10769396,0.10782561,0.131,77442.227
0.10536039,0.10589679,0.131,77803.438
0.10302682,0.10396796,0.131,78210.336
0.10069326,0.10203914,0.131,78673.461
0.098359689,0.10011031,0.131,79171.391
0.096026123,0.098181486,0.131,79661.391
0.093692556,0.096252665,0.131,80067.359
0.091358989,0.094323844,0.131,80238.234
0.08902543,0.092395008,0.131,79832.781
0.086691871,0.090466186,0.131,78650.125
0.084358297,0.088537365,0.131,76599.008
0.082024731,0.086608537,0.131,74135.906
0.079691164,0.084679708,0.131,70468.25
0.077357598,0.082750887,0.131,64607.52
0.075024031,0.080822065,0.131,58073.82
0.072690465,0.078893237,0.131,51220.789
0.070356898,0.076964408,0.131,51760.816
0.068023331,0.075035587,0.131,51400.586
0.065689765,0.073106766,0.131,51514.449
0.063356198,0.071177937,0.131,51494.312
0.061022636,0.069249108,0.131,51478.945
0.058689069,0.067320287,0.131,51463.012
0.056355502,0.065391466,0.131,51450.539
0.05402194,0.063462637,0.131,51441.906
0.051688373,0.061533809,0.131,51436.633
0.049354807,0.059604988,0.131,51434.074
0.04702124,0.057676159,0.131,51433.469
0.044805598,0.055747338,0.131,51435.387
0.14736459,0.1389997,0.131,72086.93
0.14503101,0.13794906,0.131,72401.945
0.14269745,0.13679338,0.131,72700.539
0.14036389,0.1355221,0.131,72994.25
0.13803032,0.13412371,0.131,73289.727
0.13569674,0.13258547,0.131,73591.531
0.13336319,0.13089341,0.131,73901.305
0.13102962,0.12904269,0.131,74218.516
0.12869605,0.12711386,0.131,74532.789
0.12636247,0.12518504,0.131,74833.82
0.12402891,0.12325621,0.131,75122.602
0.12169535,0.12132739,0.131,75401.5
0.11936179,0.11939856,0.131,75673.492
0.11702822,0.11746974,0.131,75942.641
0.11469465,0.11554092,0.131,76214.734
0.11236109,0.11361209,0.131,76498.531
0.11002752,0.11168326,0.131,76796.531
0.10769396,0.10975444,0.131,77113.953
0.10536039,0.10782561,0.131,77455.727
0.10302682,0.10589679,0.131,77845.43
0.10069326,0.10396796,0.131,78292.438
0.098359689,0.10203914,0.131,78785.75
0.096026123,0.10011031,0.131,79290.188
0.093692556,0.098181486,0.131,79735.664
0.091358989,0.096252665,0.131,79988.5
0.08902543,0.094323844,0.131,79744.18
0.086691871,0.092395008,0.131,78675.586
0.084358297,0.090466186,0.131,76719.258
0.082024731,0.088537365,0.131,74172.188
0.079691164,0.086608537,0.131,70497.844
0.077357598,0.084679708,0.131,64697.145
0.075024031,0.082750887,0.131,58135.645
0.072690465,0.080822065,0.131,51308.727
0.070356898,0.078893237,0.131,51746.047
0.068023331,0.076964408,0.131,51411.527
0.065689765,0.075035587,0.131,51513.082
0.063356198,0.073106766,0.131,51486.695
0.061022636,0.071177937,0.131,51467.348
0.058689069,0.069249108,0.131,51449.375
0.056355502,0.067320287,0.131,51435.469
0.05402194,0.065391466,0.131,51425.766
0.051688373,0.063462637,0.131,51419.668
0.049354807,0.061533809,0.131,51416.445
0.04702124,0.059604988,0.131,51415.273
0.044805598,0.057676159,0.131,51416.598
0.14503101,0.1389997,0.131,72306.703
0.14269745,0.13794906,0.131,72591.07
0.14036389,0.13679338,0.131,72867.164
0.13803032,0.1355221,0.131,73141.703
0.13569674,0.13412371,0.131,73420.023
0.13336319,0.13258547,0.131,73704.281
0.13102962,0.13089341,0.131,73995.438
0.12869605,0.12904269,0.131,74293.766
0.12636247,0.12711386,0.131,74589.25
0.12402891,0.12518504,0.131,74871.93
0.12169535,0.12325621,0.131,75143.633
0.11936179,0.12132739,0.131,75406.914
0.11702822,0.11939856,0.131,75665.555
0.11469465,0.11746974,0.131,75924.945
0.11236109,0.11554092,0.131,76192.141
0.11002752,0.11361209,0.131,76475.414
0.10769396,0.11168326,0.131,76775.461
0.10536039,0.10975444,0.131,77103.32
0.10302682,0.10782561,0.131,77473.562
0.10069326,0.10589679,0.131,77905.281
0.098359689,0.10396796,0.131,78389.383
0.096026123,0.10203914,0.131,78899.258
0.093692556,0.10011031,0.131,79378.555
0.091358989,0.098181486,0.131,79702.875
0.08902543,0.096252665,0.131,79616.531
0.086691871,0.094323844,0.131,78674.789
0.084358297,0.092395008,0.131,76830.555
0.082024731,0.090466186,0.131,74199.328
0.079691164,0.088537365,0.131,70554.703
0.077357598,0.086608537,0.131,64804.191
0.075024031,0.084679708,0.131,58249.305
0.072690465,0.082750887,0.131,51450.477
0.070356898,0.080822065,0.131,51757.477
0.068023331,0.078893237,0.131,51450.07
0.065689765,0.076964408,0.131,51514.16
0.063356198,0.075035587,0.131,51484.473
0.061022636,0.073106766,0.131,51460.199
0.058689069,0.071177937,0.131,51439.805
0.056355502,0.069249108,0.131,51424.07
0.05402194,0.067320287,0.131,51413.047
0.051688373,0.065391466,0.131,51405.891
0.049354807,0.063462637,0.131,51401.84
0.04702124,0.061533809,0.131,51399.938
0.044805598,0.059604988,0.131,51400.625
0.042844683,0.057676159,0.131,51404.074
0.14269745,0.1389997,0.131,72489.594
0.14036389,0.13794906,0.131,72748.969
0.13803032,0.13679338,0.131,73003.797
0.13569674,0.1355221,0.131,73259.797
0.13336319,0.13412371,0.131,73519.555
0.13102962,0.13258547,0.131,73784.312
0.12869605,0.13089341,0.131,74055.719
0.12636247,0.12904269,0.131,74334.758
0.12402891,0.12711386,0.131,74611.586
0.12169535,0.12518504,0.131,74876.562
0.11936179,0.12325621,0.131,75131.859
0.11702822,0.12132739,0.131,75380.875
0.11469465,0.11939856,0.131,75628.336
0.11236109,0.11746974,0.131,75881.273
0.11002752,0.11554092,0.131,76147.586
0.10769396,0.11361209,0.131,76433.75
0.10536039,0.11168326,0.131,76744.555
0.10302682,0.10975444,0.131,77099.844
0.10069326,0.10782561,0.131,77514.055
0.098359689,0.10589679,0.131,77986.453
0.096026123,0.10396796,0.131,78495.156
0.093692556,0.10203914,0.131,78997.773
0.091358989,0.10011031,0.131,79379.289
0.08902543,0.098181486,0.131,79443.109
0.086691871,0.096252665,0.131,78641.719
0.084358297,0.094323844,0.131,76920.953
0.082024731,0.092395008,0.131,74229.18
0.079691164,0.090466186,0.131,70636.945
0.077357598,0.088537365,0.131,64946.531
0.075024031,0.086608537,0.131,58412.211
0.072690465,0.084679708,0.131,51613.512
0.070356898,0.082750887,0.131,51759.879
0.068023331,0.080822065,0.131,51477.621
0.065689765,0.078893237,0.131,51516.27
0.063356198,0.076964408,0.131,51485.426
0.061022636,0.075035587,0.131,51457.277
0.058689069,0.073106766,0.131,51433.906
0.056355502,0.071177937,0.131,51416.0
0.05402194,0.069249108,0.131,51403.363
0.051688373,0.067320287,0.131,51394.973
0.049354807,0.065391466,0.131,51389.891
0.04702124,0.063462637,0.131,51387.188
0.044805598,0.061533809,0.131,51387.086
0.042844683,0.059604988,0.131,51389.688
0.14036389,0.1389997,0.131,72639.977
0.13803032,0.13794906,0.131,72876.258
0.13569674,0.13679338,0.131,73111.383
0.13336319,0.1355221,0.131,73348.148
0.13102962,0.13412371,0.131,73588.023
0.12869605,0.13258547,0.131,73832.656
0.12636247,0.13089341,0.131,74084.18
0.12402891,0.12904269,0.131,74344.164
0.12169535,0.12711386,0.131,74602.922
0.11936179,0.12518504,0.131,74850.891
0.11702822,0.12325621,0.131,75091.172
0.11469465,0.12132739,0.131,75327.867
0.11236109,0.11939856,0.131,75567.352
0.11002752,0.11746974,0.131,75818.633
0.10769396,0.11554092,0.131,76088.484
0.10536039,0.11361209,0.131,76385.5
0.10302682,0.11168326,0.131,76723.195
0.10069326,0.10975444,0.131,77122.078
0.098359689,0.10782561,0.131,77580.57
0.096026123,0.10589679,0.131,78083.219
0.093692556,0.10396796,0.131,78597.625
0.091358989,0.10203914,0.131,79027.211
0.08902543,0.10011031,0.131,79215.375
0.086691871,0.098181486,0.131,78571.883
0.084358297,0.096252665,0.131,76985.477
0.082024731,0.094323844,0.131,74274.492
0.079691164,0.092395008,0.131,70745.5
0.077357598,0.090466186,0.131,65130.863
0.075024031,0.088537365,0.131,58631.477
0.072690465,0.086608537,0.131,51804.348
0.070356898,0.084679708,0.131,51777.867
0.068023331,0.082750887,0.131,51520.184
0.065689765,0.080822065,0.131,51528.273
0.063356198,0.078893237,0.131,51490.336
0.061022636,0.076964408,0.131,51458.461
0.058689069,0.075035587,0.131,51431.469
0.056355502,0.073106766,0.131,51410.992
0.05402194,0.071177937,0.131,51396.469
0.051688373,0.069249108,0.131,51386.609
0.049354807,0.067320287,0.131,51380.371
0.04702124,0.065391466,0.131,51376.703
0.044805598,0.063462637,0.131,51375.746
0.042844683,0.061533809,0.131,51377.441
0.13803032,0.1389997,0.131,72759.383
0.13569674,0.13794906,0.131,72974.961
0.13336319,0.13679338,0.131,73190.422
0.13102962,0.1355221,0.131,73407.258
0.12869605,0.13412371,0.131,73627.031
0.12636247,0.13258547,0.131,73851.641
0.12402891,0.13089341,0.131,74083.688
0.12169535,0.12904269,0.131,74325.219
0.11936179,0.12711386,0.131,74566.531
0.11702822,0.12518504,0.131,74798.836
0.11469465,0.12325621,0.131,75025.836
0.11236109,0.12132739,0.131,75253.133
0.11002752,0.11939856,0.131,75489.742
0.10769396,0.11746974,0.131,75744.641
0.10536039,0.11554092,0.131,76025.5
0.10302682,0.11361209,0.131,76348.312
0.10069326,0.11168326,0.131,76729.07
0.098359689,0.10975444,0.131,77173.734
0.096026123,0.10782561,0.131,77667.703
0.093692556,0.10589679,0.131,78187.141
0.091358989,0.10396796,0.131,78651.109
0.08902543,0.10203914,0.131,78926.812
0.086691871,0.10011031,0.131,78465.703
0.084358297,0.098181486,0.131,77021.367
0.082024731,0.096252665,0.131,74350.297
0.079691164,0.094323844,0.131,70876.766
0.077357598,0.092395008,0.131,65353.402
0.075024031,0.090466186,0.131,58884.527
0.072690465,0.088537365,0.131,52018.004
0.070356898,0.086608537,0.131,51812.332
0.068023331,0.084679708,0.131,51564.434
0.065689765,0.082750887,0.131,51548.453
0.063356198,0.080822065,0.131,51501.789
0.061022636,0.078893237,0.131,51463.836
0.058689069,0.076964408,0.131,51432.418
0.056355502,0.075035587,0.131,51408.895
0.05402194,0.073106766,0.131,51392.164
0.051688373,0.071177937,0.131,51380.625
0.049354807,0.069249108,0.131,51373.043
0.04702124,0.067320287,0.131,51368.289
0.044805598,0.065391466,0.131,51366.344
0.042844683,0.063462637,0.131,51367.125
0.041139543,0.061533809,0.131,51370.074
0.13569674,0.1389997,0.131,72850.672
0.13336319,0.13794906,0.131,73046.344
0.13102962,0.13679338,0.131,73242.0
0.12869605,0.1355221,0.131,73438.984
0.12636247,0.13412371,0.131,73638.938
0.12402891,0.13258547,0.131,73844.047
0.12169535,0.13089341,0.131,74057.242
0.11936179,0.12904269,0.131,74280.883
0.11702822,0.12711386,0.131,74505.961
0.11469465,0.12518504,0.131,74724.117
0.11236109,0.12325621,0.131,74940.391
0.11002752,0.12132739,0.131,75163.273
0.10769396,0.11939856,0.131,75402.852
0.10536039,0.11746974,0.131,75668.695
0.10302682,0.11554092,0.131,75974.398
0.10069326,0.11361209,0.131,76338.484
0.098359689,0.11168326,0.131,76766.742
0.096026123,0.10975444,0.131,77250.617
0.093692556,0.10782561,0.131,77768.688
0.091358989,0.10589679,0.131,78260.281
0.08902543,0.10396796,0.131,78590.711
0.086691871,0.10203914,0.131,78315.75
0.084358297,0.10011031,0.131,77024.094
0.082024731,0.098181486,0.131,74452.281
0.079691164,0.096252665,0.131,71023.438
0.077357598,0.094323844,0.131,65598.25
0.075024031,0.092395008,0.131,59156.207
0.072690465,0.090466186,0.131,52270.629
0.070356898,0.088537365,0.131,51873.586
0.068023331,0.086608537,0.131,51620.266
0.065689765,0.084679708,0.131,51577.145
0.063356198,0.082750887,0.131,51519.574
0.061022636,0.080822065,0.131,51473.562
0.058689069,0.078893237,0.131,51436.805
0.056355502,0.076964408,0.131,51409.676
0.05402194,0.075035587,0.131,51390.352
0.051688373,0.073106766,0.131,51376.871
0.049354807,0.071177937,0.131,51367.777
0.04702124,0.069249108,0.131,51361.781
0.044805598,0.067320287,0.131,51358.773
0.042844683,0.065391466,0.131,51358.539
0.041139543,0.063462637,0.131,51360.504
0.03965681,0.061533809,0.131,51364.336
0.13336319,0.1389997,0.131,72915.758
0.13102962,0.13794906,0.131,73091.828
0.12869605,0.13679338,0.131,73267.992
0.12636247,0.1355221,0.131,73445.523
0.12402891,0.13412371,0.131,73626.195
0.12169535,0.13258547,0.131,73812.391
0.11936179,0.13089341,0.131,74007.328
0.11702822,0.12904269,0.131,74214.086
0.11469465,0.12711386,0.131,74424.211
0.11236109,0.12518504,0.131,74630.391
0.11002752,0.12325621,0.131,74840.492
0.10769396,0.12132739,0.131,75065.055
0.10536039,0.11939856,0.131,75314.961
0.10302682,0.11746974,0.131,75604.43
0.10069326,0.11554092,0.131,75949.812
0.098359689,0.11361209,0.131,76361.758
0.096026123,0.11168326,0.131,76832.906
0.093692556,0.10975444,0.131,77347.117
0.091358989,0.10782561,0.131,77850.156
0.08902543,0.10589679,0.131,78232.766
0.086691871,0.10396796,0.131,78113.625
0.084358297,0.10203914,0.131,76986.234
0.082024731,0.10011031,0.131,74552.469
0.079691164,0.098181486,0.131,71176.25
0.077357598,0.096252665,0.131,65848.766
0.075024031,0.094323844,0.131,59441.867
0.072690465,0.092395008,0.131,52578.031
0.070356898,0.090466186,0.131,51969.879
0.068023331,0.088537365,0.131,51685.688
0.065689765,0.086608537,0.131,51615.273
0.063356198,0.084679708,0.131,51544.316
0.061022636,0.082750887,0.131,51488.082
0.058689069,0.080822065,0.131,51444.785
0.056355502,0.078893237,0.131,51413.363
0.05402194,0.076964408,0.131,51391.0
0.051688373,0.075035587,0.131,51375.277
0.049354807,0.073106766,0.131,51364.461
0.04702124,0.071177937,0.131,51357.09
0.044805598,0.069249108,0.131,51352.883
0.042844683,0.067320287,0.131,51351.578
0.041139543,0.065391466,0.131,51352.508
0.03965681,0.063462637,0.131,51355.309
0.03836748,0.061533809,0.131,51359.836
0.13102962,0.1389997,0.131,72956.328
0.12869605,0.13794906,0.131,73113.273
0.12636247,0.13679338,0.131,73270.398
0.12402891,0.1355221,0.131,73428.961
0.12169535,0.13412371,0.131,73590.797
0.11936179,0.13258547,0.131,73758.602
0.11702822,0.13089341,0.131,73936.102
0.11469465,0.12904269,0.131,74126.992
0.11236109,0.12711386,0.131,74323.945
0.11002752,0.12518504,0.131,74522.094
0.10769396,0.12325621,0.131,74731.969
0.10536039,0.12132739,0.131,74965.633
0.10302682,0.11939856,0.131,75237.906
0.10069326,0.11746974,0.131,75565.25
0.098359689,0.11554092,0.131,75958.93
0.096026123,0.11361209,0.131,76416.297
0.093692556,0.11168326,0.131,76921.938
0.091358989,0.10975444,0.131,77434.047
0.08902543,0.10782561,0.131,77834.547
0.086691871,0.10589679,0.131,77854.023
0.084358297,0.10396796,0.131,76896.953
0.082024731,0.10203914,0.131,74638.695
0.079691164,0.10011031,0.131,71321.484
0.077357598,0.098181486,0.131,66106.359
0.075024031,0.096252665,0.131,59751.543
0.072690465,0.094323844,0.131,52942.207
0.070356898,0.092395008,0.131,52102.344
0.068023331,0.090466186,0.131,51762.617
0.065689765,0.088537365,0.131,51663.875
0.063356198,0.086608537,0.131,51576.617
0.061022636,0.084679708,0.131,51508.09
0.058689069,0.082750887,0.131,51456.699
0.056355502,0.080822065,0.131,51420.07
0.05402194,0.078893237,0.131,51394.129
0.051688373,0.076964408,0.131,51375.82
0.049354807,0.075035587,0.131,51363.039
0.04702124,0.073106766,0.131,51354.117
0.044805598,0.071177937,0.131,51348.617
0.042844683,0.069249108,0.131,51346.133
0.041139543,0.067320287,0.131,51346.004
0.03965681,0.065391466,0.131,51347.75
0.03836748,0.063462637,0.131,51351.211
0.12869605,0.1389997,0.131,72974.094
0.12636247,0.13794906,0.131,73112.391
0.12402891,0.13679338,0.131,73250.875
0.12169535,0.1355221,0.131,73390.75
0.11936179,0.13412371,0.131,73534.211
0.11702822,0.13258547,0.131,73684.164
0.11469465,0.13089341,0.131,73844.883
0.11236109,0.12904269,0.131,74021.312
0.11002752,0.12711386,0.131,74208.367
0.10769396,0.12518504,0.131,74404.0
0.10536039,0.12325621,0.131,74621.125
0.10302682,0.12132739,0.131,74875.625
0.10069326,0.11939856,0.131,75184.203
0.098359689,0.11746974,0.131,75559.508
0.096026123,0.11554092,0.131,76001.039
0.093692556,0.11361209,0.131,76496.094
0.091358989,0.11168326,0.131,77006.914
0.08902543,0.10975444,0.131,77423.625
0.086691871,0.10782561,0.131,77555.133
0.084358297,0.10589679,0.131,76756.062
0.082024731,0.10396796,0.131,74692.133
0.079691164,0.10203914,0.131,71450.375
0.077357598,0.10011031,0.131,66388.078
0.075024031,0.098181486,0.131,60089.059
0.072690465,0.096252665,0.131,53349.367
0.070356898,0.094323844,0.131,52269.262
0.068023331,0.092395008,0.131,51851.543
0.065689765,0.090466186,0.131,51724.211
0.063356198,0.088537365,0.131,51617.703
0.061022636,0.086608537,0.131,51534.297
0.058689069,0.084679708,0.131,51473.023
0.056355502,0.082750887,0.131,51430.016
0.05402194,0.080822065,0.131,51399.828
0.051688373,0.078893237,0.131,51378.516
0.049354807,0.076964408,0.131,51363.492
0.04702124,0.075035587,0.131,51352.828
0.044805598,0.073106766,0.131,51345.898
0.042844683,0.071177937,0.131,51342.168
0.041139543,0.069249108,0.131,51340.898
0.03965681,0.067320287,0.131,51341.59
0.03836748,0.065391466,0.131,51343.984
0.12636247,0.1389997,0.131,72970.523
0.12402891,0.13794906,0.131,73090.477
0.12169535,0.13679338,0.131,73210.43
0.11936179,0.1355221,0.131,73331.914
0.11702822,0.13412371,0.131,73457.234
0.11469465,0.13258547,0.131,73589.672
0.11236109,0.13089341,0.131,73734.586
0.11002752,0.12904269,0.131,73899.156
0.10769396,0.12711386,0.131,74081.281
0.10536039,0.12518504,0.131,74281.781
0.10302682,0.12325621,0.131,74517.758
0.10069326,0.12132739,0.131,74806.953
0.098359689,0.11939856,0.131,75163.148
0.096026123,0.11746974,0.131,75588.133
0.093692556,0.11554092,0.131,76069.766
0.091358989,0.11361209,0.131,76575.055
0.08902543,0.11168326,0.131,77002.039
0.086691871,0.10975444,0.131,77211.734
0.084358297,0.10782561,0.131,76560.945
0.082024731,0.10589679,0.131,74703.477
0.079691164,0.10396796,0.131,71560.789
0.077357598,0.10203914,0.131,66693.625
0.075024031,0.10011031,0.131,60460.43
0.072690465,0.098181486,0.131,53800.457
0.070356898,0.096252665,0.131,52470.797
0.068023331,0.094323844,0.131,51956.605
0.065689765,0.092395008,0.131,51797.898
0.063356198,0.090466186,0.131,51668.855
0.061022636,0.088537365,0.131,51567.691
0.058689069,0.086608537,0.131,51494.344
0.056355502,0.084679708,0.131,51443.551
0.05402194,0.082750887,0.131,51408.25
0.051688373,0.080822065,0.131,51383.43
0.049354807,0.078893237,0.131,51365.836
0.04702124,0.076964408,0.131,51353.207
0.044805598,0.075035587,0.131,51344.703
0.042844683,0.073106766,0.131,51339.629
0.041139543,0.071177937,0.131,51337.156
0.03965681,0.069249108,0.131,51336.742
0.03836748,0.067320287,0.131,51338.098
0.12402891,0.1389997,0.131,72946.586
0.12169535,0.13794906,0.131,73048.148
0.11936179,0.13679338,0.131,73149.664
0.11702822,0.1355221,0.131,73252.781
0.11469465,0.13412371,0.131,73359.961
0.11236109,0.13258547,0.131,73475.422
0.11002752,0.13089341,0.131,73606.547
0.10769396,0.12904269,0.131,73763.547
0.10536039,0.12711386,0.131,73947.805
0.10302682,0.12518504,0.131,74164.688
0.10069326,0.12325621,0.131,74433.703
0.098359689,0.12132739,0.131,74769.906
0.096026123,0.11939856,0.131,75177.391
0.093692556,0.11746974,0.131,75644.57
0.091358989,0.11554092,0.131,76139.445
0.08902543,0.11361209,0.131,76573.43
0.086691871,0.11168326,0.131,76835.758
0.084358297,0.10975444,0.131,76319.328
0.082024731,0.10782561,0.131,74661.086
0.079691164,0.10589679,0.131,71646.297
0.077357598,0.10396796,0.131,67008.664
0.075024031,0.10203914,0.131,60858.961
0.072690465,0.10011031,0.131,54297.297
0.070356898,0.098181486,0.131,52706.32
0.068023331,0.096252665,0.131,52080.289
0.065689765,0.094323844,0.131,51886.938
0.063356198,0.092395008,0.131,51731.68
0.061022636,0.090466186,0.131,51609.406
0.058689069,0.088537365,0.131,51521.449
0.056355502,0.086608537,0.131,51461.121
0.05402194,0.084679708,0.131,51419.66
0.051688373,0.082750887,0.131,51390.672
0.049354807,0.080822065,0.131,51370.121
0.04702124,0.078893237,0.131,51355.266
0.044805598,0.076964408,0.131,51345.023
0.042844683,0.075035587,0.131,51338.5
0.041139543,0.073106766,0.131,51334.75
0.03965681,0.071177937,0.131,51333.18
0.03836748,0.069249108,0.131,51333.461
0.12169535,0.1389997,0.131,72902.617
0.11936179,0.13794906,0.131,72985.633
0.11702822,0.13679338,0.131,73068.555
0.11469465,0.1355221,0.131,73153.016
0.11236109,0.13412371,0.131,73242.25
0.11002752,0.13258547,0.131,73342.273
0.10769396,0.13089341,0.131,73463.188
0.10536039,0.12904269,0.131,73619.125
0.10302682,0.12711386,0.131,73816.805
0.10069326,0.12518504,0.131,74064.695
0.098359689,0.12325621,0.131,74380.07
0.096026123,0.12132739,0.131,74768.727
0.093692556,0.11939856,0.131,75220.312
0.091358989,0.11746974,0.131,75703.25
0.08902543,0.11554092,0.131,76137.328
0.086691871,0.11361209,0.131,76431.32
0.084358297,0.11168326,0.131,76029.867
0.082024731,0.10975444,0.131,74558.086
0.079691164,0.10782561,0.131,71709.797
0.077357598,0.10589679,0.131,67306.781
0.075024031,0.10396796,0.131,61276.031
0.072690465,0.10203914,0.131,54839.363
0.070356898,0.10011031,0.131,52976.609
0.068023331,0.098181486,0.131,52225.789
0.065689765,0.096252665,0.131,51993.453
0.063356198,0.094323844,0.131,51807.809
0.061022636,0.092395008,0.131,51660.852
0.058689069,0.090466186,0.131,51555.242
0.056355502,0.088537365,0.131,51483.336
0.05402194,0.086608537,0.131,51434.375
0.051688373,0.084679708,0.131,51400.441
0.049354807,0.082750887,0.131,51376.43
0.04702124,0.080822065,0.131,51359.043
0.044805598,0.078893237,0.131,51346.867
0.042844683,0.076964408,0.131,51338.777
0.041139543,0.075035587,0.131,51333.672
0.03965681,0.073106766,0.131,51330.887
0.03836748,0.071177937,0.131,51330.062
0.11936179,0.1389997,0.131,72838.492
0.11702822,0.13794906,0.131,72902.656
0.11469465,0.13679338,0.131,72966.492
0.11236109,0.1355221,0.131,73032.195
0.11002752,0.13412371,0.131,73104.617
0.10769396,0.13258547,0.131,73192.234
0.10536039,0.13089341,0.131,73308.711
0.10302682,0.12904269,0.131,73474.297
0.10069326,0.12711386,0.131,73700.445
0.098359689,0.12518504,0.131,73993.695
0.096026123,0.12325621,0.131,74362.281
0.093692556,0.12132739,0.131,74797.039
0.091358989,0.11939856,0.131,75266.367
0.08902543,0.11746974,0.131,75696.336
0.086691871,0.11554092,0.131,76007.0
0.084358297,0.11361209,0.131,75699.844
0.082024731,0.11168326,0.131,74398.57
0.079691164,0.10975444,0.131,71737.008
0.077357598,0.10782561,0.131,67578.258
0.075024031,0.10589679,0.131,61702.715
0.072690465,0.10396796,0.131,55422.547
0.070356898,0.10203914,0.131,53283.0
0.068023331,0.10011031,0.131,52396.52
0.065689765,0.098181486,0.131,52119.512
0.063356198,0.096252665,0.131,51899.105
0.061022636,0.094323844,0.131,51723.516
0.058689069,0.092395008,0.131,51596.883
0.056355502,0.090466186,0.131,51510.898
0.054021936,0.088537365,0.131,51452.871
0.051688373,0.086608537,0.131,51412.977
0.049354807,0.084679708,0.131,51384.918
0.04702124,0.082750887,0.131,51364.605
0.044805598,0.080822065,0.131,51350.266
0.042844683,0.078893237,0.131,51340.473
0.041139543,0.076964408,0.131,51333.922
0.03965681,0.075035587,0.131,51329.855
0.03836748,0.073106766,0.131,51327.863
0.11702822,0.1389997,0.131,72753.758
0.11469465,0.13794906,0.131,72798.469
0.11236109,0.13679338,0.131,72842.891
0.11002752,0.1355221,0.131,72890.656
0.10769396,0.13412371,0.131,72948.82
0.10536039,0.13258547,0.131,73029.039
0.10302682,0.13089341,0.131,73150.891
0.10069326,0.12904269,0.131,73341.203
0.098359689,0.12711386,0.131,73611.195
0.096026123,0.12518504,0.131,73958.078
0.093692556,0.12325621,0.131,74374.602
0.091358989,0.12132739,0.131,74829.102
0.08902543,0.11939856,0.131,75251.18
0.086691871,0.11746974,0.131,75567.148
0.084358297,0.11554092,0.131,75334.844
0.082024731,0.11361209,0.131,74185.492
0.079691164,0.11168326,0.131,71723.195
0.077357598,0.10975444,0.131,67805.328
0.075024031,0.10782561,0.131,62126.027
0.072690465,0.10589679,0.131,56040.227
0.070356898,0.10396796,0.131,53626.344
0.068023331,0.10203914,0.131,52596.074
0.065689765,0.10011031,0.131,52267.148
0.063356198,0.098181486,0.131,52007.484
0.061022636,0.096252665,0.131,51799.207
0.058689069,0.094323844,0.131,51647.625
0.056355502,0.092395008,0.131,51544.738
0.054021936,0.090466186,0.131,51475.688
0.051688373,0.088537365,0.131,51428.637
0.049354807,0.086608537,0.131,51395.758
0.04702124,0.084679708,0.131,51372.074
0.044805598,0.082750887,0.131,51355.262
0.042844683,0.080822065,0.131,51343.605
0.041139543,0.078893237,0.131,51335.504
0.03965681,0.076964408,0.131,51330.082
0.03836748,0.075035587,0.131,51326.875
0.11469465,0.1389997,0.131,72647.609
0.11236109,0.13794906,0.131,72672.406
0.11002752,0.13679338,0.131,72697.914
0.10769396,0.1355221,0.131,72729.875
0.10536039,0.13412371,0.131,72778.094
0.10302682,0.13258547,0.131,72859.703
0.10069326,0.13089341,0.131,73001.523
0.098359689,0.12904269,0.131,73232.672
0.096026123,0.12711386,0.131,73556.352
0.093692556,0.12518504,0.131,73952.875
0.091358989,0.12325621,0.131,74391.023
0.08902543,0.12132739,0.131,74802.523
0.086691871,0.11939856,0.131,75116.297
0.084358297,0.11746974,0.131,74941.523
0.082024731,0.11554092,0.131,73922.203
0.079691164,0.11361209,0.131,71661.172
0.077357598,0.11168326,0.131,67979.539
0.075024031,0.10975444,0.131,62541.383
0.072690465,0.10782561,0.131,56684.566
0.070356898,0.10589679,0.131,54006.824
0.068023331,0.10396796,0.131,52828.32
0.065689765,0.10203914,0.131,52438.41
0.063356198,0.10011031,0.131,52134.84
0.061022636,0.098181486,0.131,51889.758
0.058689069,0.096252665,0.131,51709.039
0.056355502,0.094323844,0.131,51585.879
0.054021936,0.092395008,0.131,51503.555
0.051688373,0.090466186,0.131,51447.836
0.049354807,0.088537365,0.131,51409.234
0.04702124,0.086608537,0.131,51381.574
0.044805598,0.084679708,0.131,51361.961
0.042844683,0.082750887,0.131,51348.207
0.041139543,0.080822065,0.131,51338.438
0.03965681,0.078893237,0.131,51331.582
0.03836748,0.076964408,0.131,51327.086
0.11236109,0.1389997,0.131,72519.414
0.11002752,0.13794906,0.131,72524.484
0.10769396,0.13679338,0.131,72532.859
0.10536039,0.1355221,0.131,72552.609
0.10302682,0.13412371,0.131,72598.617
0.10069326,0.13258547,0.131,72695.375
0.098359689,0.13089341,0.131,72873.508
0.096026123,0.12904269,0.131,73156.953
0.093692556,0.12711386,0.131,73531.562
0.091358989,0.12518504,0.131,73951.805
0.08902543,0.12325621,0.131,74350.289
0.086691871,0.12132739,0.131,74656.352
0.084358297,0.11939856,0.131,74524.969
0.082024731,0.11746974,0.131,73616.711
0.079691164,0.11554092,0.131,71547.25
0.077357598,0.11361209,0.131,68097.266
0.075024031,0.11168326,0.131,62944.523
0.072690465,0.10975444,0.131,57345.98
0.070356898,0.10782561,0.131,54426.074
0.068023331,0.10589679,0.131,53097.223
0.065689765,0.10396796,0.131,52634.902
0.063356198,0.10203914,0.131,52283.07
0.061022636,0.10011031,0.131,51997.027
0.058689069,0.098181486,0.131,51782.82
0.056355502,0.096252665,0.131,51635.527
0.054021936,0.094323844,0.131,51537.289
0.051688373,0.092395008,0.131,51471.152
0.049354807,0.090466186,0.131,51425.637
0.04702124,0.088537365,0.131,51393.32
0.044805598,0.086608537,0.131,51370.453
0.042844683,0.084679708,0.131,51354.352
0.041139543,0.082750887,0.131,51342.746
0.03965681,0.080822065,0.131,51334.375
0.03836748,0.078893237,0.131,51328.508
0.11002752,0.1389997,0.131,72368.898
0.10769396,0.13794906,0.131,72355.727
0.10536039,0.13679338,0.131,72349.938
0.10302682,0.1355221,0.131,72364.188
0.10069326,0.13412371,0.131,72420.672
0.098359689,0.13258547,0.131,72548.742
0.096026123,0.13089341,0.131,72775.898
0.093692556,0.12904269,0.131,73110.195
0.091358989,0.12711386,0.131,73510.688
0.08902543,0.12518504,0.131,73894.281
0.086691871,0.12325621,0.131,74189.109
0.084358297,0.12132739,0.131,74089.266
0.082024731,0.11939856,0.131,73276.062
0.079691164,0.11746974,0.131,71384.57
0.077357598,0.11554092,0.131,68164.352
0.075024031,0.11361209,0.131,63336.543
0.072690465,0.11168326,0.131,58010.48
0.070356898,0.10975444,0.131,54884.836
0.068023331,0.10782561,0.131,53403.609
0.065689765,0.10589679,0.131,52857.508
0.063356198,0.10396796,0.131,52453.785
0.061022636,0.10203914,0.131,52122.949
0.058689069,0.10011031,0.131,51870.723
0.056355502,0.098181486,0.131,51695.195
0.054021936,0.096252665,0.131,51577.855
0.051688373,0.094323844,0.131,51499.223
0.049354807,0.092395008,0.131,51445.418
0.04702124,0.090466186,0.131,51407.566
0.044805598,0.088537365,0.131,51380.91
0.042844683,0.086608537,0.131,51362.105
0.041139543,0.084679708,0.131,51348.488
0.03965681,0.082750887,0.131,51338.453
0.03836748,0.080822065,0.131,51331.168
0.10769396,0.1389997,0.131,72196.875
0.10536039,0.13794906,0.131,72167.844
0.10302682,0.13679338,0.131,72153.617
0.10069326,0.1355221,0.131,72173.922
0.098359689,0.13412371,0.131,72256.516
0.096026123,0.13258547,0.131,72429.344
0.093692556,0.13089341,0.131,72705.359
0.091358989,0.12904269,0.131,73066.539
0.08902543,0.12711386,0.131,73433.891
0.086691871,0.12518504,0.131,73715.164
0.084358297,0.12325621,0.131,73637.68
0.082024731,0.12132739,0.131,72905.398
0.079691164,0.11939856,0.131,71177.32
0.077357598,0.11746974,0.131,68184.156
0.075024031,0.11554092,0.131,63691.84
0.072690465,0.11361209,0.131,58656.648
0.070356898,0.11168326,0.131,55376.133
0.068023331,0.10975444,0.131,53745.949
0.065689765,0.10782561,0.131,53106.898
0.063356198,0.10589679,0.131,52648.465
0.061022636,0.10396796,0.131,52269.266
0.058689069,0.10203914,0.131,51974.684
0.056355502,0.10011031,0.131,51766.406
0.054021936,0.098181486,0.131,51626.438
0.051688373,0.096252665,0.131,51532.824
0.049354807,0.094323844,0.131,51469.102
0.04702124,0.092395008,0.131,51424.664
0.044805598,0.090466186,0.131,51393.5
0.042844683,0.088537365,0.131,51371.617
0.041139543,0.086608537,0.131,51355.707
0.03965681,0.084679708,0.131,51343.887
0.03836748,0.082750887,0.131,51335.066
0.10536039,0.1389997,0.131,72004.711
0.10302682,0.13794906,0.131,71964.539
0.10069326,0.13679338,0.131,71952.203
0.098359689,0.1355221,0.131,71993.359
0.096026123,0.13412371,0.131,72115.758
0.093692556,0.13258547,0.131,72334.289
0.091358989,0.13089341,0.131,72636.523
0.08902543,0.12904269,0.131,72967.758
0.086691871,0.12711386,0.131,73234.594
0.084358297,0.12518504,0.131,73172.703
0.082024731,0.12325621,0.131,72509.57
0.079691164,0.12132739,0.131,70928.789
0.077357598,0.11939856,0.131,68159.508
0.075024031,0.11746974,0.131,64001.125
0.072690465,0.11554092,0.131,59268.023
0.070356898,0.11361209,0.131,55892.836
0.068023331,0.11168326,0.131,54124.133
0.065689765,0.10975444,0.131,53383.484
0.063356198,0.10782561,0.131,52868.086
0.061022636,0.10589679,0.131,52437.625
0.058689069,0.10396796,0.131,52096.539
0.056355502,0.10203914,0.131,51850.922
0.054021936,0.10011031,0.131,51684.316
0.051688373,0.098181486,0.131,51572.887
0.049354807,0.096252665,0.131,51497.309
0.04702124,0.094323844,0.131,51444.992
0.044805598,0.092395008,0.131,51408.527
0.042844683,0.090466186,0.131,51383.02
0.041139543,0.088537365,0.131,51364.543
0.03965681,0.086608537,0.131,51350.715
0.03836748,0.084679708,0.131,51340.262
0.10302682,0.1389997,0.131,71795.281
0.10069326,0.13794906,0.131,71753.148
0.098359689,0.13679338,0.131,71756.398
0.096026123,0.1355221,0.131,71831.828
0.093692556,0.13412371,0.131,71995.883
0.091358989,0.13258547,0.131,72239.312
0.08902543,0.13089341,0.131,72514.148
0.086691871,0.12904269,0.131,72746.031
0.084358297,0.12711386,0.131,72695.68
0.082024731,0.12518504,0.131,72092.539
0.079691164,0.12325621,0.131,70644.953
0.077357598,0.12132739,0.131,68091.531
0.075024031,0.11939856,0.131,64261.609
0.072690465,0.11746974,0.131,59832.895
0.070356898,0.11554092,0.131,56425.902
0.068023331,0.11361209,0.131,54536.648
0.065689765,0.11168326,0.131,53687.941
0.063356198,0.10975444,0.131,53113.043
0.061022636,0.10782561,0.131,52629.297
0.058689069,0.10589679,0.131,52238.18
0.056355502,0.10396796,0.131,51950.516
0.054021936,0.10203914,0.131,51752.98
0.051688373,0.10011031,0.131,51620.453
0.049354807,0.098181486,0.131,51530.797
0.04702124,0.096252665,0.131,51469.051
0.044805598,0.094323844,0.131,51426.309
0.042844683,0.092395008,0.131,51396.562
0.041139543,0.090466186,0.131,51375.098
0.03965681,0.088537365,0.131,51359.055
0.03836748,0.086608537,0.131,51346.797
0.10069326,0.1389997,0.131,71574.945
0.098359689,0.13794906,0.131,71543.289
0.096026123,0.13679338,0.131,71574.906
0.093692556,0.1355221,0.131,71687.219
0.091358989,0.13412371,0.131,71873.922
0.08902543,0.13258547,0.131,72092.758
0.086691871,0.13089341,0.131,72268.586
0.084358297,0.12904269,0.131,72206.148
0.082024731,0.12711386,0.131,71656.906
0.079691164,0.12518504,0.131,70331.305
0.077357598,0.12325621,0.131,67982.984
0.075024031,0.12132739,0.131,64469.613
0.072690465,0.11939856,0.131,60343.0
0.070356898,0.11746974,0.131,56966.465
0.068023331,0.11554092,0.131,54980.004
0.065689765,0.11361209,0.131,54020.336
0.063356198,0.11168326,0.131,53383.414
0.061022636,0.10975444,0.131,52845.168
0.058689069,0.10782561,0.131,52401.215
0.056355502,0.10589679,0.131,52067.086
0.054021936,0.10396796,0.131,51834.004
0.051688373,0.10203914,0.131,51676.742
0.049354807,0.10011031,0.131,51570.371
0.04702124,0.098181486,0.131,51497.449
0.044805598,0.096252665,0.131,51447.238
0.042844683,0.094323844,0.131,51412.516
0.041139543,0.092395008,0.131,51387.59
0.03965681,0.090466186,0.131,51369.0
0.03836748,0.088537365,0.131,51354.777
0.098359689,0.1389997,0.131,71352.164
0.096026123,0.13794906,0.131,71342.766
0.093692556,0.13679338,0.131,71405.828
0.091358989,0.1355221,0.131,71537.586
0.08902543,0.13412371,0.131,71702.297
0.086691871,0.13258547,0.131,71822.25
0.084358297,0.13089341,0.131,71723.938
0.082024731,0.12904269,0.131,71203.719
0.079691164,0.12711386,0.131,69991.352
0.077357598,0.12518504,0.131,67836.57
0.075024031,0.12325621,0.131,64622.781
0.072690465,0.12132739,0.131,60797.059
0.070356898,0.11939856,0.131,57505.445
0.068023331,0.11746974,0.131,55448.629
0.065689765,0.11554092,0.131,54380.293
0.063356198,0.11361209,0.131,53678.699
0.061022636,0.11168326,0.131,53085.672
0.058689069,0.10975444,0.131,52586.953
0.056355502,0.10782561,0.131,52202.426
0.054021936,0.10589679,0.131,51929.129
0.051688373,0.10396796,0.131,51743.047
0.049354807,0.10203914,0.131,51617.047
0.04702124,0.10011031,0.131,51530.855
0.044805598,0.098181486,0.131,51471.84
0.042844683,0.096252665,0.131,51431.23
0.041139543,0.094323844,0.131,51402.254
0.03965681,0.092395008,0.131,51380.742
0.03836748,0.090466186,0.131,51364.277
0.096026123,0.1389997,0.131,71133.727
0.093692556,0.13794906,0.131,71149.773
0.091358989,0.13679338,0.131,71228.305
0.08902543,0.1355221,0.131,71340.047
0.086691871,0.13412371,0.131,71406.102
0.084358297,0.13258547,0.131,71271.117
0.082024731,0.13089341,0.131,70753.094
0.079691164,0.12904269,0.131,69627.531
0.077357598,0.12711386,0.131,67655.148
0.075024031,0.12518504,0.131,64723.738
0.072690465,0.12325621,0.131,61197.297
0.070356898,0.12132739,0.131,58034.355
0.068023331,0.11939856,0.131,55935.207
0.065689765,0.11746974,0.131,54766.789
0.063356198,0.11554092,0.131,53998.043
0.061022636,0.11361209,0.131,53350.531
0.058689069,0.11168326,0.131,52796.336
0.056355502,0.10975444,0.131,52358.16
0.054021936,0.10782561,0.131,52040.121
0.051688373,0.10589679,0.131,51820.891
0.049354807,0.10396796,0.131,51671.895
0.04702124,0.10203914,0.131,51570.109
0.044805598,0.10011031,0.131,51500.656
0.042844683,0.098181486,0.131,51453.145
0.041139543,0.096252665,0.131,51419.391
0.03965681,0.094323844,0.131,51394.48
0.03836748,0.092395008,0.131,51375.477
0.093692556,0.1389997,0.131,70917.648
0.091358989,0.13794906,0.131,70944.789
0.08902543,0.13679338,0.131,71004.109
0.086691871,0.1355221,0.131,71017.984
0.084358297,0.13412371,0.131,70848.352
0.082024731,0.13258547,0.131,70327.57
0.079691164,0.13089341,0.131,69258.484
0.077357598,0.12904269,0.131,67444.203
0.075024031,0.12711386,0.131,64780.531
0.072690465,0.12518504,0.131,61548.324
0.070356898,0.12325621,0.131,58545.379
0.068023331,0.12132739,0.131,56432.93
0.065689765,0.11939856,0.131,55176.27
0.063356198,0.11746974,0.131,54339.926
0.061022636,0.11554092,0.131,53639.047
0.058689069,0.11361209,0.131,53029.621
0.056355502,0.11168326,0.131,52535.707
0.054021936,0.10975444,0.131,52168.699
0.051688373,0.10782561,0.131,51911.867
0.049354807,0.10589679,0.131,51736.203
0.04702124,0.10396796,0.131,51616.078
0.044805598,0.10203914,0.131,51534.406
0.042844683,0.10011031,0.131,51478.738
0.041139543,0.098181486,0.131,51439.41
0.03965681,0.096252665,0.131,51410.496
0.03836748,0.094323844,0.131,51388.555
0.091358989,0.1389997,0.131,70686.055
0.08902543,0.13794906,0.131,70692.719
0.086691871,0.13679338,0.131,70656.094
0.084358297,0.1355221,0.131,70453.766
0.082024731,0.13412371,0.131,69929.383
0.079691164,0.13258547,0.131,68906.039
0.077357598,0.13089341,0.131,67220.039
0.075024031,0.12904269,0.131,64801.035
0.072690465,0.12711386,0.131,61854.402
0.070356898,0.12518504,0.131,59032.863
0.068023331,0.12325621,0.131,56934.402
0.065689765,0.12132739,0.131,55604.875
0.063356198,0.11939856,0.131,54702.461
0.061022636,0.11746974,0.131,53949.828
0.058689069,0.11554092,0.131,53286.625
0.056355502,0.11361209,0.131,52735.934
0.054021936,0.11168326,0.131,52316.551
0.051688373,0.10975444,0.131,52017.609
0.049354807,0.10782561,0.131,51811.355
0.04702124,0.10589679,0.131,51669.836
0.044805598,0.10396796,0.131,51573.82
0.042844683,0.10203914,0.131,51508.648
0.041139543,0.10011031,0.131,51462.738
0.03965681,0.098181486,0.131,51429.16
0.03836748,0.096252665,0.131,51403.766
0.08902543,0.1389997,0.131,70405.453
0.086691871,0.13794906,0.131,70320.078
0.084358297,0.13679338,0.131,70086.039
0.082024731,0.1355221,0.131,69557.75
0.079691164,0.13412371,0.131,68574.93
0.077357598,0.13258547,0.131,67000.055
0.075024031,0.13089341,0.131,64793.207
0.072690465,0.12904269,0.131,62120.262
0.070356898,0.12711386,0.131,59492.895
0.068023331,0.12518504,0.131,57433.605
0.065689765,0.12325621,0.131,56048.164
0.063356198,0.12132739,0.131,55083.273
0.061022636,0.11939856,0.131,54280.902
0.058689069,0.11746974,0.131,53566.414
0.056355502,0.11554092,0.131,52959.336
0.054021936,0.11361209,0.131,52484.996
0.051688373,0.11168326,0.131,52139.867
0.049354807,0.10975444,0.131,51898.836
0.04702124,0.10782561,0.131,51732.527
0.044805598,0.10589679,0.131,51619.82
0.042844683,0.10396796,0.131,51543.512
0.041139543,0.10203914,0.131,51489.953
0.03965681,0.10011031,0.131,51450.867
0.03836748,0.098181486,0.131,51421.465
0.086691871,0.1389997,0.131,70010.648
0.084358297,0.13794906,0.131,69744.969
0.082024731,0.13679338,0.131,69212.219
0.079691164,0.1355221,0.131,68266.422
0.077357598,0.13412371,0.131,66791.016
0.075024031,0.13258547,0.131,64766.801
0.072690465,0.13089341,0.131,62344.68
0.070356898,0.12904269,0.131,59924.102
0.068023331,0.12711386,0.131,57925.254
0.065689765,0.12518504,0.131,56501.809
0.063356198,0.12325621,0.131,55479.801
0.061022636,0.12132739,0.131,54630.113
0.058689069,0.11939856,0.131,53867.426
0.056355502,0.11746974,0.131,53205.691
0.054021936,0.11554092,0.131,52675.125
0.051688373,0.11361209,0.131,52280.152
0.049354807,0.11168326,0.131,52000.281
0.04702124,0.10975444,0.131,51805.406
0.044805598,0.10782561,0.131,51673.398
0.042844683,0.10589679,0.131,51584.141
0.041139543,0.10396796,0.131,51521.629
0.03965681,0.10203914,0.131,51476.164
0.03836748,0.10011031,0.131,51442.023
0.084358297,0.1389997,0.131,69430.461
0.082024731,0.13794906,0.131,68892.539
0.079691164,0.13679338,0.131,67981.031
0.077357598,0.1355221,0.131,66595.898
0.075024031,0.13412371,0.131,64730.91
0.072690465,0.13258547,0.131,62526.891
0.070356898,0.13089341,0.131,60311.52
0.068023331,0.12904269,0.131,58405.719
0.065689765,0.12711386,0.131,56961.484
0.063356198,0.12518504,0.131,55889.234
0.061022636,0.12325621,0.131,54994.965
0.058689069,0.12132739,0.131,54187.723
0.056355502,0.11939856,0.131,53474.098
0.054021936,0.11746974,0.131,52887.422
0.051688373,0.11554092,0.131,52439.941
0.049354807,0.11361209,0.131,52117.23
0.04702124,0.11168326,0.131,51889.922
0.044805598,0.10975444,0.131,51735.648
0.042844683,0.10782561,0.131,51631.387
0.041139543,0.10589679,0.131,51558.512
0.03965681,0.10396796,0.131,51505.586
0.03836748,0.10203914,0.131,51465.949
0.082024731,0.1389997,0.131,68598.703
0.079691164,0.13794906,0.131,67719.0
0.077357598,0.13679338,0.131,66416.062
0.075024031,0.1355221,0.131,64691.727
0.072690465,0.13412371,0.131,62676.73
0.070356898,0.13258547,0.131,60643.969
0.068023331,0.13089341,0.131,58853.934
0.065689765,0.12904269,0.131,57423.551
0.063356198,0.12711386,0.131,56308.73
0.061022636,0.12518504,0.131,55373.02
0.058689069,0.12325621,0.131,54524.891
0.056355502,0.12132739,0.131,53763.152
0.054021936,0.11939856,0.131,53121.746
0.051688373,0.11746974,0.131,52620.27
0.049354807,0.11554092,0.131,52251.254
0.04702124,0.11361209,0.131,51987.492
0.044805598,0.11168326,0.131,51807.859
0.042844683,0.10975444,0.131,51686.203
0.041139543,0.10782561,0.131,51601.371
0.03965681,0.10589679,0.131,51539.812
0.03836748,0.10396796,0.131,51493.746
0.079691164,0.1389997,0.131,67480.055
0.077357598,0.13794906,0.131,66252.406
0.075024031,0.13679338,0.131,64653.332
0.072690465,0.1355221,0.131,62802.449
0.070356898,0.13412371,0.131,60930.219
0.068023331,0.13258547,0.131,59251.371
0.065689765,0.13089341,0.131,57866.082
0.063356198,0.12904269,0.131,56735.719
0.061022636,0.12711386,0.131,55761.762
0.058689069,0.12518504,0.131,54876.391
0.056355502,0.12325621,0.131,54070.848
0.054021936,0.12132739,0.131,53377.441
0.051688373,0.11939856,0.131,52821.633
0.049354807,0.11746974,0.131,52403.594
0.04702124,0.11554092,0.131,52099.699
0.044805598,0.11361209,0.131,51891.281
0.042844683,0.11168326,0.131,51749.715
0.041139543,0.10975444,0.131,51651.027
0.03965681,0.10782561,0.131,51579.527
0.03836748,0.10589679,0.131,51526.043
0.077357598,0.1389997,0.131,66104.812
0.075024031,0.13794906,0.131,64618.32
0.072690465,0.13679338,0.131,62910.289
0.070356898,0.1355221,0.131,61178.863
0.068023331,0.13412371,0.131,59602.457
0.065689765,0.13258547,0.131,58267.863
0.063356198,0.13089341,0.131,57150.129
0.061022636,0.12904269,0.131,56158.988
0.058689069,0.12711386,0.131,55239.625
0.056355502,0.12518504,0.131,54394.824
0.054021936,0.12325621,0.131,53653.098
0.051688373,0.12132739,0.131,53044.105
0.049354807,0.11939856,0.131,52575.219
0.04702124,0.11746974,0.131,52228.008
0.044805598,0.11554092,0.131,51987.359
0.042844683,0.11361209,0.131,51823.02
0.041139543,0.11168326,0.131,51708.457
0.03965681,0.10975444,0.131,51625.461
0.03836748,0.10782561,0.131,51563.469
0.075024031,0.1389997,0.131,64588.016
0.072690465,0.13794906,0.131,63005.129
0.070356898,0.13679338,0.131,61396.762
0.068023331,0.1355221,0.131,59913.41
0.065689765,0.13412371,0.131,58629.766
0.063356198,0.13258547,0.131,57531.301
0.061022636,0.13089341,0.131,56546.109
0.058689069,0.12904269,0.131,55612.191
0.056355502,0.12711386,0.131,54732.449
0.054021936,0.12518504,0.131,53946.867
0.051688373,0.12325621,0.131,53287.008
0.049354807,0.12132739,0.131,52766.777
0.04702124,0.11939856,0.131,52373.605
0.044805598,0.11746974,0.131,52097.426
0.042844683,0.11554092,0.131,51907.398
0.041139543,0.11361209,0.131,51774.578
0.03965681,0.11168326,0.131,51678.465
0.03836748,0.10975444,0.131,51606.664
0.072690465,0.1389997,0.131,63088.984
0.070356898,0.13794906,0.131,61589.246
0.068023331,0.13679338,0.131,60189.645
0.065689765,0.1355221,0.131,58955.391
0.063356198,0.13412371,0.131,57878.652
0.061022636,0.13258547,0.131,56903.742
0.058689069,0.13089341,0.131,55976.324
0.056355502,0.12904269,0.131,55081.129
0.054021936,0.12711386,0.131,54256.375
0.051688373,0.12518504,0.131,53549.098
0.049354807,0.12325621,0.131,52978.246
0.04702124,0.12132739,0.131,52537.484
0.044805598,0.11939856,0.131,52222.699
0.042844683,0.11746974,0.131,52004.051
0.041139543,0.11554092,0.131,51850.504
0.03965681,0.11361209,0.131,51739.336
0.03836748,0.11168326,0.131,51656.379
0.070356898,0.1389997,0.131,61760.074
0.068023331,0.13794906,0.131,60435.707
0.065689765,0.13679338,0.131,59248.242
0.063356198,0.1355221,0.131,58194.398
0.061022636,0.13412371,0.131,57231.074
0.058689069,0.13258547,0.131,56313.434
0.056355502,0.13089341,0.131,55423.684
0.054021936,0.12904269,0.131,54579.055
0.051688373,0.12711386,0.131,53828.484
0.049354807,0.12518504,0.131,53209.027
0.04702124,0.12325621,0.131,52720.137
0.044805598,0.12132739,0.131,52364.219
0.042844683,0.11939856,0.131,52114.102
0.041139543,0.11746974,0.131,51937.285
0.03965681,0.11554092,0.131,51809.016
0.03836748,0.11361209,0.131,51713.281
0.068023331,0.1389997,0.131,60655.223
0.065689765,0.13794906,0.131,59511.523
0.063356198,0.13679338,0.131,58480.824
0.061022636,0.1355221,0.131,57529.883
0.058689069,0.13412371,0.131,56622.438
0.056355502,0.13258547,0.131,55741.922
0.054021936,0.13089341,0.131,54898.559
0.051688373,0.12904269,0.131,54122.871
0.049354807,0.12711386,0.131,53457.809
0.04702124,0.12518504,0.131,52921.555
0.044805598,0.12325621,0.131,52522.562
0.042844683,0.12132739,0.131,52238.605
0.041139543,0.11939856,0.131,52035.938
0.03965681,0.11746974,0.131,51888.375
0.03836748,0.11554092,0.131,51778.172
0.065689765,0.1389997,0.131,59748.07
0.063356198,0.13794906,0.131,58740.199
0.061022636,0.13679338,0.131,57802.07
0.058689069,0.1355221,0.131,56904.859
0.056355502,0.13412371,0.131,56034.258
0.054021936,0.13258547,0.131,55197.176
0.051688369,0.13089341,0.131,54417.031
0.049354807,0.12904269,0.131,53722.746
0.04702124,0.12711386,0.131,53140.992
0.044805598,0.12518504,0.131,52697.965
0.042844683,0.12325621,0.131,52378.25
0.041139543,0.12132739,0.131,52147.457
0.03965681,0.11939856,0.131,51978.273
0.03836748,0.11746974,0.131,51851.773
0.063356198,0.1389997,0.131,58974.484
0.061022636,0.13794906,0.131,58049.512
0.058689069,0.13679338,0.131,57162.414
0.056355502,0.1355221,0.131,56301.727
0.054021936,0.13412371,0.131,55472.605
0.051688369,0.13258547,0.131,54694.047
0.049354807,0.13089341,0.131,53989.961
0.04702124,0.12904269,0.131,53377.02
0.044805598,0.12711386,0.131,52890.102
0.042844683,0.12518504,0.131,52533.434
0.041139543,0.12325621,0.131,52272.539
0.03965681,0.12132739,0.131,52079.641
0.03836748,0.11939856,0.131,51934.824
0.061022636,0.1389997,0.131,58273.848
0.058689069,0.13794906,0.131,57396.824
0.056355502,0.13679338,0.131,56545.766
0.054021936,0.1355221,0.131,55725.281
0.051688369,0.13412371,0.131,54951.027
0.049354807,0.13258547,0.131,54243.574
0.04702124,0.13089341,0.131,53616.949
0.044805598,0.12904269,0.131,53098.16
0.042844683,0.12711386,0.131,52704.07
0.041139543,0.12518504,0.131,52411.688
0.03965681,0.12325621,0.131,52193.152
0.03836748,0.12132739,0.131,52028.137
0.058689069,0.1389997,0.131,57609.613
0.056355502,0.13794906,0.131,56767.934
0.054021936,0.13679338,0.131,55956.18
0.051688369,0.1355221,0.131,55187.762
0.049354807,0.13412371,0.131,54480.316
0.04702124,0.13258547,0.131,53846.312
0.044805598,0.13089341,0.131,53311.715
0.042844683,0.12904269,0.131,52889.586
0.041139543,0.12711386,0.131,52564.98
0.03965681,0.12518504,0.131,52319.375
0.03836748,0.12325621,0.131,52132.328
0.056355502,0.1389997,0.131,56969.66
0.054021936,0.13794906,0.131,56166.562
0.051688369,0.13679338,0.131,55404.73
0.049354807,0.1355221,0.131,54699.5
0.04702124,0.13412371,0.131,54061.734
0.044805598,0.13258547,0.131,53517.785
0.042844683,0.13089341,0.131,53080.648
0.041139543,0.12904269,0.131,52732.062
0.03965681,0.12711386,0.131,52458.512
0.03836748,0.12518504,0.131,52247.984
0.054021936,0.1389997,0.131,56357.645
0.051688369,0.13794906,0.131,55602.812
0.049354807,0.13679338,0.131,54901.168
0.04702124,0.1355221,0.131,54262.199
0.044805598,0.13412371,0.131,53712.445
0.042844683,0.13258547,0.131,53265.59
0.041139543,0.13089341,0.131,52904.672
0.03965681,0.12904269,0.131,52610.371
0.03836748,0.12711386,0.131,52375.41
0.051688369,0.1389997,0.131,55782.953
0.049354807,0.13794906,0.131,55085.812
0.04702124,0.13679338,0.131,54447.398
0.044805598,0.1355221,0.131,53894.426
0.042844683,0.13412371,0.131,53441.637
0.041139543,0.13258547,0.131,53072.371
0.03965681,0.13089341,0.131,52767.605
0.03836748,0.12904269,0.131,52514.586
0.049354807,0.1389997,0.131,55254.094
0.04702124,0.13794906,0.131,54617.539
0.044805598,0.13679338,0.131,54063.23
0.042844683,0.1355221,0.131,53606.887
0.041139543,0.13412371,0.131,53232.133
0.03965681,0.13258547,0.131,52920.832
0.03836748,0.13089341,0.131,52658.93
0.04702124,0.1389997,0.131,54773.008
0.044805598,0.13794906,0.131,54218.812
0.042844683,0.13679338,0.131,53760.73
0.041139543,0.1355221,0.131,53383.051
0.03965681,0.13412371,0.131,53067.277
0.03836748,0.13258547,0.131,52799.93
0.044805598,0.1389997,0.131,54361.375
0.042844683,0.13794906,0.131,53902.984
0.041139543,0.13679338,0.131,53523.98
0.03965681,0.1355221,0.131,53205.629
0.03836748,0.13412371,0.131,52935.125
0.042844683,0.1389997,0.131,54033.695
0.041139543,0.13794906,0.131,53654.645
0.03965681,0.13679338,0.131,53335.383
0.03836748,0.1355221,0.131,53063.285
0.041139543,0.1389997,0.131,53775.012
0.03965681,0.13794906,0.131,53456.059
0.03836748,0.13679338,0.131,53183.707
0.03965681,0.1389997,0.131,53567.523
0.03836748,0.13794906,0.131,53296.008
0.03836748,0.1389997,0.131,53399.969
0.00050739001,0.013000302,0.131,51636.383
0.0015966075,0.013000302,0.131,51645.648
0.00050739001,0.014050936,0.131,51625.965
0.0028345413,0.013000302,0.131,51656.75
0.001596607,0.014050936,0.131,51635.121
0.00050738989,0.015206633,0.131,51614.77
0.0042166915,0.013000302,0.131,51670.023
0.0028345408,0.014050936,0.131,51646.102
0.001596607,0.015206633,0.131,51623.828
0.00050738984,0.0164779,0.131,51602.902
0.0057295924,0.013000302,0.131,51685.844
0.0042166915,0.014050936,0.131,51659.195
0.0028345408,0.015206633,0.131,51634.703
0.0015966067,0.0164779,0.131,51611.863
0.00050738978,0.017876294,0.131,51590.527
0.0073501738,0.013000302,0.131,51704.633
0.0057295924,0.014050936,0.131,51674.797
0.004216691,0.015206633,0.131,51647.648
0.0028345403,0.0164779,0.131,51622.641
0.0015966066,0.017876294,0.131,51599.391
0.00050738966,0.019414527,0.131,51577.902
0.0090464139,0.013000302,0.131,51726.711
0.0073501738,0.014050936,0.131,51693.262
0.0057295919,0.015206633,0.131,51663.059
0.0042166905,0.0164779,0.131,51635.461
0.0028345399,0.017876294,0.131,51610.066
0.0015966063,0.019414527,0.131,51586.664
0.0005073896,0.021106582,0.131,51565.355
0.010779439,0.013000302,0.131,51752.121
0.0090464139,0.014050936,0.131,51714.855
0.0073501738,0.015206633,0.131,51681.23
0.0057295915,0.0164779,0.131,51650.691
0.0042166905,0.017876294,0.131,51622.77
0.0028345396,0.019414527,0.131,51597.23
0.0015966061,0.021106582,0.131,51574.004
0.00050738949,0.02295731,0.131,51553.367
0.012506878,0.013000302,0.131,51780.707
0.010779439,0.014050936,0.131,51739.535
0.009046413,0.015206633,0.131,51702.371
0.0073501738,0.0164779,0.131,51668.598
0.0057295915,0.017876294,0.131,51637.812
0.0042166896,0.019414527,0.131,51609.801
0.0028345394,0.021106582,0.131,51584.434
0.0015966059,0.02295731,0.131,51561.871
0.00050738943,0.024886135,0.131,51542.801
0.0141869,0.013000302,0.131,51812.145
0.012506878,0.014050936,0.131,51767.07
0.010779439,0.015206633,0.131,51726.355
0.009046413,0.0164779,0.131,51689.312
0.0073501728,0.017876294,0.131,51655.465
0.0057295905,0.019414527,0.131,51624.652
0.0042166896,0.021106582,0.131,51596.836
0.0028345389,0.02295731,0.131,51572.129
0.0015966056,0.024886135,0.131,51551.133
0.00050738931,0.02681496,0.131,51534.277
0.015782138,0.013000302,0.131,51845.906
0.0141869,0.014050936,0.131,51797.117
0.012506878,0.015206633,0.131,51752.863
0.010779439,0.0164779,0.131,51712.625
0.0090464121,0.017876294,0.131,51675.758
0.0073501719,0.019414527,0.131,51642.004
0.0057295905,0.021106582,0.131,51611.449
0.0042166892,0.02295731,0.131,51584.309
0.0028345385,0.024886135,0.131,51561.18
0.0015966053,0.02681496,0.131,51542.395
0.0005073892,0.028743785,0.131,51527.617
0.017262762,0.013000302,0.131,51881.227
0.015782138,0.014050936,0.131,51829.188
0.0141869,0.015206633,0.131,51781.523
0.012506878,0.0164779,0.131,51738.129
0.010779439,0.017876294,0.131,51698.402
0.0090464121,0.019414527,0.131,51661.84
0.0073501719,0.021106582,0.131,51628.438
0.0057295896,0.02295731,0.131,51598.59
0.0042166882,0.024886135,0.131,51573.059
0.0028345382,0.02681496,0.131,51552.172
0.0015966051,0.028743785,0.131,51535.477
0.00050738908,0.030672612,0.131,51522.688
0.018608201,0.013000302,0.131,51917.121
0.017262762,0.014050936,0.131,51862.57
0.015782138,0.015206633,0.131,51811.867
0.0141869,0.0164779,0.131,51765.406
0.012506878,0.017876294,0.131,51722.91
0.010779439,0.019414527,0.131,51683.785
0.0090464121,0.021106582,0.131,51647.73
0.0073501715,0.02295731,0.131,51615.105
0.0057295887,0.024886135,0.131,51586.918
0.0042166878,0.02681496,0.131,51563.676
0.0028345375,0.028743785,0.131,51544.906
0.0015966047,0.030672612,0.131,51530.219
0.00050738896,0.032601438,0.131,51519.262
0.019807436,0.013000302,0.131,51952.523
0.018608201,0.014050936,0.131,51896.379
0.017262762,0.015206633,0.131,51843.266
0.015782138,0.0164779,0.131,51794.016
0.0141869,0.017876294,0.131,51748.812
0.012506878,0.019414527,0.131,51707.273
0.010779437,0.021106582,0.131,51668.891
0.0090464111,0.02295731,0.131,51633.723
0.0073501705,0.024886135,0.131,51602.828
0.0057295887,0.02681496,0.131,51577.004
0.0042166873,0.028743785,0.131,51555.941
0.0028345373,0.030672612,0.131,51539.215
0.0015966045,0.032601438,0.131,51526.375
0.0005073889,0.03453026,0.131,51517.148
0.020858079,0.013000302,0.131,51986.43
0.019807436,0.014050936,0.131,51929.648
0.018608201,0.015206633,0.131,51874.918
0.017262762,0.0164779,0.131,51823.387
0.015782138,0.017876294,0.131,51775.684
0.0141869,0.019414527,0.131,51731.793
0.012506877,0.021106582,0.131,51691.285
0.010779437,0.02295731,0.131,51653.949
0.0090464111,0.024886135,0.131,51620.613
0.0073501701,0.02681496,0.131,51592.18
0.0057295882,0.028743785,0.131,51568.621
0.0042166868,0.030672612,0.131,51549.664
0.0028345366,0.032601438,0.131,51534.816
0.0015966041,0.03453026,0.131,51523.73
0.00050738879,0.036459088,0.131,51516.016
0.021764707,0.013000302,0.131,52018.023
0.020858079,0.014050936,0.131,51961.457
0.019807436,0.015206633,0.131,51905.961
0.018608201,0.0164779,0.131,51852.832
0.017262762,0.017876294,0.131,51803.012
0.015782138,0.019414527,0.131,51756.902
0.0141869,0.021106582,0.131,51714.352
0.012506877,0.02295731,0.131,51675.105
0.010779437,0.024886135,0.131,51639.738
0.0090464102,0.02681496,0.131,51608.98
0.0073501701,0.028743785,0.131,51582.914
0.0057295868,0.030672612,0.131,51561.559
0.0042166864,0.032601438,0.131,51544.551
0.0028345364,0.03453026,0.131,51531.492
0.0015966038,0.036459088,0.131,51521.938
0.00050738873,0.03838791,0.131,51515.598
0.022536872,0.013000302,0.131,52046.75
0.021764707,0.014050936,0.131,51991.059
0.020858081,0.015206633,0.131,51935.574
0.019807437,0.0164779,0.131,51881.582
0.018608203,0.017876294,0.131,51830.199
0.017262762,0.019414527,0.131,51782.152
0.015782138,0.021106582,0.131,51737.648
0.0141869,0.02295731,0.131,51696.594
0.012506877,0.024886135,0.131,51659.504
0.010779436,0.02681496,0.131,51626.84
0.0090464102,0.028743785,0.131,51598.555
0.0073501691,0.030672612,0.131,51574.816
0.0057295868,0.032601438,0.131,51555.516
0.0042166854,0.03453026,0.131,51540.363
0.0028345361,0.036459088,0.131,51528.879
0.0015966037,0.03838791,0.131,51520.723
0.00050738861,0.040316738,0.131,51515.668
0.023187201,0.013000302,0.131,52072.266
0.022536872,0.014050936,0.131,52017.941
0.021764707,0.015206633,0.131,51963.082
0.020858081,0.0164779,0.131,51908.914
0.019807437,0.017876294,0.131,51856.59
0.018608203,0.019414527,0.131,51807.039
0.017262762,0.021106582,0.131,51760.773
0.015782138,0.02295731,0.131,51717.98
0.0141869,0.024886135,0.131,51679.293
0.012506877,0.02681496,0.131,51645.055
0.010779436,0.028743785,0.131,51614.977
0.0090464093,0.030672612,0.131,51589.133
0.0073501682,0.032601438,0.131,51567.582
0.0057295859,0.03453026,0.131,51550.242
0.0042166854,0.036459088,0.131,51536.723
0.0028345357,0.03838791,0.131,51526.676
0.0015966034,0.040316738,0.131,51519.844
0.0005073885,0.042245559,0.131,51515.863
0.02372977,0.013000302,0.131,52094.578
0.023187201,0.014050936,0.131,52041.82
0.022536872,0.015206633,0.131,51988.02
0.021764707,0.0164779,0.131,51934.223
0.020858081,0.017876294,0.131,51881.559
0.019807439,0.019414527,0.131,51831.012
0.018608203,0.021106582,0.131,51783.312
0.017262764,0.02295731,0.131,51738.898
0.015782138,0.024886135,0.131,51698.672
0.0141869,0.02681496,0.131,51663.02
0.012506877,0.028743785,0.131,51631.473
0.010779436,0.030672612,0.131,51603.93
0.0090464093,0.032601438,0.131,51580.398
0.0073501677,0.03453026,0.131,51560.934
0.0057295859,0.036459088,0.131,51545.336
0.0042166845,0.03838791,0.131,51533.324
0.0028345352,0.040316738,0.131,51524.645
0.0015966031,0.042245559,0.131,51518.941
0.00050738838,0.044174388,0.131,51515.949
0.024178877,0.013000302,0.131,52113.758
0.02372977,0.014050936,0.131,52062.68
0.023187201,0.015206633,0.131,52010.164
0.022536872,0.0164779,0.131,51957.133
0.021764707,0.017876294,0.131,51904.598
0.020858081,0.019414527,0.131,51853.555
0.019807439,0.021106582,0.131,51804.812
0.018608203,0.02295731,0.131,51759.012
0.017262764,0.024886135,0.131,51717.328
0.015782138,0.02681496,0.131,51680.324
0.0141869,0.028743785,0.131,51647.465
0.012506876,0.030672612,0.131,51618.531
0.010779436,0.032601438,0.131,51593.391
0.0090464083,0.03453026,0.131,51572.07
0.0073501673,0.036459088,0.131,51554.473
0.005729585,0.03838791,0.131,51540.484
0.004216684,0.040316738,0.131,51529.914
0.0028345347,0.042245559,0.131,51522.426
0.0015966027,0.044174388,0.131,51517.785
0.00050738826,0.046103209,0.131,51515.75
0.024581734,0.013000302,0.131,52131.57
0.024178877,0.014050936,0.131,52080.609
0.02372977,0.015206633,0.131,52029.488
0.023187201,0.0164779,0.131,51977.449
0.022536872,0.017876294,0.131,51925.402
0.021764707,0.019414527,0.131,51874.27
0.020858081,0.021106582,0.131,51824.875
0.019807439,0.02295731,0.131,51777.977
0.018608203,0.024886135,0.131,51735.008
0.017262764,0.02681496,0.131,51696.707
0.01578214,0.028743785,0.131,51662.586
0.0141869,0.030672612,0.131,51632.402
0.012506876,0.032601438,0.131,51605.93
0.010779436,0.03453026,0.131,51583.09
0.0090464083,0.036459088,0.131,51563.754
0.0073501668,0.03838791,0.131,51547.883
0.0057295845,0.040316738,0.131,51535.441
0.0042166836,0.042245559,0.131,51526.156
0.0028345343,0.044174388,0.131,51519.805
0.0015966024,0.046103209,0.131,51516.207
0.00050738821,0.048032038,0.131,51514.969
0.025001533,0.013000302,0.131,52150.766
0.024581734,0.014050936,0.131,52097.258
0.024178877,0.015206633,0.131,52046.09
0.02372977,0.0164779,0.131,51995.164
0.023187201,0.017876294,0.131,51943.82
0.022536872,0.019414527,0.131,51892.906
0.021764707,0.021106582,0.131,51843.199
0.020858081,0.02295731,0.131,51795.512
0.019807439,0.024886135,0.131,51751.465
0.018608203,0.02681496,0.131,51711.996
0.017262764,0.028743785,0.131,51676.656
0.01578214,0.030672612,0.131,51645.238
0.0141869,0.032601438,0.131,51617.535
0.012506876,0.03453026,0.131,51593.418
0.010779435,0.036459088,0.131,51572.645
0.0090464083,0.03838791,0.131,51555.137
0.0073501663,0.040316738,0.131,51540.926
0.005729584,0.042245559,0.131,51529.879
0.0042166831,0.044174388,0.131,51521.836
0.0028345338,0.046103209,0.131,51516.613
0.0015966021,0.048032038,0.131,51513.891
0.00050738809,0.049960859,0.131,51513.445
0.063356198,0.013000302,0.131,58666.027
0.025463311,0.013000302,0.131,52172.582
0.025001533,0.014050936,0.131,52115.195
0.024581734,0.015206633,0.131,52061.5
0.024178877,0.0164779,0.131,52010.367
0.02372977,0.017876294,0.131,51959.855
0.023187201,0.019414527,0.131,51909.363
0.022536872,0.021106582,0.131,51859.613
0.021764707,0.02295731,0.131,51811.414
0.020858081,0.024886135,0.131,51766.527
0.019807439,0.02681496,0.131,51726.043
0.018608203,0.028743785,0.131,51689.57
0.017262764,0.030672612,0.131,51656.934
0.01578214,0.032601438,0.131,51627.996
0.0141869,0.03453026,0.131,51602.652
0.012506875,0.036459088,0.131,51580.641
0.010779435,0.03838791,0.131,51561.766
0.0090464074,0.040316738,0.131,51546.004
0.0073501654,0.042245559,0.131,51533.293
0.0057295831,0.044174388,0.131,51523.598
0.0042166826,0.046103209,0.131,51516.777
0.0028345333,0.048032038,0.131,51512.578
0.0015966019,0.049960859,0.131,51510.824
0.00050738803,0.051889684,0.131,51511.082
0.063356198,0.014050936,0.131,58426.746
0.061022636,0.013000302,0.131,57947.906
0.025971267,0.013000302,0.131,52197.473
0.025463311,0.014050936,0.131,52135.578
0.025001533,0.015206633,0.131,52078.098
0.024581734,0.0164779,0.131,52024.469
0.024178877,0.017876294,0.131,51973.602
0.02372977,0.019414527,0.131,51923.66
0.023187201,0.021106582,0.131,51874.059
0.022536872,0.02295731,0.131,51825.578
0.021764707,0.024886135,0.131,51780.074
0.020858083,0.02681496,0.131,51738.758
0.019807439,0.028743785,0.131,51701.266
0.018608203,0.030672612,0.131,51667.469
0.017262764,0.032601438,0.131,51637.289
0.01578214,0.03453026,0.131,51610.684
0.0141869,0.036459088,0.131,51587.445
0.012506875,0.03838791,0.131,51567.344
0.010779433,0.040316738,0.131,51550.254
0.0090464056,0.042245559,0.131,51536.066
0.0073501649,0.044174388,0.131,51524.812
0.0057295826,0.046103209,0.131,51516.469
0.0042166822,0.048032038,0.131,51510.805
0.0028345329,0.049960859,0.131,51507.688
0.0015966017,0.051889684,0.131,51506.832
0.00050738791,0.053818509,0.131,51507.848
0.061022636,0.014050936,0.131,57721.145
0.058689069,0.013000302,0.131,57272.18
0.026530018,0.013000302,0.131,52225.957
0.025971267,0.014050936,0.131,52158.828
0.025463311,0.015206633,0.131,52096.957
0.025001533,0.0164779,0.131,52039.656
0.024581734,0.017876294,0.131,51986.34
0.024178877,0.019414527,0.131,51935.895
0.02372977,0.021106582,0.131,51886.578
0.023187201,0.02295731,0.131,51837.988
0.022536872,0.024886135,0.131,51792.059
0.021764707,0.02681496,0.131,51750.086
0.020858083,0.028743785,0.131,51711.723
0.019807439,0.030672612,0.131,51676.863
0.018608205,0.032601438,0.131,51645.465
0.017262764,0.03453026,0.131,51617.562
0.01578214,0.036459088,0.131,51593.027
0.0141869,0.03838791,0.131,51571.688
0.012506875,0.040316738,0.131,51553.375
0.010779433,0.042245559,0.131,51537.883
0.0090464056,0.044174388,0.131,51525.211
0.007350164,0.046103209,0.131,51515.418
0.0057295822,0.048032038,0.131,51508.355
0.0042166812,0.049960859,0.131,51503.914
0.0028345326,0.051889684,0.131,51501.844
0.0015966013,0.053818509,0.131,51501.945
0.0005073878,0.055747338,0.131,51503.727
0.061022636,0.015206633,0.131,57471.879
0.058689069,0.014050936,0.131,57059.211
0.056355506,0.013000302,0.131,56628.352
0.027144644,0.013000302,0.131,52258.672
0.026530018,0.014050936,0.131,52185.43
0.025971267,0.015206633,0.131,52118.453
0.025463311,0.0164779,0.131,52056.902
0.025001533,0.017876294,0.131,52000.051
0.024581734,0.019414527,0.131,51947.223
0.024178877,0.021106582,0.131,51897.27
0.02372977,0.02295731,0.131,51848.711
0.023187201,0.024886135,0.131,51802.512
0.022536874,0.02681496,0.131,51760.039
0.021764707,0.028743785,0.131,51720.953
0.020858083,0.030672612,0.131,51685.152
0.019807441,0.032601438,0.131,51652.613
0.018608205,0.03453026,0.131,51623.43
0.017262764,0.036459088,0.131,51597.539
0.01578214,0.03838791,0.131,51574.871
0.0141869,0.040316738,0.131,51555.293
0.012506875,0.042245559,0.131,51538.566
0.010779433,0.044174388,0.131,51524.59
0.0090464056,0.046103209,0.131,51513.426
0.0073501635,0.048032038,0.131,51505.012
0.0057295812,0.049960859,0.131,51499.301
0.0042166812,0.051889684,0.131,51496.047
0.0028345319,0.053818509,0.131,51495.117
0.001596601,0.055747338,0.131,51496.18
0.00050738768,0.057676159,0.131,51498.805
0.061022636,0.0164779,0.131,57198.613
0.058689069,0.015206633,0.131,56825.371
0.056355506,0.014050936,0.131,56428.453
0.05402194,0.013000302,0.131,56020.637
0.027820732,0.013000302,0.131,52296.43
0.027144644,0.014050936,0.131,52215.984
0.026530018,0.015206633,0.131,52143.043
0.025971267,0.0164779,0.131,52076.551
0.025463311,0.017876294,0.131,52015.605
0.025001533,0.019414527,0.131,51959.41
0.024581734,0.021106582,0.131,51907.156
0.024178877,0.02295731,0.131,51857.848
0.02372977,0.024886135,0.131,51811.508
0.023187203,0.02681496,0.131,51768.676
0.022536874,0.028743785,0.131,51729.008
0.021764707,0.030672612,0.131,51692.402
0.020858083,0.032601438,0.131,51658.832
0.019807441,0.03453026,0.131,51628.43
0.018608205,0.036459088,0.131,51601.188
0.017262766,0.03838791,0.131,51577.117
0.01578214,0.040316738,0.131,51556.176
0.0141869,0.042245559,0.131,51538.148
0.012506874,0.044174388,0.131,51522.898
0.010779433,0.046103209,0.131,51510.414
0.0090464056,0.048032038,0.131,51500.66
0.0073501635,0.049960859,0.131,51493.691
0.0057295812,0.051889684,0.131,51489.305
0.0042166803,0.053818509,0.131,51487.34
0.0028345317,0.055747338,0.131,51487.555
0.0015966007,0.057676159,0.131,51489.66
0.00050738757,0.059604988,0.131,51493.27
0.061022636,0.017876294,0.131,56899.691
0.058689069,0.0164779,0.131,56569.289
0.056355506,0.015206633,0.131,56208.965
0.05402194,0.014050936,0.131,55833.105
0.051688373,0.013000302,0.131,55457.637
0.028564433,0.013000302,0.131,52340.223
0.027820732,0.014050936,0.131,52251.266
0.027144644,0.015206633,0.131,52171.281
0.026530018,0.0164779,0.131,52099.016
0.025971267,0.017876294,0.131,52033.316
0.025463311,0.019414527,0.131,51973.219
0.025001533,0.021106582,0.131,51917.777
0.024581734,0.02295731,0.131,51866.277
0.024178877,0.024886135,0.131,51819.145
0.02372977,0.02681496,0.131,51776.078
0.023187203,0.028743785,0.131,51735.961
0.022536874,0.030672612,0.131,51698.684
0.021764711,0.032601438,0.131,51664.211
0.020858083,0.03453026,0.131,51632.691
0.019807441,0.036459088,0.131,51604.168
0.018608205,0.03838791,0.131,51578.691
0.017262766,0.040316738,0.131,51556.312
0.01578214,0.042245559,0.131,51536.887
0.014186899,0.044174388,0.131,51520.293
0.012506874,0.046103209,0.131,51506.477
0.010779432,0.048032038,0.131,51495.371
0.0090464046,0.049960859,0.131,51487.082
0.0073501631,0.051889684,0.131,51481.531
0.0057295808,0.053818509,0.131,51478.559
0.0042166803,0.055747338,0.131,51477.895
0.002834531,0.057676159,0.131,51479.324
0.0015966005,0.059604988,0.131,51482.602
0.00050738751,0.061533809,0.131,51487.293
0.058689069,0.017876294,0.131,56289.453
0.056355506,0.0164779,0.131,55968.633
0.05402194,0.015206633,0.131,55627.246
0.051688373,0.014050936,0.131,55282.512
0.049354807,0.013000302,0.131,54946.195
0.029382501,0.013000302,0.131,52391.348
0.028564433,0.014050936,0.131,52292.238
0.027820732,0.015206633,0.131,52203.895
0.027144644,0.0164779,0.131,52124.801
0.026530018,0.017876294,0.131,52053.551
0.025971267,0.019414527,0.131,51988.926
0.025463311,0.021106582,0.131,51929.801
0.025001533,0.02295731,0.131,51875.324
0.024581734,0.024886135,0.131,51826.184
0.024178877,0.02681496,0.131,51782.348
0.02372977,0.028743785,0.131,51741.898
0.023187203,0.030672612,0.131,51704.074
0.022536874,0.032601438,0.131,51668.84
0.021764711,0.03453026,0.131,51636.332
0.020858083,0.036459088,0.131,51606.633
0.019807441,0.03838791,0.131,51579.816
0.018608205,0.040316738,0.131,51556.008
0.017262766,0.042245559,0.131,51535.121
0.01578214,0.044174388,0.131,51517.098
0.014186899,0.046103209,0.131,51501.891
0.012506874,0.048032038,0.131,51489.391
0.010779432,0.049960859,0.131,51479.695
0.0090464046,0.051889684,0.131,51472.836
0.0073501621,0.053818509,0.131,51468.777
0.0057295794,0.055747338,0.131,51467.223
0.0042166794,0.057676159,0.131,51467.926
0.0028345308,0.059604988,0.131,51470.688
0.0015966002,0.061533809,0.131,51475.227
0.00050738739,0.063462637,0.131,51481.199
0.058689069,0.019414527,0.131,55984.457
0.056355506,0.017876294,0.131,55706.121
0.05402194,0.0164779,0.131,55402.016
0.051688373,0.015206633,0.131,55090.492
0.049354807,0.014050936,0.131,54784.086
0.04702124,0.013000302,0.131,54485.992
0.030282374,0.013000302,0.131,52451.547
0.029382501,0.014050936,0.131,52340.105
0.028564433,0.015206633,0.131,52241.793
0.027820732,0.0164779,0.131,52154.582
0.027144644,0.017876294,0.131,52076.77
0.026530018,0.019414527,0.131,52006.855
0.025971267,0.021106582,0.131,51943.461
0.025463311,0.02295731,0.131,51885.551
0.025001533,0.024886135,0.131,51833.734
0.024581734,0.02681496,0.131,51788.113
0.024178877,0.028743785,0.131,51746.914
0.02372977,0.030672612,0.131,51708.668
0.023187203,0.032601438,0.131,51672.797
0.022536874,0.03453026,0.131,51639.438
0.021764711,0.036459088,0.131,51608.703
0.020858083,0.03838791,0.131,51580.664
0.019807441,0.040316738,0.131,51555.496
0.018608207,0.042245559,0.131,51533.18
0.017262766,0.044174388,0.131,51513.695
0.01578214,0.046103209,0.131,51497.031
0.014186899,0.048032038,0.131,51483.09
0.012506874,0.049960859,0.131,51471.93
0.010779431,0.051889684,0.131,51463.598
0.0090464037,0.053818509,0.131,51458.23
0.0073501617,0.055747338,0.131,51455.66
0.0057295794,0.057676159,0.131,51455.578
0.0042166784,0.059604988,0.131,51457.742
0.0028345303,0.061533809,0.131,51461.898
0.0015965998,0.063462637,0.131,51467.875
0.00050738727,0.065391466,0.131,51475.277
0.056355506,0.019414527,0.131,55420.352
0.05402194,0.017876294,0.131,55156.418
0.051688373,0.0164779,0.131,54880.82
0.049354807,0.015206633,0.131,54606.703
0.04702124,0.014050936,0.131,54337.547
0.044805598,0.013000302,0.131,54095.977
0.031272236,0.013000302,0.131,52522.871
0.030282374,0.014050936,0.131,52396.477
0.029382501,0.015206633,0.131,52286.137
0.028564433,0.0164779,0.131,52189.199
0.027820732,0.017876294,0.131,52103.57
0.027144644,0.019414527,0.131,52027.406
0.026530018,0.021106582,0.131,51959.027
0.025971267,0.02295731,0.131,51897.145
0.025463311,0.024886135,0.131,51842.246
0.025001533,0.02681496,0.131,51794.289
0.024581734,0.028743785,0.131,51751.516
0.024178877,0.030672612,0.131,51712.535
0.02372977,0.032601438,0.131,51676.168
0.023187203,0.03453026,0.131,51642.09
0.022536874,0.036459088,0.131,51610.457
0.021764711,0.03838791,0.131,51581.34
0.020858085,0.040316738,0.131,51554.941
0.019807441,0.042245559,0.131,51531.285
0.018608207,0.044174388,0.131,51510.391
0.017262766,0.046103209,0.131,51492.281
0.01578214,0.048032038,0.131,51476.875
0.014186899,0.049960859,0.131,51464.227
0.012506874,0.051889684,0.131,51454.352
0.010779431,0.053818509,0.131,51447.441
0.0090464037,0.055747338,0.131,51443.551
0.0073501612,0.057676159,0.131,51442.504
0.0057295784,0.059604988,0.131,51443.98
0.0042166784,0.061533809,0.131,51447.633
0.0028345298,0.063462637,0.131,51453.328
0.0015965996,0.065391466,0.131,51460.875
0.00050738722,0.067320287,0.131,51469.898
0.056355506,0.021106582,0.131,55110.707
0.05402194,0.019414527,0.131,54889.812
0.051688373,0.017876294,0.131,54652.887
0.049354807,0.0164779,0.131,54413.578
0.04702124,0.015206633,0.131,54175.527
0.044805598,0.014050936,0.131,53960.969
0.042844683,0.013000302,0.131,53788.238
0.032361083,0.013000302,0.131,52607.961
0.031272236,0.014050936,0.131,52463.43
0.030282374,0.015206633,0.131,52338.43
0.029382501,0.0164779,0.131,52229.742
0.028564433,0.017876294,0.131,52134.734
0.027820732,0.019414527,0.131,52051.121
0.027144644,0.021106582,0.131,51976.852
0.026530018,0.02295731,0.131,51910.344
0.025971267,0.024886135,0.131,51851.883
0.025463311,0.02681496,0.131,51801.242
0.025001533,0.028743785,0.131,51756.449
0.024581734,0.030672612,0.131,51716.082
0.024178877,0.032601438,0.131,51678.996
0.02372977,0.03453026,0.131,51644.355
0.023187203,0.036459088,0.131,51611.949
0.022536874,0.03838791,0.131,51581.926
0.021764711,0.040316738,0.131,51554.445
0.020858085,0.042245559,0.131,51529.582
0.019807443,0.044174388,0.131,51507.391
0.018608207,0.046103209,0.131,51487.914
0.017262766,0.048032038,0.131,51471.098
0.01578214,0.049960859,0.131,51456.988
0.014186899,0.051889684,0.131,51445.578
0.012506874,0.053818509,0.131,51437.039
0.01077943,0.055747338,0.131,51431.527
0.0090464018,0.057676159,0.131,51429.141
0.0073501603,0.059604988,0.131,51429.684
0.0057295784,0.061533809,0.131,51432.715
0.0042166775,0.063462637,0.131,51437.969
0.0028345296,0.065391466,0.131,51445.301
0.0015965994,0.067320287,0.131,51454.602
0.0005073871,0.069249108,0.131,51465.336
0.056355506,0.02295731,0.131,54779.289
0.05402194,0.021106582,0.131,54602.207
0.051688373,0.019414527,0.131,54406.551
0.049354807,0.017876294,0.131,54204.461
0.04702124,0.0164779,0.131,53999.699
0.044805598,0.015206633,0.131,53814.051
0.042844683,0.014050936,0.131,53665.355
0.041139543,0.013000302,0.131,53547.062
0.03353598,0.013000302,0.131,52707.684
0.032361083,0.014050936,0.131,52543.496
0.031272236,0.015206633,0.131,52400.605
0.030282374,0.0164779,0.131,52277.625
0.029382501,0.017876294,0.131,52171.254
0.028564433,0.019414527,0.131,52078.691
0.027820732,0.021106582,0.131,51997.406
0.027144644,0.02295731,0.131,51925.434
0.026530018,0.024886135,0.131,51862.832
0.025971267,0.02681496,0.131,51809.105
0.025463311,0.028743785,0.131,51761.988
0.025001533,0.030672612,0.131,51719.891
0.024581734,0.032601438,0.131,51681.598
0.024178877,0.03453026,0.131,51646.262
0.02372977,0.036459088,0.131,51613.234
0.023187203,0.03838791,0.131,51582.449
0.022536874,0.040316738,0.131,51554.047
0.021764711,0.042245559,0.131,51528.133
0.020858087,0.044174388,0.131,51504.797
0.019807443,0.046103209,0.131,51484.098
0.018608207,0.048032038,0.131,51465.984
0.017262766,0.049960859,0.131,51450.5
0.01578214,0.051889684,0.131,51437.641
0.014186899,0.053818509,0.131,51427.523
0.012506874,0.055747338,0.131,51420.297
0.01077943,0.057676159,0.131,51416.215
0.0090464018,0.059604988,0.131,51415.391
0.0073501598,0.061533809,0.131,51417.512
0.0057295775,0.063462637,0.131,51422.18
0.0042166775,0.065391466,0.131,51429.074
0.0028345292,0.067320287,0.131,51438.203
0.0015965991,0.069249108,0.131,51449.336
0.00050738698,0.071177937,0.131,51461.867
0.056355506,0.024886135,0.131,54444.117
0.05402194,0.02295731,0.131,54296.367
0.051688373,0.021106582,0.131,54142.414
0.049354807,0.019414527,0.131,53979.602
0.04702124,0.017876294,0.131,53810.09
0.044805598,0.0164779,0.131,53655.164
0.042844683,0.015206633,0.131,53532.012
0.041139543,0.014050936,0.131,53434.621
0.03965681,0.013000302,0.131,53354.684
0.034745067,0.013000302,0.131,52818.504
0.03353598,0.014050936,0.131,52637.523
0.032361083,0.015206633,0.131,52475.059
0.031272236,0.0164779,0.131,52334.672
0.030282373,0.017876294,0.131,52214.43
0.029382501,0.019414527,0.131,52111.008
0.028564433,0.021106582,0.131,52021.293
0.027820732,0.02295731,0.131,51942.816
0.027144644,0.024886135,0.131,51875.336
0.026530018,0.02681496,0.131,51818.02
0.025971267,0.028743785,0.131,51768.25
0.025463311,0.030672612,0.131,51724.164
0.025001533,0.032601438,0.131,51684.398
0.024581734,0.03453026,0.131,51648.027
0.024178877,0.036459088,0.131,51614.328
0.02372977,0.03838791,0.131,51582.926
0.023187203,0.040316738,0.131,51553.754
0.022536874,0.042245559,0.131,51526.957
0.021764712,0.044174388,0.131,51502.641
0.020858087,0.046103209,0.131,51480.879
0.019807443,0.048032038,0.131,51461.621
0.018608207,0.049960859,0.131,51444.926
0.017262766,0.051889684,0.131,51430.754
0.01578214,0.053818509,0.131,51419.203
0.014186899,0.055747338,0.131,51410.352
0.012506872,0.057676159,0.131,51404.461
0.01077943,0.059604988,0.131,51401.852
0.0090464018,0.061533809,0.131,51402.566
0.0073501598,0.063462637,0.131,51406.324
0.005729577,0.065391466,0.131,51412.621
0.0042166766,0.067320287,0.131,51421.289
0.0028345287,0.069249108,0.131,51432.301
0.0015965988,0.071177937,0.131,51445.363
0.00050738687,0.073106766,0.131,51459.688
0.056355506,0.02681496,0.131,54122.016
0.05402194,0.024886135,0.131,53989.586
0.051688373,0.02295731,0.131,53863.727
0.049354807,0.021106582,0.131,53740.027
0.04702124,0.019414527,0.131,53607.262
0.044805598,0.017876294,0.131,53484.52
0.042844683,0.0164779,0.131,53388.27
0.041139543,0.015206633,0.131,53312.906
0.03965681,0.014050936,0.131,53251.133
0.03836748,0.013000302,0.131,53200.062
0.035954155,0.013000302,0.131,52937.52
0.034745067,0.014050936,0.131,52742.195
0.03353598,0.015206633,0.131,52562.789
0.032361083,0.0164779,0.131,52403.102
0.031272233,0.017876294,0.131,52265.965
0.030282373,0.019414527,0.131,52149.246
0.029382501,0.021106582,0.131,52049.301
0.028564433,0.02295731,0.131,51963.016
0.027820732,0.024886135,0.131,51889.727
0.027144644,0.02681496,0.131,51828.191
0.026530018,0.028743785,0.131,51775.344
0.025971267,0.030672612,0.131,51728.988
0.025463311,0.032601438,0.131,51687.543
0.025001533,0.03453026,0.131,51649.945
0.024581734,0.036459088,0.131,51615.363
0.024178877,0.03838791,0.131,51583.336
0.02372977,0.040316738,0.131,51553.566
0.023187203,0.042245559,0.131,51526.035
0.022536874,0.044174388,0.131,51500.898
0.021764712,0.046103209,0.131,51478.242
0.020858087,0.048032038,0.131,51458.023
0.019807443,0.049960859,0.131,51440.285
0.018608207,0.051889684,0.131,51424.988
0.017262766,0.053818509,0.131,51412.184
0.01578214,0.055747338,0.131,51401.906
0.014186898,0.057676159,0.131,51394.34
0.012506872,0.059604988,0.131,51389.82
0.010779429,0.061533809,0.131,51388.664
0.0090464009,0.063462637,0.131,51390.965
0.0073501589,0.065391466,0.131,51396.332
0.0057295766,0.067320287,0.131,51404.352
0.0042166761,0.069249108,0.131,51414.863
0.0028345282,0.071177937,0.131,51427.859
0.0015965984,0.073106766,0.131,51442.855
0.00050738681,0.075035587,0.131,51458.922
0.056355506,0.028743785,0.131,53815.285
0.05402194,0.02681496,0.131,53697.66
0.051688373,0.024886135,0.131,53586.785
0.049354807,0.02295731,0.131,53489.281
0.04702124,0.021106582,0.131,53392.496
0.044805598,0.019414527,0.131,53302.844
0.042844683,0.017876294,0.131,53234.473
0.041139543,0.0164779,0.131,53182.078
0.03965681,0.015206633,0.131,53139.359
0.03836748,0.014050936,0.131,53103.965
0.037163246,0.013000302,0.131,53064.855
0.035954155,0.014050936,0.131,52854.82
0.034745067,0.015206633,0.131,52660.672
0.03353598,0.0164779,0.131,52483.82
0.032361083,0.017876294,0.131,52327.91
0.031272233,0.019414527,0.131,52194.949
0.030282373,0.021106582,0.131,52082.457
0.029382501,0.02295731,0.131,51986.703
0.028564433,0.024886135,0.131,51906.453
0.027820732,0.02681496,0.131,51839.902
0.027144644,0.028743785,0.131,51783.434
0.026530018,0.030672612,0.131,51734.457
0.025971267,0.032601438,0.131,51691.102
0.025463311,0.03453026,0.131,51652.105
0.025001533,0.036459088,0.131,51616.523
0.024581734,0.03838791,0.131,51583.754
0.024178877,0.040316738,0.131,51553.445
0.023729771,0.042245559,0.131,51525.332
0.023187203,0.044174388,0.131,51499.523
0.022536876,0.046103209,0.131,51476.133
0.021764712,0.048032038,0.131,51455.121
0.020858087,0.049960859,0.131,51436.523
0.019807443,0.051889684,0.131,51420.285
0.018608209,0.053818509,0.131,51406.441
0.017262766,0.055747338,0.131,51394.977
0.01578214,0.057676159,0.131,51385.996
0.014186898,0.059604988,0.131,51379.746
0.012506872,0.061533809,0.131,51376.566
0.010779429,0.063462637,0.131,51376.914
0.0090464,0.065391466,0.131,51380.77
0.0073501579,0.067320287,0.131,51387.805
0.0057295756,0.069249108,0.131,51397.586
0.0042166756,0.071177937,0.131,51410.055
0.0028345278,0.073106766,0.131,51425.055
0.0015965982,0.075035587,0.131,51441.941
0.00050738669,0.076964408,0.131,51459.648
0.056355506,0.030672612,0.131,53526.383
0.05402194,0.028743785,0.131,53422.781
0.051688373,0.02681496,0.131,53326.105
0.049354807,0.024886135,0.131,53242.465
0.04702124,0.02295731,0.131,53169.312
0.044805598,0.021106582,0.131,53111.539
0.042844683,0.019414527,0.131,53071.336
0.041139543,0.017876294,0.131,53042.477
0.03965681,0.0164779,0.131,53019.566
0.03836748,0.015206633,0.131,53000.461
0.037163246,0.014050936,0.131,52975.543
0.035954155,0.015206633,0.131,52766.215
0.034745067,0.0164779,0.131,52574.234
0.03353598,0.017876294,0.131,52401.129
0.032361083,0.019414527,0.131,52250.02
0.031272233,0.021106582,0.131,52122.129
0.030282373,0.02295731,0.131,52014.762
0.029382501,0.024886135,0.131,51926.082
0.028564433,0.02681496,0.131,51853.527
0.027820732,0.028743785,0.131,51792.762
0.027144644,0.030672612,0.131,51740.707
0.026530018,0.032601438,0.131,51695.148
0.025971267,0.03453026,0.131,51654.566
0.025463311,0.036459088,0.131,51617.844
0.025001533,0.03838791,0.131,51584.273
0.024581734,0.040316738,0.131,51553.387
0.024178877,0.042245559,0.131,51524.797
0.023729771,0.044174388,0.131,51498.465
0.023187203,0.046103209,0.131,51474.477
0.022536876,0.048032038,0.131,51452.824
0.021764712,0.049960859,0.131,51433.539
0.020858087,0.051889684,0.131,51416.547
0.019807443,0.053818509,0.131,51401.867
0.018608209,0.055747338,0.131,51389.453
0.017262766,0.057676159,0.131,51379.34
0.01578214,0.059604988,0.131,51371.676
0.014186898,0.061533809,0.131,51366.703
0.012506872,0.063462637,0.131,51364.918
0.010779428,0.065391466,0.131,51366.742
0.0090464,0.067320287,0.131,51372.191
0.0073501579,0.069249108,0.131,51380.898
0.0057295752,0.071177937,0.131,51392.547
0.0042166752,0.073106766,0.131,51407.016
0.0028345273,0.075035587,0.131,51424.004
0.001596598,0.076964408,0.131,51442.688
0.00050738658,0.078893237,0.131,51461.848
0.056355506,0.032601438,0.131,53257.297
0.05402194,0.030672612,0.131,53166.988
0.051688373,0.028743785,0.131,53083.488
0.049354807,0.02681496,0.131,53012.582
0.04702124,0.024886135,0.131,52951.371
0.044805598,0.02295731,0.131,52914.621
0.042844683,0.021106582,0.131,52900.871
0.041139543,0.019414527,0.131,52895.328
0.03965681,0.017876294,0.131,52892.281
0.03836748,0.0164779,0.131,52889.824
0.037163246,0.015206633,0.131,52879.586
0.035954155,0.0164779,0.131,52672.0
0.034745067,0.017876294,0.131,52483.383
0.03353598,0.019414527,0.131,52315.242
0.032361083,0.021106582,0.131,52170.012
0.031272233,0.02295731,0.131,52048.363
0.030282373,0.024886135,0.131,51949.355
0.029382497,0.02681496,0.131,51869.543
0.028564433,0.028743785,0.131,51803.645
0.027820732,0.030672612,0.131,51747.938
0.027144644,0.032601438,0.131,51699.789
0.026530018,0.03453026,0.131,51657.387
0.025971267,0.036459088,0.131,51619.375
0.025463311,0.03838791,0.131,51584.895
0.025001533,0.040316738,0.131,51553.402
0.024581734,0.042245559,0.131,51524.375
0.024178877,0.044174388,0.131,51497.641
0.023729771,0.046103209,0.131,51473.195
0.023187203,0.048032038,0.131,51451.031
0.022536878,0.049960859,0.131,51431.203
0.021764712,0.051889684,0.131,51413.625
0.020858087,0.053818509,0.131,51398.301
0.019807443,0.055747338,0.131,51385.148
0.018608209,0.057676159,0.131,51374.164
0.017262768,0.059604988,0.131,51365.414
0.01578214,0.061533809,0.131,51359.02
0.014186898,0.063462637,0.131,51355.363
0.012506871,0.065391466,0.131,51354.965
0.010779427,0.067320287,0.131,51358.293
0.0090464,0.069249108,0.131,51365.328
0.0073501575,0.071177937,0.131,51375.793
0.0057295747,0.073106766,0.131,51389.371
0.0042166742,0.075035587,0.131,51405.852
0.0028345268,0.076964408,0.131,51424.766
0.0015965976,0.078893237,0.131,51445.074
0.00050738652,0.080822065,0.131,51465.402
0.05402194,0.032601438,0.131,52931.742
0.051688373,0.030672612,0.131,52860.465
0.049354807,0.028743785,0.131,52800.93
0.04702124,0.02681496,0.131,52750.359
0.044805598,0.024886135,0.131,52723.93
0.042844683,0.02295731,0.131,52725.738
0.041139543,0.021106582,0.131,52741.605
0.03965681,0.019414527,0.131,52758.105
0.03836748,0.017876294,0.131,52772.484
0.037163246,0.0164779,0.131,52777.266
0.035954155,0.017876294,0.131,52572.633
0.034745067,0.019414527,0.131,52388.746
0.03353598,0.021106582,0.131,52226.891
0.032361083,0.02295731,0.131,52088.969
0.031272233,0.024886135,0.131,51977.238
0.030282373,0.02681496,0.131,51888.559
0.029382497,0.028743785,0.131,51816.48
0.028564433,0.030672612,0.131,51756.422
0.027820732,0.032601438,0.131,51705.199
0.027144644,0.03453026,0.131,51660.648
0.026530018,0.036459088,0.131,51621.156
0.025971267,0.03838791,0.131,51585.66
0.025463311,0.040316738,0.131,51553.469
0.025001533,0.042245559,0.131,51524.023
0.024581734,0.044174388,0.131,51496.973
0.024178877,0.046103209,0.131,51472.203
0.023729771,0.048032038,0.131,51449.656
0.023187203,0.049960859,0.131,51429.402
0.022536878,0.051889684,0.131,51411.379
0.021764712,0.053818509,0.131,51395.559
0.020858087,0.055747338,0.131,51381.852
0.019807443,0.057676159,0.131,51370.219
0.018608209,0.059604988,0.131,51360.672
0.017262768,0.061533809,0.131,51353.227
0.01578214,0.063462637,0.131,51348.125
0.014186898,0.065391466,0.131,51345.75
0.012506871,0.067320287,0.131,51346.789
0.010779427,0.069249108,0.131,51351.609
0.009046399,0.071177937,0.131,51360.297
0.0073501561,0.073106766,0.131,51372.582
0.0057295738,0.075035587,0.131,51388.141
0.0042166738,0.076964408,0.131,51406.625
0.0028345264,0.078893237,0.131,51427.32
0.0015965973,0.080822065,0.131,51448.992
0.0005073864,0.082750887,0.131,51470.152
0.051688373,0.032601438,0.131,52657.852
0.049354807,0.030672612,0.131,52608.457
0.04702124,0.028743785,0.131,52567.148
0.044805598,0.02681496,0.131,52549.055
0.042844683,0.024886135,0.131,52556.656
0.041139543,0.02295731,0.131,52584.207
0.03965681,0.021106582,0.131,52618.332
0.03836748,0.019414527,0.131,52649.199
0.037163246,0.017876294,0.131,52669.027
0.035954155,0.019414527,0.131,52468.816
0.034745067,0.021106582,0.131,52291.176
0.03353598,0.02295731,0.131,52137.336
0.032361083,0.024886135,0.131,52010.98
0.031272233,0.02681496,0.131,51911.379
0.030282373,0.028743785,0.131,51831.77
0.029382497,0.030672612,0.131,51766.496
0.028564433,0.032601438,0.131,51711.613
0.027820732,0.03453026,0.131,51664.504
0.027144644,0.036459088,0.131,51623.27
0.026530018,0.03838791,0.131,51586.598
0.025971267,0.040316738,0.131,51553.629
0.025463311,0.042245559,0.131,51523.691
0.025001533,0.044174388,0.131,51496.367
0.024581734,0.046103209,0.131,51471.391
0.024178877,0.048032038,0.131,51448.594
0.023729771,0.049960859,0.131,51428.031
0.023187203,0.051889684,0.131,51409.66
0.022536878,0.053818509,0.131,51393.48
0.021764712,0.055747338,0.131,51379.367
0.020858089,0.057676159,0.131,51367.266
0.019807443,0.059604988,0.131,51357.141
0.018608209,0.061533809,0.131,51348.953
0.017262768,0.063462637,0.131,51342.82
0.01578214,0.065391466,0.131,51338.969
0.014186898,0.067320287,0.131,51337.949
0.012506871,0.069249108,0.131,51340.398
0.010779427,0.071177937,0.131,51346.758
0.009046399,0.073106766,0.131,51357.148
0.0073501561,0.075035587,0.131,51371.332
0.0057295733,0.076964408,0.131,51388.91
0.0042166733,0.078893237,0.131,51409.305
0.0028345261,0.080822065,0.131,51431.566
0.001596597,0.082750887,0.131,51454.281
0.00050738628,0.084679708,0.131,51475.883
0.051688373,0.03453026,0.131,52475.871
0.049354807,0.032601438,0.131,52435.379
0.04702124,0.030672612,0.131,52402.148
0.044805598,0.028743785,0.131,52390.391
0.042844683,0.02681496,0.131,52402.137
0.041139543,0.024886135,0.131,52432.625
0.03965681,0.02295731,0.131,52475.594
0.03836748,0.021106582,0.131,52521.133
0.037163246,0.019414527,0.131,52555.637
0.035954155,0.021106582,0.131,52361.508
0.034745067,0.02295731,0.131,52192.207
0.03353598,0.024886135,0.131,52051.273
0.032361083,0.02681496,0.131,51939.043
0.031272233,0.028743785,0.131,51850.16
0.030282373,0.030672612,0.131,51778.562
0.029382497,0.032601438,0.131,51719.316
0.028564433,0.03453026,0.131,51669.168
0.027820732,0.036459088,0.131,51625.836
0.027144644,0.03838791,0.131,51587.773
0.026530018,0.040316738,0.131,51553.91
0.025971267,0.042245559,0.131,51523.414
0.025463311,0.044174388,0.131,51495.77
0.025001533,0.046103209,0.131,51470.645
0.024581734,0.048032038,0.131,51447.723
0.024178877,0.049960859,0.131,51426.977
0.023729771,0.051889684,0.131,51408.367
0.023187203,0.053818509,0.131,51391.914
0.022536878,0.055747338,0.131,51377.512
0.021764712,0.057676159,0.131,51365.078
0.020858089,0.059604988,0.131,51354.555
0.019807445,0.061533809,0.131,51345.855
0.018608209,0.063462637,0.131,51339.023
0.017262768,0.065391466,0.131,51334.145
0.01578214,0.067320287,0.131,51331.566
0.014186898,0.069249108,0.131,51331.906
0.012506871,0.071177937,0.131,51335.801
0.010779427,0.073106766,0.131,51343.746
0.0090463981,0.075035587,0.131,51355.926
0.0073501561,0.076964408,0.131,51372.09
0.0057295733,0.078893237,0.131,51391.66
0.0042166733,0.080822065,0.131,51413.809
0.0028345254,0.082750887,0.131,51437.355
0.0015965968,0.084679708,0.131,51460.75
0.00050738617,0.086608537,0.131,51482.285
0.049354807,0.03453026,0.131,52281.363
0.04702124,0.032601438,0.131,52255.051
0.044805598,0.030672612,0.131,52248.016
0.042844683,0.028743785,0.131,52262.375
0.041139543,0.02681496,0.131,52294.359
0.03965681,0.024886135,0.131,52338.359
0.03836748,0.02295731,0.131,52390.625
0.037163246,0.021106582,0.131,52438.129
0.035954155,0.02295731,0.131,52252.523
0.034745067,0.024886135,0.131,52097.184
0.03353598,0.02681496,0.131,51972.172
0.032361083,0.028743785,0.131,51872.52
0.031272233,0.030672612,0.131,51793.152
0.030282373,0.032601438,0.131,51728.645
0.029382497,0.03453026,0.131,51674.879
0.028564433,0.036459088,0.131,51629.051
0.027820732,0.03838791,0.131,51589.309
0.027144644,0.040316738,0.131,51554.371
0.026530018,0.042245559,0.131,51523.223
0.025971267,0.044174388,0.131,51495.203
0.025463311,0.046103209,0.131,51469.895
0.025001533,0.048032038,0.131,51446.926
0.024581734,0.049960859,0.131,51426.117
0.024178877,0.051889684,0.131,51407.383
0.023729771,0.053818509,0.131,51390.75
0.023187203,0.055747338,0.131,51376.137
0.022536878,0.057676159,0.131,51363.477
0.021764712,0.059604988,0.131,51352.684
0.020858089,0.061533809,0.131,51343.641
0.019807445,0.063462637,0.131,51336.344
0.018608209,0.065391466,0.131,51330.789
0.017262768,0.067320287,0.131,51327.176
0.01578214,0.069249108,0.131,51325.879
0.014186898,0.071177937,0.131,51327.598
0.012506871,0.073106766,0.131,51332.969
0.010779426,0.075035587,0.131,51342.586
0.0090463981,0.076964408,0.131,51356.66
0.0073501542,0.078893237,0.131,51374.836
0.0057295719,0.080822065,0.131,51396.309
0.0042166724,0.082750887,0.131,51419.992
0.0028345252,0.084679708,0.131,51444.492
0.0015965964,0.086608537,0.131,51468.078
0.00050738611,0.088537365,0.131,51489.09
0.049354807,0.036459088,0.131,52145.465
0.04702124,0.03453026,0.131,52125.145
0.044805598,0.032601438,0.131,52121.504
0.042844683,0.030672612,0.131,52137.273
0.041139543,0.028743785,0.131,52169.422
0.03965681,0.02681496,0.131,52213.262
0.03836748,0.024886135,0.131,52265.273
0.037163246,0.02295731,0.131,52318.594
0.035954155,0.024886135,0.131,52147.91
0.034745067,0.02681496,0.131,52010.098
0.03353598,0.028743785,0.131,51899.418
0.032361083,0.030672612,0.131,51810.98
0.031272233,0.032601438,0.131,51740.02
0.030282373,0.03453026,0.131,51681.918
0.029382497,0.036459088,0.131,51633.137
0.028564433,0.03838791,0.131,51591.379
0.027820732,0.040316738,0.131,51555.121
0.027144644,0.042245559,0.131,51523.172
0.026530018,0.044174388,0.131,51494.707
0.025971267,0.046103209,0.131,51469.172
0.025463311,0.048032038,0.131,51446.121
0.025001533,0.049960859,0.131,51425.336
0.024581734,0.051889684,0.131,51406.586
0.024178877,0.053818509,0.131,51389.871
0.023729771,0.055747338,0.131,51375.133
0.023187203,0.057676159,0.131,51362.309
0.022536878,0.059604988,0.131,51351.336
0.021764712,0.061533809,0.131,51342.074
0.020858089,0.063462637,0.131,51334.48
0.019807445,0.065391466,0.131,51328.488
0.018608211,0.067320287,0.131,51324.207
0.017262768,0.069249108,0.131,51321.816
0.01578214,0.071177937,0.131,51321.855
0.014186898,0.073106766,0.131,51324.965
0.012506871,0.075035587,0.131,51331.891
0.010779426,0.076964408,0.131,51343.293
0.0090463972,0.078893237,0.131,51359.34
0.0073501542,0.080822065,0.131,51379.504
0.0057295715,0.082750887,0.131,51402.73
0.0042166719,0.084679708,0.131,51427.676
0.0028345245,0.086608537,0.131,51452.684
0.0015965962,0.088537365,0.131,51475.988
0.00050738599,0.090466186,0.131,51495.914
0.049354807,0.03838791,0.131,52026.531
0.04702124,0.036459088,0.131,52011.254
0.044805598,0.03453026,0.131,52010.098
0.042844683,0.032601438,0.131,52026.254
0.041139543,0.030672612,0.131,52057.602
0.03965681,0.028743785,0.131,52100.18
0.03836748,0.02681496,0.131,52150.996
0.037163246,0.024886135,0.131,52203.844
0.035954155,0.02681496,0.131,52052.27
0.034745067,0.028743785,0.131,51930.402
0.03353598,0.030672612,0.131,51832.574
0.032361083,0.032601438,0.131,51754.043
0.031272233,0.03453026,0.131,51690.641
0.030282373,0.036459088,0.131,51638.324
0.029382497,0.03838791,0.131,51594.18
0.028564433,0.040316738,0.131,51556.324
0.027820732,0.042245559,0.131,51523.363
0.027144644,0.044174388,0.131,51494.32
0.026530018,0.046103209,0.131,51468.504
0.025971267,0.048032038,0.131,51445.348
0.025463311,0.049960859,0.131,51424.555
0.025001533,0.051889684,0.131,51405.871
0.024581734,0.053818509,0.131,51389.172
0.024178877,0.055747338,0.131,51374.383
0.023729771,0.057676159,0.131,51361.473
0.023187203,0.059604988,0.131,51350.379
0.022536878,0.061533809,0.131,51340.973
0.021764714,0.063462637,0.131,51333.191
0.020858089,0.065391466,0.131,51326.93
0.019807445,0.067320287,0.131,51322.227
0.018608211,0.069249108,0.131,51319.16
0.017262768,0.071177937,0.131,51318.043
0.01578214,0.073106766,0.131,51319.41
0.014186897,0.075035587,0.131,51323.969
0.012506871,0.076964408,0.131,51332.559
0.010779426,0.078893237,0.131,51345.852
0.0090463962,0.080822065,0.131,51363.91
0.0073501538,0.082750887,0.131,51385.996
0.005729571,0.084679708,0.131,51410.773
0.0042166715,0.086608537,0.131,51436.582
0.0028345243,0.088537365,0.131,51461.648
0.0015965959,0.090466186,0.131,51484.094
0.00050738588,0.092395008,0.131,51502.473
0.049354807,0.040316738,0.131,51923.191
0.04702124,0.03838791,0.131,51912.047
0.044805598,0.036459088,0.131,51912.602
0.042844683,0.03453026,0.131,51928.512
0.041139543,0.032601438,0.131,51958.246
0.03965681,0.030672612,0.131,51998.793
0.03836748,0.028743785,0.131,52047.512
0.037163246,0.02681496,0.131,52099.121
0.035954155,0.028743785,0.131,51965.129
0.034745067,0.030672612,0.131,51857.66
0.03353598,0.032601438,0.131,51771.203
0.032361083,0.03453026,0.131,51701.547
0.031272233,0.036459088,0.131,51644.906
0.030282373,0.03838791,0.131,51597.914
0.029382497,0.040316738,0.131,51558.156
0.028564433,0.042245559,0.131,51523.945
0.027820732,0.044174388,0.131,51494.145
0.027144644,0.046103209,0.131,51467.938
0.026530018,0.048032038,0.131,51444.621
0.025971267,0.049960859,0.131,51423.805
0.025463311,0.051889684,0.131,51405.164
0.025001533,0.053818509,0.131,51388.555
0.024581734,0.055747338,0.131,51373.793
0.024178877,0.057676159,0.131,51360.855
0.023729771,0.059604988,0.131,51349.707
0.023187205,0.061533809,0.131,51340.207
0.022536879,0.063462637,0.131,51332.312
0.021764714,0.065391466,0.131,51325.887
0.020858089,0.067320287,0.131,51320.926
0.019807447,0.069249108,0.131,51317.438
0.018608211,0.071177937,0.131,51315.602
0.017262768,0.073106766,0.131,51315.758
0.01578214,0.075035587,0.131,51318.492
0.014186896,0.076964408,0.131,51324.594
0.012506871,0.078893237,0.131,51334.965
0.010779426,0.080822065,0.131,51350.238
0.0090463962,0.082750887,0.131,51370.309
0.0073501533,0.084679708,0.131,51394.191
0.0057295701,0.086608537,0.131,51420.199
0.0042166705,0.088537365,0.131,51446.461
0.0028345238,0.090466186,0.131,51471.008
0.0015965956,0.092395008,0.131,51492.074
0.00050738582,0.094323844,0.131,51508.492
0.049354807,0.042245559,0.131,51833.824
0.04702124,0.040316738,0.131,51826.055
0.044805598,0.03838791,0.131,51827.75
0.042844683,0.036459088,0.131,51842.906
0.041139543,0.03453026,0.131,51870.598
0.03965681,0.032601438,0.131,51908.449
0.03836748,0.030672612,0.131,51954.457
0.037163246,0.028743785,0.131,52004.043
0.035954155,0.030672612,0.131,51886.059
0.034745067,0.032601438,0.131,51791.383
0.03353598,0.03453026,0.131,51715.09
0.032361083,0.036459088,0.131,51653.309
0.031272233,0.03838791,0.131,51602.824
0.030282373,0.040316738,0.131,51560.797
0.029382497,0.042245559,0.131,51525.086
0.028564433,0.044174388,0.131,51494.328
0.027820732,0.046103209,0.131,51467.562
0.027144644,0.048032038,0.131,51443.984
0.026530018,0.049960859,0.131,51423.102
0.025971267,0.051889684,0.131,51404.492
0.025463311,0.053818509,0.131,51387.953
0.025001533,0.055747338,0.131,51373.293
0.024581734,0.057676159,0.131,51360.387
0.024178877,0.059604988,0.131,51349.223
0.023729771,0.061533809,0.131,51339.688
0.023187205,0.063462637,0.131,51331.715
0.022536879,0.065391466,0.131,51325.195
0.021764714,0.067320287,0.131,51320.082
0.020858089,0.069249108,0.131,51316.336
0.019807447,0.071177937,0.131,51314.055
0.018608211,0.073106766,0.131,51313.445
0.017262768,0.075035587,0.131,51314.898
0.01578214,0.076964408,0.131,51319.074
0.014186896,0.078893237,0.131,51326.84
0.012506871,0.080822065,0.131,51339.105
0.010779426,0.082750887,0.131,51356.418
0.0090463953,0.084679708,0.131,51378.461
0.0073501524,0.086608537,0.131,51403.895
0.0057295701,0.088537365,0.131,51430.773
0.0042166705,0.090466186,0.131,51456.949
0.0028345233,0.092395008,0.131,51480.426
0.0015965954,0.094323844,0.131,51499.621
0.0005073857,0.096252665,0.131,51513.762
0.049354807,0.044174388,0.131,51756.871
0.04702124,0.042245559,0.131,51751.723
0.044805598,0.040316738,0.131,51754.227
0.042844683,0.03838791,0.131,51768.301
0.041139543,0.036459088,0.131,51793.609
0.03965681,0.03453026,0.131,51828.445
0.03836748,0.032601438,0.131,51871.188
0.037163246,0.030672612,0.131,51918.203
0.035954155,0.032601438,0.131,51814.516
0.034745067,0.03453026,0.131,51731.266
0.03353598,0.036459088,0.131,51663.945
0.032361083,0.03838791,0.131,51609.266
0.031272233,0.040316738,0.131,51564.438
0.030282373,0.042245559,0.131,51526.941
0.029382497,0.044174388,0.131,51495.016
0.028564433,0.046103209,0.131,51467.516
0.027820732,0.048032038,0.131,51443.535
0.027144644,0.049960859,0.131,51422.492
0.026530018,0.051889684,0.131,51403.875
0.025971267,0.053818509,0.131,51387.395
0.025463311,0.055747338,0.131,51372.812
0.025001533,0.057676159,0.131,51360.004
0.024581734,0.059604988,0.131,51348.863
0.024178877,0.061533809,0.131,51339.32
0.023729771,0.063462637,0.131,51331.328
0.023187205,0.065391466,0.131,51324.746
0.022536879,0.067320287,0.131,51319.543
0.021764714,0.069249108,0.131,51315.645
0.020858089,0.071177937,0.131,51313.086
0.019807447,0.073106766,0.131,51312.027
0.018608211,0.075035587,0.131,51312.629
0.017262768,0.076964408,0.131,51315.441
0.01578214,0.078893237,0.131,51321.16
0.014186896,0.080822065,0.131,51330.703
0.01250687,0.082750887,0.131,51344.98
0.010779426,0.084679708,0.131,51364.371
0.0090463953,0.086608537,0.131,51388.234
0.0073501524,0.088537365,0.131,51414.941
0.0057295696,0.090466186,0.131,51442.184
0.0042166696,0.092395008,0.131,51467.727
0.0028345231,0.094323844,0.131,51489.57
0.001596595,0.096252665,0.131,51506.488
0.00050738559,0.098181486,0.131,51518.184
0.04702124,0.044174388,0.131,51687.645
0.044805598,0.042245559,0.131,51690.656
0.042844683,0.040316738,0.131,51703.555
0.041139543,0.03838791,0.131,51726.293
0.03965681,0.036459088,0.131,51757.855
0.03836748,0.03453026,0.131,51797.109
0.037163246,0.032601438,0.131,51841.008
0.035954155,0.03453026,0.131,51750.094
0.034745067,0.036459088,0.131,51676.91
0.03353598,0.03838791,0.131,51617.625
0.032361083,0.040316738,0.131,51569.383
0.031272233,0.042245559,0.131,51529.664
0.030282373,0.044174388,0.131,51496.34
0.029382497,0.046103209,0.131,51467.938
0.028564433,0.048032038,0.131,51443.398
0.027820732,0.049960859,0.131,51422.062
0.027144644,0.051889684,0.131,51403.348
0.026530018,0.053818509,0.131,51386.895
0.025971267,0.055747338,0.131,51372.383
0.025463311,0.057676159,0.131,51359.648
0.025001533,0.059604988,0.131,51348.594
0.024581734,0.061533809,0.131,51339.066
0.024178877,0.063462637,0.131,51331.062
0.023729771,0.065391466,0.131,51324.465
0.023187205,0.067320287,0.131,51319.207
0.022536879,0.069249108,0.131,51315.219
0.021764714,0.071177937,0.131,51312.5
0.02085809,0.073106766,0.131,51311.121
0.019807447,0.075035587,0.131,51311.23
0.018608211,0.076964408,0.131,51313.137
0.017262768,0.078893237,0.131,51317.391
0.01578214,0.080822065,0.131,51324.766
0.014186896,0.082750887,0.131,51336.227
0.01250687,0.084679708,0.131,51352.609
0.010779424,0.086608537,0.131,51374.008
0.0090463944,0.088537365,0.131,51399.508
0.0073501519,0.090466186,0.131,51427.043
0.0057295682,0.092395008,0.131,51454.16
0.0042166691,0.094323844,0.131,51478.449
0.0028345226,0.096252665,0.131,51498.156
0.0015965948,0.098181486,0.131,51512.543
0.00050738547,0.10011031,0.131,51521.652
0.04702124,0.046103209,0.131,51632.551
0.044805598,0.044174388,0.131,51635.828
0.042844683,0.042245559,0.131,51647.465
0.041139543,0.040316738,0.131,51667.676
0.03965681,0.03838791,0.131,51695.852
0.03836748,0.036459088,0.131,51731.422
0.037163246,0.03453026,0.131,51771.945
0.035954155,0.036459088,0.131,51692.273
0.034745067,0.03838791,0.131,51628.055
0.03353598,0.040316738,0.131,51575.992
0.032361083,0.042245559,0.131,51533.512
0.031272233,0.044174388,0.131,51498.438
0.030282373,0.046103209,0.131,51468.949
0.029382497,0.048032038,0.131,51443.711
0.028564433,0.049960859,0.131,51421.941
0.027820732,0.051889684,0.131,51403.004
0.027144644,0.053818509,0.131,51386.488
0.026530018,0.055747338,0.131,51372.016
0.025971267,0.057676159,0.131,51359.348
0.025463311,0.059604988,0.131,51348.355
0.025001533,0.061533809,0.131,51338.895
0.024581734,0.063462637,0.131,51330.895
0.024178877,0.065391466,0.131,51324.285
0.023729773,0.067320287,0.131,51319.016
0.023187205,0.069249108,0.131,51314.973
0.022536879,0.071177937,0.131,51312.16
0.021764718,0.073106766,0.131,51310.555
0.02085809,0.075035587,0.131,51310.367
0.019807447,0.076964408,0.131,51311.703
0.018608211,0.078893237,0.131,51314.973
0.017262768,0.080822065,0.131,51320.766
0.01578214,0.082750887,0.131,51329.941
0.014186896,0.084679708,0.131,51343.453
0.012506869,0.086608537,0.131,51361.957
0.010779424,0.088537365,0.131,51385.281
0.0090463944,0.090466186,0.131,51412.062
0.0073501505,0.092395008,0.131,51439.984
0.0057295682,0.094323844,0.131,51466.348
0.0042166687,0.096252665,0.131,51488.793
0.0028345222,0.098181486,0.131,51506.008
0.0015965945,0.10011031,0.131,51517.648
0.00050738541,0.10203914,0.131,51524.219
0.04702124,0.048032038,0.131,51585.219
0.044805598,0.046103209,0.131,51588.625
0.042844683,0.044174388,0.131,51598.988
0.041139543,0.042245559,0.131,51616.734
0.03965681,0.040316738,0.131,51641.66
0.03836748,0.03838791,0.131,51673.457
0.037163246,0.036459088,0.131,51710.359
0.035954155,0.03838791,0.131,51640.656
0.034745067,0.040316738,0.131,51584.445
0.03353598,0.042245559,0.131,51538.805
0.032361083,0.044174388,0.131,51501.504
0.031272233,0.046103209,0.131,51470.641
0.030282373,0.048032038,0.131,51444.562
0.029382497,0.049960859,0.131,51422.242
0.028564433,0.051889684,0.131,51402.957
0.027820732,0.053818509,0.131,51386.262
0.027144644,0.055747338,0.131,51371.746
0.026530018,0.057676159,0.131,51359.117
0.025971267,0.059604988,0.131,51348.176
0.025463311,0.061533809,0.131,51338.762
0.025001533,0.063462637,0.131,51330.805
0.024581734,0.065391466,0.131,51324.188
0.024178877,0.067320287,0.131,51318.902
0.023729773,0.069249108,0.131,51314.844
0.023187205,0.071177937,0.131,51311.973
0.022536879,0.073106766,0.131,51310.246
0.021764718,0.075035587,0.131,51309.816
0.02085809,0.076964408,0.131,51310.848
0.019807447,0.078893237,0.131,51313.422
0.018608211,0.080822065,0.131,51318.148
0.017262768,0.082750887,0.131,51325.637
0.01578214,0.084679708,0.131,51336.781
0.014186896,0.086608537,0.131,51352.41
0.012506869,0.088537365,0.131,51373.016
0.010779424,0.090466186,0.131,51398.016
0.0090463934,0.092395008,0.131,51425.703
0.0073501505,0.094323844,0.131,51453.441
0.0057295677,0.096252665,0.131,51478.406
0.0042166682,0.098181486,0.131,51498.539
0.0028345217,0.10011031,0.131,51512.938
0.0015965942,0.10203914,0.131,51521.828
0.0005073853,0.10396796,0.131,51525.926
0.044805598,0.048032038,0.131,51547.984
0.042844683,0.046103209,0.131,51557.18
0.041139543,0.044174388,0.131,51572.625
0.03965681,0.042245559,0.131,51594.441
0.03836748,0.040316738,0.131,51622.582
0.037163246,0.03838791,0.131,51655.723
0.035954155,0.040316738,0.131,51594.879
0.034745067,0.042245559,0.131,51545.746
0.03353598,0.044174388,0.131,51505.84
0.032361083,0.046103209,0.131,51473.191
0.031272233,0.048032038,0.131,51446.031
0.030282373,0.049960859,0.131,51423.047
0.029382497,0.051889684,0.131,51403.312
0.028564433,0.053818509,0.131,51386.324
0.027820732,0.055747338,0.131,51371.652
0.027144644,0.057676159,0.131,51358.98
0.026530018,0.059604988,0.131,51348.066
0.025971267,0.061533809,0.131,51338.688
0.025463311,0.063462637,0.131,51330.758
0.025001533,0.065391466,0.131,51324.164
0.024581734,0.067320287,0.131,51318.855
0.024178877,0.069249108,0.131,51314.777
0.023729773,0.071177937,0.131,51311.887
0.023187205,0.073106766,0.131,51310.09
0.022536879,0.075035587,0.131,51309.496
0.021764718,0.076964408,0.131,51310.262
0.02085809,0.078893237,0.131,51312.461
0.019807447,0.080822065,0.131,51316.445
0.018608212,0.082750887,0.131,51322.73
0.017262768,0.084679708,0.131,51332.062
0.01578214,0.086608537,0.131,51345.281
0.014186896,0.088537365,0.131,51363.121
0.012506869,0.090466186,0.131,51385.68
0.010779424,0.092395008,0.131,51412.07
0.0090463934,0.094323844,0.131,51440.164
0.00735015,0.096252665,0.131,51467.066
0.0057295673,0.098181486,0.131,51490.059
0.0042166673,0.10011031,0.131,51507.445
0.0028345212,0.10203914,0.131,51518.953
0.001596594,0.10396796,0.131,51525.059
0.00050738518,0.10589679,0.131,51526.887
0.042844683,0.048032038,0.131,51521.137
0.041139543,0.046103209,0.131,51534.547
0.03965681,0.044174388,0.131,51553.449
0.03836748,0.042245559,0.131,51578.086
0.037163246,0.040316738,0.131,51607.543
0.035954155,0.042245559,0.131,51554.484
0.034745067,0.044174388,0.131,51511.648
0.03353598,0.046103209,0.131,51476.852
0.032361083,0.048032038,0.131,51448.254
0.031272233,0.049960859,0.131,51424.414
0.030282373,0.051889684,0.131,51404.141
0.029382497,0.053818509,0.131,51386.773
0.028564433,0.055747338,0.131,51371.836
0.027820732,0.057676159,0.131,51359.016
0.027144644,0.059604988,0.131,51348.055
0.026530018,0.061533809,0.131,51338.684
0.025971267,0.063462637,0.131,51330.77
0.025463311,0.065391466,0.131,51324.184
0.025001533,0.067320287,0.131,51318.883
0.024581734,0.069249108,0.131,51314.766
0.024178877,0.071177937,0.131,51311.852
0.023729773,0.073106766,0.131,51310.023
0.023187205,0.075035587,0.131,51309.336
0.022536881,0.076964408,0.131,51309.883
0.021764718,0.078893237,0.131,51311.844
0.02085809,0.080822065,0.131,51315.348
0.019807449,0.082750887,0.131,51320.793
0.018608212,0.084679708,0.131,51328.797
0.017262768,0.086608537,0.131,51340.094
0.01578214,0.088537365,0.131,51355.504
0.014186896,0.090466186,0.131,51375.484
0.012506869,0.092395008,0.131,51399.836
0.010779423,0.094323844,0.131,51427.195
0.0090463925,0.096252665,0.131,51455.102
0.0073501496,0.098181486,0.131,51480.547
0.0057295663,0.10011031,0.131,51501.02
0.0042166673,0.10203914,0.131,51515.461
0.0028345208,0.10396796,0.131,51523.977
0.0015965936,0.10589679,0.131,51527.523
0.00050738512,0.10782561,0.131,51527.293
0.042844683,0.049960859,0.131,51490.145
0.041139543,0.048032038,0.131,51501.695
0.03965681,0.046103209,0.131,51518.004
0.03836748,0.044174388,0.131,51539.355
0.037163246,0.042245559,0.131,51565.234
0.035954155,0.044174388,0.131,51519.074
0.034745067,0.046103209,0.131,51481.824
0.03353598,0.048032038,0.131,51451.465
0.032361083,0.049960859,0.131,51426.457
0.031272233,0.051889684,0.131,51405.488
0.030282373,0.053818509,0.131,51387.664
0.029382497,0.055747338,0.131,51372.383
0.028564433,0.057676159,0.131,51359.312
0.027820732,0.059604988,0.131,51348.203
0.027144644,0.061533809,0.131,51338.773
0.026530018,0.063462637,0.131,51330.852
0.025971267,0.065391466,0.131,51324.262
0.025463311,0.067320287,0.131,51318.949
0.025001533,0.069249108,0.131,51314.832
0.024581734,0.071177937,0.131,51311.867
0.024178877,0.073106766,0.131,51310.012
0.023729773,0.075035587,0.131,51309.254
0.023187207,0.076964408,0.131,51309.707
0.022536881,0.078893237,0.131,51311.473
0.021764718,0.080822065,0.131,51314.641
0.02085809,0.082750887,0.131,51319.508
0.019807449,0.084679708,0.131,51326.559
0.018608212,0.086608537,0.131,51336.402
0.01726277,0.088537365,0.131,51349.82
0.01578214,0.090466186,0.131,51367.426
0.014186896,0.092395008,0.131,51389.465
0.012506869,0.094323844,0.131,51415.293
0.010779423,0.096252665,0.131,51443.117
0.0090463916,0.098181486,0.131,51470.207
0.0073501486,0.10011031,0.131,51493.547
0.0057295659,0.10203914,0.131,51511.156
0.0042166663,0.10396796,0.131,51522.461
0.0028345203,0.10589679,0.131,51528.125
0.0015965933,0.10782561,0.131,51529.27
0.000507385,0.10975444,0.131,51527.336
0.042844683,0.051889684,0.131,51463.477
0.041139543,0.049960859,0.131,51473.422
0.03965681,0.048032038,0.131,51487.387
0.03836748,0.046103209,0.131,51505.801
0.037163246,0.044174388,0.131,51528.289
0.035954155,0.046103209,0.131,51488.227
0.034745067,0.048032038,0.131,51455.82
0.03353598,0.049960859,0.131,51429.367
0.032361083,0.051889684,0.131,51407.449
0.031272233,0.053818509,0.131,51389.039
0.030282373,0.055747338,0.131,51373.355
0.029382497,0.057676159,0.131,51359.961
0.028564433,0.059604988,0.131,51348.602
0.027820732,0.061533809,0.131,51339.012
0.027144644,0.063462637,0.131,51331.02
0.026530018,0.065391466,0.131,51324.406
0.025971267,0.067320287,0.131,51319.074
0.025463311,0.069249108,0.131,51314.934
0.025001533,0.071177937,0.131,51311.957
0.024581734,0.073106766,0.131,51310.055
0.024178877,0.075035587,0.131,51309.227
0.023729773,0.076964408,0.131,51309.652
0.023187207,0.078893237,0.131,51311.277
0.022536881,0.080822065,0.131,51314.195
0.021764718,0.082750887,0.131,51318.66
0.020858092,0.084679708,0.131,51325.035
0.019807449,0.086608537,0.131,51333.805
0.018608212,0.088537365,0.131,51345.66
0.01726277,0.090466186,0.131,51361.242
0.01578214,0.092395008,0.131,51381.039
0.014186896,0.094323844,0.131,51404.926
0.012506869,0.096252665,0.131,51431.797
0.010779423,0.098181486,0.131,51459.527
0.0090463916,0.10011031,0.131,51485.109
0.0073501486,0.10203914,0.131,51505.867
0.0057295659,0.10396796,0.131,51520.301
0.0042166663,0.10589679,0.131,51528.512
0.0028345198,0.10782561,0.131,51531.453
0.0015965931,0.10975444,0.131,51530.527
0.00050738489,0.11168326,0.131,51527.289
0.042844683,0.053818509,0.131,51440.586
0.041139543,0.051889684,0.131,51449.07
0.03965681,0.049960859,0.131,51461.023
0.03836748,0.048032038,0.131,51476.781
0.037163246,0.046103209,0.131,51496.207
0.035954155,0.048032038,0.131,51461.43
0.034745067,0.049960859,0.131,51433.277
0.03353598,0.051889684,0.131,51410.168
0.032361083,0.053818509,0.131,51390.965
0.031272233,0.055747338,0.131,51374.777
0.030282373,0.057676159,0.131,51361.016
0.029382497,0.059604988,0.131,51349.34
0.028564433,0.061533809,0.131,51339.5
0.027820732,0.063462637,0.131,51331.336
0.027144644,0.065391466,0.131,51324.633
0.026530018,0.067320287,0.131,51319.262
0.025971267,0.069249108,0.131,51315.09
0.025463311,0.071177937,0.131,51312.082
0.025001533,0.073106766,0.131,51310.172
0.024581734,0.075035587,0.131,51309.293
0.024178877,0.076964408,0.131,51309.641
0.023729773,0.078893237,0.131,51311.191
0.023187207,0.080822065,0.131,51313.926
0.022536881,0.082750887,0.131,51318.105
0.021764718,0.084679708,0.131,51324.0
0.020858092,0.086608537,0.131,51331.992
0.019807449,0.088537365,0.131,51342.656
0.018608212,0.090466186,0.131,51356.598
0.01726277,0.092395008,0.131,51374.402
0.01578214,0.094323844,0.131,51396.266
0.014186896,0.096252665,0.131,51421.664
0.012506869,0.098181486,0.131,51449.113
0.010779422,0.10011031,0.131,51476.047
0.0090463916,0.10203914,0.131,51499.551
0.0073501477,0.10396796,0.131,51517.27
0.0057295645,0.10589679,0.131,51528.461
0.0042166654,0.10782561,0.131,51533.668
0.0028345196,0.10975444,0.131,51534.145
0.0015965927,0.11168326,0.131,51531.559
0.00050738477,0.11361209,0.131,51527.332
0.042844683,0.055747338,0.131,51420.926
0.041139543,0.053818509,0.131,51428.141
0.03965681,0.051889684,0.131,51438.305
0.03836748,0.049960859,0.131,51451.777
0.037163246,0.048032038,0.131,51468.41
0.035954155,0.049960859,0.131,51438.266
0.034745067,0.051889684,0.131,51413.75
0.03353598,0.053818509,0.131,51393.559
0.032361083,0.055747338,0.131,51376.695
0.031272233,0.057676159,0.131,51362.48
0.030282373,0.059604988,0.131,51350.461
0.029382497,0.061533809,0.131,51340.309
0.028564433,0.063462637,0.131,51331.887
0.027820732,0.065391466,0.131,51325.0
0.027144644,0.067320287,0.131,51319.527
0.026530018,0.069249108,0.131,51315.305
0.025971267,0.071177937,0.131,51312.258
0.025463311,0.073106766,0.131,51310.305
0.025001533,0.075035587,0.131,51309.441
0.024581734,0.076964408,0.131,51309.668
0.024178877,0.078893237,0.131,51311.148
0.023729773,0.080822065,0.131,51313.777
0.023187207,0.082750887,0.131,51317.75
0.022536881,0.084679708,0.131,51323.305
0.021764718,0.086608537,0.131,51330.73
0.020858092,0.088537365,0.131,51340.508
0.019807449,0.090466186,0.131,51353.16
0.018608212,0.092395008,0.131,51369.285
0.01726277,0.094323844,0.131,51389.258
0.01578214,0.096252665,0.131,51412.957
0.014186896,0.098181486,0.131,51439.473
0.012506869,0.10011031,0.131,51466.859
0.010779422,0.10203914,0.131,51492.391
0.0090463907,0.10396796,0.131,51513.234
0.0073501468,0.10589679,0.131,51527.715
0.005729564,0.10782561,0.131,51535.656
0.0042166649,0.10975444,0.131,51538.027
0.0028345189,0.11168326,0.131,51536.465
0.0015965925,0.11361209,0.131,51532.535
0.00050738471,0.11554092,0.131,51527.812
0.041139543,0.055747338,0.131,51410.133
0.03965681,0.053818509,0.131,51418.77
0.03836748,0.051889684,0.131,51430.219
0.037163246,0.049960859,0.131,51444.43
0.035954155,0.051889684,0.131,51418.246
0.034745067,0.053818509,0.131,51396.887
0.03353598,0.055747338,0.131,51379.195
0.032361083,0.057676159,0.131,51364.387
0.031272233,0.059604988,0.131,51351.957
0.030282373,0.061533809,0.131,51341.48
0.029382497,0.063462637,0.131,51332.75
0.028564433,0.065391466,0.131,51325.598
0.027820732,0.067320287,0.131,51319.934
0.027144644,0.069249108,0.131,51315.594
0.026530018,0.071177937,0.131,51312.484
0.025971267,0.073106766,0.131,51310.488
0.025463311,0.075035587,0.131,51309.562
0.025001533,0.076964408,0.131,51309.766
0.024581734,0.078893237,0.131,51311.148
0.024178877,0.080822065,0.131,51313.691
0.023729773,0.082750887,0.131,51317.535
0.023187207,0.084679708,0.131,51322.84
0.022536881,0.086608537,0.131,51329.855
0.021764718,0.088537365,0.131,51338.977
0.020858094,0.090466186,0.131,51350.641
0.019807449,0.092395008,0.131,51365.41
0.018608212,0.094323844,0.131,51383.727
0.01726277,0.096252665,0.131,51405.719
0.01578214,0.098181486,0.131,51430.949
0.014186896,0.10011031,0.131,51458.043
0.012506869,0.10203914,0.131,51484.754
0.010779421,0.10396796,0.131,51508.211
0.0090463897,0.10589679,0.131,51526.035
0.0073501463,0.10782561,0.131,51537.145
0.0057295635,0.10975444,0.131,51541.945
0.0042166645,0.11168326,0.131,51541.863
0.0028345187,0.11361209,0.131,51538.582
0.0015965923,0.11554092,0.131,51533.812
0.0005073846,0.11746974,0.131,51528.996
0.041139543,0.057676159,0.131,51394.652
0.03965681,0.055747338,0.131,51401.934
0.03836748,0.053818509,0.131,51411.664
0.037163246,0.051889684,0.131,51423.734
0.035954155,0.053818509,0.131,51400.984
0.034745067,0.055747338,0.131,51382.316
0.03353598,0.057676159,0.131,51366.805
0.032361083,0.059604988,0.131,51353.852
0.031272233,0.061533809,0.131,51342.996
0.030282373,0.063462637,0.131,51333.949
0.029382497,0.065391466,0.131,51326.496
0.028564433,0.067320287,0.131,51320.562
0.027820732,0.069249108,0.131,51316.02
0.027144644,0.071177937,0.131,51312.785
0.026530018,0.073106766,0.131,51310.715
0.025971267,0.075035587,0.131,51309.758
0.025463311,0.076964408,0.131,51309.918
0.025001533,0.078893237,0.131,51311.219
0.024581734,0.080822065,0.131,51313.664
0.024178877,0.082750887,0.131,51317.398
0.023729773,0.084679708,0.131,51322.539
0.023187207,0.086608537,0.131,51329.254
0.022536881,0.088537365,0.131,51337.895
0.021764718,0.090466186,0.131,51348.812
0.020858094,0.092395008,0.131,51362.516
0.01980745,0.094323844,0.131,51379.445
0.018608212,0.096252665,0.131,51399.867
0.01726277,0.098181486,0.131,51423.676
0.01578214,0.10011031,0.131,51449.965
0.014186896,0.10203914,0.131,51477.078
0.012506867,0.10396796,0.131,51502.418
0.01077942,0.10589679,0.131,51523.316
0.0090463897,0.10782561,0.131,51537.852
0.0073501458,0.10975444,0.131,51545.602
0.0057295626,0.11168326,0.131,51547.555
0.0042166635,0.11361209,0.131,51545.34
0.0028345184,0.11554092,0.131,51540.84
0.0015965919,0.11746974,0.131,51535.656
0.00050738448,0.11939856,0.131,51531.137
0.041139543,0.059604988,0.131,51381.402
0.03965681,0.057676159,0.131,51387.438
0.03836748,0.055747338,0.131,51395.664
0.037163246,0.053818509,0.131,51405.914
0.035954155,0.055747338,0.131,51386.078
0.034745067,0.057676159,0.131,51369.742
0.03353598,0.059604988,0.131,51356.18
0.032361083,0.061533809,0.131,51344.859
0.031272233,0.063462637,0.131,51335.469
0.030282373,0.065391466,0.131,51327.719
0.029382497,0.067320287,0.131,51321.48
0.028564433,0.069249108,0.131,51316.66
0.027820732,0.071177937,0.131,51313.215
0.027144644,0.073106766,0.131,51311.012
0.026530018,0.075035587,0.131,51309.977
0.025971267,0.076964408,0.131,51310.094
0.025463311,0.078893237,0.131,51311.336
0.025001533,0.080822065,0.131,51313.707
0.024581734,0.082750887,0.131,51317.332
0.024178877,0.084679708,0.131,51322.34
0.023729773,0.086608537,0.131,51328.848
0.023187209,0.088537365,0.131,51337.129
0.022536881,0.090466186,0.131,51347.496
0.021764718,0.092395008,0.131,51360.375
0.020858094,0.094323844,0.131,51376.184
0.01980745,0.096252665,0.131,51395.246
0.018608212,0.098181486,0.131,51417.652
0.01726277,0.10011031,0.131,51442.891
0.01578214,0.10203914,0.131,51469.785
0.014186896,0.10396796,0.131,51496.219
0.012506867,0.10589679,0.131,51519.617
0.01077942,0.10782561,0.131,51537.535
0.0090463888,0.10975444,0.131,51548.664
0.0073501454,0.11168326,0.131,51553.254
0.0057295621,0.11361209,0.131,51552.648
0.0042166635,0.11554092,0.131,51548.797
0.0028345177,0.11746974,0.131,51543.52
0.0015965917,0.11939856,0.131,51538.34
0.00050738442,0.12132739,0.131,51534.598
0.03965681,0.059604988,0.131,51374.996
0.03836748,0.057676159,0.131,51381.867
0.037163246,0.055747338,0.131,51390.531
0.035954155,0.057676159,0.131,51373.215
0.034745067,0.059604988,0.131,51358.945
0.03353598,0.061533809,0.131,51347.094
0.032361083,0.063462637,0.131,51337.293
0.031272233,0.065391466,0.131,51329.227
0.030282373,0.067320287,0.131,51322.707
0.029382497,0.069249108,0.131,51317.594
0.028564433,0.071177937,0.131,51313.863
0.027820732,0.073106766,0.131,51311.43
0.027144644,0.075035587,0.131,51310.27
0.026530018,0.076964408,0.131,51310.312
0.025971267,0.078893237,0.131,51311.492
0.025463311,0.080822065,0.131,51313.785
0.025001533,0.082750887,0.131,51317.336
0.024581734,0.084679708,0.131,51322.215
0.024178877,0.086608537,0.131,51328.57
0.023729773,0.088537365,0.131,51336.602
0.023187209,0.090466186,0.131,51346.547
0.022536881,0.092395008,0.131,51358.801
0.021764718,0.094323844,0.131,51373.73
0.020858094,0.096252665,0.131,51391.668
0.01980745,0.098181486,0.131,51412.805
0.018608212,0.10011031,0.131,51436.906
0.01726277,0.10203914,0.131,51463.188
0.01578214,0.10396796,0.131,51490.031
0.014186896,0.10589679,0.131,51515.203
0.012506867,0.10782561,0.131,51536.121
0.01077942,0.10975444,0.131,51550.797
0.0090463888,0.11168326,0.131,51558.605
0.0073501449,0.11361209,0.131,51560.246
0.0057295621,0.11554092,0.131,51557.551
0.0042166626,0.11746974,0.131,51552.508
0.0028345173,0.11939856,0.131,51546.898
0.0015965912,0.12132739,0.131,51542.238
0.00050738431,0.12325621,0.131,51539.594
0.03836748,0.059604988,0.131,51370.012
0.037163246,0.057676159,0.131,51377.262
0.035954155,0.059604988,0.131,51362.156
0.034745067,0.061533809,0.131,51349.695
0.03353598,0.063462637,0.131,51339.43
0.032361083,0.065391466,0.131,51331.0
0.031272233,0.067320287,0.131,51324.195
0.030282373,0.069249108,0.131,51318.816
0.029382497,0.071177937,0.131,51314.801
0.028564431,0.073106766,0.131,51312.078
0.027820732,0.075035587,0.131,51310.691
0.027144644,0.076964408,0.131,51310.594
0.026530018,0.078893237,0.131,51311.699
0.025971267,0.080822065,0.131,51313.914
0.025463311,0.082750887,0.131,51317.371
0.025001533,0.084679708,0.131,51322.168
0.024581734,0.086608537,0.131,51328.383
0.024178877,0.088537365,0.131,51336.227
0.023729773,0.090466186,0.131,51345.879
0.023187209,0.092395008,0.131,51357.656
0.022536881,0.094323844,0.131,51371.902
0.021764718,0.096252665,0.131,51388.934
0.020858094,0.098181486,0.131,51408.988
0.01980745,0.10011031,0.131,51431.992
0.018608212,0.10203914,0.131,51457.477
0.01726277,0.10396796,0.131,51484.238
0.01578214,0.10589679,0.131,51510.465
0.014186896,0.10782561,0.131,51533.758
0.012506866,0.10975444,0.131,51551.797
0.01077942,0.11168326,0.131,51563.18
0.0090463888,0.11361209,0.131,51567.77
0.007350144,0.11554092,0.131,51566.895
0.0057295607,0.11746974,0.131,51562.547
0.0042166621,0.11939856,0.131,51556.773
0.0028345168,0.12132739,0.131,51551.375
0.0015965911,0.12325621,0.131,51547.582
0.00050738419,0.12518504,0.131,51546.387
0.037163246,0.059604988,0.131,51365.848
0.035954155,0.061533809,0.131,51352.668
0.034745067,0.063462637,0.131,51341.875
0.03353598,0.065391466,0.131,51333.039
0.032361083,0.067320287,0.131,51325.918
0.031272233,0.069249108,0.131,51320.281
0.030282373,0.071177937,0.131,51316.0
0.029382497,0.073106766,0.131,51313.039
0.028564431,0.075035587,0.131,51311.32
0.027820732,0.076964408,0.131,51311.062
0.027144644,0.078893237,0.131,51311.969
0.026530018,0.080822065,0.131,51314.094
0.025971267,0.082750887,0.131,51317.461
0.025463311,0.084679708,0.131,51322.152
0.025001533,0.086608537,0.131,51328.27
0.024581734,0.088537365,0.131,51335.957
0.024178877,0.090466186,0.131,51345.391
0.023729773,0.092395008,0.131,51356.828
0.023187209,0.094323844,0.131,51370.551
0.022536881,0.096252665,0.131,51386.867
0.021764718,0.098181486,0.131,51406.031
0.020858094,0.10011031,0.131,51428.059
0.01980745,0.10203914,0.131,51452.699
0.018608214,0.10396796,0.131,51479.086
0.01726277,0.10589679,0.131,51505.801
0.01578214,0.10782561,0.131,51530.781
0.014186896,0.10975444,0.131,51551.691
0.012506866,0.11168326,0.131,51566.656
0.01077942,0.11361209,0.131,51574.73
0.0090463879,0.11554092,0.131,51576.449
0.0073501435,0.11746974,0.131,51573.465
0.0057295607,0.11939856,0.131,51567.934
0.0042166617,0.12132739,0.131,51562.0
0.0028345166,0.12325621,0.131,51557.188
0.0015965909,0.12518504,0.131,51554.664
0.00050738407,0.12711386,0.131,51555.176
0.037163246,0.061533809,0.131,51356.051
0.035954155,0.063462637,0.131,51344.633
0.034745067,0.065391466,0.131,51335.34
0.03353598,0.067320287,0.131,51327.867
0.032361083,0.069249108,0.131,51321.953
0.031272233,0.071177937,0.131,51317.434
0.030282373,0.073106766,0.131,51314.203
0.029382497,0.075035587,0.131,51312.234
0.028564431,0.076964408,0.131,51311.652
0.027820732,0.078893237,0.131,51312.375
0.027144644,0.080822065,0.131,51314.34
0.026530018,0.082750887,0.131,51317.602
0.025971267,0.084679708,0.131,51322.191
0.025463311,0.086608537,0.131,51328.191
0.025001533,0.088537365,0.131,51335.77
0.024581734,0.090466186,0.131,51345.027
0.024178877,0.092395008,0.131,51356.215
0.023729775,0.094323844,0.131,51369.559
0.023187209,0.096252665,0.131,51385.316
0.022536881,0.098181486,0.131,51403.77
0.02176472,0.10011031,0.131,51424.969
0.020858094,0.10203914,0.131,51448.816
0.01980745,0.10396796,0.131,51474.688
0.018608214,0.10589679,0.131,51501.508
0.01726277,0.10782561,0.131,51527.574
0.01578214,0.10975444,0.131,51550.742
0.014186896,0.11168326,0.131,51568.961
0.012506866,0.11361209,0.131,51580.711
0.01077942,0.11554092,0.131,51585.707
0.0090463879,0.11746974,0.131,51584.914
0.007350143,0.11939856,0.131,51580.27
0.0057295603,0.12132739,0.131,51574.145
0.0042166612,0.12325621,0.131,51568.457
0.0028345161,0.12518504,0.131,51564.66
0.0015965905,0.12711386,0.131,51563.707
0.00050738396,0.12904269,0.131,51566.055
0.037163246,0.063462637,0.131,51347.746
0.035954155,0.065391466,0.131,51337.902
0.034745067,0.067320287,0.131,51330.035
0.03353598,0.069249108,0.131,51323.824
0.032361083,0.071177937,0.131,51319.066
0.031272233,0.073106766,0.131,51315.609
0.030282373,0.075035587,0.131,51313.41
0.029382497,0.076964408,0.131,51312.512
0.028564431,0.078893237,0.131,51312.961
0.027820732,0.080822065,0.131,51314.719
0.027144644,0.082750887,0.131,51317.812
0.026530018,0.084679708,0.131,51322.285
0.025971267,0.086608537,0.131,51328.164
0.025463311,0.088537365,0.131,51335.609
0.025001533,0.090466186,0.131,51344.746
0.024581734,0.092395008,0.131,51355.75
0.024178877,0.094323844,0.131,51368.816
0.023729775,0.096252665,0.131,51384.164
0.023187209,0.098181486,0.131,51402.051
0.022536881,0.10011031,0.131,51422.578
0.02176472,0.10203914,0.131,51445.727
0.020858094,0.10396796,0.131,51471.051
0.01980745,0.10589679,0.131,51497.758
0.018608216,0.10782561,0.131,51524.465
0.01726277,0.10975444,0.131,51549.297
0.01578214,0.11168326,0.131,51570.258
0.014186896,0.11361209,0.131,51585.52
0.012506866,0.11554092,0.131,51594.16
0.010779418,0.11746974,0.131,51596.348
0.0090463869,0.11939856,0.131,51593.461
0.0073501426,0.12132739,0.131,51587.746
0.0057295598,0.12325621,0.131,51581.457
0.0042166607,0.12518504,0.131,51576.461
0.0028345156,0.12711386,0.131,51574.035
0.0015965903,0.12904269,0.131,51574.82
0.0005073839,0.13089341,0.131,51578.531
0.037163246,0.065391466,0.131,51340.789
0.035954155,0.067320287,0.131,51332.438
0.034745067,0.069249108,0.131,51325.883
0.03353598,0.071177937,0.131,51320.879
0.032361083,0.073106766,0.131,51317.223
0.031272233,0.075035587,0.131,51314.824
0.030282373,0.076964408,0.131,51313.66
0.029382497,0.078893237,0.131,51313.809
0.028564431,0.080822065,0.131,51315.301
0.027820732,0.082750887,0.131,51318.156
0.027144644,0.084679708,0.131,51322.453
0.026530018,0.086608537,0.131,51328.199
0.025971267,0.088537365,0.131,51335.504
0.025463311,0.090466186,0.131,51344.496
0.025001533,0.092395008,0.131,51355.363
0.024581734,0.094323844,0.131,51368.238
0.024178877,0.096252665,0.131,51383.297
0.023729775,0.098181486,0.131,51400.762
0.023187209,0.10011031,0.131,51420.746
0.022536881,0.10203914,0.131,51443.309
0.02176472,0.10396796,0.131,51468.121
0.020858096,0.10589679,0.131,51494.609
0.019807452,0.10782561,0.131,51521.652
0.018608216,0.10975444,0.131,51547.672
0.01726277,0.11168326,0.131,51570.832
0.01578214,0.11361209,0.131,51589.227
0.014186896,0.11554092,0.131,51601.52
0.012506866,0.11746974,0.131,51607.211
0.010779418,0.11939856,0.131,51606.957
0.0090463869,0.12132739,0.131,51602.531
0.0073501421,0.12325621,0.131,51596.191
0.0057295589,0.12518504,0.131,51590.207
0.0042166603,0.12711386,0.131,51586.297
0.0028345152,0.12904269,0.131,51585.438
0.0015965898,0.13089341,0.131,51587.52
0.00050738384,0.13258547,0.131,51591.633
0.037163246,0.067320287,0.131,51335.125
0.035954155,0.069249108,0.131,51328.148
0.034745067,0.071177937,0.131,51322.855
0.03353598,0.073106766,0.131,51318.996
0.032361083,0.075035587,0.131,51316.422
0.031272233,0.076964408,0.131,51315.059
0.030282373,0.078893237,0.131,51314.949
0.029382497,0.080822065,0.131,51316.152
0.028564431,0.082750887,0.131,51318.711
0.027820732,0.084679708,0.131,51322.75
0.027144644,0.086608537,0.131,51328.309
0.026530018,0.088537365,0.131,51335.461
0.025971267,0.090466186,0.131,51344.293
0.025463311,0.092395008,0.131,51355.004
0.025001533,0.094323844,0.131,51367.742
0.024581734,0.096252665,0.131,51382.609
0.024178877,0.098181486,0.131,51399.781
0.023729775,0.10011031,0.131,51419.355
0.023187209,0.10203914,0.131,51441.434
0.022536881,0.10396796,0.131,51465.809
0.02176472,0.10589679,0.131,51492.035
0.020858096,0.10782561,0.131,51519.234
0.019807452,0.10975444,0.131,51546.094
0.018608216,0.11168326,0.131,51570.98
0.01726277,0.11361209,0.131,51592.039
0.01578214,0.11554092,0.131,51607.746
0.014186896,0.11746974,0.131,51617.113
0.012506866,0.11939856,0.131,51620.141
0.010779417,0.12132739,0.131,51617.945
0.0090463851,0.12325621,0.131,51612.43
0.0073501412,0.12518504,0.131,51605.953
0.0057295584,0.12711386,0.131,51600.684
0.0042166593,0.12904269,0.131,51598.109
0.0028345147,0.13089341,0.131,51598.41
0.0015965898,0.13258547,0.131,51600.832
0.00050738372,0.13412371,0.131,51604.879
0.037163246,0.069249108,0.131,51330.672
0.035954155,0.071177937,0.131,51325.016
0.034745067,0.073106766,0.131,51320.914
0.03353598,0.075035587,0.131,51318.168
0.032361083,0.076964408,0.131,51316.637
0.031272233,0.078893237,0.131,51316.348
0.030282373,0.080822065,0.131,51317.285
0.029382497,0.082750887,0.131,51319.543
0.028564431,0.084679708,0.131,51323.266
0.027820732,0.086608537,0.131,51328.551
0.027144644,0.088537365,0.131,51335.496
0.026530018,0.090466186,0.131,51344.156
0.025971267,0.092395008,0.131,51354.695
0.025463311,0.094323844,0.131,51367.27
0.025001533,0.096252665,0.131,51382.0
0.024581734,0.098181486,0.131,51398.992
0.024178877,0.10011031,0.131,51418.293
0.023729775,0.10203914,0.131,51440.004
0.023187209,0.10396796,0.131,51464.004
0.022536881,0.10589679,0.131,51489.988
0.02176472,0.10782561,0.131,51517.242
0.020858096,0.10975444,0.131,51544.688
0.019807452,0.11168326,0.131,51570.914
0.018608216,0.11361209,0.131,51594.207
0.01726277,0.11554092,0.131,51612.965
0.01578214,0.11746974,0.131,51625.918
0.014186896,0.11939856,0.131,51632.543
0.012506866,0.12132739,0.131,51633.332
0.010779417,0.12325621,0.131,51629.621
0.0090463851,0.12518504,0.131,51623.508
0.0073501412,0.12711386,0.131,51617.316
0.0057295579,0.12904269,0.131,51613.059
0.0042166593,0.13089341,0.131,51611.434
0.0028345145,0.13258547,0.131,51611.969
0.0015965895,0.13412371,0.131,51614.281
0.00050738361,0.1355221,0.131,51617.918
0.037163246,0.071177937,0.131,51327.414
0.035954155,0.073106766,0.131,51322.996
0.034745067,0.075035587,0.131,51320.055
0.03353598,0.076964408,0.131,51318.375
0.032361083,0.078893237,0.131,51317.91
0.031272233,0.080822065,0.131,51318.66
0.030282373,0.082750887,0.131,51320.66
0.029382497,0.084679708,0.131,51324.066
0.028564431,0.086608537,0.131,51329.016
0.027820732,0.088537365,0.131,51335.672
0.027144644,0.090466186,0.131,51344.102
0.026530018,0.092395008,0.131,51354.449
0.025971267,0.094323844,0.131,51366.84
0.025463311,0.096252665,0.131,51381.41
0.025001533,0.098181486,0.131,51398.285
0.024581734,0.10011031,0.131,51417.43
0.024178877,0.10203914,0.131,51438.906
0.023729775,0.10396796,0.131,51462.617
0.023187209,0.10589679,0.131,51488.383
0.022536881,0.10782561,0.131,51515.648
0.02176472,0.10975444,0.131,51543.516
0.020858096,0.11168326,0.131,51570.793
0.019807452,0.11361209,0.131,51595.922
0.018608216,0.11554092,0.131,51617.359
0.01726277,0.11746974,0.131,51633.664
0.015782142,0.11939856,0.131,51643.941
0.014186896,0.12132739,0.131,51648.168
0.012506865,0.12325621,0.131,51647.086
0.010779417,0.12518504,0.131,51642.332
0.0090463851,0.12711386,0.131,51636.051
0.0073501403,0.12904269,0.131,51630.477
0.005729557,0.13089341,0.131,51626.871
0.0042166584,0.13258547,0.131,51625.309
0.002834514,0.13412371,0.131,51625.656
0.0015965891,0.1355221,0.131,51627.527
0.00050738361,0.13679338,0.131,51630.477
0.037163246,0.073106766,0.131,51325.305
0.035954155,0.075035587,0.131,51322.09
0.034745067,0.076964408,0.131,51320.25
0.03353598,0.078893237,0.131,51319.637
0.032361083,0.080822065,0.131,51320.227
0.031272233,0.082750887,0.131,51322.031
0.030282373,0.084679708,0.131,51325.168
0.029382497,0.086608537,0.131,51329.777
0.028564431,0.088537365,0.131,51336.074
0.027820732,0.090466186,0.131,51344.195
0.027144644,0.092395008,0.131,51354.289
0.026530018,0.094323844,0.131,51366.473
0.025971267,0.096252665,0.131,51380.863
0.025463311,0.098181486,0.131,51397.59
0.025001533,0.10011031,0.131,51416.645
0.024581734,0.10203914,0.131,51438.008
0.024178877,0.10396796,0.131,51461.543
0.023729775,0.10589679,0.131,51487.152
0.023187209,0.10782561,0.131,51514.402
0.022536885,0.10975444,0.131,51542.586
0.02176472,0.11168326,0.131,51570.691
0.020858096,0.11361209,0.131,51597.34
0.019807452,0.11554092,0.131,51621.086
0.018608216,0.11746974,0.131,51640.445
0.017262772,0.11939856,0.131,51654.277
0.015782142,0.12132739,0.131,51662.133
0.014186896,0.12325621,0.131,51664.25
0.012506865,0.12518504,0.131,51661.742
0.010779417,0.12711386,0.131,51656.379
0.0090463841,0.12904269,0.131,51650.27
0.0073501398,0.13089341,0.131,51644.969
0.0057295565,0.13258547,0.131,51641.164
0.0042166584,0.13412371,0.131,51639.281
0.0028345136,0.1355221,0.131,51639.141
0.0015965891,0.13679338,0.131,51640.297
0.00050738349,0.13794906,0.131,51642.367
0.037163246,0.075035587,0.131,51324.359
0.035954155,0.076964408,0.131,51322.285
0.034745067,0.078893237,0.131,51321.523
0.03353598,0.080822065,0.131,51321.977
0.032361083,0.082750887,0.131,51323.617
0.031272233,0.084679708,0.131,51326.539
0.030282373,0.086608537,0.131,51330.855
0.029382497,0.088537365,0.131,51336.785
0.028564431,0.090466186,0.131,51344.523
0.027820732,0.092395008,0.131,51354.285
0.027144644,0.094323844,0.131,51366.199
0.026530018,0.096252665,0.131,51380.375
0.025971267,0.098181486,0.131,51396.93
0.025463311,0.10011031,0.131,51415.867
0.025001533,0.10203914,0.131,51437.184
0.024581734,0.10396796,0.131,51460.668
0.024178877,0.10589679,0.131,51486.199
0.023729775,0.10782561,0.131,51513.457
0.023187209,0.10975444,0.131,51541.883
0.022536885,0.11168326,0.131,51570.652
0.021764722,0.11361209,0.131,51598.551
0.020858096,0.11554092,0.131,51624.281
0.019807454,0.11746974,0.131,51646.371
0.018608216,0.11939856,0.131,51663.562
0.017262772,0.12132739,0.131,51675.086
0.015782142,0.12325621,0.131,51680.73
0.014186896,0.12518504,0.131,51681.125
0.012506865,0.12711386,0.131,51677.605
0.010779416,0.12904269,0.131,51671.965
0.0090463841,0.13089341,0.131,51665.688
0.0073501389,0.13258547,0.131,51659.848
0.0057295565,0.13412371,0.131,51655.531
0.0042166575,0.1355221,0.131,51653.051
0.0028345133,0.13679338,0.131,51652.152
0.0015965889,0.13794906,0.131,51652.41
0.00050738349,0.1389997,0.131,51653.484
0.037163246,0.076964408,0.131,51324.559
0.035954155,0.078893237,0.131,51323.598
0.034745067,0.080822065,0.131,51323.91
0.033535976,0.082750887,0.131,51325.414
0.032361083,0.084679708,0.131,51328.148
0.031272233,0.086608537,0.131,51332.223
0.030282373,0.088537365,0.131,51337.832
0.029382497,0.090466186,0.131,51345.176
0.028564431,0.092395008,0.131,51354.531
0.027820732,0.094323844,0.131,51366.09
0.027144644,0.096252665,0.131,51379.98
0.026530018,0.098181486,0.131,51396.328
0.025971267,0.10011031,0.131,51415.121
0.025463311,0.10203914,0.131,51436.363
0.025001533,0.10396796,0.131,51459.867
0.024581734,0.10589679,0.131,51485.422
0.024178877,0.10782561,0.131,51512.73
0.023729775,0.10975444,0.131,51541.371
0.023187209,0.11168326,0.131,51570.68
0.022536885,0.11361209,0.131,51599.621
0.021764722,0.11554092,0.131,51627.035
0.020858098,0.11746974,0.131,51651.535
0.019807454,0.11939856,0.131,51671.84
0.018608218,0.12132739,0.131,51686.957
0.017262772,0.12325621,0.131,51696.309
0.015782142,0.12518504,0.131,51700.059
0.014186896,0.12711386,0.131,51699.113
0.012506864,0.12904269,0.131,51694.902
0.010779416,0.13089341,0.131,51688.621
0.0090463832,0.13258547,0.131,51681.367
0.0073501384,0.13412371,0.131,51674.738
0.0057295561,0.1355221,0.131,51669.688
0.0042166575,0.13679338,0.131,51666.363
0.0028345131,0.13794906,0.131,51664.512
0.0015965886,0.1389997,0.131,51663.75
0.037163246,0.078893237,0.131,51325.918
0.035954155,0.080822065,0.131,51326.051
0.034745067,0.082750887,0.131,51327.418
0.033535976,0.084679708,0.131,51330.004
0.032361083,0.086608537,0.131,51333.863
0.031272233,0.088537365,0.131,51339.199
0.030282373,0.090466186,0.131,51346.184
0.029382497,0.092395008,0.131,51355.109
0.028564431,0.094323844,0.131,51366.238
0.027820732,0.096252665,0.131,51379.754
0.027144644,0.098181486,0.131,51395.816
0.026530018,0.10011031,0.131,51414.426
0.025971267,0.10203914,0.131,51435.57
0.025463311,0.10396796,0.131,51459.062
0.025001533,0.10589679,0.131,51484.719
0.024581734,0.10782561,0.131,51512.152
0.024178877,0.10975444,0.131,51541.0
0.023729775,0.11168326,0.131,51570.77
0.023187211,0.11361209,0.131,51600.578
0.022536885,0.11554092,0.131,51629.41
0.021764722,0.11746974,0.131,51656.027
0.020858098,0.11939856,0.131,51679.156
0.019807454,0.12132739,0.131,51697.703
0.018608218,0.12325621,0.131,51710.812
0.017262772,0.12518504,0.131,51718.238
0.015782142,0.12711386,0.131,51720.445
0.014186895,0.12904269,0.131,51718.465
0.012506864,0.13089341,0.131,51713.141
0.010779414,0.13258547,0.131,51705.391
0.0090463832,0.13412371,0.131,51696.98
0.0073501384,0.1355221,0.131,51689.379
0.0057295552,0.13679338,0.131,51683.379
0.004216657,0.13794906,0.131,51679.051
0.0028345129,0.1389997,0.131,51676.121
0.037163246,0.080822065,0.131,51328.465
0.035954155,0.082750887,0.131,51329.668
0.034745067,0.084679708,0.131,51332.117
0.033535976,0.086608537,0.131,51335.801
0.032361083,0.088537365,0.131,51340.879
0.031272233,0.090466186,0.131,51347.543
0.030282373,0.092395008,0.131,51356.07
0.029382497,0.094323844,0.131,51366.742
0.028564431,0.096252665,0.131,51379.805
0.027820732,0.098181486,0.131,51395.484
0.027144644,0.10011031,0.131,51413.828
0.026530018,0.10203914,0.131,51434.832
0.025971267,0.10396796,0.131,51458.293
0.025463311,0.10589679,0.131,51484.016
0.025001533,0.10782561,0.131,51511.645
0.024581734,0.10975444,0.131,51540.73
0.024178877,0.11168326,0.131,51570.891
0.023729775,0.11361209,0.131,51601.426
0.023187211,0.11554092,0.131,51631.457
0.022536885,0.11746974,0.131,51659.91
0.021764722,0.11939856,0.131,51685.574
0.020858098,0.12132739,0.131,51707.316
0.019807454,0.12325621,0.131,51724.117
0.018608218,0.12518504,0.131,51735.418
0.017262772,0.12711386,0.131,51741.23
0.015782142,0.12904269,0.131,51742.168
0.014186895,0.13089341,0.131,51738.652
0.012506863,0.13258547,0.131,51731.352
0.010779414,0.13412371,0.131,51722.004
0.0090463832,0.1355221,0.131,51712.309
0.0073501379,0.13679338,0.131,51703.566
0.0057295552,0.13794906,0.131,51696.453
0.004216657,0.1389997,0.131,51691.0
0.037163246,0.082750887,0.131,51332.215
0.035954155,0.084679708,0.131,51334.5
0.034745067,0.086608537,0.131,51338.039
0.033535976,0.088537365,0.131,51342.906
0.032361083,0.090466186,0.131,51349.262
0.031272233,0.092395008,0.131,51357.418
0.030282373,0.094323844,0.131,51367.648
0.029382497,0.096252665,0.131,51380.23
0.028564431,0.098181486,0.131,51395.441
0.027820732,0.10011031,0.131,51413.406
0.027144644,0.10203914,0.131,51434.188
0.026530018,0.10396796,0.131,51457.574
0.025971267,0.10589679,0.131,51483.352
0.025463311,0.10782561,0.131,51511.156
0.025001533,0.10975444,0.131,51540.539
0.024581734,0.11168326,0.131,51571.055
0.024178877,0.11361209,0.131,51602.152
0.023729775,0.11554092,0.131,51633.227
0.023187211,0.11746974,0.131,51663.262
0.022536885,0.11939856,0.131,51691.156
0.021764722,0.12132739,0.131,51715.812
0.020858098,0.12325621,0.131,51736.148
0.019807454,0.12518504,0.131,51751.375
0.018608218,0.12711386,0.131,51761.137
0.017262772,0.12904269,0.131,51765.59
0.015782142,0.13089341,0.131,51764.668
0.014186895,0.13258547,0.131,51758.699
0.012506863,0.13412371,0.131,51749.324
0.010779414,0.1355221,0.131,51738.301
0.0090463823,0.13679338,0.131,51727.176
0.0073501379,0.13794906,0.131,51717.148
0.0057295547,0.1389997,0.131,51708.809
0.037163246,0.084679708,0.131,51337.219
0.035954155,0.086608537,0.131,51340.59
0.034745067,0.088537365,0.131,51345.289
0.033535976,0.090466186,0.131,51351.383
0.032361083,0.092395008,0.131,51359.172
0.031272233,0.094323844,0.131,51368.977
0.030282373,0.096252665,0.131,51381.082
0.029382497,0.098181486,0.131,51395.797
0.028564431,0.10011031,0.131,51413.293
0.027820732,0.10203914,0.131,51433.73
0.027144644,0.10396796,0.131,51456.965
0.026530018,0.10589679,0.131,51482.758
0.025971267,0.10782561,0.131,51510.723
0.025463311,0.10975444,0.131,51540.391
0.025001533,0.11168326,0.131,51571.305
0.024581734,0.11361209,0.131,51602.871
0.024178877,0.11554092,0.131,51634.742
0.023729775,0.11746974,0.131,51666.141
0.023187211,0.11939856,0.131,51695.969
0.022536885,0.12132739,0.131,51723.234
0.021764722,0.12325621,0.131,51746.859
0.020858098,0.12518504,0.131,51765.938
0.019807454,0.12711386,0.131,51779.832
0.018608218,0.12904269,0.131,51788.309
0.017262772,0.13089341,0.131,51790.703
0.015782142,0.13258547,0.131,51786.926
0.014186895,0.13412371,0.131,51778.441
0.012506863,0.1355221,0.131,51766.953
0.010779414,0.13679338,0.131,51754.129
0.0090463823,0.13794906,0.131,51741.461
0.0073501375,0.1389997,0.131,51730.039
0.037163246,0.086608537,0.131,51343.516
0.035954155,0.088537365,0.131,51348.039
0.034745067,0.090466186,0.131,51353.93
0.033535976,0.092395008,0.131,51361.398
0.032361083,0.094323844,0.131,51370.766
0.031272233,0.096252665,0.131,51382.395
0.030282373,0.098181486,0.131,51396.605
0.029382497,0.10011031,0.131,51413.602
0.028564431,0.10203914,0.131,51433.594
0.027820732,0.10396796,0.131,51456.547
0.027144644,0.10589679,0.131,51482.281
0.026530018,0.10782561,0.131,51510.371
0.025971267,0.10975444,0.131,51540.324
0.025463311,0.11168326,0.131,51571.641
0.025001533,0.11361209,0.131,51603.715
0.024581734,0.11554092,0.131,51636.168
0.024178877,0.11746974,0.131,51668.574
0.023729775,0.11939856,0.131,51700.086
0.023187211,0.12132739,0.131,51729.652
0.022536887,0.12325621,0.131,51756.273
0.021764725,0.12518504,0.131,51779.008
0.020858098,0.12711386,0.131,51797.059
0.019807454,0.12904269,0.131,51809.875
0.018608218,0.13089341,0.131,51816.242
0.017262772,0.13258547,0.131,51815.492
0.015782142,0.13412371,0.131,51808.82
0.014186895,0.1355221,0.131,51797.801
0.012506863,0.13679338,0.131,51784.109
0.010779414,0.13794906,0.131,51769.391
0.0090463813,0.1389997,0.131,51755.07
0.037163246,0.088537365,0.131,51351.203
0.035954155,0.090466186,0.131,51356.906
0.034745067,0.092395008,0.131,51364.117
0.033535976,0.094323844,0.131,51373.098
0.032361083,0.096252665,0.131,51384.223
0.031272233,0.098181486,0.131,51397.914
0.030282373,0.10011031,0.131,51414.398
0.029382497,0.10203914,0.131,51433.902
0.028564431,0.10396796,0.131,51456.469
0.027820732,0.10589679,0.131,51482.02
0.027144644,0.10782561,0.131,51510.168
0.026530018,0.10975444,0.131,51540.379
0.025971267,0.11168326,0.131,51572.105
0.025463311,0.11361209,0.131,51604.707
0.025001533,0.11554092,0.131,51637.746
0.024581734,0.11746974,0.131,51670.828
0.024178877,0.11939856,0.131,51703.562
0.023729775,0.12132739,0.131,51735.145
0.023187211,0.12325621,0.131,51764.438
0.022536887,0.12518504,0.131,51790.555
0.021764725,0.12711386,0.131,51812.633
0.020858098,0.12904269,0.131,51829.918
0.019807454,0.13089341,0.131,51840.723
0.018608218,0.13258547,0.131,51843.777
0.017262772,0.13412371,0.131,51839.859
0.015782142,0.1355221,0.131,51830.305
0.014186895,0.13679338,0.131,51816.688
0.012506863,0.13794906,0.131,51800.711
0.010779414,0.1389997,0.131,51784.0
0.037163246,0.090466186,0.131,51360.359
0.035954155,0.092395008,0.131,51367.352
0.034745067,0.094323844,0.131,51376.016
0.033535976,0.096252665,0.131,51386.676
0.032361083,0.098181486,0.131,51399.805
0.031272233,0.10011031,0.131,51415.742
0.030282373,0.10203914,0.131,51434.746
0.029382497,0.10396796,0.131,51456.867
0.028564431,0.10589679,0.131,51482.117
0.027820732,0.10782561,0.131,51510.207
0.027144644,0.10975444,0.131,51540.609
0.026530018,0.11168326,0.131,51572.742
0.025971267,0.11361209,0.131,51605.891
0.025463311,0.11554092,0.131,51639.547
0.025001533,0.11746974,0.131,51673.273
0.024581734,0.11939856,0.131,51706.762
0.024178877,0.12132739,0.131,51739.789
0.023729775,0.12325621,0.131,51771.441
0.023187213,0.12518504,0.131,51800.609
0.022536887,0.12711386,0.131,51826.469
0.021764725,0.12904269,0.131,51848.164
0.0208581,0.13089341,0.131,51863.652
0.019807456,0.13258547,0.131,51871.109
0.018608218,0.13412371,0.131,51870.828
0.017262774,0.1355221,0.131,51863.766
0.015782142,0.13679338,0.131,51851.285
0.014186895,0.13794906,0.131,51835.008
0.012506863,0.1389997,0.131,51816.664
0.037163246,0.092395008,0.131,51371.141
0.035954155,0.094323844,0.131,51379.539
0.034745067,0.096252665,0.131,51389.816
0.033535976,0.098181486,0.131,51402.41
0.032361083,0.10011031,0.131,51417.738
0.031272233,0.10203914,0.131,51436.195
0.030282373,0.10396796,0.131,51457.852
0.029382497,0.10589679,0.131,51482.734
0.028564431,0.10782561,0.131,51510.648
0.027820732,0.10975444,0.131,51541.137
0.027144644,0.11168326,0.131,51573.613
0.026530018,0.11361209,0.131,51607.316
0.025971267,0.11554092,0.131,51641.625
0.025463311,0.11746974,0.131,51676.035
0.025001533,0.11939856,0.131,51710.207
0.024581734,0.12132739,0.131,51744.059
0.024178877,0.12325621,0.131,51777.375
0.023729775,0.12518504,0.131,51809.262
0.023187213,0.12711386,0.131,51838.57
0.022536887,0.12904269,0.131,51864.465
0.021764725,0.13089341,0.131,51884.652
0.0208581,0.13258547,0.131,51896.867
0.019807456,0.13412371,0.131,51900.941
0.018608218,0.1355221,0.131,51897.355
0.017262774,0.13679338,0.131,51887.137
0.015782142,0.13794906,0.131,51871.676
0.014186895,0.1389997,0.131,51852.664
0.037163246,0.094323844,0.131,51383.723
0.035954155,0.096252665,0.131,51393.68
0.034745067,0.098181486,0.131,51405.82
0.033535976,0.10011031,0.131,51420.559
0.032361083,0.10203914,0.131,51438.379
0.031272233,0.10396796,0.131,51459.512
0.030282373,0.10589679,0.131,51483.992
0.029382497,0.10782561,0.131,51511.656
0.028564431,0.10975444,0.131,51542.121
0.027820732,0.11168326,0.131,51574.848
0.027144644,0.11361209,0.131,51609.051
0.026530018,0.11554092,0.131,51644.031
0.025971267,0.11746974,0.131,51679.18
0.025463311,0.11939856,0.131,51714.09
0.025001533,0.12132739,0.131,51748.645
0.024581734,0.12325621,0.131,51782.836
0.024178877,0.12518504,0.131,51816.605
0.023729775,0.12711386,0.131,51849.012
0.023187213,0.12904269,0.131,51878.773
0.022536887,0.13089341,0.131,51903.492
0.021764725,0.13258547,0.131,51920.574
0.0208581,0.13412371,0.131,51929.457
0.019807456,0.1355221,0.131,51930.184
0.01860822,0.13679338,0.131,51923.297
0.017262774,0.13794906,0.131,51909.859
0.015782142,0.1389997,0.131,51891.355
0.037163246,0.096252665,0.131,51398.332
0.035954155,0.098181486,0.131,51410.098
0.034745067,0.10011031,0.131,51424.32
0.033535976,0.10203914,0.131,51441.508
0.032361083,0.10396796,0.131,51462.004
0.031272233,0.10589679,0.131,51486.02
0.030282373,0.10782561,0.131,51513.387
0.029382497,0.10975444,0.131,51543.746
0.028564431,0.11168326,0.131,51576.613
0.027820732,0.11361209,0.131,51611.238
0.027144644,0.11554092,0.131,51646.863
0.026530018,0.11746974,0.131,51682.781
0.025971267,0.11939856,0.131,51718.488
0.025463311,0.12132739,0.131,51753.805
0.025001533,0.12325621,0.131,51788.691
0.024581734,0.12518504,0.131,51823.371
0.024178877,0.12711386,0.131,51857.898
0.023729775,0.12904269,0.131,51891.16
0.023187213,0.13089341,0.131,51920.094
0.022536887,0.13258547,0.131,51941.922
0.021764725,0.13412371,0.131,51955.801
0.020858102,0.1355221,0.131,51961.387
0.019807456,0.13679338,0.131,51958.746
0.01860822,0.13794906,0.131,51948.508
0.017262774,0.1389997,0.131,51931.801
0.037163246,0.098181486,0.131,51415.309
0.035954155,0.10011031,0.131,51429.102
0.034745067,0.10203914,0.131,51445.734
0.033535976,0.10396796,0.131,51465.586
0.032361083,0.10589679,0.131,51489.008
0.031272233,0.10782561,0.131,51515.984
0.030282373,0.10975444,0.131,51546.18
0.029382497,0.11168326,0.131,51579.117
0.028564431,0.11361209,0.131,51614.062
0.027820732,0.11554092,0.131,51650.27
0.027144644,0.11746974,0.131,51686.949
0.026530018,0.11939856,0.131,51723.496
0.025971267,0.12132739,0.131,51759.641
0.025463311,0.12325621,0.131,51795.281
0.025001533,0.12518504,0.131,51830.629
0.024581734,0.12711386,0.131,51866.098
0.024178877,0.12904269,0.131,51901.723
0.023729775,0.13089341,0.131,51934.496
0.023187213,0.13258547,0.131,51960.785
0.022536887,0.13412371,0.131,51979.59
0.021764725,0.1355221,0.131,51990.285
0.020858102,0.13679338,0.131,51992.535
0.019807456,0.13794906,0.131,51986.492
0.01860822,0.1389997,0.131,51972.848
0.037163246,0.10011031,0.131,51435.0
0.035954155,0.10203914,0.131,51451.156
0.034745067,0.10396796,0.131,51470.438
0.033535976,0.10589679,0.131,51493.242
0.032361083,0.10782561,0.131,51519.699
0.031272233,0.10975444,0.131,51549.625
0.030282373,0.11168326,0.131,51582.559
0.029382497,0.11361209,0.131,51617.75
0.028564431,0.11554092,0.131,51654.457
0.027820732,0.11746974,0.131,51691.848
0.027144644,0.11939856,0.131,51729.238
0.026530018,0.12132739,0.131,51766.266
0.025971267,0.12325621,0.131,51802.738
0.025463311,0.12518504,0.131,51838.812
0.025001533,0.12711386,0.131,51874.895
0.024581734,0.12904269,0.131,51911.48
0.024178877,0.13089341,0.131,51946.805
0.023729775,0.13258547,0.131,51977.18
0.023187213,0.13412371,0.131,52000.652
0.022536887,0.1355221,0.131,52016.434
0.021764725,0.13679338,0.131,52023.902
0.020858102,0.13794906,0.131,52022.766
0.019807456,0.1389997,0.131,52013.262
0.037163246,0.10203914,0.131,51457.887
0.035954155,0.10396796,0.131,51476.672
0.034745067,0.10589679,0.131,51498.926
0.033535976,0.10782561,0.131,51524.852
0.032361083,0.10975444,0.131,51554.367
0.031272233,0.11168326,0.131,51587.176
0.030282373,0.11361209,0.131,51622.547
0.029382497,0.11554092,0.131,51659.684
0.028564431,0.11746974,0.131,51697.719
0.027820732,0.11939856,0.131,51735.918
0.027144644,0.12132739,0.131,51773.84
0.026530018,0.12325621,0.131,51811.199
0.025971267,0.12518504,0.131,51848.074
0.025463311,0.12711386,0.131,51884.828
0.025001533,0.12904269,0.131,51921.961
0.024581734,0.13089341,0.131,51958.195
0.024178877,0.13258547,0.131,51991.219
0.023729777,0.13412371,0.131,52018.988
0.023187213,0.1355221,0.131,52039.617
0.022536887,0.13679338,0.131,52052.312
0.021764725,0.13794906,0.131,52056.477
0.020858102,0.1389997,0.131,52051.891
0.037163246,0.10396796,0.131,51484.426
0.035954155,0.10589679,0.131,51506.195
0.034745067,0.10782561,0.131,51531.656
0.033535976,0.10975444,0.131,51560.781
0.032361083,0.11168326,0.131,51593.328
0.031272233,0.11361209,0.131,51628.734
0.030282373,0.11554092,0.131,51666.223
0.029382497,0.11746974,0.131,51704.852
0.028564431,0.11939856,0.131,51743.809
0.027820732,0.12132739,0.131,51782.594
0.027144644,0.12325621,0.131,51820.859
0.026530018,0.12518504,0.131,51858.594
0.025971267,0.12711386,0.131,51896.086
0.025463311,0.12904269,0.131,51933.812
0.025001533,0.13089341,0.131,51970.438
0.024581734,0.13258547,0.131,52004.219
0.024178877,0.13412371,0.131,52034.707
0.023729779,0.1355221,0.131,52059.824
0.023187213,0.13679338,0.131,52077.531
0.022536887,0.13794906,0.131,52087.047
0.021764727,0.1389997,0.131,52087.82
0.037163246,0.10589679,0.131,51515.219
0.035954155,0.10782561,0.131,51540.246
0.034745067,0.10975444,0.131,51569.051
0.033535976,0.11168326,0.131,51601.418
0.032361083,0.11361209,0.131,51636.746
0.031272233,0.11554092,0.131,51674.441
0.030282373,0.11746974,0.131,51713.586
0.029382497,0.11939856,0.131,51753.242
0.028564431,0.12132739,0.131,51792.844
0.027820732,0.12325621,0.131,51831.992
0.027144644,0.12518504,0.131,51870.602
0.026530018,0.12711386,0.131,51908.887
0.025971267,0.12904269,0.131,51947.266
0.025463311,0.13089341,0.131,51984.297
0.025001533,0.13258547,0.131,52018.199
0.024581734,0.13412371,0.131,52049.277
0.024178877,0.1355221,0.131,52077.168
0.023729779,0.13679338,0.131,52099.531
0.023187213,0.13794906,0.131,52114.191
0.022536887,0.1389997,0.131,52120.438
0.037163246,0.10782561,0.131,51550.824
0.035954155,0.10975444,0.131,51579.32
0.034745067,0.11168326,0.131,51611.602
0.033535976,0.11361209,0.131,51647.008
0.032361083,0.11554092,0.131,51684.84
0.031272233,0.11746974,0.131,51724.352
0.030282373,0.11939856,0.131,51764.637
0.029382497,0.12132739,0.131,51804.996
0.028564431,0.12325621,0.131,51844.969
0.027820732,0.12518504,0.131,51884.426
0.027144644,0.12711386,0.131,51923.516
0.026530018,0.12904269,0.131,51962.582
0.025971267,0.13089341,0.131,52000.051
0.025463311,0.13258547,0.131,52034.047
0.025001533,0.13412371,0.131,52064.953
0.024581734,0.1355221,0.131,52093.25
0.024178877,0.13679338,0.131,52118.422
0.023729779,0.13794906,0.131,52137.887
0.023187213,0.1389997,0.131,52149.391
0.037163246,0.10975444,0.131,51591.82
0.035954155,0.11168326,0.131,51623.992
0.034745067,0.11361209,0.131,51659.637
0.033535976,0.11554092,0.131,51697.879
0.032361083,0.11746974,0.131,51737.746
0.031272233,0.11939856,0.131,51778.508
0.030282373,0.12132739,0.131,51819.539
0.029382497,0.12325621,0.131,51860.258
0.028564431,0.12518504,0.131,51900.504
0.027820732,0.12711386,0.131,51940.359
0.027144644,0.12904269,0.131,51980.105
0.026530018,0.13089341,0.131,52018.012
0.025971267,0.13258547,0.131,52052.078
0.025463311,0.13412371,0.131,52082.738
0.025001533,0.1355221,0.131,52110.562
0.024581734,0.13679338,0.131,52135.949
0.024178877,0.13794906,0.131,52158.246
0.023729779,0.1389997,0.131,52174.684
0.037163246,0.11168326,0.131,51638.863
0.035954155,0.11361209,0.131,51674.699
0.034745067,0.11554092,0.131,51713.586
0.033535976,0.11746974,0.131,51754.25
0.032361083,0.11939856,0.131,51795.562
0.031272233,0.12132739,0.131,51837.121
0.030282373,0.12325621,0.131,51878.469
0.029382497,0.12518504,0.131,51919.391
0.028564431,0.12711386,0.131,51959.922
0.027820732,0.12904269,0.131,52000.293
0.027144644,0.13089341,0.131,52038.582
0.026530018,0.13258547,0.131,52072.664
0.025971267,0.13412371,0.131,52102.992
0.025463311,0.1355221,0.131,52130.211
0.025001533,0.13679338,0.131,52154.816
0.024581734,0.13794906,0.131,52177.137
0.024178877,0.1389997,0.131,52196.418
0.037163246,0.11361209,0.131,51692.508
0.035954155,0.11554092,0.131,51731.977
0.034745067,0.11746974,0.131,51773.777
0.033535976,0.11939856,0.131,51816.316
0.032361083,0.12132739,0.131,51858.566
0.031272233,0.12325621,0.131,51900.375
0.030282373,0.12518504,0.131,51941.809
0.029382497,0.12711386,0.131,51982.867
0.028564431,0.12904269,0.131,52023.738
0.027820732,0.13089341,0.131,52062.297
0.027144644,0.13258547,0.131,52096.262
0.026530018,0.13412371,0.131,52126.129
0.025971267,0.1355221,0.131,52152.598
0.025463311,0.13679338,0.131,52176.242
0.025001533,0.13794906,0.131,52197.477
0.024581734,0.1389997,0.131,52216.59
0.037163246,0.11554092,0.131,51753.414
0.035954155,0.11746974,0.131,51796.285
0.034745067,0.11939856,0.131,51840.535
0.033535976,0.12132739,0.131,51884.441
0.032361083,0.12325621,0.131,51926.988
0.031272233,0.12518504,0.131,51968.703
0.030282373,0.12711386,0.131,52010.055
0.029382497,0.12904269,0.131,52051.219
0.028564431,0.13089341,0.131,52089.844
0.027820732,0.13258547,0.131,52123.477
0.027144644,0.13412371,0.131,52152.668
0.026530018,0.1355221,0.131,52178.188
0.025971267,0.13679338,0.131,52200.664
0.025463311,0.13794906,0.131,52220.582
0.025001533,0.1389997,0.131,52238.309
0.037163246,0.11746974,0.131,51822.172
0.035954155,0.11939856,0.131,51868.078
0.034745067,0.12132739,0.131,51914.324
0.033535976,0.12325621,0.131,51958.906
0.032361083,0.12518504,0.131,52001.285
0.031272233,0.12711386,0.131,52042.609
0.030282373,0.12904269,0.131,52083.746
0.029382497,0.13089341,0.131,52122.113
0.028564431,0.13258547,0.131,52155.09
0.027820732,0.13412371,0.131,52183.285
0.027144644,0.1355221,0.131,52207.559
0.026530018,0.13679338,0.131,52228.586
0.025971267,0.13794906,0.131,52246.918
0.025463311,0.1389997,0.131,52262.984
0.037163246,0.11939856,0.131,51899.387
0.035954155,0.12132739,0.131,51947.938
0.034745067,0.12325621,0.131,51995.512
0.033535976,0.12518504,0.131,52040.223
0.032361083,0.12711386,0.131,52081.977
0.031272233,0.12904269,0.131,52122.648
0.030282373,0.13089341,0.131,52160.277
0.029382497,0.13258547,0.131,52192.109
0.028564431,0.13412371,0.131,52218.848
0.027820732,0.1355221,0.131,52241.438
0.027144644,0.13679338,0.131,52260.637
0.026530018,0.13794906,0.131,52277.035
0.025971267,0.1389997,0.131,52291.109
0.037163246,0.12132739,0.131,51985.75
0.035954155,0.12325621,0.131,52036.32
0.034745067,0.12518504,0.131,52084.633
0.033535976,0.12711386,0.131,52128.891
0.032361083,0.12904269,0.131,52169.602
0.031272233,0.13089341,0.131,52205.871
0.030282373,0.13258547,0.131,52235.848
0.029382497,0.13412371,0.131,52260.461
0.028564431,0.1355221,0.131,52280.773
0.027820732,0.13679338,0.131,52297.602
0.027144644,0.13794906,0.131,52311.598
0.026530018,0.1389997,0.131,52323.266
0.037163246,0.12325621,0.131,52081.805
0.035954155,0.12518504,0.131,52133.793
0.034745067,0.12711386,0.131,52182.164
0.033535976,0.12904269,0.131,52225.402
0.032361083,0.13089341,0.131,52260.797
0.031272233,0.13258547,0.131,52288.035
0.030282373,0.13412371,0.131,52309.578
0.029382497,0.1355221,0.131,52326.758
0.028564431,0.13679338,0.131,52340.492
0.027820732,0.13794906,0.131,52351.453
0.027144644,0.1389997,0.131,52360.164
0.037163246,0.12518504,0.131,52188.137
0.035954155,0.12711386,0.131,52240.789
0.034745067,0.12904269,0.131,52288.508
0.033535976,0.13089341,0.131,52325.871
0.032361083,0.13258547,0.131,52350.773
0.031272233,0.13412371,0.131,52368.078
0.030282373,0.1355221,0.131,52380.961
0.029382497,0.13679338,0.131,52390.574
0.028564431,0.13794906,0.131,52397.648
0.027820732,0.1389997,0.131,52402.68
0.037163246,0.12711386,0.131,52305.129
0.035954155,0.12904269,0.131,52357.594
0.034745067,0.13089341,0.131,52399.168
0.033535976,0.13258547,0.131,52424.848
0.032361083,0.13412371,0.131,52438.219
0.031272233,0.1355221,0.131,52445.383
0.030282373,0.13679338,0.131,52449.5
0.029382497,0.13794906,0.131,52451.504
0.028564431,0.1389997,0.131,52451.895
0.037163246,0.12904269,0.131,52432.914
0.035954155,0.13089341,0.131,52479.035
0.034745067,0.13258547,0.131,52508.008
0.033535976,0.13412371,0.131,52520.824
0.032361083,0.1355221,0.131,52522.426
0.031272233,0.13679338,0.131,52519.387
0.030282373,0.13794906,0.131,52514.781
0.029382497,0.1389997,0.131,52509.219
0.037163246,0.13089341,0.131,52565.625
0.035954155,0.13258547,0.131,52598.219
0.034745067,0.13412371,0.131,52613.246
0.033535976,0.1355221,0.131,52612.969
0.032361083,0.13679338,0.131,52602.816
0.031272233,0.13794906,0.131,52589.727
0.030282373,0.1389997,0.131,52576.539
0.037163246,0.13258547,0.131,52695.555
0.035954155,0.13412371,0.131,52713.098
0.034745067,0.1355221,0.131,52713.973
0.033535976,0.13679338,0.131,52700.73
0.032361083,0.13794906,0.131,52679.051
0.031272233,0.1389997,0.131,52656.09
0.037163246,0.13412371,0.131,52820.453
0.035954155,0.1355221,0.131,52822.699
0.034745067,0.13679338,0.131,52809.5
0.033535976,0.13794906,0.131,52783.523
0.032361083,0.1389997,0.131,52750.648
0.037163246,0.1355221,0.131,52939.238
0.035954155,0.13679338,0.131,52926.262
0.034745067,0.13794906,0.131,52899.312
0.033535976,0.1389997,0.131,52861.02
0.037163246,0.13679338,0.131,53051.137
0.035954155,0.13794906,0.131,53023.355
0.034745067,0.1389997,0.131,52983.133
0.037163246,0.13794906,0.131,53155.754
0.035954155,0.1389997,0.131,53113.707
0.037163246,0.1389997,0.131,53252.836
