x,y,z,pressure
0.054359309,0.13929988,0.131,53174.297
0.055631079,0.13929988,0.131,53327.129
0.054359309,0.13886961,0.131,53135.172
0.057093613,0.1392999,0.131,53518.152
0.055631079,0.13886963,0.131,53284.867
0.054359309,0.13837484,0.131,53090.566
0.058775529,0.1392999,0.131,53758.777
0.057093613,0.13886964,0.131,53472.141
0.055631079,0.13837484,0.131,53236.637
0.054359309,0.1378058,0.131,53039.875
0.060669385,0.1392999,0.131,54059.699
0.058775529,0.13886964,0.131,53708.426
0.057093613,0.13837487,0.131,53419.586
0.055631079,0.13780583,0.131,53181.738
0.054359309,0.13715144,0.131,52982.387
0.062657833,0.1392999,0.131,54410.477
0.060669385,0.13886966,0.131,54004.434
0.058775529,0.13837487,0.131,53650.828
0.057093613,0.13780585,0.131,53359.668
0.055631079,0.13715146,0.131,53119.418
0.054359309,0.13639891,0.131,52917.449
0.064646289,0.1392999,0.131,54798.188
0.062657833,0.13886967,0.131,54350.078
0.060669385,0.13837488,0.131,53941.113
0.058775529,0.13780588,0.131,53585.059
0.057093613,0.13715149,0.131,53291.574
0.055631079,0.13639894,0.131,53048.973
0.054359309,0.13553351,0.131,52844.422
0.066634744,0.1392999,0.131,55226.289
0.064646289,0.13886969,0.131,54732.699
0.062657833,0.13837491,0.131,54280.832
0.060669385,0.13780589,0.131,53868.684
0.058775529,0.13715152,0.131,53510.16
0.057093613,0.13639899,0.131,53214.426
0.055631083,0.13553354,0.131,52969.598
0.054359309,0.13453829,0.131,52762.824
0.0686232,0.1392999,0.131,55694.68
0.066634744,0.1388697,0.131,55155.828
0.064646289,0.13837492,0.131,54657.531
0.062657833,0.13780592,0.131,54201.531
0.060669385,0.13715157,0.131,53786.078
0.058775529,0.13639903,0.131,53425.168
0.057093613,0.1355336,0.131,53127.406
0.055631083,0.13453835,0.131,52880.82
0.054359309,0.13339379,0.131,52672.223
0.070611648,0.13929991,0.131,56201.531
0.0686232,0.1388697,0.131,55619.281
0.066634744,0.13837495,0.131,55074.875
0.064646289,0.13780597,0.131,54571.387
0.062657833,0.13715161,0.131,54110.918
0.060669385,0.13639909,0.131,53692.102
0.058775529,0.13553366,0.131,53329.012
0.05709362,0.13453841,0.131,53029.754
0.055631083,0.13339387,0.131,52782.012
0.054359309,0.13207763,0.131,52572.477
0.072600096,0.13929991,0.131,56741.387
0.070611648,0.1388697,0.131,56121.375
0.0686232,0.13837497,0.131,55532.699
0.066634744,0.137806,0.131,54982.105
0.064646289,0.13715166,0.131,54472.871
0.062657833,0.13639915,0.131,54007.605
0.060669385,0.13553372,0.131,53585.551
0.058775529,0.13453849,0.131,53220.867
0.05709362,0.13339394,0.131,52920.926
0.055631083,0.13207771,0.131,52673.211
0.054359309,0.13056403,0.131,52463.836
0.074588552,0.13929993,0.131,57307.453
0.072600096,0.13886973,0.131,56656.551
0.070611648,0.13837498,0.131,56029.277
0.0686232,0.13780603,0.131,55433.383
0.066634744,0.1371517,0.131,54875.84
0.064646289,0.13639921,0.131,54360.375
0.062657833,0.13553381,0.131,53890.184
0.060669385,0.13453858,0.131,53465.273
0.058775529,0.13339403,0.131,53100.039
0.05709362,0.13207781,0.131,52800.691
0.055631083,0.13056412,0.131,52554.449
0.054359309,0.1288234,0.131,52347.105
0.076577,0.13929993,0.131,57894.402
0.074588552,0.13886973,0.131,57217.891
0.072600096,0.13837501,0.131,56559.023
0.070611648,0.13780606,0.131,55923.594
0.0686232,0.13715173,0.131,55319.602
0.066634744,0.13639925,0.131,54754.445
0.064646289,0.13553388,0.131,54232.324
0.062657841,0.13453867,0.131,53757.281
0.060669385,0.13339415,0.131,53330.43
0.058775529,0.13207793,0.131,52966.164
0.05709362,0.13056424,0.131,52669.582
0.055631083,0.12882352,0.131,52426.629
0.054359309,0.12682167,0.131,52223.777
0.078565456,0.13929993,0.131,58505.004
0.076577,0.13886975,0.131,57800.215
0.074588552,0.13837503,0.131,57114.945
0.072600096,0.13780609,0.131,56447.102
0.070611648,0.13715178,0.131,55802.469
0.0686232,0.1363993,0.131,55189.418
0.066634744,0.13553396,0.131,54615.93
0.064646289,0.13453875,0.131,54086.965
0.062657841,0.13339424,0.131,53607.715
0.060669385,0.13207805,0.131,53180.438
0.058775529,0.13056438,0.131,52819.738
0.05709362,0.12882365,0.131,52528.281
0.055631083,0.12682182,0.131,52291.625
0.054359309,0.12462027,0.131,52101.383
0.080553904,0.13929993,0.131,59154.16
0.078565456,0.13886976,0.131,58406.684
0.076577,0.13837504,0.131,57691.887
0.074588552,0.13780612,0.131,56996.727
0.072600096,0.13715182,0.131,56318.758
0.070611648,0.13639936,0.131,55663.758
0.0686232,0.13553402,0.131,55040.77
0.066634744,0.13453884,0.131,54458.434
0.064646289,0.13339436,0.131,53922.871
0.062657841,0.13207819,0.131,53440.574
0.060669385,0.13056454,0.131,53015.449
0.058775529,0.12882382,0.131,52661.816
0.05709362,0.12682196,0.131,52378.875
0.055631083,0.12462042,0.131,52157.645
0.054359309,0.12235886,0.131,51989.316
0.08254236,0.13929993,0.131,59871.793
0.080553904,0.13886976,0.131,59053.27
0.078565456,0.13837507,0.131,58293.34
0.076577,0.13780615,0.131,57567.289
0.074588552,0.13715187,0.131,56861.078
0.072600096,0.13639942,0.131,56171.781
0.070611648,0.13553409,0.131,55505.227
0.0686232,0.13453893,0.131,54871.441
0.066634744,0.13339448,0.131,54280.066
0.064646289,0.13207832,0.131,53738.73
0.062657841,0.1305647,0.131,53255.887
0.060669385,0.128824,0.131,52837.027
0.058775529,0.12682217,0.131,52494.566
0.05709362,0.1246206,0.131,52231.0
0.055631083,0.12235901,0.131,52035.355
0.084530815,0.13929993,0.131,60700.742
0.08254236,0.13886978,0.131,59772.043
0.080553904,0.13837509,0.131,58936.68
0.078565456,0.13780618,0.131,58162.859
0.076577,0.13715191,0.131,57424.211
0.074588552,0.13639948,0.131,56705.559
0.072600096,0.13553417,0.131,56003.656
0.070611648,0.13453902,0.131,55324.359
0.0686232,0.13339457,0.131,54679.164
0.066634744,0.13207844,0.131,54079.188
0.064646289,0.13056485,0.131,53534.164
0.062657841,0.1288242,0.131,53054.484
0.060669385,0.12682238,0.131,52647.629
0.058775529,0.1246208,0.131,52328.789
0.05709362,0.12235917,0.131,52096.055
0.086519264,0.13929993,0.131,61683.859
0.084530815,0.13886979,0.131,60609.164
0.08254236,0.1383751,0.131,59656.484
0.080553904,0.13780621,0.131,58802.07
0.078565456,0.13715194,0.131,58012.684
0.076577,0.13639954,0.131,57260.016
0.074588552,0.13553424,0.131,56527.594
0.072600096,0.13453911,0.131,55811.617
0.070611648,0.13339469,0.131,55118.609
0.0686232,0.13207859,0.131,54461.848
0.066634744,0.13056502,0.131,53854.754
0.064646289,0.12882438,0.131,53309.742
0.062657841,0.12682261,0.131,52839.762
0.060669385,0.12462103,0.131,52459.531
0.058775529,0.12235937,0.131,52177.703
0.05709362,0.12009776,0.131,51977.789
0.088507727,0.13929994,0.131,62837.113
0.086519264,0.13886979,0.131,61611.211
0.084530815,0.13837512,0.131,60502.918
0.08254236,0.13780624,0.131,59522.625
0.080553904,0.13715199,0.131,58646.781
0.078565456,0.13639958,0.131,57840.027
0.076577,0.1355343,0.131,57071.852
0.074588552,0.1345392,0.131,56324.117
0.072600096,0.13339481,0.131,55592.734
0.070611648,0.13207871,0.131,54885.375
0.0686232,0.13056518,0.131,54217.898
0.066634744,0.12882459,0.131,53606.789
0.064646289,0.12682283,0.131,53068.203
0.062657841,0.12462126,0.131,52625.273
0.060669385,0.12235959,0.131,52287.91
0.058775533,0.12009794,0.131,52045.562
0.090496175,0.13929996,0.131,64134.742
0.088507727,0.13886982,0.131,62795.395
0.086519264,0.13837515,0.131,61526.691
0.084530815,0.13780627,0.131,60379.391
0.08254236,0.13715203,0.131,59367.496
0.080553904,0.13639964,0.131,58467.496
0.078565456,0.13553438,0.131,57641.676
0.076577,0.13453929,0.131,56856.523
0.074588552,0.1333949,0.131,56092.066
0.072600096,0.13207886,0.131,55344.156
0.070611648,0.13056535,0.131,54622.504
0.0686232,0.12882477,0.131,53946.641
0.066634744,0.12682307,0.131,53337.5
0.064646289,0.12462152,0.131,52825.242
0.062657841,0.12235981,0.131,52428.949
0.060669385,0.12009814,0.131,52137.809
0.092484623,0.13929996,0.131,65480.055
0.090496175,0.13886982,0.131,64133.812
0.088507727,0.13837516,0.131,62746.816
0.086519264,0.1378063,0.131,61428.195
0.084530815,0.13715208,0.131,60235.645
0.08254236,0.1363997,0.131,59187.637
0.080553904,0.13553445,0.131,58260.785
0.078565456,0.13453938,0.131,57414.156
0.076577,0.13339502,0.131,56610.617
0.074588552,0.13207898,0.131,55828.133
0.072600096,0.13056549,0.131,55063.02
0.070611648,0.12882495,0.131,54328.438
0.0686232,0.12682329,0.131,53649.434
0.066634744,0.12462176,0.131,53063.84
0.064646289,0.12236004,0.131,52601.055
0.062657841,0.12009837,0.131,52256.773
0.094407104,0.13929996,0.131,66728.773
0.092484623,0.13886985,0.131,65523.082
0.090496175,0.13837519,0.131,64132.73
0.088507727,0.13780633,0.131,62690.219
0.086519264,0.13715212,0.131,61313.098
0.084530815,0.13639975,0.131,60068.148
0.08254236,0.13553451,0.131,58979.047
0.080553904,0.13453947,0.131,58022.539
0.078565456,0.13339514,0.131,57153.543
0.076577,0.13207911,0.131,56330.453
0.074588552,0.13056566,0.131,55528.969
0.072600096,0.12882516,0.131,54747.008
0.070611648,0.12682351,0.131,54003.637
0.0686232,0.12462199,0.131,53344.074
0.066634744,0.12236027,0.131,52808.91
0.064646289,0.12009858,0.131,52403.23
0.062657841,0.11783691,0.131,52107.691
0.096179225,0.13929996,0.131,67753.094
0.094407104,0.13886985,0.131,66809.578
0.092484623,0.13837521,0.131,65572.906
0.090496175,0.13780636,0.131,64131.602
0.088507712,0.13715217,0.131,62623.926
0.086519264,0.13639981,0.131,61178.266
0.084530815,0.13553458,0.131,59872.617
0.08254236,0.13453956,0.131,58736.996
0.080553904,0.13339524,0.131,57748.266
0.078565456,0.13207924,0.131,56855.934
0.076577,0.13056582,0.131,56012.477
0.074588552,0.12882534,0.131,55191.676
0.072600096,0.12682375,0.131,54395.551
0.070611648,0.12462223,0.131,53666.441
0.0686232,0.12236051,0.131,53056.344
0.066634744,0.1200988,0.131,52581.859
0.064646289,0.11783712,0.131,52231.164
0.062657841,0.11557545,0.131,51979.824
0.097790241,0.13929996,0.131,68537.758
0.096179225,0.13886985,0.131,67859.938
0.094407104,0.13837524,0.131,66902.773
0.092484623,0.13780639,0.131,65630.578
0.090496168,0.13715219,0.131,64130.023
0.088507712,0.13639987,0.131,62545.91
0.086519264,0.13553466,0.131,61019.508
0.084530815,0.13453965,0.131,59643.676
0.08254236,0.13339536,0.131,58455.965
0.080553904,0.13207938,0.131,57433.078
0.078565456,0.13056597,0.131,56517.152
0.076577,0.12882555,0.131,55653.234
0.074588552,0.12682398,0.131,54814.719
0.072600096,0.12462248,0.131,54027.172
0.070611648,0.12236074,0.131,53344.98
0.0686232,0.12009902,0.131,52797.117
0.066634744,0.11783732,0.131,52382.762
0.064646289,0.11557565,0.131,52082.984
0.062657841,0.113314,0.131,51871.09
0.099254802,0.13929996,0.131,69121.719
0.097790241,0.13886987,0.131,68659.688
0.096179225,0.13837525,0.131,67982.742
0.094407104,0.13780642,0.131,67010.266
0.092484623,0.13715224,0.131,65697.188
0.090496168,0.13639992,0.131,64127.57
0.088507712,0.13553473,0.131,62453.336
0.086519264,0.13453974,0.131,60831.84
0.084530815,0.13339546,0.131,59374.836
0.08254236,0.13207951,0.131,58129.602
0.080553904,0.13056614,0.131,57071.996
0.078565456,0.12882572,0.131,56133.375
0.076577,0.1268242,0.131,55250.484
0.074588552,0.12462272,0.131,54416.996
0.072600096,0.12236097,0.131,53671.98
0.070611648,0.12009923,0.131,53051.629
0.0686232,0.11783753,0.131,52567.363
0.066634744,0.11557584,0.131,52210.34
0.064646289,0.11331418,0.131,51956.766
0.10058623,0.13929996,0.131,69551.242
0.099254802,0.13886988,0.131,69250.641
0.097790241,0.13837525,0.131,68799.359
0.096179225,0.13780645,0.131,68123.648
0.094407104,0.13715228,0.131,67133.977
0.092484623,0.13639998,0.131,65773.773
0.090496168,0.13553479,0.131,64123.27
0.088507712,0.13453983,0.131,62342.598
0.086519264,0.13339557,0.131,60608.516
0.084530815,0.13207966,0.131,59058.262
0.08254236,0.1305663,0.131,57751.156
0.080553904,0.12882592,0.131,56659.996
0.078565456,0.12682444,0.131,55701.93
0.076577,0.12462296,0.131,54823.594
0.074588552,0.12236118,0.131,54029.988
0.072600096,0.12009946,0.131,53343.973
0.070611648,0.11783773,0.131,52788.371
0.0686232,0.11557604,0.131,52366.641
0.066634744,0.11331437,0.131,52062.773
0.064646289,0.11105271,0.131,51850.012
0.10179661,0.13929996,0.131,69868.055
0.10058623,0.13886988,0.131,69681.828
0.099254802,0.13837527,0.131,69398.156
0.097790241,0.13780648,0.131,68959.289
0.096179225,0.13715233,0.131,68285.156
0.094407104,0.13640003,0.131,67275.891
0.092484616,0.13553488,0.131,65861.359
0.090496168,0.13453992,0.131,64115.426
0.088507712,0.13339569,0.131,62208.523
0.086519264,0.13207978,0.131,60340.816
0.084530815,0.13056646,0.131,58684.219
0.08254236,0.12882611,0.131,57313.227
0.080553904,0.12682465,0.131,56193.777
0.078565456,0.12462319,0.131,55242.977
0.076577,0.12236142,0.131,54405.816
0.074588552,0.12009967,0.131,53668.594
0.072600096,0.11783794,0.131,53045.84
0.070611648,0.11557624,0.131,52555.77
0.0686232,0.11331455,0.131,52193.605
0.066634744,0.11105289,0.131,51937.551
0.10289695,0.13929996,0.131,70105.773
0.10179661,0.13886988,0.131,69997.062
0.10058623,0.1383753,0.131,69831.117
0.099254802,0.13780649,0.131,69566.656
0.097790241,0.13715236,0.131,69141.844
0.096179225,0.13640009,0.131,68469.578
0.094407097,0.13553494,0.131,67437.883
0.092484616,0.13454001,0.131,65960.648
0.090496168,0.13339579,0.131,64101.449
0.088507712,0.13207993,0.131,62044.156
0.086519264,0.13056663,0.131,60017.152
0.084530815,0.12882631,0.131,58241.418
0.08254236,0.12682489,0.131,56809.688
0.080553904,0.12462343,0.131,55695.727
0.078565456,0.12236166,0.131,54792.258
0.076577,0.12009989,0.131,54012.648
0.074588552,0.11783815,0.131,53336.156
0.072600096,0.11557643,0.131,52779.051
0.070611648,0.11331474,0.131,52353.309
0.0686232,0.11105306,0.131,52045.988
0.10389727,0.13929997,0.131,70288.656
0.10289695,0.1388699,0.131,70231.438
0.10179661,0.13837531,0.131,70144.531
0.10058623,0.13780652,0.131,70001.477
0.099254802,0.13715239,0.131,69758.656
0.097790241,0.13640013,0.131,69349.68
0.096179225,0.135535,0.131,68679.594
0.094407097,0.13454008,0.131,67622.062
0.092484616,0.1333959,0.131,66071.812
0.090496168,0.13208005,0.131,64077.516
0.088507712,0.13056678,0.131,61837.879
0.086519264,0.1288265,0.131,59622.273
0.084530815,0.12682511,0.131,57717.621
0.08254236,0.12462368,0.131,56262.398
0.080553904,0.12236188,0.131,55204.215
0.078565456,0.1201001,0.131,54366.254
0.076577,0.11783835,0.131,53647.617
0.074588552,0.11557663,0.131,53034.926
0.072600096,0.11331492,0.131,52544.199
0.070611648,0.11105324,0.131,52179.312
0.10480665,0.13929997,0.131,70433.648
0.10389727,0.13886991,0.131,70410.344
0.10289695,0.13837531,0.131,70375.266
0.10179661,0.13780653,0.131,70312.805
0.10058623,0.13715242,0.131,70195.445
0.099254802,0.13640016,0.131,69976.844
0.097790241,0.13553506,0.131,69585.648
0.096179225,0.13454017,0.131,68917.75
0.094407097,0.133396,0.131,67829.859
0.092484616,0.13208017,0.131,66193.812
0.090496168,0.13056694,0.131,64037.414
0.088507712,0.12882668,0.131,61574.027
0.086519264,0.12682533,0.131,59136.496
0.084530815,0.12462392,0.131,57130.164
0.082542352,0.12236211,0.131,55715.391
0.080553904,0.12010033,0.131,54738.227
0.078565449,0.11783856,0.131,53968.656
0.076577,0.11557683,0.131,53313.363
0.074588552,0.11331511,0.131,52766.367
0.072600096,0.11105341,0.131,52340.266
0.10563336,0.13929997,0.131,70551.172
0.10480665,0.13886991,0.131,70551.148
0.10389727,0.13837533,0.131,70549.641
0.10289695,0.13780655,0.131,70539.445
0.10179661,0.13715245,0.131,70504.375
0.10058623,0.13640021,0.131,70415.648
0.099254802,0.13553512,0.131,70223.938
0.097790241,0.13454023,0.131,69852.586
0.096179225,0.1333961,0.131,69186.664
0.094407097,0.13208032,0.131,68062.102
0.092484616,0.1305671,0.131,66323.094
0.090496168,0.12882687,0.131,63969.219
0.088507712,0.12682557,0.131,61229.965
0.086519264,0.12462416,0.131,58565.641
0.084530815,0.12236235,0.131,56522.969
0.082542352,0.12010055,0.131,55190.977
0.080553904,0.11783877,0.131,54302.004
0.078565449,0.11557702,0.131,53602.316
0.076577,0.11331529,0.131,53012.02
0.074588552,0.11105359,0.131,52530.484
0.1063849,0.13929999,0.131,70648.547
0.10563336,0.13886991,0.131,70664.352
0.10480665,0.13837534,0.131,70685.617
0.10389727,0.13780656,0.131,70708.562
0.10289695,0.13715246,0.131,70726.266
0.10179661,0.13640024,0.131,70721.828
0.10058623,0.13553515,0.131,70664.945
0.099254802,0.1345403,0.131,70503.156
0.097790241,0.13339619,0.131,70153.578
0.096179225,0.13208042,0.131,69488.75
0.094407097,0.13056725,0.131,68319.062
0.092484616,0.12882707,0.131,66452.875
0.090496168,0.12682579,0.131,63853.48
0.088507712,0.1246244,0.131,60798.766
0.086519264,0.12236258,0.131,57943.086
0.084530801,0.12010077,0.131,55923.652
0.082542352,0.11783898,0.131,54696.613
0.080553904,0.11557721,0.131,53898.898
0.078565449,0.11331548,0.131,53269.512
0.076577,0.11105376,0.131,52744.277
0.074588552,0.10879206,0.131,52326.098
0.10706814,0.13929999,0.131,70731.531
0.1063849,0.13886991,0.131,70757.805
0.10563336,0.13837534,0.131,70794.219
0.10480665,0.13780658,0.131,70839.469
0.10389727,0.13715248,0.131,70889.828
0.10289695,0.13640028,0.131,70938.18
0.10179661,0.1355352,0.131,70967.656
0.10058623,0.13454035,0.131,70946.305
0.099254802,0.13339627,0.131,70817.523
0.097790241,0.13208053,0.131,70491.492
0.096179217,0.1305674,0.131,69825.805
0.094407097,0.12882724,0.131,68598.695
0.092484616,0.12682602,0.131,66571.594
0.090496168,0.12462464,0.131,63673.492
0.088507712,0.1223628,0.131,60296.301
0.086519256,0.12010099,0.131,57290.551
0.084530801,0.11783919,0.131,55344.465
0.082542352,0.11557741,0.131,54238.242
0.080553904,0.11331566,0.131,53531.504
0.078565449,0.11105393,0.131,52971.176
0.076577,0.10879223,0.131,52509.625
0.074588552,0.10653054,0.131,52151.695
0.10768925,0.13929999,0.131,70803.586
0.10706814,0.13886993,0.131,70837.172
0.1063849,0.13837534,0.131,70883.25
0.10563336,0.13780659,0.131,70942.953
0.10480665,0.13715251,0.131,71015.07
0.10389727,0.1364003,0.131,71096.094
0.10289695,0.13553524,0.131,71178.43
0.10179661,0.13454041,0.131,71244.633
0.10058623,0.13339634,0.131,71262.617
0.099254802,0.13208063,0.131,71170.211
0.097790241,0.13056752,0.131,70869.508
0.096179217,0.12882742,0.131,70198.664
0.094407097,0.12682623,0.131,68895.188
0.092484616,0.12462489,0.131,66658.914
0.090496168,0.12236304,0.131,63422.898
0.088507712,0.12010121,0.131,59734.734
0.086519256,0.1178394,0.131,56619.078
0.084530801,0.11557762,0.131,54796.32
0.082542352,0.11331584,0.131,53820.793
0.080553904,0.11105411,0.131,53200.598
0.078565449,0.10879239,0.131,52707.191
0.076577,0.1065307,0.131,52307.285
0.10828502,0.13929999,0.131,70870.586
0.10768925,0.13886993,0.131,70905.852
0.10706814,0.13837536,0.131,70958.594
0.1063849,0.13780659,0.131,71027.125
0.10563336,0.13715252,0.131,71112.945
0.10480665,0.13640033,0.131,71215.047
0.10389727,0.13553528,0.131,71330.078
0.10289695,0.13454047,0.131,71449.93
0.10179661,0.13339642,0.131,71556.305
0.10058623,0.13208072,0.131,71617.305
0.099254802,0.13056764,0.131,71565.289
0.097790241,0.12882757,0.131,71290.57
0.096179217,0.12682644,0.131,70604.898
0.094407097,0.12462512,0.131,69183.047
0.092484616,0.12236325,0.131,66692.75
0.090496168,0.12010142,0.131,63098.992
0.088507712,0.1178396,0.131,59122.078
0.086519256,0.11557781,0.131,55944.082
0.084530801,0.11331603,0.131,54287.617
0.082542352,0.11105428,0.131,53446.41
0.080553904,0.10879255,0.131,52906.277
0.078565449,0.10653085,0.131,52477.156
0.076577,0.10426916,0.131,52135.285
0.10893002,0.13929999,0.131,70941.945
0.10828502,0.13886993,0.131,70969.773
0.10768925,0.13837537,0.131,71023.555
0.10706814,0.13780661,0.131,71097.945
0.1063849,0.13715254,0.131,71191.844
0.10563336,0.13640034,0.131,71306.82
0.10480665,0.13553531,0.131,71442.266
0.10389727,0.13454051,0.131,71594.805
0.10289695,0.13339646,0.131,71756.141
0.10179661,0.13208079,0.131,71906.898
0.10058623,0.13056774,0.131,72014.219
0.099254802,0.12882771,0.131,72006.461
0.097790241,0.12682661,0.131,71755.0
0.096179217,0.12462533,0.131,71020.023
0.094407097,0.12236349,0.131,69429.562
0.092484616,0.12010164,0.131,66660.906
0.090496168,0.11783981,0.131,62696.691
0.088507712,0.115578,0.131,58472.691
0.086519256,0.11331622,0.131,55285.348
0.084530801,0.11105445,0.131,53822.559
0.082542352,0.10879271,0.131,53112.16
0.080553904,0.10653099,0.131,52648.316
0.078565449,0.1042693,0.131,52279.652
0.10967177,0.13929999,0.131,71023.336
0.10893002,0.13886993,0.131,71037.914
0.10828502,0.13837537,0.131,71083.992
0.10768925,0.13780662,0.131,71158.859
0.10706814,0.13715255,0.131,71257.781
0.1063849,0.13640036,0.131,71380.023
0.10563336,0.13553534,0.131,71527.5
0.10480665,0.13454056,0.131,71699.922
0.10389727,0.13339652,0.131,71893.781
0.10289695,0.13208088,0.131,72100.852
0.10179661,0.13056785,0.131,72300.609
0.10058623,0.12882784,0.131,72456.992
0.099254802,0.12682679,0.131,72496.141
0.097790241,0.12462553,0.131,72239.391
0.096179217,0.12236369,0.131,71405.906
0.094407097,0.12010185,0.131,69618.297
0.092484616,0.11784002,0.131,66557.75
0.090496168,0.1155782,0.131,62220.34
0.088507712,0.1133164,0.131,57806.836
0.086519256,0.11105462,0.131,54663.77
0.084530801,0.10879287,0.131,53403.645
0.082542352,0.10653114,0.131,52818.184
0.080553904,0.10426944,0.131,52425.379
0.078565449,0.10200776,0.131,52111.949
0.11052479,0.13929999,0.131,71116.812
0.10967177,0.13886993,0.131,71115.812
0.10893002,0.13837537,0.131,71148.57
0.10828502,0.13780662,0.131,71215.5
0.10768925,0.13715257,0.131,71314.227
0.10706814,0.13640039,0.131,71440.734
0.1063849,0.13553536,0.131,71594.703
0.10563336,0.13454059,0.131,71778.344
0.10480665,0.13339658,0.131,71991.578
0.10389727,0.13208094,0.131,72230.938
0.10289695,0.13056794,0.131,72488.32
0.10179661,0.12882796,0.131,72742.484
0.10058623,0.12682694,0.131,72951.883
0.099254802,0.1246257,0.131,73012.977
0.097790241,0.12236387,0.131,72704.227
0.096179217,0.12010205,0.131,71741.82
0.094407097,0.11784022,0.131,69742.828
0.092484616,0.1155784,0.131,66378.469
0.090496168,0.11331659,0.131,61684.676
0.088507712,0.11105479,0.131,57147.902
0.086519256,0.10879304,0.131,54098.43
0.084530801,0.1065313,0.131,53039.227
0.082542352,0.10426958,0.131,52563.527
0.080553904,0.10200789,0.131,52234.434
0.11150575,0.13929997,0.131,71224.375
0.11052479,0.13886993,0.131,71205.523
0.10967177,0.13837537,0.131,71222.508
0.10893002,0.13780662,0.131,71276.031
0.10828502,0.13715257,0.131,71366.664
0.10768925,0.1364004,0.131,71492.445
0.10706814,0.13553539,0.131,71649.859
0.1063849,0.13454062,0.131,71839.219
0.10563336,0.13339663,0.131,72062.945
0.10480665,0.132081,0.131,72321.297
0.10389727,0.13056803,0.131,72611.062
0.10289695,0.12882806,0.131,72924.234
0.1017966,0.12682709,0.131,73237.453
0.10058622,0.12462586,0.131,73479.93
0.099254802,0.12236404,0.131,73518.875
0.097790241,0.12010222,0.131,73130.641
0.096179217,0.1178404,0.131,72019.023
0.094407097,0.11557858,0.131,69799.438
0.092484616,0.11331677,0.131,66119.781
0.090496168,0.11105497,0.131,61091.305
0.088507704,0.1087932,0.131,56516.66
0.086519256,0.10653145,0.131,53597.785
0.084530801,0.10426972,0.131,52725.695
0.082542352,0.10200801,0.131,52344.164
0.11263385,0.13929997,0.131,71347.68
0.11150575,0.13886991,0.131,71309.133
0.11052479,0.13837536,0.131,71307.945
0.10967177,0.13780662,0.131,71345.516
0.10893002,0.13715257,0.131,71422.742
0.10828502,0.1364004,0.131,71540.273
0.10768925,0.13553542,0.131,71696.492
0.10706814,0.13454066,0.131,71888.578
0.1063849,0.13339666,0.131,72117.375
0.10563336,0.13208106,0.131,72385.633
0.10480665,0.1305681,0.131,72693.922
0.10389727,0.12882815,0.131,73039.891
0.10289695,0.12682721,0.131,73414.445
0.1017966,0.12462601,0.131,73767.352
0.10058622,0.12236419,0.131,74005.125
0.099254802,0.12010238,0.131,73996.484
0.097790241,0.11784057,0.131,73512.172
0.096179217,0.11557876,0.131,72229.133
0.094407097,0.11331695,0.131,69787.469
0.092484616,0.11105515,0.131,65788.867
0.090496168,0.10879336,0.131,60457.949
0.088507704,0.10653161,0.131,55935.367
0.086519256,0.10426986,0.131,53149.117
0.084530801,0.10200814,0.131,52459.98
0.082542352,0.099746451,0.131,52158.594
0.11393118,0.13929997,0.131,71488.359
0.11263385,0.13886991,0.131,71428.344
0.11150575,0.13837534,0.131,71407.023
0.11052479,0.13780662,0.131,71426.141
0.10967177,0.13715255,0.131,71487.281
0.10893002,0.1364004,0.131,71591.453
0.10828502,0.13553542,0.131,71739.414
0.10768925,0.13454068,0.131,71929.844
0.10706814,0.1333967,0.131,72160.664
0.1063849,0.13208111,0.131,72433.391
0.10563336,0.13056816,0.131,72751.148
0.10480665,0.12882826,0.131,73115.414
0.10389727,0.12682733,0.131,73523.844
0.10289695,0.12462614,0.131,73941.781
0.1017966,0.12236433,0.131,74296.836
0.10058622,0.12010252,0.131,74509.312
0.099254802,0.11784072,0.131,74440.719
0.097790241,0.11557892,0.131,73839.727
0.096179217,0.11331712,0.131,72370.672
0.094407089,0.11105531,0.131,69709.039
0.092484608,0.10879353,0.131,65391.602
0.090496153,0.10653175,0.131,59808.578
0.088507704,0.10427,0.131,55420.23
0.086519256,0.10200827,0.131,52791.344
0.084530801,0.09974657,0.131,52230.688
0.11542311,0.13929997,0.131,71647.984
0.11393118,0.13886991,0.131,71564.875
0.11263385,0.13837534,0.131,71521.531
0.11150575,0.13780659,0.131,71520.07
0.11052479,0.13715255,0.131,71562.477
0.10967177,0.1364004,0.131,71650.5
0.10893002,0.13553542,0.131,71785.297
0.10828502,0.13454069,0.131,71967.648
0.10768925,0.13339673,0.131,72196.414
0.10706814,0.13208115,0.131,72470.445
0.1063849,0.13056821,0.131,72792.195
0.10563336,0.12882833,0.131,73165.469
0.10480665,0.12682743,0.131,73592.344
0.10389727,0.12462627,0.131,74046.312
0.10289695,0.12236446,0.131,74471.75
0.1017966,0.12010266,0.131,74810.953
0.10058622,0.11784086,0.131,74989.305
0.099254802,0.11557906,0.131,74843.484
0.097790241,0.11331727,0.131,74105.773
0.096179217,0.11105547,0.131,72443.742
0.094407089,0.10879368,0.131,69567.578
0.092484608,0.1065319,0.131,64959.906
0.090496153,0.10427015,0.131,59167.922
0.088507704,0.1020084,0.131,54944.266
0.086519256,0.099746682,0.131,52429.512
0.11713882,0.13929997,0.131,71828.211
0.11542311,0.13886991,0.131,71720.602
0.11393118,0.13837534,0.131,71653.367
0.11263385,0.13780659,0.131,71629.227
0.11150575,0.13715255,0.131,71650.594
0.11052479,0.13640039,0.131,71719.711
0.10967177,0.13553539,0.131,71838.32
0.10893002,0.13454068,0.131,72007.805
0.10828502,0.13339674,0.131,72228.766
0.10768925,0.1320812,0.131,72500.453
0.10706814,0.13056827,0.131,72822.977
0.1063849,0.12882841,0.131,73199.789
0.10563336,0.12682752,0.131,73635.227
0.10480665,0.12462638,0.131,74108.531
0.10389727,0.12236458,0.131,74573.648
0.10289695,0.12010278,0.131,74989.883
0.1017966,0.11784099,0.131,75307.898
0.10058622,0.11557919,0.131,75438.695
0.099254794,0.1133174,0.131,75195.148
0.097790241,0.11105561,0.131,74305.219
0.096179217,0.10879383,0.131,72448.25
0.094407089,0.10653204,0.131,69383.625
0.092484608,0.10427028,0.131,64538.469
0.090496153,0.10200853,0.131,58546.629
0.088507704,0.099746801,0.131,54592.375
0.1191119,0.13929997,0.131,72029.477
0.11713882,0.13886991,0.131,71897.375
0.11542311,0.13837534,0.131,71804.633
0.11393118,0.13780659,0.131,71755.734
0.11263386,0.13715254,0.131,71753.719
0.11150575,0.13640037,0.131,71801.234
0.11052479,0.13553539,0.131,71900.781
0.10967177,0.13454066,0.131,72054.305
0.10893002,0.13339673,0.131,72262.953
0.10828502,0.13208121,0.131,72527.258
0.10768925,0.13056833,0.131,72847.086
0.10706814,0.12882847,0.131,73224.203
0.1063849,0.12682761,0.131,73662.734
0.10563336,0.12462647,0.131,74144.93
0.10480665,0.12236468,0.131,74631.016
0.10389727,0.12010289,0.131,75091.414
0.10289695,0.1178411,0.131,75495.094
0.1017966,0.11557931,0.131,75782.648
0.10058622,0.11331753,0.131,75848.719
0.099254794,0.11105574,0.131,75487.547
0.097790226,0.10879395,0.131,74428.867
0.096179217,0.10653219,0.131,72391.125
0.094407089,0.10427041,0.131,69171.352
0.092484608,0.10200866,0.131,64131.41
0.090496153,0.09974692,0.131,57963.402
0.12138093,0.13929997,0.131,72248.438
0.1191119,0.13886991,0.131,72095.734
0.11713882,0.13837534,0.131,71977.43
0.11542311,0.13780658,0.131,71901.906
0.11393119,0.13715252,0.131,71874.102
0.11263386,0.13640037,0.131,71897.523
0.11150575,0.13553537,0.131,71975.047
0.11052479,0.13454065,0.131,72109.367
0.10967177,0.13339671,0.131,72302.445
0.10893002,0.13208118,0.131,72555.234
0.10828502,0.13056834,0.131,72868.156
0.10768925,0.12882853,0.131,73242.344
0.10706814,0.12682769,0.131,73680.766
0.1063849,0.12462656,0.131,74165.781
0.10563336,0.12236477,0.131,74661.867
0.10480665,0.12010299,0.131,75145.805
0.10389727,0.11784121,0.131,75599.094
0.10289695,0.11557943,0.131,75983.086
0.1017966,0.11331764,0.131,76229.359
0.10058622,0.11105586,0.131,76209.75
0.099254794,0.10879408,0.131,75707.641
0.097790226,0.10653231,0.131,74472.734
0.096179217,0.10427054,0.131,72289.609
0.094407089,0.10200878,0.131,68947.344
0.092484608,0.099747032,0.131,63748.664
0.1239903,0.13929997,0.131,72477.656
0.12138093,0.1388699,0.131,72312.312
0.1191119,0.13837533,0.131,72172.43
0.11713882,0.13780658,0.131,72070.172
0.11542311,0.13715252,0.131,72014.531
0.11393119,0.13640034,0.131,72011.062
0.11263386,0.13553536,0.131,72063.633
0.11150575,0.13454063,0.131,72175.555
0.11052479,0.1333967,0.131,72349.531
0.10967177,0.13208118,0.131,72587.445
0.10893002,0.13056833,0.131,72889.836
0.10828502,0.12882854,0.131,73257.602
0.10768925,0.12682775,0.131,73692.984
0.10706814,0.12462665,0.131,74177.688
0.1063849,0.12236486,0.131,74677.07
0.10563336,0.12010308,0.131,75172.406
0.10480665,0.1178413,0.131,75652.695
0.10389727,0.11557952,0.131,76093.453
0.10289695,0.11331774,0.131,76448.422
0.1017966,0.11105597,0.131,76636.969
0.10058622,0.10879419,0.131,76507.578
0.099254794,0.10653242,0.131,75846.57
0.097790226,0.10427065,0.131,74444.211
0.09617921,0.1020089,0.131,72173.492
0.094407089,0.099747144,0.131,68716.922
0.12699109,0.13929996,0.131,72706.492
0.1239903,0.1388699,0.131,72539.617
0.12138093,0.13837531,0.131,72386.266
0.1191119,0.13780656,0.131,72261.289
0.11713882,0.13715251,0.131,72177.625
0.11542311,0.13640034,0.131,72144.953
0.11393119,0.13553533,0.131,72169.484
0.11263386,0.13454062,0.131,72255.609
0.11150575,0.13339667,0.131,72406.891
0.11052479,0.13208115,0.131,72626.078
0.10967177,0.1305683,0.131,72914.562
0.10893002,0.12882853,0.131,73272.914
0.10828502,0.12682779,0.131,73702.398
0.10768925,0.12462673,0.131,74184.406
0.10706814,0.12236495,0.131,74683.547
0.1063849,0.12010317,0.131,75183.227
0.10563336,0.11784139,0.131,75676.844
0.10480665,0.11557961,0.131,76149.508
0.10389727,0.11331783,0.131,76570.336
0.10289695,0.11105606,0.131,76884.219
0.1017966,0.10879429,0.131,76992.656
0.10058622,0.10653251,0.131,76730.422
0.099254794,0.10427076,0.131,75906.117
0.097790226,0.102009,0.131,74353.859
0.09617921,0.099747255,0.131,72037.539
0.13044201,0.13929996,0.131,72921.266
0.12699109,0.13886988,0.131,72766.859
0.1239903,0.13837531,0.131,72611.312
0.12138093,0.13780655,0.131,72471.898
0.1191119,0.13715248,0.131,72364.195
0.11713882,0.13640033,0.131,72302.078
0.11542311,0.13553533,0.131,72295.984
0.11393119,0.13454059,0.131,72352.812
0.11263386,0.13339666,0.131,72477.57
0.11150575,0.13208112,0.131,72673.945
0.11052479,0.13056828,0.131,72944.453
0.10967177,0.1288285,0.131,73290.18
0.10893002,0.12682776,0.131,73711.336
0.10828502,0.12462675,0.131,74188.445
0.10768925,0.12236501,0.131,74685.359
0.10706814,0.12010324,0.131,75185.188
0.1063849,0.11784146,0.131,75684.625
0.10563336,0.11557969,0.131,76173.617
0.10480665,0.11331791,0.131,76632.961
0.10389726,0.11105615,0.131,77024.641
0.10289695,0.10879438,0.131,77281.648
0.1017966,0.10653261,0.131,77284.758
0.10058622,0.10427085,0.131,76874.023
0.099254794,0.1020091,0.131,75896.156
0.097790226,0.099747352,0.131,74235.898
0.13434342,0.13929996,0.131,73103.555
0.13044201,0.13886988,0.131,72980.188
0.12699109,0.1383753,0.131,72836.695
0.1239903,0.13780653,0.131,72694.312
0.12138093,0.13715246,0.131,72571.039
0.1191119,0.1364003,0.131,72483.469
0.11713882,0.13553531,0.131,72446.352
0.11542311,0.13454056,0.131,72471.039
0.11393119,0.13339663,0.131,72565.172
0.11263386,0.13208111,0.131,72734.367
0.11150575,0.13056824,0.131,72982.367
0.11052479,0.12882847,0.131,73311.188
0.10967177,0.12682772,0.131,73721.234
0.10893002,0.12462672,0.131,74191.336
0.10828502,0.12236504,0.131,74684.727
0.10768925,0.12010331,0.131,75182.922
0.10706814,0.11784154,0.131,75683.391
0.1063849,0.11557976,0.131,76180.312
0.10563336,0.11331799,0.131,76660.672
0.10480665,0.11105622,0.131,77099.5
0.10389726,0.10879446,0.131,77448.914
0.10289695,0.10653269,0.131,77627.297
0.1017966,0.10427094,0.131,77504.219
0.10058622,0.10200918,0.131,76941.594
0.099254794,0.099747442,0.131,75837.445
0.13845456,0.13929996,0.131,73233.039
0.13434342,0.13886987,0.131,73161.102
0.13044201,0.13837528,0.131,73048.383
0.12699109,0.13780652,0.131,72917.539
0.1239903,0.13715245,0.131,72790.375
0.12138093,0.13640027,0.131,72685.914
0.1191119,0.13553528,0.131,72621.68
0.11713882,0.13454054,0.131,72613.703
0.11542311,0.1333966,0.131,72674.094
0.11393119,0.13208106,0.131,72811.406
0.11263386,0.13056821,0.131,73031.914
0.11150575,0.12882842,0.131,73338.906
0.11052479,0.12682769,0.131,73733.547
0.10967177,0.12462669,0.131,74194.211
0.10893002,0.12236501,0.131,74682.516
0.10828502,0.12010333,0.131,75178.539
0.10768925,0.1178416,0.131,75678.023
0.10706814,0.11557983,0.131,76177.586
0.1063849,0.11331806,0.131,76668.953
0.10563336,0.1110563,0.131,77135.164
0.10480664,0.10879453,0.131,77543.188
0.10389726,0.10653277,0.131,77832.727
0.10289695,0.10427102,0.131,77909.273
0.1017966,0.10200926,0.131,77649.492
0.10058622,0.099747524,0.131,76943.578
0.14256571,0.13929996,0.131,73296.25
0.13845456,0.13886985,0.131,73289.461
0.13434342,0.13837525,0.131,73227.773
0.13044201,0.1378065,0.131,73127.273
0.12699109,0.13715242,0.131,73011.039
0.1239903,0.13640025,0.131,72901.625
0.12138093,0.13553526,0.131,72819.039
0.1191119,0.1345405,0.131,72782.07
0.11713882,0.13339657,0.131,72807.93
0.11542311,0.13208103,0.131,72909.852
0.11393119,0.13056816,0.131,73097.391
0.11263386,0.12882839,0.131,73377.023
0.11150575,0.12682764,0.131,73751.031
0.11052479,0.12462664,0.131,74198.531
0.10967177,0.12236498,0.131,74679.289
0.10893002,0.1201033,0.131,75172.078
0.10828502,0.11784162,0.131,75670.633
0.10768925,0.11557989,0.131,76170.391
0.10706814,0.11331812,0.131,76666.742
0.1063849,0.11105636,0.131,77148.336
0.10563336,0.1087946,0.131,77592.203
0.10480664,0.10653284,0.131,77953.938
0.10389726,0.10427108,0.131,78164.398
0.10289695,0.10200934,0.131,78122.688
0.1017966,0.099747583,0.131,77722.023
0.14667687,0.13929996,0.131,73291.367
0.14256571,0.13886985,0.131,73351.25
0.13845456,0.13837525,0.131,73354.781
0.13434342,0.13780648,0.131,73304.93
0.13044201,0.13715239,0.131,73218.547
0.12699109,0.13640021,0.131,73119.273
0.1239903,0.13553521,0.131,73030.438
0.12138093,0.13454047,0.131,72973.375
0.1191119,0.13339652,0.131,72968.234
0.11713882,0.132081,0.131,73033.672
0.11542311,0.13056813,0.131,73184.117
0.11393119,0.12882835,0.131,73430.18
0.11263386,0.1268276,0.131,73777.508
0.11150575,0.12462659,0.131,74206.383
0.11052479,0.12236495,0.131,74676.547
0.10967177,0.12010327,0.131,75163.836
0.10893002,0.11784159,0.131,75660.922
0.10828502,0.11557992,0.131,76160.984
0.10768925,0.11331818,0.131,76659.352
0.10706814,0.11105642,0.131,77149.023
0.1063849,0.10879466,0.131,77614.273
0.10563336,0.1065329,0.131,78022.398
0.10480664,0.10427115,0.131,78320.07
0.10389726,0.1020094,0.131,78433.82
0.10289695,0.09974765,0.131,78264.68
0.1017966,0.097485915,0.131,77728.281
0.15078801,0.13929996,0.131,73216.641
0.14667687,0.13886985,0.131,73344.125
0.14256571,0.13837524,0.131,73414.844
0.13845456,0.13780645,0.131,73430.172
0.13434342,0.13715236,0.131,73394.25
0.13044201,0.13640018,0.131,73324.18
0.12699109,0.13553518,0.131,73244.5
0.1239903,0.13454042,0.131,73179.688
0.12138093,0.13339648,0.131,73152.469
0.1191119,0.13208094,0.131,73184.633
0.11713882,0.13056809,0.131,73296.516
0.11542311,0.12882829,0.131,73503.953
0.11393119,0.12682754,0.131,73817.727
0.11263386,0.12462655,0.131,74221.648
0.11150575,0.12236489,0.131,74676.094
0.11052479,0.12010324,0.131,75155.086
0.10967177,0.11784157,0.131,75648.57
0.10893002,0.11557989,0.131,76148.891
0.10828502,0.1133182,0.131,76649.094
0.10768925,0.11105648,0.131,77143.148
0.10706814,0.10879472,0.131,77620.773
0.1063849,0.10653296,0.131,78058.016
0.10563336,0.1042712,0.131,78414.883
0.10480664,0.10200946,0.131,78633.07
0.10389726,0.09974771,0.131,78635.523
0.10289695,0.097485967,0.131,78334.781
0.15489917,0.13929994,0.131,73051.867
0.15078801,0.13886982,0.131,73265.867
0.14667687,0.13837522,0.131,73405.164
0.14256571,0.13780643,0.131,73488.383
0.13845456,0.13715233,0.131,73517.594
0.13434342,0.13640013,0.131,73497.797
0.13044201,0.13553512,0.131,73446.422
0.12699109,0.13454038,0.131,73389.562
0.1239903,0.13339642,0.131,73352.711
0.12138093,0.13208088,0.131,73360.477
0.1191119,0.13056801,0.131,73436.68
0.11713882,0.12882823,0.131,73603.297
0.11542311,0.12682748,0.131,73877.359
0.11393119,0.12462649,0.131,74249.125
0.11263386,0.12236486,0.131,74681.234
0.11150575,0.1201032,0.131,75147.383
0.11052479,0.11784153,0.131,75634.617
0.10967177,0.11557986,0.131,76133.266
0.10893002,0.11331818,0.131,76635.469
0.10828502,0.11105649,0.131,77133.305
0.10768925,0.10879477,0.131,77618.633
0.10706814,0.10653301,0.131,78074.047
0.1063849,0.10427126,0.131,78470.008
0.10563336,0.10200951,0.131,78760.758
0.10480664,0.099747762,0.131,78886.727
0.10389726,0.097486019,0.131,78767.062
0.10289695,0.095224291,0.131,78343.234
0.15901031,0.13929994,0.131,72802.133
0.15489917,0.13886982,0.131,73096.586
0.15078801,0.13837521,0.131,73322.531
0.14667687,0.13780642,0.131,73475.562
0.14256571,0.1371523,0.131,73573.414
0.13845456,0.1364001,0.131,73618.898
0.13434342,0.13553508,0.131,73617.672
0.13044201,0.13454032,0.131,73588.047
0.12699109,0.13339636,0.131,73557.578
0.1239903,0.13208082,0.131,73553.57
0.12138093,0.13056794,0.131,73602.609
0.1191119,0.12882815,0.131,73730.805
0.11713882,0.1268274,0.131,73962.078
0.11542311,0.12462642,0.131,74294.352
0.11393119,0.1223648,0.131,74696.781
0.11263386,0.12010316,0.131,75143.469
0.11150575,0.1178415,0.131,75620.375
0.11052479,0.11557983,0.131,76114.82
0.10967177,0.11331816,0.131,76617.469
0.10893002,0.11105647,0.131,77119.258
0.10828502,0.10879479,0.131,77611.039
0.10768925,0.10653307,0.131,78078.562
0.10706814,0.10427132,0.131,78500.328
0.1063849,0.10200956,0.131,78841.273
0.10563336,0.099747822,0.131,79053.969
0.10480664,0.097486071,0.131,79072.25
0.10389726,0.095224343,0.131,78833.188
0.16312146,0.13929994,0.131,72435.062
0.15901031,0.13886982,0.131,72842.766
0.15489917,0.13837519,0.131,73147.969
0.15078801,0.13780639,0.131,73387.68
0.14667687,0.13715227,0.131,73556.711
0.14256571,0.13640006,0.131,73671.641
0.13845456,0.13553503,0.131,73736.0
0.13434342,0.13454026,0.131,73756.289
0.13044201,0.1333963,0.131,73752.156
0.12699109,0.13208075,0.131,73752.523
0.1239903,0.13056788,0.131,73787.164
0.12138093,0.12882808,0.131,73885.102
0.1191119,0.12682731,0.131,74075.047
0.11713882,0.12462635,0.131,74363.617
0.11542311,0.12236473,0.131,74728.406
0.11393119,0.1201031,0.131,75148.117
0.11263386,0.11784145,0.131,75608.117
0.11150575,0.11557979,0.131,76094.609
0.11052479,0.11331812,0.131,76595.211
0.10967177,0.11105644,0.131,77099.875
0.10893002,0.10879476,0.131,77598.18
0.10828502,0.10653307,0.131,78075.766
0.10768925,0.10427135,0.131,78515.398
0.10706814,0.10200961,0.131,78891.109
0.1063849,0.099747859,0.131,79166.195
0.10563336,0.097486123,0.131,79285.07
0.10480664,0.09522438,0.131,79192.172
0.1672326,0.13929994,0.131,71927.508
0.16312146,0.13886981,0.131,72472.469
0.15901031,0.13837516,0.131,72889.078
0.15489917,0.13780637,0.131,73206.711
0.15078801,0.13715224,0.131,73462.398
0.14667687,0.13640001,0.131,73650.094
0.14256571,0.13553497,0.131,73785.148
0.13845456,0.13454019,0.131,73871.594
0.13434342,0.13339621,0.131,73916.984
0.13044201,0.13208066,0.131,73942.273
0.12699109,0.13056779,0.131,73978.984
0.1239903,0.12882797,0.131,74059.43
0.12138093,0.12682723,0.131,74215.586
0.1191119,0.12462626,0.131,74460.867
0.11713882,0.12236466,0.131,74782.812
0.11542311,0.12010303,0.131,75167.32
0.11393119,0.1178414,0.131,75602.648
0.11263386,0.11557975,0.131,76074.773
0.11150575,0.11331809,0.131,76569.852
0.11052479,0.11105642,0.131,77075.047
0.10967177,0.10879474,0.131,77579.039
0.10893002,0.10653306,0.131,78066.523
0.10828502,0.10427137,0.131,78520.766
0.10768925,0.10200965,0.131,78921.102
0.10706814,0.099747896,0.131,79241.141
0.1063849,0.097486161,0.131,79434.555
0.10563336,0.095224425,0.131,79453.812
0.10480664,0.09296269,0.131,79256.031
0.17134374,0.13929993,0.131,71253.688
0.1672326,0.13886981,0.131,71963.18
0.16312146,0.13837516,0.131,72515.039
0.15901031,0.13780634,0.131,72941.805
0.15489917,0.13715221,0.131,73273.844
0.15078801,0.13639997,0.131,73547.914
0.14667687,0.13553491,0.131,73757.312
0.14256571,0.13454013,0.131,73916.008
0.13845456,0.13339613,0.131,74028.438
0.13434342,0.13208055,0.131,74103.219
0.13044201,0.13056767,0.131,74163.102
0.12699109,0.12882787,0.131,74242.711
0.1239903,0.12682712,0.131,74377.656
0.12138093,0.12462616,0.131,74586.102
0.1191119,0.12236458,0.131,74864.633
0.11713882,0.12010296,0.131,75207.945
0.11542311,0.11784135,0.131,75610.359
0.11393119,0.1155797,0.131,76059.922
0.11263386,0.11331806,0.131,76543.336
0.11150575,0.11105639,0.131,77045.703
0.11052479,0.10879472,0.131,77553.344
0.10967177,0.10653304,0.131,78050.125
0.10893002,0.10427134,0.131,78518.453
0.10828502,0.10200966,0.131,78938.469
0.10768925,0.099747941,0.131,79290.883
0.10706814,0.09748619,0.131,79539.5
0.1063849,0.095224455,0.131,79644.0
0.10563336,0.092962727,0.131,79564.477
0.10480664,0.090700999,0.131,79271.602
0.1754549,0.13929993,0.131,70399.18
0.17134374,0.13886979,0.131,71288.641
0.1672326,0.13837515,0.131,72003.703
0.16312146,0.13780631,0.131,72563.32
0.15901031,0.13715217,0.131,73001.57
0.15489917,0.13639992,0.131,73350.273
0.15078801,0.13553485,0.131,73645.453
0.14667687,0.13454005,0.131,73880.172
0.14256571,0.13339604,0.131,74066.586
0.13845456,0.13208047,0.131,74209.484
0.13434342,0.13056755,0.131,74318.914
0.13044201,0.12882775,0.131,74419.648
0.12699109,0.12682699,0.131,74550.445
0.1239903,0.12462604,0.131,74734.211
0.12138093,0.12236448,0.131,74974.414
0.1191119,0.12010289,0.131,75275.273
0.11713882,0.11784127,0.131,75638.367
0.11542311,0.11557965,0.131,76057.062
0.11393119,0.113318,0.131,76520.141
0.11263386,0.11105634,0.131,77013.812
0.11150575,0.10879468,0.131,77521.914
0.11052479,0.10653301,0.131,78026.266
0.10967177,0.10427134,0.131,78508.18
0.10893002,0.10200965,0.131,78946.898
0.10828502,0.099747948,0.131,79324.508
0.10768925,0.09748622,0.131,79613.086
0.10706814,0.095224485,0.131,79782.578
0.1063849,0.092962757,0.131,79795.75
0.10563336,0.090701029,0.131,79621.766
0.17956606,0.13929993,0.131,69359.242
0.1754549,0.13886979,0.131,70433.508
0.17134374,0.13837513,0.131,71328.539
0.1672326,0.13780628,0.131,72049.695
0.16312146,0.13715214,0.131,72617.883
0.15901031,0.13639988,0.131,73069.203
0.15489917,0.13553481,0.131,73436.906
0.15078801,0.13453998,0.131,73756.406
0.14667687,0.13339595,0.131,74020.219
0.14256571,0.13208036,0.131,74239.031
0.13845456,0.13056743,0.131,74417.984
0.13434342,0.12882762,0.131,74568.406
0.13044201,0.12682684,0.131,74718.055
0.12699109,0.1246259,0.131,74894.477
0.1239903,0.12236436,0.131,75107.711
0.12138093,0.12010279,0.131,75370.172
0.1191119,0.1178412,0.131,75692.289
0.11713882,0.11557959,0.131,76073.539
0.11542311,0.11331795,0.131,76507.594
0.11393119,0.11105631,0.131,76983.508
0.11263386,0.10879464,0.131,77486.406
0.11150575,0.10653298,0.131,77995.133
0.11052479,0.10427131,0.131,78489.234
0.10967177,0.10200962,0.131,78946.352
0.10893002,0.099747933,0.131,79347.641
0.10828502,0.097486235,0.131,79666.672
0.10768925,0.095224515,0.131,79883.242
0.10706814,0.092962787,0.131,79968.578
0.1063849,0.090701059,0.131,79891.156
0.10563336,0.08843933,0.131,79643.312
0.1836772,0.13929993,0.131,68137.18
0.17956606,0.13886978,0.131,69391.727
0.1754549,0.1383751,0.131,70472.906
0.17134374,0.13780627,0.131,71373.992
0.1672326,0.13715211,0.131,72101.719
0.16312146,0.13639984,0.131,72679.359
0.15901031,0.13553476,0.131,73145.367
0.15489917,0.13453992,0.131,73534.852
0.15078801,0.13339587,0.131,73881.828
0.14667687,0.13208026,0.131,74179.062
0.14256571,0.13056731,0.131,74435.414
0.13845456,0.12882747,0.131,74656.805
0.13434342,0.12682667,0.131,74856.125
0.13044201,0.12462574,0.131,75049.555
0.12699109,0.12236423,0.131,75253.703
0.1239903,0.12010269,0.131,75488.188
0.12138093,0.11784111,0.131,75772.75
0.1191119,0.11557952,0.131,76114.773
0.11713882,0.11331789,0.131,76513.125
0.11542311,0.11105627,0.131,76962.008
0.11393119,0.10879461,0.131,77450.32
0.11263386,0.10653295,0.131,77958.039
0.11150575,0.10427128,0.131,78461.227
0.11052479,0.10200961,0.131,78935.578
0.10967177,0.099747919,0.131,79360.641
0.10893002,0.09748622,0.131,79708.219
0.10828502,0.09522453,0.131,79959.852
0.10768925,0.092962809,0.131,80097.992
0.10706814,0.090701081,0.131,80097.305
0.1063849,0.088439353,0.131,79945.672
0.18778835,0.13929993,0.131,66749.844
0.1836772,0.13886976,0.131,68165.781
0.17956606,0.1383751,0.131,69429.227
0.1754549,0.13780624,0.131,70518.047
0.17134374,0.13715208,0.131,71425.633
0.1672326,0.13639979,0.131,72160.391
0.16312146,0.1355347,0.131,72748.422
0.15901031,0.13453984,0.131,73230.93
0.15489917,0.13339579,0.131,73644.758
0.15078801,0.13208015,0.131,74022.695
0.14667687,0.13056719,0.131,74357.719
0.14256571,0.12882732,0.131,74657.125
0.13845456,0.12682649,0.131,74927.984
0.13434342,0.12462557,0.131,75171.5
0.13044201,0.12236409,0.131,75392.328
0.12699109,0.12010257,0.131,75617.5
0.1239903,0.11784101,0.131,75874.609
0.12138093,0.11557943,0.131,76180.602
0.1191119,0.11331783,0.131,76541.594
0.11713882,0.11105621,0.131,76956.516
0.11542311,0.10879457,0.131,77420.211
0.11393119,0.10653291,0.131,77917.398
0.11263386,0.10427125,0.131,78424.664
0.11150575,0.10200958,0.131,78913.422
0.11052479,0.099747889,0.131,79361.383
0.10967177,0.097486213,0.131,79738.445
0.10893002,0.095224515,0.131,80022.945
0.10828502,0.092962816,0.131,80199.258
0.10768925,0.090701103,0.131,80254.859
0.10706814,0.088439375,0.131,80181.875
0.19189948,0.13929993,0.131,65229.562
0.18778835,0.13886976,0.131,66772.359
0.1836772,0.13837507,0.131,68198.969
0.17956606,0.13780622,0.131,69472.414
0.1754549,0.13715205,0.131,70569.641
0.17134374,0.13639975,0.131,71484.273
0.1672326,0.13553464,0.131,72226.461
0.16312146,0.13453978,0.131,72825.758
0.15901031,0.1333957,0.131,73326.625
0.15489917,0.13208005,0.131,73767.422
0.15078801,0.13056707,0.131,74179.578
0.14667687,0.12882717,0.131,74556.242
0.14256571,0.12682632,0.131,74904.312
0.13845456,0.12462539,0.131,75219.195
0.13434342,0.12236392,0.131,75491.172
0.13044201,0.12010243,0.131,75734.719
0.12699109,0.1178409,0.131,75983.93
0.1239903,0.11557934,0.131,76264.461
0.12138093,0.11331775,0.131,76591.633
0.1191119,0.11105614,0.131,76970.969
0.11713882,0.10879451,0.131,77402.734
0.11542311,0.10653287,0.131,77878.633
0.11393119,0.10427122,0.131,78380.508
0.11263386,0.10200955,0.131,78879.359
0.11150575,0.099747881,0.131,79347.852
0.11052479,0.09748619,0.131,79754.117
0.10967177,0.095224507,0.131,80073.727
0.10893002,0.092962809,0.131,80286.047
0.10828502,0.090701111,0.131,80381.336
0.10768925,0.08843939,0.131,80365.914
0.10706814,0.086177677,0.131,80232.688
0.19601065,0.13929993,0.131,63615.086
0.19189948,0.13886973,0.131,65244.73
0.18778835,0.13837506,0.131,66798.602
0.1836772,0.13780619,0.131,68237.328
0.17956606,0.13715202,0.131,69522.117
0.1754549,0.13639972,0.131,70628.609
0.17134374,0.13553458,0.131,71550.578
0.1672326,0.13453971,0.131,72300.555
0.16312146,0.13339561,0.131,72912.117
0.15901031,0.13207994,0.131,73433.055
0.15489917,0.13056695,0.131,73903.336
0.15078801,0.12882702,0.131,74351.984
0.14667687,0.12682615,0.131,74773.781
0.14256571,0.12462521,0.131,75163.617
0.13845456,0.12236375,0.131,75506.477
0.13434342,0.12010227,0.131,75802.844
0.13044201,0.11784077,0.131,76073.57
0.12699109,0.11557923,0.131,76349.398
0.1239903,0.11331766,0.131,76654.43
0.12138093,0.11105607,0.131,77002.688
0.1191119,0.10879445,0.131,77400.922
0.11713882,0.10653282,0.131,77847.664
0.11542311,0.10427118,0.131,78332.984
0.11393119,0.10200952,0.131,78832.969
0.11263386,0.099747851,0.131,79318.414
0.11150575,0.097486168,0.131,79752.359
0.11052479,0.095224492,0.131,80107.781
0.10967177,0.092962794,0.131,80359.836
0.10893002,0.090701103,0.131,80492.961
0.10828502,0.088439405,0.131,80516.133
0.10768925,0.086177684,0.131,80439.602
0.20012179,0.13929991,0.131,61946.027
0.19601065,0.13886973,0.131,63622.551
0.19189948,0.13837504,0.131,65262.555
0.18778835,0.13780618,0.131,66829.203
0.1836772,0.13715197,0.131,68281.781
0.17956606,0.13639967,0.131,69579.188
0.1754549,0.13553452,0.131,70695.82
0.17134374,0.13453963,0.131,71625.555
0.1672326,0.13339554,0.131,72383.641
0.16312146,0.13207984,0.131,73008.289
0.15901031,0.13056684,0.131,73550.859
0.15489917,0.12882689,0.131,74052.359
0.15078801,0.12682597,0.131,74538.75
0.14667687,0.12462502,0.131,74997.383
0.14256571,0.12236357,0.131,75412.875
0.13845456,0.1201021,0.131,75778.344
0.13434342,0.11784061,0.131,76102.625
0.13044201,0.1155791,0.131,76404.453
0.12699109,0.11331756,0.131,76709.852
0.1239903,0.11105599,0.131,77040.414
0.12138093,0.10879438,0.131,77410.695
0.1191119,0.10653277,0.131,77826.719
0.11713882,0.10427113,0.131,78286.922
0.11542311,0.10200948,0.131,78776.688
0.11393119,0.099747822,0.131,79271.219
0.11263386,0.097486153,0.131,79730.398
0.11150575,0.09522447,0.131,80121.227
0.11052479,0.092962787,0.131,80415.336
0.10967177,0.090701088,0.131,80591.414
0.10893002,0.08843939,0.131,80651.234
0.10828502,0.086177692,0.131,80610.773
0.20423293,0.13929991,0.131,60252.969
0.20012179,0.13886973,0.131,61946.277
0.19601065,0.13837504,0.131,63631.469
0.19189948,0.13780615,0.131,65283.305
0.18778835,0.13715194,0.131,66864.789
0.1836772,0.13639963,0.131,68333.164
0.17956606,0.13553447,0.131,69644.766
0.1754549,0.13453957,0.131,70772.242
0.17134374,0.13339545,0.131,71710.125
0.1672326,0.13207975,0.131,72476.727
0.16312146,0.1305667,0.131,73115.25
0.15901031,0.12882674,0.131,73680.461
0.15489917,0.12682581,0.131,74213.773
0.15078801,0.12462484,0.131,74729.141
0.14667687,0.1223634,0.131,75208.531
0.14256571,0.12010194,0.131,75641.984
0.13845456,0.11784045,0.131,76031.898
0.13434342,0.11557895,0.131,76387.141
0.13044201,0.11331744,0.131,76723.531
0.12699109,0.11105588,0.131,77060.703
0.1239903,0.10879431,0.131,77418.305
0.12138093,0.10653271,0.131,77810.289
0.1191119,0.10427108,0.131,78243.805
0.11713882,0.10200944,0.131,78714.352
0.11542311,0.099747792,0.131,79206.891
0.11393119,0.097486123,0.131,79684.891
0.11263386,0.095224455,0.131,80109.898
0.11150575,0.092962764,0.131,80447.367
0.11052479,0.090701073,0.131,80670.648
0.10967177,0.088439375,0.131,80774.328
0.10893002,0.086177677,0.131,80767.312
0.10828502,0.083915979,0.131,80670.625
0.20834409,0.13929991,0.131,58561.02
0.20423293,0.13886972,0.131,60247.266
0.20012179,0.13837501,0.131,61946.875
0.19601065,0.13780613,0.131,63642.199
0.19189948,0.13715191,0.131,65307.855
0.18778835,0.13639958,0.131,66906.32
0.1836772,0.13553442,0.131,68392.57
0.17956606,0.1345395,0.131,69719.812
0.1754549,0.13339537,0.131,70859.047
0.17134374,0.13207965,0.131,71805.508
0.1672326,0.13056658,0.131,72581.031
0.16312146,0.12882659,0.131,73234.102
0.15901031,0.12682563,0.131,73822.281
0.15489917,0.12462465,0.131,74378.992
0.15078801,0.12236321,0.131,74907.414
0.14667687,0.12010176,0.131,75399.039
0.14256571,0.1178403,0.131,75850.828
0.13845456,0.1155788,0.131,76264.938
0.13434342,0.11331731,0.131,76653.461
0.13044201,0.11105578,0.131,77026.719
0.12699109,0.10879421,0.131,77397.68
0.1239903,0.10653263,0.131,77782.539
0.12138093,0.10427102,0.131,78196.742
0.1191119,0.10200939,0.131,78646.352
0.11713882,0.099747755,0.131,79127.484
0.11542311,0.097486094,0.131,79614.156
0.11393119,0.095224433,0.131,80068.781
0.11263386,0.092962757,0.131,80449.93
0.11150575,0.090701066,0.131,80723.961
0.11052479,0.088439375,0.131,80877.969
0.10967177,0.086177677,0.131,80913.016
0.10893002,0.083915979,0.131,80845.625
0.10828502,0.081654266,0.131,80705.75
0.21245524,0.13929991,0.131,56888.273
0.20834409,0.13886972,0.131,58550.871
0.20423293,0.13837501,0.131,60240.992
0.20012179,0.13780609,0.131,61947.957
0.19601065,0.13715188,0.131,63655.145
0.19189948,0.13639954,0.131,65336.699
0.18778835,0.13553438,0.131,66954.688
0.1836772,0.13453943,0.131,68461.078
0.17956606,0.13339528,0.131,69805.602
0.1754549,0.13207954,0.131,70957.352
0.17134374,0.13056646,0.131,71912.922
0.1672326,0.12882644,0.131,72698.227
0.16312146,0.12682545,0.131,73366.492
0.15901031,0.12462447,0.131,73969.984
0.15489917,0.12236303,0.131,74535.156
0.15078801,0.1201016,0.131,75069.148
0.14667687,0.11784013,0.131,75569.781
0.14256571,0.11557865,0.131,76038.117
0.13845456,0.11331715,0.131,76477.555
0.13434342,0.11105565,0.131,76899.586
0.13044201,0.10879411,0.131,77311.25
0.12699109,0.10653254,0.131,77715.805
0.1239903,0.10427096,0.131,78128.758
0.12138093,0.10200934,0.131,78564.984
0.1191119,0.09974771,0.131,79032.469
0.11713882,0.097486064,0.131,79518.102
0.11542311,0.095224395,0.131,79993.953
0.11393119,0.092962734,0.131,80416.117
0.11263386,0.090701059,0.131,80743.219
0.11150575,0.088439368,0.131,80953.219
0.11052479,0.086177669,0.131,81039.57
0.10967177,0.083915971,0.131,81011.32
0.10893002,0.081654266,0.131,80896.0
0.10828502,0.079392567,0.131,80722.914
0.21656638,0.1392999,0.131,55246.312
0.21245524,0.1388697,0.131,56875.008
0.20834409,0.138375,0.131,58539.355
0.20423293,0.13780609,0.131,60234.059
0.20012179,0.13715185,0.131,61949.723
0.19601065,0.13639951,0.131,63670.727
0.19189948,0.13553432,0.131,65370.773
0.18778835,0.13453937,0.131,67011.094
0.1836772,0.13339521,0.131,68540.07
0.17956606,0.13207944,0.131,69903.352
0.1754549,0.13056633,0.131,71068.445
0.17134374,0.12882631,0.131,72034.102
0.1672326,0.12682527,0.131,72830.375
0.16312146,0.12462429,0.131,73507.781
0.15901031,0.12236287,0.131,74113.453
0.15489917,0.12010142,0.131,74678.422
0.15078801,0.11783998,0.131,75214.609
0.14667687,0.1155785,0.131,75722.539
0.14256571,0.11331701,0.131,76205.273
0.13845456,0.11105552,0.131,76669.039
0.13434342,0.10879399,0.131,77125.422
0.13044201,0.10653245,0.131,77573.688
0.12699109,0.10427088,0.131,78012.062
0.1239903,0.10200928,0.131,78452.883
0.12138093,0.099747658,0.131,78913.898
0.1191119,0.097486027,0.131,79395.305
0.11713882,0.095224366,0.131,79882.531
0.11542311,0.092962705,0.131,80339.727
0.11393119,0.090701036,0.131,80719.734
0.11263386,0.088439353,0.131,80990.594
0.11150575,0.086177662,0.131,81136.844
0.11052479,0.083915964,0.131,81158.578
0.10967177,0.081654266,0.131,81077.844
0.10893002,0.079392567,0.131,80923.57
0.10828502,0.077130854,0.131,80730.812
0.22067754,0.1392999,0.131,53640.742
0.21656638,0.1388697,0.131,55231.156
0.21245524,0.13837497,0.131,56859.875
0.20834409,0.13780606,0.131,58526.363
0.20423293,0.13715182,0.131,60226.574
0.20012179,0.13639946,0.131,61952.469
0.19601065,0.13553426,0.131,63689.457
0.19189948,0.13453931,0.131,65411.062
0.18778835,0.13339512,0.131,67076.781
0.1836772,0.13207933,0.131,68630.75
0.17956606,0.13056621,0.131,70014.352
0.1754549,0.12882616,0.131,71193.812
0.17134374,0.12682509,0.131,72171.055
0.1672326,0.1246241,0.131,72973.727
0.16312146,0.12236269,0.131,73649.086
0.15901031,0.12010126,0.131,74249.453
0.15489917,0.11783982,0.131,74810.141
0.15078801,0.11557835,0.131,75345.008
0.14667687,0.11331688,0.131,75858.094
0.14256571,0.11105537,0.131,76354.516
0.13845456,0.10879387,0.131,76840.734
0.13434342,0.10653234,0.131,77329.078
0.13044201,0.10427079,0.131,77813.305
0.12699109,0.10200921,0.131,78283.711
0.1239903,0.099747598,0.131,78755.219
0.12138093,0.097485982,0.131,79238.398
0.1191119,0.095224336,0.131,79732.461
0.11713882,0.092962682,0.131,80215.242
0.11542311,0.090701006,0.131,80644.766
0.11393119,0.088439338,0.131,80979.469
0.11263386,0.086177647,0.131,81192.562
0.11150575,0.083915956,0.131,81275.281
0.11052479,0.081654258,0.131,81241.406
0.10967177,0.07939256,0.131,81116.914
0.10893002,0.077130854,0.131,80936.703
0.10828502,0.074869141,0.131,80732.164
0.2247887,0.1392999,0.131,52076.93
0.22067754,0.13886969,0.131,53624.391
0.21656638,0.13837495,0.131,55213.703
0.21245524,0.13780603,0.131,56842.582
0.20834409,0.13715179,0.131,58511.734
0.20423293,0.13639942,0.131,60218.605
0.20012179,0.1355342,0.131,61956.723
0.19601065,0.13453923,0.131,63712.188
0.19189948,0.13339503,0.131,65458.852
0.18778835,0.13207923,0.131,67153.266
0.1836772,0.13056609,0.131,68734.594
0.17956606,0.12882599,0.131,70139.781
0.1754549,0.12682493,0.131,71335.312
0.17134374,0.12462392,0.131,72319.742
0.1672326,0.12236251,0.131,73119.344
0.16312146,0.12010109,0.131,73787.148
0.15901031,0.11783966,0.131,74378.93
0.15489917,0.1155782,0.131,74931.422
0.15078801,0.11331674,0.131,75461.992
0.14667687,0.11105525,0.131,75978.359
0.14256571,0.10879374,0.131,76486.867
0.13845456,0.10653222,0.131,76993.844
0.13434342,0.10427068,0.131,77511.43
0.13044201,0.10200912,0.131,78028.906
0.12699109,0.099747539,0.131,78532.727
0.1239903,0.097485922,0.131,79032.172
0.12138093,0.095224299,0.131,79537.617
0.1191119,0.092962652,0.131,80039.914
0.11713882,0.090700991,0.131,80510.484
0.11542311,0.088439316,0.131,80908.742
0.11393119,0.08617764,0.131,81194.711
0.11263386,0.083915949,0.131,81348.156
0.11150575,0.081654251,0.131,81373.859
0.11052479,0.079392552,0.131,81292.055
0.10967177,0.077130854,0.131,81135.672
0.10893002,0.074869141,0.131,80937.609
0.10828502,0.072607443,0.131,80724.016
0.22889982,0.1392999,0.131,50558.332
0.2247887,0.13886967,0.131,52060.008
0.22067754,0.13837495,0.131,53605.539
0.21656638,0.13780601,0.131,55193.688
0.21245524,0.13715175,0.131,56822.93
0.20834409,0.13639937,0.131,58495.441
0.20423293,0.13553414,0.131,60210.383
0.20012179,0.13453916,0.131,61963.246
0.19601065,0.13339496,0.131,63740.34
0.19189948,0.13207912,0.131,65515.824
0.18778835,0.13056597,0.131,67242.109
0.1836772,0.12882586,0.131,68852.844
0.17956606,0.12682475,0.131,70281.227
0.1754549,0.12462373,0.131,71488.133
0.17134374,0.12236233,0.131,72470.977
0.1672326,0.12010092,0.131,73263.625
0.16312146,0.1178395,0.131,73922.188
0.15901031,0.11557806,0.131,74502.344
0.15489917,0.1133166,0.131,75043.641
0.15078801,0.11105511,0.131,75567.523
0.14667687,0.10879362,0.131,76084.891
0.14256571,0.1065321,0.131,76603.531
0.13845456,0.10427058,0.131,77129.352
0.13434342,0.10200903,0.131,77673.531
0.13044201,0.099747457,0.131,78222.789
0.12699109,0.097485863,0.131,78756.82
0.1239903,0.095224246,0.131,79284.914
0.12138093,0.092962608,0.131,79809.07
0.1191119,0.090700962,0.131,80313.383
0.11713882,0.088439301,0.131,80768.141
0.11542311,0.086177617,0.131,81130.227
0.11393119,0.083915941,0.131,81363.523
0.11263386,0.081654251,0.131,81461.016
0.11150575,0.079392552,0.131,81435.297
0.11052479,0.077130854,0.131,81316.578
0.10967177,0.074869141,0.131,81136.055
0.10893002,0.072607443,0.131,80923.594
0.10828502,0.07034573,0.131,80708.258
0.23301098,0.1392999,0.131,49084.832
0.22889982,0.13886967,0.131,50541.227
0.2247887,0.13837492,0.131,52040.473
0.22067754,0.13780598,0.131,53583.84
0.21656638,0.13715172,0.131,55170.711
0.21245524,0.13639933,0.131,56800.609
0.20834409,0.13553411,0.131,58477.43
0.20423293,0.1345391,0.131,60202.309
0.20012179,0.13339487,0.131,61972.883
0.19601065,0.13207904,0.131,63775.438
0.19189948,0.13056585,0.131,65583.57
0.18778835,0.12882571,0.131,67345.016
0.1836772,0.12682459,0.131,68987.016
0.17956606,0.12462354,0.131,70433.758
0.1754549,0.12236216,0.131,71642.875
0.17134374,0.12010075,0.131,72621.047
0.1672326,0.11783934,0.131,73406.625
0.16312146,0.11557791,0.131,74054.0
0.15901031,0.11331645,0.131,74620.039
0.15489917,0.11105499,0.131,75147.93
0.15078801,0.1087935,0.131,75663.102
0.14667687,0.10653199,0.131,76179.367
0.14256571,0.10427047,0.131,76705.781
0.13845456,0.10200893,0.131,77248.164
0.13434342,0.099747375,0.131,77817.312
0.13044201,0.097485796,0.131,78394.594
0.12699109,0.095224194,0.131,78958.164
0.1239903,0.09296257,0.131,79512.047
0.12138093,0.090700924,0.131,80050.039
0.1191119,0.088439278,0.131,80553.055
0.11713882,0.08617761,0.131,80986.211
0.11542311,0.083915919,0.131,81306.492
0.11393119,0.081654243,0.131,81487.805
0.11263386,0.079392552,0.131,81532.852
0.11150575,0.077130854,0.131,81465.438
0.11052479,0.074869141,0.131,81316.414
0.10967177,0.072607443,0.131,81115.742
0.10893002,0.07034573,0.131,80896.617
0.10828502,0.068084016,0.131,80673.383
0.23712212,0.1392999,0.131,47654.887
0.23301098,0.13886967,0.131,49067.699
0.22889982,0.13837491,0.131,50521.41
0.2247887,0.13780597,0.131,52017.898
0.22067754,0.13715167,0.131,53558.801
0.21656638,0.1363993,0.131,55144.414
0.21245524,0.13553405,0.131,56775.41
0.20834409,0.13453902,0.131,58457.75
0.20423293,0.13339478,0.131,60194.934
0.20012179,0.13207893,0.131,61986.758
0.19601065,0.13056572,0.131,63819.246
0.19189948,0.12882556,0.131,65664.219
0.18778835,0.12682441,0.131,67463.68
0.1836772,0.12462336,0.131,69132.133
0.17956606,0.12236198,0.131,70587.602
0.1754549,0.12010059,0.131,71796.062
0.17134374,0.11783917,0.131,72770.352
0.1672326,0.11557775,0.131,73547.922
0.16312146,0.11331631,0.131,74182.203
0.15901031,0.11105485,0.131,74732.156
0.15489917,0.10879336,0.131,75244.891
0.15078801,0.10653187,0.131,75750.031
0.14667687,0.10427036,0.131,76263.555
0.14256571,0.10200883,0.131,76795.297
0.13845456,0.099747285,0.131,77352.18
0.13434342,0.097485721,0.131,77942.188
0.13044201,0.095224127,0.131,78546.266
0.12699109,0.092962526,0.131,79136.859
0.1239903,0.090700895,0.131,79712.305
0.12138093,0.088439256,0.131,80260.828
0.1191119,0.086177588,0.131,80757.031
0.11713882,0.083915912,0.131,81161.289
0.11542311,0.081654236,0.131,81437.242
0.11393119,0.079392545,0.131,81570.641
0.11263386,0.077130847,0.131,81568.148
0.11150575,0.074869148,0.131,81464.703
0.11052479,0.072607443,0.131,81289.523
0.10967177,0.07034573,0.131,81076.312
0.10893002,0.068084031,0.131,80845.523
0.10828502,0.065822311,0.131,80611.523
0.24123327,0.1392999,0.131,46267.645
0.23712212,0.13886964,0.131,47637.801
0.23301098,0.13837489,0.131,49047.895
0.22889982,0.13780594,0.131,50498.488
0.2247887,0.13715166,0.131,51991.809
0.22067754,0.13639924,0.131,53529.969
0.21656638,0.13553399,0.131,55114.336
0.21245524,0.13453895,0.131,56747.156
0.20834409,0.13339469,0.131,58436.758
0.20423293,0.13207883,0.131,60189.191
0.20012179,0.1305656,0.131,62006.289
0.19601065,0.12882541,0.131,63873.992
0.19189948,0.12682423,0.131,65759.945
0.18778835,0.12462316,0.131,67593.852
0.1836772,0.1223618,0.131,69278.766
0.17956606,0.12010042,0.131,70739.375
0.1754549,0.11783902,0.131,71948.359
0.17134374,0.1155776,0.131,72918.727
0.1672326,0.11331617,0.131,73687.188
0.16312146,0.11105471,0.131,74306.492
0.15901031,0.10879324,0.131,74838.617
0.15489917,0.10653176,0.131,75335.289
0.15078801,0.10427026,0.131,75829.609
0.14667687,0.10200874,0.131,76338.938
0.14256571,0.099747196,0.131,76874.156
0.13845456,0.097485639,0.131,77441.742
0.13434342,0.09522406,0.131,78050.547
0.13044201,0.092962474,0.131,78677.852
0.12699109,0.090700857,0.131,79292.273
0.1239903,0.088439226,0.131,79886.602
0.12138093,0.086177565,0.131,80440.656
0.1191119,0.083915904,0.131,80921.633
0.11713882,0.081654221,0.131,81292.055
0.11542311,0.079392545,0.131,81524.469
0.11393119,0.077130847,0.131,81610.961
0.11263386,0.074869148,0.131,81566.812
0.11150575,0.072607443,0.131,81431.43
0.11052479,0.070345737,0.131,81237.477
0.10967177,0.068084031,0.131,81008.016
0.10893002,0.065822318,0.131,80764.484
0.10828502,0.063560605,0.131,80513.117
0.24534443,0.13929988,0.131,44922.832
0.24123327,0.13886964,0.131,46250.605
0.23712212,0.13837488,0.131,47617.992
0.23301098,0.13780592,0.131,49024.93
0.22889982,0.13715163,0.131,50471.941
0.2247887,0.13639919,0.131,51961.574
0.22067754,0.13553393,0.131,53496.824
0.21656638,0.13453889,0.131,55080.074
0.21245524,0.13339461,0.131,56715.668
0.20834409,0.13207872,0.131,58414.797
0.20423293,0.13056548,0.131,60186.57
0.20012179,0.12882526,0.131,62033.887
0.19601065,0.12682405,0.131,63942.383
0.19189948,0.12462299,0.131,65868.008
0.18778835,0.12236163,0.131,67726.82
0.1836772,0.12010025,0.131,69423.266
0.17956606,0.11783886,0.131,70889.945
0.1754549,0.11557746,0.131,72100.086
0.17134374,0.11331602,0.131,73066.164
0.1672326,0.11105458,0.131,73823.82
0.16312146,0.10879312,0.131,74426.289
0.15901031,0.10653164,0.131,74939.531
0.15489917,0.10427015,0.131,75419.734
0.15078801,0.10200863,0.131,75902.68
0.14667687,0.099747106,0.131,76406.781
0.14256571,0.097485557,0.131,76942.867
0.13845456,0.095223993,0.131,77519.398
0.13434342,0.092962414,0.131,78143.047
0.13044201,0.090700805,0.131,78789.742
0.12699109,0.088439189,0.131,79425.547
0.1239903,0.086177543,0.131,80034.227
0.12138093,0.083915889,0.131,80585.922
0.1191119,0.081654213,0.131,81046.5
0.11713882,0.079392537,0.131,81377.492
0.11542311,0.077130847,0.131,81567.922
0.11393119,0.074869156,0.131,81608.938
0.11263386,0.072607443,0.131,81527.555
0.11150575,0.070345744,0.131,81367.461
0.11052479,0.068084031,0.131,81151.977
0.10967177,0.065822318,0.131,80906.367
0.10893002,0.063560605,0.131,80643.906
0.10828502,0.061298888,0.131,80371.898
0.24919999,0.13929988,0.131,43700.676
0.24534443,0.13886964,0.131,44905.875
0.24123327,0.13837487,0.131,46230.863
0.23712212,0.13780589,0.131,47595.035
0.23301098,0.13715158,0.131,48998.277
0.22889982,0.13639915,0.131,50441.152
0.2247887,0.13553387,0.131,51926.625
0.22067754,0.13453883,0.131,53458.66
0.21656638,0.13339452,0.131,55041.191
0.21245524,0.13207862,0.131,56681.102
0.20834409,0.13056535,0.131,58392.84
0.20423293,0.12882513,0.131,60188.871
0.20012179,0.12682389,0.131,62072.648
0.19601065,0.12462281,0.131,64023.312
0.19189948,0.12236145,0.131,65980.977
0.18778835,0.12010008,0.131,67858.828
0.1836772,0.1178387,0.131,69566.508
0.17956606,0.1155773,0.131,71039.914
0.1754549,0.11331588,0.131,72251.367
0.17134374,0.11105444,0.131,73212.062
0.1672326,0.10879299,0.131,73957.109
0.16312146,0.10653153,0.131,74541.203
0.15901031,0.10427003,0.131,75035.125
0.15489917,0.10200854,0.131,75498.781
0.15078801,0.099747017,0.131,75970.188
0.14667687,0.097485475,0.131,76467.492
0.14256571,0.095223919,0.131,77003.742
0.13845456,0.09296234,0.131,77585.648
0.13434342,0.090700753,0.131,78220.32
0.13044201,0.088439152,0.131,78883.766
0.12699109,0.086177513,0.131,79537.219
0.1239903,0.083915867,0.131,80152.781
0.12138093,0.081654206,0.131,80695.523
0.1191119,0.079392523,0.131,81130.195
0.11713882,0.077130847,0.131,81420.055
0.11542311,0.074869156,0.131,81565.352
0.11393119,0.072607458,0.131,81563.25
0.11263386,0.070345744,0.131,81452.094
0.11150575,0.068084039,0.131,81265.336
0.11052479,0.065822333,0.131,81028.703
0.10967177,0.063560612,0.131,80762.539
0.10893002,0.061298899,0.131,80478.688
0.10828502,0.059037179,0.131,80179.883
0.2525,0.13929988,0.131,42683.668
0.24919999,0.13886963,0.131,43683.793
0.24534443,0.13837485,0.131,44886.23
0.24123327,0.13780586,0.131,46207.977
0.23712212,0.13715155,0.131,47568.414
0.23301098,0.13639911,0.131,48967.324
0.22889982,0.13553382,0.131,50405.395
0.2247887,0.13453874,0.131,51886.168
0.22067754,0.13339445,0.131,53414.816
0.21656638,0.13207851,0.131,54997.289
0.21245524,0.13056523,0.131,56643.621
0.20834409,0.12882496,0.131,58372.168
0.20423293,0.12682371,0.131,60198.578
0.20012179,0.12462261,0.131,62123.039
0.19601065,0.12236128,0.131,64111.375
0.19189948,0.12009992,0.131,66095.102
0.18778835,0.11783855,0.131,67989.844
0.1836772,0.11557715,0.131,69708.961
0.17956606,0.11331574,0.131,71189.492
0.1754549,0.11105432,0.131,72401.703
0.17134374,0.10879287,0.131,73355.609
0.1672326,0.10653141,0.131,74086.336
0.16312146,0.10426993,0.131,74651.18
0.15901031,0.10200843,0.131,75125.602
0.15489917,0.09974692,0.131,75573.094
0.15078801,0.097485393,0.131,76032.117
0.14667687,0.095223844,0.131,76522.688
0.14256571,0.09296228,0.131,77056.609
0.13845456,0.090700693,0.131,77641.141
0.13434342,0.088439099,0.131,78284.344
0.13044201,0.086177483,0.131,78961.211
0.12699109,0.083915845,0.131,79625.859
0.1239903,0.081654191,0.131,80241.633
0.12138093,0.079392523,0.131,80768.797
0.1191119,0.077130839,0.131,81170.977
0.11713882,0.074869156,0.131,81417.266
0.11542311,0.072607458,0.131,81515.938
0.11393119,0.070345759,0.131,81476.453
0.11263386,0.068084046,0.131,81334.797
0.11150575,0.065822341,0.131,81121.641
0.11052479,0.063560627,0.131,80861.273
0.10967177,0.061298907,0.131,80572.148
0.10893002,0.05903719,0.131,80262.008
0.10828502,0.056775477,0.131,79931.984
0.2525,0.13886961,0.131,42666.898
0.24919999,0.13837484,0.131,43664.246
0.24534443,0.13780585,0.131,44863.445
0.24123327,0.13715152,0.131,46181.422
0.23712212,0.13639906,0.131,47537.492
0.23301098,0.13553376,0.131,48931.352
0.22889982,0.13453868,0.131,50363.797
0.2247887,0.13339436,0.131,51839.301
0.22067754,0.13207841,0.131,53364.582
0.21656638,0.13056511,0.131,54948.16
0.21245524,0.12882483,0.131,56603.938
0.20834409,0.12682353,0.131,58355.047
0.20423293,0.12462243,0.131,60217.762
0.20012179,0.1223611,0.131,62182.07
0.19601065,0.12009975,0.131,64202.945
0.19189948,0.11783838,0.131,66209.547
0.18778835,0.115577,0.131,68120.07
0.1836772,0.1133156,0.131,69850.82
0.17956606,0.11105418,0.131,71338.406
0.1754549,0.10879274,0.131,72550.352
0.17134374,0.10653129,0.131,73495.805
0.1672326,0.10426982,0.131,74210.867
0.16312146,0.10200834,0.131,74755.859
0.15901031,0.099746831,0.131,75211.328
0.15489917,0.097485311,0.131,75642.562
0.15078801,0.095223777,0.131,76089.781
0.14667687,0.09296222,0.131,76571.875
0.14256571,0.090700641,0.131,77101.852
0.13845456,0.088439055,0.131,77687.25
0.13434342,0.086177438,0.131,78336.367
0.13044201,0.083915822,0.131,79021.781
0.12699109,0.081654176,0.131,79691.438
0.1239903,0.079392515,0.131,80300.695
0.12138093,0.077130839,0.131,80804.25
0.1191119,0.074869156,0.131,81167.867
0.11713882,0.072607465,0.131,81368.352
0.11542311,0.070345767,0.131,81423.664
0.11393119,0.068084061,0.131,81346.938
0.11263386,0.065822348,0.131,81173.242
0.11150575,0.063560635,0.131,80931.883
0.11052479,0.061298922,0.131,80646.32
0.10967177,0.059037205,0.131,80331.078
0.10893002,0.056775481,0.131,79990.766
0.10828502,0.054513764,0.131,79630.938
0.2525,0.13837482,0.131,42647.434
0.24919999,0.13780582,0.131,43641.578
0.24534443,0.13715149,0.131,44837.031
0.24123327,0.13639903,0.131,46150.59
0.23712212,0.13553371,0.131,47501.535
0.23301098,0.13453862,0.131,48889.438
0.22889982,0.13339429,0.131,50315.426
0.2247887,0.1320783,0.131,51785.055
0.22067754,0.13056499,0.131,53307.238
0.21656638,0.12882468,0.131,54893.73
0.21245524,0.12682337,0.131,56563.531
0.20834409,0.12462224,0.131,58344.383
0.20423293,0.12236093,0.131,60245.945
0.20012179,0.12009958,0.131,62246.988
0.19601065,0.11783823,0.131,64296.656
0.19189948,0.11557685,0.131,66323.672
0.18778835,0.11331546,0.131,68249.5
0.1836772,0.11105405,0.131,69991.945
0.17956606,0.10879262,0.131,71485.945
0.1754549,0.10653117,0.131,72696.109
0.17134374,0.10426972,0.131,73631.734
0.1672326,0.10200824,0.131,74329.852
0.16312146,0.099746749,0.131,74855.234
0.15901031,0.097485229,0.131,75292.086
0.15489917,0.095223702,0.131,75708.141
0.15078801,0.092962146,0.131,76142.352
0.14667687,0.090700589,0.131,76615.07
0.14256571,0.08843901,0.131,77140.242
0.13845456,0.086177409,0.131,77724.875
0.13434342,0.083915792,0.131,78376.477
0.13044201,0.081654161,0.131,79065.867
0.12699109,0.079392508,0.131,79734.758
0.1239903,0.077130839,0.131,80329.016
0.12138093,0.074869156,0.131,80801.047
0.1191119,0.072607473,0.131,81120.203
0.11713882,0.070345774,0.131,81276.805
0.11542311,0.068084069,0.131,81287.039
0.11393119,0.065822363,0.131,81171.602
0.11263386,0.06356065,0.131,80964.828
0.11150575,0.061298933,0.131,80694.742
0.11052479,0.059037216,0.131,80381.812
0.10967177,0.056775495,0.131,80037.062
0.10893002,0.054513779,0.131,79668.508
0.10828502,0.052252054,0.131,79281.477
0.2525,0.1378058,0.131,42624.902
0.24919999,0.13715146,0.131,43615.301
0.24534443,0.13639899,0.131,44806.332
0.24123327,0.13553366,0.131,46114.734
0.23712212,0.13453856,0.131,47459.629
0.23301098,0.1333942,0.131,48840.508
0.22889982,0.1320782,0.131,50259.004
0.2247887,0.13056487,0.131,51722.316
0.22067754,0.12882453,0.131,53242.141
0.21656638,0.12682319,0.131,54834.652
0.21245524,0.12462206,0.131,56526.09
0.20834409,0.12236075,0.131,58342.016
0.20423293,0.12009941,0.131,60281.66
0.20012179,0.11783806,0.131,62316.098
0.19601065,0.1155767,0.131,64391.152
0.19189948,0.11331531,0.131,66436.969
0.18778835,0.11105391,0.131,68377.812
0.1836772,0.1087925,0.131,70131.773
0.17956606,0.10653107,0.131,71630.914
0.1754549,0.10426961,0.131,72837.875
0.17134374,0.10200814,0.131,73761.953
0.1672326,0.099746644,0.131,74442.742
0.16312146,0.097485147,0.131,74948.734
0.15901031,0.095223621,0.131,75368.453
0.15489917,0.092962086,0.131,75768.773
0.15078801,0.090700537,0.131,76189.562
0.14667687,0.088438958,0.131,76652.578
0.14256571,0.086177364,0.131,77172.25
0.13845456,0.083915763,0.131,77753.898
0.13434342,0.081654139,0.131,78405.062
0.13044201,0.0793925,0.131,79094.742
0.12699109,0.077130832,0.131,79755.094
0.1239903,0.074869156,0.131,80325.883
0.12138093,0.07260748,0.131,80758.719
0.1191119,0.070345782,0.131,81030.117
0.11713882,0.068084083,0.131,81139.758
0.11542311,0.06582237,0.131,81103.836
0.11393119,0.063560665,0.131,80949.664
0.11263386,0.061298952,0.131,80709.555
0.11150575,0.059037231,0.131,80409.297
0.11052479,0.05677551,0.131,80066.719
0.10967177,0.05451379,0.131,79694.68
0.10893002,0.052252069,0.131,79301.094
0.10828502,0.049990341,0.131,78888.961
0.2525,0.13715144,0.131,42598.734
0.24919999,0.13639894,0.131,43584.77
0.24534443,0.1355336,0.131,44770.641
0.24123327,0.13453847,0.131,46072.988
0.23712212,0.13339411,0.131,47410.719
0.23301098,0.13207811,0.131,48783.289
0.22889982,0.13056473,0.131,50193.195
0.2247887,0.12882438,0.131,51649.934
0.22067754,0.12682301,0.131,53169.125
0.21656638,0.12462188,0.131,54774.824
0.21245524,0.12236057,0.131,56495.473
0.20834409,0.12009925,0.131,58347.867
0.20423293,0.11783791,0.131,60323.52
0.20012179,0.11557655,0.131,62387.695
0.19601065,0.11331518,0.131,64485.375
0.19189948,0.11105378,0.131,66548.859
0.18778835,0.10879237,0.131,68504.516
0.1836772,0.10653095,0.131,70269.305
0.17956606,0.1042695,0.131,71772.18
0.1754549,0.10200804,0.131,72974.07
0.17134374,0.099746563,0.131,73885.562
0.1672326,0.097485065,0.131,74548.609
0.16312146,0.095223553,0.131,75036.547
0.15901031,0.092962027,0.131,75439.164
0.15489917,0.090700477,0.131,75823.789
0.15078801,0.088438913,0.131,76231.156
0.14667687,0.086177334,0.131,76684.617
0.14256571,0.083915725,0.131,77197.43
0.13845456,0.081654117,0.131,77774.445
0.13434342,0.079392478,0.131,78423.461
0.13044201,0.077130832,0.131,79107.844
0.12699109,0.074869171,0.131,79752.078
0.1239903,0.072607487,0.131,80290.883
0.12138093,0.070345797,0.131,80678.953
0.1191119,0.068084098,0.131,80898.773
0.11713882,0.065822393,0.131,80957.547
0.11542311,0.06356068,0.131,80875.633
0.11393119,0.061298966,0.131,80682.148
0.11263386,0.05903725,0.131,80407.727
0.11150575,0.056775533,0.131,80076.086
0.11052479,0.054513808,0.131,79706.461
0.10967177,0.052252084,0.131,79310.438
0.10893002,0.04999036,0.131,78894.539
0.10828502,0.047728635,0.131,78465.734
0.2525,0.13639891,0.131,42568.34
0.24919999,0.13553356,0.131,43549.27
0.24534443,0.13453841,0.131,44729.078
0.24123327,0.13339403,0.131,46024.27
0.23712212,0.13207801,0.131,47353.488
0.23301098,0.13056462,0.131,48716.246
0.22889982,0.12882423,0.131,50116.422
0.2247887,0.12682283,0.131,51566.969
0.22067754,0.12462169,0.131,53091.945
0.21656638,0.12236039,0.131,54719.645
0.21245524,0.12009908,0.131,56472.91
0.20834409,0.11783775,0.131,58361.141
0.20423293,0.1155764,0.131,60369.77
0.20012179,0.11331503,0.131,62460.359
0.19601065,0.11105365,0.131,64578.422
0.19189948,0.10879225,0.131,66658.867
0.18778835,0.10653083,0.131,68628.836
0.1836772,0.1042694,0.131,70403.555
0.17956606,0.10200794,0.131,71908.195
0.1754549,0.099746473,0.131,73103.422
0.17134374,0.097484991,0.131,74001.125
0.1672326,0.095223479,0.131,74647.094
0.16312146,0.092961952,0.131,75117.211
0.15901031,0.090700418,0.131,75503.336
0.15489917,0.088438861,0.131,75872.727
0.15078801,0.086177297,0.131,76267.148
0.14667687,0.083915696,0.131,76710.445
0.14256571,0.081654094,0.131,77215.547
0.13845456,0.07939247,0.131,77787.5
0.13434342,0.077130824,0.131,78431.383
0.13044201,0.074869171,0.131,79105.055
0.12699109,0.072607502,0.131,79725.484
0.1239903,0.070345812,0.131,80225.43
0.12138093,0.068084113,0.131,80562.812
0.1191119,0.065822408,0.131,80727.055
0.11713882,0.063560702,0.131,80732.789
0.11542311,0.061298985,0.131,80604.055
0.11393119,0.059037272,0.131,80370.258
0.11263386,0.056775548,0.131,80060.984
0.11150575,0.054513827,0.131,79701.031
0.11052479,0.052252103,0.131,79307.656
0.10967177,0.049990378,0.131,78890.977
0.10893002,0.047728654,0.131,78461.273
0.10828502,0.045466926,0.131,78016.734
0.2525,0.1355335,0.131,42532.973
0.24919999,0.13453835,0.131,43507.918
0.24534443,0.13339394,0.131,44680.578
0.24123327,0.1320779,0.131,45967.246
0.23712212,0.1305645,0.131,47286.34
0.23301098,0.1288241,0.131,48637.559
0.22889982,0.12682267,0.131,50027.152
0.2247887,0.12462151,0.131,51476.898
0.22067754,0.12236021,0.131,53016.949
0.21656638,0.12009891,0.131,54671.562
0.21245524,0.11783759,0.131,56458.25
0.20834409,0.11557625,0.131,58380.602
0.20423293,0.11331489,0.131,60418.859
0.20012179,0.11105352,0.131,62532.699
0.19601065,0.10879213,0.131,64669.602
0.19189948,0.10653071,0.131,66766.188
0.18778835,0.10426929,0.131,68750.039
0.1836772,0.10200784,0.131,70533.023
0.17956606,0.099746376,0.131,72037.719
0.1754549,0.097484902,0.131,73224.383
0.17134374,0.095223412,0.131,74108.258
0.1672326,0.092961892,0.131,74736.789
0.16312146,0.090700366,0.131,75189.734
0.15901031,0.088438824,0.131,75560.164
0.15489917,0.086177252,0.131,75915.094
0.15078801,0.083915666,0.131,76296.562
0.14667687,0.081654072,0.131,76729.469
0.14256571,0.079392456,0.131,77227.141
0.13845456,0.077130824,0.131,77792.75
0.13434342,0.074869171,0.131,78428.727
0.13044201,0.07260751,0.131,79086.164
0.12699109,0.070345826,0.131,79676.125
0.1239903,0.068084136,0.131,80130.227
0.12138093,0.06582243,0.131,80410.562
0.1191119,0.063560724,0.131,80516.547
0.11713882,0.061299011,0.131,80467.727
0.11542311,0.059037294,0.131,80291.016
0.11393119,0.05677557,0.131,80016.531
0.11263386,0.054513849,0.131,79675.664
0.11150575,0.052252125,0.131,79290.688
0.11052479,0.049990397,0.131,78877.016
0.10967177,0.047728673,0.131,78448.531
0.10893002,0.045466945,0.131,78005.852
0.10828502,0.043205217,0.131,77549.477
0.2525,0.13453829,0.131,42491.793
0.24919999,0.13339387,0.131,43459.672
0.24534443,0.13207781,0.131,44623.879
0.24123327,0.13056436,0.131,45900.367
0.23712212,0.12882395,0.131,47207.258
0.23301098,0.12682249,0.131,48545.117
0.22889982,0.12462132,0.131,49928.441
0.2247887,0.12236004,0.131,51386.625
0.22067754,0.12009875,0.131,52947.406
0.21656638,0.11783743,0.131,54631.055
0.21245524,0.1155761,0.131,56450.98
0.20834409,0.11331475,0.131,58404.898
0.20423293,0.11105338,0.131,60469.371
0.20012179,0.108792,0.131,62603.887
0.19601065,0.10653059,0.131,64758.164
0.19189948,0.10426918,0.131,66870.484
0.18778835,0.10200774,0.131,68866.93
0.1836772,0.099746287,0.131,70656.625
0.17956606,0.097484827,0.131,72159.156
0.1754549,0.09522333,0.131,73336.406
0.17134374,0.092961833,0.131,74205.219
0.1672326,0.090700306,0.131,74816.898
0.16312146,0.088438772,0.131,75253.5
0.15901031,0.086177222,0.131,75609.117
0.15489917,0.083915636,0.131,75949.773
0.15078801,0.081654057,0.131,76318.555
0.14667687,0.079392441,0.131,76741.883
0.14256571,0.077130817,0.131,77231.695
0.13845456,0.074869171,0.131,77790.094
0.13434342,0.072607517,0.131,78415.375
0.13044201,0.070345841,0.131,79051.773
0.12699109,0.068084151,0.131,79604.633
0.1239903,0.065822452,0.131,80005.039
0.12138093,0.063560754,0.131,80224.375
0.1191119,0.061299037,0.131,80269.875
0.11713882,0.05903732,0.131,80164.836
0.11542311,0.0567756,0.131,79939.109
0.11393119,0.054513872,0.131,79627.18
0.11263386,0.052252151,0.131,79258.164
0.11150575,0.049990423,0.131,78851.805
0.11052479,0.047728695,0.131,78426.867
0.10967177,0.045466963,0.131,77987.641
0.10893002,0.043205235,0.131,77535.336
0.10828502,0.040943507,0.131,77070.898
0.2525,0.13339379,0.131,42443.797
0.24919999,0.13207771,0.131,43403.305
0.24534443,0.13056424,0.131,44557.391
0.24123327,0.1288238,0.131,45821.664
0.23712212,0.12682232,0.131,47113.949
0.23301098,0.12462114,0.131,48441.586
0.22889982,0.12235987,0.131,49827.281
0.2247887,0.12009858,0.131,51299.902
0.22067754,0.11783727,0.131,52884.32
0.21656638,0.11557595,0.131,54598.215
0.21245524,0.11331461,0.131,56450.211
0.20834409,0.11105325,0.131,58432.613
0.20423293,0.10879187,0.131,60520.105
0.20012179,0.10653049,0.131,62673.176
0.19601065,0.10426906,0.131,64843.934
0.19189948,0.10200764,0.131,66970.781
0.18778835,0.099746197,0.131,68978.641
0.1836772,0.097484738,0.131,70772.805
0.17956606,0.095223255,0.131,72271.781
0.1754549,0.092961773,0.131,73437.562
0.17134374,0.090700246,0.131,74291.336
0.1672326,0.088438727,0.131,74886.664
0.16312146,0.08617717,0.131,75307.977
0.15901031,0.083915614,0.131,75648.945
0.15489917,0.081654027,0.131,75975.734
0.15078801,0.079392426,0.131,76332.93
0.14667687,0.077130817,0.131,76746.82
0.14256571,0.074869186,0.131,77228.906
0.13845456,0.072607532,0.131,77779.391
0.13434342,0.070345864,0.131,78391.625
0.13044201,0.06808418,0.131,79002.141
0.12699109,0.065822482,0.131,79509.773
0.1239903,0.063560784,0.131,79851.375
0.12138093,0.061299067,0.131,80006.844
0.1191119,0.059037354,0.131,79989.047
0.11713882,0.05677563,0.131,79826.211
0.11542311,0.054513905,0.131,79554.188
0.11393119,0.052252177,0.131,79208.32
0.11263386,0.049990449,0.131,78814.844
0.11150575,0.047728721,0.131,78396.062
0.11052479,0.045466993,0.131,77961.602
0.10967177,0.043205261,0.131,77514.773
0.10893002,0.040943526,0.131,77055.602
0.10828502,0.038681798,0.131,76586.039
0.2525,0.13207763,0.131,42387.715
0.24919999,0.13056412,0.131,43337.199
0.24534443,0.12882365,0.131,44479.168
0.24123327,0.12682214,0.131,45728.66
0.23712212,0.12462096,0.131,47008.691
0.23301098,0.12235969,0.131,48333.777
0.22889982,0.12009841,0.131,49727.535
0.2247887,0.11783712,0.131,51217.977
0.22067754,0.11557579,0.131,52828.379
0.21656638,0.11331446,0.131,54572.801
0.21245524,0.11105312,0.131,56454.77
0.20834409,0.10879175,0.131,58462.539
0.20423293,0.10653037,0.131,60570.055
0.20012179,0.10426897,0.131,62740.16
0.19601065,0.10200755,0.131,64926.059
0.19189948,0.099746108,0.131,67066.555
0.18778835,0.097484656,0.131,69083.945
0.1836772,0.095223188,0.131,70880.922
0.17956606,0.092961699,0.131,72373.695
0.1754549,0.090700194,0.131,73527.266
0.17134374,0.088438667,0.131,74365.914
0.1672326,0.086177133,0.131,74945.867
0.16312146,0.083915584,0.131,75351.984
0.15901031,0.081654012,0.131,75678.727
0.15489917,0.079392418,0.131,75992.727
0.15078801,0.077130809,0.131,76338.891
0.14667687,0.074869186,0.131,76743.977
0.14256571,0.072607547,0.131,77218.797
0.13845456,0.070345886,0.131,77760.938
0.13434342,0.06808421,0.131,78357.68
0.13044201,0.065822519,0.131,78935.766
0.12699109,0.063560814,0.131,79392.523
0.1239903,0.061299101,0.131,79670.695
0.12138093,0.059037384,0.131,79758.805
0.1191119,0.056775667,0.131,79675.75
0.11713882,0.054513939,0.131,79456.781
0.11542311,0.052252211,0.131,79142.0
0.11393119,0.049990479,0.131,78765.938
0.11263386,0.047728751,0.131,78356.695
0.11150575,0.045467019,0.131,77928.023
0.11052479,0.043205284,0.131,77487.383
0.10967177,0.040943552,0.131,77034.82
0.10893002,0.03868182,0.131,76571.023
0.10828502,0.036420088,0.131,76097.359
0.2525,0.13056403,0.131,42322.051
0.24919999,0.12882352,0.131,43259.598
0.24534443,0.12682196,0.131,44386.898
0.24123327,0.12462077,0.131,45623.324
0.23712212,0.12235951,0.131,46897.844
0.23301098,0.12009824,0.131,48225.434
0.22889982,0.11783696,0.131,49630.586
0.2247887,0.11557564,0.131,51141.977
0.22067754,0.11331432,0.131,52779.855
0.21656638,0.11105298,0.131,54554.199
0.21245524,0.10879163,0.131,56463.582
0.20834409,0.10653025,0.131,58493.336
0.20423293,0.10426886,0.131,60618.742
0.20012179,0.10200745,0.131,62804.242
0.19601065,0.099746019,0.131,65004.465
0.19189948,0.097484574,0.131,67156.945
0.18778835,0.095223114,0.131,69182.258
0.1836772,0.092961632,0.131,70979.117
0.17956606,0.090700142,0.131,72463.969
0.1754549,0.08843863,0.131,73604.547
0.17134374,0.086177096,0.131,74428.812
0.1672326,0.083915547,0.131,74993.57
0.16312146,0.081653982,0.131,75384.844
0.15901031,0.079392411,0.131,75698.188
0.15489917,0.077130802,0.131,75999.969
0.15078801,0.074869186,0.131,76336.039
0.14667687,0.072607554,0.131,76733.312
0.14256571,0.070345908,0.131,77201.578
0.13845456,0.06808424,0.131,77735.062
0.13434342,0.065822557,0.131,78312.008
0.13044201,0.063560851,0.131,78853.0
0.12699109,0.061299145,0.131,79253.109
0.1239903,0.059037425,0.131,79463.734
0.12138093,0.056775704,0.131,79481.531
0.1191119,0.054513976,0.131,79333.523
0.11713882,0.052252248,0.131,79061.367
0.11542311,0.04999052,0.131,78707.898
0.11393119,0.047728781,0.131,78310.062
0.11263386,0.045467053,0.131,77888.289
0.11150575,0.043205313,0.131,77453.883
0.11052479,0.040943578,0.131,77008.43
0.10967177,0.03868185,0.131,76551.461
0.10893002,0.036420114,0.131,76083.734
0.10828502,0.034158383,0.131,75606.602
0.2525,0.1288234,0.131,42244.969
0.24919999,0.1268218,0.131,43168.055
0.24534443,0.12462059,0.131,44282.406
0.24123327,0.12235934,0.131,45511.898
0.23712212,0.12009808,0.131,46784.953
0.23301098,0.11783679,0.131,48117.762
0.22889982,0.11557549,0.131,49537.832
0.2247887,0.11331418,0.131,51072.754
0.22067754,0.11105285,0.131,52738.727
0.21656638,0.1087915,0.131,54541.508
0.21245524,0.10653013,0.131,56475.273
0.20834409,0.10426875,0.131,58524.438
0.20423293,0.10200734,0.131,60665.531
0.20012179,0.099745929,0.131,62865.332
0.19601065,0.097484492,0.131,65078.355
0.19189948,0.095223039,0.131,67241.523
0.18778835,0.092961565,0.131,69271.852
0.1836772,0.090700082,0.131,71066.562
0.17956606,0.088438578,0.131,72541.797
0.1754549,0.086177059,0.131,73669.5
0.17134374,0.083915517,0.131,74479.258
0.1672326,0.081653967,0.131,75029.086
0.16312146,0.079392388,0.131,75406.219
0.15901031,0.077130802,0.131,75706.602
0.15489917,0.074869201,0.131,75997.109
0.15078801,0.072607569,0.131,76324.352
0.14667687,0.070345923,0.131,76715.258
0.14256571,0.06808427,0.131,77178.055
0.13845456,0.065822594,0.131,77700.539
0.13434342,0.063560896,0.131,78254.766
0.13044201,0.06129919,0.131,78753.148
0.12699109,0.059037473,0.131,79091.195
0.1239903,0.056775752,0.131,79230.625
0.12138093,0.054514024,0.131,79177.055
0.1191119,0.052252293,0.131,78965.766
0.11713882,0.049990557,0.131,78644.289
0.11542311,0.047728822,0.131,78260.531
0.11393119,0.045467086,0.131,77845.008
0.11263386,0.043205351,0.131,77415.945
0.11150575,0.040943611,0.131,76977.281
0.11052479,0.03868188,0.131,76527.602
0.10967177,0.03642014,0.131,76066.43
0.10893002,0.034158401,0.131,75595.258
0.10828502,0.031896673,0.131,75114.266
0.2525,0.12682167,0.131,42154.184
0.24919999,0.12462041,0.131,43064.547
0.24534443,0.12235916,0.131,44171.621
0.24123327,0.12009791,0.131,45397.492
0.23712212,0.11783663,0.131,46670.996
0.23301098,0.11557535,0.131,48012.176
0.22889982,0.11331405,0.131,49450.5
0.2247887,0.11105271,0.131,51010.797
0.22067754,0.10879137,0.131,52704.629
0.21656638,0.10653002,0.131,54533.602
0.21245524,0.10426864,0.131,56488.926
0.20834409,0.10200725,0.131,58554.852
0.20423293,0.09974584,0.131,60710.246
0.20012179,0.09748441,0.131,62923.023
0.19601065,0.095222972,0.131,65147.664
0.19189948,0.092961505,0.131,67318.875
0.18778835,0.09070003,0.131,69351.961
0.1836772,0.088438533,0.131,71142.133
0.17956606,0.086177021,0.131,72607.078
0.1754549,0.083915487,0.131,73721.297
0.17134374,0.081653945,0.131,74516.82
0.1672326,0.079392381,0.131,75052.148
0.16312146,0.077130795,0.131,75415.516
0.15901031,0.074869201,0.131,75703.672
0.15489917,0.072607584,0.131,75984.164
0.15078801,0.070345946,0.131,76304.305
0.14667687,0.0680843,0.131,76690.711
0.14256571,0.065822631,0.131,77147.32
0.13845456,0.063560948,0.131,77657.75
0.13434342,0.061299242,0.131,78185.164
0.13044201,0.059037529,0.131,78634.906
0.12699109,0.056775805,0.131,78906.391
0.1239903,0.054514073,0.131,78972.328
0.12138093,0.052252341,0.131,78847.32
0.1191119,0.049990606,0.131,78575.422
0.11713882,0.047728866,0.131,78213.039
0.11542311,0.045467127,0.131,77803.992
0.11393119,0.043205388,0.131,77377.156
0.11263386,0.040943649,0.131,76943.117
0.11150575,0.038681909,0.131,76500.344
0.11052479,0.036420174,0.131,76046.133
0.10967177,0.034158435,0.131,75581.016
0.10893002,0.031896695,0.131,75106.102
0.10828502,0.029634962,0.131,74620.078
0.2525,0.12462026,0.131,42051.688
0.24919999,0.122359,0.131,42954.906
0.24534443,0.12009774,0.131,44057.547
0.24123327,0.11783648,0.131,45280.832
0.23712212,0.11557519,0.131,46557.125
0.23301098,0.1133139,0.131,47910.148
0.22889982,0.11105259,0.131,49369.691
0.2247887,0.10879125,0.131,50956.242
0.22067754,0.1065299,0.131,52676.75
0.21656638,0.10426854,0.131,54529.566
0.21245524,0.10200715,0.131,56503.527
0.20834409,0.09974575,0.131,58584.434
0.20423293,0.097484328,0.131,60752.539
0.20012179,0.095222898,0.131,62977.199
0.19601065,0.092961438,0.131,65211.145
0.19189948,0.090699971,0.131,67388.375
0.18778835,0.088438496,0.131,69421.625
0.1836772,0.086176984,0.131,71205.797
0.17956606,0.083915457,0.131,72659.07
0.1754549,0.081653923,0.131,73759.75
0.17134374,0.079392366,0.131,74541.078
0.1672326,0.077130795,0.131,75062.234
0.16312146,0.074869201,0.131,75412.469
0.15901031,0.072607599,0.131,75689.391
0.15489917,0.070345968,0.131,75961.469
0.15078801,0.068084329,0.131,76276.773
0.14667687,0.065822668,0.131,76659.297
0.14256571,0.063560992,0.131,77110.133
0.13845456,0.061299302,0.131,77606.164
0.13434342,0.059037592,0.131,78101.797
0.13044201,0.056775864,0.131,78497.102
0.12699109,0.054514132,0.131,78699.195
0.1239903,0.052252397,0.131,78689.594
0.12138093,0.049990661,0.131,78493.609
0.1191119,0.047728918,0.131,78168.641
0.11713882,0.045467176,0.131,77771.102
0.11542311,0.043205433,0.131,77344.422
0.11393119,0.04094369,0.131,76910.156
0.11263386,0.038681947,0.131,76471.57
0.11150575,0.036420207,0.131,76023.859
0.11052479,0.034158468,0.131,75564.977
0.10967177,0.031896729,0.131,75095.898
0.10893002,0.02963499,0.131,74616.07
0.10828502,0.027373252,0.131,74123.414
0.2525,0.12235886,0.131,41943.348
0.24919999,0.12009758,0.131,42841.977
0.24534443,0.11783632,0.131,43940.559
0.24123327,0.11557505,0.131,45162.816
0.23712212,0.11331376,0.131,46444.816
0.23301098,0.11105245,0.131,47813.121
0.22889982,0.10879113,0.131,49296.059
0.2247887,0.10652978,0.131,50908.82
0.22067754,0.10426842,0.131,52654.418
0.21656638,0.10200705,0.131,54528.152
0.21245524,0.099745661,0.131,56518.648
0.20834409,0.097484246,0.131,58612.59
0.20423293,0.095222823,0.131,60792.387
0.20012179,0.092961371,0.131,63026.855
0.19601065,0.090699919,0.131,65268.441
0.19189948,0.088438436,0.131,67449.164
0.18778835,0.086176947,0.131,69480.578
0.1836772,0.083915427,0.131,71256.695
0.17956606,0.0816539,0.131,72697.734
0.1754549,0.079392351,0.131,73784.555
0.17134374,0.077130787,0.131,74551.711
0.1672326,0.074869201,0.131,75058.984
0.16312146,0.072607607,0.131,75397.0
0.15901031,0.07034599,0.131,75664.078
0.15489917,0.068084359,0.131,75929.859
0.15078801,0.065822706,0.131,76241.766
0.14667687,0.063561045,0.131,76622.031
0.14256571,0.061299354,0.131,77066.406
0.13845456,0.059037652,0.131,77544.82
0.13434342,0.056775935,0.131,78003.266
0.13044201,0.054514203,0.131,78339.305
0.12699109,0.052252464,0.131,78468.945
0.1239903,0.049990725,0.131,78381.828
0.12138093,0.047728978,0.131,78120.438
0.1191119,0.045467228,0.131,77748.273
0.11713882,0.043205485,0.131,77324.453
0.11542311,0.040943738,0.131,76885.758
0.11393119,0.038681991,0.131,76445.742
0.11263386,0.036420248,0.131,76001.672
0.11150575,0.034158505,0.131,75548.422
0.11052479,0.031896763,0.131,75084.859
0.10967177,0.02963502,0.131,74610.75
0.10893002,0.027373282,0.131,74124.492
0.10828502,0.025172221,0.131,73637.172
0.2525,0.12009744,0.131,41831.914
0.24919999,0.11783617,0.131,42725.992
0.24534443,0.1155749,0.131,43821.355
0.24123327,0.11331362,0.131,45044.691
0.23712212,0.11105231,0.131,46335.613
0.23301098,0.10879099,0.131,47722.332
0.22889982,0.10652967,0.131,49229.906
0.2247887,0.10426832,0.131,50868.188
0.22067754,0.10200695,0.131,52636.477
0.21656638,0.099745572,0.131,54528.777
0.21245524,0.097484171,0.131,56533.562
0.20834409,0.095222749,0.131,58639.32
0.20423293,0.092961311,0.131,60828.957
0.20012179,0.090699859,0.131,63071.703
0.19601065,0.088438392,0.131,65318.621
0.19189948,0.086176902,0.131,67500.953
0.18778835,0.083915398,0.131,69528.031
0.1836772,0.081653878,0.131,71294.727
0.17956606,0.079392336,0.131,72722.664
0.1754549,0.077130787,0.131,73795.414
0.17134374,0.074869215,0.131,74548.43
0.1672326,0.072607622,0.131,75042.492
0.16312146,0.070346013,0.131,75369.555
0.15901031,0.068084389,0.131,75628.5
0.15489917,0.06582275,0.131,75889.508
0.15078801,0.063561089,0.131,76200.422
0.14667687,0.06129941,0.131,76579.164
0.14256571,0.059037719,0.131,77015.484
0.13845456,0.05677601,0.131,77472.781
0.13434342,0.054514281,0.131,77888.883
0.13044201,0.052252542,0.131,78161.195
0.12699109,0.049990796,0.131,78213.93
0.1239903,0.047729045,0.131,78051.82
0.12138093,0.045467298,0.131,77729.789
0.1191119,0.043205544,0.131,77320.039
0.11713882,0.040943794,0.131,76877.188
0.11542311,0.038682044,0.131,76430.141
0.11393119,0.036420297,0.131,75984.141
0.11263386,0.03415855,0.131,75533.609
0.11150575,0.031896804,0.131,75074.578
0.11052479,0.029635059,0.131,74605.617
0.10967177,0.027373314,0.131,74125.234
0.10893002,0.025172248,0.131,73644.203
0.10828502,0.023171455,0.131,73192.023
0.2525,0.11783604,0.131,41717.48
0.24919999,0.11557475,0.131,42607.418
0.24534443,0.11331347,0.131,43700.949
0.24123327,0.11105219,0.131,44927.918
0.23712212,0.10879087,0.131,46231.062
0.23301098,0.10652956,0.131,47638.664
0.22889982,0.10426822,0.131,49171.336
0.2247887,0.10200685,0.131,50833.496
0.22067754,0.099745482,0.131,52622.336
0.21656638,0.097484089,0.131,54530.668
0.21245524,0.095222682,0.131,56548.121
0.20834409,0.092961252,0.131,58663.805
0.20423293,0.090699807,0.131,60861.922
0.20012179,0.08843834,0.131,63111.086
0.19601065,0.086176857,0.131,65361.633
0.19189948,0.083915375,0.131,67542.867
0.18778835,0.081653863,0.131,69563.656
0.1836772,0.079392329,0.131,71319.414
0.17956606,0.07713078,0.131,72733.766
0.1754549,0.074869215,0.131,73792.328
0.17134374,0.072607636,0.131,74531.305
0.1672326,0.070346035,0.131,75013.109
0.16312146,0.068084419,0.131,75330.68
0.15901031,0.065822788,0.131,75582.852
0.15489917,0.063561134,0.131,75841.586
0.15078801,0.061299466,0.131,76153.336
0.14667687,0.059037782,0.131,76530.328
0.14256571,0.056776084,0.131,76957.062
0.13845456,0.054514363,0.131,77389.359
0.13434342,0.052252628,0.131,77757.586
0.13044201,0.049990878,0.131,77960.945
0.12699109,0.047729123,0.131,77935.648
0.1239903,0.045467369,0.131,77700.438
0.12138093,0.043205615,0.131,77326.984
0.1191119,0.040943857,0.131,76888.273
0.11713882,0.038682103,0.131,76432.211
0.11542311,0.036420353,0.131,75978.109
0.11393119,0.034158599,0.131,75525.266
0.11263386,0.031896852,0.131,75067.828
0.11150575,0.029635102,0.131,74602.406
0.11052479,0.027373353,0.131,74126.984
0.10967177,0.02517228,0.131,73651.844
0.10893002,0.023171479,0.131,73205.383
0.10828502,0.021431658,0.131,72801.945
0.2525,0.11557464,0.131,41600.383
0.24919999,0.11331333,0.131,42486.996
0.24534443,0.11105205,0.131,43580.574
0.24123327,0.10879075,0.131,44814.121
0.23712212,0.10652944,0.131,46132.512
0.23301098,0.1042681,0.131,47562.801
0.22889982,0.10200676,0.131,49119.949
0.2247887,0.099745385,0.131,50804.238
0.22067754,0.097484007,0.131,52611.074
0.21656638,0.0952226,0.131,54533.527
0.21245524,0.092961185,0.131,56561.57
0.20834409,0.090699747,0.131,58685.969
0.20423293,0.088438302,0.131,60890.797
0.20012179,0.086176828,0.131,63144.84
0.19601065,0.083915338,0.131,65396.625
0.19189948,0.081653833,0.131,67574.523
0.18778835,0.079392314,0.131,69586.953
0.1836772,0.077130772,0.131,71330.531
0.17956606,0.074869215,0.131,72730.906
0.1754549,0.072607644,0.131,73775.164
0.17134374,0.070346057,0.131,74500.664
0.1672326,0.068084449,0.131,74971.422
0.16312146,0.065822825,0.131,75280.719
0.15901031,0.063561186,0.131,75528.227
0.15489917,0.061299521,0.131,75787.031
0.15078801,0.059037846,0.131,76100.445
0.14667687,0.056776155,0.131,76475.703
0.14256571,0.054514445,0.131,76890.75
0.13845456,0.052252717,0.131,77293.727
0.13434342,0.049990971,0.131,77607.5
0.13044201,0.047729213,0.131,77738.344
0.12699109,0.045467455,0.131,77633.273
0.1239903,0.043205697,0.131,77332.016
0.12138093,0.040943936,0.131,76916.391
0.1191119,0.03868217,0.131,76456.703
0.11713882,0.036420412,0.131,75990.812
0.11542311,0.034158658,0.131,75529.633
0.11393119,0.0318969,0.131,75069.383
0.11263386,0.029635146,0.131,74604.523
0.11150575,0.0273734,0.131,74132.039
0.11052479,0.025172317,0.131,73661.609
0.10967177,0.023171505,0.131,73220.336
0.10893002,0.021431679,0.131,72821.57
0.10828502,0.019918792,0.131,72460.203
0.2525,0.11331323,0.131,41481.133
0.24919999,0.11105192,0.131,42365.715
0.24534443,0.10879062,0.131,43461.676
0.24123327,0.10652932,0.131,44704.793
0.23712212,0.104268,0.131,46041.277
0.23301098,0.10200666,0.131,47494.949
0.22889982,0.099745296,0.131,49075.488
0.2247887,0.097483926,0.131,50779.559
0.22067754,0.095222533,0.131,52602.336
0.21656638,0.092961118,0.131,54536.543
0.21245524,0.090699695,0.131,56573.844
0.20834409,0.08843825,0.131,58705.258
0.20423293,0.08617679,0.131,60915.539
0.20012179,0.083915308,0.131,63172.32
0.19601065,0.081653818,0.131,65423.117
0.19189948,0.079392299,0.131,67595.312
0.18778835,0.077130772,0.131,69597.625
0.1836772,0.07486923,0.131,71327.945
0.17956606,0.072607659,0.131,72714.016
0.1754549,0.070346072,0.131,73744.25
0.17134374,0.068084478,0.131,74456.992
0.1672326,0.065822862,0.131,74917.734
0.16312146,0.063561231,0.131,75220.438
0.15901031,0.061299577,0.131,75465.609
0.15489917,0.059037913,0.131,75726.188
0.15078801,0.056776226,0.131,76042.383
0.14667687,0.054514524,0.131,76415.172
0.14256571,0.052252803,0.131,76816.367
0.13845456,0.049991071,0.131,77183.68
0.13434342,0.047729317,0.131,77438.617
0.13044201,0.045467552,0.131,77492.016
0.12699109,0.043205786,0.131,77309.828
0.1239903,0.040944017,0.131,76950.656
0.12138093,0.038682248,0.131,76502.469
0.1191119,0.036420487,0.131,76027.695
0.11713882,0.034158722,0.131,75553.75
0.11542311,0.031896964,0.131,75085.016
0.11393119,0.029635204,0.131,74616.727
0.11263386,0.027373448,0.131,74144.156
0.11150575,0.025172358,0.131,73676.211
0.11052479,0.023171537,0.131,73238.742
0.10967177,0.021431699,0.131,72843.984
0.10893002,0.019918811,0.131,72486.133
0.10828502,0.018603256,0.131,72160.914
0.2525,0.11105181,0.131,41360.473
0.24919999,0.10879051,0.131,42244.793
0.24534443,0.10652921,0.131,43345.715
0.24123327,0.10426789,0.131,44601.559
0.23712212,0.10200656,0.131,45958.031
0.23301098,0.099745214,0.131,47435.172
0.22889982,0.097483836,0.131,49037.215
0.2247887,0.095222458,0.131,50759.039
0.22067754,0.092961058,0.131,52595.215
0.21656638,0.090699635,0.131,54539.602
0.21245524,0.088438205,0.131,56584.508
0.20834409,0.086176753,0.131,58721.809
0.20423293,0.083915278,0.131,60935.598
0.20012179,0.081653796,0.131,63193.168
0.19601065,0.079392292,0.131,65440.566
0.19189948,0.077130765,0.131,67604.922
0.18778835,0.07486923,0.131,69595.359
0.1836772,0.072607674,0.131,71311.633
0.17956606,0.070346102,0.131,72683.352
0.1754549,0.068084508,0.131,73699.805
0.17134374,0.065822899,0.131,74400.578
0.1672326,0.063561283,0.131,74852.664
0.16312146,0.061299637,0.131,75150.852
0.15901031,0.059037976,0.131,75395.516
0.15489917,0.0567763,0.131,75660.0
0.15078801,0.054514606,0.131,75979.336
0.14667687,0.052252896,0.131,76349.07
0.14256571,0.049991168,0.131,76731.93
0.13845456,0.047729425,0.131,77058.305
0.13434342,0.04546766,0.131,77249.195
0.13044201,0.043205887,0.131,77223.328
0.12699109,0.040944114,0.131,76968.367
0.1239903,0.038682338,0.131,76561.078
0.12138093,0.036420569,0.131,76088.703
0.1191119,0.0341588,0.131,75603.031
0.11713882,0.031897031,0.131,75121.523
0.11542311,0.029635269,0.131,74644.555
0.11393119,0.027373508,0.131,74168.023
0.11263386,0.025172405,0.131,73699.375
0.11150575,0.02317157,0.131,73263.477
0.11052479,0.021431727,0.131,72871.234
0.10967177,0.019918825,0.131,72515.992
0.10893002,0.018603269,0.131,72193.055
0.10828502,0.017459312,0.131,71899.055
0.2525,0.10879041,0.131,41239.441
0.24919999,0.10652909,0.131,42125.555
0.24534443,0.10426779,0.131,43234.355
0.24123327,0.10200646,0.131,44505.543
0.23712212,0.099745125,0.131,45883.422
0.23301098,0.097483762,0.131,47383.09
0.22889982,0.095222384,0.131,49004.723
0.2247887,0.092960991,0.131,50741.73
0.22067754,0.090699583,0.131,52589.57
0.21656638,0.088438153,0.131,54542.344
0.21245524,0.086176716,0.131,56593.691
0.20834409,0.083915249,0.131,58735.113
0.20423293,0.081653774,0.131,60950.805
0.20012179,0.079392277,0.131,63206.797
0.19601065,0.077130765,0.131,65448.637
0.19189948,0.07486923,0.131,67602.992
0.18778835,0.072607689,0.131,69580.156
0.1836772,0.070346124,0.131,71281.805
0.17956606,0.068084538,0.131,72639.172
0.1754549,0.065822944,0.131,73642.25
0.17134374,0.063561328,0.131,74331.883
0.1672326,0.061299689,0.131,74777.078
0.16312146,0.059038039,0.131,75072.336
0.15901031,0.056776375,0.131,75319.172
0.15489917,0.054514688,0.131,75588.953
0.15078801,0.052252986,0.131,75912.07
0.14667687,0.049991269,0.131,76275.914
0.14256571,0.047729533,0.131,76636.203
0.13845456,0.045467783,0.131,76915.969
0.13434342,0.043206006,0.131,77038.789
0.13044201,0.040944226,0.131,76933.273
0.12699109,0.038682442,0.131,76613.047
0.1239903,0.036420666,0.131,76167.711
0.12138093,0.034158885,0.131,75678.234
0.1191119,0.031897113,0.131,75183.953
0.11713882,0.029635342,0.131,74694.578
0.11542311,0.027373573,0.131,74209.156
0.11393119,0.025172461,0.131,73735.766
0.11263386,0.023171611,0.131,73298.164
0.11150575,0.021431755,0.131,72906.094
0.11052479,0.019918848,0.131,72551.984
0.10967177,0.018603284,0.131,72230.188
0.10893002,0.017459324,0.131,71937.156
0.10828502,0.016464578,0.131,71670.133
0.2525,0.106529,0.131,41119.152
0.24919999,0.10426768,0.131,42009.598
0.24534443,0.10200636,0.131,43128.957
0.24123327,0.099745028,0.131,44417.824
0.23712212,0.09748368,0.131,45817.402
0.23301098,0.095222309,0.131,47338.312
0.22889982,0.092960924,0.131,48977.082
0.2247887,0.090699524,0.131,50727.43
0.22067754,0.088438109,0.131,52584.934
0.21656638,0.086176664,0.131,54544.91
0.21245524,0.083915219,0.131,56601.039
0.20834409,0.081653751,0.131,58745.109
0.20423293,0.079392262,0.131,60960.621
0.20012179,0.077130757,0.131,63213.035
0.19601065,0.07486923,0.131,65446.969
0.19189948,0.072607696,0.131,67589.492
0.18778835,0.070346147,0.131,69552.406
0.1836772,0.068084568,0.131,71238.789
0.17956606,0.065822981,0.131,72581.758
0.1754549,0.063561372,0.131,73571.641
0.17134374,0.061299749,0.131,74251.562
0.1672326,0.05903811,0.131,74691.047
0.16312146,0.056776449,0.131,74985.977
0.15901031,0.054514769,0.131,75237.242
0.15489917,0.052253075,0.131,75514.164
0.15078801,0.049991366,0.131,75839.391
0.14667687,0.047729641,0.131,76194.906
0.14256571,0.045467895,0.131,76527.539
0.13845456,0.043206133,0.131,76756.461
0.13434342,0.040944353,0.131,76806.891
0.13044201,0.038682561,0.131,76624.602
0.12699109,0.036420774,0.131,76248.352
0.1239903,0.03415899,0.131,75774.695
0.12138093,0.031897206,0.131,75273.328
0.1191119,0.029635426,0.131,74771.234
0.11713882,0.027373651,0.131,74273.758
0.11542311,0.025172524,0.131,73791.062
0.11393119,0.023171656,0.131,73347.305
0.11263386,0.021431789,0.131,72952.055
0.11150575,0.019918872,0.131,72596.711
0.11052479,0.018603303,0.131,72274.586
0.10967177,0.017459335,0.131,71981.258
0.10893002,0.016464587,0.131,71713.898
0.10828502,0.015599592,0.131,71470.211
0.2525,0.10426759,0.131,41001.125
0.24919999,0.10200627,0.131,41898.336
0.24534443,0.099744938,0.131,43030.922
0.24123327,0.09748359,0.131,44338.848
0.23712212,0.095222235,0.131,45759.965
0.23301098,0.092960857,0.131,47299.98
0.22889982,0.090699472,0.131,48953.941
0.2247887,0.088438064,0.131,50715.551
0.22067754,0.086176634,0.131,52581.426
0.21656638,0.083915189,0.131,54546.961
0.21245524,0.081653729,0.131,56606.535
0.20834409,0.079392247,0.131,58751.461
0.20423293,0.07713075,0.131,60964.977
0.20012179,0.074869245,0.131,63211.582
0.19601065,0.072607711,0.131,65435.535
0.19189948,0.070346162,0.131,67564.789
0.18778835,0.068084598,0.131,69512.328
0.1836772,0.065823019,0.131,71182.914
0.17956606,0.063561417,0.131,72511.148
0.1754549,0.061299801,0.131,73488.805
0.17134374,0.05903817,0.131,74159.688
0.1672326,0.05677652,0.131,74595.711
0.16312146,0.054514855,0.131,74892.523
0.15901031,0.052253168,0.131,75151.078
0.15489917,0.049991466,0.131,75434.602
0.15078801,0.047729746,0.131,75760.93
0.14667687,0.045468014,0.131,76104.758
0.14256571,0.04320626,0.131,76404.664
0.13845456,0.040944487,0.131,76578.406
0.13434342,0.038682699,0.131,76554.492
0.13044201,0.0364209,0.131,76300.336
0.12699109,0.034159105,0.131,75878.984
0.1239903,0.03189731,0.131,75385.562
0.12138093,0.029635523,0.131,74875.242
0.1191119,0.027373739,0.131,74365.586
0.11713882,0.025172597,0.131,73870.781
0.11542311,0.02317171,0.131,73416.484
0.11393119,0.021431828,0.131,73013.43
0.11263386,0.0199189,0.131,72653.484
0.11150575,0.018603323,0.131,72328.742
0.11052479,0.01745935,0.131,72033.578
0.10967177,0.016464597,0.131,71764.508
0.10893002,0.015599599,0.131,71519.328
0.10828502,0.014847429,0.131,71295.922
0.2525,0.10200619,0.131,40886.719
0.24919999,0.099744849,0.131,41793.285
0.24534443,0.097483516,0.131,42941.117
0.24123327,0.09522216,0.131,44269.0
0.23712212,0.092960797,0.131,45710.352
0.23301098,0.090699419,0.131,47267.676
0.22889982,0.088438012,0.131,48934.691
0.2247887,0.086176589,0.131,50706.105
0.22067754,0.083915159,0.131,52578.648
0.21656638,0.081653707,0.131,54548.449
0.21245524,0.079392239,0.131,56609.855
0.20834409,0.07713075,0.131,58754.105
0.20423293,0.074869245,0.131,60963.641
0.20012179,0.072607726,0.131,63202.336
0.19601065,0.070346184,0.131,65414.707
0.19189948,0.068084627,0.131,67529.227
0.18778835,0.065823056,0.131,69460.469
0.1836772,0.063561469,0.131,71114.352
0.17956606,0.06129986,0.131,72428.016
0.1754549,0.059038233,0.131,73393.531
0.17134374,0.056776591,0.131,74057.141
0.1672326,0.054514933,0.131,74491.57
0.16312146,0.052253257,0.131,74793.641
0.15901031,0.049991567,0.131,75060.062
0.15489917,0.047729857,0.131,75350.203
0.15078801,0.045468125,0.131,75675.672
0.14667687,0.043206383,0.131,76004.406
0.14256571,0.040944621,0.131,76266.258
0.13845456,0.038682837,0.131,76380.43
0.13434342,0.036421046,0.131,76282.062
0.13044201,0.034159239,0.131,75964.688
0.12699109,0.031897433,0.131,75509.273
0.1239903,0.029635634,0.131,75002.422
0.12138093,0.027373843,0.131,74484.844
0.1191119,0.025172681,0.131,73978.109
0.11713882,0.023171771,0.131,73510.617
0.11542311,0.021431873,0.131,73095.383
0.11393119,0.019918934,0.131,72726.289
0.11263386,0.018603345,0.131,72395.641
0.11150575,0.017459366,0.131,72096.477
0.11052479,0.016464608,0.131,71824.141
0.10967177,0.015599606,0.131,71575.945
0.10893002,0.014847435,0.131,71349.898
0.10828502,0.014193377,0.131,71144.102
0.2525,0.099744782,0.131,40777.551
0.24919999,0.097483434,0.131,41695.637
0.24534443,0.095222093,0.131,42860.352
0.24123327,0.09296073,0.131,44208.008
0.23712212,0.09069936,0.131,45668.273
0.23301098,0.088437974,0.131,47240.699
0.22889982,0.086176552,0.131,48919.191
0.2247887,0.083915129,0.131,50698.656
0.22067754,0.081653684,0.131,52576.547
0.21656638,0.079392225,0.131,54549.148
0.21245524,0.077130742,0.131,56610.992
0.20834409,0.074869245,0.131,58752.859
0.20423293,0.072607733,0.131,60956.582
0.20012179,0.070346214,0.131,63185.73
0.19601065,0.068084657,0.131,65384.812
0.19189948,0.065823093,0.131,67483.453
0.18778835,0.063561514,0.131,69397.055
0.1836772,0.061299913,0.131,71033.852
0.17956606,0.059038304,0.131,72332.359
0.1754549,0.056776665,0.131,73287.031
0.17134374,0.054515015,0.131,73944.523
0.1672326,0.052253351,0.131,74380.375
0.16312146,0.049991664,0.131,74688.961
0.15901031,0.047729962,0.131,74964.234
0.15489917,0.045468245,0.131,75260.172
0.15078801,0.043206505,0.131,75583.188
0.14667687,0.040944755,0.131,75892.031
0.14256571,0.038682982,0.131,76110.984
0.13845456,0.036421195,0.131,76161.406
0.13434342,0.034159388,0.131,75991.922
0.13044201,0.031897575,0.131,75621.75
0.12699109,0.029635763,0.131,75142.352
0.1239903,0.027373958,0.131,74626.57
0.12138093,0.025172777,0.131,74112.461
0.1191119,0.02317184,0.131,73632.234
0.11713882,0.021431923,0.131,73202.398
0.11542311,0.019918971,0.131,72819.805
0.11393119,0.018603371,0.131,72478.891
0.11263386,0.017459385,0.131,72172.672
0.11150575,0.016464621,0.131,71895.07
0.11052479,0.015599615,0.131,71642.234
0.10967177,0.014847441,0.131,71411.945
0.10893002,0.01419338,0.131,71202.531
0.10828502,0.013624634,0.131,71012.062
0.2525,0.097483367,0.131,40674.938
0.24919999,0.095222026,0.131,41606.5
0.24534443,0.092960671,0.131,42788.77
0.24123327,0.0906993,0.131,44155.738
0.23712212,0.088437922,0.131,45633.023
0.23301098,0.086176515,0.131,47218.855
0.22889982,0.0839151,0.131,48906.973
0.2247887,0.081653669,0.131,50693.098
0.22067754,0.07939221,0.131,52574.859
0.21656638,0.077130742,0.131,54548.98
0.21245524,0.07486926,0.131,56609.738
0.20834409,0.072607748,0.131,58747.621
0.20423293,0.070346221,0.131,60944.016
0.20012179,0.068084687,0.131,63161.879
0.19601065,0.065823138,0.131,65346.453
0.19189948,0.063561559,0.131,67427.75
0.18778835,0.061299976,0.131,69322.961
0.1836772,0.059038363,0.131,70941.461
0.17956606,0.05677674,0.131,72225.43
0.1754549,0.054515097,0.131,73169.781
0.17134374,0.05225344,0.131,73823.789
0.1672326,0.04999176,0.131,74262.219
0.16312146,0.047730073,0.131,74578.914
0.15901031,0.045468356,0.131,74863.109
0.15489917,0.043206632,0.131,75164.406
0.15078801,0.040944885,0.131,75482.07
0.14667687,0.038683124,0.131,75765.883
0.14256571,0.036421344,0.131,75937.273
0.13845456,0.034159549,0.131,75921.93
0.13434342,0.031897731,0.131,75687.078
0.13044201,0.029635912,0.131,75275.602
0.12699109,0.027374094,0.131,74780.445
0.1239903,0.025172887,0.131,74267.945
0.12138093,0.023171924,0.131,73780.195
0.1191119,0.021431983,0.131,73336.477
0.11713882,0.019919012,0.131,72938.109
0.11542311,0.018603403,0.131,72582.812
0.11393119,0.017459406,0.131,72265.477
0.11263386,0.016464636,0.131,71979.727
0.11150575,0.015599625,0.131,71720.398
0.11052479,0.014847448,0.131,71484.242
0.10967177,0.014193384,0.131,71269.516
0.10893002,0.013624636,0.131,71074.508
0.10828502,0.013130074,0.131,70897.336
0.2525,0.095221967,0.131,40580.191
0.24919999,0.092960611,0.131,41526.438
0.24534443,0.090699241,0.131,42726.652
0.24123327,0.088437878,0.131,44111.672
0.23712212,0.086176477,0.131,45604.301
0.23301098,0.08391507,0.131,47201.566
0.22889982,0.08165364,0.131,48897.848
0.2247887,0.079392202,0.131,50689.078
0.22067754,0.077130735,0.131,52573.516
0.21656638,0.07486926,0.131,54547.777
0.21245524,0.072607771,0.131,56606.145
0.20834409,0.070346251,0.131,58738.738
0.20423293,0.068084717,0.131,60926.117
0.20012179,0.065823175,0.131,63131.406
0.19601065,0.063561611,0.131,65299.988
0.19189948,0.061300028,0.131,67363.016
0.18778835,0.05903843,0.131,69238.258
0.1836772,0.056776814,0.131,70838.516
0.17956606,0.054515183,0.131,72107.828
0.1754549,0.052253529,0.131,73043.836
0.17134374,0.049991861,0.131,73695.102
0.1672326,0.047730178,0.131,74137.945
0.16312146,0.045468476,0.131,74463.461
0.15901031,0.043206755,0.131,74756.906
0.15489917,0.04094502,0.131,75062.062
0.15078801,0.038683265,0.131,75370.953
0.14667687,0.036421496,0.131,75624.07
0.14256571,0.034159709,0.131,75743.375
0.13845456,0.031897902,0.131,75662.492
0.13434342,0.029636079,0.131,75370.711
0.13044201,0.027374249,0.131,74929.648
0.12699109,0.025173016,0.131,74434.094
0.1239903,0.023172015,0.131,73947.828
0.12138093,0.02143205,0.131,73496.016
0.1191119,0.019919062,0.131,73083.023
0.11713882,0.018603437,0.131,72711.062
0.11542311,0.017459432,0.131,72378.617
0.11393119,0.016464652,0.131,72081.094
0.11263386,0.015599637,0.131,71812.703
0.11150575,0.014847455,0.131,71568.93
0.11052479,0.014193388,0.131,71347.227
0.10967177,0.013624638,0.131,71145.922
0.10893002,0.013130075,0.131,70963.367
0.10828502,0.012700024,0.131,70797.789
0.2525,0.092960559,0.131,40494.18
0.24919999,0.090699196,0.131,41456.102
0.24534443,0.088437818,0.131,42673.816
0.24123327,0.08617644,0.131,44075.598
0.23712212,0.08391504,0.131,45581.543
0.23301098,0.081653617,0.131,47188.656
0.22889982,0.079392187,0.131,48891.473
0.2247887,0.077130735,0.131,50686.582
0.22067754,0.07486926,0.131,52572.309
0.21656638,0.072607778,0.131,54545.508
0.21245524,0.070346273,0.131,56600.34
0.20834409,0.068084747,0.131,58726.145
0.20423293,0.065823212,0.131,60903.309
0.20012179,0.063561656,0.131,63094.547
0.19601065,0.061300084,0.131,65246.227
0.19189948,0.059038498,0.131,67289.375
0.18778835,0.056776885,0.131,69144.258
0.1836772,0.054515261,0.131,70725.703
0.17956606,0.052253619,0.131,71981.703
0.1754549,0.049991958,0.131,72909.617
0.17134374,0.047730282,0.131,73559.75
0.1672326,0.045468591,0.131,74008.008
0.16312146,0.043206882,0.131,74343.289
0.15901031,0.04094515,0.131,74645.188
0.15489917,0.038683407,0.131,74952.461
0.15078801,0.036421645,0.131,75248.016
0.14667687,0.034159865,0.131,75465.086
0.14256571,0.031898074,0.131,75528.25
0.13845456,0.029636255,0.131,75385.0
0.13434342,0.027374424,0.131,75047.016
0.13044201,0.025173161,0.131,74595.492
0.12699109,0.023172125,0.131,74124.297
0.1239903,0.02143213,0.131,73673.789
0.12138093,0.019919118,0.131,73252.344
0.1191119,0.018603478,0.131,72865.281
0.11713882,0.01745946,0.131,72515.672
0.11542311,0.016464673,0.131,72202.516
0.11393119,0.01559965,0.131,71921.711
0.11263386,0.014847464,0.131,71668.07
0.11150575,0.014193394,0.131,71437.695
0.11052479,0.013624642,0.131,71228.398
0.10967177,0.013130078,0.131,71038.758
0.10893002,0.012700024,0.131,70867.031
0.2525,0.090699151,0.131,40417.871
0.24919999,0.088437781,0.131,41395.688
0.24534443,0.086176395,0.131,42630.215
0.24123327,0.08391501,0.131,44046.965
0.23712212,0.081653602,0.131,45564.535
0.23301098,0.079392165,0.131,47179.762
0.22889982,0.077130727,0.131,48887.793
0.2247887,0.07486926,0.131,50685.387
0.22067754,0.072607785,0.131,52571.273
0.21656638,0.070346296,0.131,54542.391
0.21245524,0.068084776,0.131,56592.387
0.20834409,0.065823257,0.131,58710.293
0.20423293,0.063561708,0.131,60875.77
0.20012179,0.06130014,0.131,63052.004
0.19601065,0.059038557,0.131,65185.238
0.19189948,0.056776956,0.131,67207.992
0.18778835,0.054515343,0.131,69041.609
0.1836772,0.052253708,0.131,70605.141
0.17956606,0.049992062,0.131,71847.602
0.1754549,0.04773039,0.131,72768.594
0.17134374,0.045468707,0.131,73418.617
0.1672326,0.043207005,0.131,73873.695
0.16312146,0.040945284,0.131,74218.367
0.15901031,0.038683549,0.131,74527.875
0.15489917,0.036421798,0.131,74834.641
0.15078801,0.034160025,0.131,75111.359
0.14667687,0.031898238,0.131,75287.898
0.14256571,0.029636431,0.131,75292.758
0.13845456,0.02737461,0.131,75092.625
0.13434342,0.025173327,0.131,74728.289
0.13044201,0.023172248,0.131,74294.703
0.12699109,0.021432219,0.131,73858.68
0.1239903,0.019919183,0.131,73438.562
0.12138093,0.018603524,0.131,73042.961
0.1191119,0.017459493,0.131,72677.961
0.11713882,0.016464695,0.131,72347.25
0.11542311,0.015599666,0.131,72050.516
0.11393119,0.014847474,0.131,71783.906
0.11263386,0.014193401,0.131,71542.852
0.11150575,0.013624646,0.131,71324.016
0.11052479,0.013130079,0.131,71125.492
0.10967177,0.012700024,0.131,70945.883
0.2525,0.088437736,0.131,40351.738
0.24919999,0.086176366,0.131,41345.426
0.24534443,0.08391498,0.131,42595.512
0.24123327,0.081653573,0.131,44025.535
0.23712212,0.079392157,0.131,45552.887
0.23301098,0.07713072,0.131,47174.82
0.22889982,0.074869275,0.131,48886.605
0.2247887,0.0726078,0.131,50685.516
0.22067754,0.070346311,0.131,52570.59
0.21656638,0.068084806,0.131,54538.512
0.21245524,0.065823287,0.131,56582.57
0.20834409,0.063561752,0.131,58691.156
0.20423293,0.061300196,0.131,60844.008
0.20012179,0.059038624,0.131,63003.816
0.19601065,0.05677703,0.131,65118.133
0.19189948,0.054515425,0.131,67119.375
0.18778835,0.052253798,0.131,68932.234
0.1836772,0.049992159,0.131,70477.32
0.17956606,0.047730498,0.131,71707.07
0.1754549,0.045468822,0.131,72621.906
0.17134374,0.043207128,0.131,73273.547
0.1672326,0.040945418,0.131,73735.477
0.16312146,0.038683694,0.131,74089.148
0.15901031,0.036421947,0.131,74404.852
0.15489917,0.034160182,0.131,74707.453
0.15078801,0.031898402,0.131,74959.625
0.14667687,0.029636608,0.131,75090.789
0.14256571,0.027374793,0.131,75037.531
0.13845456,0.0251735,0.131,74797.102
0.13434342,0.023172388,0.131,74437.797
0.13044201,0.021432323,0.131,74036.078
0.12699109,0.019919258,0.131,73630.469
0.1239903,0.018603578,0.131,73236.336
0.12138093,0.01745953,0.131,72862.688
0.1191119,0.016464721,0.131,72516.578
0.11713882,0.015599684,0.131,72202.008
0.11542311,0.014847486,0.131,71919.211
0.11393119,0.014193408,0.131,71664.773
0.11263386,0.013624649,0.131,71434.516
0.11150575,0.013130082,0.131,71225.602
0.11052479,0.012700025,0.131,71036.359
0.2525,0.086176336,0.131,40296.293
0.24919999,0.08391495,0.131,41305.18
0.24534443,0.081653558,0.131,42569.504
0.24123327,0.079392143,0.131,44010.977
0.23712212,0.07713072,0.131,45546.574
0.23301098,0.074869275,0.131,47173.637
0.22889982,0.072607815,0.131,48887.934
0.2247887,0.070346341,0.131,50687.148
0.22067754,0.068084836,0.131,52570.312
0.21656638,0.065823324,0.131,54534.059
0.21245524,0.063561797,0.131,56570.914
0.20834409,0.061300252,0.131,58669.18
0.20423293,0.059038684,0.131,60807.973
0.20012179,0.056777105,0.131,62950.836
0.19601065,0.054515503,0.131,65045.086
0.19189948,0.052253887,0.131,67025.172
0.18778835,0.049992256,0.131,68816.602
0.1836772,0.04773061,0.131,70343.75
0.17956606,0.045468941,0.131,71561.117
0.1754549,0.043207254,0.131,72471.453
0.17134374,0.040945552,0.131,73125.258
0.1672326,0.038683835,0.131,73594.133
0.16312146,0.036422096,0.131,73955.773
0.15901031,0.034160342,0.131,74275.922
0.15489917,0.031898573,0.131,74569.773
0.15078801,0.029636784,0.131,74791.422
0.14667687,0.027374979,0.131,74873.117
0.14256571,0.025173675,0.131,74772.898
0.13845456,0.023172533,0.131,74522.352
0.13434342,0.021432439,0.131,74185.883
0.13044201,0.019919343,0.131,73813.414
0.12699109,0.018603638,0.131,73434.047
0.1239903,0.017459573,0.131,73062.0
0.12138093,0.016464751,0.131,72707.312
0.1191119,0.015599703,0.131,72377.367
0.11713882,0.014847499,0.131,72076.703
0.11542311,0.014193417,0.131,71805.82
0.11393119,0.013624654,0.131,71561.734
0.11263386,0.013130084,0.131,71340.789
0.11150575,0.012700026,0.131,71140.438
0.2525,0.083914928,0.131,40251.656
0.24919999,0.081653535,0.131,41274.934
0.24534443,0.079392135,0.131,42551.852
0.24123327,0.077130713,0.131,44003.164
0.23712212,0.074869275,0.131,45545.379
0.23301098,0.072607823,0.131,47176.223
0.22889982,0.070346363,0.131,48891.949
0.2247887,0.068084866,0.131,50690.371
0.22067754,0.065823369,0.131,52570.738
0.21656638,0.063561842,0.131,54529.082
0.21245524,0.061300308,0.131,56557.754
0.20834409,0.059038751,0.131,58644.234
0.20423293,0.056777179,0.131,60768.438
0.20012179,0.054515585,0.131,62893.25
0.19601065,0.05225398,0.131,64967.617
0.19189948,0.049992353,0.131,66925.664
0.18778835,0.047730714,0.131,68695.875
0.1836772,0.045469053,0.131,70205.266
0.17956606,0.043207377,0.131,71411.844
0.1754549,0.040945686,0.131,72318.32
0.17134374,0.038683977,0.131,72974.914
0.1672326,0.036422245,0.131,73450.07
0.16312146,0.034160502,0.131,73818.812
0.15901031,0.031898741,0.131,74140.797
0.15489917,0.02963696,0.131,74420.227
0.15078801,0.027375164,0.131,74606.516
0.14667687,0.025173848,0.131,74643.484
0.14256571,0.02317268,0.131,74521.281
0.13845456,0.021432562,0.131,74280.625
0.13434342,0.01991944,0.131,73968.148
0.13044201,0.018603709,0.131,73621.633
0.12699109,0.017459624,0.131,73264.672
0.1239903,0.016464787,0.131,72911.633
0.12138093,0.015599728,0.131,72573.242
0.1191119,0.014847515,0.131,72257.289
0.11713882,0.014193426,0.131,71968.555
0.11542311,0.013624661,0.131,71707.906
0.11393119,0.013130087,0.131,71472.695
0.11263386,0.012700026,0.131,71259.703
0.2525,0.08165352,0.131,40217.977
0.24919999,0.07939212,0.131,41254.461
0.24534443,0.077130713,0.131,42542.516
0.24123327,0.07486929,0.131,44001.957
0.23712212,0.072607838,0.131,45549.324
0.23301098,0.070346385,0.131,47182.766
0.22889982,0.068084903,0.131,48898.723
0.2247887,0.065823406,0.131,50695.496
0.22067754,0.063561894,0.131,52571.898
0.21656638,0.061300363,0.131,54523.922
0.21245524,0.059038818,0.131,56542.855
0.20834409,0.05677725,0.131,58617.004
0.20423293,0.054515671,0.131,60725.426
0.20012179,0.05225407,0.131,62832.238
0.19601065,0.049992453,0.131,64885.723
0.19189948,0.047730822,0.131,66821.789
0.18778835,0.045469172,0.131,68570.789
0.1836772,0.0432075,0.131,70063.781
0.17956606,0.040945821,0.131,71260.18
0.1754549,0.038684115,0.131,72163.805
0.17134374,0.036422394,0.131,72822.977
0.1672326,0.034160659,0.131,73303.922
0.16312146,0.031898908,0.131,73678.523
0.15901031,0.029637136,0.131,73998.898
0.15489917,0.027375348,0.131,74257.531
0.15078801,0.025174025,0.131,74409.812
0.14667687,0.023172827,0.131,74420.695
0.14256571,0.021432685,0.131,74295.867
0.13845456,0.019919541,0.131,74069.664
0.13434342,0.018603789,0.131,73780.156
0.13044201,0.017459681,0.131,73456.18
0.12699109,0.016464826,0.131,73118.445
0.1239903,0.015599756,0.131,72781.82
0.12138093,0.014847533,0.131,72457.531
0.1191119,0.014193438,0.131,72153.625
0.11713882,0.013624666,0.131,71875.203
0.11542311,0.013130089,0.131,71623.336
0.11393119,0.012700028,0.131,71395.758
0.2525,0.079392113,0.131,40195.125
0.24919999,0.077130705,0.131,41243.676
0.24534443,0.07486929,0.131,42541.309
0.24123327,0.07260786,0.131,44007.367
0.23712212,0.0703464,0.131,45558.605
0.23301098,0.068084933,0.131,47193.344
0.22889982,0.065823451,0.131,48908.637
0.2247887,0.063561939,0.131,50702.625
0.22067754,0.061300419,0.131,52574.145
0.21656638,0.059038881,0.131,54518.387
0.21245524,0.056777321,0.131,56526.828
0.20834409,0.054515753,0.131,58587.363
0.20423293,0.052254163,0.131,60680.062
0.20012179,0.049992554,0.131,62767.762
0.19601065,0.04773093,0.131,64800.102
0.19189948,0.045469288,0.131,66713.859
0.18778835,0.043207631,0.131,68442.852
0.1836772,0.040945951,0.131,69920.188
0.17956606,0.03868426,0.131,71107.438
0.1754549,0.036422551,0.131,72008.406
0.17134374,0.034160823,0.131,72670.094
0.1672326,0.031899076,0.131,73156.031
0.16312146,0.029637314,0.131,73535.07
0.15901031,0.027375534,0.131,73849.336
0.15489917,0.025174199,0.131,74085.953
0.15078801,0.023172975,0.131,74217.344
0.14667687,0.021432808,0.131,74217.781
0.14256571,0.019919645,0.131,74096.414
0.13845456,0.018603873,0.131,73886.531
0.13434342,0.017459745,0.131,73617.883
0.13044201,0.016464872,0.131,73313.297
0.12699109,0.015599785,0.131,72992.133
0.1239903,0.014847552,0.131,72669.695
0.12138093,0.01419345,0.131,72357.641
0.1191119,0.013624675,0.131,72064.164
0.11713882,0.013130094,0.131,71794.586
0.11542311,0.012700028,0.131,71550.289
0.2525,0.077130705,0.131,40183.172
0.24919999,0.07486929,0.131,41242.488
0.24534443,0.072607867,0.131,42548.242
0.24123327,0.070346422,0.131,44019.559
0.23712212,0.068084955,0.131,45573.289
0.23301098,0.06582348,0.131,47208.324
0.22889982,0.063561983,0.131,48921.844
0.2247887,0.061300475,0.131,50712.148
0.22067754,0.059038945,0.131,52577.391
0.21656638,0.056777395,0.131,54512.918
0.21245524,0.054515835,0.131,56509.539
0.20834409,0.052254252,0.131,58556.305
0.20423293,0.049992654,0.131,60632.172
0.20012179,0.047731034,0.131,62700.387
0.19601065,0.045469403,0.131,64710.895
0.19189948,0.043207757,0.131,66603.094
0.18778835,0.040946085,0.131,68312.711
0.1836772,0.038684402,0.131,69775.57
0.17956606,0.0364227,0.131,70954.102
0.1754549,0.034160979,0.131,71852.57
0.17134374,0.031899244,0.131,72516.383
0.1672326,0.029637489,0.131,73006.812
0.16312146,0.027375719,0.131,73388.211
0.15901031,0.025174374,0.131,73695.539
0.15489917,0.023173122,0.131,73918.805
0.15078801,0.021432931,0.131,74040.086
0.14667687,0.019919746,0.131,74035.445
0.14256571,0.018603958,0.131,73921.398
0.13845456,0.017459814,0.131,73727.961
0.13434342,0.016464924,0.131,73477.914
0.13044201,0.015599822,0.131,73189.898
0.12699109,0.014847577,0.131,72882.969
0.1239903,0.014193465,0.131,72572.844
0.12138093,0.013624683,0.131,72271.359
0.1191119,0.013130099,0.131,71986.922
0.11713882,0.01270003,0.131,71724.984
0.2525,0.07486929,0.131,40182.016
0.24919999,0.072607875,0.131,41250.891
0.24534443,0.070346445,0.131,42563.508
0.24123327,0.068084992,0.131,44038.66
0.23712212,0.065823525,0.131,45593.766
0.23301098,0.063562036,0.131,47227.902
0.22889982,0.061300527,0.131,48938.766
0.2247887,0.059039008,0.131,50724.105
0.22067754,0.05677747,0.131,52582.152
0.21656638,0.054515913,0.131,54507.531
0.21245524,0.052254342,0.131,56491.941
0.20834409,0.049992751,0.131,58523.762
0.20423293,0.047731146,0.131,60582.234
0.20012179,0.045469522,0.131,62630.016
0.19601065,0.043207876,0.131,64619.008
0.19189948,0.040946215,0.131,66489.875
0.18778835,0.038684543,0.131,68181.273
0.1836772,0.036422849,0.131,69630.328
0.17956606,0.034161136,0.131,70800.492
0.1754549,0.031899411,0.131,71696.258
0.17134374,0.029637665,0.131,72361.883
0.1672326,0.027375903,0.131,72856.219
0.16312146,0.025174549,0.131,73241.398
0.15901031,0.023173269,0.131,73548.18
0.15489917,0.021433054,0.131,73764.969
0.15078801,0.019919848,0.131,73879.047
0.14667687,0.018604042,0.131,73873.508
0.14256571,0.017459881,0.131,73768.68
0.13845456,0.016464978,0.131,73590.82
0.13434342,0.015599863,0.131,73356.961
0.13044201,0.014847604,0.131,73083.273
0.12699109,0.014193483,0.131,72788.648
0.1239903,0.013624692,0.131,72489.164
0.12138093,0.013130102,0.131,72196.859
0.1191119,0.012700032,0.131,71920.242
0.2525,0.07260789,0.131,40191.656
0.24919999,0.07034646,0.131,41269.039
0.24534443,0.068085022,0.131,42587.203
0.24123327,0.065823555,0.131,44065.004
0.23712212,0.06356208,0.131,45620.219
0.23301098,0.061300587,0.131,47252.594
0.22889982,0.059039075,0.131,48959.617
0.2247887,0.056777544,0.131,50739.102
0.22067754,0.054515999,0.131,52588.473
0.21656638,0.052254431,0.131,54503.098
0.21245524,0.049992848,0.131,56474.051
0.20834409,0.047731251,0.131,58490.352
0.20423293,0.045469634,0.131,60530.344
0.20012179,0.043208003,0.131,62557.59
0.19601065,0.04094635,0.131,64524.719
0.19189948,0.038684685,0.131,66375.055
0.18778835,0.036422998,0.131,68048.805
0.1836772,0.034161296,0.131,69484.57
0.17956606,0.031899575,0.131,70646.227
0.1754549,0.029637843,0.131,71539.07
0.17134374,0.027376089,0.131,72206.227
0.1672326,0.025174722,0.131,72708.016
0.16312146,0.023173416,0.131,73103.938
0.15901031,0.021433176,0.131,73413.781
0.15489917,0.019919951,0.131,73624.945
0.15078801,0.018604126,0.131,73734.695
0.14667687,0.017459951,0.131,73730.852
0.14256571,0.016465032,0.131,73635.977
0.13845456,0.015599906,0.131,73472.375
0.13434342,0.014847634,0.131,73252.352
0.13044201,0.014193502,0.131,72991.094
0.12699109,0.013624704,0.131,72707.109
0.1239903,0.013130108,0.131,72416.898
0.12138093,0.012700032,0.131,72132.508
0.2525,0.070346482,0.131,40212.23
0.24919999,0.068085045,0.131,41297.055
0.24534443,0.065823592,0.131,42619.703
0.24123327,0.063562132,0.131,44098.895
0.23712212,0.061300643,0.131,45653.25
0.23301098,0.059039138,0.131,47282.68
0.22889982,0.056777615,0.131,48985.027
0.2247887,0.054516077,0.131,50757.324
0.22067754,0.05225452,0.131,52597.316
0.21656638,0.049992949,0.131,54499.844
0.21245524,0.047731362,0.131,56456.645
0.20834409,0.045469753,0.131,58456.203
0.20423293,0.043208126,0.131,60477.215
0.20012179,0.040946484,0.131,62483.289
0.19601065,0.038684823,0.131,64428.84
0.19189948,0.036423147,0.131,66258.914
0.18778835,0.034161456,0.131,67915.523
0.1836772,0.031899747,0.131,69338.055
0.17956606,0.029638018,0.131,70490.867
0.1754549,0.027376274,0.131,71380.367
0.17134374,0.025174897,0.131,72053.188
0.1672326,0.023173563,0.131,72571.367
0.16312146,0.021433299,0.131,72980.648
0.15901031,0.019920051,0.131,73291.727
0.15489917,0.01860421,0.131,73498.719
0.15078801,0.017460018,0.131,73606.336
0.14667687,0.016465086,0.131,73605.859
0.14256571,0.015599947,0.131,73520.891
0.13845456,0.014847667,0.131,73369.977
0.13434342,0.014193524,0.131,73162.047
0.13044201,0.013624717,0.131,72911.422
0.12699109,0.013130113,0.131,72636.641
0.1239903,0.012700034,0.131,72354.445
0.2525,0.068085074,0.131,40243.754
0.24919999,0.065823637,0.131,41335.148
0.24534443,0.06356217,0.131,42661.184
0.24123327,0.061300699,0.131,44140.828
0.23712212,0.059039202,0.131,45693.203
0.23301098,0.05677769,0.131,47318.875
0.22889982,0.054516159,0.131,49015.316
0.2247887,0.05225461,0.131,50779.734
0.22067754,0.049993049,0.131,52609.051
0.21656638,0.047731467,0.131,54498.629
0.21245524,0.045469865,0.131,56440.035
0.20834409,0.043208253,0.131,58422.316
0.20423293,0.040946618,0.131,60423.418
0.20012179,0.038684968,0.131,62408.129
0.19601065,0.036423303,0.131,64331.84
0.19189948,0.034161616,0.131,66141.938
0.18778835,0.03189991,0.131,67781.461
0.1836772,0.029638195,0.131,69190.234
0.17956606,0.027376458,0.131,70333.461
0.1754549,0.02517507,0.131,71223.727
0.17134374,0.02317371,0.131,71912.305
0.1672326,0.021433422,0.131,72450.273
0.16312146,0.019920155,0.131,72869.82
0.15901031,0.018604293,0.131,73181.625
0.15489917,0.017460085,0.131,73385.68
0.15078801,0.016465142,0.131,73492.914
0.14667687,0.01559999,0.131,73496.789
0.14256571,0.0148477,0.131,73421.273
0.13845456,0.014193548,0.131,73281.523
0.13434342,0.013624731,0.131,73084.062
0.13044201,0.013130121,0.131,72842.625
0.12699109,0.012700036,0.131,72575.805
0.2525,0.065823667,0.131,40286.371
0.24919999,0.063562222,0.131,41383.426
0.24534443,0.061300755,0.131,42712.035
0.24123327,0.059039269,0.131,44191.09
0.23712212,0.05677776,0.131,45740.785
0.23301098,0.054516241,0.131,47361.559
0.22889982,0.052254703,0.131,49051.449
0.2247887,0.049993146,0.131,50806.762
0.22067754,0.047731578,0.131,52624.578
0.21656638,0.045469984,0.131,54499.969
0.21245524,0.043208376,0.131,56425.457
0.20834409,0.040946752,0.131,58389.449
0.20423293,0.038685109,0.131,60370.117
0.20012179,0.036423452,0.131,62332.723
0.19601065,0.034161776,0.131,64234.648
0.19189948,0.031900082,0.131,66024.727
0.18778835,0.02963837,0.131,67646.492
0.1836772,0.027376642,0.131,69040.406
0.17956606,0.025175244,0.131,70177.539
0.1754549,0.023173856,0.131,71078.828
0.17134374,0.021433545,0.131,71787.719
0.1672326,0.019920256,0.131,72342.578
0.16312146,0.018604377,0.131,72770.234
0.15901031,0.017460154,0.131,73082.797
0.15489917,0.016465196,0.131,73285.117
0.15078801,0.015600032,0.131,73393.195
0.14667687,0.014847732,0.131,73401.836
0.14256571,0.01419357,0.131,73335.07
0.13845456,0.013624747,0.131,73205.195
0.13434342,0.01313013,0.131,73016.734
0.13044201,0.012700039,0.131,72783.164
0.2525,0.063562259,0.131,40339.949
0.24919999,0.061300803,0.131,41442.004
0.24534443,0.059039332,0.131,42772.324
0.24123327,0.056777835,0.131,44250.258
0.23712212,0.054516323,0.131,45796.34
0.23301098,0.052254792,0.131,47411.711
0.22889982,0.049993247,0.131,49093.871
0.2247887,0.047731683,0.131,50839.266
0.22067754,0.045470096,0.131,52644.457
0.21656638,0.043208499,0.131,54505.176
0.21245524,0.040946886,0.131,56413.832
0.20834409,0.038685251,0.131,58358.934
0.20423293,0.036423601,0.131,60318.301
0.20012179,0.034161933,0.131,62258.496
0.19601065,0.031900249,0.131,64138.297
0.19189948,0.029638546,0.131,65907.844
0.18778835,0.027376827,0.131,67510.57
0.1836772,0.025175421,0.131,68892.148
0.17956606,0.023174003,0.131,70032.953
0.1754549,0.021433668,0.131,70950.484
0.17134374,0.019920358,0.131,71677.328
0.1672326,0.018604461,0.131,72246.453
0.16312146,0.017460223,0.131,72680.922
0.15901031,0.016465252,0.131,72994.523
0.15489917,0.015600075,0.131,73196.125
0.15078801,0.014847764,0.131,73305.875
0.14667687,0.014193594,0.131,73319.352
0.14256571,0.013624763,0.131,73260.531
0.13845456,0.013130139,0.131,73139.312
0.13434342,0.012700041,0.131,72958.57
0.2525,0.061300855,0.131,40404.398
0.24919999,0.059039392,0.131,41510.703
0.24534443,0.056777909,0.131,42842.285
0.24123327,0.054516405,0.131,44318.418
0.23712212,0.052254882,0.131,45860.625
0.23301098,0.049993344,0.131,47469.656
0.22889982,0.047731787,0.131,49143.312
0.2247887,0.045470215,0.131,50877.738
0.22067754,0.043208625,0.131,52669.938
0.21656638,0.04094702,0.131,54515.285
0.21245524,0.038685393,0.131,56406.617
0.20834409,0.03642375,0.131,58332.016
0.20423293,0.034162093,0.131,60269.484
0.20012179,0.031900417,0.131,62186.855
0.19601065,0.029638723,0.131,64044.137
0.19189948,0.027377013,0.131,65792.156
0.18778835,0.025175594,0.131,67377.523
0.1836772,0.023174148,0.131,68755.133
0.17956606,0.021433791,0.131,69904.82
0.1754549,0.019920461,0.131,70836.781
0.17134374,0.018604547,0.131,71579.352
0.1672326,0.01746029,0.131,72160.719
0.16312146,0.016465306,0.131,72601.023
0.15901031,0.015600118,0.131,72916.008
0.15489917,0.014847796,0.131,73117.711
0.15078801,0.014193618,0.131,73229.617
0.14667687,0.013624778,0.131,73247.766
0.14256571,0.013130147,0.131,73196.047
0.13845456,0.012700044,0.131,73082.234
0.2525,0.059039444,0.131,40479.246
0.24919999,0.056777976,0.131,41589.363
0.24534443,0.054516487,0.131,42921.656
0.24123327,0.052254975,0.131,44395.934
0.23712212,0.049993441,0.131,45933.711
0.23301098,0.047731899,0.131,47535.879
0.22889982,0.045470331,0.131,49200.043
0.2247887,0.043208748,0.131,50923.086
0.22067754,0.04094715,0.131,52701.758
0.21656638,0.038685534,0.131,54531.496
0.21245524,0.036423899,0.131,56404.93
0.20834409,0.034162253,0.131,58310.109
0.20423293,0.031900585,0.131,60225.258
0.20012179,0.029638899,0.131,62119.527
0.19601065,0.027377196,0.131,63953.566
0.19189948,0.025175769,0.131,65681.477
0.18778835,0.023174297,0.131,67256.281
0.1836772,0.021433912,0.131,68634.438
0.17956606,0.019920561,0.131,69791.547
0.1754549,0.018604629,0.131,70736.219
0.17134374,0.017460359,0.131,71492.422
0.1672326,0.01646536,0.131,72084.281
0.16312146,0.015600161,0.131,72529.711
0.15901031,0.014847829,0.131,72846.414
0.15489917,0.014193641,0.131,73048.891
0.15078801,0.013624793,0.131,73163.133
0.14667687,0.013130155,0.131,73185.766
0.14256571,0.012700046,0.131,73140.312
0.2525,0.056778036,0.131,40564.066
0.24919999,0.054516561,0.131,41677.348
0.24534443,0.052255064,0.131,43010.289
0.24123327,0.049993541,0.131,44482.469
0.23712212,0.047732003,0.131,46015.664
0.23301098,0.045470446,0.131,47610.242
0.22889982,0.043208875,0.131,49264.547
0.2247887,0.040947285,0.131,50975.723
0.22067754,0.038685679,0.131,52740.828
0.21656638,0.036424056,0.131,54554.691
0.21245524,0.03416241,0.131,56409.973
0.20834409,0.031900752,0.131,58294.652
0.20423293,0.029639076,0.131,60187.344
0.20012179,0.027377382,0.131,62058.281
0.19601065,0.025175942,0.131,63870.25
0.19189948,0.023174442,0.131,65583.367
0.18778835,0.021434037,0.131,67151.148
0.1836772,0.019920666,0.131,68528.492
0.17956606,0.018604714,0.131,69691.82
0.1754549,0.017460428,0.131,70647.438
0.17134374,0.016465414,0.131,71415.422
0.1672326,0.015600204,0.131,72016.195
0.16312146,0.014847861,0.131,72466.281
0.15901031,0.014193663,0.131,72784.906
0.15489917,0.01362481,0.131,72988.625
0.15078801,0.013130165,0.131,73105.273
0.14667687,0.012700049,0.131,73132.109
0.2525,0.054516628,0.131,40657.871
0.24919999,0.052255146,0.131,41774.121
0.24534443,0.049993642,0.131,43107.434
0.24123327,0.047732111,0.131,44577.516
0.23712212,0.045470566,0.131,46105.797
0.23301098,0.043208998,0.131,47692.664
0.22889982,0.040947419,0.131,49336.676
0.2247887,0.038685817,0.131,51036.031
0.22067754,0.036424205,0.131,52787.484
0.21656638,0.03416257,0.131,54585.594
0.21245524,0.03190092,0.131,56422.668
0.20834409,0.029639252,0.131,58286.855
0.20423293,0.027377566,0.131,60157.211
0.20012179,0.025176119,0.131,62005.836
0.19601065,0.023174588,0.131,63799.785
0.19189948,0.021434158,0.131,65500.695
0.18778835,0.019920766,0.131,67060.406
0.1836772,0.018604796,0.131,68435.922
0.17956606,0.017460495,0.131,69604.227
0.1754549,0.01646547,0.131,70569.242
0.17134374,0.015600246,0.131,71347.258
0.1672326,0.014847893,0.131,71955.742
0.16312146,0.014193687,0.131,72410.016
0.15901031,0.013624825,0.131,72730.68
0.15489917,0.013130173,0.131,72935.977
0.15078801,0.012700052,0.131,73055.094
0.2525,0.052255221,0.131,40759.809
0.24919999,0.049993735,0.131,41878.543
0.24534443,0.047732219,0.131,43212.184
0.24123327,0.045470677,0.131,44680.0
0.23712212,0.043209128,0.131,46203.484
0.23301098,0.040947549,0.131,47782.398
0.22889982,0.038685963,0.131,49416.301
0.2247887,0.036424354,0.131,51103.816
0.22067754,0.03416273,0.131,52841.852
0.21656638,0.031901088,0.131,54624.434
0.21245524,0.029639427,0.131,56443.59
0.20834409,0.027377751,0.131,58287.555
0.20423293,0.025176292,0.131,60136.355
0.20012179,0.023174737,0.131,61965.348
0.19601065,0.021434283,0.131,63743.336
0.19189948,0.019920871,0.131,65431.254
0.18778835,0.01860488,0.131,66982.266
0.1836772,0.017460564,0.131,68355.383
0.17956606,0.016465524,0.131,69527.633
0.1754549,0.015600289,0.131,70500.492
0.17134374,0.014847926,0.131,71287.094
0.1672326,0.01419371,0.131,71902.164
0.16312146,0.013624839,0.131,72360.273
0.15901031,0.013130182,0.131,72683.062
0.15489917,0.012700055,0.131,72890.164
0.2525,0.049993813,0.131,40868.582
0.24919999,0.04773232,0.131,41989.422
0.24534443,0.0454708,0.131,43323.133
0.24123327,0.043209247,0.131,44788.852
0.23712212,0.040947683,0.131,46307.391
0.23301098,0.038686104,0.131,47878.672
0.22889982,0.036424503,0.131,49502.645
0.2247887,0.034162886,0.131,51178.668
0.22067754,0.031901255,0.131,52903.652
0.21656638,0.029639605,0.131,54671.199
0.21245524,0.027377937,0.131,56472.875
0.20834409,0.025176466,0.131,58296.93
0.20423293,0.023174882,0.131,60125.324
0.20012179,0.021434404,0.131,61936.375
0.19601065,0.019920971,0.131,63698.141
0.19189948,0.018604966,0.131,65372.934
0.18778835,0.017460633,0.131,66915.117
0.1836772,0.016465578,0.131,68285.469
0.17956606,0.015600332,0.131,69460.695
0.1754549,0.014847958,0.131,70440.148
0.17134374,0.014193734,0.131,71234.047
0.1672326,0.013624855,0.131,71854.797
0.16312146,0.013130191,0.131,72316.422
0.15901031,0.012700058,0.131,72641.352
0.2525,0.047732405,0.131,40982.828
0.24919999,0.045470905,0.131,42105.254
0.24534443,0.043209374,0.131,43438.914
0.24123327,0.040947817,0.131,44902.387
0.23712212,0.038686246,0.131,46416.277
0.23301098,0.036424655,0.131,47980.18
0.22889982,0.034163047,0.131,49594.73
0.2247887,0.031901423,0.131,51259.754
0.22067754,0.029639782,0.131,52972.273
0.21656638,0.027378121,0.131,54725.441
0.21245524,0.025176641,0.131,56509.434
0.20834409,0.023175031,0.131,58313.105
0.20423293,0.021434529,0.131,60122.047
0.20012179,0.019921072,0.131,61915.801
0.19601065,0.01860505,0.131,63661.898
0.19189948,0.0174607,0.131,65323.961
0.18778835,0.016465634,0.131,66857.547
0.1836772,0.015600374,0.131,68224.859
0.17956606,0.01484799,0.131,69402.398
0.1754549,0.014193757,0.131,70387.305
0.17134374,0.013624871,0.131,71187.383
0.1672326,0.013130199,0.131,71813.062
0.16312146,0.01270006,0.131,72277.93
0.2525,0.045470998,0.131,41100.934
0.24919999,0.043209493,0.131,42224.559
0.24534443,0.040947951,0.131,43557.859
0.24123327,0.038686387,0.131,45019.16
0.23712212,0.036424808,0.131,46528.457
0.23301098,0.034163207,0.131,48085.5
0.22889982,0.031901591,0.131,49691.262
0.2247887,0.029639957,0.131,51345.977
0.22067754,0.027378306,0.131,53046.703
0.21656638,0.025176816,0.131,54784.805
0.21245524,0.023175176,0.131,56549.336
0.20834409,0.02143465,0.131,58333.258
0.20423293,0.019921176,0.131,60123.98
0.20012179,0.018605134,0.131,61901.133
0.19601065,0.017460769,0.131,63632.816
0.19189948,0.01646569,0.131,65282.691
0.18778835,0.015600417,0.131,66808.109
0.1836772,0.014848022,0.131,68172.43
0.17956606,0.014193781,0.131,69351.633
0.1754549,0.013624886,0.131,70341.125
0.17134374,0.013130208,0.131,71146.398
0.1672326,0.012700063,0.131,71776.422
0.2525,0.04320959,0.131,41221.43
0.24919999,0.040948078,0.131,42345.734
0.24534443,0.038686529,0.131,43678.5
0.24123327,0.036424957,0.131,45137.48
0.23712212,0.034163367,0.131,46642.379
0.23301098,0.031901754,0.131,48193.145
0.22889982,0.029640134,0.131,49790.879
0.2247887,0.027378492,0.131,51436.07
0.22067754,0.025176989,0.131,53123.75
0.21656638,0.023175325,0.131,54843.734
0.21245524,0.021434775,0.131,56588.773
0.20834409,0.019921277,0.131,58354.883
0.20423293,0.018605217,0.131,60129.238
0.20012179,0.017460838,0.131,61890.887
0.19601065,0.016465742,0.131,63609.34
0.19189948,0.01560046,0.131,65247.809
0.18778835,0.014848055,0.131,66765.711
0.1836772,0.014193803,0.131,68127.109
0.17956606,0.013624903,0.131,69307.547
0.1754549,0.013130216,0.131,70300.82
0.17134374,0.012700066,0.131,71110.531
0.2525,0.040948182,0.131,41342.875
0.24919999,0.038686659,0.131,42467.453
0.24534443,0.036425106,0.131,43799.332
0.24123327,0.034163523,0.131,45255.832
0.23712212,0.031901926,0.131,46756.641
0.23301098,0.029640311,0.131,48301.688
0.22889982,0.027378676,0.131,49892.164
0.2247887,0.025177164,0.131,51526.285
0.22067754,0.023175471,0.131,53196.902
0.21656638,0.021434896,0.131,54898.242
0.21245524,0.019921381,0.131,56626.293
0.20834409,0.018605301,0.131,58376.652
0.20423293,0.017460905,0.131,60136.262
0.20012179,0.016465798,0.131,61883.832
0.19601065,0.015600502,0.131,63590.02
0.19189948,0.014848088,0.131,65218.191
0.18778835,0.014193826,0.131,66729.328
0.1836772,0.013624918,0.131,68087.93
0.17956606,0.013130224,0.131,69269.219
0.1754549,0.012700069,0.131,70265.68
0.2525,0.038686775,0.131,41464.066
0.24919999,0.036425248,0.131,42588.449
0.24534443,0.034163684,0.131,43919.098
0.24123327,0.031902097,0.131,45373.004
0.23712212,0.029640486,0.131,46869.949
0.23301098,0.027378863,0.131,48409.859
0.22889982,0.025177339,0.131,49991.266
0.2247887,0.023175616,0.131,51609.648
0.22067754,0.02143502,0.131,53262.352
0.21656638,0.019921482,0.131,54947.676
0.21245524,0.018605385,0.131,56660.988
0.20834409,0.017460974,0.131,58397.684
0.20423293,0.016465852,0.131,60144.133
0.20012179,0.015600545,0.131,61879.176
0.19601065,0.014848119,0.131,63573.926
0.19189948,0.01419385,0.131,65193.109
0.18778835,0.013624934,0.131,66698.102
0.1836772,0.013130235,0.131,68054.078
0.17956606,0.012700072,0.131,69236.008
0.2525,0.036425367,0.131,41583.953
0.24919999,0.034163833,0.131,42707.691
0.24534443,0.031902261,0.131,44036.715
0.24123327,0.029640663,0.131,45487.988
0.23712212,0.027379047,0.131,46981.32
0.23301098,0.025177514,0.131,48513.926
0.22889982,0.023175765,0.131,50081.059
0.2247887,0.021435142,0.131,51682.527
0.22067754,0.019921582,0.131,53320.164
0.21656638,0.018605469,0.131,54991.902
0.21245524,0.017461043,0.131,56692.695
0.20834409,0.016465906,0.131,58417.352
0.20423293,0.015600588,0.131,60152.172
0.20012179,0.014848152,0.131,61876.102
0.19601065,0.014193873,0.131,63560.566
0.19189948,0.013624948,0.131,65171.785
0.18778835,0.013130243,0.131,66671.258
0.1836772,0.012700074,0.131,68024.867
0.2525,0.034163959,0.131,41701.746
0.24919999,0.031902418,0.131,42824.395
0.24534443,0.029640839,0.131,44151.512
0.24123327,0.02737923,0.131,45600.105
0.23712212,0.025177689,0.131,47087.223
0.23301098,0.02317591,0.131,48606.941
0.22889982,0.021435266,0.131,50158.371
0.2247887,0.019921687,0.131,51745.816
0.22067754,0.018605553,0.131,53370.926
0.21656638,0.01746111,0.131,55031.215
0.21245524,0.01646596,0.131,56721.219
0.20834409,0.015600631,0.131,58435.426
0.20423293,0.014848185,0.131,60160.039
0.20012179,0.014193896,0.131,61874.125
0.19601065,0.013624963,0.131,63549.488
0.19189948,0.013130251,0.131,65153.57
0.18778835,0.012700077,0.131,66648.242
0.2525,0.031902552,0.131,41816.918
0.24919999,0.029641004,0.131,42938.098
0.24534443,0.027379418,0.131,44262.992
0.24123327,0.025177862,0.131,45706.129
0.23712212,0.023176059,0.131,47181.184
0.23301098,0.021435387,0.131,48686.211
0.22889982,0.019921787,0.131,50224.762
0.2247887,0.018605638,0.131,51800.629
0.22067754,0.017461179,0.131,53415.262
0.21656638,0.016466016,0.131,55065.914
0.21245524,0.015600672,0.131,56746.664
0.20834409,0.014848216,0.131,58451.848
0.20423293,0.01419392,0.131,60167.496
0.20012179,0.013624979,0.131,61872.891
0.19601065,0.01313026,0.131,63540.254
0.19189948,0.01270008,0.131,65138.039
0.2525,0.029641146,0.131,41929.152
0.24919999,0.027379589,0.131,43048.473
0.24534443,0.025178038,0.131,44368.25
0.24123327,0.023176204,0.131,45799.766
0.23712212,0.021435512,0.131,47260.82
0.23301098,0.019921891,0.131,48753.852
0.22889982,0.018605722,0.131,50281.738
0.2247887,0.017461248,0.131,51848.051
0.22067754,0.01646607,0.131,53453.945
0.21656638,0.015600715,0.131,55096.406
0.21245524,0.014848249,0.131,56769.242
0.20834409,0.014193944,0.131,58466.578
0.20423293,0.013624995,0.131,60174.395
0.20012179,0.013130268,0.131,61872.172
0.19601065,0.012700083,0.131,63532.527
0.2525,0.027379736,0.131,42038.266
0.24919999,0.0251782,0.131,43152.758
0.24534443,0.023176353,0.131,44461.215
0.24123327,0.021435633,0.131,45879.098
0.23712212,0.019921992,0.131,47328.543
0.23301098,0.018605806,0.131,48811.605
0.22889982,0.017461315,0.131,50330.68
0.2247887,0.016466124,0.131,51889.004
0.22067754,0.015600758,0.131,53487.594
0.21656638,0.014848281,0.131,55123.074
0.21245524,0.014193967,0.131,56789.152
0.20834409,0.013625011,0.131,58479.73
0.20423293,0.013130277,0.131,60180.668
0.20012179,0.012700086,0.131,61871.793
0.2525,0.025178339,0.131,42141.539
0.24919999,0.023176491,0.131,43244.984
0.24534443,0.021435758,0.131,44540.02
0.24123327,0.019922093,0.131,45946.496
0.23712212,0.01860589,0.131,47386.297
0.23301098,0.017461386,0.131,48861.027
0.22889982,0.01646618,0.131,50372.77
0.2247887,0.015600801,0.131,51924.449
0.22067754,0.014848312,0.131,53516.844
0.21656638,0.01419399,0.131,55146.402
0.21245524,0.013625026,0.131,56806.707
0.20834409,0.013130286,0.131,58491.355
0.20423293,0.012700087,0.131,60186.371
0.2525,0.023176609,0.131,42233.043
0.24919999,0.021435872,0.131,43323.23
0.24534443,0.019922197,0.131,44607.043
0.24123327,0.018605974,0.131,46004.012
0.23712212,0.017461453,0.131,47435.68
0.23301098,0.016466234,0.131,48903.391
0.22889982,0.015600843,0.131,50409.0
0.2247887,0.014848346,0.131,51955.102
0.22067754,0.014194014,0.131,53542.258
0.21656638,0.013625042,0.131,55166.766
0.21245524,0.013130295,0.131,56822.074
0.20834409,0.01270009,0.131,58501.637
0.2525,0.021435972,0.131,42310.766
0.24919999,0.019922294,0.131,43389.867
0.24534443,0.018606057,0.131,44664.242
0.24123327,0.01746152,0.131,46053.188
0.23712212,0.01646629,0.131,47478.004
0.23301098,0.015600886,0.131,48939.812
0.22889982,0.014848378,0.131,50440.18
0.2247887,0.014194037,0.131,51981.602
0.22067754,0.013625057,0.131,53564.316
0.21656638,0.013130303,0.131,55184.488
0.21245524,0.012700093,0.131,56835.523
0.2525,0.019922376,0.131,42376.98
0.24919999,0.018606137,0.131,43446.723
0.24534443,0.017461589,0.131,44713.191
0.24123327,0.016466342,0.131,46095.379
0.23712212,0.015600929,0.131,47514.355
0.23301098,0.01484841,0.131,48971.152
0.22889982,0.014194059,0.131,50467.117
0.2247887,0.013625072,0.131,52004.551
0.22067754,0.013130313,0.131,53583.465
0.21656638,0.012700096,0.131,55199.926
0.2525,0.018606203,0.131,42433.543
0.24919999,0.017461652,0.131,43495.41
0.24534443,0.016466398,0.131,44755.172
0.24123327,0.015600972,0.131,46131.621
0.23712212,0.014848443,0.131,47545.668
0.23301098,0.014194082,0.131,48998.145
0.22889982,0.013625088,0.131,50490.387
0.2247887,0.01313032,0.131,52024.418
0.22067754,0.012700099,0.131,53600.113
0.2525,0.017461706,0.131,42481.988
0.24919999,0.016466448,0.131,43537.141
0.24534443,0.015601014,0.131,44791.211
0.24123327,0.014848474,0.131,46162.773
0.23712212,0.014194107,0.131,47572.598
0.23301098,0.013625103,0.131,49021.418
0.22889982,0.01313033,0.131,50510.465
0.2247887,0.012700101,0.131,52041.609
0.2525,0.016466493,0.131,42523.555
0.24919999,0.015601054,0.131,43573.004
0.24534443,0.014848507,0.131,44822.227
0.24123327,0.01419413,0.131,46189.637
0.23712212,0.013625118,0.131,47595.852
0.23301098,0.013130338,0.131,49041.523
0.22889982,0.012700104,0.131,50527.859
0.2525,0.015601088,0.131,42559.262
0.24919999,0.014848538,0.131,43603.859
0.24534443,0.014194153,0.131,44848.949
0.24123327,0.013625134,0.131,46212.793
0.23712212,0.013130346,0.131,47615.902
0.23301098,0.012700107,0.131,49058.91
0.2525,0.014848564,0.131,42589.98
0.24919999,0.014194175,0.131,43630.434
0.24534443,0.013625151,0.131,44871.996
0.24123327,0.013130355,0.131,46232.793
0.23712212,0.01270011,0.131,47633.246
0.2525,0.014194194,0.131,42616.426
0.24919999,0.013625165,0.131,43653.332
0.24534443,0.013130364,0.131,44891.871
0.24123327,0.012700113,0.131,46250.055
0.2525,0.013625177,0.131,42639.227
0.24919999,0.013130372,0.131,43673.109
0.24534443,0.012700115,0.131,44909.047
0.2525,0.01313038,0.131,42658.895
0.24919999,0.012700118,0.131,43690.16
0.2525,0.012700121,0.131,42675.855
0.00057688553,0.065823682,0.131,51704.008
0.00057688553,0.068085089,0.131,51717.25
0.0018167838,0.068085089,0.131,51698.445
0.00057688542,0.07034649,0.131,51727.781
0.0032335771,0.068085089,0.131,51676.582
0.0018167836,0.07034649,0.131,51708.07
0.00057688542,0.07260789,0.131,51735.07
0.0032335767,0.07034649,0.131,51684.988
0.0018167836,0.07260789,0.131,51714.711
0.0005768853,0.074869297,0.131,51739.027
0.0048338394,0.07034649,0.131,51657.527
0.0032335767,0.07260789,0.131,51690.797
0.0018167833,0.074869297,0.131,51718.336
0.0005768853,0.077130705,0.131,51739.207
0.0066178562,0.07034649,0.131,51626.348
0.0048338394,0.07260789,0.131,51662.27
0.0032335764,0.074869297,0.131,51693.961
0.0018167833,0.077130705,0.131,51718.531
0.0005768853,0.079392105,0.131,51735.871
0.0066178562,0.07260789,0.131,51629.883
0.0048338389,0.074869297,0.131,51664.883
0.0032335762,0.077130705,0.131,51694.168
0.0018167831,0.079392105,0.131,51715.57
0.00057688518,0.081653506,0.131,51728.941
0.0066178553,0.074869297,0.131,51631.863
0.0048338389,0.077130705,0.131,51665.141
0.0032335757,0.079392105,0.131,51691.684
0.0018167829,0.081653506,0.131,51709.336
0.00057688518,0.083914913,0.131,51718.703
0.0085780062,0.074869297,0.131,51594.574
0.0066178553,0.077130705,0.131,51632.121
0.0048338384,0.079392105,0.131,51663.238
0.0032335757,0.081653506,0.131,51686.363
0.0018167829,0.083914913,0.131,51700.008
0.00057688507,0.086176321,0.131,51705.668
0.010697593,0.074869297,0.131,51554.449
0.0085780052,0.077130705,0.131,51594.883
0.0066178553,0.079392105,0.131,51630.883
0.004833838,0.081653506,0.131,51658.973
0.0032335755,0.083914913,0.131,51678.309
0.0018167825,0.086176321,0.131,51688.172
0.00057688507,0.088437721,0.131,51689.855
0.012950447,0.074869297,0.131,51513.98
0.010697592,0.077130705,0.131,51554.77
0.0085780052,0.079392105,0.131,51594.418
0.0066178548,0.081653506,0.131,51627.953
0.0048338375,0.083914913,0.131,51652.484
0.0032335753,0.086176321,0.131,51667.918
0.0018167824,0.088437721,0.131,51673.699
0.00057688501,0.090699129,0.131,51671.938
0.01530157,0.074869297,0.131,51474.613
0.012950446,0.077130705,0.131,51514.266
0.010697592,0.079392105,0.131,51555.082
0.0085780043,0.081653506,0.131,51592.941
0.0066178543,0.083914913,0.131,51623.25
0.0048338375,0.086176321,0.131,51643.98
0.0032335748,0.088437721,0.131,51655.098
0.0018167823,0.090699129,0.131,51657.18
0.00057688495,0.092960536,0.131,51652.383
0.01530157,0.077130705,0.131,51474.875
0.012950446,0.079392105,0.131,51515.348
0.010697592,0.081653506,0.131,51555.18
0.0085780043,0.083914913,0.131,51590.395
0.0066178534,0.086176321,0.131,51617.047
0.004833837,0.088437721,0.131,51633.336
0.0032335748,0.090699129,0.131,51640.371
0.0018167822,0.092960536,0.131,51639.004
0.00057688495,0.095221937,0.131,51631.59
0.017708926,0.077130705,0.131,51438.832
0.01530157,0.079392105,0.131,51476.629
0.012950446,0.081653506,0.131,51516.965
0.010697591,0.083914913,0.131,51554.867
0.0085780034,0.086176321,0.131,51586.812
0.0066178534,0.088437721,0.131,51608.98
0.004833837,0.090699129,0.131,51620.875
0.0032335746,0.092960536,0.131,51624.027
0.0018167822,0.095221937,0.131,51619.57
0.00057688484,0.097483337,0.131,51610.199
0.017708926,0.079392105,0.131,51441.082
0.01530157,0.081653506,0.131,51479.605
0.012950446,0.083914913,0.131,51518.863
0.010697591,0.086176321,0.131,51554.148
0.0085780034,0.088437721,0.131,51581.828
0.0066178534,0.090699129,0.131,51599.375
0.0048338366,0.092960536,0.131,51606.867
0.0032335743,0.095221937,0.131,51606.426
0.0018167819,0.097483337,0.131,51599.461
0.00057688484,0.099744752,0.131,51588.82
0.020126244,0.079392105,0.131,51409.871
0.017708926,0.081653506,0.131,51445.051
0.01530157,0.083914913,0.131,51483.52
0.012950446,0.086176321,0.131,51520.98
0.01069759,0.088437721,0.131,51552.5
0.0085780034,0.090699129,0.131,51575.527
0.0066178525,0.092960536,0.131,51588.281
0.0048338361,0.095221937,0.131,51591.547
0.0032335741,0.097483337,0.131,51588.004
0.0018167817,0.099744752,0.131,51579.246
0.00057688472,0.10200615,0.131,51567.809
0.022506494,0.079392105,0.131,51384.418
0.020126244,0.081653506,0.131,51414.527
0.017708924,0.083914913,0.131,51450.582
0.015301569,0.086176321,0.131,51488.211
0.012950446,0.088437721,0.131,51522.684
0.01069759,0.090699129,0.131,51549.891
0.0085780034,0.092960536,0.131,51567.93
0.0066178525,0.095221937,0.131,51575.867
0.0048338361,0.097483337,0.131,51575.305
0.0032335739,0.099744752,0.131,51569.309
0.0018167816,0.10200615,0.131,51559.223
0.00057688472,0.10426755,0.131,51548.047
0.022506494,0.081653506,0.131,51389.355
0.020126244,0.083914913,0.131,51421.113
0.017708924,0.086176321,0.131,51457.391
0.015301569,0.088437721,0.131,51493.074
0.012950445,0.090699129,0.131,51523.832
0.01069759,0.092960536,0.131,51546.211
0.0085780025,0.095221937,0.131,51559.051
0.0066178516,0.097483337,0.131,51562.406
0.0048338352,0.099744752,0.131,51558.625
0.0032335734,0.10200615,0.131,51550.613
0.0018167815,0.10426755,0.131,51540.332
0.00057688472,0.10652896,0.131,51529.809
0.024805468,0.081653506,0.131,51369.043
0.022506494,0.083914913,0.131,51396.484
0.020126244,0.086176321,0.131,51429.457
0.017708924,0.088437721,0.131,51464.902
0.015301569,0.090699129,0.131,51497.832
0.012950445,0.092960536,0.131,51524.219
0.010697589,0.095221937,0.131,51541.301
0.0085780015,0.097483337,0.131,51549.004
0.0066178516,0.099744752,0.131,51548.316
0.0048338352,0.10200615,0.131,51541.719
0.0032335734,0.10426755,0.131,51532.914
0.0018167815,0.10652896,0.131,51522.844
0.0005768846,0.10879037,0.131,51513.82
0.026984915,0.081653506,0.131,51353.598
0.024805468,0.083914913,0.131,51376.168
0.022506494,0.086176321,0.131,51405.707
0.020126244,0.088437721,0.131,51438.969
0.017708924,0.090699129,0.131,51472.82
0.015301568,0.092960536,0.131,51502.09
0.012950444,0.095221937,0.131,51523.562
0.010697588,0.097483337,0.131,51535.195
0.0085780015,0.099744752,0.131,51538.152
0.0066178516,0.10200615,0.131,51533.746
0.0048338352,0.10426755,0.131,51525.582
0.0032335734,0.10652896,0.131,51516.371
0.0018167811,0.10879037,0.131,51507.453
0.0005768846,0.11105177,0.131,51500.035
0.029014807,0.081653506,0.131,51342.059
0.026984915,0.083914913,0.131,51360.477
0.024805468,0.086176321,0.131,51385.66
0.022506494,0.088437721,0.131,51416.438
0.020126244,0.090699129,0.131,51449.297
0.017708924,0.092960536,0.131,51480.629
0.015301568,0.095221937,0.131,51505.57
0.012950444,0.097483337,0.131,51521.711
0.010697588,0.099744752,0.131,51528.121
0.0085780015,0.10200615,0.131,51526.473
0.0066178511,0.10426755,0.131,51519.594
0.0048338347,0.10652896,0.131,51510.418
0.0032335729,0.10879037,0.131,51501.855
0.001816781,0.11105177,0.131,51494.195
0.00057688449,0.11331317,0.131,51488.703
0.030874446,0.081653506,0.131,51333.957
0.029014807,0.083914913,0.131,51348.488
0.026984915,0.086176321,0.131,51369.746
0.024805468,0.088437721,0.131,51396.938
0.022506494,0.090699129,0.131,51428.457
0.020126244,0.092960536,0.131,51460.109
0.017708924,0.095221937,0.131,51487.98
0.015301567,0.097483337,0.131,51508.059
0.012950443,0.099744752,0.131,51518.816
0.010697588,0.10200615,0.131,51519.973
0.0085780006,0.10426755,0.131,51514.91
0.0066178511,0.10652896,0.131,51506.168
0.0048338347,0.10879037,0.131,51496.957
0.0032335725,0.11105177,0.131,51489.281
0.0018167809,0.11331317,0.131,51483.414
0.00057688449,0.11557458,0.131,51480.32
0.032552496,0.081653506,0.131,51327.785
0.030874446,0.083914913,0.131,51339.902
0.029014807,0.086176321,0.131,51357.301
0.026984915,0.088437721,0.131,51381.043
0.024805468,0.090699129,0.131,51409.91
0.022506494,0.092960536,0.131,51441.379
0.020126244,0.095221937,0.131,51470.836
0.017708924,0.097483337,0.131,51494.547
0.015301567,0.099744752,0.131,51509.465
0.012950443,0.10200615,0.131,51514.535
0.010697588,0.10426755,0.131,51511.508
0.0085780006,0.10652896,0.131,51503.629
0.0066178497,0.10879037,0.131,51494.121
0.0048338342,0.11105177,0.131,51485.336
0.0032335725,0.11331317,0.131,51479.109
0.0018167808,0.11557458,0.131,51475.535
0.00057688443,0.11783598,0.131,51474.754
0.034046091,0.081653506,0.131,51323.668
0.032552496,0.083914913,0.131,51333.191
0.030874446,0.086176321,0.131,51348.211
0.029014807,0.088437721,0.131,51368.27
0.026984915,0.090699129,0.131,51394.301
0.024805468,0.092960536,0.131,51424.242
0.022506494,0.095221937,0.131,51454.711
0.020126244,0.097483337,0.131,51481.082
0.017708924,0.099744752,0.131,51500.203
0.015301567,0.10200615,0.131,51509.473
0.012950443,0.10426755,0.131,51509.629
0.010697587,0.10652896,0.131,51502.934
0.0085779997,0.10879037,0.131,51493.387
0.0066178497,0.11105177,0.131,51483.598
0.0048338333,0.11331317,0.131,51475.891
0.0032335722,0.11557458,0.131,51471.797
0.0018167808,0.11783598,0.131,51470.512
0.00057688437,0.12009738,0.131,51471.91
0.035359368,0.081653506,0.131,51321.188
0.034046091,0.083914913,0.131,51328.785
0.032552496,0.086176321,0.131,51340.945
0.030874446,0.088437721,0.131,51358.707
0.029014807,0.090699129,0.131,51381.43
0.026984915,0.092960536,0.131,51409.355
0.024805468,0.095221937,0.131,51439.496
0.022506494,0.097483337,0.131,51468.07
0.020126244,0.099744752,0.131,51490.656
0.017708922,0.10200615,0.131,51504.473
0.015301567,0.10426755,0.131,51508.613
0.012950443,0.10652896,0.131,51504.387
0.010697587,0.10879037,0.131,51495.008
0.0085779997,0.11105177,0.131,51484.375
0.0066178497,0.11331317,0.131,51475.02
0.0048338333,0.11557458,0.131,51469.172
0.003233572,0.11783598,0.131,51467.438
0.0018167805,0.12009738,0.131,51468.262
0.00057688437,0.12235879,0.131,51471.723
0.035359368,0.083914913,0.131,51326.027
0.034046091,0.086176321,0.131,51336.023
0.032552496,0.088437721,0.131,51350.812
0.030874446,0.090699129,0.131,51371.492
0.029014807,0.092960536,0.131,51396.598
0.026984915,0.095221937,0.131,51425.715
0.024805468,0.097483337,0.131,51455.18
0.022506494,0.099744752,0.131,51481.07
0.020126242,0.10200615,0.131,51499.02
0.017708922,0.10426755,0.131,51507.801
0.015301567,0.10652896,0.131,51506.914
0.012950443,0.10879037,0.131,51499.258
0.010697586,0.11105177,0.131,51487.883
0.0085779997,0.11331317,0.131,51477.047
0.0066178492,0.11557458,0.131,51468.902
0.0048338333,0.11783598,0.131,51465.258
0.0032335718,0.12009738,0.131,51465.742
0.0018167803,0.12235879,0.131,51468.742
0.00057688425,0.1246202,0.131,51473.883
0.036501735,0.083914913,0.131,51323.797
0.035359368,0.086176321,0.131,51332.941
0.034046095,0.088437721,0.131,51345.445
0.032552496,0.090699129,0.131,51363.098
0.030874446,0.092960536,0.131,51386.477
0.029014807,0.095221937,0.131,51413.52
0.026984915,0.097483337,0.131,51443.023
0.024805468,0.099744752,0.131,51470.969
0.022506492,0.10200615,0.131,51493.117
0.020126242,0.10426755,0.131,51506.383
0.017708922,0.10652896,0.131,51510.0
0.015301567,0.10879037,0.131,51505.02
0.012950442,0.11105177,0.131,51494.453
0.010697586,0.11331317,0.131,51481.996
0.0085779997,0.11557458,0.131,51472.137
0.0066178492,0.11783598,0.131,51465.258
0.0048338328,0.12009738,0.131,51464.004
0.0032335715,0.12235879,0.131,51466.855
0.0018167802,0.1246202,0.131,51471.645
0.00057688425,0.12682161,0.131,51477.965
0.037486169,0.083914913,0.131,51322.664
0.036501735,0.086176321,0.131,51330.426
0.035359368,0.088437721,0.131,51341.941
0.034046095,0.090699129,0.131,51357.215
0.032552496,0.092960536,0.131,51377.695
0.030874446,0.095221937,0.131,51403.449
0.029014807,0.097483337,0.131,51431.809
0.026984915,0.099744752,0.131,51460.887
0.024805468,0.10200615,0.131,51486.129
0.022506492,0.10426755,0.131,51504.324
0.020126242,0.10652896,0.131,51512.543
0.017708922,0.10879037,0.131,51511.578
0.015301567,0.11105177,0.131,51502.887
0.012950441,0.11331317,0.131,51490.43
0.010697586,0.11557458,0.131,51478.094
0.0085779987,0.11783598,0.131,51469.918
0.0066178488,0.12009738,0.131,51463.801
0.0048338328,0.12235879,0.131,51465.684
0.0032335713,0.1246202,0.131,51470.465
0.0018167801,0.12682161,0.131,51476.613
0.00057688419,0.12882334,0.131,51483.289
0.038327664,0.083914913,0.131,51321.602
0.037486169,0.086176321,0.131,51329.027
0.036501735,0.088437721,0.131,51339.031
0.035359368,0.090699129,0.131,51353.27
0.034046095,0.092960536,0.131,51371.355
0.032552496,0.095221937,0.131,51394.547
0.030874446,0.097483337,0.131,51422.141
0.029014807,0.099744752,0.131,51451.062
0.026984915,0.10200615,0.131,51478.551
0.024805468,0.10426755,0.131,51500.645
0.022506492,0.10652896,0.131,51514.301
0.020126242,0.10879037,0.131,51517.77
0.017708922,0.11105177,0.131,51512.52
0.015301567,0.11331317,0.131,51500.992
0.012950441,0.11557458,0.131,51487.879
0.010697586,0.11783598,0.131,51476.113
0.0085779978,0.12009738,0.131,51470.844
0.0066178478,0.12235879,0.131,51467.148
0.0048338324,0.1246202,0.131,51470.305
0.0032335711,0.12682161,0.131,51476.371
0.0018167801,0.12882334,0.131,51482.922
0.00057688414,0.13056397,0.131,51488.824
0.039042003,0.083914913,0.131,51320.949
0.038327664,0.086176321,0.131,51327.699
0.037486169,0.088437721,0.131,51337.312
0.036501735,0.090699129,0.131,51349.965
0.035359368,0.092960536,0.131,51366.969
0.034046095,0.095221937,0.131,51387.875
0.032552496,0.097483337,0.131,51413.395
0.030874448,0.099744752,0.131,51442.301
0.029014807,0.10200615,0.131,51470.613
0.026984915,0.10426755,0.131,51495.926
0.024805468,0.10652896,0.131,51514.086
0.022506492,0.10879037,0.131,51523.301
0.020126242,0.11105177,0.131,51522.039
0.017708922,0.11331317,0.131,51513.195
0.015301565,0.11557458,0.131,51500.102
0.01295044,0.11783598,0.131,51487.078
0.010697586,0.12009738,0.131,51476.566
0.0085779978,0.12235879,0.131,51472.801
0.0066178478,0.1246202,0.131,51472.438
0.0048338319,0.12682161,0.131,51477.051
0.0032335711,0.12882334,0.131,51483.602
0.00181678,0.13056397,0.131,51489.367
0.00057688414,0.13207759,0.131,51494.223
0.039042003,0.086176321,0.131,51326.988
0.038327664,0.088437721,0.131,51335.82
0.037486169,0.090699129,0.131,51347.883
0.036501735,0.092960536,0.131,51363.324
0.035359368,0.095221937,0.131,51383.129
0.034046095,0.097483337,0.131,51406.605
0.032552499,0.099744752,0.131,51433.918
0.030874448,0.10200615,0.131,51463.188
0.029014807,0.10426755,0.131,51490.293
0.026984915,0.10652896,0.131,51512.484
0.024805468,0.10879037,0.131,51526.633
0.022506492,0.11105177,0.131,51531.012
0.020126242,0.11331317,0.131,51525.695
0.017708922,0.11557458,0.131,51514.398
0.015301565,0.11783598,0.131,51500.52
0.01295044,0.12009738,0.131,51488.359
0.010697585,0.12235879,0.131,51480.023
0.0085779978,0.1246202,0.131,51477.977
0.0066178474,0.12682161,0.131,51480.082
0.0048338319,0.12882334,0.131,51485.223
0.0032335711,0.13056397,0.131,51491.023
0.0018167796,0.13207759,0.131,51495.637
0.00057688408,0.13339376,0.131,51499.379
0.039644849,0.086176321,0.131,51326.406
0.039042003,0.088437721,0.131,51334.918
0.038327664,0.090699129,0.131,51346.148
0.037486169,0.092960536,0.131,51360.855
0.036501735,0.095221937,0.131,51379.203
0.035359368,0.097483337,0.131,51401.609
0.034046095,0.099744752,0.131,51427.395
0.032552499,0.10200615,0.131,51455.656
0.030874448,0.10426755,0.131,51484.66
0.029014807,0.10652896,0.131,51509.508
0.026984915,0.10879037,0.131,51528.273
0.024805468,0.11105177,0.131,51537.844
0.022506492,0.11331317,0.131,51537.82
0.020126242,0.11557458,0.131,51529.398
0.017708922,0.11783598,0.131,51516.531
0.015301565,0.12009738,0.131,51502.672
0.01295044,0.12235879,0.131,51492.16
0.010697585,0.1246202,0.131,51486.191
0.0085779969,0.12682161,0.131,51485.934
0.0066178474,0.12882334,0.131,51489.145
0.0048338315,0.13056397,0.131,51493.59
0.0032335706,0.13207759,0.131,51498.242
0.0018167796,0.13339376,0.131,51501.629
0.00057688408,0.13453826,0.131,51504.051
0.039644849,0.088437721,0.131,51334.223
0.039042003,0.090699129,0.131,51345.051
0.038327664,0.092960536,0.131,51358.875
0.037486169,0.095221937,0.131,51376.406
0.036501735,0.097483337,0.131,51397.469
0.035359368,0.099744752,0.131,51422.414
0.034046095,0.10200615,0.131,51449.641
0.032552499,0.10426755,0.131,51478.332
0.030874448,0.10652896,0.131,51506.051
0.029014807,0.10879037,0.131,51528.203
0.026984915,0.11105177,0.131,51542.855
0.024805468,0.11331317,0.131,51547.98
0.022506492,0.11557458,0.131,51544.293
0.020126242,0.11783598,0.131,51533.578
0.017708922,0.12009738,0.131,51519.918
0.015301564,0.12235879,0.131,51507.18
0.01295044,0.1246202,0.131,51498.625
0.010697585,0.12682161,0.131,51494.816
0.0085779969,0.12882334,0.131,51495.648
0.0066178469,0.13056397,0.131,51498.469
0.004833831,0.13207759,0.131,51501.754
0.0032335706,0.13339376,0.131,51505.125
0.0018167796,0.13453826,0.131,51507.082
0.00057688402,0.13553348,0.131,51508.234
0.039644849,0.090699129,0.131,51344.191
0.039042003,0.092960536,0.131,51357.566
0.038327664,0.095221937,0.131,51374.125
0.037486169,0.097483337,0.131,51394.445
0.036501739,0.099744752,0.131,51418.164
0.035359368,0.10200615,0.131,51444.918
0.034046095,0.10426755,0.131,51473.25
0.032552499,0.10652896,0.131,51501.441
0.030874448,0.10879037,0.131,51527.18
0.029014807,0.11105177,0.131,51545.93
0.026984915,0.11331317,0.131,51556.305
0.024805468,0.11557458,0.131,51557.52
0.022506492,0.11783598,0.131,51550.895
0.020126242,0.12009738,0.131,51538.617
0.017708922,0.12235879,0.131,51525.301
0.015301564,0.1246202,0.131,51514.238
0.012950439,0.12682161,0.131,51507.68
0.010697584,0.12882334,0.131,51505.137
0.0085779959,0.13056397,0.131,51505.727
0.0066178464,0.13207759,0.131,51507.52
0.004833831,0.13339376,0.131,51509.543
0.0032335701,0.13453826,0.131,51511.406
0.0018167795,0.13553348,0.131,51512.012
0.00057688402,0.1363989,0.131,51511.957
0.039644849,0.092960536,0.131,51356.562
0.039042003,0.095221937,0.131,51372.609
0.038327664,0.097483337,0.131,51391.961
0.037486169,0.099744752,0.131,51414.973
0.036501739,0.10200615,0.131,51440.848
0.035359368,0.10426755,0.131,51469.16
0.034046095,0.10652896,0.131,51497.68
0.032552499,0.10879037,0.131,51524.738
0.030874448,0.11105177,0.131,51547.656
0.029014807,0.11331317,0.131,51562.539
0.026984915,0.11557458,0.131,51569.035
0.024805468,0.11783598,0.131,51566.855
0.022506492,0.12009738,0.131,51557.938
0.020126242,0.12235879,0.131,51545.195
0.01770892,0.1246202,0.131,51532.902
0.015301563,0.12682161,0.131,51523.645
0.012950439,0.12882334,0.131,51518.41
0.010697584,0.13056397,0.131,51515.801
0.0085779959,0.13207759,0.131,51515.641
0.006617846,0.13339376,0.131,51516.219
0.004833831,0.13453826,0.131,51516.676
0.0032335701,0.13553348,0.131,51517.039
0.0018167795,0.1363989,0.131,51516.387
0.00057688402,0.13715142,0.131,51515.215
0.039644849,0.095221937,0.131,51371.41
0.039042003,0.097483337,0.131,51390.211
0.038327664,0.099744752,0.131,51412.5
0.037486173,0.10200615,0.131,51437.707
0.036501739,0.10426755,0.131,51465.469
0.035359368,0.10652896,0.131,51494.555
0.034046095,0.10879037,0.131,51522.664
0.032552499,0.11105177,0.131,51547.621
0.030874448,0.11331317,0.131,51567.199
0.029014807,0.11557458,0.131,51578.422
0.026984915,0.11783598,0.131,51581.297
0.024805468,0.12009738,0.131,51576.262
0.022506492,0.12235879,0.131,51566.164
0.02012624,0.1246202,0.131,51553.645
0.01770892,0.12682161,0.131,51542.746
0.015301563,0.12882334,0.131,51534.707
0.012950439,0.13056397,0.131,51529.488
0.010697583,0.13207759,0.131,51526.348
0.0085779959,0.13339376,0.131,51525.152
0.006617846,0.13453826,0.131,51524.184
0.004833831,0.13553348,0.131,51523.125
0.0032335701,0.1363989,0.131,51522.16
0.0018167794,0.13715142,0.131,51520.234
0.00057688402,0.13780579,0.131,51518.09
0.039644849,0.097483337,0.131,51388.84
0.039042003,0.099744752,0.131,51410.52
0.038327664,0.10200615,0.131,51435.277
0.037486173,0.10426755,0.131,51462.613
0.036501739,0.10652896,0.131,51491.535
0.035359368,0.10879037,0.131,51520.84
0.034046095,0.11105177,0.131,51547.578
0.032552499,0.11331317,0.131,51569.859
0.030874448,0.11557458,0.131,51586.086
0.029014807,0.11783598,0.131,51593.703
0.026984915,0.12009738,0.131,51593.355
0.024805468,0.12235879,0.131,51586.445
0.022506492,0.1246202,0.131,51575.859
0.02012624,0.12682161,0.131,51564.016
0.01770892,0.12882334,0.131,51554.031
0.015301563,0.13056397,0.131,51546.094
0.012950438,0.13207759,0.131,51540.461
0.010697583,0.13339376,0.131,51536.441
0.0085779959,0.13453826,0.131,51533.871
0.006617846,0.13553348,0.131,51531.41
0.0048338305,0.1363989,0.131,51528.895
0.0032335701,0.13715142,0.131,51526.613
0.0018167794,0.13780579,0.131,51523.629
0.00057688402,0.13837482,0.131,51520.551
0.039644849,0.099744752,0.131,51409.02
0.039042003,0.10200615,0.131,51433.211
0.038327664,0.10426755,0.131,51460.336
0.037486173,0.10652896,0.131,51489.227
0.036501739,0.10879037,0.131,51518.852
0.035359368,0.11105177,0.131,51547.457
0.034046095,0.11331317,0.131,51572.043
0.032552499,0.11557458,0.131,51591.57
0.030874448,0.11783598,0.131,51604.395
0.029014807,0.12009738,0.131,51608.637
0.026984915,0.12235879,0.131,51605.891
0.024805468,0.1246202,0.131,51597.762
0.022506492,0.12682161,0.131,51587.098
0.02012624,0.12882334,0.131,51575.602
0.01770892,0.13056397,0.131,51565.523
0.015301563,0.13207759,0.131,51557.254
0.012950437,0.13339376,0.131,51550.977
0.010697583,0.13453826,0.131,51545.805
0.0085779959,0.13553348,0.131,51541.812
0.006617846,0.1363989,0.131,51537.871
0.0048338305,0.13715142,0.131,51533.98
0.0032335701,0.13780579,0.131,51530.531
0.0018167794,0.13837482,0.131,51526.574
0.00057688396,0.13886961,0.131,51522.727
0.039644849,0.10200615,0.131,51431.633
0.039042003,0.10426755,0.131,51458.332
0.038327664,0.10652896,0.131,51487.344
0.037486173,0.10879037,0.131,51517.477
0.036501739,0.11105177,0.131,51546.848
0.035359368,0.11331317,0.131,51573.969
0.034046095,0.11557458,0.131,51596.234
0.032552499,0.11783598,0.131,51612.754
0.030874448,0.12009738,0.131,51622.211
0.029014807,0.12235879,0.131,51623.727
0.026984915,0.1246202,0.131,51619.168
0.024805468,0.12682161,0.131,51610.215
0.022506492,0.12882334,0.131,51599.223
0.02012624,0.13056397,0.131,51587.234
0.01770892,0.13207759,0.131,51576.727
0.015301563,0.13339376,0.131,51567.883
0.012950437,0.13453826,0.131,51560.699
0.010697583,0.13553348,0.131,51554.309
0.0085779959,0.1363989,0.131,51548.91
0.006617846,0.13715142,0.131,51543.605
0.0048338305,0.13780579,0.131,51538.469
0.0032335699,0.13837482,0.131,51533.914
0.0018167794,0.13886961,0.131,51529.137
0.00057688396,0.13929988,0.131,51524.59
0.039644849,0.10426755,0.131,51456.957
0.039042003,0.10652896,0.131,51485.668
0.038327664,0.10879037,0.131,51516.219
0.037486173,0.11105177,0.131,51546.648
0.036501743,0.11331317,0.131,51575.09
0.035359371,0.11557458,0.131,51600.426
0.034046095,0.11783598,0.131,51620.098
0.032552499,0.12009738,0.131,51633.539
0.030874448,0.12235879,0.131,51640.102
0.029014809,0.1246202,0.131,51639.332
0.026984915,0.12682161,0.131,51633.242
0.024805468,0.12882334,0.131,51623.176
0.022506492,0.13056397,0.131,51611.133
0.020126238,0.13207759,0.131,51598.531
0.01770892,0.13339376,0.131,51587.434
0.015301563,0.13453826,0.131,51577.801
0.012950437,0.13553348,0.131,51569.535
0.010697583,0.1363989,0.131,51561.934
0.008577995,0.13715142,0.131,51555.25
0.006617846,0.13780579,0.131,51548.633
0.0048338305,0.13837482,0.131,51542.387
0.0032335699,0.13886961,0.131,51536.949
0.0018167794,0.13929988,0.131,51531.348
0.039644849,0.10652896,0.131,51484.52
0.039042003,0.10879037,0.131,51515.035
0.038327664,0.11105177,0.131,51546.297
0.037486173,0.11331317,0.131,51576.301
0.036501743,0.11557458,0.131,51603.559
0.035359371,0.11783598,0.131,51626.73
0.034046095,0.12009738,0.131,51643.598
0.032552499,0.12235879,0.131,51654.203
0.030874448,0.1246202,0.131,51658.266
0.029014809,0.12682161,0.131,51655.344
0.026984915,0.12882334,0.131,51647.449
0.024805468,0.13056397,0.131,51635.648
0.022506492,0.13207759,0.131,51622.523
0.020126238,0.13339376,0.131,51609.25
0.01770892,0.13453826,0.131,51597.348
0.015301563,0.13553348,0.131,51586.789
0.012950437,0.1363989,0.131,51577.48
0.010697582,0.13715142,0.131,51568.648
0.008577995,0.13780579,0.131,51560.758
0.0066178455,0.13837482,0.131,51553.047
0.0048338305,0.13886961,0.131,51545.793
0.0032335699,0.13929988,0.131,51539.52
0.039644849,0.10879037,0.131,51514.277
0.039042003,0.11105177,0.131,51545.871
0.038327664,0.11331317,0.131,51577.191
0.037486173,0.11557458,0.131,51606.492
0.036501743,0.11783598,0.131,51632.074
0.035359371,0.12009738,0.131,51652.887
0.034046095,0.12235879,0.131,51667.09
0.032552499,0.1246202,0.131,51675.051
0.03087445,0.12682161,0.131,51676.613
0.029014809,0.12882334,0.131,51671.129
0.026984915,0.13056397,0.131,51660.812
0.024805468,0.13207759,0.131,51647.457
0.022506492,0.13339376,0.131,51633.285
0.020126238,0.13453826,0.131,51619.098
0.01770892,0.13553348,0.131,51606.348
0.015301563,0.1363989,0.131,51594.863
0.012950437,0.13715142,0.131,51584.527
0.010697582,0.13780579,0.131,51574.617
0.008577995,0.13837482,0.131,51565.605
0.0066178455,0.13886961,0.131,51556.871
0.0048338305,0.13929988,0.131,51548.75
0.039644849,0.11105177,0.131,51545.766
0.039042003,0.11331317,0.131,51577.789
0.038327664,0.11557458,0.131,51608.777
0.037486173,0.11783598,0.131,51636.977
0.036501743,0.12009738,0.131,51660.59
0.035359371,0.12235879,0.131,51678.988
0.034046095,0.1246202,0.131,51690.672
0.032552503,0.12682161,0.131,51695.848
0.03087445,0.12882334,0.131,51694.305
0.029014809,0.13056397,0.131,51685.777
0.026984919,0.13207759,0.131,51673.32
0.024805468,0.13339376,0.131,51658.555
0.022506492,0.13453826,0.131,51643.219
0.020126238,0.13553348,0.131,51628.133
0.01770892,0.1363989,0.131,51614.441
0.015301563,0.13715142,0.131,51602.07
0.012950437,0.13780579,0.131,51590.715
0.010697582,0.13837482,0.131,51579.816
0.008577995,0.13886961,0.131,51569.797
0.0066178455,0.13929988,0.131,51560.195
0.040151075,0.11105177,0.131,51545.414
0.039644849,0.11331317,0.131,51578.391
0.039042003,0.11557458,0.131,51610.629
0.038327664,0.11783598,0.131,51640.98
0.037486173,0.12009738,0.131,51667.566
0.036501743,0.12235879,0.131,51689.223
0.035359371,0.1246202,0.131,51705.367
0.034046095,0.12682161,0.131,51714.184
0.032552503,0.12882334,0.131,51715.773
0.03087445,0.13056397,0.131,51710.594
0.029014809,0.13207759,0.131,51699.332
0.026984919,0.13339376,0.131,51685.047
0.024805468,0.13453826,0.131,51668.758
0.022506492,0.13553348,0.131,51652.297
0.020126238,0.1363989,0.131,51636.242
0.01770892,0.13715142,0.131,51621.672
0.015301563,0.13780579,0.131,51608.41
0.012950437,0.13837482,0.131,51596.16
0.010697582,0.13886961,0.131,51584.332
0.008577995,0.13929988,0.131,51573.453
0.040151075,0.11331317,0.131,51578.73
0.039644849,0.11557458,0.131,51612.293
0.039042007,0.11783598,0.131,51644.242
0.038327664,0.12009738,0.131,51673.449
0.037486173,0.12235879,0.131,51698.465
0.036501743,0.1246202,0.131,51718.094
0.035359371,0.12682161,0.131,51731.52
0.034046099,0.12882334,0.131,51736.504
0.032552503,0.13056397,0.131,51733.941
0.03087445,0.13207759,0.131,51725.598
0.029014809,0.13339376,0.131,51711.941
0.026984919,0.13453826,0.131,51695.754
0.024805468,0.13553348,0.131,51678.051
0.022506492,0.1363989,0.131,51660.477
0.020126238,0.13715142,0.131,51643.477
0.01770892,0.13780579,0.131,51628.094
0.015301563,0.13837482,0.131,51613.988
0.012950436,0.13886961,0.131,51600.902
0.010697582,0.13929988,0.131,51588.281
0.040151075,0.11557458,0.131,51613.496
0.039644852,0.11783598,0.131,51647.18
0.039042007,0.12009738,0.131,51678.332
0.038327664,0.12235879,0.131,51706.34
0.037486173,0.1246202,0.131,51729.734
0.036501743,0.12682161,0.131,51746.82
0.035359371,0.12882334,0.131,51756.316
0.034046099,0.13056397,0.131,51756.789
0.032552503,0.13207759,0.131,51750.629
0.03087445,0.13339376,0.131,51739.516
0.029014809,0.13453826,0.131,51723.566
0.026984919,0.13553348,0.131,51705.582
0.024805468,0.1363989,0.131,51686.496
0.022506492,0.13715142,0.131,51667.84
0.020126238,0.13780579,0.131,51649.898
0.01770892,0.13837482,0.131,51633.762
0.015301562,0.13886961,0.131,51618.855
0.012950436,0.13929988,0.131,51605.027
0.040581737,0.11557458,0.131,51614.883
0.040151075,0.11783598,0.131,51649.422
0.039644852,0.12009738,0.131,51682.68
0.039042007,0.12235879,0.131,51713.043
0.038327664,0.1246202,0.131,51739.785
0.037486173,0.12682161,0.131,51760.898
0.036501743,0.12882334,0.131,51774.004
0.035359371,0.13056397,0.131,51778.891
0.034046099,0.13207759,0.131,51775.441
0.032552503,0.13339376,0.131,51766.07
0.03087445,0.13453826,0.131,51752.328
0.029014809,0.13553348,0.131,51734.164
0.026984919,0.1363989,0.131,51714.508
0.024805468,0.13715142,0.131,51694.074
0.022506492,0.13780579,0.131,51674.367
0.020126238,0.13837482,0.131,51655.555
0.01770892,0.13886961,0.131,51638.668
0.015301561,0.13929988,0.131,51623.102
0.041001536,0.11557458,0.131,51616.176
0.040581737,0.11783598,0.131,51651.684
0.040151075,0.12009738,0.131,51686.125
0.039644852,0.12235879,0.131,51718.949
0.039042007,0.1246202,0.131,51748.492
0.038327664,0.12682161,0.131,51773.277
0.037486173,0.12882334,0.131,51790.594
0.036501743,0.13056397,0.131,51798.879
0.035359371,0.13207759,0.131,51799.598
0.034046099,0.13339376,0.131,51792.699
0.032552503,0.13453826,0.131,51780.273
0.03087445,0.13553348,0.131,51764.047
0.029014809,0.1363989,0.131,51743.84
0.026984919,0.13715142,0.131,51722.57
0.024805468,0.13780579,0.131,51700.891
0.022506492,0.13837482,0.131,51680.191
0.020126238,0.13886961,0.131,51660.594
0.01770892,0.13929988,0.131,51642.977
0.041463312,0.11557458,0.131,51617.711
0.041001536,0.11783598,0.131,51653.824
0.040581737,0.12009738,0.131,51689.406
0.040151075,0.12235879,0.131,51723.758
0.039644852,0.1246202,0.131,51756.094
0.039042007,0.12682161,0.131,51784.027
0.038327664,0.12882334,0.131,51805.207
0.037486173,0.13056397,0.131,51817.688
0.036501743,0.13207759,0.131,51821.75
0.035359371,0.13339376,0.131,51818.762
0.034046099,0.13453826,0.131,51808.59
0.032552503,0.13553348,0.131,51793.367
0.03087445,0.1363989,0.131,51774.758
0.029014809,0.13715142,0.131,51752.613
0.026984919,0.13780579,0.131,51729.812
0.024805468,0.13837482,0.131,51706.934
0.022506492,0.13886961,0.131,51685.316
0.020126238,0.13929988,0.131,51664.98
0.041463312,0.11783598,0.131,51656.344
0.041001536,0.12009738,0.131,51692.602
0.040581737,0.12235879,0.131,51728.234
0.040151075,0.1246202,0.131,51762.441
0.039644852,0.12682161,0.131,51793.488
0.039042007,0.12882334,0.131,51818.043
0.038327664,0.13056397,0.131,51834.434
0.037486173,0.13207759,0.131,51842.59
0.036501743,0.13339376,0.131,51842.898
0.035359371,0.13453826,0.131,51836.418
0.034046099,0.13553348,0.131,51823.195
0.032552503,0.1363989,0.131,51805.301
0.03087445,0.13715142,0.131,51784.516
0.029014809,0.13780579,0.131,51760.527
0.026984919,0.13837482,0.131,51736.316
0.024805468,0.13886961,0.131,51712.305
0.022506492,0.13929988,0.131,51689.797
0.041971266,0.11783598,0.131,51659.008
0.041463312,0.12009738,0.131,51696.258
0.041001536,0.12235879,0.131,51732.629
0.040581737,0.1246202,0.131,51768.262
0.040151075,0.12682161,0.131,51801.504
0.039644852,0.12882334,0.131,51829.242
0.039042007,0.13056397,0.131,51849.246
0.038327664,0.13207759,0.131,51861.359
0.037486173,0.13339376,0.131,51865.684
0.036501743,0.13453826,0.131,51862.445
0.035359371,0.13553348,0.131,51852.691
0.034046099,0.1363989,0.131,51836.555
0.032552503,0.13715142,0.131,51816.184
0.03087445,0.13780579,0.131,51793.266
0.029014809,0.13837482,0.131,51767.617
0.026984919,0.13886961,0.131,51742.078
0.024805468,0.13929988,0.131,51717.082
0.042530023,0.11783598,0.131,51662.145
0.041971266,0.12009738,0.131,51700.238
0.041463312,0.12235879,0.131,51737.605
0.041001536,0.1246202,0.131,51774.0
0.040581737,0.12682161,0.131,51808.797
0.040151075,0.12882334,0.131,51839.051
0.039644852,0.13056397,0.131,51862.176
0.039042007,0.13207759,0.131,51877.988
0.038327664,0.13339376,0.131,51886.316
0.037486173,0.13453826,0.131,51886.977
0.036501743,0.13553348,0.131,51880.387
0.035359371,0.1363989,0.131,51867.59
0.034046099,0.13715142,0.131,51848.758
0.032552503,0.13780579,0.131,51826.059
0.03087445,0.13837482,0.131,51801.164
0.029014809,0.13886961,0.131,51774.012
0.026984919,0.13929988,0.131,51747.188
0.043144647,0.11783598,0.131,51665.648
0.042530023,0.12009738,0.131,51704.809
0.041971266,0.12235879,0.131,51743.082
0.041463312,0.1246202,0.131,51780.504
0.041001536,0.12682161,0.131,51815.98
0.040581737,0.12882334,0.131,51847.781
0.040151075,0.13056397,0.131,51873.586
0.039644852,0.13207759,0.131,51892.617
0.039042007,0.13339376,0.131,51904.672
0.038327664,0.13453826,0.131,51909.328
0.037486173,0.13553348,0.131,51906.574
0.036501743,0.1363989,0.131,51896.852
0.035359371,0.13715142,0.131,51881.156
0.034046099,0.13780579,0.131,51859.809
0.032552503,0.13837482,0.131,51834.945
0.03087445,0.13886961,0.131,51808.27
0.029014809,0.13929988,0.131,51779.641
0.043820739,0.11783598,0.131,51669.965
0.043144647,0.12009738,0.131,51709.965
0.042530023,0.12235879,0.131,51749.375
0.041971266,0.1246202,0.131,51787.68
0.041463312,0.12682161,0.131,51824.168
0.041001536,0.12882334,0.131,51856.434
0.040581737,0.13056397,0.131,51883.707
0.040151075,0.13207759,0.131,51905.48
0.039644852,0.13339376,0.131,51920.828
0.039042007,0.13453826,0.131,51929.242
0.038327664,0.13553348,0.131,51930.488
0.037486173,0.1363989,0.131,51924.512
0.036501743,0.13715142,0.131,51911.871
0.035359371,0.13780579,0.131,51893.496
0.034046099,0.13837482,0.131,51869.754
0.032552503,0.13886961,0.131,51842.926
0.03087445,0.13929988,0.131,51814.547
0.044564433,0.11783598,0.131,51674.801
0.043820739,0.12009738,0.131,51716.105
0.043144647,0.12235879,0.131,51756.457
0.042530023,0.1246202,0.131,51795.945
0.041971266,0.12682161,0.131,51833.289
0.041463312,0.12882334,0.131,51866.324
0.041001536,0.13056397,0.131,51893.793
0.040581737,0.13207759,0.131,51916.934
0.040151075,0.13339376,0.131,51935.047
0.039644852,0.13453826,0.131,51946.812
0.039042007,0.13553348,0.131,51951.859
0.038327664,0.1363989,0.131,51949.836
0.037486173,0.13715142,0.131,51940.844
0.036501743,0.13780579,0.131,51925.406
0.035359371,0.13837482,0.131,51904.582
0.034046099,0.13886961,0.131,51878.699
0.032552503,0.13929988,0.131,51850.039
0.045382503,0.11783598,0.131,51680.898
0.044564433,0.12009738,0.131,51723.043
0.043820739,0.12235879,0.131,51764.781
0.043144647,0.1246202,0.131,51805.273
0.042530023,0.12682161,0.131,51843.738
0.041971266,0.12882334,0.131,51877.395
0.041463312,0.13056397,0.131,51905.285
0.041001536,0.13207759,0.131,51928.363
0.040581737,0.13339376,0.131,51947.73
0.040151075,0.13453826,0.131,51962.316
0.039644852,0.13553348,0.131,51970.73
0.039042007,0.1363989,0.131,51972.48
0.038327664,0.13715142,0.131,51967.422
0.037486173,0.13780579,0.131,51955.637
0.036501743,0.13837482,0.131,51937.66
0.035359375,0.13886961,0.131,51914.512
0.034046099,0.13929988,0.131,51886.695
0.046282377,0.11783598,0.131,51688.32
0.045382503,0.12009738,0.131,51731.543
0.044564433,0.12235879,0.131,51774.281
0.043820739,0.1246202,0.131,51816.254
0.043144647,0.12682161,0.131,51855.617
0.042530023,0.12882334,0.131,51890.098
0.041971266,0.13056397,0.131,51918.234
0.041463312,0.13207759,0.131,51941.383
0.041001536,0.13339376,0.131,51960.387
0.040581737,0.13453826,0.131,51976.121
0.040151075,0.13553348,0.131,51987.352
0.039644852,0.1363989,0.131,51992.539
0.039042007,0.13715142,0.131,51991.277
0.038327664,0.13780579,0.131,51983.332
0.037486173,0.13837482,0.131,51968.949
0.036501743,0.13886961,0.131,51948.629
0.035359375,0.13929988,0.131,51923.383
0.047272243,0.11783598,0.131,51697.09
0.046282377,0.12009738,0.131,51741.73
0.045382503,0.12235879,0.131,51785.703
0.044564433,0.1246202,0.131,51828.684
0.043820739,0.12682161,0.131,51869.461
0.043144647,0.12882334,0.131,51904.539
0.042530023,0.13056397,0.131,51933.09
0.041971266,0.13207759,0.131,51956.09
0.041463312,0.13339376,0.131,51974.859
0.041001536,0.13453826,0.131,51989.914
0.040581737,0.13553348,0.131,52002.184
0.040151075,0.1363989,0.131,52010.215
0.039644852,0.13715142,0.131,52012.391
0.039042007,0.13780579,0.131,52008.215
0.038327664,0.13837482,0.131,51997.629
0.037486173,0.13886961,0.131,51980.879
0.036501743,0.13929988,0.131,51958.414
0.048361089,0.11783598,0.131,51708.406
0.047272243,0.12009738,0.131,51753.762
0.046282377,0.12235879,0.131,51799.301
0.045382503,0.1246202,0.131,51843.57
0.044564433,0.12682161,0.131,51885.27
0.043820739,0.12882334,0.131,51921.395
0.043144647,0.13056397,0.131,51950.02
0.042530023,0.13207759,0.131,51972.984
0.041971266,0.13339376,0.131,51991.191
0.041463312,0.13453826,0.131,52005.703
0.041001536,0.13553348,0.131,52017.012
0.040581737,0.1363989,0.131,52025.965
0.040151075,0.13715142,0.131,52030.973
0.039644852,0.13780579,0.131,52030.312
0.039042007,0.13837482,0.131,52023.469
0.038327664,0.13886961,0.131,52010.445
0.037486173,0.13929988,0.131,51991.52
0.048361089,0.12009738,0.131,51768.898
0.047272243,0.12235879,0.131,51815.301
0.046282377,0.1246202,0.131,51861.199
0.045382503,0.12682161,0.131,51904.066
0.044564433,0.12882334,0.131,51940.648
0.043820739,0.13056397,0.131,51969.777
0.043144647,0.13207759,0.131,51992.293
0.042530023,0.13339376,0.131,52009.98
0.041971266,0.13453826,0.131,52023.523
0.041463312,0.13553348,0.131,52033.969
0.041001536,0.1363989,0.131,52041.75
0.040581737,0.13715142,0.131,52047.559
0.040151075,0.13780579,0.131,52049.734
0.039644852,0.13837482,0.131,52046.406
0.039042007,0.13886961,0.131,52037.16
0.038327664,0.13929988,0.131,52021.875
0.049535982,0.12009738,0.131,51786.977
0.048361089,0.12235879,0.131,51835.191
0.047272243,0.1246202,0.131,51882.027
0.046282377,0.12682161,0.131,51926.277
0.045382503,0.12882334,0.131,51963.5
0.044564433,0.13056397,0.131,51992.41
0.043820739,0.13207759,0.131,52014.746
0.043144647,0.13339376,0.131,52031.461
0.042530023,0.13453826,0.131,52044.051
0.041971266,0.13553348,0.131,52053.18
0.041463312,0.1363989,0.131,52059.762
0.041001536,0.13715142,0.131,52064.168
0.040581737,0.13780579,0.131,52067.027
0.040151075,0.13837482,0.131,52066.574
0.039644852,0.13886961,0.131,52060.824
0.039042007,0.13929988,0.131,52049.293
0.05074507,0.12009738,0.131,51808.102
0.049535982,0.12235879,0.131,51858.793
0.048361089,0.1246202,0.131,51907.605
0.047272243,0.12682161,0.131,51952.559
0.046282377,0.12882334,0.131,51990.5
0.045382503,0.13056397,0.131,52019.152
0.044564433,0.13207759,0.131,52040.562
0.043820739,0.13339376,0.131,52056.434
0.043144647,0.13453826,0.131,52067.512
0.042530023,0.13553348,0.131,52075.242
0.041971266,0.1363989,0.131,52080.184
0.041463312,0.13715142,0.131,52083.152
0.041001536,0.13780579,0.131,52084.383
0.040581737,0.13837482,0.131,52084.512
0.040151075,0.13886961,0.131,52081.633
0.039644852,0.13929988,0.131,52073.637
0.051954158,0.12009738,0.131,51832.172
0.05074507,0.12235879,0.131,51886.051
0.049535982,0.1246202,0.131,51937.941
0.048361089,0.12682161,0.131,51984.684
0.047272243,0.12882334,0.131,52022.398
0.046282377,0.13056397,0.131,52050.727
0.045382503,0.13207759,0.131,52070.977
0.044564433,0.13339376,0.131,52085.16
0.043820739,0.13453826,0.131,52094.812
0.043144647,0.13553348,0.131,52100.547
0.042530023,0.1363989,0.131,52103.676
0.041971266,0.13715142,0.131,52104.648
0.041463312,0.13780579,0.131,52104.199
0.041001536,0.13837482,0.131,52102.484
0.040581737,0.13886961,0.131,52100.129
0.040151075,0.13929988,0.131,52095.023
0.053163245,0.12009738,0.131,51859.605
0.051954158,0.12235879,0.131,51916.715
0.05074507,0.1246202,0.131,51972.66
0.049535982,0.12682161,0.131,52022.672
0.048361089,0.12882334,0.131,52061.305
0.047272243,0.13056397,0.131,52088.117
0.046282377,0.13207759,0.131,52106.906
0.045382503,0.13339376,0.131,52119.004
0.044564433,0.13453826,0.131,52126.207
0.043820739,0.13553348,0.131,52129.906
0.043144647,0.1363989,0.131,52130.543
0.042530023,0.13715142,0.131,52129.383
0.041971266,0.13780579,0.131,52126.672
0.041463312,0.13837482,0.131,52123.074
0.041001536,0.13886961,0.131,52118.691
0.040581737,0.13929988,0.131,52114.0
0.053163245,0.12235879,0.131,51951.16
0.051954158,0.1246202,0.131,52011.285
0.05074507,0.12682161,0.131,52065.918
0.049535982,0.12882334,0.131,52107.242
0.048361089,0.13056397,0.131,52133.5
0.047272243,0.13207759,0.131,52149.367
0.046282377,0.13339376,0.131,52158.898
0.045382503,0.13453826,0.131,52163.148
0.044564433,0.13553348,0.131,52163.68
0.043820739,0.1363989,0.131,52161.766
0.043144647,0.13715142,0.131,52157.652
0.042530023,0.13780579,0.131,52152.496
0.041971266,0.13837482,0.131,52146.398
0.041463312,0.13886961,0.131,52139.926
0.041001536,0.13929988,0.131,52133.055
0.053163245,0.1246202,0.131,52054.266
0.051954158,0.12682161,0.131,52113.734
0.05074507,0.12882334,0.131,52159.316
0.049535982,0.13056397,0.131,52187.035
0.048361089,0.13207759,0.131,52200.809
0.047272243,0.13339376,0.131,52206.07
0.046282377,0.13453826,0.131,52206.617
0.045382503,0.13553348,0.131,52203.363
0.044564433,0.1363989,0.131,52197.68
0.043820739,0.13715142,0.131,52190.559
0.043144647,0.13780579,0.131,52182.098
0.042530023,0.13837482,0.131,52173.207
0.041971266,0.13886961,0.131,52164.004
0.041463312,0.13929988,0.131,52154.91
0.053163245,0.12682161,0.131,52166.387
0.051954158,0.12882334,0.131,52216.527
0.05074507,0.13056397,0.131,52247.574
0.049535982,0.13207759,0.131,52261.496
0.048361089,0.13339376,0.131,52263.105
0.047272243,0.13453826,0.131,52258.004
0.046282377,0.13553348,0.131,52250.113
0.045382503,0.1363989,0.131,52239.883
0.044564433,0.13715142,0.131,52228.359
0.043820739,0.13780579,0.131,52216.387
0.043144647,0.13837482,0.131,52203.895
0.042530023,0.13886961,0.131,52191.656
0.041971266,0.13929988,0.131,52179.617
0.053163245,0.12882334,0.131,52279.262
0.051954158,0.13056397,0.131,52313.844
0.05074507,0.13207759,0.131,52329.891
0.049535982,0.13339376,0.131,52330.262
0.048361089,0.13453826,0.131,52320.172
0.047272243,0.13553348,0.131,52305.395
0.046282377,0.1363989,0.131,52289.527
0.045382503,0.13715142,0.131,52272.797
0.044564433,0.13780579,0.131,52255.895
0.043820739,0.13837482,0.131,52239.492
0.043144647,0.13886961,0.131,52223.348
0.042530023,0.13929988,0.131,52208.023
0.053163245,0.13056397,0.131,52386.105
0.051954158,0.13207759,0.131,52404.539
0.05074507,0.13339376,0.131,52405.875
0.049535982,0.13453826,0.131,52393.227
0.048361089,0.13553348,0.131,52372.07
0.047272243,0.1363989,0.131,52348.219
0.046282377,0.13715142,0.131,52325.016
0.045382503,0.13780579,0.131,52302.27
0.044564433,0.13837482,0.131,52280.492
0.043820739,0.13886961,0.131,52260.059
0.043144647,0.13929988,0.131,52240.582
0.053163245,0.13207759,0.131,52485.57
0.051954158,0.13339376,0.131,52488.051
0.05074507,0.13453826,0.131,52475.27
0.049535982,0.13553348,0.131,52450.383
0.048361089,0.1363989,0.131,52418.902
0.047272243,0.13715142,0.131,52386.715
0.046282377,0.13780579,0.131,52356.789
0.045382503,0.13837482,0.131,52328.574
0.044564433,0.13886961,0.131,52302.363
0.043820739,0.13929988,0.131,52278.258
0.053163245,0.13339376,0.131,52577.109
0.051954158,0.13453826,0.131,52564.199
0.05074507,0.13553348,0.131,52538.086
0.049535982,0.1363989,0.131,52501.867
0.048361089,0.13715142,0.131,52460.949
0.047272243,0.13780579,0.131,52421.152
0.046282377,0.13837482,0.131,52385.09
0.045382503,0.13886961,0.131,52351.965
0.044564433,0.13929988,0.131,52321.773
0.053163245,0.13453826,0.131,52660.367
0.051954158,0.13553348,0.131,52633.031
0.05074507,0.1363989,0.131,52594.59
0.049535982,0.13715142,0.131,52547.957
0.048361089,0.13780579,0.131,52498.477
0.047272243,0.13837482,0.131,52451.805
0.046282377,0.13886961,0.131,52410.227
0.045382503,0.13929988,0.131,52372.66
0.053163245,0.13553348,0.131,52735.469
0.051954158,0.1363989,0.131,52694.797
0.05074507,0.13715142,0.131,52645.082
0.049535982,0.13780579,0.131,52589.031
0.048361089,0.13837482,0.131,52531.867
0.047272243,0.13886961,0.131,52478.973
0.046282377,0.13929988,0.131,52432.449
0.053163245,0.1363989,0.131,52802.742
0.051954158,0.13715142,0.131,52749.879
0.05074507,0.13780579,0.131,52689.98
0.049535982,0.13837482,0.131,52625.492
0.048361089,0.13886961,0.131,52561.375
0.047272243,0.13929988,0.131,52503.008
0.053163245,0.13715142,0.131,52862.676
0.051954158,0.13780579,0.131,52798.789
0.05074507,0.13837482,0.131,52729.754
0.049535982,0.13886961,0.131,52657.691
0.048361089,0.13929988,0.131,52587.418
0.053163245,0.13780579,0.131,52915.801
0.051954158,0.13837482,0.131,52842.082
0.05074507,0.13886961,0.131,52764.844
0.049535982,0.13929988,0.131,52686.066
0.053163245,0.13837482,0.131,52962.75
0.051954158,0.13886961,0.131,52880.215
0.05074507,0.13929988,0.131,52795.727
0.053163245,0.13886961,0.131,53004.055
0.051954158,0.13929988,0.131,52913.762
0.053163245,0.13929988,0.131,53040.324
0.0018167839,0.065823682,0.131,51686.32
0.00057688559,0.063562274,0.131,51688.141
0.0085780062,0.07260789,0.131,51593.359
0.0048338394,0.068085089,0.131,51650.562
0.0032335776,0.065823682,0.131,51665.828
0.001816784,0.063562274,0.131,51671.73
0.00057688565,0.061300874,0.131,51670.43
0.010697593,0.07260789,0.131,51553.977
0.0085780071,0.07034649,0.131,51591.27
0.0066178567,0.068085089,0.131,51621.18
0.0048338398,0.065823682,0.131,51641.691
0.0032335776,0.063562274,0.131,51652.875
0.0018167843,0.061300874,0.131,51655.387
0.00057688565,0.059039466,0.131,51651.066
0.040581737,0.11331317,0.131,51579.332
0.012950447,0.07260789,0.131,51514.277
0.010697594,0.07034649,0.131,51553.414
0.0085780071,0.068085089,0.131,51588.188
0.0066178571,0.065823682,0.131,51614.535
0.0048338403,0.063562274,0.131,51630.785
0.0032335778,0.061300874,0.131,51638.293
0.0018167843,0.059039466,0.131,51637.367
0.00057688577,0.056778062,0.131,51630.727
0.041001536,0.11331317,0.131,51579.922
0.040581737,0.11105177,0.131,51545.426
0.040151075,0.10879037,0.131,51513.449
0.020126244,0.077130705,0.131,51407.375
0.017708926,0.074869297,0.131,51438.625
0.01530157,0.07260789,0.131,51475.668
0.012950448,0.07034649,0.131,51515.301
0.010697594,0.068085089,0.131,51552.578
0.0085780071,0.065823682,0.131,51584.125
0.0066178571,0.063562274,0.131,51606.199
0.0048338408,0.061300874,0.131,51618.422
0.0032335781,0.059039466,0.131,51622.043
0.0018167845,0.056778062,0.131,51618.391
0.00057688577,0.054516658,0.131,51609.863
0.041971266,0.11557458,0.131,51619.305
0.041463312,0.11331317,0.131,51580.66
0.041001536,0.11105177,0.131,51545.434
0.040581737,0.10879037,0.131,51513.043
0.040151075,0.10652896,0.131,51483.328
0.024805468,0.079392105,0.131,51364.156
0.022506494,0.077130705,0.131,51381.828
0.020126244,0.074869297,0.131,51407.25
0.017708926,0.07260789,0.131,51440.285
0.01530157,0.07034649,0.131,51478.043
0.012950448,0.068085089,0.131,51516.66
0.010697594,0.065823682,0.131,51551.359
0.008578008,0.063562274,0.131,51578.785
0.0066178576,0.061300874,0.131,51596.57
0.0048338412,0.059039466,0.131,51604.496
0.0032335781,0.056778062,0.131,51604.871
0.0018167847,0.054516658,0.131,51598.773
0.00057688588,0.052255251,0.131,51589.195
0.042530023,0.11557458,0.131,51621.238
0.041971266,0.11331317,0.131,51581.363
0.041463312,0.11105177,0.131,51545.57
0.041001536,0.10879037,0.131,51512.668
0.040581737,0.10652896,0.131,51482.652
0.040151075,0.10426755,0.131,51455.609
0.026984915,0.079392105,0.131,51349.031
0.024805468,0.077130705,0.131,51361.688
0.022506494,0.074869297,0.131,51381.832
0.020126244,0.07260789,0.131,51409.391
0.017708926,0.07034649,0.131,51443.852
0.015301572,0.068085089,0.131,51481.547
0.012950448,0.065823682,0.131,51518.297
0.010697595,0.063562274,0.131,51549.363
0.008578008,0.061300874,0.131,51572.523
0.0066178581,0.059039466,0.131,51585.539
0.0048338412,0.056778062,0.131,51589.562
0.0032335781,0.054516658,0.131,51586.938
0.0018167847,0.052255251,0.131,51579.32
0.00057688588,0.04999385,0.131,51569.199
0.043144647,0.11557458,0.131,51623.398
0.042530023,0.11331317,0.131,51582.367
0.041971266,0.11105177,0.131,51545.594
0.041463312,0.10879037,0.131,51512.363
0.041001536,0.10652896,0.131,51482.039
0.040581737,0.10426755,0.131,51454.797
0.040151075,0.10200615,0.131,51430.293
0.029014807,0.079392105,0.131,51337.895
0.026984915,0.077130705,0.131,51346.766
0.024805468,0.074869297,0.131,51361.805
0.022506494,0.07260789,0.131,51384.238
0.020126244,0.07034649,0.131,51413.82
0.017708926,0.068085089,0.131,51449.004
0.015301572,0.065823682,0.131,51485.805
0.012950449,0.063562274,0.131,51519.672
0.010697595,0.061300874,0.131,51546.707
0.008578008,0.059039466,0.131,51564.883
0.0066178581,0.056778062,0.131,51573.438
0.0048338412,0.054516658,0.131,51573.789
0.0032335788,0.052255251,0.131,51568.973
0.001816785,0.04999385,0.131,51560.262
0.00057688588,0.047732443,0.131,51550.25
0.043820739,0.11557458,0.131,51626.23
0.043144647,0.11331317,0.131,51583.473
0.042530023,0.11105177,0.131,51545.836
0.041971266,0.10879037,0.131,51511.945
0.041463312,0.10652896,0.131,51481.461
0.041001536,0.10426755,0.131,51454.039
0.040581737,0.10200615,0.131,51429.469
0.040151075,0.099744752,0.131,51407.715
0.030874446,0.079392105,0.131,51330.164
0.029014807,0.077130705,0.131,51335.863
0.026984915,0.074869297,0.131,51346.98
0.024805468,0.07260789,0.131,51364.336
0.022506494,0.07034649,0.131,51389.09
0.020126244,0.068085089,0.131,51420.184
0.017708927,0.065823682,0.131,51455.5
0.015301573,0.063562274,0.131,51490.305
0.012950449,0.061300874,0.131,51520.695
0.010697596,0.059039466,0.131,51542.953
0.008578009,0.056778062,0.131,51556.234
0.0066178585,0.054516658,0.131,51560.41
0.0048338417,0.052255251,0.131,51557.82
0.003233579,0.04999385,0.131,51551.301
0.001816785,0.047732443,0.131,51542.207
0.000576886,0.045471042,0.131,51533.012
0.044564433,0.11557458,0.131,51629.363
0.043820739,0.11331317,0.131,51585.09
0.043144647,0.11105177,0.131,51546.125
0.042530023,0.10879037,0.131,51511.688
0.041971266,0.10652896,0.131,51480.758
0.041463312,0.10426755,0.131,51453.348
0.041001536,0.10200615,0.131,51428.68
0.040581737,0.099744752,0.131,51406.926
0.040151075,0.097483337,0.131,51387.637
0.032552496,0.079392105,0.131,51324.348
0.030874446,0.077130705,0.131,51328.406
0.029014807,0.074869297,0.131,51336.137
0.026984915,0.07260789,0.131,51349.465
0.024805468,0.07034649,0.131,51369.324
0.022506496,0.068085089,0.131,51396.133
0.020126246,0.065823682,0.131,51428.285
0.017708927,0.063562274,0.131,51462.727
0.015301573,0.061300874,0.131,51495.008
0.01295045,0.059039466,0.131,51521.004
0.010697596,0.056778062,0.131,51538.246
0.008578009,0.054516658,0.131,51546.57
0.006617859,0.052255251,0.131,51546.98
0.0048338417,0.04999385,0.131,51541.922
0.003233579,0.047732443,0.131,51534.406
0.0018167852,0.045471042,0.131,51525.746
0.000576886,0.043209635,0.131,51517.828
0.045382503,0.11557458,0.131,51633.523
0.044564433,0.11331317,0.131,51586.902
0.043820739,0.11105177,0.131,51546.867
0.043144647,0.10879037,0.131,51511.43
0.042530023,0.10652896,0.131,51480.18
0.041971266,0.10426755,0.131,51452.516
0.041463312,0.10200615,0.131,51427.961
0.041001536,0.099744752,0.131,51406.164
0.040581737,0.097483337,0.131,51386.934
0.040151075,0.095221937,0.131,51370.324
0.034046091,0.079392105,0.131,51320.5
0.032552496,0.077130705,0.131,51322.809
0.030874446,0.074869297,0.131,51328.797
0.029014807,0.07260789,0.131,51338.539
0.026984915,0.07034649,0.131,51354.336
0.024805468,0.068085089,0.131,51376.504
0.022506496,0.065823682,0.131,51405.215
0.020126246,0.063562274,0.131,51437.555
0.017708927,0.061300874,0.131,51470.512
0.015301573,0.059039466,0.131,51499.145
0.01295045,0.056778062,0.131,51520.406
0.010697596,0.054516658,0.131,51532.406
0.0085780099,0.052255251,0.131,51536.27
0.0066178595,0.04999385,0.131,51533.34
0.0048338426,0.047732443,0.131,51526.598
0.0032335795,0.045471042,0.131,51518.934
0.0018167853,0.043209635,0.131,51511.188
0.00057688612,0.040948234,0.131,51504.68
0.046282377,0.11557458,0.131,51638.723
0.045382503,0.11331317,0.131,51589.594
0.044564433,0.11105177,0.131,51547.719
0.043820739,0.10879037,0.131,51511.562
0.043144647,0.10652896,0.131,51479.613
0.042530023,0.10426755,0.131,51451.805
0.041971266,0.10200615,0.131,51427.098
0.041463312,0.099744752,0.131,51405.484
0.041001536,0.097483337,0.131,51386.254
0.040581737,0.095221937,0.131,51369.73
0.040151075,0.092960536,0.131,51355.645
0.036501735,0.081653506,0.131,51319.301
0.035359368,0.079392105,0.131,51318.242
0.034046091,0.077130705,0.131,51319.141
0.032552496,0.074869297,0.131,51323.219
0.030874446,0.07260789,0.131,51331.086
0.029014807,0.07034649,0.131,51343.172
0.026984915,0.068085089,0.131,51361.418
0.024805468,0.065823682,0.131,51385.961
0.022506496,0.063562274,0.131,51415.762
0.020126246,0.061300874,0.131,51447.777
0.017708927,0.059039466,0.131,51478.156
0.015301573,0.056778062,0.131,51502.656
0.01295045,0.054516658,0.131,51518.758
0.010697597,0.052255251,0.131,51525.801
0.0085780099,0.04999385,0.131,51525.48
0.0066178595,0.047732443,0.131,51520.02
0.0048338431,0.045471042,0.131,51512.445
0.0032335799,0.043209635,0.131,51505.262
0.0018167854,0.040948234,0.131,51498.668
0.00057688612,0.038686827,0.131,51494.223
0.047272243,0.11557458,0.131,51644.969
0.046282377,0.11331317,0.131,51593.117
0.045382503,0.11105177,0.131,51549.305
0.044564433,0.10879037,0.131,51511.734
0.043820739,0.10652896,0.131,51479.398
0.043144647,0.10426755,0.131,51451.066
0.042530023,0.10200615,0.131,51426.383
0.041971266,0.099744752,0.131,51404.699
0.041463312,0.097483337,0.131,51385.703
0.041001536,0.095221937,0.131,51369.18
0.040581737,0.092960536,0.131,51355.164
0.040151075,0.090699129,0.131,51343.492
0.037486169,0.081653506,0.131,51318.309
0.036501735,0.079392105,0.131,51316.605
0.035359368,0.077130705,0.131,51316.988
0.034046091,0.074869297,0.131,51319.551
0.032552496,0.07260789,0.131,51325.359
0.030874446,0.07034649,0.131,51335.449
0.029014805,0.068085089,0.131,51349.961
0.026984915,0.065823682,0.131,51370.77
0.024805468,0.063562274,0.131,51397.145
0.022506496,0.061300874,0.131,51427.777
0.020126246,0.059039466,0.131,51458.301
0.017708927,0.056778062,0.131,51485.426
0.015301574,0.054516658,0.131,51505.148
0.01295045,0.052255251,0.131,51516.176
0.010697598,0.04999385,0.131,51518.348
0.0085780108,0.047732443,0.131,51514.617
0.0066178599,0.045471042,0.131,51507.555
0.0048338431,0.043209635,0.131,51499.898
0.0032335799,0.040948234,0.131,51493.52
0.0018167857,0.038686827,0.131,51488.797
0.00057688617,0.036425423,0.131,51486.281
0.049535982,0.11783598,0.131,51722.102
0.048361089,0.11557458,0.131,51653.332
0.047272243,0.11331317,0.131,51597.422
0.046282377,0.11105177,0.131,51551.641
0.045382503,0.10879037,0.131,51512.625
0.044564433,0.10652896,0.131,51479.176
0.043820739,0.10426755,0.131,51450.688
0.043144647,0.10200615,0.131,51425.609
0.042530023,0.099744752,0.131,51404.031
0.041971266,0.097483337,0.131,51385.023
0.041463312,0.095221937,0.131,51368.746
0.041001536,0.092960536,0.131,51354.719
0.040581737,0.090699129,0.131,51343.094
0.040151075,0.088437721,0.131,51333.621
0.038327664,0.081653506,0.131,51317.348
0.037486169,0.079392105,0.131,51315.652
0.036501735,0.077130705,0.131,51315.371
0.035359368,0.074869297,0.131,51317.461
0.034046091,0.07260789,0.131,51321.617
0.032552496,0.07034649,0.131,51329.395
0.030874446,0.068085089,0.131,51341.844
0.029014805,0.065823682,0.131,51358.984
0.026984915,0.063562274,0.131,51382.027
0.024805468,0.061300874,0.131,51410.051
0.022506496,0.059039466,0.131,51440.438
0.020126246,0.056778062,0.131,51468.824
0.017708927,0.054516658,0.131,51491.91
0.015301574,0.052255251,0.131,51506.715
0.012950451,0.04999385,0.131,51512.473
0.010697598,0.047732443,0.131,51510.492
0.0085780108,0.045471042,0.131,51504.277
0.0066178609,0.043209635,0.131,51496.391
0.0048338436,0.040948234,0.131,51489.051
0.0032335799,0.038686827,0.131,51484.285
0.0018167857,0.036425423,0.131,51481.461
0.00057688623,0.034164019,0.131,51480.957
0.05074507,0.11783598,0.131,51738.32
0.049535982,0.11557458,0.131,51663.543
0.048361089,0.11331317,0.131,51603.527
0.047272243,0.11105177,0.131,51554.547
0.046282377,0.10879037,0.131,51514.117
0.045382503,0.10652896,0.131,51479.621
0.044564433,0.10426755,0.131,51450.293
0.043820739,0.10200615,0.131,51425.246
0.043144647,0.099744752,0.131,51403.383
0.042530023,0.097483337,0.131,51384.496
0.041971266,0.095221937,0.131,51368.184
0.041463312,0.092960536,0.131,51354.41
0.041001536,0.090699129,0.131,51342.746
0.040581737,0.088437721,0.131,51333.336
0.040151075,0.086176321,0.131,51325.914
0.039644849,0.083914913,0.131,51320.457
0.039042003,0.081653506,0.131,51316.77
0.038327664,0.079392105,0.131,51314.809
0.037486169,0.077130705,0.131,51314.547
0.036501735,0.074869297,0.131,51315.836
0.035359364,0.07260789,0.131,51319.492
0.034046091,0.07034649,0.131,51325.5
0.032552496,0.068085089,0.131,51335.34
0.030874446,0.065823682,0.131,51350.375
0.029014805,0.063562274,0.131,51370.031
0.026984915,0.061300874,0.131,51395.27
0.024805468,0.059039466,0.131,51424.129
0.022506496,0.056778062,0.131,51453.543
0.020126246,0.054516658,0.131,51478.934
0.017708927,0.052255251,0.131,51497.547
0.015301574,0.04999385,0.131,51507.145
0.012950452,0.047732443,0.131,51508.02
0.010697598,0.045471042,0.131,51502.773
0.0085780108,0.043209635,0.131,51494.906
0.0066178609,0.040948234,0.131,51486.699
0.0048338436,0.038686827,0.131,51480.664
0.0032335802,0.036425423,0.131,51477.613
0.0018167859,0.034164019,0.131,51476.762
0.00057688623,0.031902611,0.131,51478.219
0.051954158,0.11783598,0.131,51757.176
0.05074507,0.11557458,0.131,51676.004
0.049535982,0.11331317,0.131,51611.191
0.048361089,0.11105177,0.131,51559.059
0.047272243,0.10879037,0.131,51516.082
0.046282377,0.10652896,0.131,51480.613
0.045382503,0.10426755,0.131,51450.516
0.044564433,0.10200615,0.131,51424.797
0.043820739,0.099744752,0.131,51403.039
0.043144647,0.097483337,0.131,51383.898
0.042530023,0.095221937,0.131,51367.773
0.041971266,0.092960536,0.131,51353.992
0.041463312,0.090699129,0.131,51342.562
0.041001536,0.088437721,0.131,51333.094
0.040581737,0.086176321,0.131,51325.715
0.040151075,0.083914913,0.131,51320.047
0.039644849,0.081653506,0.131,51316.379
0.039042003,0.079392105,0.131,51314.195
0.038327664,0.077130705,0.131,51313.793
0.037486169,0.074869297,0.131,51315.035
0.036501735,0.07260789,0.131,51317.707
0.035359364,0.07034649,0.131,51323.188
0.034046091,0.068085089,0.131,51331.246
0.032552496,0.065823682,0.131,51343.43
0.030874446,0.063562274,0.131,51360.977
0.029014805,0.061300874,0.131,51383.203
0.026984915,0.059039466,0.131,51410.043
0.024805468,0.056778062,0.131,51439.109
0.022506496,0.054516658,0.131,51466.551
0.020126246,0.052255251,0.131,51488.324
0.017708927,0.04999385,0.131,51502.094
0.015301574,0.047732443,0.131,51506.559
0.012950452,0.045471042,0.131,51503.465
0.010697599,0.043209635,0.131,51495.59
0.0085780118,0.040948234,0.131,51486.637
0.0066178613,0.038686827,0.131,51479.148
0.0048338436,0.036425423,0.131,51474.66
0.0032335804,0.034164019,0.131,51473.551
0.0018167861,0.031902611,0.131,51474.723
0.00057688635,0.029641211,0.131,51477.922
0.054359309,0.12009746,0.131,51890.32
0.053163245,0.11783598,0.131,51778.977
0.051954158,0.11557458,0.131,51690.758
0.05074507,0.11331317,0.131,51620.793
0.049535982,0.11105177,0.131,51564.82
0.048361089,0.10879037,0.131,51519.461
0.047272243,0.10652896,0.131,51481.984
0.046282377,0.10426755,0.131,51451.266
0.045382503,0.10200615,0.131,51424.996
0.044564433,0.099744752,0.131,51402.707
0.043820739,0.097483337,0.131,51383.73
0.043144647,0.095221937,0.131,51367.383
0.042530023,0.092960536,0.131,51353.738
0.041971266,0.090699129,0.131,51342.262
0.041463312,0.088437721,0.131,51332.984
0.041001536,0.086176321,0.131,51325.547
0.040581737,0.083914913,0.131,51319.895
0.040151075,0.081653506,0.131,51316.035
0.039644849,0.079392105,0.131,51313.883
0.039042003,0.077130705,0.131,51313.113
0.038327664,0.074869297,0.131,51314.273
0.037486169,0.07260789,0.131,51316.863
0.036501735,0.07034649,0.131,51321.297
0.035359364,0.068085089,0.131,51328.59
0.034046091,0.065823682,0.131,51338.93
0.032552496,0.063562274,0.131,51353.516
0.030874446,0.061300874,0.131,51373.797
0.029014805,0.059039466,0.131,51398.156
0.026984915,0.056778062,0.131,51426.059
0.024805468,0.054516658,0.131,51454.395
0.022506496,0.052255251,0.131,51479.227
0.020126246,0.04999385,0.131,51496.742
0.017708927,0.047732443,0.131,51505.473
0.015301574,0.045471042,0.131,51505.367
0.012950453,0.043209635,0.131,51498.977
0.010697599,0.040948234,0.131,51489.184
0.0085780118,0.038686827,0.131,51480.406
0.0066178613,0.036425423,0.131,51473.801
0.0048338445,0.034164019,0.131,51471.258
0.0032335804,0.031902611,0.131,51472.207
0.0018167861,0.029641211,0.131,51475.16
0.00057688635,0.027379805,0.131,51479.816
0.055631083,0.12009759,0.131,51927.832
0.054359309,0.11783604,0.131,51803.66
0.053163245,0.11557458,0.131,51708.145
0.051954158,0.11331317,0.131,51632.441
0.05074507,0.11105177,0.131,51572.289
0.049535982,0.10879037,0.131,51523.887
0.048361089,0.10652896,0.131,51484.645
0.047272243,0.10426755,0.131,51452.289
0.046282377,0.10200615,0.131,51425.641
0.045382503,0.099744745,0.131,51402.914
0.044564433,0.097483337,0.131,51383.477
0.043820739,0.095221937,0.131,51367.312
0.043144647,0.092960536,0.131,51353.449
0.042530023,0.090699129,0.131,51342.121
0.041971266,0.088437721,0.131,51332.766
0.041463312,0.086176321,0.131,51325.492
0.041001536,0.083914913,0.131,51319.762
0.040581737,0.081653506,0.131,51315.914
0.040151075,0.079392105,0.131,51313.578
0.039644849,0.077130705,0.131,51312.82
0.039042003,0.074869297,0.131,51313.617
0.038327664,0.07260789,0.131,51316.098
0.037486169,0.07034649,0.131,51320.309
0.036501735,0.068085089,0.131,51326.469
0.035359364,0.065823682,0.131,51335.926
0.034046091,0.063562274,0.131,51348.535
0.032552496,0.061300874,0.131,51365.863
0.030874446,0.059039466,0.131,51388.555
0.029014805,0.056778062,0.131,51414.699
0.026984915,0.054516658,0.131,51442.902
0.024805468,0.052255251,0.131,51469.695
0.022506496,0.04999385,0.131,51491.148
0.020126246,0.047732443,0.131,51504.023
0.017708927,0.045471042,0.131,51508.004
0.015301574,0.043209635,0.131,51503.93
0.012950453,0.040948234,0.131,51494.809
0.010697599,0.038686827,0.131,51484.273
0.0085780118,0.036425423,0.131,51476.297
0.0066178618,0.034164019,0.131,51470.535
0.0048338445,0.031902611,0.131,51470.367
0.0032335811,0.029641211,0.131,51473.348
0.0018167864,0.027379805,0.131,51477.82
0.00057688646,0.025178403,0.131,51483.402
0.055631083,0.11783618,0.131,51834.184
0.054359309,0.11557464,0.131,51728.102
0.053163245,0.11331317,0.131,51646.441
0.051954158,0.11105177,0.131,51581.605
0.05074507,0.10879037,0.131,51529.82
0.049535982,0.10652896,0.131,51488.188
0.048361089,0.10426755,0.131,51454.527
0.047272243,0.10200615,0.131,51426.562
0.046282377,0.099744745,0.131,51403.621
0.045382503,0.097483337,0.131,51383.836
0.044564433,0.095221937,0.131,51367.234
0.043820739,0.092960536,0.131,51353.523
0.043144647,0.090699129,0.131,51341.949
0.042530023,0.088437721,0.131,51332.758
0.041971266,0.086176321,0.131,51325.355
0.041463312,0.083914913,0.131,51319.766
0.041001536,0.081653506,0.131,51315.82
0.040581737,0.079392105,0.131,51313.473
0.040151075,0.077130705,0.131,51312.539
0.039644849,0.074869297,0.131,51313.293
0.039042003,0.07260789,0.131,51315.445
0.038327664,0.07034649,0.131,51319.484
0.037486169,0.068085089,0.131,51325.379
0.036501735,0.065823682,0.131,51333.527
0.035359364,0.063562274,0.131,51345.117
0.034046091,0.061300874,0.131,51360.43
0.032552496,0.059039466,0.131,51380.262
0.030874446,0.056778062,0.131,51405.203
0.029014805,0.054516658,0.131,51432.426
0.026984915,0.052255251,0.131,51460.211
0.024805468,0.04999385,0.131,51484.566
0.022506496,0.047732443,0.131,51502.004
0.020126246,0.045471042,0.131,51510.266
0.017708929,0.043209635,0.131,51509.785
0.015301575,0.040948234,0.131,51502.215
0.012950453,0.038686827,0.131,51491.715
0.0106976,0.036425423,0.131,51481.098
0.0085780127,0.034164019,0.131,51474.645
0.0066178618,0.031902611,0.131,51469.996
0.004833845,0.029641211,0.131,51472.215
0.0032335813,0.027379805,0.131,51476.832
0.0018167864,0.025178403,0.131,51482.379
0.00057688646,0.023176663,0.131,51488.199
0.05709362,0.11783633,0.131,51875.16
0.055631083,0.11557476,0.131,51752.984
0.054359309,0.11331323,0.131,51662.621
0.053163245,0.11105177,0.131,51592.969
0.051954158,0.10879037,0.131,51537.426
0.05074507,0.10652896,0.131,51493.027
0.049535982,0.10426755,0.131,51457.473
0.048361089,0.10200615,0.131,51428.566
0.047272243,0.099744745,0.131,51404.508
0.046282377,0.097483337,0.131,51384.641
0.045382503,0.095221937,0.131,51367.699
0.044564433,0.092960536,0.131,51353.555
0.043820739,0.090699129,0.131,51342.141
0.043144647,0.088437721,0.131,51332.664
0.042530023,0.086176321,0.131,51325.352
0.041971266,0.083914913,0.131,51319.668
0.041463312,0.081653506,0.131,51315.852
0.041001536,0.079392105,0.131,51313.359
0.040581737,0.077130705,0.131,51312.426
0.040151075,0.074869297,0.131,51313.012
0.039644849,0.07260789,0.131,51315.137
0.039042003,0.07034649,0.131,51318.777
0.038327664,0.068085089,0.131,51324.438
0.037486166,0.065823682,0.131,51332.246
0.036501735,0.063562274,0.131,51342.48
0.035359364,0.061300874,0.131,51356.582
0.034046091,0.059039466,0.131,51374.379
0.032552496,0.056778062,0.131,51396.758
0.030874446,0.054516658,0.131,51423.363
0.029014805,0.052255251,0.131,51451.133
0.026984915,0.04999385,0.131,51477.469
0.024805468,0.047732443,0.131,51498.629
0.022506496,0.045471042,0.131,51511.824
0.020126246,0.043209635,0.131,51515.48
0.017708929,0.040948234,0.131,51511.012
0.015301576,0.038686827,0.131,51501.133
0.012950453,0.036425423,0.131,51489.883
0.0106976,0.034164019,0.131,51479.699
0.0085780127,0.031902611,0.131,51475.746
0.0066178623,0.029641211,0.131,51473.391
0.0048338454,0.027379805,0.131,51476.688
0.0032335813,0.025178403,0.131,51482.383
0.0018167866,0.023176663,0.131,51488.156
0.00057688646,0.021436017,0.131,51493.184
0.058775533,0.1178365,0.131,51931.273
0.05709362,0.11557491,0.131,51786.625
0.055631083,0.11331335,0.131,51683.062
0.054359309,0.11105182,0.131,51606.312
0.053163245,0.10879037,0.131,51546.871
0.051954158,0.10652896,0.131,51499.383
0.05074507,0.10426755,0.131,51461.625
0.049535982,0.10200615,0.131,51431.191
0.048361089,0.099744745,0.131,51406.434
0.047272243,0.097483337,0.131,51385.609
0.046282377,0.095221937,0.131,51368.609
0.045382503,0.092960536,0.131,51354.164
0.044564433,0.090699129,0.131,51342.277
0.043820739,0.088437721,0.131,51332.941
0.043144647,0.086176321,0.131,51325.363
0.042530023,0.083914913,0.131,51319.715
0.041971266,0.081653506,0.131,51315.777
0.041463312,0.079392105,0.131,51313.426
0.041001536,0.077130705,0.131,51312.32
0.040581737,0.074869297,0.131,51312.922
0.040151075,0.07260789,0.131,51314.848
0.039644849,0.07034649,0.131,51318.43
0.039042003,0.068085089,0.131,51323.625
0.038327664,0.065823682,0.131,51331.176
0.037486166,0.063562274,0.131,51340.836
0.036501735,0.061300874,0.131,51353.633
0.035359364,0.059039466,0.131,51370.191
0.034046091,0.056778062,0.131,51390.57
0.032552496,0.054516658,0.131,51415.09
0.030874446,0.052255251,0.131,51442.871
0.029014805,0.04999385,0.131,51470.133
0.026984915,0.047732443,0.131,51494.242
0.024805468,0.045471042,0.131,51511.773
0.022506496,0.043209635,0.131,51520.59
0.020126246,0.040948234,0.131,51519.816
0.017708929,0.038686827,0.131,51512.277
0.015301577,0.036425423,0.131,51500.828
0.012950454,0.034164019,0.131,51489.648
0.0106976,0.031902611,0.131,51480.801
0.0085780136,0.029641211,0.131,51478.234
0.0066178632,0.027379805,0.131,51478.641
0.0048338454,0.025178403,0.131,51483.18
0.0032335813,0.023176663,0.131,51489.188
0.0018167867,0.021436017,0.131,51494.086
0.00057688652,0.019922413,0.131,51498.117
0.060669385,0.1178367,0.131,52008.039
0.058775533,0.11557508,0.131,51833.055
0.05709362,0.11331349,0.131,51710.855
0.055631083,0.11105193,0.131,51623.242
0.054359309,0.10879041,0.131,51557.973
0.053163245,0.10652896,0.131,51507.336
0.051954158,0.10426755,0.131,51467.062
0.05074507,0.10200615,0.131,51434.84
0.049535982,0.099744745,0.131,51408.902
0.048361089,0.097483337,0.131,51387.5
0.047272243,0.095221937,0.131,51369.633
0.046282377,0.092960536,0.131,51355.156
0.045382503,0.090699129,0.131,51342.961
0.044564433,0.088437721,0.131,51333.168
0.043820739,0.086176321,0.131,51325.707
0.043144647,0.083914913,0.131,51319.762
0.042530023,0.081653506,0.131,51315.828
0.041971266,0.079392105,0.131,51313.348
0.041463312,0.077130705,0.131,51312.344
0.041001536,0.074869297,0.131,51312.848
0.040581737,0.07260789,0.131,51314.758
0.040151075,0.07034649,0.131,51318.16
0.039644849,0.068085089,0.131,51323.219
0.039042003,0.065823682,0.131,51330.207
0.038327664,0.063562274,0.131,51339.57
0.037486166,0.061300874,0.131,51351.59
0.036501735,0.059039466,0.131,51366.875
0.035359364,0.056778062,0.131,51386.102
0.034046091,0.054516658,0.131,51408.742
0.032552496,0.052255251,0.131,51435.078
0.030874444,0.04999385,0.131,51463.195
0.029014805,0.047732443,0.131,51489.109
0.026984913,0.045471042,0.131,51510.34
0.024805468,0.043209635,0.131,51523.898
0.022506496,0.040948234,0.131,51528.23
0.020126246,0.038686827,0.131,51523.875
0.017708929,0.036425423,0.131,51513.965
0.015301577,0.034164019,0.131,51501.816
0.012950454,0.031902611,0.131,51491.594
0.0106976,0.029641211,0.131,51484.73
0.0085780136,0.027379805,0.131,51483.656
0.0066178632,0.025178403,0.131,51486.07
0.0048338454,0.023176663,0.131,51490.918
0.0032335818,0.021436017,0.131,51496.074
0.0018167868,0.019922413,0.131,51499.926
0.00057688658,0.018606234,0.131,51502.75
0.060669385,0.11557525,0.131,51896.836
0.058775533,0.11331365,0.131,51749.309
0.05709362,0.11105206,0.131,51646.352
0.055631083,0.10879052,0.131,51572.086
0.054359309,0.106529,0.131,51516.719
0.053163245,0.10426755,0.131,51473.91
0.051954158,0.10200615,0.131,51439.594
0.05074507,0.099744745,0.131,51412.215
0.049535982,0.097483337,0.131,51389.852
0.048361089,0.095221937,0.131,51371.582
0.047272243,0.092960536,0.131,51356.238
0.046282377,0.090699129,0.131,51344.012
0.045382503,0.088437721,0.131,51333.898
0.044564433,0.086176321,0.131,51325.969
0.043820739,0.083914913,0.131,51320.125
0.043144647,0.081653506,0.131,51315.906
0.042530023,0.079392105,0.131,51313.434
0.041971266,0.077130705,0.131,51312.285
0.041463312,0.074869297,0.131,51312.906
0.041001536,0.07260789,0.131,51314.668
0.040581737,0.07034649,0.131,51318.008
0.040151075,0.068085089,0.131,51322.891
0.039644849,0.065823682,0.131,51329.672
0.039042003,0.063562274,0.131,51338.488
0.038327664,0.061300874,0.131,51350.199
0.037486166,0.059039466,0.131,51364.523
0.036501735,0.056778062,0.131,51382.414
0.035359364,0.054516658,0.131,51404.109
0.034046091,0.052255251,0.131,51428.871
0.032552492,0.04999385,0.131,51456.227
0.030874444,0.047732443,0.131,51483.852
0.029014803,0.045471042,0.131,51507.734
0.026984913,0.043209635,0.131,51525.594
0.024805468,0.040948234,0.131,51534.801
0.022506496,0.038686827,0.131,51535.227
0.020126248,0.036425423,0.131,51527.945
0.017708929,0.034164019,0.131,51516.527
0.015301577,0.031902611,0.131,51504.641
0.012950454,0.029641211,0.131,51495.875
0.010697601,0.027379805,0.131,51491.133
0.0085780146,0.025178403,0.131,51491.586
0.0066178632,0.023176663,0.131,51494.797
0.0048338459,0.021436017,0.131,51498.832
0.0032335818,0.019922413,0.131,51502.887
0.0018167868,0.018606234,0.131,51505.391
0.00057688658,0.017461732,0.131,51506.973
0.060669385,0.11331382,0.131,51802.242
0.058775533,0.1110522,0.131,51678.219
0.05709362,0.10879064,0.131,51591.484
0.055631083,0.1065291,0.131,51528.641
0.054359309,0.1042676,0.131,51481.961
0.053163245,0.10200615,0.131,51445.629
0.051954158,0.099744745,0.131,51416.512
0.05074507,0.097483337,0.131,51392.945
0.049535982,0.095221937,0.131,51373.828
0.048361089,0.092960536,0.131,51358.188
0.047272243,0.090699129,0.131,51345.152
0.046282377,0.088437721,0.131,51334.977
0.045382503,0.086176321,0.131,51326.734
0.044564433,0.083914913,0.131,51320.406
0.043820739,0.081653506,0.131,51316.262
0.043144647,0.079392105,0.131,51313.461
0.042530023,0.077130705,0.131,51312.414
0.041971266,0.074869297,0.131,51312.832
0.041463312,0.07260789,0.131,51314.711
0.041001536,0.07034649,0.131,51317.891
0.040581737,0.068085089,0.131,51322.707
0.040151075,0.065823682,0.131,51329.273
0.039644849,0.063562274,0.131,51337.871
0.039042003,0.061300874,0.131,51348.977
0.038327664,0.059039466,0.131,51362.848
0.037486166,0.056778062,0.131,51379.805
0.036501735,0.054516658,0.131,51400.23
0.035359364,0.052255251,0.131,51424.348
0.034046091,0.04999385,0.131,51450.551
0.032552492,0.047732443,0.131,51478.164
0.030874444,0.045471042,0.131,51504.594
0.029014803,0.043209635,0.131,51525.762
0.026984913,0.040948234,0.131,51539.672
0.024805468,0.038686827,0.131,51544.992
0.022506496,0.036425423,0.131,51541.953
0.020126248,0.034164019,0.131,51532.414
0.017708929,0.031902611,0.131,51520.562
0.015301577,0.029641211,0.131,51509.68
0.012950454,0.027379805,0.131,51502.711
0.010697601,0.025178403,0.131,51499.867
0.0085780146,0.023176663,0.131,51501.09
0.0066178637,0.021436017,0.131,51503.715
0.0048338459,0.019922413,0.131,51506.613
0.0032335822,0.018606234,0.131,51509.285
0.0018167869,0.017461732,0.131,51510.438
0.00057688658,0.016466513,0.131,51510.785
0.060669392,0.11105237,0.131,51722.277
0.058775533,0.10879077,0.131,51618.035
0.05709362,0.10652921,0.131,51544.98
0.055631083,0.10426768,0.131,51492.109
0.054359309,0.10200618,0.131,51452.59
0.053163245,0.099744745,0.131,51421.844
0.051954158,0.097483337,0.131,51396.875
0.05074507,0.095221937,0.131,51376.789
0.049535982,0.092960536,0.131,51360.41
0.048361089,0.090699129,0.131,51347.09
0.047272243,0.088437721,0.131,51336.09
0.046282377,0.086176321,0.131,51327.832
0.045382503,0.083914913,0.131,51321.172
0.044564433,0.081653506,0.131,51316.52
0.043820739,0.079392105,0.131,51313.863
0.043144647,0.077130705,0.131,51312.414
0.042530023,0.074869297,0.131,51312.891
0.041971266,0.07260789,0.131,51314.652
0.041463312,0.07034649,0.131,51317.898
0.041001536,0.068085089,0.131,51322.543
0.040581737,0.065823682,0.131,51329.027
0.040151075,0.063562274,0.131,51337.332
0.039644849,0.061300874,0.131,51348.094
0.039042003,0.059039466,0.131,51361.453
0.038327664,0.056778062,0.131,51377.926
0.037486166,0.054516658,0.131,51397.402
0.036501732,0.052255251,0.131,51420.324
0.035359364,0.04999385,0.131,51446.281
0.034046091,0.047732443,0.131,51473.391
0.032552492,0.045471042,0.131,51500.559
0.030874442,0.043209635,0.131,51525.102
0.029014803,0.040948234,0.131,51542.836
0.026984913,0.038686827,0.131,51553.055
0.024805468,0.036425423,0.131,51554.605
0.022506496,0.034164019,0.131,51548.793
0.020126248,0.031902611,0.131,51538.008
0.017708929,0.029641211,0.131,51526.488
0.015301577,0.027379805,0.131,51517.137
0.012950456,0.025178403,0.131,51511.934
0.010697601,0.023176663,0.131,51510.113
0.0085780146,0.021436017,0.131,51510.891
0.0066178637,0.019922413,0.131,51512.508
0.0048338464,0.018606234,0.131,51513.949
0.0032335822,0.017461732,0.131,51515.133
0.0018167871,0.016466513,0.131,51514.965
0.00057688664,0.015601104,0.131,51514.113
0.062657841,0.11105254,0.131,51779.172
0.060669392,0.10879093,0.131,51654.594
0.058775533,0.10652935,0.131,51567.254
0.05709362,0.10426779,0.131,51505.945
0.055631083,0.10200627,0.131,51461.293
0.054359309,0.099744774,0.131,51427.957
0.053163245,0.097483337,0.131,51401.641
0.051954158,0.095221937,0.131,51380.383
0.05074507,0.092960536,0.131,51363.188
0.049535982,0.090699129,0.131,51349.219
0.048361089,0.088437721,0.131,51337.977
0.047272243,0.086176321,0.131,51328.938
0.046282377,0.083914913,0.131,51322.273
0.045382503,0.081653506,0.131,51317.312
0.044564433,0.079392105,0.131,51314.082
0.043820739,0.077130705,0.131,51312.859
0.043144647,0.074869297,0.131,51312.945
0.042530023,0.07260789,0.131,51314.703
0.041971266,0.07034649,0.131,51317.809
0.041463312,0.068085089,0.131,51322.527
0.041001536,0.065823682,0.131,51328.863
0.040581737,0.063562274,0.131,51337.016
0.040151075,0.061300874,0.131,51347.406
0.039644849,0.059039466,0.131,51360.422
0.039042003,0.056778062,0.131,51376.312
0.038327664,0.054516658,0.131,51395.344
0.037486166,0.052255251,0.131,51417.457
0.036501732,0.04999385,0.131,51442.453
0.035359364,0.047732443,0.131,51469.785
0.034046087,0.045471042,0.131,51497.078
0.032552492,0.043209635,0.131,51523.074
0.030874442,0.040948234,0.131,51544.906
0.029014803,0.038686827,0.131,51559.246
0.026984913,0.036425423,0.131,51565.711
0.024805468,0.034164019,0.131,51564.023
0.022506496,0.031902611,0.131,51556.328
0.020126248,0.029641211,0.131,51545.117
0.017708929,0.027379805,0.131,51534.621
0.015301578,0.025178403,0.131,51526.949
0.012950456,0.023176663,0.131,51522.73
0.010697601,0.021436017,0.131,51520.629
0.0085780155,0.019922413,0.131,51520.535
0.0066178646,0.018606234,0.131,51520.762
0.0048338464,0.017461732,0.131,51520.672
0.0032335822,0.016466513,0.131,51520.426
0.0018167871,0.015601104,0.131,51518.969
0.00057688664,0.014848575,0.131,51517.062
0.062657841,0.10879109,0.131,51701.621
0.060669392,0.10652948,0.131,51597.629
0.058775533,0.10426791,0.131,51524.703
0.05709362,0.10200637,0.131,51473.094
0.055631083,0.099744856,0.131,51435.469
0.054359309,0.097483374,0.131,51407.055
0.053163245,0.095221937,0.131,51384.707
0.051954158,0.092960536,0.131,51366.516
0.05074507,0.090699129,0.131,51351.824
0.049535982,0.088437721,0.131,51340.047
0.048361089,0.086176321,0.131,51330.77
0.047272243,0.083914913,0.131,51323.336
0.046282377,0.081653506,0.131,51318.422
0.045382503,0.079392105,0.131,51314.961
0.044564433,0.077130705,0.131,51312.789
0.043820739,0.074869297,0.131,51313.281
0.043144647,0.07260789,0.131,51314.73
0.042530023,0.07034649,0.131,51317.852
0.041971266,0.068085089,0.131,51322.438
0.041463312,0.065823682,0.131,51328.809
0.041001536,0.063562274,0.131,51336.816
0.040581737,0.061300874,0.131,51347.086
0.040151075,0.059039466,0.131,51359.602
0.039644849,0.056778062,0.131,51375.141
0.039042003,0.054516658,0.131,51393.59
0.038327664,0.052255251,0.131,51415.238
0.037486166,0.04999385,0.131,51439.668
0.036501732,0.047732443,0.131,51466.352
0.035359364,0.045471042,0.131,51494.426
0.034046087,0.043209635,0.131,51521.328
0.032552492,0.040948234,0.131,51545.199
0.030874442,0.038686827,0.131,51564.211
0.029014803,0.036425423,0.131,51574.953
0.026984913,0.034164019,0.131,51578.008
0.024805468,0.031902611,0.131,51573.879
0.022506496,0.029641211,0.131,51565.082
0.020126248,0.027379805,0.131,51554.184
0.017708931,0.025178403,0.131,51544.91
0.015301578,0.023176663,0.131,51538.211
0.012950456,0.021436017,0.131,51533.824
0.010697602,0.019922413,0.131,51531.047
0.0085780155,0.018606234,0.131,51529.707
0.0066178646,0.017461732,0.131,51528.348
0.0048338464,0.016466513,0.131,51526.754
0.0032335822,0.015601104,0.131,51525.129
0.0018167871,0.014848575,0.131,51522.496
0.00057688664,0.014194202,0.131,51519.637
0.064646289,0.10879125,0.131,51760.02
0.062657841,0.10652964,0.131,51636.43
0.060669392,0.10426804,0.131,51549.969
0.058775533,0.10200648,0.131,51488.906
0.05709362,0.099744946,0.131,51445.555
0.055631083,0.097483441,0.131,51413.605
0.054359309,0.095221967,0.131,51389.5
0.053163245,0.092960536,0.131,51370.449
0.051954158,0.090699129,0.131,51354.891
0.05074507,0.088437721,0.131,51342.48
0.049535982,0.086176321,0.131,51332.711
0.048361089,0.083914913,0.131,51325.117
0.047272243,0.081653506,0.131,51319.434
0.046282377,0.079392105,0.131,51315.988
0.045382503,0.077130705,0.131,51314.227
0.044564433,0.074869297,0.131,51313.613
0.043820739,0.07260789,0.131,51315.082
0.043144647,0.07034649,0.131,51317.895
0.042530023,0.068085089,0.131,51322.457
0.041971266,0.065823682,0.131,51328.648
0.041463312,0.063562274,0.131,51336.703
0.041001536,0.061300874,0.131,51346.777
0.040581737,0.059039466,0.131,51359.215
0.040151075,0.056778062,0.131,51374.188
0.039644849,0.054516658,0.131,51392.195
0.039042003,0.052255251,0.131,51413.43
0.038327664,0.04999385,0.131,51437.434
0.037486166,0.047732443,0.131,51463.859
0.036501732,0.045471042,0.131,51491.793
0.035359364,0.043209635,0.131,51519.941
0.034046087,0.040948234,0.131,51545.391
0.032552492,0.038686827,0.131,51567.051
0.030874442,0.036425423,0.131,51582.805
0.029014803,0.034164019,0.131,51590.16
0.026984913,0.031902611,0.131,51590.449
0.024805468,0.029641211,0.131,51584.535
0.022506496,0.027379805,0.131,51575.387
0.020126248,0.025178403,0.131,51565.137
0.017708931,0.023176663,0.131,51556.551
0.015301578,0.021436017,0.131,51549.695
0.012950457,0.019922413,0.131,51544.77
0.010697602,0.018606234,0.131,51540.934
0.0085780155,0.017461732,0.131,51538.152
0.0066178646,0.016466513,0.131,51535.23
0.0048338464,0.015601104,0.131,51532.168
0.0032335822,0.014848575,0.131,51529.281
0.0018167871,0.014194202,0.131,51525.582
0.0005768867,0.013625182,0.131,51521.883
0.066634744,0.10879141,0.131,51831.891
0.064646289,0.10652979,0.131,51684.492
0.062657841,0.10426818,0.131,51581.957
0.060669392,0.1020066,0.131,51509.941
0.058775533,0.099745043,0.131,51458.941
0.05709362,0.097483516,0.131,51422.234
0.055631083,0.095222026,0.131,51395.23
0.054359309,0.092960559,0.131,51374.73
0.053163245,0.090699129,0.131,51358.488
0.051954158,0.088437721,0.131,51345.293
0.05074507,0.086176321,0.131,51334.965
0.049535982,0.083914913,0.131,51326.938
0.048361089,0.081653506,0.131,51321.121
0.047272243,0.079392105,0.131,51316.902
0.046282377,0.077130705,0.131,51314.914
0.045382503,0.074869297,0.131,51314.41
0.044564433,0.07260789,0.131,51315.375
0.043820739,0.07034649,0.131,51318.242
0.043144647,0.068085089,0.131,51322.469
0.042530023,0.065823682,0.131,51328.676
0.041971266,0.063562274,0.131,51336.461
0.041463312,0.061300874,0.131,51346.594
0.041001536,0.059039466,0.131,51358.82
0.040581737,0.056778062,0.131,51373.656
0.040151075,0.054516658,0.131,51391.18
0.039644849,0.052255251,0.131,51411.902
0.039042003,0.04999385,0.131,51435.699
0.038327664,0.047732443,0.131,51461.785
0.037486166,0.045471042,0.131,51489.859
0.036501732,0.043209635,0.131,51518.375
0.035359364,0.040948234,0.131,51545.727
0.034046087,0.038686827,0.131,51569.531
0.032552492,0.036425423,0.131,51588.449
0.030874442,0.034164019,0.131,51600.977
0.029014803,0.031902611,0.131,51605.359
0.026984913,0.029641211,0.131,51603.449
0.024805468,0.027379805,0.131,51596.539
0.022506496,0.025178403,0.131,51587.316
0.02012625,0.023176663,0.131,51577.281
0.017708931,0.021436017,0.131,51568.309
0.01530158,0.019922413,0.131,51560.992
0.012950457,0.018606234,0.131,51555.18
0.010697602,0.017461732,0.131,51550.055
0.0085780155,0.016466513,0.131,51545.789
0.0066178651,0.015601104,0.131,51541.395
0.0048338468,0.014848575,0.131,51536.957
0.0032335825,0.014194202,0.131,51532.906
0.0018167871,0.013625182,0.131,51528.281
0.0005768867,0.013130382,0.131,51523.816
0.0686232,0.10879157,0.131,51921.098
0.066634744,0.10652994,0.131,51743.281
0.064646289,0.10426832,0.131,51621.605
0.062657841,0.10200673,0.131,51536.379
0.060669392,0.099745154,0.131,51476.496
0.058775533,0.097483613,0.131,51433.621
0.05709362,0.095222101,0.131,51402.699
0.055631083,0.092960611,0.131,51379.773
0.054359309,0.090699151,0.131,51362.383
0.053163245,0.088437721,0.131,51348.59
0.051954158,0.086176321,0.131,51337.559
0.05074507,0.083914913,0.131,51328.977
0.049535982,0.081653506,0.131,51322.781
0.048361089,0.079392105,0.131,51318.555
0.047272243,0.077130705,0.131,51315.723
0.046282377,0.074869297,0.131,51315.285
0.045382503,0.07260789,0.131,51316.062
0.044564433,0.07034649,0.131,51318.484
0.043820739,0.068085089,0.131,51322.789
0.043144647,0.065823682,0.131,51328.637
0.042530023,0.063562274,0.131,51336.398
0.041971266,0.061300874,0.131,51346.293
0.041463312,0.059039466,0.131,51358.535
0.041001536,0.056778062,0.131,51373.172
0.040581737,0.054516658,0.131,51390.605
0.040151075,0.052255251,0.131,51410.82
0.039644849,0.04999385,0.131,51434.168
0.039042003,0.047732443,0.131,51460.152
0.038327657,0.045471042,0.131,51488.18
0.037486166,0.043209635,0.131,51517.391
0.036501732,0.040948234,0.131,51545.613
0.035359364,0.038686827,0.131,51571.828
0.034046087,0.036425423,0.131,51593.445
0.032552492,0.034164019,0.131,51609.465
0.030874442,0.031902611,0.131,51619.02
0.029014803,0.029641211,0.131,51620.969
0.026984913,0.027379805,0.131,51617.434
0.024805468,0.025178403,0.131,51609.754
0.022506496,0.023176663,0.131,51600.074
0.02012625,0.021436017,0.131,51589.375
0.017708931,0.019922413,0.131,51579.84
0.01530158,0.018606234,0.131,51571.648
0.012950457,0.017461732,0.131,51564.781
0.010697602,0.016466513,0.131,51558.344
0.0085780155,0.015601104,0.131,51552.66
0.0066178651,0.014848575,0.131,51546.852
0.0048338468,0.014194202,0.131,51541.195
0.0032335825,0.013625182,0.131,51536.09
0.0018167873,0.013130382,0.131,51530.641
0.0005768867,0.012700121,0.131,51525.5
0.070611648,0.10879174,0.131,52031.281
0.0686232,0.10653009,0.131,51816.32
0.066634744,0.10426846,0.131,51669.512
0.064646289,0.10200686,0.131,51569.039
0.062657841,0.099745274,0.131,51498.473
0.060669392,0.097483709,0.131,51448.375
0.058775533,0.095222175,0.131,51412.465
0.05709362,0.092960671,0.131,51386.293
0.055631083,0.090699203,0.131,51366.758
0.054359309,0.088437751,0.131,51352.117
0.053163245,0.086176321,0.131,51340.543
0.051954158,0.083914913,0.131,51331.379
0.05074507,0.081653506,0.131,51324.676
0.049535982,0.079392105,0.131,51320.129
0.048361089,0.077130705,0.131,51317.352
0.047272243,0.074869297,0.131,51316.16
0.046282377,0.07260789,0.131,51317.043
0.045382503,0.07034649,0.131,51319.195
0.044564433,0.068085089,0.131,51323.012
0.043820739,0.065823682,0.131,51328.926
0.043144647,0.063562274,0.131,51336.312
0.042530023,0.061300874,0.131,51346.18
0.041971266,0.059039466,0.131,51358.125
0.041463312,0.056778062,0.131,51372.777
0.041001536,0.054516658,0.131,51389.969
0.040581737,0.052255251,0.131,51410.172
0.040151075,0.04999385,0.131,51433.039
0.039644849,0.047732443,0.131,51458.793
0.039042003,0.045471042,0.131,51486.898
0.038327657,0.043209635,0.131,51516.324
0.037486166,0.040948234,0.131,51545.84
0.036501732,0.038686827,0.131,51573.453
0.035359364,0.036425423,0.131,51598.031
0.034046084,0.034164019,0.131,51617.141
0.032552492,0.031902611,0.131,51630.422
0.030874442,0.029641211,0.131,51637.324
0.029014803,0.027379805,0.131,51637.262
0.026984913,0.025178403,0.131,51632.363
0.024805468,0.023176663,0.131,51623.48
0.022506496,0.021436017,0.131,51612.598
0.02012625,0.019922413,0.131,51601.121
0.017708931,0.018606234,0.131,51590.727
0.01530158,0.017461732,0.131,51581.598
0.012950457,0.016466513,0.131,51573.531
0.010697603,0.015601104,0.131,51565.758
0.0085780155,0.014848575,0.131,51558.691
0.0066178651,0.014194202,0.131,51551.641
0.0048338473,0.013625182,0.131,51544.855
0.0032335825,0.013130382,0.131,51538.855
0.0018167873,0.012700121,0.131,51532.66
0.072600096,0.1087919,0.131,52165.383
0.070611648,0.10653023,0.131,51906.715
0.0686232,0.1042686,0.131,51729.141
0.066634744,0.10200698,0.131,51608.188
0.064646289,0.099745393,0.131,51525.402
0.062657841,0.097483814,0.131,51466.699
0.060669392,0.095222272,0.131,51424.902
0.058775533,0.092960745,0.131,51394.742
0.05709362,0.090699255,0.131,51372.551
0.055631083,0.088437788,0.131,51356.016
0.054359309,0.086176336,0.131,51343.77
0.053163245,0.083914913,0.131,51334.145
0.051954158,0.081653506,0.131,51326.918
0.05074507,0.079392105,0.131,51321.938
0.049535982,0.077130705,0.131,51318.906
0.048361089,0.074869297,0.131,51317.754
0.047272243,0.07260789,0.131,51317.918
0.046282377,0.07034649,0.131,51320.184
0.045382503,0.068085089,0.131,51323.734
0.044564433,0.065823682,0.131,51329.141
0.043820739,0.063562274,0.131,51336.594
0.043144647,0.061300874,0.131,51345.996
0.042530023,0.059039466,0.131,51357.875
0.041971266,0.056778062,0.131,51372.266
0.041463312,0.054516658,0.131,51389.48
0.041001536,0.052255251,0.131,51409.5
0.040581737,0.04999385,0.131,51432.363
0.040151075,0.047732443,0.131,51457.758
0.039644849,0.045471042,0.131,51485.766
0.039042003,0.043209635,0.131,51515.586
0.038327657,0.040948234,0.131,51545.711
0.037486166,0.038686827,0.131,51575.168
0.036501732,0.036425423,0.131,51601.598
0.035359364,0.034164019,0.131,51624.211
0.034046084,0.031902611,0.131,51640.848
0.032552492,0.029641211,0.131,51651.547
0.030874442,0.027379805,0.131,51656.203
0.029014803,0.025178403,0.131,51654.246
0.026984913,0.023176663,0.131,51647.504
0.024805468,0.021436017,0.131,51636.746
0.022506496,0.019922413,0.131,51624.699
0.02012625,0.018606234,0.131,51612.176
0.017708931,0.017461732,0.131,51600.801
0.01530158,0.016466513,0.131,51590.617
0.012950457,0.015601104,0.131,51581.34
0.010697603,0.014848575,0.131,51572.352
0.0085780155,0.014194202,0.131,51564.043
0.0066178651,0.013625182,0.131,51555.836
0.0048338473,0.013130382,0.131,51548.074
0.0032335825,0.012700121,0.131,51541.246
0.072600096,0.10653038,0.131,52017.402
0.070611648,0.10426874,0.131,51802.977
0.0686232,0.10200711,0.131,51656.809
0.066634744,0.099745512,0.131,51557.398
0.064646289,0.097483926,0.131,51489.016
0.062657841,0.095222369,0.131,51440.359
0.060669392,0.092960827,0.131,51405.359
0.058775533,0.090699308,0.131,51379.934
0.05709362,0.088437825,0.131,51361.223
0.055631083,0.086176366,0.131,51347.312
0.054359309,0.083914928,0.131,51337.09
0.053163245,0.081653506,0.131,51329.461
0.051954158,0.079392105,0.131,51324.027
0.05074507,0.077130705,0.131,51320.648
0.049535982,0.074869297,0.131,51319.242
0.048361089,0.07260789,0.131,51319.43
0.047272243,0.07034649,0.131,51321.098
0.046282377,0.068085089,0.131,51324.727
0.045382503,0.065823682,0.131,51329.855
0.044564433,0.063562274,0.131,51336.77
0.043820739,0.061300874,0.131,51346.16
0.043144647,0.059039466,0.131,51357.598
0.042530023,0.056778062,0.131,51371.895
0.041971266,0.054516658,0.131,51388.859
0.041463312,0.052255251,0.131,51408.91
0.041001536,0.04999385,0.131,51431.664
0.040581737,0.047732443,0.131,51457.094
0.040151075,0.045471042,0.131,51484.914
0.039644849,0.043209635,0.131,51514.914
0.039042003,0.040948234,0.131,51545.684
0.038327657,0.038686827,0.131,51576.285
0.037486166,0.036425423,0.131,51604.996
0.036501732,0.034164019,0.131,51629.953
0.03535936,0.031902611,0.131,51650.566
0.034046084,0.029641211,0.131,51664.82
0.032552492,0.027379805,0.131,51673.156
0.030874442,0.025178403,0.131,51675.586
0.029014803,0.023176663,0.131,51671.082
0.026984913,0.021436017,0.131,51661.863
0.024805468,0.019922413,0.131,51649.395
0.022506496,0.018606234,0.131,51635.984
0.02012625,0.017461732,0.131,51622.395
0.017708931,0.016466513,0.131,51609.996
0.01530158,0.015601104,0.131,51598.73
0.012950457,0.014848575,0.131,51588.316
0.010697603,0.014194202,0.131,51578.102
0.0085780155,0.013625182,0.131,51568.672
0.0066178651,0.013130382,0.131,51559.48
0.0048338473,0.012700121,0.131,51550.859
0.072600096,0.10426889,0.131,51893.68
0.070611648,0.10200724,0.131,51716.941
0.0686232,0.099745631,0.131,51597.156
0.066634744,0.09748403,0.131,51515.301
0.064646289,0.095222458,0.131,51459.047
0.062657841,0.092960909,0.131,51418.52
0.060669392,0.090699382,0.131,51389.16
0.058775533,0.08843787,0.131,51367.77
0.05709362,0.086176403,0.131,51352.012
0.055631083,0.08391495,0.131,51340.32
0.054359309,0.08165352,0.131,51332.203
0.053163245,0.079392105,0.131,51326.414
0.051954158,0.077130705,0.131,51322.672
0.05074507,0.074869297,0.131,51320.949
0.049535982,0.07260789,0.131,51320.953
0.048361089,0.07034649,0.131,51322.629
0.047272243,0.068085089,0.131,51325.695
0.046282377,0.065823682,0.131,51330.828
0.045382503,0.063562274,0.131,51337.43
0.044564433,0.061300874,0.131,51346.293
0.043820739,0.059039466,0.131,51357.691
0.043144647,0.056778062,0.131,51371.543
0.042530023,0.054516658,0.131,51388.414
0.041971266,0.052255251,0.131,51408.219
0.041463312,0.04999385,0.131,51431.039
0.041001536,0.047732443,0.131,51456.457
0.040581737,0.045471042,0.131,51484.441
0.040151075,0.043209635,0.131,51514.414
0.039644849,0.040948234,0.131,51545.648
0.039042003,0.038686827,0.131,51577.23
0.038327657,0.036425423,0.131,51607.59
0.037486166,0.034164019,0.131,51635.281
0.036501732,0.031902611,0.131,51658.668
0.03535936,0.029641211,0.131,51677.211
0.034046084,0.027379805,0.131,51689.301
0.032552492,0.025178403,0.131,51695.055
0.030874442,0.023176663,0.131,51694.434
0.029014803,0.021436017,0.131,51686.875
0.026984913,0.019922413,0.131,51675.352
0.024805468,0.018606234,0.131,51661.191
0.022506496,0.017461732,0.131,51646.438
0.02012625,0.016466513,0.131,51631.695
0.017708931,0.015601104,0.131,51618.266
0.01530158,0.014848575,0.131,51605.887
0.012950458,0.014194202,0.131,51594.406
0.010697603,0.013625182,0.131,51583.203
0.0085780155,0.013130382,0.131,51572.738
0.0066178651,0.012700121,0.131,51562.68
0.074588552,0.10426901,0.131,52004.824
0.072600096,0.10200737,0.131,51790.98
0.070611648,0.099745743,0.131,51646.16
0.0686232,0.097484142,0.131,51548.0
0.066634744,0.095222555,0.131,51480.703
0.064646289,0.092960991,0.131,51434.348
0.062657841,0.090699457,0.131,51400.578
0.060669392,0.088437937,0.131,51375.891
0.058775537,0.08617644,0.131,51357.887
0.05709362,0.08391498,0.131,51344.652
0.055631083,0.081653535,0.131,51335.195
0.054359309,0.079392113,0.131,51329.023
0.053163245,0.077130705,0.131,51324.945
0.051954158,0.074869297,0.131,51322.938
0.05074507,0.07260789,0.131,51322.664
0.049535982,0.07034649,0.131,51324.215
0.048361089,0.068085089,0.131,51327.289
0.047272243,0.065823682,0.131,51331.781
0.046282377,0.063562274,0.131,51338.426
0.045382503,0.061300874,0.131,51346.922
0.044564433,0.059039466,0.131,51357.711
0.043820739,0.056778062,0.131,51371.512
0.043144647,0.054516658,0.131,51387.902
0.042530023,0.052255251,0.131,51407.645
0.041971266,0.04999385,0.131,51430.305
0.041463312,0.047732443,0.131,51455.875
0.041001536,0.045471042,0.131,51483.926
0.040581737,0.043209635,0.131,51514.207
0.040151075,0.040948234,0.131,51545.668
0.039644849,0.038686827,0.131,51578.004
0.039042003,0.036425423,0.131,51609.809
0.038327657,0.034164019,0.131,51639.648
0.037486166,0.031902611,0.131,51666.129
0.036501732,0.029641211,0.131,51687.863
0.03535936,0.027379805,0.131,51704.402
0.034046084,0.025178403,0.131,51714.016
0.032552492,0.023176663,0.131,51716.316
0.030874442,0.021436017,0.131,51711.992
0.029014803,0.019922413,0.131,51701.633
0.026984913,0.018606234,0.131,51687.973
0.024805468,0.017461732,0.131,51672.105
0.022506496,0.016466513,0.131,51656.004
0.02012625,0.015601104,0.131,51640.105
0.017708931,0.014848575,0.131,51625.621
0.01530158,0.014194202,0.131,51612.258
0.012950458,0.013625182,0.131,51599.777
0.010697603,0.013130382,0.131,51587.609
0.0085780155,0.012700121,0.131,51576.258
0.074588552,0.10200751,0.131,51882.25
0.072600096,0.099745855,0.131,51706.426
0.070611641,0.097484246,0.131,51588.035
0.0686232,0.095222652,0.131,51507.977
0.066634744,0.092961073,0.131,51452.473
0.064646289,0.090699531,0.131,51414.18
0.062657841,0.088438004,0.131,51385.953
0.060669392,0.086176492,0.131,51365.27
0.058775537,0.08391501,0.131,51350.066
0.05709362,0.081653558,0.131,51339.211
0.055631083,0.07939212,0.131,51331.816
0.054359309,0.077130705,0.131,51327.465
0.053163245,0.074869297,0.131,51325.172
0.051954158,0.07260789,0.131,51324.695
0.05074507,0.07034649,0.131,51325.984
0.049535982,0.068085089,0.131,51328.918
0.048361089,0.065823682,0.131,51333.441
0.047272243,0.063562274,0.131,51339.434
0.046282377,0.061300874,0.131,51347.891
0.045382503,0.059039466,0.131,51358.316
0.044564433,0.056778062,0.131,51371.414
0.043820739,0.054516658,0.131,51387.773
0.043144647,0.052255251,0.131,51407.094
0.042530023,0.04999385,0.131,51429.707
0.041971266,0.047732443,0.131,51455.211
0.041463312,0.045471042,0.131,51483.516
0.041001536,0.043209635,0.131,51513.957
0.040581737,0.040948234,0.131,51545.91
0.040151075,0.038686827,0.131,51578.758
0.039644849,0.036425423,0.131,51611.727
0.039042003,0.034164019,0.131,51643.305
0.038327657,0.031902611,0.131,51672.359
0.037486166,0.029641211,0.131,51697.59
0.036501732,0.027379805,0.131,51717.691
0.03535936,0.025178403,0.131,51731.84
0.034046084,0.023176663,0.131,51737.738
0.032552492,0.021436017,0.131,51735.898
0.030874442,0.019922413,0.131,51728.355
0.029014803,0.018606234,0.131,51715.367
0.026984913,0.017461732,0.131,51699.578
0.024805468,0.016466513,0.131,51682.074
0.022506496,0.015601104,0.131,51664.633
0.02012625,0.014848575,0.131,51647.598
0.017708931,0.014194202,0.131,51632.129
0.01530158,0.013625182,0.131,51617.844
0.012950458,0.013130382,0.131,51604.469
0.010697603,0.012700121,0.131,51591.434
0.076577,0.10200763,0.131,51990.594
0.074588552,0.099745974,0.131,51781.066
0.072600096,0.09748435,0.131,51637.125
0.070611641,0.095222741,0.131,51540.832
0.0686232,0.092961162,0.131,51475.391
0.066634744,0.090699606,0.131,51429.566
0.064646289,0.088438064,0.131,51397.836
0.062657841,0.086176537,0.131,51374.344
0.060669392,0.083915055,0.131,51356.879
0.058775537,0.08165358,0.131,51344.391
0.05709362,0.079392135,0.131,51335.617
0.055631083,0.077130705,0.131,51330.152
0.054359309,0.074869297,0.131,51327.652
0.053163245,0.07260789,0.131,51326.949
0.051954158,0.07034649,0.131,51328.059
0.05074507,0.068085089,0.131,51330.766
0.049535982,0.065823682,0.131,51335.195
0.048361089,0.063562274,0.131,51341.176
0.047272243,0.061300874,0.131,51348.902
0.046282377,0.059039466,0.131,51359.234
0.045382503,0.056778062,0.131,51371.91
0.044564433,0.054516658,0.131,51387.598
0.043820739,0.052255251,0.131,51406.836
0.043144647,0.04999385,0.131,51429.082
0.042530023,0.047732443,0.131,51454.656
0.041971266,0.045471042,0.131,51482.965
0.041463312,0.043209635,0.131,51513.824
0.041001536,0.040948234,0.131,51546.074
0.040581737,0.038686827,0.131,51579.586
0.040151075,0.036425423,0.131,51613.348
0.039644849,0.034164019,0.131,51646.539
0.039042003,0.031902611,0.131,51677.715
0.038327657,0.029641211,0.131,51705.906
0.037486166,0.027379805,0.131,51729.898
0.036501732,0.025178403,0.131,51747.781
0.03535936,0.023176663,0.131,51758.148
0.034046084,0.021436017,0.131,51759.57
0.032552492,0.019922413,0.131,51754.125
0.030874442,0.018606234,0.131,51743.527
0.029014803,0.017461732,0.131,51728.031
0.026984913,0.016466513,0.131,51710.223
0.024805468,0.015601104,0.131,51691.121
0.022506496,0.014848575,0.131,51672.371
0.02012625,0.014194202,0.131,51654.262
0.017708931,0.013625182,0.131,51637.863
0.01530158,0.013130382,0.131,51622.742
0.012950458,0.012700121,0.131,51608.551
0.076577,0.099746093,0.131,51870.328
0.074588552,0.097484462,0.131,51698.102
0.072600096,0.095222838,0.131,51581.043
0.070611641,0.092961244,0.131,51502.707
0.0686232,0.090699673,0.131,51449.137
0.066634744,0.088438123,0.131,51411.18
0.064646289,0.086176597,0.131,51384.805
0.062657841,0.083915092,0.131,51365.207
0.060669392,0.08165361,0.131,51350.707
0.058775537,0.07939215,0.131,51340.609
0.05709362,0.077130713,0.131,51333.848
0.055631083,0.07486929,0.131,51330.32
0.054359309,0.07260789,0.131,51329.449
0.053163245,0.07034649,0.131,51330.441
0.051954158,0.068085089,0.131,51332.977
0.05074507,0.065823682,0.131,51337.203
0.049535982,0.063562274,0.131,51343.016
0.048361089,0.061300874,0.131,51350.75
0.047272243,0.059039466,0.131,51360.27
0.046282377,0.056778062,0.131,51372.812
0.045382503,0.054516658,0.131,51388.012
0.044564433,0.052255251,0.131,51406.617
0.043820739,0.04999385,0.131,51428.871
0.043144647,0.047732443,0.131,51454.098
0.042530023,0.045471042,0.131,51482.617
0.041971266,0.043209635,0.131,51513.637
0.041463312,0.040948234,0.131,51546.422
0.041001536,0.038686827,0.131,51580.367
0.040581737,0.036425423,0.131,51614.969
0.040151075,0.034164019,0.131,51649.246
0.039644849,0.031902611,0.131,51682.426
0.039042003,0.029641211,0.131,51713.121
0.038327657,0.027379805,0.131,51740.438
0.037486166,0.025178403,0.131,51762.562
0.036501732,0.023176663,0.131,51776.699
0.03535936,0.021436017,0.131,51782.336
0.034046084,0.019922413,0.131,51779.855
0.032552492,0.018606234,0.131,51770.973
0.030874442,0.017461732,0.131,51757.504
0.029014803,0.016466513,0.131,51739.617
0.026984913,0.015601104,0.131,51719.906
0.024805468,0.014848575,0.131,51699.223
0.022506496,0.014194202,0.131,51679.281
0.02012625,0.013625182,0.131,51660.152
0.017708931,0.013130382,0.131,51642.914
0.01530158,0.012700121,0.131,51626.984
0.078565449,0.099746212,0.131,51971.316
0.076577,0.097484566,0.131,51771.332
0.074588552,0.095222935,0.131,51630.977
0.072600096,0.092961326,0.131,51535.918
0.070611641,0.090699747,0.131,51472.199
0.0686232,0.088438191,0.131,51428.191
0.066634744,0.086176641,0.131,51396.762
0.064646289,0.083915129,0.131,51374.66
0.062657841,0.081653632,0.131,51358.535
0.060669392,0.079392165,0.131,51346.707
0.058775537,0.07713072,0.131,51338.734
0.05709362,0.07486929,0.131,51333.996
0.055631083,0.072607875,0.131,51332.168
0.054359309,0.070346482,0.131,51333.031
0.053163245,0.068085089,0.131,51335.543
0.051954158,0.065823682,0.131,51339.59
0.05074507,0.063562274,0.131,51345.215
0.049535982,0.061300874,0.131,51352.684
0.048361089,0.059039466,0.131,51362.09
0.047272243,0.056778062,0.131,51373.836
0.046282377,0.054516658,0.131,51388.852
0.045382503,0.052255251,0.131,51406.938
0.044564433,0.04999385,0.131,51428.574
0.043820739,0.047732443,0.131,51453.91
0.043144647,0.045471042,0.131,51482.262
0.042530023,0.043209635,0.131,51513.613
0.041971266,0.040948234,0.131,51546.719
0.041463312,0.038686827,0.131,51581.352
0.041001536,0.036425423,0.131,51616.48
0.040581737,0.034164019,0.131,51651.75
0.040151075,0.031902611,0.131,51686.336
0.039644849,0.029641211,0.131,51719.441
0.039042003,0.027379805,0.131,51749.695
0.038327657,0.025178403,0.131,51775.461
0.037486166,0.023176663,0.131,51793.969
0.036501732,0.021436017,0.131,51803.363
0.03535936,0.019922413,0.131,51804.863
0.034046084,0.018606234,0.131,51798.711
0.032552492,0.017461732,0.131,51786.523
0.030874442,0.016466513,0.131,51770.352
0.029014803,0.015601104,0.131,51750.164
0.026984913,0.014848575,0.131,51728.59
0.024805468,0.014194202,0.131,51706.52
0.022506496,0.013625182,0.131,51685.406
0.02012625,0.013130382,0.131,51665.355
0.017708931,0.012700121,0.131,51647.316
0.080553904,0.099746332,0.131,52073.098
0.078565449,0.097484663,0.131,51854.645
0.076577,0.095223032,0.131,51690.941
0.074588552,0.092961416,0.131,51577.09
0.072600096,0.090699822,0.131,51499.992
0.070611641,0.088438243,0.131,51448.043
0.0686232,0.086176701,0.131,51411.738
0.066634744,0.083915167,0.131,51385.664
0.064646289,0.081653662,0.131,51367.316
0.062657841,0.07939218,0.131,51354.215
0.060669396,0.07713072,0.131,51344.699
0.058775537,0.074869283,0.131,51338.832
0.05709362,0.07260786,0.131,51335.918
0.055631083,0.07034646,0.131,51335.879
0.054359309,0.068085074,0.131,51338.285
0.053163245,0.065823682,0.131,51342.355
0.051954158,0.063562274,0.131,51347.801
0.05074507,0.061300874,0.131,51355.098
0.049535982,0.059039466,0.131,51364.23
0.048361089,0.056778062,0.131,51375.738
0.047272243,0.054516658,0.131,51389.848
0.046282377,0.052255251,0.131,51407.738
0.045382503,0.04999385,0.131,51428.938
0.044564433,0.047732443,0.131,51453.754
0.043820739,0.045471042,0.131,51482.293
0.043144647,0.043209635,0.131,51513.613
0.042530023,0.040948234,0.131,51547.27
0.041971266,0.038686827,0.131,51582.336
0.041463312,0.036425423,0.131,51618.293
0.041001536,0.034164019,0.131,51654.172
0.040581737,0.031902611,0.131,51689.926
0.040151075,0.029641211,0.131,51724.773
0.039644849,0.027379805,0.131,51757.805
0.039042003,0.025178403,0.131,51786.895
0.038327657,0.023176663,0.131,51809.176
0.037486166,0.021436017,0.131,51822.957
0.036501732,0.019922413,0.131,51828.117
0.03535936,0.018606234,0.131,51825.691
0.034046084,0.017461732,0.131,51816.043
0.032552492,0.016466513,0.131,51800.84
0.030874442,0.015601104,0.131,51782.109
0.029014803,0.014848575,0.131,51759.719
0.026984913,0.014194202,0.131,51736.426
0.024805468,0.013625182,0.131,51712.988
0.022506496,0.013130382,0.131,51690.816
0.02012625,0.012700121,0.131,51669.918
0.080553904,0.097484775,0.131,51937.691
0.078565449,0.095223129,0.131,51759.383
0.076577,0.092961498,0.131,51626.309
0.074588552,0.090699889,0.131,51534.387
0.072600096,0.088438302,0.131,51471.727
0.070611641,0.086176746,0.131,51429.305
0.0686232,0.083915204,0.131,51399.137
0.066634744,0.081653684,0.131,51377.598
0.064646289,0.079392202,0.131,51362.469
0.062657841,0.077130727,0.131,51352.0
0.060669396,0.074869275,0.131,51344.797
0.058775537,0.072607853,0.131,51340.762
0.05709362,0.070346445,0.131,51339.762
0.055631083,0.068085045,0.131,51341.355
0.054359309,0.065823667,0.131,51345.359
0.053163245,0.063562274,0.131,51350.863
0.051954158,0.061300874,0.131,51357.941
0.05074507,0.059039466,0.131,51366.859
0.049535982,0.056778062,0.131,51377.93
0.048361089,0.054516658,0.131,51391.797
0.047272243,0.052255251,0.131,51408.781
0.046282377,0.04999385,0.131,51429.777
0.045382503,0.047732443,0.131,51454.207
0.044564433,0.045471042,0.131,51482.359
0.043820739,0.043209635,0.131,51514.07
0.043144647,0.040948234,0.131,51547.871
0.042530023,0.038686827,0.131,51583.656
0.041971266,0.036425423,0.131,51620.207
0.041463312,0.034164019,0.131,51656.988
0.041001536,0.031902611,0.131,51693.402
0.040581737,0.029641211,0.131,51729.578
0.040151075,0.027379805,0.131,51764.703
0.039644849,0.025178403,0.131,51796.914
0.039042003,0.023176663,0.131,51822.852
0.038327657,0.021436017,0.131,51840.398
0.037486166,0.019922413,0.131,51849.898
0.036501732,0.018606234,0.131,51851.074
0.03535936,0.017461732,0.131,51845.027
0.034046084,0.016466513,0.131,51832.027
0.032552492,0.015601104,0.131,51813.973
0.030874442,0.014848575,0.131,51792.742
0.029014803,0.014194202,0.131,51768.383
0.026984913,0.013625182,0.131,51743.457
0.024805468,0.013130382,0.131,51718.75
0.022506496,0.012700121,0.131,51695.605
0.082542352,0.097484879,0.131,52000.781
0.080553904,0.095223218,0.131,51826.633
0.078565449,0.09296158,0.131,51682.43
0.076577,0.090699971,0.131,51574.945
0.074588552,0.088438369,0.131,51500.918
0.072600096,0.086176805,0.131,51449.926
0.070611641,0.083915241,0.131,51415.078
0.0686232,0.081653714,0.131,51390.094
0.066634744,0.079392217,0.131,51372.383
0.064646289,0.077130735,0.131,51360.039
0.062657848,0.074869268,0.131,51351.992
0.060669396,0.072607838,0.131,51346.906
0.058775537,0.070346415,0.131,51344.762
0.05709362,0.068085015,0.131,51345.488
0.055631086,0.065823629,0.131,51348.699
0.054359309,0.063562259,0.131,51354.168
0.053163245,0.061300874,0.131,51361.293
0.051954158,0.059039466,0.131,51370.016
0.05074507,0.056778062,0.131,51380.793
0.049535982,0.054516658,0.131,51394.168
0.048361089,0.052255251,0.131,51410.797
0.047272243,0.04999385,0.131,51430.875
0.046282377,0.047732443,0.131,51455.211
0.045382503,0.045471042,0.131,51483.113
0.044564433,0.043209635,0.131,51514.594
0.043820739,0.040948234,0.131,51548.961
0.043144647,0.038686827,0.131,51585.141
0.042530023,0.036425423,0.131,51622.516
0.041971266,0.034164019,0.131,51660.023
0.041463312,0.031902611,0.131,51697.414
0.041001536,0.029641211,0.131,51734.273
0.040581737,0.027379805,0.131,51770.898
0.040151075,0.025178403,0.131,51805.523
0.039644849,0.023176663,0.131,51834.785
0.039042003,0.021436017,0.131,51856.145
0.038327657,0.019922413,0.131,51869.426
0.037486162,0.018606234,0.131,51874.863
0.036501732,0.017461732,0.131,51872.324
0.03535936,0.016466513,0.131,51862.812
0.034046084,0.015601104,0.131,51846.664
0.032552492,0.014848575,0.131,51825.91
0.03087444,0.014194202,0.131,51802.355
0.029014803,0.013625182,0.131,51776.102
0.026984913,0.013130382,0.131,51749.691
0.024805468,0.012700121,0.131,51723.844
0.084530801,0.097484984,0.131,52043.281
0.082542352,0.095223315,0.131,51872.266
0.080553904,0.092961669,0.131,51736.074
0.078565449,0.090700038,0.131,51621.23
0.076577,0.088438436,0.131,51534.863
0.074588552,0.086176842,0.131,51475.207
0.072600096,0.083915286,0.131,51433.508
0.070611641,0.081653744,0.131,51404.879
0.0686232,0.079392225,0.131,51384.254
0.066634744,0.077130735,0.131,51369.77
0.064646289,0.074869268,0.131,51360.062
0.062657848,0.072607815,0.131,51354.199
0.060669396,0.070346393,0.131,51351.008
0.058775537,0.068084985,0.131,51350.699
0.057093624,0.0658236,0.131,51353.168
0.055631086,0.063562222,0.131,51357.906
0.054359309,0.061300851,0.131,51365.012
0.053163245,0.059039466,0.131,51373.75
0.051954158,0.056778062,0.131,51384.289
0.05074507,0.054516658,0.131,51397.258
0.049535982,0.052255251,0.131,51413.348
0.048361089,0.04999385,0.131,51433.105
0.047272243,0.047732443,0.131,51456.516
0.046282377,0.045471042,0.131,51484.449
0.045382503,0.043209635,0.131,51515.855
0.044564433,0.040948234,0.131,51550.25
0.043820739,0.038686827,0.131,51587.191
0.043144647,0.036425423,0.131,51625.121
0.042530023,0.034164019,0.131,51663.598
0.041971266,0.031902611,0.131,51701.809
0.041463312,0.029641211,0.131,51739.703
0.041001536,0.027379805,0.131,51777.012
0.040581737,0.025178403,0.131,51813.238
0.040151075,0.023176663,0.131,51845.094
0.039644849,0.021436017,0.131,51869.875
0.039042003,0.019922413,0.131,51887.07
0.038327657,0.018606234,0.131,51896.441
0.037486162,0.017461732,0.131,51897.938
0.036501732,0.016466513,0.131,51891.855
0.03535936,0.015601104,0.131,51879.086
0.034046084,0.014848575,0.131,51859.977
0.032552492,0.014194202,0.131,51836.727
0.03087444,0.013625182,0.131,51811.004
0.029014803,0.013130382,0.131,51783.02
0.026984913,0.012700121,0.131,51755.227
0.086519256,0.097485095,0.131,52188.117
0.084530801,0.095223412,0.131,51879.102
0.082542352,0.092961743,0.131,51765.496
0.080553904,0.090700112,0.131,51664.438
0.078565449,0.088438496,0.131,51573.305
0.076577,0.086176902,0.131,51504.082
0.074588552,0.083915323,0.131,51455.934
0.072600096,0.081653774,0.131,51421.855
0.070611641,0.079392247,0.131,51398.34
0.0686232,0.077130742,0.131,51381.332
0.066634744,0.07486926,0.131,51369.898
0.064646289,0.0726078,0.131,51362.449
0.062657848,0.070346363,0.131,51358.723
0.060669396,0.068084948,0.131,51357.367
0.058775537,0.065823548,0.131,51358.789
0.057093624,0.06356217,0.131,51362.84
0.055631086,0.061300799,0.131,51369.219
0.054359309,0.059039444,0.131,51377.891
0.053163245,0.056778062,0.131,51388.48
0.051954158,0.054516658,0.131,51401.191
0.05074507,0.052255251,0.131,51416.781
0.049535982,0.04999385,0.131,51435.953
0.048361089,0.047732443,0.131,51459.047
0.047272243,0.045471042,0.131,51486.211
0.046282377,0.043209635,0.131,51517.781
0.045382503,0.040948234,0.131,51552.312
0.044564433,0.038686827,0.131,51589.473
0.043820739,0.036425423,0.131,51628.402
0.043144647,0.034164019,0.131,51667.59
0.042530023,0.031902611,0.131,51706.887
0.041971266,0.029641211,0.131,51745.656
0.041463312,0.027379805,0.131,51783.984
0.041001536,0.025178403,0.131,51820.898
0.040581737,0.023176663,0.131,51854.352
0.040151075,0.021436017,0.131,51881.828
0.039644849,0.019922413,0.131,51902.562
0.039042003,0.018606234,0.131,51915.754
0.038327657,0.017461732,0.131,51921.395
0.037486162,0.016466513,0.131,51919.203
0.036501732,0.015601104,0.131,51909.762
0.03535936,0.014848575,0.131,51893.902
0.034046084,0.014194202,0.131,51872.062
0.032552492,0.013625182,0.131,51846.461
0.03087444,0.013130382,0.131,51818.746
0.029014803,0.012700121,0.131,51789.207
0.088507704,0.0974852,0.131,54233.383
0.086519256,0.095223501,0.131,51902.238
0.084530801,0.092961833,0.131,51753.875
0.082542352,0.090700187,0.131,51683.512
0.080553904,0.088438556,0.131,51608.086
0.078565449,0.086176947,0.131,51536.598
0.076577,0.083915368,0.131,51481.172
0.074588552,0.081653804,0.131,51442.348
0.072600096,0.079392262,0.131,51414.41
0.070611641,0.07713075,0.131,51395.07
0.0686232,0.074869253,0.131,51381.363
0.066634744,0.072607785,0.131,51372.559
0.064646289,0.070346341,0.131,51367.316
0.062657848,0.068084911,0.131,51365.637
0.060669396,0.06582351,0.131,51366.043
0.058775537,0.063562118,0.131,51369.027
0.057093624,0.061300751,0.131,51374.715
0.055631086,0.059039392,0.131,51382.715
0.054359309,0.056778032,0.131,51393.246
0.053163245,0.054516658,0.131,51405.934
0.051954158,0.052255251,0.131,51421.148
0.05074507,0.04999385,0.131,51439.816
0.049535982,0.047732443,0.131,51462.352
0.048361089,0.045471042,0.131,51489.293
0.047272243,0.043209635,0.131,51520.27
0.046282377,0.040948234,0.131,51555.176
0.045382503,0.038686827,0.131,51592.715
0.044564433,0.036425423,0.131,51632.129
0.043820739,0.034164019,0.131,51672.457
0.043144647,0.031902611,0.131,51712.605
0.042530023,0.029641211,0.131,51752.5
0.041971266,0.027379805,0.131,51791.766
0.041463312,0.025178403,0.131,51829.645
0.041001536,0.023176663,0.131,51863.531
0.040581737,0.021436017,0.131,51892.535
0.040151075,0.019922413,0.131,51916.109
0.039644849,0.018606234,0.131,51932.902
0.039042003,0.017461732,0.131,51942.309
0.038327657,0.016466513,0.131,51944.309
0.037486162,0.015601104,0.131,51938.703
0.036501732,0.014848575,0.131,51926.027
0.03535936,0.014194202,0.131,51907.301
0.034046084,0.013625182,0.131,51882.953
0.032552492,0.013130382,0.131,51855.168
0.03087444,0.012700121,0.131,51825.688
0.090496153,0.097485311,0.131,57433.711
0.088507704,0.095223598,0.131,54023.477
0.086519256,0.092961922,0.131,51753.672
0.084530801,0.090700254,0.131,51646.703
0.082542352,0.088438615,0.131,51618.934
0.080553904,0.086176999,0.131,51565.527
0.078565449,0.083915405,0.131,51509.121
0.076576993,0.081653833,0.131,51465.074
0.074588552,0.079392277,0.131,51433.727
0.072600096,0.077130757,0.131,51410.762
0.070611641,0.074869253,0.131,51395.164
0.0686232,0.072607763,0.131,51384.289
0.066634744,0.070346311,0.131,51377.953
0.064646289,0.068084873,0.131,51374.809
0.062657848,0.065823458,0.131,51375.059
0.060669396,0.063562065,0.131,51377.098
0.058775537,0.061300687,0.131,51381.848
0.057093624,0.059039328,0.131,51389.008
0.055631086,0.056777973,0.131,51398.781
0.054359309,0.054516628,0.131,51411.344
0.053163245,0.052255251,0.131,51426.594
0.051954158,0.04999385,0.131,51444.812
0.05074507,0.047732443,0.131,51466.852
0.049535982,0.045471042,0.131,51493.332
0.048361089,0.043209635,0.131,51524.219
0.047272243,0.040948234,0.131,51558.688
0.046282377,0.038686827,0.131,51596.914
0.045382503,0.036425423,0.131,51636.957
0.044564433,0.034164019,0.131,51677.973
0.043820739,0.031902611,0.131,51719.426
0.043144647,0.029641211,0.131,51760.223
0.042530023,0.027379805,0.131,51800.68
0.041971266,0.025178403,0.131,51839.387
0.041463312,0.023176663,0.131,51874.047
0.041001536,0.021436017,0.131,51903.203
0.040581737,0.019922413,0.131,51928.137
0.040151075,0.018606234,0.131,51947.863
0.039644849,0.017461732,0.131,51960.934
0.039042003,0.016466513,0.131,51966.723
0.038327657,0.015601104,0.131,51965.324
0.037486162,0.014848575,0.131,51956.441
0.036501732,0.014194202,0.131,51940.738
0.03535936,0.013625182,0.131,51919.371
0.034046084,0.013130382,0.131,51892.684
0.032552492,0.012700121,0.131,51862.934
0.092484608,0.097485408,0.131,63393.516
0.090496153,0.095223695,0.131,56981.086
0.088507704,0.092961997,0.131,53754.668
0.086519256,0.090700328,0.131,51544.176
0.084530801,0.088438675,0.131,51577.285
0.082542352,0.086177051,0.131,51574.762
0.080553904,0.083915442,0.131,51533.75
0.078565449,0.081653863,0.131,51489.512
0.076576993,0.079392299,0.131,51454.867
0.074588552,0.077130765,0.131,51429.512
0.072600096,0.074869245,0.131,51410.898
0.070611641,0.072607756,0.131,51398.488
0.0686232,0.070346281,0.131,51390.316
0.066634744,0.068084829,0.131,51386.227
0.064646296,0.065823406,0.131,51385.191
0.062657848,0.063561998,0.131,51387.172
0.060669396,0.06130062,0.131,51391.031
0.058775537,0.059039254,0.131,51397.273
0.057093624,0.056777902,0.131,51406.133
0.055631086,0.054516561,0.131,51417.734
0.054359309,0.052255221,0.131,51432.859
0.053163245,0.04999385,0.131,51451.07
0.051954158,0.047732443,0.131,51472.668
0.05074507,0.045471042,0.131,51498.707
0.049535982,0.043209635,0.131,51529.285
0.048361089,0.040948234,0.131,51563.906
0.047272243,0.038686827,0.131,51601.977
0.046282377,0.036425423,0.131,51642.918
0.045382503,0.034164019,0.131,51684.855
0.044564433,0.031902611,0.131,51727.125
0.043820739,0.029641211,0.131,51769.367
0.043144647,0.027379805,0.131,51810.781
0.042530023,0.025178403,0.131,51850.594
0.041971266,0.023176663,0.131,51885.836
0.041463312,0.021436017,0.131,51915.43
0.041001536,0.019922413,0.131,51940.227
0.040581737,0.018606234,0.131,51961.184
0.040151075,0.017461732,0.131,51977.176
0.039644849,0.016466513,0.131,51986.684
0.039042003,0.015601104,0.131,51989.062
0.038327657,0.014848575,0.131,51984.379
0.037486162,0.014194202,0.131,51972.453
0.036501732,0.013625182,0.131,51954.031
0.03535936,0.013130382,0.131,51930.191
0.034046084,0.012700121,0.131,51901.395
0.094407089,0.09748552,0.131,68505.875
0.092484608,0.095223792,0.131,63082.246
0.090496153,0.092962086,0.131,56583.137
0.088507704,0.090700403,0.131,53609.559
0.086519256,0.088438734,0.131,51467.957
0.084530801,0.086177103,0.131,51533.504
0.082542352,0.083915479,0.131,51539.918
0.080553904,0.081653886,0.131,51510.98
0.078565449,0.079392314,0.131,51477.055
0.076576993,0.077130765,0.131,51449.938
0.074588552,0.074869238,0.131,51429.719
0.072600096,0.072607733,0.131,51414.738
0.070611641,0.070346251,0.131,51405.273
0.0686232,0.068084791,0.131,51399.594
0.066634744,0.065823354,0.131,51397.773
0.064646296,0.063561939,0.131,51398.605
0.062657848,0.061300546,0.131,51402.445
0.060669396,0.059039176,0.131,51407.863
0.058775537,0.056777824,0.131,51415.754
0.057093624,0.054516479,0.131,51426.43
0.055631086,0.052255146,0.131,51440.402
0.054359309,0.049993813,0.131,51458.348
0.053163245,0.047732443,0.131,51479.91
0.051954158,0.045471042,0.131,51505.613
0.05074507,0.043209635,0.131,51535.961
0.049535982,0.040948234,0.131,51570.508
0.048361089,0.038686827,0.131,51608.984
0.047272243,0.036425423,0.131,51650.086
0.046282377,0.034164019,0.131,51693.195
0.045382503,0.031902611,0.131,51736.543
0.044564433,0.029641211,0.131,51779.727
0.043820739,0.027379805,0.131,51822.625
0.043144647,0.025178403,0.131,51863.328
0.042530023,0.023176663,0.131,51899.371
0.041971266,0.021436017,0.131,51929.16
0.041463312,0.019922413,0.131,51954.0
0.041001536,0.018606234,0.131,51974.559
0.040581737,0.017461732,0.131,51991.711
0.040151075,0.016466513,0.131,52004.164
0.039644849,0.015601104,0.131,52010.199
0.039042003,0.014848575,0.131,52009.328
0.038327657,0.014194202,0.131,52001.613
0.037486162,0.013625182,0.131,51986.895
0.036501732,0.013130382,0.131,51965.914
0.03535936,0.012700121,0.131,51939.879
0.09617921,0.097485617,0.131,71896.625
0.094407089,0.095223881,0.131,68328.766
0.092484608,0.092962168,0.131,62814.543
0.090496153,0.09070047,0.131,56266.504
0.088507704,0.088438809,0.131,53340.746
0.086519256,0.086177155,0.131,51339.547
0.084530801,0.083915524,0.131,51500.551
0.082542352,0.081653915,0.131,51512.895
0.080553904,0.079392336,0.131,51497.035
0.078565449,0.077130772,0.131,51471.082
0.076576993,0.07486923,0.131,51450.23
0.074588552,0.072607718,0.131,51434.195
0.072600096,0.070346221,0.131,51422.539
0.070611641,0.068084754,0.131,51415.797
0.0686232,0.065823302,0.131,51412.531
0.066634744,0.063561872,0.131,51412.781
0.064646296,0.061300471,0.131,51415.715
0.062657848,0.059039094,0.131,51421.145
0.060669396,0.056777734,0.131,51428.359
0.058775537,0.05451639,0.131,51437.824
0.057093624,0.052255057,0.131,51450.602
0.055631086,0.049993731,0.131,51467.227
0.054359309,0.047732402,0.131,51488.453
0.053163245,0.045471042,0.131,51514.184
0.051954158,0.043209635,0.131,51544.289
0.05074507,0.040948234,0.131,51578.898
0.049535982,0.038686827,0.131,51617.668
0.048361089,0.036425423,0.131,51659.543
0.047272243,0.034164019,0.131,51703.062
0.046282377,0.031902611,0.131,51747.797
0.045382503,0.029641211,0.131,51792.215
0.044564433,0.027379805,0.131,51836.098
0.043820739,0.025178403,0.131,51878.199
0.043144647,0.023176663,0.131,51914.801
0.042530023,0.021436017,0.131,51944.965
0.041971266,0.019922413,0.131,51969.586
0.041463312,0.018606234,0.131,51989.836
0.041001536,0.017461732,0.131,52006.258
0.040581737,0.016466513,0.131,52019.738
0.040151075,0.015601104,0.131,52028.801
0.039644849,0.014848575,0.131,52031.562
0.039042003,0.014194202,0.131,52027.656
0.038327657,0.013625182,0.131,52017.105
0.037486162,0.013130382,0.131,51999.789
0.036501728,0.012700121,0.131,51976.547
0.097790226,0.097485699,0.131,74112.922
0.09617921,0.095223971,0.131,71767.867
0.094407089,0.09296225,0.131,68183.156
0.092484608,0.090700552,0.131,62590.215
0.090496153,0.088438861,0.131,56030.988
0.088507704,0.086177208,0.131,53111.48
0.086519256,0.083915561,0.131,51329.176
0.084530801,0.081653938,0.131,51489.672
0.082542345,0.079392351,0.131,51499.695
0.080553904,0.07713078,0.131,51490.164
0.078565449,0.074869223,0.131,51471.621
0.076576993,0.072607704,0.131,51455.566
0.074588552,0.070346192,0.131,51443.316
0.072600096,0.068084717,0.131,51434.645
0.070611641,0.06582325,0.131,51430.555
0.0686232,0.063561812,0.131,51429.504
0.066634744,0.061300397,0.131,51432.035
0.064646296,0.059039012,0.131,51436.746
0.062657848,0.056777634,0.131,51444.09
0.060669396,0.054516286,0.131,51452.832
0.058775537,0.05225496,0.131,51464.211
0.057093624,0.049993634,0.131,51479.312
0.055631086,0.047732312,0.131,51498.98
0.054359309,0.045470998,0.131,51524.25
0.053163245,0.043209635,0.131,51554.539
0.051954158,0.040948234,0.131,51589.207
0.05074507,0.038686827,0.131,51628.441
0.049535982,0.036425423,0.131,51671.07
0.048361089,0.034164019,0.131,51715.727
0.047272243,0.031902611,0.131,51761.105
0.046282377,0.029641211,0.131,51807.066
0.045382503,0.027379805,0.131,51852.219
0.044564433,0.025178403,0.131,51895.203
0.043820739,0.023176663,0.131,51932.82
0.043144647,0.021436017,0.131,51962.973
0.042530023,0.019922413,0.131,51987.477
0.041971266,0.018606234,0.131,52007.102
0.041463312,0.017461732,0.131,52022.895
0.041001536,0.016466513,0.131,52035.375
0.040581737,0.015601104,0.131,52045.34
0.040151075,0.014848575,0.131,52051.156
0.039644849,0.014194202,0.131,52050.852
0.039042003,0.013625182,0.131,52044.117
0.038327657,0.013130382,0.131,52030.953
0.037486162,0.012700121,0.131,52011.309
0.099254794,0.097485773,0.131,75744.531
0.097790226,0.095224045,0.131,73999.148
0.09617921,0.092962325,0.131,71665.469
0.094407089,0.090700619,0.131,68070.055
0.092484608,0.088438921,0.131,62409.473
0.090496153,0.086177245,0.131,55917.992
0.088507704,0.083915606,0.131,52747.254
0.086519256,0.081653967,0.131,51447.098
0.084530801,0.079392359,0.131,51482.031
0.082542345,0.07713078,0.131,51493.441
0.080553904,0.074869223,0.131,51490.734
0.078565449,0.072607681,0.131,51478.402
0.076576993,0.070346169,0.131,51466.504
0.074588552,0.068084672,0.131,51457.473
0.072600096,0.065823205,0.131,51451.766
0.070611641,0.063561752,0.131,51450.0
0.0686232,0.061300326,0.131,51451.371
0.066634744,0.059038922,0.131,51456.0
0.064646296,0.056777544,0.131,51462.598
0.062657848,0.054516181,0.131,51471.707
0.060669396,0.052254848,0.131,51482.199
0.058775537,0.049993526,0.131,51495.613
0.057093624,0.047732212,0.131,51513.348
0.055631086,0.045470901,0.131,51536.734
0.054359309,0.04320959,0.131,51566.598
0.053163245,0.040948234,0.131,51601.684
0.051954158,0.038686827,0.131,51641.34
0.05074507,0.036425423,0.131,51684.938
0.049535982,0.034164019,0.131,51730.945
0.048361089,0.031902611,0.131,51777.844
0.047272243,0.029641211,0.131,51824.598
0.046282377,0.027379805,0.131,51871.305
0.045382503,0.025178403,0.131,51915.395
0.044564433,0.023176663,0.131,51953.426
0.043820739,0.021436017,0.131,51983.977
0.043144647,0.019922413,0.131,52007.926
0.042530023,0.018606234,0.131,52026.973
0.041971266,0.017461732,0.131,52041.723
0.041463312,0.016466513,0.131,52053.242
0.041001536,0.015601104,0.131,52061.93
0.040581737,0.014848575,0.131,52068.555
0.040151075,0.014194202,0.131,52071.305
0.039644849,0.013625182,0.131,52068.188
0.039042003,0.013130382,0.131,52058.816
0.038327657,0.012700121,0.131,52043.262
0.10058622,0.097485848,0.131,76892.25
0.099254794,0.09522412,0.131,75629.242
0.097790226,0.092962392,0.131,73910.141
0.09617921,0.090700686,0.131,71585.914
0.094407089,0.08843898,0.131,67980.812
0.092484608,0.086177304,0.131,62253.758
0.090496153,0.083915651,0.131,55964.105
0.088507704,0.081653997,0.131,52210.516
0.086519256,0.079392381,0.131,51468.883
0.084530801,0.077130787,0.131,51479.902
0.082542345,0.074869215,0.131,51493.441
0.080553904,0.072607666,0.131,51498.574
0.078565449,0.070346139,0.131,51491.805
0.076576993,0.068084635,0.131,51483.508
0.074588552,0.065823153,0.131,51477.66
0.072600096,0.063561693,0.131,51474.543
0.070611641,0.061300255,0.131,51475.27
0.0686232,0.05903884,0.131,51478.812
0.066634744,0.056777447,0.131,51485.605
0.064646296,0.054516077,0.131,51494.043
0.062657848,0.052254729,0.131,51505.02
0.060669396,0.049993403,0.131,51517.277
0.058775537,0.047732092,0.131,51532.898
0.057093624,0.045470789,0.131,51553.891
0.055631086,0.043209482,0.131,51581.566
0.054359309,0.040948182,0.131,51616.266
0.053163245,0.038686827,0.131,51656.719
0.051954158,0.036425423,0.131,51701.273
0.05074507,0.034164019,0.131,51748.949
0.049535982,0.031902611,0.131,51797.793
0.048361089,0.029641211,0.131,51846.32
0.047272243,0.027379805,0.131,51893.875
0.046282377,0.025178403,0.131,51939.32
0.045382503,0.023176663,0.131,51977.844
0.044564433,0.021436017,0.131,52008.062
0.043820739,0.019922413,0.131,52031.727
0.043144647,0.018606234,0.131,52049.688
0.042530023,0.017461732,0.131,52063.375
0.041971266,0.016466513,0.131,52073.473
0.041463312,0.015601104,0.131,52080.93
0.041001536,0.014848575,0.131,52085.996
0.040581737,0.014194202,0.131,52089.445
0.040151075,0.013625182,0.131,52089.398
0.039644849,0.013130382,0.131,52083.688
0.039042003,0.012700121,0.131,52071.93
0.10058622,0.095224179,0.131,76805.812
0.099254794,0.092962459,0.131,75504.922
0.097790226,0.090700738,0.131,73834.289
0.09617921,0.08843904,0.131,71524.242
0.094407089,0.086177349,0.131,67887.672
0.092484608,0.083915681,0.131,62127.348
0.090496153,0.081654027,0.131,56188.066
0.088507704,0.079392396,0.131,51878.168
0.086519256,0.077130795,0.131,51499.934
0.084530801,0.074869208,0.131,51480.039
0.082542345,0.072607651,0.131,51500.258
0.080553904,0.070346117,0.131,51513.863
0.078565449,0.068084598,0.131,51512.523
0.076576993,0.065823108,0.131,51507.555
0.074588552,0.063561633,0.131,51504.609
0.072600096,0.061300181,0.131,51504.234
0.070611641,0.059038758,0.131,51507.246
0.0686232,0.056777351,0.131,51513.059
0.066634744,0.054515969,0.131,51521.855
0.064646296,0.05225461,0.131,51532.273
0.062657848,0.049993277,0.131,51544.965
0.060669396,0.047731962,0.131,51559.156
0.058775537,0.045470659,0.131,51577.355
0.057093624,0.043209363,0.131,51602.094
0.055631086,0.040948071,0.131,51634.258
0.054359309,0.038686771,0.131,51674.48
0.053163245,0.036425427,0.131,51720.391
0.051954158,0.034164019,0.131,51769.699
0.05074507,0.031902615,0.131,51821.031
0.049535982,0.029641211,0.131,51872.168
0.048361089,0.027379805,0.131,51921.637
0.047272243,0.025178403,0.131,51967.582
0.046282377,0.023176663,0.131,52006.676
0.045382503,0.021436017,0.131,52036.523
0.044564433,0.019922413,0.131,52059.113
0.043820739,0.018606234,0.131,52076.125
0.043144647,0.017461732,0.131,52088.137
0.042530023,0.016466513,0.131,52096.738
0.041971266,0.015601104,0.131,52102.414
0.041463312,0.014848575,0.131,52105.949
0.041001536,0.014194202,0.131,52107.695
0.040581737,0.013625182,0.131,52108.238
0.040151075,0.013130382,0.131,52105.551
0.039644849,0.012700121,0.131,52097.465
0.1017966,0.095224239,0.131,77683.266
0.10058622,0.092962511,0.131,76704.273
0.099254794,0.09070079,0.131,75388.656
0.097790226,0.088439092,0.131,73771.383
0.09617921,0.086177394,0.131,71467.891
0.094407089,0.083915718,0.131,67813.281
0.092484608,0.081654057,0.131,62014.984
0.090496153,0.079392411,0.131,56409.781
0.088507704,0.077130802,0.131,51610.594
0.086519256,0.074869208,0.131,51497.699
0.084530801,0.072607629,0.131,51481.969
0.082542345,0.070346087,0.131,51514.914
0.080553904,0.06808456,0.131,51538.117
0.078565449,0.065823056,0.131,51541.574
0.076576993,0.063561574,0.131,51539.836
0.074588552,0.06130011,0.131,51539.898
0.072600096,0.059038676,0.131,51541.988
0.070611641,0.056777257,0.131,51547.324
0.0686232,0.054515861,0.131,51555.293
0.066634744,0.052254494,0.131,51566.184
0.064646296,0.04999315,0.131,51578.504
0.062657848,0.04773182,0.131,51592.82
0.060669396,0.045470513,0.131,51609.23
0.058775537,0.043209225,0.131,51630.352
0.057093624,0.04094794,0.131,51658.973
0.055631086,0.038686652,0.131,51696.43
0.054359309,0.036425367,0.131,51742.281
0.053163245,0.034164019,0.131,51793.652
0.051954158,0.031902615,0.131,51847.461
0.05074507,0.029641211,0.131,51901.926
0.049535982,0.027379805,0.131,51954.543
0.048361089,0.025178403,0.131,52002.164
0.047272243,0.023176663,0.131,52040.848
0.046282377,0.021436017,0.131,52070.176
0.045382503,0.019922413,0.131,52091.402
0.044564433,0.018606234,0.131,52106.484
0.043820739,0.017461732,0.131,52116.945
0.043144647,0.016466513,0.131,52123.371
0.042530023,0.015601104,0.131,52127.141
0.041971266,0.014848575,0.131,52128.598
0.041463312,0.014194202,0.131,52128.527
0.041001536,0.013625182,0.131,52127.129
0.040581737,0.013130382,0.131,52124.988
0.040151075,0.012700121,0.131,52119.926
0.1017966,0.092962563,0.131,77607.023
0.10058622,0.090700842,0.131,76605.078
0.099254794,0.088439137,0.131,75306.961
0.097790226,0.086177438,0.131,73730.07
0.09617921,0.083915755,0.131,71434.812
0.094407089,0.081654079,0.131,67751.906
0.092484608,0.079392433,0.131,61919.547
0.090496153,0.077130809,0.131,56617.891
0.088507704,0.074869201,0.131,51636.156
0.086519256,0.072607622,0.131,51465.848
0.084530801,0.070346057,0.131,51489.234
0.082542345,0.068084516,0.131,51543.988
0.080553904,0.065823004,0.131,51571.738
0.078565441,0.063561507,0.131,51580.16
0.076576993,0.061300039,0.131,51582.129
0.074588552,0.059038587,0.131,51584.871
0.072600096,0.056777157,0.131,51589.512
0.070611641,0.054515757,0.131,51597.09
0.0686232,0.052254375,0.131,51607.168
0.066634744,0.049993016,0.131,51619.918
0.064646296,0.047731683,0.131,51633.996
0.062657848,0.045470364,0.131,51650.176
0.060669396,0.043209076,0.131,51668.98
0.058775537,0.040947795,0.131,51693.039
0.057093624,0.038686521,0.131,51726.32
0.055631086,0.03642524,0.131,51769.133
0.054359309,0.034163956,0.131,51820.688
0.053163245,0.031902615,0.131,51877.445
0.051954158,0.029641211,0.131,51935.332
0.05074507,0.027379805,0.131,51992.152
0.049535982,0.025178403,0.131,52043.109
0.048361089,0.023176663,0.131,52082.469
0.047272243,0.021436017,0.131,52109.953
0.046282377,0.019922413,0.131,52129.523
0.045382503,0.018606234,0.131,52142.285
0.044564433,0.017461732,0.131,52150.086
0.043820739,0.016466513,0.131,52154.32
0.043144647,0.015601104,0.131,52155.414
0.042530023,0.014848575,0.131,52154.586
0.041971266,0.014194202,0.131,52152.148
0.041463312,0.013625182,0.131,52148.711
0.041001536,0.013130382,0.131,52144.469
0.040581737,0.012700121,0.131,52139.859
0.10289695,0.092962608,0.131,78307.719
0.1017966,0.090700895,0.131,77517.188
0.10058622,0.088439174,0.131,76522.891
0.099254794,0.086177468,0.131,75261.938
0.097790226,0.083915785,0.131,73706.859
0.09617921,0.081654109,0.131,71417.234
0.094407089,0.079392448,0.131,67721.469
0.092484608,0.077130809,0.131,61865.672
0.090496153,0.074869193,0.131,56604.359
0.088507704,0.072607599,0.131,51960.633
0.086519256,0.070346028,0.131,51438.188
0.084530793,0.068084478,0.131,51505.578
0.082542345,0.065822951,0.131,51580.082
0.080553904,0.063561447,0.131,51616.766
0.078565441,0.061299965,0.131,51630.793
0.076576993,0.059038505,0.131,51636.273
0.074588552,0.056777067,0.131,51641.715
0.072600096,0.054515652,0.131,51648.707
0.070611641,0.05225426,0.131,51658.453
0.0686232,0.049992889,0.131,51670.387
0.066634744,0.047731541,0.131,51684.785
0.064646296,0.045470215,0.131,51700.621
0.062657848,0.043208912,0.131,51718.766
0.060669396,0.040947631,0.131,51739.973
0.05877554,0.038686365,0.131,51767.457
0.057093624,0.036425095,0.131,51805.469
0.055631086,0.034163821,0.131,51853.652
0.054359309,0.031902548,0.131,51910.973
0.053163245,0.029641211,0.131,51972.797
0.051954158,0.027379805,0.131,52033.984
0.05074507,0.025178405,0.131,52089.609
0.049535982,0.023176663,0.131,52131.633
0.048361089,0.021436017,0.131,52158.293
0.047272243,0.019922413,0.131,52174.629
0.046282377,0.018606234,0.131,52184.492
0.045382503,0.017461732,0.131,52189.078
0.044564433,0.016466513,0.131,52189.895
0.043820739,0.015601104,0.131,52188.238
0.043144647,0.014848575,0.131,52184.297
0.042530023,0.014194202,0.131,52179.273
0.041971266,0.013625182,0.131,52173.215
0.041463312,0.013130382,0.131,52166.758
0.041001536,0.012700121,0.131,52159.883
0.10389726,0.092962652,0.131,78846.742
0.10289695,0.090700932,0.131,78243.352
0.1017966,0.088439211,0.131,77432.461
0.10058622,0.086177506,0.131,76454.969
0.099254794,0.083915815,0.131,75230.117
0.097790226,0.081654131,0.131,73696.844
0.09617921,0.07939247,0.131,71412.781
0.094407089,0.077130817,0.131,67706.031
0.092484608,0.074869186,0.131,61882.102
0.090496153,0.072607584,0.131,56373.883
0.088507704,0.070345998,0.131,52322.828
0.086519256,0.068084441,0.131,51319.141
0.084530793,0.065822899,0.131,51538.043
0.082542345,0.06356138,0.131,51628.379
0.080553897,0.06129989,0.131,51676.379
0.078565441,0.059038423,0.131,51695.34
0.076576993,0.056776974,0.131,51704.465
0.074588552,0.054515544,0.131,51712.543
0.072600096,0.05225414,0.131,51721.867
0.070611641,0.049992763,0.131,51733.43
0.0686232,0.0477314,0.131,51746.949
0.066634744,0.045470063,0.131,51762.941
0.064646296,0.043208748,0.131,51780.441
0.062657848,0.04094746,0.131,51800.297
0.060669396,0.038686186,0.131,51824.168
0.058775544,0.036424931,0.131,51855.238
0.057093624,0.034163672,0.131,51897.934
0.055631086,0.03190241,0.131,51951.445
0.054359309,0.02964114,0.131,52014.191
0.053163245,0.027379805,0.131,52080.379
0.051954158,0.025178406,0.131,52140.965
0.05074507,0.023176663,0.131,52187.285
0.049535982,0.021436017,0.131,52215.301
0.048361089,0.019922413,0.131,52229.176
0.047272243,0.018606234,0.131,52234.375
0.046282377,0.017461732,0.131,52234.973
0.045382503,0.016466513,0.131,52231.723
0.044564433,0.015601104,0.131,52226.023
0.043820739,0.014848575,0.131,52218.863
0.043144647,0.014194202,0.131,52210.312
0.042530023,0.013625182,0.131,52201.352
0.041971266,0.013130382,0.131,52192.02
0.041463312,0.012700121,0.131,52182.75
0.10389726,0.090700969,0.131,78819.898
0.10289695,0.088439241,0.131,78171.039
0.1017966,0.086177535,0.131,77358.844
0.10058622,0.083915845,0.131,76392.547
0.099254794,0.081654154,0.131,75210.344
0.097790226,0.079392478,0.131,73689.844
0.09617921,0.077130824,0.131,71412.828
0.094407082,0.074869178,0.131,67710.695
0.092484608,0.072607569,0.131,61970.859
0.090496145,0.070345968,0.131,56166.574
0.088507704,0.068084404,0.131,52854.301
0.086519256,0.065822847,0.131,51357.434
0.084530793,0.06356132,0.131,51588.379
0.082542345,0.061299816,0.131,51697.082
0.080553897,0.059038341,0.131,51752.043
0.078565441,0.056776874,0.131,51776.562
0.076576993,0.054515436,0.131,51789.406
0.074588552,0.052254021,0.131,51800.18
0.072600096,0.049992628,0.131,51811.488
0.070611641,0.047731258,0.131,51824.422
0.0686232,0.04546991,0.131,51839.301
0.066634744,0.043208584,0.131,51856.637
0.064646296,0.040947285,0.131,51875.363
0.062657848,0.038686004,0.131,51897.262
0.060669396,0.036424741,0.131,51923.602
0.058775544,0.034163497,0.131,51958.031
0.057093624,0.03190225,0.131,52005.293
0.055631086,0.029640995,0.131,52063.676
0.054359309,0.027379734,0.131,52131.156
0.053163245,0.025178406,0.131,52197.48
0.051954158,0.023176663,0.131,52248.41
0.05074507,0.021436017,0.131,52279.668
0.049535982,0.019922413,0.131,52293.473
0.048361089,0.018606234,0.131,52294.73
0.047272243,0.017461732,0.131,52289.227
0.046282377,0.016466513,0.131,52280.996
0.045382503,0.015601104,0.131,52270.398
0.044564433,0.014848575,0.131,52258.586
0.043820739,0.014194202,0.131,52246.352
0.043144647,0.013625182,0.131,52233.555
0.042530023,0.013130382,0.131,52221.031
0.041971266,0.012700121,0.131,52208.727
0.10389726,0.088439271,0.131,78773.125
0.10289695,0.086177565,0.131,78102.266
0.1017966,0.083915859,0.131,77294.93
0.10058622,0.081654169,0.131,76344.297
0.099254794,0.079392493,0.131,75192.984
0.097790226,0.077130824,0.131,73687.906
0.09617921,0.074869178,0.131,71414.25
0.094407082,0.072607547,0.131,67748.047
0.092484608,0.070345946,0.131,62086.887
0.090496145,0.068084359,0.131,55990.898
0.088507704,0.065822795,0.131,53193.148
0.086519256,0.063561261,0.131,51485.555
0.084530793,0.061299745,0.131,51665.324
0.082542345,0.059038252,0.131,51784.59
0.080553897,0.056776784,0.131,51847.645
0.078565441,0.054515332,0.131,51877.039
0.076576993,0.052253906,0.131,51893.898
0.074588552,0.049992498,0.131,51907.242
0.072600096,0.047731116,0.131,51920.281
0.070611641,0.045469761,0.131,51934.238
0.0686232,0.043208424,0.131,51950.098
0.066634744,0.040947109,0.131,51968.121
0.064646296,0.038685817,0.131,51988.078
0.062657848,0.036424547,0.131,52011.773
0.060669396,0.034163304,0.131,52040.293
0.058775544,0.031902064,0.131,52077.789
0.057093624,0.029640825,0.131,52128.898
0.055631086,0.02737958,0.131,52191.379
0.054359309,0.025178336,0.131,52258.781
0.053163245,0.023176663,0.131,52315.227
0.051954158,0.021436017,0.131,52350.031
0.05074507,0.019922413,0.131,52365.949
0.049535982,0.018606234,0.131,52365.68
0.048361089,0.017461732,0.131,52354.773
0.047272243,0.016466513,0.131,52339.176
0.046282377,0.015601104,0.131,52322.652
0.045382503,0.014848575,0.131,52305.254
0.044564433,0.014194202,0.131,52287.812
0.043820739,0.013625182,0.131,52270.91
0.043144647,0.013130382,0.131,52254.254
0.042530023,0.012700121,0.131,52238.496
0.10480664,0.088439301,0.131,79258.203
0.10389726,0.086177595,0.131,78720.086
0.10289695,0.083915889,0.131,78039.242
0.1017966,0.081654184,0.131,77248.742
0.10058622,0.0793925,0.131,76307.227
0.099254794,0.077130832,0.131,75185.602
0.097790226,0.074869171,0.131,73689.82
0.096179202,0.07260754,0.131,71427.484
0.094407082,0.070345916,0.131,67789.852
0.092484608,0.068084322,0.131,62206.641
0.090496145,0.065822743,0.131,55990.773
0.088507704,0.063561201,0.131,53428.457
0.086519256,0.061299674,0.131,51579.449
0.084530793,0.05903817,0.131,51779.219
0.082542345,0.056776684,0.131,51897.32
0.080553897,0.054515224,0.131,51964.602
0.078565441,0.05225379,0.131,52000.055
0.076576993,0.049992371,0.131,52020.926
0.074588552,0.047730975,0.131,52036.758
0.072600096,0.045469604,0.131,52051.18
0.070611641,0.043208256,0.131,52065.793
0.0686232,0.040946934,0.131,52081.766
0.066634744,0.038685631,0.131,52100.254
0.064646296,0.03642435,0.131,52121.027
0.062657848,0.034163091,0.131,52146.035
0.060669396,0.031901855,0.131,52176.27
0.058775544,0.02964063,0.131,52215.988
0.057093624,0.027379403,0.131,52269.824
0.055631086,0.025178192,0.131,52331.031
0.054359309,0.023176603,0.131,52387.238
0.053163245,0.021436017,0.131,52426.594
0.051954158,0.019922413,0.131,52444.832
0.05074507,0.018606234,0.131,52445.438
0.049535982,0.017461732,0.131,52431.758
0.048361089,0.016466513,0.131,52409.367
0.047272243,0.015601104,0.131,52384.344
0.046282377,0.014848575,0.131,52360.109
0.045382503,0.014194202,0.131,52336.445
0.044564433,0.013625182,0.131,52313.883
0.043820739,0.013130382,0.131,52292.73
0.043144647,0.012700121,0.131,52272.586
0.10480664,0.086177617,0.131,79228.57
0.10389726,0.083915904,0.131,78665.891
0.10289695,0.081654206,0.131,77990.867
0.1017966,0.079392515,0.131,77214.539
0.10058622,0.077130839,0.131,76290.0
0.099254794,0.074869171,0.131,75188.297
0.097790226,0.072607525,0.131,73699.469
0.096179202,0.070345894,0.131,71436.945
0.094407082,0.068084285,0.131,67865.312
0.092484608,0.065822706,0.131,62341.578
0.090496145,0.063561141,0.131,56139.641
0.088507704,0.0612996,0.131,53684.449
0.086519256,0.059038088,0.131,51795.355
0.084530793,0.056776591,0.131,51912.012
0.082542345,0.05451512,0.131,52033.27
0.080553897,0.052253667,0.131,52107.191
0.078565441,0.049992241,0.131,52148.32
0.076576993,0.047730837,0.131,52173.484
0.074588552,0.045469459,0.131,52191.758
0.072600096,0.043208096,0.131,52207.289
0.070611641,0.040946759,0.131,52221.586
0.0686232,0.038685445,0.131,52237.25
0.066634744,0.036424153,0.131,52255.484
0.064646296,0.034162883,0.131,52276.449
0.062657848,0.031901635,0.131,52302.203
0.060669396,0.029640414,0.131,52333.117
0.058775544,0.0273792,0.131,52373.652
0.057093624,0.025178025,0.131,52423.926
0.055631086,0.023176484,0.131,52471.547
0.054359309,0.021435969,0.131,52508.73
0.053163245,0.019922413,0.131,52530.363
0.051954158,0.018606234,0.131,52532.027
0.05074507,0.017461732,0.131,52518.047
0.049535982,0.016466513,0.131,52491.688
0.048361089,0.015601104,0.131,52458.602
0.047272243,0.014848575,0.131,52424.906
0.046282377,0.014194202,0.131,52393.652
0.045382503,0.013625182,0.131,52364.305
0.044564433,0.013130382,0.131,52337.094
0.043820739,0.012700121,0.131,52312.102
0.10563336,0.086177632,0.131,79640.648
0.10480664,0.083915927,0.131,79189.969
0.10389726,0.081654221,0.131,78620.539
0.10289695,0.079392523,0.131,77954.227
0.1017966,0.077130839,0.131,77198.711
0.10058622,0.074869163,0.131,76293.234
0.099254794,0.072607502,0.131,75200.422
0.097790226,0.070345871,0.131,73709.508
0.096179202,0.068084247,0.131,71465.672
0.094407082,0.065822646,0.131,67948.609
0.092484608,0.063561074,0.131,62506.719
0.090496145,0.061299529,0.131,56410.062
0.088507704,0.059037998,0.131,53847.332
0.086519241,0.056776494,0.131,51962.105
0.084530793,0.054515012,0.131,52085.094
0.082542345,0.052253552,0.131,52199.312
0.080553897,0.049992111,0.131,52277.043
0.078565441,0.047730699,0.131,52324.762
0.076576993,0.045469306,0.131,52354.57
0.074588552,0.043207936,0.131,52375.168
0.072600089,0.040946584,0.131,52390.961
0.070611641,0.038685262,0.131,52404.516
0.0686232,0.036423959,0.131,52418.973
0.066634744,0.034162678,0.131,52436.152
0.064646296,0.031901415,0.131,52456.477
0.062657848,0.029640183,0.131,52481.938
0.0606694,0.027378971,0.131,52511.91
0.058775544,0.025177833,0.131,52546.133
0.057093624,0.023176342,0.131,52579.121
0.055631086,0.021435866,0.131,52604.27
0.054359309,0.019922372,0.131,52621.734
0.053163245,0.018606234,0.131,52625.625
0.051954158,0.017461732,0.131,52611.473
0.05074507,0.016466513,0.131,52583.723
0.049535982,0.015601104,0.131,52545.602
0.048361089,0.014848575,0.131,52502.754
0.047272243,0.014194202,0.131,52461.16
0.046282377,0.013625182,0.131,52423.527
0.045382503,0.013130382,0.131,52389.051
0.044564433,0.012700121,0.131,52357.648
0.1063849,0.086177655,0.131,79970.562
0.10563336,0.083915934,0.131,79621.688
0.10480664,0.081654228,0.131,79153.641
0.10389726,0.07939253,0.131,78584.625
0.10289695,0.077130839,0.131,77936.898
0.1017966,0.074869163,0.131,77202.43
0.10058622,0.072607495,0.131,76315.227
0.099254794,0.070345849,0.131,75221.32
0.097790226,0.068084218,0.131,73726.062
0.096179202,0.065822609,0.131,71507.031
0.094407082,0.063561015,0.131,68045.234
0.092484593,0.061299454,0.131,62705.445
0.090496145,0.059037913,0.131,56761.523
0.088507697,0.056776397,0.131,54129.895
0.086519241,0.054514904,0.131,52257.422
0.084530793,0.052253433,0.131,52281.637
0.082542345,0.049991984,0.131,52394.746
0.080553889,0.047730558,0.131,52477.328
0.078565441,0.045469157,0.131,52531.984
0.076576993,0.043207772,0.131,52566.77
0.074588552,0.040946413,0.131,52589.16
0.072600089,0.038685076,0.131,52604.691
0.070611641,0.036423761,0.131,52616.594
0.0686232,0.034162469,0.131,52628.809
0.066634744,0.031901199,0.131,52643.992
0.064646296,0.029639954,0.131,52662.645
0.062657848,0.027378729,0.131,52686.102
0.0606694,0.025177617,0.131,52707.277
0.058775544,0.02317618,0.131,52719.504
0.057093624,0.021435749,0.131,52725.566
0.055631086,0.019922288,0.131,52727.488
0.054359309,0.018606203,0.131,52725.289
0.053163245,0.017461732,0.131,52712.211
0.051954158,0.016466513,0.131,52683.195
0.05074507,0.015601104,0.131,52642.738
0.049535982,0.014848575,0.131,52593.867
0.048361089,0.014194202,0.131,52542.152
0.047272243,0.013625182,0.131,52493.391
0.046282377,0.013130382,0.131,52450.035
0.045382503,0.012700121,0.131,52410.918
0.1063849,0.083915956,0.131,79972.672
0.10563336,0.081654243,0.131,79598.844
0.10480664,0.079392537,0.131,79122.984
0.10389726,0.077130839,0.131,78567.805
0.10289695,0.074869156,0.131,77940.75
0.1017966,0.072607487,0.131,77220.875
0.10058621,0.070345826,0.131,76357.773
0.099254787,0.068084188,0.131,75245.32
0.097790226,0.065822564,0.131,73756.891
0.096179202,0.063560963,0.131,71568.547
0.094407082,0.061299384,0.131,68146.539
0.092484593,0.059037831,0.131,62958.223
0.090496145,0.0567763,0.131,57188.98
0.088507697,0.054514796,0.131,54364.922
0.086519241,0.052253313,0.131,52514.527
0.084530793,0.049991857,0.131,52523.523
0.082542345,0.047730416,0.131,52624.32
0.080553889,0.045469001,0.131,52710.559
0.078565441,0.043207608,0.131,52772.234
0.076576993,0.040946241,0.131,52811.539
0.074588545,0.03868489,0.131,52835.453
0.072600089,0.036423564,0.131,52849.941
0.070611641,0.034162261,0.131,52859.062
0.0686232,0.031900983,0.131,52868.012
0.066634744,0.029639723,0.131,52879.93
0.064646296,0.027378488,0.131,52895.309
0.062657848,0.025177389,0.131,52908.156
0.0606694,0.023175998,0.131,52903.02
0.058775544,0.021435613,0.131,52882.742
0.057093624,0.019922189,0.131,52861.25
0.055631086,0.018606132,0.131,52840.223
0.054359309,0.017461706,0.131,52819.297
0.053163245,0.016466513,0.131,52790.281
0.051954158,0.015601104,0.131,52747.473
0.05074507,0.014848575,0.131,52695.414
0.049535982,0.014194202,0.131,52636.836
0.048361089,0.013625182,0.131,52577.145
0.047272243,0.013130382,0.131,52522.004
0.046282377,0.012700121,0.131,52473.453
0.10706814,0.083915971,0.131,80255.477
0.1063849,0.081654251,0.131,79965.07
0.10563336,0.079392545,0.131,79576.625
0.10480664,0.077130847,0.131,79108.336
0.10389726,0.074869156,0.131,78571.5
0.10289695,0.07260748,0.131,77960.258
0.10179659,0.070345812,0.131,77260.43
0.10058621,0.068084158,0.131,76410.734
0.099254787,0.065822527,0.131,75284.172
0.097790226,0.063560911,0.131,73807.008
0.096179202,0.06129932,0.131,71640.852
0.094407082,0.059037749,0.131,68278.711
0.092484593,0.056776207,0.131,63251.438
0.090496145,0.054514691,0.131,57667.211
0.088507697,0.052253198,0.131,54743.289
0.086519241,0.049991727,0.131,52887.762
0.084530793,0.047730278,0.131,52802.875
0.082542345,0.045468856,0.131,52890.414
0.080553889,0.043207448,0.131,52979.094
0.078565441,0.040946066,0.131,53046.406
0.076576993,0.038684707,0.131,53089.957
0.074588545,0.03642337,0.131,53114.699
0.072600089,0.034162056,0.131,53127.023
0.070611641,0.031900764,0.131,53132.293
0.0686232,0.029639494,0.131,53136.746
0.066634744,0.027378246,0.131,53143.641
0.064646296,0.025177158,0.131,53146.426
0.062657848,0.023175806,0.131,53129.703
0.0606694,0.021435462,0.131,53087.051
0.058775544,0.019922078,0.131,53033.941
0.057093624,0.018606052,0.131,52985.492
0.055631086,0.017461648,0.131,52942.488
0.054359313,0.016466491,0.131,52903.883
0.053163245,0.015601104,0.131,52860.109
0.051954158,0.014848575,0.131,52804.789
0.05074507,0.014194202,0.131,52742.215
0.049535982,0.013625182,0.131,52674.898
0.048361089,0.013130382,0.131,52608.086
0.047272243,0.012700121,0.131,52547.266
0.10768925,0.083915979,0.131,80481.602
0.10706814,0.081654258,0.131,80262.953
0.1063849,0.079392552,0.131,79952.711
0.10563336,0.077130847,0.131,79565.828
0.10480664,0.074869156,0.131,79111.773
0.10389726,0.072607473,0.131,78590.398
0.10289694,0.070345797,0.131,78002.453
0.10179659,0.068084136,0.131,77311.789
0.10058621,0.065822497,0.131,76479.172
0.099254787,0.063560866,0.131,75340.508
0.097790226,0.061299261,0.131,73878.383
0.096179202,0.059037678,0.131,71731.922
0.094407082,0.056776118,0.131,68439.062
0.092484593,0.054514587,0.131,63580.406
0.090496145,0.052253082,0.131,58212.871
0.088507697,0.049991596,0.131,55117.188
0.086519241,0.04773014,0.131,53266.879
0.084530793,0.045468703,0.131,53131.074
0.082542345,0.043207288,0.131,53195.523
0.080553889,0.040945891,0.131,53283.723
0.078565441,0.038684525,0.131,53355.301
0.076576993,0.036423177,0.131,53401.922
0.074588545,0.034161851,0.131,53426.246
0.072600089,0.031900544,0.131,53435.273
0.070611641,0.029639266,0.131,53435.371
0.0686232,0.027378008,0.131,53433.633
0.066634744,0.025176933,0.131,53425.262
0.064646296,0.023175616,0.131,53394.824
0.062657848,0.0214353,0.131,53336.812
0.0606694,0.019921951,0.131,53256.77
0.058775544,0.018605959,0.131,53171.895
0.057093624,0.017461585,0.131,53097.852
0.055631086,0.016466446,0.131,53034.254
0.054359313,0.015601087,0.131,52979.492
0.053163245,0.014848575,0.131,52922.277
0.051954158,0.014194202,0.131,52855.648
0.05074507,0.013625182,0.131,52783.664
0.049535982,0.013130382,0.131,52708.578
0.048361089,0.012700121,0.131,52635.379
0.10768925,0.081654266,0.131,80503.039
0.10706814,0.07939256,0.131,80260.727
0.1063849,0.077130854,0.131,79946.414
0.10563336,0.074869148,0.131,79568.82
0.10480664,0.072607458,0.131,79128.344
0.10389726,0.070345782,0.131,78631.961
0.10289694,0.068084121,0.131,78056.008
0.10179659,0.065822467,0.131,77382.828
0.10058621,0.063560829,0.131,76553.539
0.099254787,0.061299209,0.131,75431.68
0.097790226,0.059037603,0.131,73958.727
0.096179202,0.056776032,0.131,71841.898
0.094407082,0.054514486,0.131,68623.336
0.092484593,0.052252963,0.131,63942.062
0.090496145,0.04999147,0.131,58806.105
0.088507697,0.047729999,0.131,55605.809
0.086519241,0.045468554,0.131,53733.141
0.084530793,0.043207124,0.131,53510.742
0.082542345,0.04094572,0.131,53540.133
0.080553889,0.038684338,0.131,53625.047
0.078565441,0.036422979,0.131,53698.453
0.076576993,0.034161642,0.131,53746.062
0.074588545,0.031900328,0.131,53768.441
0.072600089,0.029639035,0.131,53772.699
0.070611641,0.027377766,0.131,53765.957
0.0686232,0.025176706,0.131,53747.461
0.066634744,0.023175426,0.131,53701.328
0.064646296,0.02143514,0.131,53624.84
0.062657848,0.019921817,0.131,53526.367
0.0606694,0.018605854,0.131,53410.805
0.058775544,0.017461509,0.131,53296.164
0.057093624,0.016466394,0.131,53198.473
0.055631086,0.015601052,0.131,53116.176
0.054359313,0.014848562,0.131,53046.602
0.053163245,0.014194202,0.131,52977.367
0.051954158,0.013625182,0.131,52900.598
0.05074507,0.013130382,0.131,52820.238
0.049535982,0.012700121,0.131,52738.207
0.10768925,0.079392567,0.131,80510.57
0.10706814,0.077130854,0.131,80259.133
0.1063849,0.074869148,0.131,79949.0
0.10563336,0.072607458,0.131,79581.328
0.10480664,0.070345767,0.131,79164.273
0.10389726,0.068084098,0.131,78681.883
0.10289694,0.065822437,0.131,78125.766
0.10179659,0.063560784,0.131,77463.07
0.10058621,0.06129916,0.131,76643.445
0.099254787,0.059037544,0.131,75552.445
0.097790226,0.056775957,0.131,74051.398
0.096179202,0.054514389,0.131,71974.125
0.094407082,0.052252851,0.131,68840.273
0.092484593,0.049991343,0.131,64333.18
0.090496145,0.047729857,0.131,59434.496
0.088507697,0.045468397,0.131,56138.438
0.086519241,0.04320696,0.131,54250.809
0.084530793,0.040945545,0.131,53941.891
0.082542345,0.038684152,0.131,53925.141
0.080553889,0.036422782,0.131,54002.371
0.078565441,0.034161434,0.131,54074.113
0.076576993,0.031900108,0.131,54120.215
0.074588545,0.029638806,0.131,54138.645
0.072600089,0.027377523,0.131,54136.246
0.070611641,0.025176479,0.131,54111.059
0.0686232,0.023175232,0.131,54051.285
0.066634744,0.021434981,0.131,53954.684
0.064646296,0.019921685,0.131,53834.109
0.062657848,0.018605744,0.131,53697.543
0.0606694,0.017461423,0.131,53549.117
0.058775544,0.016466333,0.131,53407.281
0.057093624,0.015601011,0.131,53288.102
0.055631086,0.014848535,0.131,53188.855
0.054359313,0.014194192,0.131,53106.043
0.053163245,0.013625182,0.131,53025.934
0.051954158,0.013130382,0.131,52940.188
0.05074507,0.012700121,0.131,52852.402
0.10768925,0.077130854,0.131,80513.656
0.10706814,0.074869148,0.131,80261.305
0.1063849,0.07260745,0.131,79956.617
0.10563336,0.070345759,0.131,79608.062
0.10480664,0.068084076,0.131,79204.609
0.10389726,0.065822408,0.131,78741.945
0.10289694,0.063560754,0.131,78200.141
0.10179659,0.061299112,0.131,77553.414
0.10058621,0.059037492,0.131,76743.836
0.099254787,0.056775887,0.131,75675.812
0.097790226,0.0545143,0.131,74169.672
0.096179202,0.052252747,0.131,72117.398
0.094407082,0.049991217,0.131,69072.484
0.092484593,0.047729719,0.131,64748.031
0.090496145,0.045468252,0.131,60077.367
0.088507697,0.0432068,0.131,56732.863
0.086519241,0.040945373,0.131,54830.609
0.084530793,0.038683966,0.131,54416.406
0.082542345,0.036422588,0.131,54353.207
0.080553889,0.034161225,0.131,54414.27
0.078565441,0.031899892,0.131,54479.973
0.076576993,0.029638575,0.131,54521.316
0.074588545,0.027377283,0.131,54533.227
0.072600089,0.025176251,0.131,54511.285
0.070611641,0.023175042,0.131,54441.801
0.0686232,0.021434819,0.131,54327.598
0.066634744,0.019921552,0.131,54183.547
0.064646296,0.018605635,0.131,54022.082
0.062657848,0.017461333,0.131,53850.5
0.0606694,0.016466267,0.131,53672.293
0.058775544,0.015600963,0.131,53505.98
0.057093624,0.014848505,0.131,53367.461
0.055631086,0.014194174,0.131,53253.07
0.054359313,0.013625177,0.131,53158.434
0.053163245,0.013130382,0.131,53068.738
0.051954158,0.012700121,0.131,52974.977
0.10768925,0.074869141,0.131,80515.414
0.10706814,0.072607443,0.131,80263.734
0.1063849,0.070345752,0.131,79972.656
0.10563336,0.068084061,0.131,79634.312
0.10480664,0.065822385,0.131,79247.586
0.10389726,0.063560724,0.131,78798.883
0.10289694,0.061299071,0.131,78275.461
0.10179659,0.05903744,0.131,77640.961
0.10058621,0.056775823,0.131,76842.516
0.099254787,0.054514222,0.131,75787.414
0.097790226,0.05225265,0.131,74298.289
0.096179202,0.049991105,0.131,72253.344
0.094407082,0.047729585,0.131,69301.289
0.092484593,0.045468096,0.131,65171.594
0.090496138,0.043206636,0.131,60719.352
0.088507697,0.040945198,0.131,57367.609
0.086519241,0.038683783,0.131,55464.148
0.084530793,0.036422387,0.131,54934.457
0.082542345,0.03416102,0.131,54820.242
0.080553889,0.031899672,0.131,54857.875
0.078565441,0.029638346,0.131,54912.863
0.076576993,0.027377043,0.131,54945.551
0.074588545,0.025176024,0.131,54936.977
0.072600089,0.02317485,0.131,54867.633
0.070611641,0.021434661,0.131,54740.254
0.0686232,0.019921418,0.131,54575.508
0.066634744,0.018605527,0.131,54387.965
0.064646296,0.017461246,0.131,54189.41
0.062657848,0.016466195,0.131,53986.23
0.0606694,0.015600912,0.131,53781.316
0.058775544,0.014848469,0.131,53593.164
0.057093624,0.014194152,0.131,53437.477
0.055631086,0.013625163,0.131,53309.664
0.054359313,0.01313038,0.131,53204.527
0.053163245,0.012700121,0.131,53106.273
0.10768925,0.072607435,0.131,80512.602
0.10706814,0.070345737,0.131,80268.859
0.1063849,0.068084046,0.131,79982.836
0.10563336,0.065822363,0.131,79656.055
0.10480664,0.063560694,0.131,79279.133
0.10389726,0.061299033,0.131,78846.164
0.10289694,0.059037387,0.131,78335.0
0.10179659,0.056775764,0.131,77711.867
0.10058621,0.054514151,0.131,76924.141
0.099254787,0.052252561,0.131,75879.625
0.097790226,0.049990997,0.131,74419.445
0.096179202,0.047729459,0.131,72372.75
0.094407074,0.04546795,0.131,69512.641
0.092484593,0.043206476,0.131,65599.289
0.090496138,0.040945023,0.131,61337.469
0.088507697,0.038683597,0.131,58025.336
0.086519241,0.036422193,0.131,56127.48
0.084530793,0.034160815,0.131,55489.703
0.082542345,0.031899452,0.131,55321.504
0.080553889,0.029638117,0.131,55329.812
0.078565441,0.027376803,0.131,55368.855
0.076576993,0.025175797,0.131,55376.992
0.074588545,0.023174658,0.131,55317.758
0.072600089,0.021434499,0.131,55187.086
0.070611641,0.019921288,0.131,55006.512
0.0686232,0.018605419,0.131,54795.938
0.066634744,0.017461156,0.131,54569.238
0.064646296,0.016466122,0.131,54337.34
0.062657848,0.015600855,0.131,54105.992
0.0606694,0.01484843,0.131,53877.375
0.058775544,0.014194125,0.131,53669.883
0.057093624,0.013625149,0.131,53499.016
0.055631086,0.013130372,0.131,53359.363
0.054359313,0.012700121,0.131,53244.906
0.10768925,0.07034573,0.131,80507.234
0.10706814,0.068084031,0.131,80263.109
0.1063849,0.065822348,0.131,79982.125
0.10563336,0.063560672,0.131,79658.945
0.10480664,0.061299004,0.131,79290.984
0.10389726,0.059037346,0.131,78866.297
0.10289694,0.056775711,0.131,78363.359
0.10179659,0.054514088,0.131,77750.008
0.10058621,0.052252486,0.131,76971.898
0.099254787,0.0499909,0.131,75936.695
0.097790226,0.047729343,0.131,74503.109
0.096179202,0.045467816,0.131,72471.836
0.094407074,0.043206315,0.131,69692.242
0.092484593,0.040944852,0.131,65978.93
0.090496138,0.038683414,0.131,61911.867
0.088507697,0.036421999,0.131,58685.848
0.086519241,0.034160607,0.131,56802.672
0.084530793,0.031899236,0.131,56073.367
0.082542345,0.029637888,0.131,55850.641
0.080553889,0.027376562,0.131,55825.355
0.078565441,0.02517557,0.131,55830.973
0.076576993,0.023174467,0.131,55782.367
0.074588545,0.021434341,0.131,55657.371
0.072600089,0.019921154,0.131,55470.68
0.070611641,0.018605309,0.131,55242.141
0.0686232,0.017461069,0.131,54990.613
0.066634744,0.016466053,0.131,54729.066
0.064646296,0.015600801,0.131,54467.586
0.062657848,0.014848387,0.131,54211.23
0.0606694,0.014194097,0.131,53961.801
0.058775544,0.013625131,0.131,53737.254
0.057093624,0.013130363,0.131,53553.008
0.055631086,0.012700117,0.131,53402.867
0.10768925,0.068084024,0.131,80486.797
0.10706814,0.065822326,0.131,80240.32
0.1063849,0.06356065,0.131,79956.086
0.10563336,0.061298974,0.131,79634.227
0.10480664,0.059037313,0.131,79267.562
0.10389726,0.056775663,0.131,78844.398
0.10289694,0.054514028,0.131,78346.359
0.10179659,0.052252416,0.131,77737.289
0.10058621,0.049990814,0.131,76963.648
0.099254787,0.047729243,0.131,75939.469
0.097790226,0.045467693,0.131,74522.883
0.096179202,0.043206174,0.131,72522.719
0.094407074,0.040944684,0.131,69824.273
0.092484586,0.038683228,0.131,66292.477
0.090496138,0.036421806,0.131,62429.027
0.088507697,0.034160398,0.131,59325.586
0.086519241,0.031899016,0.131,57469.957
0.084530786,0.029637657,0.131,56674.27
0.082542345,0.027376322,0.131,56399.824
0.080553889,0.025175342,0.131,56325.68
0.078565441,0.023174277,0.131,56263.863
0.076576993,0.021434179,0.131,56143.004
0.074588537,0.01992102,0.131,55958.129
0.072600089,0.018605199,0.131,55721.078
0.070611641,0.01746098,0.131,55449.738
0.0686232,0.016465982,0.131,55161.785
0.066634744,0.015600745,0.131,54869.355
0.064646296,0.014848344,0.131,54581.891
0.062657848,0.014194067,0.131,54303.539
0.0606694,0.013625113,0.131,54035.781
0.058775544,0.013130354,0.131,53796.262
0.057093624,0.012700115,0.131,53600.23
0.10768925,0.065822318,0.131,80443.688
0.10706814,0.06356062,0.131,80187.508
0.1063849,0.061298944,0.131,79897.258
0.10563336,0.059037276,0.131,79568.148
0.10480664,0.056775618,0.131,79194.805
0.10389726,0.054513976,0.131,78768.812
0.10289694,0.052252345,0.131,78267.625
0.10179659,0.049990736,0.131,77655.469
0.10058621,0.047729149,0.131,76886.594
0.099254787,0.045467582,0.131,75869.492
0.097790226,0.04320604,0.131,74467.969
0.096179202,0.040944532,0.131,72511.625
0.094407067,0.038683049,0.131,69892.688
0.092484586,0.036421604,0.131,66533.602
0.090496138,0.034160193,0.131,62888.086
0.088507697,0.031898797,0.131,59925.285
0.086519241,0.029637428,0.131,58115.449
0.084530786,0.02737608,0.131,57279.93
0.082542345,0.025175115,0.131,56946.363
0.080553889,0.023174085,0.131,56791.691
0.078565441,0.02143402,0.131,56647.875
0.076576993,0.019920886,0.131,56461.602
0.074588537,0.018605089,0.131,56222.973
0.072600089,0.01746089,0.131,55941.059
0.070611641,0.01646591,0.131,55631.887
0.0686232,0.015600689,0.131,55311.863
0.066634744,0.014848303,0.131,54992.328
0.064646296,0.014194036,0.131,54681.863
0.062657848,0.013625092,0.131,54384.223
0.0606694,0.013130344,0.131,54100.414
0.058775544,0.012700112,0.131,53847.816
0.10768925,0.063560605,0.131,80367.055
0.10706814,0.061298922,0.131,80097.531
0.1063849,0.059037246,0.131,79792.477
0.10563336,0.056775581,0.131,79448.5
0.10480664,0.054513924,0.131,79065.266
0.10389726,0.052252289,0.131,78627.711
0.10289694,0.049990669,0.131,78114.812
0.10179659,0.047729064,0.131,77499.625
0.10058621,0.045467477,0.131,76731.766
0.099254787,0.043205924,0.131,75719.172
0.097790226,0.04094439,0.131,74335.547
0.096179195,0.038682885,0.131,72431.484
0.094407067,0.036421418,0.131,69894.398
0.092484586,0.034159984,0.131,66694.992
0.090496138,0.03189858,0.131,63269.707
0.088507697,0.029637199,0.131,60472.379
0.086519234,0.02737584,0.131,58728.438
0.084530786,0.025174888,0.131,57862.746
0.082542345,0.023173893,0.131,57447.496
0.080553889,0.02143386,0.131,57202.484
0.078565441,0.019920755,0.131,56986.363
0.076576993,0.018604979,0.131,56741.875
0.074588537,0.017460801,0.131,56455.48
0.072600089,0.016465839,0.131,56133.852
0.070611641,0.015600633,0.131,55791.324
0.0686232,0.014848261,0.131,55443.168
0.066634744,0.014194006,0.131,55099.801
0.064646296,0.013625071,0.131,54769.242
0.062657848,0.013130331,0.131,54454.723
0.0606694,0.012700109,0.131,54156.832
0.10768925,0.061298896,0.131,80249.969
0.10706814,0.059037212,0.131,79959.25
0.1063849,0.056775544,0.131,79631.789
0.10563336,0.054513879,0.131,79270.234
0.10480664,0.052252233,0.131,78869.703
0.10389726,0.049990602,0.131,78415.016
0.10289694,0.047728986,0.131,77890.742
0.10179659,0.045467392,0.131,77269.414
0.10058621,0.043205813,0.131,76498.281
0.099254787,0.04094426,0.131,75490.617
0.097790219,0.038682736,0.131,74129.82
0.096179195,0.036421243,0.131,72282.836
0.094407067,0.034159783,0.131,69826.125
0.092484586,0.031898361,0.131,66781.695
0.090496138,0.029636968,0.131,63575.184
0.088507697,0.027375599,0.131,60958.949
0.086519234,0.025174662,0.131,59287.781
0.084530786,0.023173701,0.131,58380.0
0.082542345,0.0214337,0.131,57882.262
0.080553889,0.019920621,0.131,57562.133
0.078565441,0.018604871,0.131,57283.254
0.076576993,0.017460711,0.131,56987.535
0.074588537,0.016465768,0.131,56659.023
0.072600089,0.015600579,0.131,56302.438
0.070611641,0.014848219,0.131,55930.688
0.0686232,0.014193976,0.131,55557.812
0.066634744,0.013625052,0.131,55193.625
0.064646296,0.01313032,0.131,54845.48
0.062657848,0.012700105,0.131,54516.125
0.10768925,0.05903719,0.131,80083.328
0.10706814,0.05677551,0.131,79764.32
0.1063849,0.054513842,0.131,79413.117
0.10563336,0.052252188,0.131,79029.633
0.10480664,0.049990542,0.131,78605.086
0.10389726,0.047728915,0.131,78135.055
0.10289694,0.045467302,0.131,77599.414
0.10179659,0.043205708,0.131,76968.531
0.10058621,0.040944144,0.131,76192.766
0.099254787,0.038682599,0.131,75192.586
0.097790219,0.036421083,0.131,73857.555
0.096179195,0.034159601,0.131,72062.148
0.094407067,0.031898148,0.131,69690.125
0.092484586,0.029636741,0.131,66798.344
0.090496138,0.027375357,0.131,63807.828
0.088507682,0.025174435,0.131,61373.531
0.086519234,0.023173511,0.131,59761.652
0.084530786,0.02143354,0.131,58816.328
0.082542345,0.019920487,0.131,58257.512
0.080553889,0.018604759,0.131,57875.566
0.078565441,0.017460622,0.131,57542.797
0.076576993,0.016465697,0.131,57202.312
0.074588537,0.015600523,0.131,56836.918
0.072600089,0.014848176,0.131,56449.711
0.070611641,0.014193946,0.131,56052.359
0.0686232,0.013625032,0.131,55657.836
0.066634744,0.013130309,0.131,55275.438
0.064646296,0.012700101,0.131,54911.891
0.10768925,0.056775481,0.131,79859.867
0.10706814,0.054513805,0.131,79512.555
0.1063849,0.05225214,0.131,79135.859
0.10563336,0.04999049,0.131,78726.438
0.10480664,0.047728851,0.131,78283.039
0.10389726,0.045467228,0.131,77795.289
0.10289694,0.043205626,0.131,77246.391
0.10179659,0.04094404,0.131,76606.805
0.10058621,0.038682476,0.131,75827.062
0.099254787,0.036420938,0.131,74835.766
0.097790219,0.034159433,0.131,73522.711
0.096179195,0.031897958,0.131,71775.398
0.094407067,0.029636517,0.131,69490.234
0.092484586,0.027375117,0.131,66750.234
0.090496138,0.025174208,0.131,63970.551
0.088507682,0.023173319,0.131,61702.266
0.086519234,0.02143338,0.131,60146.312
0.084530786,0.019920353,0.131,59184.52
0.082542345,0.018604651,0.131,58580.586
0.080553889,0.017460534,0.131,58147.988
0.078565441,0.016465627,0.131,57769.16
0.076576993,0.015600467,0.131,57389.859
0.074588537,0.014848134,0.131,56992.188
0.072600089,0.014193915,0.131,56578.18
0.070611641,0.013625012,0.131,56158.398
0.0686232,0.013130298,0.131,55744.996
0.066634744,0.012700098,0.131,55346.641
0.10768925,0.054513775,0.131,79581.453
0.10706814,0.052252099,0.131,79205.922
0.1063849,0.049990438,0.131,78801.969
0.10563336,0.047728792,0.131,78372.031
0.10480664,0.045467157,0.131,77909.844
0.10389726,0.043205544,0.131,77406.211
0.10289694,0.040943943,0.131,76845.297
0.10179659,0.038682364,0.131,76195.375
0.10058621,0.036420807,0.131,75413.141
0.099254787,0.03415928,0.131,74428.273
0.097790219,0.03189778,0.131,73135.203
0.096179195,0.029636312,0.131,71430.82
0.094407067,0.027374882,0.131,69233.07
0.092484586,0.025173981,0.131,66649.789
0.090496138,0.023173127,0.131,64071.551
0.088507682,0.021433219,0.131,61953.789
0.086519234,0.019920221,0.131,60461.508
0.084530786,0.018604541,0.131,59495.879
0.082542345,0.017460445,0.131,58858.562
0.080553889,0.016465554,0.131,58384.336
0.078565441,0.015600411,0.131,57966.297
0.076576993,0.014848093,0.131,57553.359
0.074588537,0.014193885,0.131,57127.57
0.072600089,0.01362499,0.131,56690.191
0.070611641,0.013130287,0.131,56250.797
0.0686232,0.012700095,0.131,55820.875
0.10768925,0.052252062,0.131,79251.453
0.10706814,0.049990397,0.131,78847.852
0.1063849,0.04772874,0.131,78422.922
0.10563336,0.045467097,0.131,77973.242
0.10480664,0.04320547,0.131,77494.562
0.10389726,0.040943854,0.131,76979.266
0.10289694,0.03868226,0.131,76406.766
0.10179659,0.036420688,0.131,75745.875
0.10058621,0.034159139,0.131,74960.906
0.099254787,0.031897616,0.131,73980.445
0.097790219,0.029636126,0.131,72703.367
0.096179195,0.02737467,0.131,71037.445
0.094407067,0.025173761,0.131,68936.023
0.092484586,0.023172937,0.131,66520.195
0.090496138,0.021433059,0.131,64128.641
0.088507682,0.019920088,0.131,62150.215
0.086519234,0.018604431,0.131,60722.016
0.084530786,0.017460357,0.131,59760.02
0.082542345,0.016465483,0.131,59097.789
0.080553889,0.015600355,0.131,58589.262
0.078565441,0.014848051,0.131,58137.809
0.076576993,0.014193854,0.131,57695.746
0.074588537,0.01362497,0.131,57245.492
0.072600089,0.013130275,0.131,56787.727
0.070611641,0.012700091,0.131,56331.215
0.10768925,0.049990356,0.131,78874.453
0.10706814,0.047728695,0.131,78450.117
0.1063849,0.045467038,0.131,78005.25
0.10563336,0.043205403,0.131,77539.156
0.10480664,0.040943772,0.131,77049.188
0.10389726,0.03868217,0.131,76523.117
0.10289694,0.03642058,0.131,75939.109
0.10179659,0.034159012,0.131,75269.398
0.10058621,0.031897474,0.131,74478.961
0.099254787,0.029635958,0.131,73499.852
0.097790219,0.027374472,0.131,72233.734
0.096179195,0.025173558,0.131,70616.336
0.094407067,0.023172751,0.131,68632.336
0.092484586,0.021432899,0.131,66381.797
0.090496138,0.019919956,0.131,64160.273
0.088507682,0.018604323,0.131,62307.238
0.086519234,0.017460268,0.131,60939.336
0.084530786,0.016465412,0.131,59984.875
0.082542345,0.0156003,0.131,59303.738
0.080553889,0.014848008,0.131,58766.777
0.078565441,0.014193824,0.131,58286.906
0.076576993,0.013624951,0.131,57819.645
0.074588537,0.013130263,0.131,57348.129
0.072600089,0.012700087,0.131,56872.551
0.10768925,0.04772865,0.131,78462.57
0.10706814,0.045466989,0.131,78018.781
0.1063849,0.043205339,0.131,77558.023
0.10563336,0.040943701,0.131,77080.938
0.10480664,0.038682085,0.131,76581.43
0.10389726,0.036420483,0.131,76044.398
0.10289694,0.0341589,0.131,75449.523
0.10179659,0.03189734,0.131,74771.516
0.10058621,0.029635804,0.131,73972.922
0.099254772,0.027374297,0.131,72991.148
0.097790219,0.025173374,0.131,71745.633
0.096179195,0.02317258,0.131,70205.789
0.094407067,0.021432742,0.131,68347.359
0.092484586,0.019919822,0.131,66245.703
0.090496138,0.018604213,0.131,64177.051
0.088507682,0.017460179,0.131,62435.016
0.086519234,0.016465342,0.131,61121.984
0.084530786,0.015600244,0.131,60176.91
0.082542345,0.014847967,0.131,59481.273
0.080553889,0.014193794,0.131,58920.574
0.078565441,0.013624931,0.131,58416.398
0.076576993,0.013130253,0.131,57927.406
0.074588537,0.012700084,0.131,57437.355
0.10768925,0.045466937,0.131,78021.203
0.10706814,0.043205284,0.131,77562.328
0.1063849,0.040943637,0.131,77091.195
0.10563336,0.038682006,0.131,76605.672
0.10480664,0.036420394,0.131,76096.531
0.10389726,0.034158796,0.131,75548.789
0.10289694,0.031897221,0.131,74943.727
0.10179659,0.029635664,0.131,74256.664
0.10058621,0.027374135,0.131,73446.648
0.099254772,0.025173206,0.131,72472.414
0.097790219,0.023172427,0.131,71278.883
0.096179195,0.021432601,0.131,69829.758
0.094407067,0.019919693,0.131,68085.93
0.092484586,0.018604103,0.131,66118.258
0.090496138,0.017460089,0.131,64184.953
0.088507682,0.016465271,0.131,62540.457
0.086519234,0.015600189,0.131,61276.473
0.084530786,0.014847924,0.131,60341.422
0.082542345,0.014193763,0.131,59634.359
0.080553889,0.01362491,0.131,59053.766
0.078565441,0.013130242,0.131,58528.812
0.076576993,0.01270008,0.131,58020.98
0.10768925,0.043205231,0.131,77558.422
0.10706814,0.040943578,0.131,77089.734
0.1063849,0.038681936,0.131,76611.25
0.10563336,0.036420308,0.131,76117.734
0.10480664,0.034158699,0.131,75598.75
0.10389726,0.031897109,0.131,75040.703
0.10289694,0.029635537,0.131,74425.125
0.10179659,0.027373988,0.131,73726.602
0.10058621,0.025173055,0.131,72917.945
0.099254772,0.023172285,0.131,71981.727
0.097790219,0.021432472,0.131,70856.078
0.096179187,0.019919574,0.131,69489.945
0.094407067,0.018603997,0.131,67849.82
0.092484586,0.01746,0.131,66002.734
0.090496138,0.0164652,0.131,64187.691
0.088507682,0.015600134,0.131,62628.621
0.086519234,0.014847882,0.131,61407.789
0.084530786,0.014193732,0.131,60482.617
0.082542345,0.013624891,0.131,59766.41
0.080553889,0.013130231,0.131,59169.113
0.078565441,0.012700076,0.131,58626.312
0.10768925,0.040943522,0.131,77082.055
0.10706814,0.038681872,0.131,76606.969
0.1063849,0.036420237,0.131,76121.961
0.10563336,0.034158614,0.131,75620.188
0.10480664,0.031897008,0.131,75091.508
0.10389726,0.02963542,0.131,74522.586
0.10289694,0.027373854,0.131,73894.992
0.10179659,0.025172915,0.131,73196.688
0.10058621,0.023172157,0.131,72422.68
0.099254772,0.021432353,0.131,71539.594
0.097790219,0.019919468,0.131,70476.273
0.096179187,0.0186039,0.131,69185.422
0.094407067,0.017459914,0.131,67638.883
0.092484586,0.016465127,0.131,65899.852
0.090496138,0.015600078,0.131,64187.965
0.088507682,0.01484784,0.131,62702.984
0.086519234,0.014193702,0.131,61519.961
0.084530786,0.01362487,0.131,60603.977
0.082542345,0.01313022,0.131,59880.477
0.080553889,0.012700072,0.131,59268.883
0.10768925,0.038681816,0.131,76597.656
0.10706814,0.03642017,0.131,76117.227
0.1063849,0.034158535,0.131,75625.742
0.10563335,0.031896919,0.131,75115.555
0.10480664,0.029635316,0.131,74576.5
0.10389726,0.027373733,0.131,73995.328
0.10289694,0.025172791,0.131,73367.984
0.10179659,0.02317204,0.131,72701.758
0.10058621,0.021432247,0.131,71979.273
0.099254772,0.019919369,0.131,71143.312
0.097790219,0.018603811,0.131,70136.672
0.096179187,0.017459836,0.131,68914.391
0.094407067,0.01646506,0.131,67452.133
0.092484586,0.015600022,0.131,65809.336
0.090496138,0.014847797,0.131,64187.211
0.088507682,0.014193672,0.131,62766.293
0.086519234,0.013624851,0.131,61615.953
0.084530786,0.013130208,0.131,60708.41
0.082542345,0.012700069,0.131,59978.887
0.10768925,0.036420107,0.131,76108.172
0.10706814,0.034158465,0.131,75622.656
0.1063849,0.031896833,0.131,75124.148
0.10563335,0.029635221,0.131,74604.781
0.10480664,0.027373623,0.131,74054.125
0.10389726,0.025172675,0.131,73473.242
0.10289694,0.023171935,0.131,72878.078
0.10179659,0.021432148,0.131,72259.523
0.1005862,0.01991928,0.131,71581.719
0.099254772,0.018603731,0.131,70789.367
0.097790219,0.017459761,0.131,69834.25
0.096179187,0.016464997,0.131,68674.406
0.094407067,0.015599969,0.131,67287.914
0.092484586,0.014847756,0.131,65730.297
0.090496138,0.014193641,0.131,64186.156
0.088507682,0.01362483,0.131,62820.434
0.086519234,0.013130196,0.131,61698.484
0.084530786,0.012700066,0.131,60798.352
0.10768925,0.034158401,0.131,75615.516
0.10706814,0.031896763,0.131,75124.273
0.1063849,0.029635135,0.131,74617.812
0.10563335,0.027373524,0.131,74087.742
0.10480664,0.025172573,0.131,73538.125
0.10389726,0.023171838,0.131,72989.695
0.10289694,0.021432059,0.131,72441.984
0.10179659,0.0199192,0.131,71865.094
0.1005862,0.018603658,0.131,71226.039
0.099254772,0.017459698,0.131,70473.891
0.097790219,0.016464939,0.131,69566.016
0.096179187,0.015599919,0.131,68462.852
0.094407059,0.014847715,0.131,67144.25
0.092484586,0.014193611,0.131,65661.68
0.090496138,0.01362481,0.131,64185.203
0.088507682,0.013130184,0.131,62866.977
0.086519234,0.012700062,0.131,61769.391
0.10768925,0.031896692,0.131,75120.188
0.10706814,0.029635053,0.131,74622.375
0.1063849,0.027373433,0.131,74106.445
0.10563335,0.025172476,0.131,73578.305
0.10480664,0.023171751,0.131,73061.375
0.10389726,0.021431979,0.131,72560.641
0.10289694,0.019919125,0.131,72053.852
0.10179659,0.018603591,0.131,71513.547
0.1005862,0.017459638,0.131,70908.891
0.099254772,0.016464887,0.131,70193.57
0.097790219,0.015599875,0.131,69328.797
0.096179187,0.014847678,0.131,68277.008
0.094407059,0.014193582,0.131,67019.055
0.092484586,0.01362479,0.131,65602.375
0.090496138,0.013130173,0.131,64184.504
0.088507682,0.012700059,0.131,62906.996
0.10768925,0.029634982,0.131,74622.336
0.10706814,0.027373351,0.131,74116.352
0.1063849,0.02517239,0.131,73603.453
0.10563335,0.023171671,0.131,73108.617
0.10480664,0.021431906,0.131,72639.633
0.10389726,0.019919058,0.131,72179.938
0.10289694,0.018603532,0.131,71708.359
0.10179659,0.017459584,0.131,71200.781
0.1005862,0.016464839,0.131,70626.391
0.099254772,0.015599834,0.131,69945.398
0.097790219,0.014847644,0.131,69119.789
0.096179187,0.014193555,0.131,68114.336
0.094407059,0.013624771,0.131,66910.312
0.092484586,0.013130162,0.131,65551.211
0.090496138,0.012700055,0.131,64183.926
0.10768925,0.027373275,0.131,74121.055
0.10706814,0.025172312,0.131,73619.273
0.1063849,0.023171598,0.131,73140.484
0.10563335,0.021431841,0.131,72693.922
0.10480664,0.019918997,0.131,72266.359
0.10389726,0.018603476,0.131,71842.016
0.10289694,0.017459536,0.131,71401.172
0.10179659,0.016464794,0.131,70922.906
0.1005862,0.015599795,0.131,70376.078
0.099254772,0.014847612,0.131,69726.109
0.097790219,0.01419353,0.131,68936.125
0.096179187,0.013624752,0.131,67972.344
0.094407059,0.013130151,0.131,66816.086
0.092484586,0.012700051,0.131,65507.004
0.10768925,0.025172241,0.131,73629.414
0.10706814,0.023171533,0.131,73162.531
0.1063849,0.021431779,0.131,72732.453
0.10563335,0.019918941,0.131,72327.75
0.10480664,0.018603425,0.131,71935.883
0.10389726,0.017459489,0.131,71542.195
0.10289694,0.016464755,0.131,71128.742
0.10179659,0.015599761,0.131,70676.016
0.1005862,0.014847585,0.131,70154.852
0.099254772,0.014193509,0.131,69533.117
0.097790219,0.013624736,0.131,68775.383
0.096179187,0.013130141,0.131,67848.703
0.094407059,0.012700048,0.131,66734.438
0.10768925,0.023171471,0.131,73178.469
0.10706814,0.021431725,0.131,72760.789
0.1063849,0.019918893,0.131,72372.906
0.10563335,0.018603381,0.131,72004.281
0.10480664,0.017459448,0.131,71643.414
0.10389726,0.01646472,0.131,71276.516
0.10289694,0.015599731,0.131,70887.469
0.10179659,0.014847558,0.131,70457.648
0.1005862,0.014193487,0.131,69959.945
0.099254772,0.01362472,0.131,69363.781
0.097790219,0.013130133,0.131,68634.922
0.096179187,0.012700045,0.131,67741.195
0.10768925,0.021431673,0.131,72782.617
0.10706814,0.019918848,0.131,72407.508
0.1063849,0.018603338,0.131,72056.211
0.10563335,0.017459411,0.131,71718.883
0.10480664,0.016464688,0.131,71384.906
0.10389726,0.015599703,0.131,71041.594
0.10289694,0.014847536,0.131,70674.617
0.10179659,0.014193469,0.131,70265.133
0.1005862,0.013624707,0.131,69788.734
0.099254772,0.013130124,0.131,69215.57
0.097790219,0.012700042,0.131,68512.398
0.10768925,0.019918803,0.131,72435.195
0.10706814,0.018603303,0.131,72096.984
0.1063849,0.017459378,0.131,71777.305
0.10563335,0.016464658,0.131,71467.258
0.10480664,0.015599677,0.131,71156.797
0.10389726,0.014847514,0.131,70834.383
0.10289694,0.014193452,0.131,70486.945
0.10179659,0.013624695,0.131,70096.008
0.1005862,0.013130116,0.131,69638.703
0.099254772,0.012700039,0.131,69086.047
0.10768925,0.018603267,0.131,72130.352
0.10706814,0.017459348,0.131,71824.141
0.1063849,0.016464632,0.131,71532.016
0.10563335,0.015599655,0.131,71245.695
0.10480664,0.014847495,0.131,70955.969
0.10389726,0.014193436,0.131,70652.273
0.10289694,0.013624683,0.131,70321.992
0.10179659,0.01313011,0.131,69947.898
0.1005862,0.012700037,0.131,69507.57
0.10768925,0.01745932,0.131,71863.031
0.10706814,0.016464606,0.131,71584.664
0.1063849,0.015599634,0.131,71316.523
0.10563335,0.014847477,0.131,71050.984
0.10480664,0.014193423,0.131,70779.594
0.10389726,0.013624674,0.131,70492.594
0.10289694,0.013130104,0.131,70177.617
0.10179659,0.012700035,0.131,69818.367
0.10768925,0.016464585,0.131,71628.945
0.10706814,0.015599614,0.131,71374.758
0.1063849,0.014847461,0.131,71127.57
0.10563335,0.01419341,0.131,70880.227
0.10480664,0.013624664,0.131,70625.023
0.10389726,0.013130097,0.131,70352.727
0.10289694,0.012700033,0.131,70051.422
0.10768925,0.015599597,0.131,71424.109
0.10706814,0.014847447,0.131,71191.07
0.1063849,0.014193399,0.131,70962.125
0.10563335,0.013624657,0.131,70730.875
0.10480664,0.013130093,0.131,70490.0
0.10389726,0.012700032,0.131,70230.555
0.10768925,0.014847434,0.131,71245.258
0.10706814,0.014193389,0.131,71030.555
0.1063849,0.013624649,0.131,70817.68
0.10563335,0.013130088,0.131,70600.445
0.10480664,0.01270003,0.131,70372.125
0.10768925,0.014193379,0.131,71089.258
0.10706814,0.013624642,0.131,70890.602
0.1063849,0.013130084,0.131,70691.719
0.10563335,0.012700028,0.131,70486.82
0.10768925,0.013624636,0.131,70953.398
0.10706814,0.013130079,0.131,70768.703
0.1063849,0.012700026,0.131,70582.07
0.10768925,0.013130076,0.131,70835.242
0.10706814,0.012700025,0.131,70662.734
0.10768925,0.012700024,0.131,70732.609
