x,y,pressure,x_over_Lp,y_over_Lp,p_over_pinf
0.00057688396,0.13886961,51522.727,0.0,0.24955869071585177,1.0325195791583166
0.00057688396,0.13929988,51524.59,0.0,0.2512666324353868,1.0325569138276551
0.00057688402,0.13553348,51508.234,2.3816790185925435e-10,0.23631603933696724,1.032229138276553
0.00057688402,0.1363989,51511.957,2.3816790185925435e-10,0.23975129376539597,1.03230374749499
0.00057688402,0.13715142,51515.215,2.3816790185925435e-10,0.24273839559165525,1.0323690380761523
0.00057688402,0.13780579,51518.09,2.3816790185925435e-10,0.24533589442497436,1.032426653306613
0.00057688402,0.13837482,51520.551,2.3816790185925435e-10,0.24759463911241958,1.0324759719438878
0.00057688408,0.13339376,51499.379,4.763358037185087e-10,0.22782249561761966,1.0320516833667335
0.00057688408,0.13453826,51504.051,4.763358037185087e-10,0.23236554834731943,1.0321453106212424
0.00057688414,0.13056397,51488.824,7.145037060081333e-10,0.21658974316329274,1.0318401603206413
0.00057688414,0.13207759,51494.223,7.145037060081333e-10,0.22259800482579004,1.0319483567134269
0.00057688419,0.12882334,51483.289,9.129769572705984e-10,0.2096803732437669,1.0317292384769539
0.00057688425,0.1246202,51473.883,1.151144859560223e-09,0.1929961559870518,1.031540741482966
0.00057688425,0.12682161,51477.965,1.151144859560223e-09,0.20173457600425446,1.0316225450901804
0.00057688437,0.12009738,51471.91,1.6274806632787317e-09,0.17504298014874617,1.0315012024048096
0.00057688437,0.12235879,51471.723,1.6274806632787317e-09,0.18401956806789896,1.0314974549098197
0.00057688443,0.11783598,51474.754,1.865648565137986e-09,0.16606643192424367,1.0315581963927856
0.00057688449,0.11331317,51488.703,2.1038164674276106e-09,0.14811329578058832,1.0318377354709418
0.00057688449,0.11557458,51480.32,2.1038164674276106e-09,0.1570898836997411,1.031669739478958
0.0005768846,0.10879037,51513.82,2.5404576209797006e-09,0.1301601993315833,1.0323410821643286
0.0005768846,0.11105177,51500.035,2.5404576209797006e-09,0.1391367475560858,1.0320648296593187
0.00057688472,0.10200615,51567.809,3.016793424698209e-09,0.10323047526877516,1.0334230260521042
0.00057688472,0.10426755,51548.047,3.016793424698209e-09,0.11220702349327764,1.033026993987976
0.00057688472,0.10652896,51529.809,3.016793424698209e-09,0.1211836114124305,1.032661503006012
0.00057688484,0.097483337,51610.199,3.493129228416718e-09,0.08527732721672474,1.0342725250501001
0.00057688484,0.099744752,51588.82,3.493129228416718e-09,0.09425393498320273,1.0338440881763526
0.00057688495,0.092960536,51652.383,3.9297703819688075e-09,0.06732422679825467,1.0351178957915832
0.00057688495,0.095221937,51631.59,3.9297703819688075e-09,0.07630077899222223,1.0347012024048095
0.00057688501,0.090699129,51671.938,4.167938284258432e-09,0.058347650787496964,1.0355097795591184
0.00057688507,0.086176321,51705.668,4.4061061861176865e-09,0.04039452258277169,1.036185731462926
0.00057688507,0.088437721,51689.855,4.4061061861176865e-09,0.049371070807274174,1.0358688376753509
0.00057688518,0.081653506,51728.941,4.842747339669776e-09,0.022441366591791193,1.036652124248497
0.00057688518,0.083914913,51718.703,4.842747339669776e-09,0.0314179426025489,1.0364469539078156
0.0005768853,0.074869297,51739.027,5.3190831433882845e-09,-0.004488313806901604,1.036854248496994
0.0005768853,0.077130705,51739.207,5.3190831433882845e-09,0.004488266173321129,1.036857855711423
0.0005768853,0.079392105,51735.871,5.3190831433882845e-09,0.013464814397823674,1.036791002004008
0.00057688542,0.07034649,51727.781,5.7954189475371635e-09,-0.02244143804216185,1.036628877755511
0.00057688542,0.07260789,51735.07,5.7954189475371635e-09,-0.013464889817659361,1.0367749498997996
0.00057688553,0.065823682,51704.008,6.232060101089254e-09,-0.04039456624688713,1.0361524649298597
0.00057688553,0.068085089,51717.25,6.232060101089254e-09,-0.03141799023612937,1.0364178356713427
0.00057688559,0.063562274,51688.141,6.470228002948508e-09,-0.04937114622710986,1.035834488977956
0.00057688565,0.059039466,51651.066,6.708395904807762e-09,-0.06732427443183514,1.035091503006012
0.00057688565,0.061300874,51670.43,6.708395904807762e-09,-0.05834769445161238,1.0354795591182364
0.00057688577,0.054516658,51609.863,7.184731708956641e-09,-0.08527740263656039,1.0342657915831663
0.00057688577,0.056778062,51630.727,7.184731708956641e-09,-0.07630083853419778,1.0346839078156311
0.00057688588,0.047732443,51550.25,7.621372862508731e-09,-0.1122071068520434,1.033071142284569
0.00057688588,0.04999385,51569.199,7.621372862508731e-09,-0.10323053084128567,1.033450881763527
0.00057688588,0.052255251,51589.195,7.621372862508731e-09,-0.09425397864731812,1.033851603206413
0.000576886,0.043209635,51517.828,8.09770866622724e-09,-0.13016023505676866,1.0324214028056113
0.000576886,0.045471042,51533.012,8.09770866622724e-09,-0.12118365904601092,1.0327256913827656
0.00057688612,0.038686827,51494.223,8.574044470376118e-09,-0.14811336326149394,1.0319483567134269
0.00057688612,0.040948234,51504.68,8.574044470376118e-09,-0.1391367872507362,1.0321579158316634
0.00057688617,0.036425423,51486.281,8.772517721638584e-09,-0.15708992736385657,1.0317891983967937
0.00057688623,0.031902611,51478.219,9.010685623928209e-09,-0.17504307144644196,1.0316276352705411
0.00057688623,0.034164019,51480.957,9.010685623928209e-09,-0.1660664914662192,1.03168250501002
0.00057688635,0.027379805,51479.816,9.487021427646716e-09,-0.19299619171223714,1.031659639278557
0.00057688635,0.029641211,51477.922,9.487021427646716e-09,-0.18401961967094446,1.0316216833667335
0.00057688646,0.021436017,51493.184,9.923662581198807e-09,-0.21658985033884867,1.0319275350701402
0.00057688646,0.023176663,51488.199,9.923662581198807e-09,-0.20968041690788228,1.031827635270541
0.00057688646,0.025178403,51483.402,9.923662581198807e-09,-0.20173457997371952,1.0317315030060121
0.00057688652,0.019922413,51498.117,1.0161830483058061e-08,-0.2225980484899055,1.032026392785571
0.00057688658,0.016466513,51510.785,1.0399998385347687e-08,-0.23631612269573293,1.0322802605210422
0.00057688658,0.017461732,51506.973,1.0399998385347687e-08,-0.23236563567555024,1.032203867735471
0.00057688658,0.018606234,51502.75,1.0399998385347687e-08,-0.22782257500692038,1.032119238476954
0.00057688664,0.014194202,51519.637,1.063816628720694e-08,-0.24533598175320506,1.0324576553106213
0.00057688664,0.014848575,51517.062,1.063816628720694e-08,-0.24273847101149093,1.0324060521042084
0.00057688664,0.015601104,51514.113,1.063816628720694e-08,-0.23975133346004643,1.0323469539078156
0.0005768867,0.012700121,51525.5,1.0876334189066194e-08,-0.2512666840384324,1.032575150300601
0.0005768867,0.013130382,51523.816,1.0876334189066194e-08,-0.24955877804408255,1.0325414028056112
0.0005768867,0.013625182,51521.883,1.0876334189066194e-08,-0.247594686746,1.0325026653306613
0.0018167794,0.13715142,51520.234,0.004921721593040041,0.24273839559165525,1.0324696192384768
0.0018167794,0.13780579,51523.629,0.004921721593040041,0.24533589442497436,1.0325376553106214
0.0018167794,0.13837482,51526.574,0.004921721593040041,0.24759463911241958,1.0325966733466934
0.0018167794,0.13886961,51529.137,0.004921721593040041,0.24955869071585177,1.0326480360721444
0.0018167794,0.13929988,51531.348,0.004921721593040041,0.2512666324353868,1.0326923446893788
0.0018167795,0.13553348,51512.012,0.0049217219899865446,0.23631603933696724,1.032304849699399
0.0018167795,0.1363989,51516.387,0.0049217219899865446,0.23975129376539597,1.0323925250501003
0.0018167796,0.13207759,51495.637,0.004921722386933048,0.22259800482579004,1.0319766933867736
0.0018167796,0.13339376,51501.629,0.004921722386933048,0.22782249561761966,1.0320967735470943
0.0018167796,0.13453826,51507.082,0.004921722386933048,0.23236554834731943,1.0322060521042085
0.00181678,0.13056397,51489.367,0.004921723974719062,0.21658974316329274,1.0318510420841682
0.0018167801,0.12682161,51476.613,0.004921724371665564,0.20173457600425446,1.0315954509018035
0.0018167801,0.12882334,51482.922,0.004921724371665564,0.2096803732437669,1.031721883767535
0.0018167802,0.1246202,51471.645,0.004921724768612066,0.1929961559870518,1.031495891783567
0.0018167803,0.12235879,51468.742,0.0049217251655585695,0.18401956806789896,1.0314377154308616
0.0018167805,0.12009738,51468.262,0.004921725959451576,0.17504298014874617,1.0314280961923847
0.0018167808,0.11557458,51475.535,0.004921727150291087,0.1570898836997411,1.0315738476953908
0.0018167808,0.11783598,51470.512,0.004921727150291087,0.16606643192424367,1.0314731863727455
0.0018167809,0.11331317,51483.414,0.00492172754723759,0.14811329578058832,1.031731743486974
0.001816781,0.11105177,51494.195,0.004921727944184094,0.1391367475560858,1.0319477955911824
0.0018167811,0.10879037,51507.453,0.004921728341130597,0.1301601993315833,1.0322134869739479
0.0018167815,0.10426755,51540.332,0.004921729928916609,0.11220702349327764,1.0328723847695391
0.0018167815,0.10652896,51522.844,0.004921729928916609,0.1211836114124305,1.0325219238476953
0.0018167816,0.10200615,51559.223,0.004921730325863112,0.10323047526877516,1.0332509619238477
0.0018167817,0.099744752,51579.246,0.004921730722809615,0.09425393498320273,1.0336522244488977
0.0018167819,0.097483337,51599.461,0.004921731516702622,0.08527732721672474,1.0340573346693387
0.0018167822,0.092960536,51639.004,0.004921732707542132,0.06732422679825467,1.0348497795591183
0.0018167822,0.095221937,51619.57,0.004921732707542132,0.07630077899222223,1.0344603206412826
0.0018167823,0.090699129,51657.18,0.004921733104488636,0.058347650787496964,1.0352140280561122
0.0018167824,0.088437721,51673.699,0.004921733501435139,0.049371070807274174,1.0355450701402806
0.0018167825,0.086176321,51688.172,0.004921733898381643,0.04039452258277169,1.0358351102204408
0.0018167829,0.081653506,51709.336,0.004921735486167655,0.022441366591791193,1.036259238476954
0.0018167829,0.083914913,51700.008,0.004921735486167655,0.0314179426025489,1.0360723046092184
0.0018167831,0.079392105,51715.57,0.004921736280060661,0.013464814397823674,1.0363841683366732
0.0018167833,0.074869297,51718.336,0.004921737073953668,-0.004488313806901604,1.0364395991983968
0.0018167833,0.077130705,51718.531,0.004921737073953668,0.004488266173321129,1.036443507014028
0.0018167836,0.07034649,51708.07,0.004921738264793178,-0.02244143804216185,1.036233867735471
0.0018167836,0.07260789,51714.711,0.004921738264793178,-0.013464889817659361,1.0363669539078157
0.0018167838,0.068085089,51698.445,0.004921739058686185,-0.03141799023612937,1.0360409819639278
0.0018167839,0.065823682,51686.32,0.004921739455632688,-0.04039456624688713,1.0357979959919839
0.001816784,0.063562274,51671.73,0.004921739852579192,-0.04937114622710986,1.035505611222445
0.0018167843,0.059039466,51637.367,0.0049217410434187,-0.06732427443183514,1.0348169739478958
0.0018167843,0.061300874,51655.387,0.0049217410434187,-0.05834769445161238,1.0351780961923849
0.0018167845,0.056778062,51618.391,0.004921741837311707,-0.07630083853419778,1.0344366933867737
0.0018167847,0.052255251,51579.32,0.004921742631204713,-0.09425397864731812,1.0336537074148298
0.0018167847,0.054516658,51598.773,0.004921742631204713,-0.08527740263656039,1.0340435470941884
0.001816785,0.047732443,51542.207,0.004921743822044224,-0.1122071068520434,1.0329099599198397
0.001816785,0.04999385,51560.262,0.004921743822044224,-0.10323053084128567,1.0332717835671343
0.0018167852,0.045471042,51525.746,0.0049217446159372305,-0.12118365904601092,1.0325800801603207
0.0018167853,0.043209635,51511.188,0.004921745012883732,-0.13016023505676866,1.0322883366733466
0.0018167854,0.040948234,51498.668,0.004921745409830236,-0.1391367872507362,1.0320374348697394
0.0018167857,0.036425423,51481.461,0.004921746600669746,-0.15708992736385657,1.031692605210421
0.0018167857,0.038686827,51488.797,0.004921746600669746,-0.14811336326149394,1.031839619238477
0.0018167859,0.034164019,51476.762,0.004921747394562753,-0.1660664914662192,1.0315984368737476
0.0018167861,0.029641211,51475.16,0.004921748188455759,-0.18401961967094446,1.0315663326653308
0.0018167861,0.031902611,51474.723,0.004921748188455759,-0.17504307144644196,1.0315575751503006
0.0018167864,0.025178403,51482.379,0.004921749379295269,-0.20173457997371952,1.0317110020040081
0.0018167864,0.027379805,51477.82,0.004921749379295269,-0.19299619171223714,1.031619639278557
0.0018167866,0.023176663,51488.156,0.004921750173188274,-0.20968041690788228,1.0318267735470943
0.0018167867,0.021436017,51494.086,0.004921750570134778,-0.21658985033884867,1.031945611222445
0.0018167868,0.018606234,51505.391,0.004921750967081281,-0.22782257500692038,1.0321721643286574
0.0018167868,0.019922413,51499.926,0.004921750967081281,-0.2225980484899055,1.0320626452905812
0.0018167869,0.017461732,51510.438,0.004921751364027785,-0.23236563567555024,1.0322733066132266
0.0018167871,0.013625182,51528.281,0.004921752157920792,-0.247594686746,1.032630881763527
0.0018167871,0.014194202,51525.582,0.004921752157920792,-0.24533598175320506,1.0325767935871744
0.0018167871,0.014848575,51522.496,0.004921752157920792,-0.24273847101149093,1.0325149498997996
0.0018167871,0.015601104,51518.969,0.004921752157920792,-0.23975133346004643,1.032444268537074
0.0018167871,0.016466513,51514.965,0.004921752157920792,-0.23631612269573293,1.0323640280561122
0.0018167873,0.012700121,51532.66,0.0049217529518137985,-0.2512666840384324,1.0327186372745492
0.0018167873,0.013130382,51530.641,0.0049217529518137985,-0.24955877804408255,1.0326781763527055
0.0032335699,0.13837482,51533.914,0.010545621941172619,0.24759463911241958,1.0327437675350701
0.0032335699,0.13886961,51536.949,0.010545621941172619,0.24955869071585177,1.0328045891783568
0.0032335699,0.13929988,51539.52,0.010545621941172619,0.2512666324353868,1.0328561122244488
0.0032335701,0.13453826,51511.406,0.010545622735065626,0.23236554834731943,1.0322927054108217
0.0032335701,0.13553348,51517.039,0.010545622735065626,0.23631603933696724,1.0324055911823646
0.0032335701,0.1363989,51522.16,0.010545622735065626,0.23975129376539597,1.0325082164328658
0.0032335701,0.13715142,51526.613,0.010545622735065626,0.24273839559165525,1.0325974549098196
0.0032335701,0.13780579,51530.531,0.010545622735065626,0.24533589442497436,1.0326759719438878
0.0032335706,0.13207759,51498.242,0.010545624719798143,0.22259800482579004,1.0320288977955911
0.0032335706,0.13339376,51505.125,0.010545624719798143,0.22782249561761966,1.0321668336673346
0.0032335711,0.12682161,51476.371,0.010545626704530658,0.20173457600425446,1.0315906012024048
0.0032335711,0.12882334,51483.602,0.010545626704530658,0.2096803732437669,1.031735511022044
0.0032335711,0.13056397,51491.023,0.010545626704530658,0.21658974316329274,1.0318842284569139
0.0032335713,0.1246202,51470.465,0.010545627498423665,0.1929961559870518,1.031472244488978
0.0032335715,0.12235879,51466.855,0.010545628292316672,0.18401956806789896,1.0313998997995992
0.0032335718,0.12009738,51465.742,0.010545629483156183,0.17504298014874617,1.0313775951903807
0.003233572,0.11783598,51467.438,0.01054563027704919,0.16606643192424367,1.0314115831663326
0.0032335722,0.11557458,51471.797,0.010545631070942196,0.1570898836997411,1.0314989378757515
0.0032335725,0.11105177,51489.281,0.010545632261781703,0.1391367475560858,1.0318493186372746
0.0032335725,0.11331317,51479.109,0.010545632261781703,0.14811329578058832,1.0316454709418836
0.0032335729,0.10879037,51501.855,0.010545633849567717,0.1301601993315833,1.0321013026052104
0.0032335734,0.10200615,51550.613,0.010545635834300234,0.10323047526877516,1.0330784168336673
0.0032335734,0.10426755,51532.914,0.010545635834300234,0.11220702349327764,1.0327237274549097
0.0032335734,0.10652896,51516.371,0.010545635834300234,0.1211836114124305,1.0323922044088176
0.0032335739,0.099744752,51569.309,0.01054563781903275,0.09425393498320273,1.0334530861723448
0.0032335741,0.097483337,51588.004,0.010545638612925757,0.08527732721672474,1.033827735470942
0.0032335743,0.095221937,51606.426,0.010545639406818763,0.07630077899222223,1.0341969138276552
0.0032335746,0.092960536,51624.027,0.010545640597658274,0.06732422679825467,1.0345496392785571
0.0032335748,0.088437721,51655.098,0.01054564139155128,0.049371070807274174,1.0351723046092185
0.0032335748,0.090699129,51640.371,0.01054564139155128,0.058347650787496964,1.0348771743486973
0.0032335753,0.086176321,51667.918,0.010545643376283796,0.04039452258277169,1.0354292184368736
0.0032335755,0.083914913,51678.309,0.010545644170176801,0.0314179426025489,1.0356374549098197
0.0032335757,0.079392105,51691.684,0.010545644964069808,0.013464814397823674,1.035905490981964
0.0032335757,0.081653506,51686.363,0.010545644964069808,0.022441366591791193,1.035798857715431
0.0032335762,0.077130705,51694.168,0.010545646948802324,0.004488266173321129,1.0359552705410822
0.0032335764,0.074869297,51693.961,0.01054564774269533,-0.004488313806901604,1.035951122244489
0.0032335767,0.07034649,51684.988,0.010545648933534841,-0.02244143804216185,1.0357713026052104
0.0032335767,0.07260789,51690.797,0.010545648933534841,-0.013464889817659361,1.0358877154308617
0.0032335771,0.068085089,51676.582,0.010545650521320855,-0.03141799023612937,1.0356028456913828
0.0032335776,0.063562274,51652.875,0.01054565250605337,-0.04937114622710986,1.035127755511022
0.0032335776,0.065823682,51665.828,0.01054565250605337,-0.04039456624688713,1.0353873346693387
0.0032335778,0.061300874,51638.293,0.010545653299946377,-0.05834769445161238,1.0348355310621242
0.0032335781,0.054516658,51586.938,0.010545654490785887,-0.08527740263656039,1.033806372745491
0.0032335781,0.056778062,51604.871,0.010545654490785887,-0.07630083853419778,1.034165751503006
0.0032335781,0.059039466,51622.043,0.010545654490785887,-0.06732427443183514,1.034509879759519
0.0032335788,0.052255251,51568.973,0.010545657269411408,-0.09425397864731812,1.0334463527054107
0.003233579,0.047732443,51534.406,0.010545658063304415,-0.1122071068520434,1.032753627254509
0.003233579,0.04999385,51551.301,0.010545658063304415,-0.10323053084128567,1.0330922044088175
0.0032335795,0.045471042,51518.934,0.010545660048036932,-0.12118365904601092,1.0324435671342687
0.0032335799,0.038686827,51484.285,0.010545661635822946,-0.14811336326149394,1.0317491983967937
0.0032335799,0.040948234,51493.52,0.010545661635822946,-0.1391367872507362,1.031934268537074
0.0032335799,0.043209635,51505.262,0.010545661635822946,-0.13016023505676866,1.0321695791583168
0.0032335802,0.036425423,51477.613,0.010545662826662455,-0.15708992736385657,1.031615490981964
0.0032335804,0.031902611,51472.207,0.010545663620555461,-0.17504307144644196,1.0315071543086172
0.0032335804,0.034164019,51473.551,0.010545663620555461,-0.1660664914662192,1.0315340881763526
0.0032335811,0.029641211,51473.348,0.010545666399180986,-0.18401961967094446,1.03153002004008
0.0032335813,0.023176663,51489.188,0.01054566719307399,-0.20968041690788228,1.0318474549098198
0.0032335813,0.025178403,51482.383,0.01054566719307399,-0.20173457997371952,1.0317110821643287
0.0032335813,0.027379805,51476.832,0.01054566719307399,-0.19299619171223714,1.0315998396793589
0.0032335818,0.019922413,51502.887,0.010545669177806506,-0.2225980484899055,1.0321219839679359
0.0032335818,0.021436017,51496.074,0.010545669177806506,-0.21658985033884867,1.0319854509018036
0.0032335822,0.014848575,51529.281,0.01054567076559252,-0.24273847101149093,1.0326509218436875
0.0032335822,0.015601104,51525.129,0.01054567076559252,-0.23975133346004643,1.0325677154308617
0.0032335822,0.016466513,51520.426,0.01054567076559252,-0.23631612269573293,1.0324734669338678
0.0032335822,0.017461732,51515.133,0.01054567076559252,-0.23236563567555024,1.0323673947895793
0.0032335822,0.018606234,51509.285,0.01054567076559252,-0.22782257500692038,1.0322502004008016
0.0032335825,0.012700121,51541.246,0.01054567195643203,-0.2512666840384324,1.0328907014028057
0.0032335825,0.013130382,51538.855,0.01054567195643203,-0.24955877804408255,1.0328427855711424
0.0032335825,0.013625182,51536.09,0.01054567195643203,-0.247594686746,1.0327873747494989
0.0032335825,0.014194202,51532.906,0.01054567195643203,-0.24533598175320506,1.0327235671342685
0.0048338305,0.1363989,51528.895,0.016897800435765043,0.23975129376539597,1.0326431863727454
0.0048338305,0.13715142,51533.98,0.016897800435765043,0.24273839559165525,1.0327450901803608
0.0048338305,0.13780579,51538.469,0.016897800435765043,0.24533589442497436,1.0328350501002004
0.0048338305,0.13837482,51542.387,0.016897800435765043,0.24759463911241958,1.0329135671342686
0.0048338305,0.13886961,51545.793,0.016897800435765043,0.24955869071585177,1.0329818236472945
0.0048338305,0.13929988,51548.75,0.016897800435765043,0.2512666324353868,1.0330410821643286
0.004833831,0.13207759,51501.754,0.016897802420497564,0.22259800482579004,1.0320992785571141
0.004833831,0.13339376,51509.543,0.016897802420497564,0.22782249561761966,1.032255370741483
0.004833831,0.13453826,51516.676,0.016897802420497564,0.23236554834731943,1.0323983166332664
0.004833831,0.13553348,51523.125,0.016897802420497564,0.23631603933696724,1.0325275551102204
0.0048338315,0.13056397,51493.59,0.016897804405230078,0.21658974316329274,1.0319356713426853
0.0048338319,0.12682161,51477.051,0.01689780599301609,0.20173457600425446,1.0316042284569138
0.0048338319,0.12882334,51485.223,0.01689780599301609,0.2096803732437669,1.0317679959919839
0.0048338324,0.1246202,51470.305,0.016897807977748605,0.1929961559870518,1.0314690380761522
0.0048338328,0.12009738,51464.004,0.01689780956553462,0.17504298014874617,1.031342765531062
0.0048338328,0.12235879,51465.684,0.01689780956553462,0.18401956806789896,1.0313764328657316
0.0048338333,0.11331317,51475.891,0.016897811550267136,0.14811329578058832,1.031580981963928
0.0048338333,0.11557458,51469.172,0.016897811550267136,0.1570898836997411,1.0314463326653307
0.0048338333,0.11783598,51465.258,0.016897811550267136,0.16606643192424367,1.0313678957915833
0.0048338342,0.11105177,51485.336,0.016897815122785664,0.1391367475560858,1.0317702605210421
0.0048338347,0.10652896,51510.418,0.01689781710751818,0.1211836114124305,1.0322729058116231
0.0048338347,0.10879037,51496.957,0.01689781710751818,0.1301601993315833,1.0320031462925852
0.0048338352,0.099744752,51558.625,0.016897819092250698,0.09425393498320273,1.033238977955912
0.0048338352,0.10200615,51541.719,0.016897819092250698,0.10323047526877516,1.0329001803607214
0.0048338352,0.10426755,51525.582,0.016897819092250698,0.11220702349327764,1.0325767935871744
0.0048338361,0.095221937,51591.547,0.016897822664769226,0.07630077899222223,1.03389873747495
0.0048338361,0.097483337,51575.305,0.016897822664769226,0.08527732721672474,1.0335732464929859
0.0048338366,0.092960536,51606.867,0.016897824649501746,0.06732422679825467,1.034205751503006
0.004833837,0.088437721,51633.336,0.016897826237287757,0.049371070807274174,1.0347361923847695
0.004833837,0.090699129,51620.875,0.016897826237287757,0.058347650787496964,1.0344864729458918
0.0048338375,0.083914913,51652.484,0.016897828222020274,0.0314179426025489,1.0351199198396792
0.0048338375,0.086176321,51643.98,0.016897828222020274,0.04039452258277169,1.0349494989979962
0.004833838,0.081653506,51658.973,0.016897830206752788,0.022441366591791193,1.0352499599198397
0.0048338384,0.079392105,51663.238,0.0168978317945388,0.013464814397823674,1.0353354308617233
0.0048338389,0.074869297,51664.883,0.01689783377927132,-0.004488313806901604,1.0353683967935872
0.0048338389,0.077130705,51665.141,0.01689783377927132,0.004488266173321129,1.0353735671342685
0.0048338394,0.068085089,51650.562,0.016897835764003832,-0.03141799023612937,1.0350814028056112
0.0048338394,0.07034649,51657.527,0.016897835764003832,-0.02244143804216185,1.035220981963928
0.0048338394,0.07260789,51662.27,0.016897835764003832,-0.013464889817659361,1.0353160320641281
0.0048338398,0.065823682,51641.691,0.016897837351789846,-0.04039456624688713,1.034903627254509
0.0048338403,0.063562274,51630.785,0.016897839336522363,-0.04937114622710986,1.0346850701402805
0.0048338408,0.061300874,51618.422,0.01689784132125488,-0.05834769445161238,1.0344373146292585
0.0048338412,0.054516658,51573.789,0.016897842909040894,-0.08527740263656039,1.033542865731463
0.0048338412,0.056778062,51589.562,0.016897842909040894,-0.07630083853419778,1.0338589579158317
0.0048338412,0.059039466,51604.496,0.016897842909040894,-0.06732427443183514,1.0341582364729458
0.0048338417,0.04999385,51541.922,0.016897844893773408,-0.10323053084128567,1.032904248496994
0.0048338417,0.052255251,51557.82,0.016897844893773408,-0.09425397864731812,1.0332228456913828
0.0048338426,0.047732443,51526.598,0.01689784846629194,-0.1122071068520434,1.0325971543086172
0.0048338431,0.043209635,51499.898,0.016897850451024453,-0.13016023505676866,1.0320620841683368
0.0048338431,0.045471042,51512.445,0.016897850451024453,-0.12118365904601092,1.0323135270541082
0.0048338436,0.036425423,51474.66,0.01689785243575697,-0.15708992736385657,1.0315563126252505
0.0048338436,0.038686827,51480.664,0.01689785243575697,-0.14811336326149394,1.031676633266533
0.0048338436,0.040948234,51489.051,0.01689785243575697,-0.1391367872507362,1.0318447094188377
0.0048338445,0.031902611,51470.367,0.0168978560082755,-0.17504307144644196,1.0314702805611222
0.0048338445,0.034164019,51471.258,0.0168978560082755,-0.1660664914662192,1.0314881362725452
0.004833845,0.029641211,51472.215,0.016897857993008015,-0.18401961967094446,1.0315073146292584
0.0048338454,0.023176663,51490.918,0.01689785958079403,-0.20968041690788228,1.031882124248497
0.0048338454,0.025178403,51483.18,0.01689785958079403,-0.20173457997371952,1.0317270541082164
0.0048338454,0.027379805,51476.688,0.01689785958079403,-0.19299619171223714,1.0315969539078156
0.0048338459,0.019922413,51506.613,0.016897861565526546,-0.2225980484899055,1.0321966533066131
0.0048338459,0.021436017,51498.832,0.016897861565526546,-0.21658985033884867,1.0320407214428857
0.0048338464,0.015601104,51532.168,0.016897863550259063,-0.23975133346004643,1.0327087775551103
0.0048338464,0.016466513,51526.754,0.016897863550259063,-0.23631612269573293,1.0326002805611223
0.0048338464,0.017461732,51520.672,0.016897863550259063,-0.23236563567555024,1.032478396793587
0.0048338464,0.018606234,51513.949,0.016897863550259063,-0.22782257500692038,1.0323436673346693
0.0048338468,0.014194202,51541.195,0.016897865138045077,-0.24533598175320506,1.0328896793587174
0.0048338468,0.014848575,51536.957,0.016897865138045077,-0.24273847101149093,1.032804749498998
0.0048338473,0.012700121,51550.859,0.01689786712277759,-0.2512666840384324,1.0330833466933866
0.0048338473,0.013130382,51548.074,0.01689786712277759,-0.24955877804408255,1.0330275350701403
0.0048338473,0.013625182,51544.855,0.01689786712277759,-0.247594686746,1.0329630260521043
0.0066178455,0.13837482,51553.047,0.023979385595726058,0.24759463911241958,1.0331271943887774
0.0066178455,0.13886961,51556.871,0.023979385595726058,0.24955869071585177,1.0332038276553106
0.0066178455,0.13929988,51560.195,0.023979385595726058,0.2512666324353868,1.0332704408817635
0.006617846,0.13339376,51516.219,0.023979387580458575,0.22782249561761966,1.0323891583166331
0.006617846,0.13453826,51524.184,0.023979387580458575,0.23236554834731943,1.0325487775551103
0.006617846,0.13553348,51531.41,0.023979387580458575,0.23631603933696724,1.0326935871743488
0.006617846,0.1363989,51537.871,0.023979387580458575,0.23975129376539597,1.0328230661322646
0.006617846,0.13715142,51543.605,0.023979387580458575,0.24273839559165525,1.032937975951904
0.006617846,0.13780579,51548.633,0.023979387580458575,0.24533589442497436,1.03303873747495
0.0066178464,0.13207759,51507.52,0.02397938916824459,0.22259800482579004,1.0322148296593185
0.0066178469,0.13056397,51498.469,0.023979391152977102,0.21658974316329274,1.0320334468937875
0.0066178474,0.12682161,51480.082,0.023979393137709616,0.20173457600425446,1.0316649699398799
0.0066178474,0.12882334,51489.145,0.023979393137709616,0.2096803732437669,1.0318465931863727
0.0066178478,0.12235879,51467.148,0.02397939472549563,0.18401956806789896,1.0314057715430862
0.0066178478,0.1246202,51472.438,0.02397939472549563,0.1929961559870518,1.0315117835671344
0.0066178488,0.12009738,51463.801,0.023979398694960664,0.17504298014874617,1.0313386973947896
0.0066178492,0.11557458,51468.902,0.023979400282746678,0.1570898836997411,1.0314409218436875
0.0066178492,0.11783598,51465.258,0.023979400282746678,0.16606643192424367,1.0313678957915833
0.0066178497,0.10879037,51494.121,0.023979402267479195,0.1301601993315833,1.0319463126252504
0.0066178497,0.11105177,51483.598,0.023979402267479195,0.1391367475560858,1.0317354308617235
0.0066178497,0.11331317,51475.02,0.023979402267479195,0.14811329578058832,1.0315635270541081
0.0066178511,0.10426755,51519.594,0.023979407824730237,0.11220702349327764,1.0324567935871742
0.0066178511,0.10652896,51506.168,0.023979407824730237,0.1211836114124305,1.032187735470942
0.0066178516,0.097483337,51562.406,0.023979409809462757,0.08527732721672474,1.033314749498998
0.0066178516,0.099744752,51548.316,0.023979409809462757,0.09425393498320273,1.033032384769539
0.0066178516,0.10200615,51533.746,0.023979409809462757,0.10323047526877516,1.0327404008016032
0.0066178525,0.092960536,51588.281,0.023979413381981285,0.06732422679825467,1.0338332865731463
0.0066178525,0.095221937,51575.867,0.023979413381981285,0.07630077899222223,1.033584509018036
0.0066178534,0.086176321,51617.047,0.023979416954499812,0.04039452258277169,1.034409759519038
0.0066178534,0.088437721,51608.98,0.023979416954499812,0.049371070807274174,1.0342480961923848
0.0066178534,0.090699129,51599.375,0.023979416954499812,0.058347650787496964,1.0340556112224448
0.0066178543,0.083914913,51623.25,0.023979420527018343,0.0314179426025489,1.0345340681362725
0.0066178548,0.081653506,51627.953,0.023979422511750857,0.022441366591791193,1.0346283166332666
0.0066178553,0.074869297,51631.863,0.023979424496483378,-0.004488313806901604,1.0347066733466934
0.0066178553,0.077130705,51632.121,0.023979424496483378,0.004488266173321129,1.0347118436873748
0.0066178553,0.079392105,51630.883,0.023979424496483378,0.013464814397823674,1.0346870340681362
0.0066178562,0.07034649,51626.348,0.023979428069001905,-0.02244143804216185,1.0345961523046092
0.0066178562,0.07260789,51629.883,0.023979428069001905,-0.013464889817659361,1.034666993987976
0.0066178567,0.068085089,51621.18,0.02397943005373442,-0.03141799023612937,1.0344925851703406
0.0066178571,0.063562274,51606.199,0.023979431641520433,-0.04937114622710986,1.0341923647294589
0.0066178571,0.065823682,51614.535,0.023979431641520433,-0.04039456624688713,1.0343594188376755
0.0066178576,0.061300874,51596.57,0.02397943362625295,-0.05834769445161238,1.0339993987975953
0.0066178581,0.056778062,51573.438,0.023979435610985467,-0.07630083853419778,1.0335358316633267
0.0066178581,0.059039466,51585.539,0.023979435610985467,-0.06732427443183514,1.0337783366733466
0.0066178585,0.054516658,51560.41,0.023979437198771478,-0.08527740263656039,1.033274749498998
0.006617859,0.052255251,51546.98,0.023979439183504,-0.09425397864731812,1.033005611222445
0.0066178595,0.047732443,51520.02,0.023979441168236512,-0.1122071068520434,1.0324653306613225
0.0066178595,0.04999385,51533.34,0.023979441168236512,-0.10323053084128567,1.032732264529058
0.0066178599,0.045471042,51507.555,0.023979442756022526,-0.12118365904601092,1.0322155310621242
0.0066178609,0.040948234,51486.699,0.023979446725487557,-0.1391367872507362,1.0317975751503006
0.0066178609,0.043209635,51496.391,0.023979446725487557,-0.13016023505676866,1.0319918036072144
0.0066178613,0.036425423,51473.801,0.02397944831327357,-0.15708992736385657,1.0315390981963928
0.0066178613,0.038686827,51479.148,0.02397944831327357,-0.14811336326149394,1.03164625250501
0.0066178618,0.031902611,51469.996,0.023979450298006088,-0.17504307144644196,1.0314628456913828
0.0066178618,0.034164019,51470.535,0.023979450298006088,-0.1660664914662192,1.0314736472945893
0.0066178623,0.029641211,51473.391,0.0239794522827386,-0.18401961967094446,1.0315308817635271
0.0066178632,0.023176663,51494.797,0.023979455855257133,-0.20968041690788228,1.0319598597194388
0.0066178632,0.025178403,51486.07,0.023979455855257133,-0.20173457997371952,1.0317849699398798
0.0066178632,0.027379805,51478.641,0.023979455855257133,-0.19299619171223714,1.0316360921843688
0.0066178637,0.019922413,51512.508,0.023979457839989646,-0.2225980484899055,1.0323147895791585
0.0066178637,0.021436017,51503.715,0.023979457839989646,-0.21658985033884867,1.0321385771543086
0.0066178646,0.016466513,51535.23,0.02397946141250818,-0.23631612269573293,1.0327701402805611
0.0066178646,0.017461732,51528.348,0.02397946141250818,-0.23236563567555024,1.0326322244488977
0.0066178646,0.018606234,51520.762,0.02397946141250818,-0.22782257500692038,1.0324802004008016
0.0066178651,0.012700121,51562.68,0.023979463397240695,-0.2512666840384324,1.0333202404809618
0.0066178651,0.013130382,51559.48,0.023979463397240695,-0.24955877804408255,1.033256112224449
0.0066178651,0.013625182,51555.836,0.023979463397240695,-0.247594686746,1.0331830861723448
0.0066178651,0.014194202,51551.641,0.023979463397240695,-0.24533598175320506,1.0330990180360722
0.0066178651,0.014848575,51546.852,0.023979463397240695,-0.24273847101149093,1.0330030460921844
0.0066178651,0.015601104,51541.395,0.023979463397240695,-0.23975133346004643,1.0328936873747494
0.008577995,0.13715142,51555.25,0.03176013049445448,0.24273839559165525,1.0331713426853708
0.008577995,0.13780579,51560.758,0.03176013049445448,0.24533589442497436,1.0332817234468938
0.008577995,0.13837482,51565.605,0.03176013049445448,0.24759463911241958,1.033378857715431
0.008577995,0.13886961,51569.797,0.03176013049445448,0.24955869071585177,1.0334628657314628
0.008577995,0.13929988,51573.453,0.03176013049445448,0.2512666324353868,1.0335361322645291
0.0085779959,0.13056397,51505.727,0.03176013406697301,0.21658974316329274,1.0321788977955912
0.0085779959,0.13207759,51515.641,0.03176013406697301,0.22259800482579004,1.0323775751503006
0.0085779959,0.13339376,51525.152,0.03176013406697301,0.22782249561761966,1.0325681763527055
0.0085779959,0.13453826,51533.871,0.03176013406697301,0.23236554834731943,1.0327429058116233
0.0085779959,0.13553348,51541.812,0.03176013406697301,0.23631603933696724,1.0329020440881762
0.0085779959,0.1363989,51548.91,0.03176013406697301,0.23975129376539597,1.0330442885771545
0.0085779969,0.12682161,51485.934,0.03176013803643805,0.20173457600425446,1.031782244488978
0.0085779969,0.12882334,51495.648,0.03176013803643805,0.2096803732437669,1.0319769138276553
0.0085779978,0.12009738,51470.844,0.03176014160895658,0.17504298014874617,1.0314798396793587
0.0085779978,0.12235879,51472.801,0.03176014160895658,0.18401956806789896,1.0315190581162323
0.0085779978,0.1246202,51477.977,0.03176014160895658,0.1929961559870518,1.0316227855711422
0.0085779987,0.11783598,51469.918,0.03176014518147511,0.16606643192424367,1.0314612825651301
0.0085779997,0.10879037,51493.387,0.03176014915094014,0.1301601993315833,1.031931603206413
0.0085779997,0.11105177,51484.375,0.03176014915094014,0.1391367475560858,1.031751002004008
0.0085779997,0.11331317,51477.047,0.03176014915094014,0.14811329578058832,1.0316041482965932
0.0085779997,0.11557458,51472.137,0.03176014915094014,0.1570898836997411,1.0315057515030062
0.0085780006,0.10426755,51514.91,0.03176015272345867,0.11220702349327764,1.0323629258517035
0.0085780006,0.10652896,51503.629,0.03176015272345867,0.1211836114124305,1.032136853707415
0.0085780015,0.097483337,51549.004,0.0317601562959772,0.08527732721672474,1.0330461723446893
0.0085780015,0.099744752,51538.152,0.0317601562959772,0.09425393498320273,1.0328286973947896
0.0085780015,0.10200615,51526.473,0.0317601562959772,0.10323047526877516,1.0325946492985971
0.0085780025,0.095221937,51559.051,0.031760160265442226,0.07630077899222223,1.0332475150300602
0.0085780034,0.086176321,51586.812,0.031760163837960764,0.04039452258277169,1.0338038476953908
0.0085780034,0.088437721,51581.828,0.031760163837960764,0.049371070807274174,1.0337039679358717
0.0085780034,0.090699129,51575.527,0.031760163837960764,0.058347650787496964,1.0335776953907816
0.0085780034,0.092960536,51567.93,0.031760163837960764,0.06732422679825467,1.0334254509018037
0.0085780043,0.081653506,51592.941,0.03176016741047929,0.022441366591791193,1.0339266733466934
0.0085780043,0.083914913,51590.395,0.03176016741047929,0.0314179426025489,1.033875651302605
0.0085780052,0.077130705,51594.883,0.03176017098299782,0.004488266173321129,1.0339655911823649
0.0085780052,0.079392105,51594.418,0.03176017098299782,0.013464814397823674,1.0339562725450901
0.0085780062,0.07260789,51593.359,0.03176017495246285,-0.013464889817659361,1.0339350501002003
0.0085780062,0.074869297,51594.574,0.03176017495246285,-0.004488313806901604,1.0339593987975952
0.0085780071,0.065823682,51584.125,0.03176017852498138,-0.04039456624688713,1.03375
0.0085780071,0.068085089,51588.188,0.03176017852498138,-0.03141799023612937,1.0338314228456915
0.0085780071,0.07034649,51591.27,0.03176017852498138,-0.02244143804216185,1.0338931863727454
0.008578008,0.059039466,51564.883,0.03176018209749991,-0.06732427443183514,1.0333643887775552
0.008578008,0.061300874,51572.523,0.03176018209749991,-0.05834769445161238,1.03351749498998
0.008578008,0.063562274,51578.785,0.03176018209749991,-0.04937114622710986,1.033642985971944
0.008578009,0.054516658,51546.57,0.031760186066964936,-0.08527740263656039,1.0329973947895792
0.008578009,0.056778062,51556.234,0.031760186066964936,-0.07630083853419778,1.0331910621242484
0.0085780099,0.04999385,51525.48,0.03176018963948347,-0.10323053084128567,1.032574749498998
0.0085780099,0.052255251,51536.27,0.03176018963948347,-0.09425397864731812,1.0327909819639278
0.0085780108,0.043209635,51494.906,0.031760193212002005,-0.13016023505676866,1.0319620440881765
0.0085780108,0.045471042,51504.277,0.031760193212002005,-0.12118365904601092,1.0321498396793587
0.0085780108,0.047732443,51514.617,0.031760193212002005,-0.1122071068520434,1.0323570541082163
0.0085780118,0.036425423,51476.297,0.03176019718146703,-0.15708992736385657,1.031589118236473
0.0085780118,0.038686827,51480.406,0.03176019718146703,-0.14811336326149394,1.0316714629258517
0.0085780118,0.040948234,51486.637,0.03176019718146703,-0.1391367872507362,1.0317963326653308
0.0085780127,0.031902611,51475.746,0.031760200753985564,-0.17504307144644196,1.0315780761523046
0.0085780127,0.034164019,51474.645,0.031760200753985564,-0.1660664914662192,1.0315560120240481
0.0085780136,0.027379805,51483.656,0.03176020432650409,-0.19299619171223714,1.031736593186373
0.0085780136,0.029641211,51478.234,0.03176020432650409,-0.18401961967094446,1.0316279358717435
0.0085780146,0.021436017,51510.891,0.03176020829596912,-0.21658985033884867,1.032282384769539
0.0085780146,0.023176663,51501.09,0.03176020829596912,-0.20968041690788228,1.0320859719438877
0.0085780146,0.025178403,51491.586,0.03176020829596912,-0.20173457997371952,1.0318955110220442
0.0085780155,0.012700121,51576.258,0.031760211868487646,-0.2512666840384324,1.0335923446893789
0.0085780155,0.013130382,51572.738,0.031760211868487646,-0.24955877804408255,1.0335218036072145
0.0085780155,0.013625182,51568.672,0.031760211868487646,-0.247594686746,1.0334403206412826
0.0085780155,0.014194202,51564.043,0.031760211868487646,-0.24533598175320506,1.0333475551102205
0.0085780155,0.014848575,51558.691,0.031760211868487646,-0.24273847101149093,1.0332403006012023
0.0085780155,0.015601104,51552.66,0.031760211868487646,-0.23975133346004643,1.0331194388777556
0.0085780155,0.016466513,51545.789,0.031760211868487646,-0.23631612269573293,1.032981743486974
0.0085780155,0.017461732,51538.152,0.031760211868487646,-0.23236563567555024,1.0328286973947896
0.0085780155,0.018606234,51529.707,0.031760211868487646,-0.22782257500692038,1.0326594589178357
0.0085780155,0.019922413,51520.535,0.031760211868487646,-0.2225980484899055,1.0324756513026052
0.010697582,0.13715142,51568.648,0.04017375697430263,0.24273839559165525,1.0334398396793587
0.010697582,0.13780579,51574.617,0.04017375697430263,0.24533589442497436,1.0335594589178356
0.010697582,0.13837482,51579.816,0.04017375697430263,0.24759463911241958,1.0336636472945893
0.010697582,0.13886961,51584.332,0.04017375697430263,0.24955869071585177,1.0337541482965933
0.010697582,0.13929988,51588.281,0.04017375697430263,0.2512666324353868,1.0338332865731463
0.010697583,0.13207759,51526.348,0.04017376094376766,0.22259800482579004,1.032592144288577
0.010697583,0.13339376,51536.441,0.04017376094376766,0.22782249561761966,1.0327944088176353
0.010697583,0.13453826,51545.805,0.04017376094376766,0.23236554834731943,1.0329820641282565
0.010697583,0.13553348,51554.309,0.04017376094376766,0.23631603933696724,1.0331524849699398
0.010697583,0.1363989,51561.934,0.04017376094376766,0.23975129376539597,1.0333052905811624
0.010697584,0.12882334,51505.137,0.04017376491323269,0.2096803732437669,1.0321670741482967
0.010697584,0.13056397,51515.801,0.04017376491323269,0.21658974316329274,1.0323807815631263
0.010697585,0.12235879,51480.023,0.040173768882697726,0.18401956806789896,1.0316637875751504
0.010697585,0.1246202,51486.191,0.040173768882697726,0.1929961559870518,1.031787394789579
0.010697585,0.12682161,51494.816,0.040173768882697726,0.20173457600425446,1.0319602404809618
0.010697586,0.11105177,51487.883,0.04017377285216276,0.1391367475560858,1.0318213026052105
0.010697586,0.11331317,51481.996,0.04017377285216276,0.14811329578058832,1.0317033266533067
0.010697586,0.11557458,51478.094,0.04017377285216276,0.1570898836997411,1.031625130260521
0.010697586,0.11783598,51476.113,0.04017377285216276,0.16606643192424367,1.0315854308617234
0.010697586,0.12009738,51476.566,0.04017377285216276,0.17504298014874617,1.031594509018036
0.010697587,0.10652896,51502.934,0.04017377682162779,0.1211836114124305,1.0321229258517035
0.010697587,0.10879037,51495.008,0.04017377682162779,0.1301601993315833,1.0319640881763528
0.010697588,0.097483337,51535.195,0.040173780791092815,0.08527732721672474,1.0327694388777555
0.010697588,0.099744752,51528.121,0.040173780791092815,0.09425393498320273,1.0326276753507013
0.010697588,0.10200615,51519.973,0.040173780791092815,0.10323047526877516,1.032464388777555
0.010697588,0.10426755,51511.508,0.040173780791092815,0.11220702349327764,1.032294749498998
0.010697589,0.095221937,51541.301,0.04017378476055786,0.07630077899222223,1.0328918036072143
0.01069759,0.088437721,51552.5,0.040173788730022884,0.049371070807274174,1.03311623246493
0.01069759,0.090699129,51549.891,0.040173788730022884,0.058347650787496964,1.0330639478957917
0.01069759,0.092960536,51546.211,0.040173788730022884,0.06732422679825467,1.0329902004008016
0.010697591,0.083914913,51554.867,0.04017379269948792,0.0314179426025489,1.0331636673346694
0.010697591,0.086176321,51554.148,0.04017379269948792,0.04039452258277169,1.033149258517034
0.010697592,0.077130705,51554.77,0.04017379666895295,0.004488266173321129,1.0331617234468937
0.010697592,0.079392105,51555.082,0.04017379666895295,0.013464814397823674,1.033167975951904
0.010697592,0.081653506,51555.18,0.04017379666895295,0.022441366591791193,1.0331699398797596
0.010697593,0.07260789,51553.977,0.04017380063841798,-0.013464889817659361,1.0331458316633266
0.010697593,0.074869297,51554.449,0.04017380063841798,-0.004488313806901604,1.0331552905811623
0.010697594,0.065823682,51551.359,0.040173804607883015,-0.04039456624688713,1.033093366733467
0.010697594,0.068085089,51552.578,0.040173804607883015,-0.03141799023612937,1.0331177955911823
0.010697594,0.07034649,51553.414,0.040173804607883015,-0.02244143804216185,1.0331345490981962
0.010697595,0.061300874,51546.707,0.04017380857734805,-0.05834769445161238,1.033000140280561
0.010697595,0.063562274,51549.363,0.04017380857734805,-0.04937114622710986,1.033053366733467
0.010697596,0.054516658,51532.406,0.040173812546813084,-0.08527740263656039,1.0327135470941884
0.010697596,0.056778062,51538.246,0.040173812546813084,-0.07630083853419778,1.0328305811623246
0.010697596,0.059039466,51542.953,0.040173812546813084,-0.06732427443183514,1.0329249098196394
0.010697597,0.052255251,51525.801,0.04017381651627811,-0.09425397864731812,1.0325811823647295
0.010697598,0.045471042,51502.773,0.040173820485743146,-0.12118365904601092,1.0321196993987976
0.010697598,0.047732443,51510.492,0.040173820485743146,-0.1122071068520434,1.0322743887775552
0.010697598,0.04999385,51518.348,0.040173820485743146,-0.10323053084128567,1.0324318236472945
0.010697599,0.038686827,51484.273,0.04017382445520818,-0.14811336326149394,1.0317489579158317
0.010697599,0.040948234,51489.184,0.04017382445520818,-0.1391367872507362,1.031847374749499
0.010697599,0.043209635,51495.59,0.04017382445520818,-0.13016023505676866,1.031975751503006
0.0106976,0.029641211,51484.73,0.04017382842467321,-0.18401961967094446,1.031758116232465
0.0106976,0.031902611,51480.801,0.04017382842467321,-0.17504307144644196,1.031679378757515
0.0106976,0.034164019,51479.699,0.04017382842467321,-0.1660664914662192,1.0316572945891784
0.0106976,0.036425423,51481.098,0.04017382842467321,-0.15708992736385657,1.0316853306613225
0.010697601,0.021436017,51520.629,0.04017383239413824,-0.21658985033884867,1.0324775350701403
0.010697601,0.023176663,51510.113,0.04017383239413824,-0.20968041690788228,1.0322667935871743
0.010697601,0.025178403,51499.867,0.04017383239413824,-0.20173457997371952,1.0320614629258518
0.010697601,0.027379805,51491.133,0.04017383239413824,-0.19299619171223714,1.0318864328657316
0.010697602,0.016466513,51558.344,0.04017383636360328,-0.23631612269573293,1.0332333466933867
0.010697602,0.017461732,51550.055,0.04017383636360328,-0.23236563567555024,1.0330672344689378
0.010697602,0.018606234,51540.934,0.04017383636360328,-0.22782257500692038,1.0328844488977955
0.010697602,0.019922413,51531.047,0.04017383636360328,-0.2225980484899055,1.0326863126252506
0.010697603,0.012700121,51591.434,0.04017384033306831,-0.2512666840384324,1.0338964729458917
0.010697603,0.013130382,51587.609,0.04017384033306831,-0.24955877804408255,1.0338198196392785
0.010697603,0.013625182,51583.203,0.04017384033306831,-0.247594686746,1.0337315230460922
0.010697603,0.014194202,51578.102,0.04017384033306831,-0.24533598175320506,1.0336292985971944
0.010697603,0.014848575,51572.352,0.04017384033306831,-0.24273847101149093,1.0335140681362724
0.010697603,0.015601104,51565.758,0.04017384033306831,-0.23975133346004643,1.0333819238476953
0.012950436,0.13886961,51600.902,0.04911638215063736,0.24955869071585177,1.0340862124248498
0.012950436,0.13929988,51605.027,0.04911638215063736,0.2512666324353868,1.0341688777555111
0.012950437,0.13339376,51550.977,0.04911638612010239,0.22782249561761966,1.0330857114228458
0.012950437,0.13453826,51560.699,0.04911638612010239,0.23236554834731943,1.0332805410821644
0.012950437,0.13553348,51569.535,0.04911638612010239,0.23631603933696724,1.033457615230461
0.012950437,0.1363989,51577.48,0.04911638612010239,0.23975129376539597,1.0336168336673348
0.012950437,0.13715142,51584.527,0.04911638612010239,0.24273839559165525,1.0337580561122244
0.012950437,0.13780579,51590.715,0.04911638612010239,0.24533589442497436,1.0338820641282565
0.012950437,0.13837482,51596.16,0.04911638612010239,0.24759463911241958,1.0339911823647294
0.012950438,0.13207759,51540.461,0.04911639008956742,0.22259800482579004,1.0328749699398798
0.012950439,0.12682161,51507.68,0.04911639405903245,0.20173457600425446,1.0322180360721442
0.012950439,0.12882334,51518.41,0.04911639405903245,0.2096803732437669,1.0324330661322647
0.012950439,0.13056397,51529.488,0.04911639405903245,0.21658974316329274,1.0326550701402806
0.01295044,0.11783598,51487.078,0.04911639802849749,0.16606643192424367,1.0318051703406814
0.01295044,0.12009738,51488.359,0.04911639802849749,0.17504298014874617,1.0318308416833666
0.01295044,0.12235879,51492.16,0.04911639802849749,0.18401956806789896,1.0319070140280562
0.01295044,0.1246202,51498.625,0.04911639802849749,0.1929961559870518,1.0320365731462926
0.012950441,0.11331317,51490.43,0.04911640199796252,0.14811329578058832,1.0318723446893787
0.012950441,0.11557458,51487.879,0.04911640199796252,0.1570898836997411,1.0318212224448897
0.012950442,0.11105177,51494.453,0.04911640596742755,0.1391367475560858,1.0319529659318638
0.012950443,0.099744752,51518.816,0.04911640993689259,0.09425393498320273,1.0324412024048095
0.012950443,0.10200615,51514.535,0.04911640993689259,0.10323047526877516,1.0323554108216433
0.012950443,0.10426755,51509.629,0.04911640993689259,0.11220702349327764,1.0322570941883769
0.012950443,0.10652896,51504.387,0.04911640993689259,0.1211836114124305,1.0321520440881764
0.012950443,0.10879037,51499.258,0.04911640993689259,0.1301601993315833,1.032049258517034
0.012950444,0.095221937,51523.562,0.04911641390635762,0.07630077899222223,1.0325363126252505
0.012950444,0.097483337,51521.711,0.04911641390635762,0.08527732721672474,1.0324992184368738
0.012950445,0.090699129,51523.832,0.049116417875822646,0.058347650787496964,1.0325417234468939
0.012950445,0.092960536,51524.219,0.049116417875822646,0.06732422679825467,1.0325494789579157
0.012950446,0.077130705,51514.266,0.04911642184528768,0.004488266173321129,1.0323500200400801
0.012950446,0.079392105,51515.348,0.04911642184528768,0.013464814397823674,1.0323717034068136
0.012950446,0.081653506,51516.965,0.04911642184528768,0.022441366591791193,1.0324041082164328
0.012950446,0.083914913,51518.863,0.04911642184528768,0.0314179426025489,1.0324421442885772
0.012950446,0.086176321,51520.98,0.04911642184528768,0.04039452258277169,1.0324845691382767
0.012950446,0.088437721,51522.684,0.04911642184528768,0.049371070807274174,1.0325187174348698
0.012950447,0.07260789,51514.277,0.049116425814752715,-0.013464889817659361,1.032350240480962
0.012950447,0.074869297,51513.98,0.049116425814752715,-0.004488313806901604,1.0323442885771543
0.012950448,0.065823682,51518.297,0.04911642978421775,-0.04039456624688713,1.0324308016032064
0.012950448,0.068085089,51516.66,0.04911642978421775,-0.03141799023612937,1.032397995991984
0.012950448,0.07034649,51515.301,0.04911642978421775,-0.02244143804216185,1.0323707615230462
0.012950449,0.061300874,51520.695,0.04911643375368278,-0.05834769445161238,1.032478857715431
0.012950449,0.063562274,51519.672,0.04911643375368278,-0.04937114622710986,1.032458356713427
0.01295045,0.052255251,51516.176,0.04911643772314781,-0.09425397864731812,1.0323882965931863
0.01295045,0.054516658,51518.758,0.04911643772314781,-0.08527740263656039,1.0324400400801603
0.01295045,0.056778062,51520.406,0.04911643772314781,-0.07630083853419778,1.0324730661322645
0.01295045,0.059039466,51521.004,0.04911643772314781,-0.06732427443183514,1.0324850501002003
0.012950451,0.04999385,51512.473,0.049116441692612846,-0.10323053084128567,1.0323140881763526
0.012950452,0.045471042,51503.465,0.04911644566207787,-0.12118365904601092,1.0321335671342684
0.012950452,0.047732443,51508.02,0.04911644566207787,-0.1122071068520434,1.0322248496993986
0.012950453,0.036425423,51489.883,0.049116449631542915,-0.15708992736385657,1.0318613827655312
0.012950453,0.038686827,51491.715,0.049116449631542915,-0.14811336326149394,1.0318980961923847
0.012950453,0.040948234,51494.809,0.049116449631542915,-0.1391367872507362,1.0319601002004009
0.012950453,0.043209635,51498.977,0.049116449631542915,-0.13016023505676866,1.032043627254509
0.012950454,0.027379805,51502.711,0.04911645360100794,-0.19299619171223714,1.0321184569138278
0.012950454,0.029641211,51495.875,0.04911645360100794,-0.18401961967094446,1.0319814629258517
0.012950454,0.031902611,51491.594,0.04911645360100794,-0.17504307144644196,1.0318956713426852
0.012950454,0.034164019,51489.648,0.04911645360100794,-0.1660664914662192,1.0318566733466934
0.012950456,0.021436017,51533.824,0.04911646153993801,-0.21658985033884867,1.0327419639278557
0.012950456,0.023176663,51522.73,0.04911646153993801,-0.20968041690788228,1.0325196392785572
0.012950456,0.025178403,51511.934,0.04911646153993801,-0.20173457997371952,1.0323032865731463
0.012950457,0.014848575,51588.316,0.04911646550940304,-0.24273847101149093,1.033833987975952
0.012950457,0.015601104,51581.34,0.04911646550940304,-0.23975133346004643,1.0336941883767534
0.012950457,0.016466513,51573.531,0.04911646550940304,-0.23631612269573293,1.0335376953907816
0.012950457,0.017461732,51564.781,0.04911646550940304,-0.23236563567555024,1.0333623446893787
0.012950457,0.018606234,51555.18,0.04911646550940304,-0.22782257500692038,1.0331699398797596
0.012950457,0.019922413,51544.77,0.04911646550940304,-0.2225980484899055,1.0329613226452905
0.012950458,0.012700121,51608.551,0.04911646947886807,-0.2512666840384324,1.034239498997996
0.012950458,0.013130382,51604.469,0.04911646947886807,-0.24955877804408255,1.0341576953907816
0.012950458,0.013625182,51599.777,0.04911646947886807,-0.247594686746,1.0340636673346695
0.012950458,0.014194202,51594.406,0.04911646947886807,-0.24533598175320506,1.0339560320641283
0.015301561,0.13929988,51623.102,0.0584490906251812,0.2512666324353868,1.0345311022044088
0.015301562,0.13886961,51618.855,0.05844909459464623,0.24955869071585177,1.034445991983968
0.015301563,0.12682161,51523.645,0.05844909856411127,0.20173457600425446,1.0325379759519038
0.015301563,0.12882334,51534.707,0.05844909856411127,0.2096803732437669,1.0327596593186372
0.015301563,0.13056397,51546.094,0.05844909856411127,0.21658974316329274,1.0329878557114227
0.015301563,0.13207759,51557.254,0.05844909856411127,0.22259800482579004,1.033211503006012
0.015301563,0.13339376,51567.883,0.05844909856411127,0.22782249561761966,1.033424509018036
0.015301563,0.13453826,51577.801,0.05844909856411127,0.23236554834731943,1.033623266533066
0.015301563,0.13553348,51586.789,0.05844909856411127,0.23631603933696724,1.033803386773547
0.015301563,0.1363989,51594.863,0.05844909856411127,0.23975129376539597,1.0339651903807614
0.015301563,0.13715142,51602.07,0.05844909856411127,0.24273839559165525,1.0341096192384769
0.015301563,0.13780579,51608.41,0.05844909856411127,0.24533589442497436,1.0342366733466934
0.015301563,0.13837482,51613.988,0.05844909856411127,0.24759463911241958,1.0343484569138277
0.015301564,0.12235879,51507.18,0.0584491025335763,0.18401956806789896,1.0322080160320641
0.015301564,0.1246202,51514.238,0.0584491025335763,0.1929961559870518,1.0323494589178357
0.015301565,0.11557458,51500.102,0.05844910650304133,0.1570898836997411,1.0320661723446893
0.015301565,0.11783598,51500.52,0.05844910650304133,0.16606643192424367,1.0320745490981964
0.015301565,0.12009738,51502.672,0.05844910650304133,0.17504298014874617,1.0321176753507013
0.015301567,0.097483337,51508.059,0.05844911444197139,0.08527732721672474,1.032225631262525
0.015301567,0.099744752,51509.465,0.05844911444197139,0.09425393498320273,1.0322538076152303
0.015301567,0.10200615,51509.473,0.05844911444197139,0.10323047526877516,1.0322539679358718
0.015301567,0.10426755,51508.613,0.05844911444197139,0.11220702349327764,1.0322367334669338
0.015301567,0.10652896,51506.914,0.05844911444197139,0.1211836114124305,1.0322026853707413
0.015301567,0.10879037,51505.02,0.05844911444197139,0.1301601993315833,1.0321647294589178
0.015301567,0.11105177,51502.887,0.05844911444197139,0.1391367475560858,1.0321219839679359
0.015301567,0.11331317,51500.992,0.05844911444197139,0.14811329578058832,1.032084008016032
0.015301568,0.092960536,51502.09,0.05844911841143643,0.06732422679825467,1.032106012024048
0.015301568,0.095221937,51505.57,0.05844911841143643,0.07630077899222223,1.0321757515030061
0.015301569,0.086176321,51488.211,0.058449122380901455,0.04039452258277169,1.0318278757515031
0.015301569,0.088437721,51493.074,0.058449122380901455,0.049371070807274174,1.0319253306613227
0.015301569,0.090699129,51497.832,0.058449122380901455,0.058347650787496964,1.0320206813627255
0.01530157,0.07034649,51478.043,0.0584491263503665,-0.02244143804216185,1.0316241082164328
0.01530157,0.07260789,51475.668,0.0584491263503665,-0.013464889817659361,1.0315765130260521
0.01530157,0.074869297,51474.613,0.0584491263503665,-0.004488313806901604,1.0315553707414828
0.01530157,0.077130705,51474.875,0.0584491263503665,0.004488266173321129,1.031560621242485
0.01530157,0.079392105,51476.629,0.0584491263503665,0.013464814397823674,1.0315957715430861
0.01530157,0.081653506,51479.605,0.0584491263503665,0.022441366591791193,1.0316554108216434
0.01530157,0.083914913,51483.52,0.0584491263503665,0.0314179426025489,1.0317338677354708
0.015301572,0.065823682,51485.805,0.05844913428929656,-0.04039456624688713,1.0317796593186372
0.015301572,0.068085089,51481.547,0.05844913428929656,-0.03141799023612937,1.0316943286573146
0.015301573,0.056778062,51502.656,0.05844913825876159,-0.07630083853419778,1.032117354709419
0.015301573,0.059039466,51499.145,0.05844913825876159,-0.06732427443183514,1.032046993987976
0.015301573,0.061300874,51495.008,0.05844913825876159,-0.05834769445161238,1.0319640881763528
0.015301573,0.063562274,51490.305,0.05844913825876159,-0.04937114622710986,1.0318698396793586
0.015301574,0.043209635,51503.93,0.05844914222822662,-0.13016023505676866,1.0321428857715431
0.015301574,0.045471042,51505.367,0.05844914222822662,-0.12118365904601092,1.0321716833667334
0.015301574,0.047732443,51506.559,0.05844914222822662,-0.1122071068520434,1.0321955711422846
0.015301574,0.04999385,51507.145,0.05844914222822662,-0.10323053084128567,1.0322073146292585
0.015301574,0.052255251,51506.715,0.05844914222822662,-0.09425397864731812,1.0321986973947894
0.015301574,0.054516658,51505.148,0.05844914222822662,-0.08527740263656039,1.0321672945891784
0.015301575,0.040948234,51502.215,0.058449146197691655,-0.1391367872507362,1.032108517034068
0.015301576,0.038686827,51501.133,0.05844915016715669,-0.14811336326149394,1.0320868336673348
0.015301577,0.027379805,51517.137,0.058449154136621724,-0.19299619171223714,1.0324075551102205
0.015301577,0.029641211,51509.68,0.058449154136621724,-0.18401961967094446,1.0322581162324649
0.015301577,0.031902611,51504.641,0.058449154136621724,-0.17504307144644196,1.0321571342685372
0.015301577,0.034164019,51501.816,0.058449154136621724,-0.1660664914662192,1.0321005210420842
0.015301577,0.036425423,51500.828,0.058449154136621724,-0.15708992736385657,1.0320807214428858
0.015301578,0.021436017,51549.695,0.05844915810608675,-0.21658985033884867,1.0330600200400801
0.015301578,0.023176663,51538.211,0.05844915810608675,-0.20968041690788228,1.032829879759519
0.015301578,0.025178403,51526.949,0.05844915810608675,-0.20173457997371952,1.0326041883767536
0.01530158,0.012700121,51626.984,0.05844916604501682,-0.2512666840384324,1.0346088977955912
0.01530158,0.013130382,51622.742,0.05844916604501682,-0.24955877804408255,1.0345238877755512
0.01530158,0.013625182,51617.844,0.05844916604501682,-0.247594686746,1.0344257314629257
0.01530158,0.014194202,51612.258,0.05844916604501682,-0.24533598175320506,1.0343137875751502
0.01530158,0.014848575,51605.887,0.05844916604501682,-0.24273847101149093,1.034186112224449
0.01530158,0.015601104,51598.73,0.05844916604501682,-0.23975133346004643,1.0340426853707416
0.01530158,0.016466513,51590.617,0.05844916604501682,-0.23631612269573293,1.0338801002004008
0.01530158,0.017461732,51581.598,0.05844916604501682,-0.23236563567555024,1.0336993587174348
0.01530158,0.018606234,51571.648,0.05844916604501682,-0.22782257500692038,1.0334999599198398
0.01530158,0.019922413,51560.992,0.05844916604501682,-0.2225980484899055,1.0332864128256514
0.01770892,0.1246202,51532.902,0.06800501799636283,0.1929961559870518,1.032723486973948
0.01770892,0.12682161,51542.746,0.06800501799636283,0.20173457600425446,1.032920761523046
0.01770892,0.12882334,51554.031,0.06800501799636283,0.2096803732437669,1.0331469138276554
0.01770892,0.13056397,51565.523,0.06800501799636283,0.21658974316329274,1.0333772144288578
0.01770892,0.13207759,51576.727,0.06800501799636283,0.22259800482579004,1.033601743486974
0.01770892,0.13339376,51587.434,0.06800501799636283,0.22782249561761966,1.0338163126252504
0.01770892,0.13453826,51597.348,0.06800501799636283,0.23236554834731943,1.0340149899799598
0.01770892,0.13553348,51606.348,0.06800501799636283,0.23631603933696724,1.0341953507014028
0.01770892,0.1363989,51614.441,0.06800501799636283,0.23975129376539597,1.0343575350701402
0.01770892,0.13715142,51621.672,0.06800501799636283,0.24273839559165525,1.0345024448897795
0.01770892,0.13780579,51628.094,0.06800501799636283,0.24533589442497436,1.034631142284569
0.01770892,0.13837482,51633.762,0.06800501799636283,0.24759463911241958,1.0347447294589178
0.01770892,0.13886961,51638.668,0.06800501799636283,0.24955869071585177,1.0348430460921842
0.01770892,0.13929988,51642.977,0.06800501799636283,0.2512666324353868,1.0349293987975952
0.017708922,0.10200615,51504.473,0.06800502593529288,0.10323047526877516,1.03215376753507
0.017708922,0.10426755,51507.801,0.06800502593529288,0.11220702349327764,1.0322204609218437
0.017708922,0.10652896,51510.0,0.06800502593529288,0.1211836114124305,1.0322645290581163
0.017708922,0.10879037,51511.578,0.06800502593529288,0.1301601993315833,1.0322961523046092
0.017708922,0.11105177,51512.52,0.06800502593529288,0.1391367475560858,1.0323150300601203
0.017708922,0.11331317,51513.195,0.06800502593529288,0.14811329578058832,1.0323285571142284
0.017708922,0.11557458,51514.398,0.06800502593529288,0.1570898836997411,1.0323526653306614
0.017708922,0.11783598,51516.531,0.06800502593529288,0.16606643192424367,1.0323954108216433
0.017708922,0.12009738,51519.918,0.06800502593529288,0.17504298014874617,1.0324632865731462
0.017708922,0.12235879,51525.301,0.06800502593529288,0.18401956806789896,1.0325711623246492
0.017708924,0.083914913,51450.582,0.06800503387422295,0.0314179426025489,1.0310737875751503
0.017708924,0.086176321,51457.391,0.06800503387422295,0.04039452258277169,1.031210240480962
0.017708924,0.088437721,51464.902,0.06800503387422295,0.049371070807274174,1.0313607615230462
0.017708924,0.090699129,51472.82,0.06800503387422295,0.058347650787496964,1.0315194388777555
0.017708924,0.092960536,51480.629,0.06800503387422295,0.06732422679825467,1.0316759318637274
0.017708924,0.095221937,51487.98,0.06800503387422295,0.07630077899222223,1.031823246492986
0.017708924,0.097483337,51494.547,0.06800503387422295,0.08527732721672474,1.0319548496993989
0.017708924,0.099744752,51500.203,0.06800503387422295,0.09425393498320273,1.0320681963927856
0.017708926,0.068085089,51449.004,0.06800504181315302,-0.03141799023612937,1.0310421643286574
0.017708926,0.07034649,51443.852,0.06800504181315302,-0.02244143804216185,1.0309389178356714
0.017708926,0.07260789,51440.285,0.06800504181315302,-0.013464889817659361,1.0308674348697395
0.017708926,0.074869297,51438.625,0.06800504181315302,-0.004488313806901604,1.0308341683366733
0.017708926,0.077130705,51438.832,0.06800504181315302,0.004488266173321129,1.0308383166332666
0.017708926,0.079392105,51441.082,0.06800504181315302,0.013464814397823674,1.0308834068136272
0.017708926,0.081653506,51445.051,0.06800504181315302,0.022441366591791193,1.0309629458917835
0.017708927,0.045471042,51508.004,0.06800504578261805,-0.12118365904601092,1.0322245290581162
0.017708927,0.047732443,51505.473,0.06800504578261805,-0.1122071068520434,1.0321738076152305
0.017708927,0.04999385,51502.094,0.06800504578261805,-0.10323053084128567,1.0321060921843688
0.017708927,0.052255251,51497.547,0.06800504578261805,-0.09425397864731812,1.0320149699398797
0.017708927,0.054516658,51491.91,0.06800504578261805,-0.08527740263656039,1.031902004008016
0.017708927,0.056778062,51485.426,0.06800504578261805,-0.07630083853419778,1.0317720641282564
0.017708927,0.059039466,51478.156,0.06800504578261805,-0.06732427443183514,1.031626372745491
0.017708927,0.061300874,51470.512,0.06800504578261805,-0.05834769445161238,1.0314731863727455
0.017708927,0.063562274,51462.727,0.06800504578261805,-0.04937114622710986,1.0313171743486973
0.017708927,0.065823682,51455.5,0.06800504578261805,-0.04039456624688713,1.0311723446893788
0.017708929,0.027379805,51534.621,0.06800505372154812,-0.19299619171223714,1.0327579358717434
0.017708929,0.029641211,51526.488,0.06800505372154812,-0.18401961967094446,1.0325949498997995
0.017708929,0.031902611,51520.562,0.06800505372154812,-0.17504307144644196,1.0324761923847694
0.017708929,0.034164019,51516.527,0.06800505372154812,-0.1660664914662192,1.0323953306613227
0.017708929,0.036425423,51513.965,0.06800505372154812,-0.15708992736385657,1.0323439879759517
0.017708929,0.038686827,51512.277,0.06800505372154812,-0.14811336326149394,1.0323101603206413
0.017708929,0.040948234,51511.012,0.06800505372154812,-0.1391367872507362,1.0322848096192385
0.017708929,0.043209635,51509.785,0.06800505372154812,-0.13016023505676866,1.0322602204408817
0.017708931,0.012700121,51647.316,0.06800506166047818,-0.2512666840384324,1.0350163527054108
0.017708931,0.013130382,51642.914,0.06800506166047818,-0.24955877804408255,1.034928136272545
0.017708931,0.013625182,51637.863,0.06800506166047818,-0.247594686746,1.0348269138276553
0.017708931,0.014194202,51632.129,0.06800506166047818,-0.24533598175320506,1.034712004008016
0.017708931,0.014848575,51625.621,0.06800506166047818,-0.24273847101149093,1.0345815831663328
0.017708931,0.015601104,51618.266,0.06800506166047818,-0.23975133346004643,1.0344341883767536
0.017708931,0.016466513,51609.996,0.06800506166047818,-0.23631612269573293,1.0342684569138276
0.017708931,0.017461732,51600.801,0.06800506166047818,-0.23236563567555024,1.0340841883767535
0.017708931,0.018606234,51590.727,0.06800506166047818,-0.22782257500692038,1.0338823046092185
0.017708931,0.019922413,51579.84,0.06800506166047818,-0.2225980484899055,1.0336641282565129
0.017708931,0.021436017,51568.309,0.06800506166047818,-0.21658985033884867,1.0334330460921843
0.017708931,0.023176663,51556.551,0.06800506166047818,-0.20968041690788228,1.0331974148296592
0.017708931,0.025178403,51544.91,0.06800506166047818,-0.20173457997371952,1.0329641282565132
0.020126238,0.13207759,51598.531,0.07760047726980315,0.22259800482579004,1.0340386973947897
0.020126238,0.13339376,51609.25,0.07760047726980315,0.22782249561761966,1.034253507014028
0.020126238,0.13453826,51619.098,0.07760047726980315,0.23236554834731943,1.034450861723447
0.020126238,0.13553348,51628.133,0.07760047726980315,0.23631603933696724,1.0346319238476955
0.020126238,0.1363989,51636.242,0.07760047726980315,0.23975129376539597,1.0347944288577153
0.020126238,0.13715142,51643.477,0.07760047726980315,0.24273839559165525,1.0349394188376753
0.020126238,0.13780579,51649.898,0.07760047726980315,0.24533589442497436,1.0350680961923848
0.020126238,0.13837482,51655.555,0.07760047726980315,0.24759463911241958,1.0351814629258518
0.020126238,0.13886961,51660.594,0.07760047726980315,0.24955869071585177,1.0352824448897795
0.020126238,0.13929988,51664.98,0.07760047726980315,0.2512666324353868,1.0353703406813628
0.02012624,0.1246202,51553.645,0.07760048520873321,0.1929961559870518,1.0331391783567134
0.02012624,0.12682161,51564.016,0.07760048520873321,0.20173457600425446,1.0333470140280563
0.02012624,0.12882334,51575.602,0.07760048520873321,0.2096803732437669,1.0335791983967935
0.02012624,0.13056397,51587.234,0.07760048520873321,0.21658974316329274,1.0338123046092185
0.020126242,0.10200615,51499.02,0.07760049314766326,0.10323047526877516,1.0320444889779559
0.020126242,0.10426755,51506.383,0.07760049314766326,0.11220702349327764,1.0321920440881764
0.020126242,0.10652896,51512.543,0.07760049314766326,0.1211836114124305,1.0323154909819638
0.020126242,0.10879037,51517.77,0.07760049314766326,0.1301601993315833,1.032420240480962
0.020126242,0.11105177,51522.039,0.07760049314766326,0.1391367475560858,1.0325057915831664
0.020126242,0.11331317,51525.695,0.07760049314766326,0.14811329578058832,1.0325790581162324
0.020126242,0.11557458,51529.398,0.07760049314766326,0.1570898836997411,1.032653266533066
0.020126242,0.11783598,51533.578,0.07760049314766326,0.16606643192424367,1.0327370340681363
0.020126242,0.12009738,51538.617,0.07760049314766326,0.17504298014874617,1.032838016032064
0.020126242,0.12235879,51545.195,0.07760049314766326,0.18401956806789896,1.0329698396793587
0.020126244,0.068085089,51420.184,0.07760050108659335,-0.03141799023612937,1.0304646092184369
0.020126244,0.07034649,51413.82,0.07760050108659335,-0.02244143804216185,1.0303370741482967
0.020126244,0.07260789,51409.391,0.07760050108659335,-0.013464889817659361,1.0302483166332665
0.020126244,0.074869297,51407.25,0.07760050108659335,-0.004488313806901604,1.0302054108216432
0.020126244,0.077130705,51407.375,0.07760050108659335,0.004488266173321129,1.0302079158316633
0.020126244,0.079392105,51409.871,0.07760050108659335,0.013464814397823674,1.0302579358717434
0.020126244,0.081653506,51414.527,0.07760050108659335,0.022441366591791193,1.03035124248497
0.020126244,0.083914913,51421.113,0.07760050108659335,0.0314179426025489,1.0304832264529058
0.020126244,0.086176321,51429.457,0.07760050108659335,0.04039452258277169,1.0306504408817636
0.020126244,0.088437721,51438.969,0.07760050108659335,0.049371070807274174,1.0308410621242485
0.020126244,0.090699129,51449.297,0.07760050108659335,0.058347650787496964,1.0310480360721443
0.020126244,0.092960536,51460.109,0.07760050108659335,0.06732422679825467,1.0312647094188376
0.020126244,0.095221937,51470.836,0.07760050108659335,0.07630077899222223,1.0314796793587175
0.020126244,0.097483337,51481.082,0.07760050108659335,0.08527732721672474,1.03168501002004
0.020126244,0.099744752,51490.656,0.07760050108659335,0.09425393498320273,1.031876873747495
0.020126246,0.038686827,51523.875,0.0776005090255234,-0.14811336326149394,1.0325425851703407
0.020126246,0.040948234,51519.816,0.0776005090255234,-0.1391367872507362,1.03246124248497
0.020126246,0.043209635,51515.48,0.0776005090255234,-0.13016023505676866,1.0323743486973949
0.020126246,0.045471042,51510.266,0.0776005090255234,-0.12118365904601092,1.0322698597194389
0.020126246,0.047732443,51504.023,0.0776005090255234,-0.1122071068520434,1.032144749498998
0.020126246,0.04999385,51496.742,0.0776005090255234,-0.10323053084128567,1.0319988376753506
0.020126246,0.052255251,51488.324,0.0776005090255234,-0.09425397864731812,1.0318301402805612
0.020126246,0.054516658,51478.934,0.0776005090255234,-0.08527740263656039,1.0316419639278558
0.020126246,0.056778062,51468.824,0.0776005090255234,-0.07630083853419778,1.0314393587174349
0.020126246,0.059039466,51458.301,0.0776005090255234,-0.06732427443183514,1.0312284769539077
0.020126246,0.061300874,51447.777,0.0776005090255234,-0.05834769445161238,1.0310175751503006
0.020126246,0.063562274,51437.555,0.0776005090255234,-0.04937114622710986,1.0308127254509019
0.020126246,0.065823682,51428.285,0.0776005090255234,-0.04039456624688713,1.0306269539078157
0.020126248,0.025178403,51565.137,0.07760051696445347,-0.20173457997371952,1.033369478957916
0.020126248,0.027379805,51554.184,0.07760051696445347,-0.19299619171223714,1.0331499799599198
0.020126248,0.029641211,51545.117,0.07760051696445347,-0.18401961967094446,1.032968276553106
0.020126248,0.031902611,51538.008,0.07760051696445347,-0.17504307144644196,1.0328258116232465
0.020126248,0.034164019,51532.414,0.07760051696445347,-0.1660664914662192,1.0327137074148296
0.020126248,0.036425423,51527.945,0.07760051696445347,-0.15708992736385657,1.0326241482965932
0.02012625,0.012700121,51669.918,0.07760052490338352,-0.2512666840384324,1.0354692985971943
0.02012625,0.013130382,51665.355,0.07760052490338352,-0.24955877804408255,1.0353778557114228
0.02012625,0.013625182,51660.152,0.07760052490338352,-0.247594686746,1.0352735871743488
0.02012625,0.014194202,51654.262,0.07760052490338352,-0.24533598175320506,1.0351555511022044
0.02012625,0.014848575,51647.598,0.07760052490338352,-0.24273847101149093,1.035022004008016
0.02012625,0.015601104,51640.105,0.07760052490338352,-0.23975133346004643,1.0348718436873747
0.02012625,0.016466513,51631.695,0.07760052490338352,-0.23631612269573293,1.0347033066132265
0.02012625,0.017461732,51622.395,0.07760052490338352,-0.23236563567555024,1.0345169338677354
0.02012625,0.018606234,51612.176,0.07760052490338352,-0.22782257500692038,1.0343121442885772
0.02012625,0.019922413,51601.121,0.07760052490338352,-0.2225980484899055,1.0340906012024047
0.02012625,0.021436017,51589.375,0.07760052490338352,-0.21658985033884867,1.0338552104208416
0.02012625,0.023176663,51577.281,0.07760052490338352,-0.20968041690788228,1.033612845691383
0.022506492,0.10200615,51493.117,0.08704881229127877,0.10323047526877516,1.0319261923847696
0.022506492,0.10426755,51504.324,0.08704881229127877,0.11220702349327764,1.0321507815631263
0.022506492,0.10652896,51514.301,0.08704881229127877,0.1211836114124305,1.0323507214428858
0.022506492,0.10879037,51523.301,0.08704881229127877,0.1301601993315833,1.0325310821643285
0.022506492,0.11105177,51531.012,0.08704881229127877,0.1391367475560858,1.032685611222445
0.022506492,0.11331317,51537.82,0.08704881229127877,0.14811329578058832,1.0328220440881763
0.022506492,0.11557458,51544.293,0.08704881229127877,0.1570898836997411,1.032951763527054
0.022506492,0.11783598,51550.895,0.08704881229127877,0.16606643192424367,1.0330840681362725
0.022506492,0.12009738,51557.938,0.08704881229127877,0.17504298014874617,1.0332252104208417
0.022506492,0.12235879,51566.164,0.08704881229127877,0.18401956806789896,1.0333900601202404
0.022506492,0.1246202,51575.859,0.08704881229127877,0.1929961559870518,1.0335843486973948
0.022506492,0.12682161,51587.098,0.08704881229127877,0.20173457600425446,1.0338095791583166
0.022506492,0.12882334,51599.223,0.08704881229127877,0.2096803732437669,1.0340525651302606
0.022506492,0.13056397,51611.133,0.08704881229127877,0.21658974316329274,1.03429124248497
0.022506492,0.13207759,51622.523,0.08704881229127877,0.22259800482579004,1.034519498997996
0.022506492,0.13339376,51633.285,0.08704881229127877,0.22782249561761966,1.0347351703406815
0.022506492,0.13453826,51643.219,0.08704881229127877,0.23236554834731943,1.034934248496994
0.022506492,0.13553348,51652.297,0.08704881229127877,0.23631603933696724,1.0351161723446893
0.022506492,0.1363989,51660.477,0.08704881229127877,0.23975129376539597,1.0352801002004008
0.022506492,0.13715142,51667.84,0.08704881229127877,0.24273839559165525,1.0354276553106212
0.022506492,0.13780579,51674.367,0.08704881229127877,0.24533589442497436,1.0355584569138276
0.022506492,0.13837482,51680.191,0.08704881229127877,0.24759463911241958,1.0356751703406812
0.022506492,0.13886961,51685.316,0.08704881229127877,0.24955869071585177,1.035777875751503
0.022506492,0.13929988,51689.797,0.08704881229127877,0.2512666324353868,1.0358676753507015
0.022506494,0.07034649,51389.09,0.08704882023020882,-0.02244143804216185,1.0298414829659317
0.022506494,0.07260789,51384.238,0.08704882023020882,-0.013464889817659361,1.0297442484969939
0.022506494,0.074869297,51381.832,0.08704882023020882,-0.004488313806901604,1.0296960320641284
0.022506494,0.077130705,51381.828,0.08704882023020882,0.004488266173321129,1.0296959519038076
0.022506494,0.079392105,51384.418,0.08704882023020882,0.013464814397823674,1.0297478557114228
0.022506494,0.081653506,51389.355,0.08704882023020882,0.022441366591791193,1.0298467935871745
0.022506494,0.083914913,51396.484,0.08704882023020882,0.0314179426025489,1.0299896593186373
0.022506494,0.086176321,51405.707,0.08704882023020882,0.04039452258277169,1.030174488977956
0.022506494,0.088437721,51416.438,0.08704882023020882,0.049371070807274174,1.0303895390781563
0.022506494,0.090699129,51428.457,0.08704882023020882,0.058347650787496964,1.0306304008016032
0.022506494,0.092960536,51441.379,0.08704882023020882,0.06732422679825467,1.0308893587174348
0.022506494,0.095221937,51454.711,0.08704882023020882,0.07630077899222223,1.0311565330661323
0.022506494,0.097483337,51468.07,0.08704882023020882,0.08527732721672474,1.031424248496994
0.022506494,0.099744752,51481.07,0.08704882023020882,0.09425393498320273,1.031684769539078
0.022506496,0.012700121,51695.605,0.0870488281691389,-0.2512666840384324,1.0359840681362726
0.022506496,0.013130382,51690.816,0.0870488281691389,-0.24955877804408255,1.0358880961923846
0.022506496,0.013625182,51685.406,0.0870488281691389,-0.247594686746,1.0357796793587175
0.022506496,0.014194202,51679.281,0.0870488281691389,-0.24533598175320506,1.0356569338677355
0.022506496,0.014848575,51672.371,0.0870488281691389,-0.24273847101149093,1.0355184569138276
0.022506496,0.015601104,51664.633,0.0870488281691389,-0.23975133346004643,1.0353633867735472
0.022506496,0.016466513,51656.004,0.0870488281691389,-0.23631612269573293,1.0351904609218436
0.022506496,0.017461732,51646.438,0.0870488281691389,-0.23236563567555024,1.0349987575150301
0.022506496,0.018606234,51635.984,0.0870488281691389,-0.22782257500692038,1.034789258517034
0.022506496,0.019922413,51624.699,0.0870488281691389,-0.2225980484899055,1.0345631062124248
0.022506496,0.021436017,51612.598,0.0870488281691389,-0.21658985033884867,1.0343206012024049
0.022506496,0.023176663,51600.074,0.0870488281691389,-0.20968041690788228,1.034069619238477
0.022506496,0.025178403,51587.316,0.0870488281691389,-0.20173457997371952,1.0338139478957915
0.022506496,0.027379805,51575.387,0.0870488281691389,-0.19299619171223714,1.0335748897795591
0.022506496,0.029641211,51565.082,0.0870488281691389,-0.18401961967094446,1.0333683767535071
0.022506496,0.031902611,51556.328,0.0870488281691389,-0.17504307144644196,1.0331929458917837
0.022506496,0.034164019,51548.793,0.0870488281691389,-0.1660664914662192,1.0330419438877756
0.022506496,0.036425423,51541.953,0.0870488281691389,-0.15708992736385657,1.032904869739479
0.022506496,0.038686827,51535.227,0.0870488281691389,-0.14811336326149394,1.0327700801603206
0.022506496,0.040948234,51528.23,0.0870488281691389,-0.1391367872507362,1.032629859719439
0.022506496,0.043209635,51520.59,0.0870488281691389,-0.13016023505676866,1.032476753507014
0.022506496,0.045471042,51511.824,0.0870488281691389,-0.12118365904601092,1.0323010821643286
0.022506496,0.047732443,51502.004,0.0870488281691389,-0.1122071068520434,1.0321042885771543
0.022506496,0.04999385,51491.148,0.0870488281691389,-0.10323053084128567,1.031886733466934
0.022506496,0.052255251,51479.227,0.0870488281691389,-0.09425397864731812,1.0316478356713428
0.022506496,0.054516658,51466.551,0.0870488281691389,-0.08527740263656039,1.0313938076152305
0.022506496,0.056778062,51453.543,0.0870488281691389,-0.07630083853419778,1.031133126252505
0.022506496,0.059039466,51440.438,0.0870488281691389,-0.06732427443183514,1.030870501002004
0.022506496,0.061300874,51427.777,0.0870488281691389,-0.05834769445161238,1.0306167735470941
0.022506496,0.063562274,51415.762,0.0870488281691389,-0.04937114622710986,1.030375991983968
0.022506496,0.065823682,51405.215,0.0870488281691389,-0.04039456624688713,1.030164629258517
0.022506496,0.068085089,51396.133,0.0870488281691389,-0.03141799023612937,1.029982625250501
0.024805468,0.012700121,51723.844,0.0961745171338426,-0.2512666840384324,1.0365499799599198
0.024805468,0.013130382,51718.75,0.0961745171338426,-0.24955877804408255,1.0364478957915833
0.024805468,0.013625182,51712.988,0.0961745171338426,-0.247594686746,1.0363324248496995
0.024805468,0.014194202,51706.52,0.0961745171338426,-0.24533598175320506,1.0362028056112225
0.024805468,0.014848575,51699.223,0.0961745171338426,-0.24273847101149093,1.0360565731462925
0.024805468,0.015601104,51691.121,0.0961745171338426,-0.23975133346004643,1.0358942084168337
0.024805468,0.016466513,51682.074,0.0961745171338426,-0.23631612269573293,1.0357129058116232
0.024805468,0.017461732,51672.105,0.0961745171338426,-0.23236563567555024,1.035513126252505
0.024805468,0.018606234,51661.191,0.0961745171338426,-0.22782257500692038,1.0352944088176352
0.024805468,0.019922413,51649.395,0.0961745171338426,-0.2225980484899055,1.0350580160320642
0.024805468,0.021436017,51636.746,0.0961745171338426,-0.21658985033884867,1.0348045290581163
0.024805468,0.023176663,51623.48,0.0961745171338426,-0.20968041690788228,1.0345386773547094
0.024805468,0.025178403,51609.754,0.0961745171338426,-0.20173457997371952,1.034263607214429
0.024805468,0.027379805,51596.539,0.0961745171338426,-0.19299619171223714,1.0339987775551103
0.024805468,0.029641211,51584.535,0.0961745171338426,-0.18401961967094446,1.0337582164328658
0.024805468,0.031902611,51573.879,0.0961745171338426,-0.17504307144644196,1.0335446693386774
0.024805468,0.034164019,51564.023,0.0961745171338426,-0.1660664914662192,1.0333471543086172
0.024805468,0.036425423,51554.605,0.0961745171338426,-0.15708992736385657,1.0331584168336674
0.024805468,0.038686827,51544.992,0.0961745171338426,-0.14811336326149394,1.0329657715430862
0.024805468,0.040948234,51534.801,0.0961745171338426,-0.1391367872507362,1.0327615430861723
0.024805468,0.043209635,51523.898,0.0961745171338426,-0.13016023505676866,1.0325430460921843
0.024805468,0.045471042,51511.773,0.0961745171338426,-0.12118365904601092,1.0323000601202406
0.024805468,0.047732443,51498.629,0.0961745171338426,-0.1122071068520434,1.0320366533066132
0.024805468,0.04999385,51484.566,0.0961745171338426,-0.10323053084128567,1.0317548296593186
0.024805468,0.052255251,51469.695,0.0961745171338426,-0.09425397864731812,1.0314568136272546
0.024805468,0.054516658,51454.395,0.0961745171338426,-0.08527740263656039,1.0311502004008015
0.024805468,0.056778062,51439.109,0.0961745171338426,-0.07630083853419778,1.030843867735471
0.024805468,0.059039466,51424.129,0.0961745171338426,-0.06732427443183514,1.0305436673346693
0.024805468,0.061300874,51410.051,0.0961745171338426,-0.05834769445161238,1.0302615430861723
0.024805468,0.063562274,51397.145,0.0961745171338426,-0.04937114622710986,1.0300029058116231
0.024805468,0.065823682,51385.961,0.0961745171338426,-0.04039456624688713,1.0297787775551104
0.024805468,0.068085089,51376.504,0.0961745171338426,-0.03141799023612937,1.029589258517034
0.024805468,0.07034649,51369.324,0.0961745171338426,-0.02244143804216185,1.029445370741483
0.024805468,0.07260789,51364.336,0.0961745171338426,-0.013464889817659361,1.0293454108216433
0.024805468,0.074869297,51361.805,0.0961745171338426,-0.004488313806901604,1.0292946893787576
0.024805468,0.077130705,51361.688,0.0961745171338426,0.004488266173321129,1.0292923446893787
0.024805468,0.079392105,51364.156,0.0961745171338426,0.013464814397823674,1.0293418036072144
0.024805468,0.081653506,51369.043,0.0961745171338426,0.022441366591791193,1.0294397394789578
0.024805468,0.083914913,51376.168,0.0961745171338426,0.0314179426025489,1.0295825250501
0.024805468,0.086176321,51385.66,0.0961745171338426,0.04039452258277169,1.029772745490982
0.024805468,0.088437721,51396.938,0.0961745171338426,0.049371070807274174,1.02999875751503
0.024805468,0.090699129,51409.91,0.0961745171338426,0.058347650787496964,1.0302587174348699
0.024805468,0.092960536,51424.242,0.0961745171338426,0.06732422679825467,1.0305459318637273
0.024805468,0.095221937,51439.496,0.0961745171338426,0.07630077899222223,1.030851623246493
0.024805468,0.097483337,51455.18,0.0961745171338426,0.08527732721672474,1.0311659318637274
0.024805468,0.099744752,51470.969,0.0961745171338426,0.09425393498320273,1.0314823446893786
0.024805468,0.10200615,51486.129,0.0961745171338426,0.10323047526877516,1.0317861523046092
0.024805468,0.10426755,51500.645,0.0961745171338426,0.11220702349327764,1.0320770541082163
0.024805468,0.10652896,51514.086,0.0961745171338426,0.1211836114124305,1.0323464128256514
0.024805468,0.10879037,51526.633,0.0961745171338426,0.1301601993315833,1.0325978557114228
0.024805468,0.11105177,51537.844,0.0961745171338426,0.1391367475560858,1.0328225250501002
0.024805468,0.11331317,51547.98,0.0961745171338426,0.14811329578058832,1.0330256513026053
0.024805468,0.11557458,51557.52,0.0961745171338426,0.1570898836997411,1.0332168336673346
0.024805468,0.11783598,51566.855,0.0961745171338426,0.16606643192424367,1.0334039078156314
0.024805468,0.12009738,51576.262,0.0961745171338426,0.17504298014874617,1.0335924248496995
0.024805468,0.12235879,51586.445,0.0961745171338426,0.18401956806789896,1.033796492985972
0.024805468,0.1246202,51597.762,0.0961745171338426,0.1929961559870518,1.0340232865731462
0.024805468,0.12682161,51610.215,0.0961745171338426,0.20173457600425446,1.0342728456913828
0.024805468,0.12882334,51623.176,0.0961745171338426,0.2096803732437669,1.0345325851703406
0.024805468,0.13056397,51635.648,0.0961745171338426,0.21658974316329274,1.0347825250501002
0.024805468,0.13207759,51647.457,0.0961745171338426,0.22259800482579004,1.0350191783567135
0.024805468,0.13339376,51658.555,0.0961745171338426,0.22782249561761966,1.0352415831663326
0.024805468,0.13453826,51668.758,0.0961745171338426,0.23236554834731943,1.0354460521042084
0.024805468,0.13553348,51678.051,0.0961745171338426,0.23631603933696724,1.0356322845691384
0.024805468,0.1363989,51686.496,0.0961745171338426,0.23975129376539597,1.0358015230460922
0.024805468,0.13715142,51694.074,0.0961745171338426,0.24273839559165525,1.035953386773547
0.024805468,0.13780579,51700.891,0.0961745171338426,0.24533589442497436,1.03609
0.024805468,0.13837482,51706.934,0.0961745171338426,0.24759463911241958,1.036211102204409
0.024805468,0.13886961,51712.305,0.0961745171338426,0.24955869071585177,1.0363187374749498
0.024805468,0.13929988,51717.082,0.0961745171338426,0.2512666324353868,1.0364144689378758
0.026984913,0.012700121,51755.227,0.10482574785160631,-0.2512666840384324,1.0371788977955911
0.026984913,0.013130382,51749.691,0.10482574785160631,-0.24955877804408255,1.0370679559118237
0.026984913,0.013625182,51743.457,0.10482574785160631,-0.247594686746,1.0369430260521042
0.026984913,0.014194202,51736.426,0.10482574785160631,-0.24533598175320506,1.036802124248497
0.026984913,0.014848575,51728.59,0.10482574785160631,-0.24273847101149093,1.0366450901803606
0.026984913,0.015601104,51719.906,0.10482574785160631,-0.23975133346004643,1.0364710621242486
0.026984913,0.016466513,51710.223,0.10482574785160631,-0.23631612269573293,1.0362770140280562
0.026984913,0.017461732,51699.578,0.10482574785160631,-0.23236563567555024,1.0360636873747495
0.026984913,0.018606234,51687.973,0.10482574785160631,-0.22782257500692038,1.035831122244489
0.026984913,0.019922413,51675.352,0.10482574785160631,-0.2225980484899055,1.0355781963927855
0.026984913,0.021436017,51661.863,0.10482574785160631,-0.21658985033884867,1.0353078757515028
0.026984913,0.023176663,51647.504,0.10482574785160631,-0.20968041690788228,1.035020120240481
0.026984913,0.025178403,51632.363,0.10482574785160631,-0.20173457997371952,1.0347166933867735
0.026984913,0.027379805,51617.434,0.10482574785160631,-0.19299619171223714,1.03441751503006
0.026984913,0.029641211,51603.449,0.10482574785160631,-0.18401961967094446,1.034137254509018
0.026984913,0.031902611,51590.449,0.10482574785160631,-0.17504307144644196,1.0338767334669339
0.026984913,0.034164019,51578.008,0.10482574785160631,-0.1660664914662192,1.0336274148296594
0.026984913,0.036425423,51565.711,0.10482574785160631,-0.15708992736385657,1.033380981963928
0.026984913,0.038686827,51553.055,0.10482574785160631,-0.14811336326149394,1.0331273547094189
0.026984913,0.040948234,51539.672,0.10482574785160631,-0.1391367872507362,1.0328591583166333
0.026984913,0.043209635,51525.594,0.10482574785160631,-0.13016023505676866,1.0325770340681362
0.026984913,0.045471042,51510.34,0.10482574785160631,-0.12118365904601092,1.0322713426853707
0.026984915,0.047732443,51494.242,0.10482575579053639,-0.1122071068520434,1.0319487374749499
0.026984915,0.04999385,51477.469,0.10482575579053639,-0.10323053084128567,1.0316126052104209
0.026984915,0.052255251,51460.211,0.10482575579053639,-0.09425397864731812,1.0312667535070141
0.026984915,0.054516658,51442.902,0.10482575579053639,-0.08527740263656039,1.0309198797595192
0.026984915,0.056778062,51426.059,0.10482575579053639,-0.07630083853419778,1.0305823446893787
0.026984915,0.059039466,51410.043,0.10482575579053639,-0.06732427443183514,1.030261382765531
0.026984915,0.061300874,51395.27,0.10482575579053639,-0.05834769445161238,1.0299653306613226
0.026984915,0.063562274,51382.027,0.10482575579053639,-0.04937114622710986,1.0296999398797595
0.026984915,0.065823682,51370.77,0.10482575579053639,-0.04039456624688713,1.0294743486973947
0.026984915,0.068085089,51361.418,0.10482575579053639,-0.03141799023612937,1.0292869338677355
0.026984915,0.07034649,51354.336,0.10482575579053639,-0.02244143804216185,1.02914501002004
0.026984915,0.07260789,51349.465,0.10482575579053639,-0.013464889817659361,1.029047394789579
0.026984915,0.074869297,51346.98,0.10482575579053639,-0.004488313806901604,1.028997595190381
0.026984915,0.077130705,51346.766,0.10482575579053639,0.004488266173321129,1.0289933066132264
0.026984915,0.079392105,51349.031,0.10482575579053639,0.013464814397823674,1.0290386973947896
0.026984915,0.081653506,51353.598,0.10482575579053639,0.022441366591791193,1.0291302204408816
0.026984915,0.083914913,51360.477,0.10482575579053639,0.0314179426025489,1.0292680761523045
0.026984915,0.086176321,51369.746,0.10482575579053639,0.04039452258277169,1.0294538276553107
0.026984915,0.088437721,51381.043,0.10482575579053639,0.049371070807274174,1.0296802204408817
0.026984915,0.090699129,51394.301,0.10482575579053639,0.058347650787496964,1.0299459118236474
0.026984915,0.092960536,51409.355,0.10482575579053639,0.06732422679825467,1.030247595190381
0.026984915,0.095221937,51425.715,0.10482575579053639,0.07630077899222223,1.0305754509018035
0.026984915,0.097483337,51443.023,0.10482575579053639,0.08527732721672474,1.0309223046092184
0.026984915,0.099744752,51460.887,0.10482575579053639,0.09425393498320273,1.0312803006012023
0.026984915,0.10200615,51478.551,0.10482575579053639,0.10323047526877516,1.0316342885771543
0.026984915,0.10426755,51495.926,0.10482575579053639,0.11220702349327764,1.03198248496994
0.026984915,0.10652896,51512.484,0.10482575579053639,0.1211836114124305,1.0323143086172344
0.026984915,0.10879037,51528.273,0.10482575579053639,0.1301601993315833,1.0326307214428858
0.026984915,0.11105177,51542.855,0.10482575579053639,0.1391367475560858,1.0329229458917837
0.026984915,0.11331317,51556.305,0.10482575579053639,0.14811329578058832,1.0331924849699399
0.026984915,0.11557458,51569.035,0.10482575579053639,0.1570898836997411,1.0334475951903808
0.026984915,0.11783598,51581.297,0.10482575579053639,0.16606643192424367,1.0336933266533066
0.026984915,0.12009738,51593.355,0.10482575579053639,0.17504298014874617,1.0339349699398799
0.026984915,0.12235879,51605.891,0.10482575579053639,0.18401956806789896,1.0341861923847695
0.026984915,0.1246202,51619.168,0.10482575579053639,0.1929961559870518,1.0344522645290581
0.026984915,0.12682161,51633.242,0.10482575579053639,0.20173457600425446,1.0347343086172345
0.026984915,0.12882334,51647.449,0.10482575579053639,0.2096803732437669,1.035019018036072
0.026984915,0.13056397,51660.812,0.10482575579053639,0.21658974316329274,1.0352868136272544
0.026984919,0.13207759,51673.32,0.10482577166839652,0.22259800482579004,1.0355374749498998
0.026984919,0.13339376,51685.047,0.10482577166839652,0.22782249561761966,1.03577248496994
0.026984919,0.13453826,51695.754,0.10482577166839652,0.23236554834731943,1.0359870541082163
0.026984919,0.13553348,51705.582,0.10482577166839652,0.23631603933696724,1.036184008016032
0.026984919,0.1363989,51714.508,0.10482577166839652,0.23975129376539597,1.0363628857715432
0.026984919,0.13715142,51722.57,0.10482577166839652,0.24273839559165525,1.0365244488977956
0.026984919,0.13780579,51729.812,0.10482577166839652,0.24533589442497436,1.0366695791583167
0.026984919,0.13837482,51736.316,0.10482577166839652,0.24759463911241958,1.0367999198396793
0.026984919,0.13886961,51742.078,0.10482577166839652,0.24955869071585177,1.0369153907815631
0.026984919,0.13929988,51747.188,0.10482577166839652,0.2512666324353868,1.0370177955911823
0.029014803,0.012700121,51789.207,0.11288332522643403,-0.2512666840384324,1.0378598597194388
0.029014803,0.013130382,51783.02,0.11288332522643403,-0.24955877804408255,1.0377358717434868
0.029014803,0.013625182,51776.102,0.11288332522643403,-0.247594686746,1.037597234468938
0.029014803,0.014194202,51768.383,0.11288332522643403,-0.24533598175320506,1.0374425450901803
0.029014803,0.014848575,51759.719,0.11288332522643403,-0.24273847101149093,1.0372689178356713
0.029014803,0.015601104,51750.164,0.11288332522643403,-0.23975133346004643,1.0370774348697394
0.029014803,0.016466513,51739.617,0.11288332522643403,-0.23631612269573293,1.0368660721442886
0.029014803,0.017461732,51728.031,0.11288332522643403,-0.23236563567555024,1.0366338877755512
0.029014803,0.018606234,51715.367,0.11288332522643403,-0.22782257500692038,1.0363801002004007
0.029014803,0.019922413,51701.633,0.11288332522643403,-0.2225980484899055,1.036104869739479
0.029014803,0.021436017,51686.875,0.11288332522643403,-0.21658985033884867,1.035809118236473
0.029014803,0.023176663,51671.082,0.11288332522643403,-0.20968041690788228,1.035492625250501
0.029014803,0.025178403,51654.246,0.11288332522643403,-0.20173457997371952,1.0351552304609217
0.029014803,0.027379805,51637.262,0.11288332522643403,-0.19299619171223714,1.034814869739479
0.029014803,0.029641211,51620.969,0.11288332522643403,-0.18401961967094446,1.0344883567134269
0.029014803,0.031902611,51605.359,0.11288332522643403,-0.17504307144644196,1.0341755310621241
0.029014803,0.034164019,51590.16,0.11288332522643403,-0.1660664914662192,1.0338709418837677
0.029014803,0.036425423,51574.953,0.11288332522643403,-0.15708992736385657,1.0335661923847697
0.029014803,0.038686827,51559.246,0.11288332522643403,-0.14811336326149394,1.0332514228456913
0.029014803,0.040948234,51542.836,0.11288332522643403,-0.1391367872507362,1.0329225651302605
0.029014803,0.043209635,51525.762,0.11288332522643403,-0.13016023505676866,1.0325804008016033
0.029014803,0.045471042,51507.734,0.11288332522643403,-0.12118365904601092,1.0322191182364728
0.029014805,0.047732443,51489.109,0.1128833331653641,-0.1122071068520434,1.0318458717434869
0.029014805,0.04999385,51470.133,0.1128833331653641,-0.10323053084128567,1.0314655911823647
0.029014805,0.052255251,51451.133,0.1128833331653641,-0.09425397864731812,1.0310848296593187
0.029014805,0.054516658,51432.426,0.1128833331653641,-0.08527740263656039,1.0307099398797595
0.029014805,0.056778062,51414.699,0.1128833331653641,-0.07630083853419778,1.0303546893787576
0.029014805,0.059039466,51398.156,0.1128833331653641,-0.06732427443183514,1.0300231663326653
0.029014805,0.061300874,51383.203,0.1128833331653641,-0.05834769445161238,1.029723507014028
0.029014805,0.063562274,51370.031,0.1128833331653641,-0.04937114622710986,1.0294595390781565
0.029014805,0.065823682,51358.984,0.1128833331653641,-0.04039456624688713,1.0292381563126252
0.029014805,0.068085089,51349.961,0.1128833331653641,-0.03141799023612937,1.0290573346693388
0.029014807,0.07034649,51343.172,0.11288334110429415,-0.02244143804216185,1.0289212825651302
0.029014807,0.07260789,51338.539,0.11288334110429415,-0.013464889817659361,1.0288284368737475
0.029014807,0.074869297,51336.137,0.11288334110429415,-0.004488313806901604,1.0287803006012024
0.029014807,0.077130705,51335.863,0.11288334110429415,0.004488266173321129,1.0287748096192384
0.029014807,0.079392105,51337.895,0.11288334110429415,0.013464814397823674,1.028815531062124
0.029014807,0.081653506,51342.059,0.11288334110429415,0.022441366591791193,1.028898977955912
0.029014807,0.083914913,51348.488,0.11288334110429415,0.0314179426025489,1.0290278156312624
0.029014807,0.086176321,51357.301,0.11288334110429415,0.04039452258277169,1.0292044288577153
0.029014807,0.088437721,51368.27,0.11288334110429415,0.049371070807274174,1.029424248496994
0.029014807,0.090699129,51381.43,0.11288334110429415,0.058347650787496964,1.0296879759519038
0.029014807,0.092960536,51396.598,0.11288334110429415,0.06732422679825467,1.0299919438877756
0.029014807,0.095221937,51413.52,0.11288334110429415,0.07630077899222223,1.0303310621242485
0.029014807,0.097483337,51431.809,0.11288334110429415,0.08527732721672474,1.0306975751503007
0.029014807,0.099744752,51451.062,0.11288334110429415,0.09425393498320273,1.0310834068136272
0.029014807,0.10200615,51470.613,0.11288334110429415,0.10323047526877516,1.0314752104208416
0.029014807,0.10426755,51490.293,0.11288334110429415,0.11220702349327764,1.0318695991983968
0.029014807,0.10652896,51509.508,0.11288334110429415,0.1211836114124305,1.0322546693386774
0.029014807,0.10879037,51528.203,0.11288334110429415,0.1301601993315833,1.0326293186372746
0.029014807,0.11105177,51545.93,0.11288334110429415,0.1391367475560858,1.0329845691382766
0.029014807,0.11331317,51562.539,0.11288334110429415,0.14811329578058832,1.0333174148296593
0.029014807,0.11557458,51578.422,0.11288334110429415,0.1570898836997411,1.0336357114228456
0.029014807,0.11783598,51593.703,0.11288334110429415,0.16606643192424367,1.0339419438877755
0.029014807,0.12009738,51608.637,0.11288334110429415,0.17504298014874617,1.0342412224448898
0.029014807,0.12235879,51623.727,0.11288334110429415,0.18401956806789896,1.034543627254509
0.029014809,0.1246202,51639.332,0.11288334904322422,0.1929961559870518,1.0348563527054109
0.029014809,0.12682161,51655.344,0.11288334904322422,0.20173457600425446,1.0351772344689378
0.029014809,0.12882334,51671.129,0.11288334904322422,0.2096803732437669,1.0354935671342687
0.029014809,0.13056397,51685.777,0.11288334904322422,0.21658974316329274,1.035787114228457
0.029014809,0.13207759,51699.332,0.11288334904322422,0.22259800482579004,1.0360587575150302
0.029014809,0.13339376,51711.941,0.11288334904322422,0.22782249561761966,1.0363114428857716
0.029014809,0.13453826,51723.566,0.11288334904322422,0.23236554834731943,1.0365444088176352
0.029014809,0.13553348,51734.164,0.11288334904322422,0.23631603933696724,1.0367567935871742
0.029014809,0.1363989,51743.84,0.11288334904322422,0.23975129376539597,1.0369507014028054
0.029014809,0.13715142,51752.613,0.11288334904322422,0.24273839559165525,1.037126513026052
0.029014809,0.13780579,51760.527,0.11288334904322422,0.24533589442497436,1.037285110220441
0.029014809,0.13837482,51767.617,0.11288334904322422,0.24759463911241958,1.0374271943887776
0.029014809,0.13886961,51774.012,0.11288334904322422,0.24955869071585177,1.0375553507014028
0.029014809,0.13929988,51779.641,0.11288334904322422,0.2512666324353868,1.0376681563126253
0.03087444,0.012700121,51825.688,0.120265089271083,-0.2512666840384324,1.0385909418837675
0.03087444,0.013130382,51818.746,0.120265089271083,-0.24955877804408255,1.0384518236472946
0.03087444,0.013625182,51811.004,0.120265089271083,-0.247594686746,1.0382966733466934
0.03087444,0.014194202,51802.355,0.120265089271083,-0.24533598175320506,1.0381233466933868
0.030874442,0.014848575,51792.742,0.12026509721001305,-0.24273847101149093,1.0379307014028056
0.030874442,0.015601104,51782.109,0.12026509721001305,-0.23975133346004643,1.0377176152304608
0.030874442,0.016466513,51770.352,0.12026509721001305,-0.23631612269573293,1.037482004008016
0.030874442,0.017461732,51757.504,0.12026509721001305,-0.23236563567555024,1.0372245290581164
0.030874442,0.018606234,51743.527,0.12026509721001305,-0.22782257500692038,1.0369444288577154
0.030874442,0.019922413,51728.355,0.12026509721001305,-0.2225980484899055,1.0366403807615232
0.030874442,0.021436017,51711.992,0.12026509721001305,-0.21658985033884867,1.0363124649298596
0.030874442,0.023176663,51694.434,0.12026509721001305,-0.20968041690788228,1.0359606012024047
0.030874442,0.025178403,51675.586,0.12026509721001305,-0.20173457997371952,1.0355828857715432
0.030874442,0.027379805,51656.203,0.12026509721001305,-0.19299619171223714,1.0351944488977955
0.030874442,0.029641211,51637.324,0.12026509721001305,-0.18401961967094446,1.0348161122244488
0.030874442,0.031902611,51619.02,0.12026509721001305,-0.17504307144644196,1.0344492985971943
0.030874442,0.034164019,51600.977,0.12026509721001305,-0.1660664914662192,1.0340877154308616
0.030874442,0.036425423,51582.805,0.12026509721001305,-0.15708992736385657,1.0337235470941883
0.030874442,0.038686827,51564.211,0.12026509721001305,-0.14811336326149394,1.0333509218436874
0.030874442,0.040948234,51544.906,0.12026509721001305,-0.1391367872507362,1.0329640480961924
0.030874442,0.043209635,51525.102,0.12026509721001305,-0.13016023505676866,1.0325671743486973
0.030874444,0.045471042,51504.594,0.12026510514894312,-0.12118365904601092,1.0321561923847695
0.030874444,0.047732443,51483.852,0.12026510514894312,-0.1122071068520434,1.0317405210420842
0.030874444,0.04999385,51463.195,0.12026510514894312,-0.10323053084128567,1.0313265531062124
0.030874446,0.052255251,51442.871,0.12026511308787319,-0.09425397864731812,1.0309192585170341
0.030874446,0.054516658,51423.363,0.12026511308787319,-0.08527740263656039,1.0305283166332664
0.030874446,0.056778062,51405.203,0.12026511308787319,-0.07630083853419778,1.0301643887775551
0.030874446,0.059039466,51388.555,0.12026511308787319,-0.06732427443183514,1.0298307615230462
0.030874446,0.061300874,51373.797,0.12026511308787319,-0.05834769445161238,1.02953501002004
0.030874446,0.063562274,51360.977,0.12026511308787319,-0.04937114622710986,1.0292780961923846
0.030874446,0.065823682,51350.375,0.12026511308787319,-0.04039456624688713,1.029065631262525
0.030874446,0.068085089,51341.844,0.12026511308787319,-0.03141799023612937,1.0288946693386773
0.030874446,0.07034649,51335.449,0.12026511308787319,-0.02244143804216185,1.0287665130260522
0.030874446,0.07260789,51331.086,0.12026511308787319,-0.013464889817659361,1.0286790781563127
0.030874446,0.074869297,51328.797,0.12026511308787319,-0.004488313806901604,1.0286332064128256
0.030874446,0.077130705,51328.406,0.12026511308787319,0.004488266173321129,1.028625370741483
0.030874446,0.079392105,51330.164,0.12026511308787319,0.013464814397823674,1.0286606012024047
0.030874446,0.081653506,51333.957,0.12026511308787319,0.022441366591791193,1.028736613226453
0.030874446,0.083914913,51339.902,0.12026511308787319,0.0314179426025489,1.0288557515030061
0.030874446,0.086176321,51348.211,0.12026511308787319,0.04039452258277169,1.029022264529058
0.030874446,0.088437721,51358.707,0.12026511308787319,0.049371070807274174,1.0292326052104208
0.030874446,0.090699129,51371.492,0.12026511308787319,0.058347650787496964,1.0294888176352706
0.030874446,0.092960536,51386.477,0.12026511308787319,0.06732422679825467,1.029789118236473
0.030874446,0.095221937,51403.449,0.12026511308787319,0.07630077899222223,1.0301292384769538
0.030874446,0.097483337,51422.141,0.12026511308787319,0.08527732721672474,1.0305038276553107
0.030874448,0.099744752,51442.301,0.12026512102680324,0.09425393498320273,1.0309078356713426
0.030874448,0.10200615,51463.188,0.12026512102680324,0.10323047526877516,1.0313264128256514
0.030874448,0.10426755,51484.66,0.12026512102680324,0.11220702349327764,1.0317567134268537
0.030874448,0.10652896,51506.051,0.12026512102680324,0.1211836114124305,1.032185390781563
0.030874448,0.10879037,51527.18,0.12026512102680324,0.1301601993315833,1.0326088176352706
0.030874448,0.11105177,51547.656,0.12026512102680324,0.1391367475560858,1.0330191583166333
0.030874448,0.11331317,51567.199,0.12026512102680324,0.14811329578058832,1.0334108016032064
0.030874448,0.11557458,51586.086,0.12026512102680324,0.1570898836997411,1.0337892985971944
0.030874448,0.11783598,51604.395,0.12026512102680324,0.16606643192424367,1.0341562124248496
0.030874448,0.12009738,51622.211,0.12026512102680324,0.17504298014874617,1.034513246492986
0.030874448,0.12235879,51640.102,0.12026512102680324,0.18401956806789896,1.0348717835671342
0.030874448,0.1246202,51658.266,0.12026512102680324,0.1929961559870518,1.0352357915831665
0.03087445,0.12682161,51676.613,0.12026512896573333,0.20173457600425446,1.0356034669338676
0.03087445,0.12882334,51694.305,0.12026512896573333,0.2096803732437669,1.035958016032064
0.03087445,0.13056397,51710.594,0.12026512896573333,0.21658974316329274,1.0362844488977956
0.03087445,0.13207759,51725.598,0.12026512896573333,0.22259800482579004,1.036585130260521
0.03087445,0.13339376,51739.516,0.12026512896573333,0.22782249561761966,1.0368640480961924
0.03087445,0.13453826,51752.328,0.12026512896573333,0.23236554834731943,1.0371208016032065
0.03087445,0.13553348,51764.047,0.12026512896573333,0.23631603933696724,1.0373556513026052
0.03087445,0.1363989,51774.758,0.12026512896573333,0.23975129376539597,1.0375703006012025
0.03087445,0.13715142,51784.516,0.12026512896573333,0.24273839559165525,1.037765851703407
0.03087445,0.13780579,51793.266,0.12026512896573333,0.24533589442497436,1.0379412024048096
0.03087445,0.13837482,51801.164,0.12026512896573333,0.24759463911241958,1.0380994789579159
0.03087445,0.13886961,51808.27,0.12026512896573333,0.24955869071585177,1.038241883767535
0.03087445,0.13929988,51814.547,0.12026512896573333,0.2512666324353868,1.0383676753507014
0.032552492,0.012700121,51862.934,0.12692605800780488,-0.2512666840384324,1.039337354709419
0.032552492,0.013130382,51855.168,0.12692605800780488,-0.24955877804408255,1.0391817234468936
0.032552492,0.013625182,51846.461,0.12692605800780488,-0.247594686746,1.0390072344689378
0.032552492,0.014194202,51836.727,0.12692605800780488,-0.24533598175320506,1.0388121643286572
0.032552492,0.014848575,51825.91,0.12692605800780488,-0.24273847101149093,1.0385953907815633
0.032552492,0.015601104,51813.973,0.12692605800780488,-0.23975133346004643,1.0383561723446892
0.032552492,0.016466513,51800.84,0.12692605800780488,-0.23631612269573293,1.0380929859719439
0.032552492,0.017461732,51786.523,0.12692605800780488,-0.23236563567555024,1.0378060721442885
0.032552492,0.018606234,51770.973,0.12692605800780488,-0.22782257500692038,1.0374944488977955
0.032552492,0.019922413,51754.125,0.12692605800780488,-0.2225980484899055,1.0371568136272544
0.032552492,0.021436017,51735.898,0.12692605800780488,-0.21658985033884867,1.0367915430861723
0.032552492,0.023176663,51716.316,0.12692605800780488,-0.20968041690788228,1.036399118236473
0.032552492,0.025178403,51695.055,0.12692605800780488,-0.20173457997371952,1.0359730460921843
0.032552492,0.027379805,51673.156,0.12692605800780488,-0.19299619171223714,1.0355341883767535
0.032552492,0.029641211,51651.547,0.12692605800780488,-0.18401961967094446,1.035101142284569
0.032552492,0.031902611,51630.422,0.12692605800780488,-0.17504307144644196,1.0346777955911823
0.032552492,0.034164019,51609.465,0.12692605800780488,-0.1660664914662192,1.0342578156312625
0.032552492,0.036425423,51588.449,0.12692605800780488,-0.15708992736385657,1.0338366533066132
0.032552492,0.038686827,51567.051,0.12692605800780488,-0.14811336326149394,1.0334078356713428
0.032552492,0.040948234,51545.199,0.12692605800780488,-0.1391367872507362,1.0329699198396793
0.032552492,0.043209635,51523.074,0.12692605800780488,-0.13016023505676866,1.0325265330661322
0.032552492,0.045471042,51500.559,0.12692605800780488,-0.12118365904601092,1.0320753306613226
0.032552492,0.047732443,51478.164,0.12692605800780488,-0.1122071068520434,1.0316265330661323
0.032552492,0.04999385,51456.227,0.12692605800780488,-0.10323053084128567,1.0311869138276553
0.032552496,0.052255251,51435.078,0.126926073885665,-0.09425397864731812,1.0307630861723447
0.032552496,0.054516658,51415.09,0.126926073885665,-0.08527740263656039,1.0303625250501
0.032552496,0.056778062,51396.758,0.126926073885665,-0.07630083853419778,1.0299951503006013
0.032552496,0.059039466,51380.262,0.126926073885665,-0.06732427443183514,1.0296645691382766
0.032552496,0.061300874,51365.863,0.126926073885665,-0.05834769445161238,1.029376012024048
0.032552496,0.063562274,51353.516,0.126926073885665,-0.04937114622710986,1.0291285771543086
0.032552496,0.065823682,51343.43,0.126926073885665,-0.04039456624688713,1.0289264529058115
0.032552496,0.068085089,51335.34,0.126926073885665,-0.03141799023612937,1.0287643286573145
0.032552496,0.07034649,51329.395,0.126926073885665,-0.02244143804216185,1.0286451903807614
0.032552496,0.07260789,51325.359,0.126926073885665,-0.013464889817659361,1.0285643086172345
0.032552496,0.074869297,51323.219,0.126926073885665,-0.004488313806901604,1.0285214228456914
0.032552496,0.077130705,51322.809,0.126926073885665,0.004488266173321129,1.0285132064128257
0.032552496,0.079392105,51324.348,0.126926073885665,0.013464814397823674,1.0285440480961923
0.032552496,0.081653506,51327.785,0.126926073885665,0.022441366591791193,1.0286129258517034
0.032552496,0.083914913,51333.191,0.126926073885665,0.0314179426025489,1.0287212625250501
0.032552496,0.086176321,51340.945,0.126926073885665,0.04039452258277169,1.0288766533066132
0.032552496,0.088437721,51350.812,0.126926073885665,0.049371070807274174,1.029074388777555
0.032552496,0.090699129,51363.098,0.126926073885665,0.058347650787496964,1.0293206012024048
0.032552496,0.092960536,51377.695,0.126926073885665,0.06732422679825467,1.029613126252505
0.032552496,0.095221937,51394.547,0.126926073885665,0.07630077899222223,1.0299508416833667
0.032552496,0.097483337,51413.395,0.126926073885665,0.08527732721672474,1.0303285571142284
0.032552499,0.099744752,51433.918,0.1269260857940601,0.09425393498320273,1.0307398396793588
0.032552499,0.10200615,51455.656,0.1269260857940601,0.10323047526877516,1.0311754709418839
0.032552499,0.10426755,51478.332,0.1269260857940601,0.11220702349327764,1.0316298997995992
0.032552499,0.10652896,51501.441,0.1269260857940601,0.1211836114124305,1.032093006012024
0.032552499,0.10879037,51524.738,0.1269260857940601,0.1301601993315833,1.032559879759519
0.032552499,0.11105177,51547.621,0.1269260857940601,0.1391367475560858,1.0330184569138277
0.032552499,0.11331317,51569.859,0.1269260857940601,0.14811329578058832,1.0334641082164329
0.032552499,0.11557458,51591.57,0.1269260857940601,0.1570898836997411,1.0338991983967936
0.032552499,0.11783598,51612.754,0.1269260857940601,0.16606643192424367,1.0343237274549097
0.032552499,0.12009738,51633.539,0.1269260857940601,0.17504298014874617,1.034740260521042
0.032552499,0.12235879,51654.203,0.1269260857940601,0.18401956806789896,1.035154368737475
0.032552499,0.1246202,51675.051,0.1269260857940601,0.1929961559870518,1.0355721643286573
0.032552503,0.12682161,51695.848,0.12692610167192023,0.20173457600425446,1.0359889378757514
0.032552503,0.12882334,51715.773,0.12692610167192023,0.2096803732437669,1.036388236472946
0.032552503,0.13056397,51733.941,0.12692610167192023,0.21658974316329274,1.0367523246492987
0.032552503,0.13207759,51750.629,0.12692610167192023,0.22259800482579004,1.037086753507014
0.032552503,0.13339376,51766.07,0.12692610167192023,0.22782249561761966,1.0373961923847694
0.032552503,0.13453826,51780.273,0.12692610167192023,0.23236554834731943,1.0376808216432867
0.032552503,0.13553348,51793.367,0.12692610167192023,0.23631603933696724,1.0379432264529058
0.032552503,0.1363989,51805.301,0.12692610167192023,0.23975129376539597,1.038182384769539
0.032552503,0.13715142,51816.184,0.12692610167192023,0.24273839559165525,1.0384004809619238
0.032552503,0.13780579,51826.059,0.12692610167192023,0.24533589442497436,1.038598376753507
0.032552503,0.13837482,51834.945,0.12692610167192023,0.24759463911241958,1.0387764529058117
0.032552503,0.13886961,51842.926,0.12692610167192023,0.24955869071585177,1.038936392785571
0.032552503,0.13929988,51850.039,0.12692610167192023,0.2512666324353868,1.0390789378757515
0.034046084,0.012700121,51901.395,0.13285481922463122,-0.2512666840384324,1.0401081162324648
0.034046084,0.013130382,51892.684,0.13285481922463122,-0.24955877804408255,1.0399335470941884
0.034046084,0.013625182,51882.953,0.13285481922463122,-0.247594686746,1.0397385370741483
0.034046084,0.014194202,51872.062,0.13285481922463122,-0.24533598175320506,1.0395202805611221
0.034046084,0.014848575,51859.977,0.13285481922463122,-0.24273847101149093,1.0392780961923846
0.034046084,0.015601104,51846.664,0.13285481922463122,-0.23975133346004643,1.0390113026052104
0.034046084,0.016466513,51832.027,0.13285481922463122,-0.23631612269573293,1.0387179759519038
0.034046084,0.017461732,51816.043,0.13285481922463122,-0.23236563567555024,1.0383976553106211
0.034046084,0.018606234,51798.711,0.13285481922463122,-0.22782257500692038,1.0380503206412826
0.034046084,0.019922413,51779.855,0.13285481922463122,-0.2225980484899055,1.0376724448897796
0.034046084,0.021436017,51759.57,0.13285481922463122,-0.21658985033884867,1.0372659318637274
0.034046084,0.023176663,51737.738,0.13285481922463122,-0.20968041690788228,1.0368284168336672
0.034046084,0.025178403,51714.016,0.13285481922463122,-0.20173457997371952,1.0363530260521043
0.034046084,0.027379805,51689.301,0.13285481922463122,-0.19299619171223714,1.035857735470942
0.034046084,0.029641211,51664.82,0.13285481922463122,-0.18401961967094446,1.035367134268537
0.034046084,0.031902611,51640.848,0.13285481922463122,-0.17504307144644196,1.0348867334669338
0.034046084,0.034164019,51617.141,0.13285481922463122,-0.1660664914662192,1.0344116432865733
0.034046087,0.036425423,51593.445,0.13285483113302635,-0.15708992736385657,1.0339367735470941
0.034046087,0.038686827,51569.531,0.13285483113302635,-0.14811336326149394,1.0334575350701403
0.034046087,0.040948234,51545.391,0.13285483113302635,-0.1391367872507362,1.0329737675350703
0.034046087,0.043209635,51521.328,0.13285483113302635,-0.13016023505676866,1.0324915430861723
0.034046087,0.045471042,51497.078,0.13285483113302635,-0.12118365904601092,1.0320055711422846
0.034046091,0.047732443,51473.391,0.13285484701088646,-0.1122071068520434,1.0315308817635271
0.034046091,0.04999385,51450.551,0.13285484701088646,-0.10323053084128567,1.0310731663326653
0.034046091,0.052255251,51428.871,0.13285484701088646,-0.09425397864731812,1.0306386973947896
0.034046091,0.054516658,51408.742,0.13285484701088646,-0.08527740263656039,1.0302353106212425
0.034046091,0.056778062,51390.57,0.13285484701088646,-0.07630083853419778,1.0298711422845692
0.034046091,0.059039466,51374.379,0.13285484701088646,-0.06732427443183514,1.0295466733466934
0.034046091,0.061300874,51360.43,0.13285484701088646,-0.05834769445161238,1.029267134268537
0.034046091,0.063562274,51348.535,0.13285484701088646,-0.04937114622710986,1.02902875751503
0.034046091,0.065823682,51338.93,0.13285484701088646,-0.04039456624688713,1.0288362725450901
0.034046091,0.068085089,51331.246,0.13285484701088646,-0.03141799023612937,1.0286822845691383
0.034046091,0.07034649,51325.5,0.13285484701088646,-0.02244143804216185,1.028567134268537
0.034046091,0.07260789,51321.617,0.13285484701088646,-0.013464889817659361,1.0284893186372746
0.034046091,0.074869297,51319.551,0.13285484701088646,-0.004488313806901604,1.0284479158316633
0.034046091,0.077130705,51319.141,0.13285484701088646,0.004488266173321129,1.0284396993987976
0.034046091,0.079392105,51320.5,0.13285484701088646,0.013464814397823674,1.0284669338677355
0.034046091,0.081653506,51323.668,0.13285484701088646,0.022441366591791193,1.0285304208416832
0.034046091,0.083914913,51328.785,0.13285484701088646,0.0314179426025489,1.0286329659318638
0.034046091,0.086176321,51336.023,0.13285484701088646,0.04039452258277169,1.028778016032064
0.034046095,0.088437721,51345.445,0.13285486288874657,0.049371070807274174,1.0289668336673348
0.034046095,0.090699129,51357.215,0.13285486288874657,0.058347650787496964,1.0292027054108215
0.034046095,0.092960536,51371.355,0.13285486288874657,0.06732422679825467,1.0294860721442887
0.034046095,0.095221937,51387.875,0.13285486288874657,0.07630077899222223,1.0298171342685372
0.034046095,0.097483337,51406.605,0.13285486288874657,0.08527732721672474,1.03019248496994
0.034046095,0.099744752,51427.395,0.13285486288874657,0.09425393498320273,1.030609118236473
0.034046095,0.10200615,51449.641,0.13285486288874657,0.10323047526877516,1.0310549298597196
0.034046095,0.10426755,51473.25,0.13285486288874657,0.11220702349327764,1.0315280561122244
0.034046095,0.10652896,51497.68,0.13285486288874657,0.1211836114124305,1.032017635270541
0.034046095,0.10879037,51522.664,0.13285486288874657,0.1301601993315833,1.0325183166332665
0.034046095,0.11105177,51547.578,0.13285486288874657,0.1391367475560858,1.0330175951903808
0.034046095,0.11331317,51572.043,0.13285486288874657,0.14811329578058832,1.033507875751503
0.034046095,0.11557458,51596.234,0.13285486288874657,0.1570898836997411,1.0339926653306613
0.034046095,0.11783598,51620.098,0.13285486288874657,0.16606643192424367,1.0344709018036071
0.034046095,0.12009738,51643.598,0.13285486288874657,0.17504298014874617,1.0349418436873747
0.034046095,0.12235879,51667.09,0.13285486288874657,0.18401956806789896,1.035412625250501
0.034046095,0.1246202,51690.672,0.13285486288874657,0.1929961559870518,1.0358852104208416
0.034046095,0.12682161,51714.184,0.13285486288874657,0.20173457600425446,1.0363563927855712
0.034046099,0.12882334,51736.504,0.13285487876660673,0.2096803732437669,1.0368036873747495
0.034046099,0.13056397,51756.789,0.13285487876660673,0.21658974316329274,1.0372102004008015
0.034046099,0.13207759,51775.441,0.13285487876660673,0.22259800482579004,1.0375839879759519
0.034046099,0.13339376,51792.699,0.13285487876660673,0.22782249561761966,1.0379298396793588
0.034046099,0.13453826,51808.59,0.13285487876660673,0.23236554834731943,1.0382482965931863
0.034046099,0.13553348,51823.195,0.13285487876660673,0.23631603933696724,1.0385409819639277
0.034046099,0.1363989,51836.555,0.13285487876660673,0.23975129376539597,1.0388087174348697
0.034046099,0.13715142,51848.758,0.13285487876660673,0.24273839559165525,1.039053266533066
0.034046099,0.13780579,51859.809,0.13285487876660673,0.24533589442497436,1.039274729458918
0.034046099,0.13837482,51869.754,0.13285487876660673,0.24759463911241958,1.0394740280561123
0.034046099,0.13886961,51878.699,0.13285487876660673,0.24955869071585177,1.0396532865731463
0.034046099,0.13929988,51886.695,0.13285487876660673,0.2512666324353868,1.0398135270541082
0.03535936,0.012700121,51939.879,0.13806782238465676,-0.2512666840384324,1.0408793386773547
0.03535936,0.013130382,51930.191,0.13806782238465676,-0.24955877804408255,1.0406851903807615
0.03535936,0.013625182,51919.371,0.13806782238465676,-0.247594686746,1.0404683567134267
0.03535936,0.014194202,51907.301,0.13806782238465676,-0.24533598175320506,1.0402264729458919
0.03535936,0.014848575,51893.902,0.13806782238465676,-0.24273847101149093,1.0399579559118237
0.03535936,0.015601104,51879.086,0.13806782238465676,-0.23975133346004643,1.0396610420841683
0.03535936,0.016466513,51862.812,0.13806782238465676,-0.23631612269573293,1.0393349098196392
0.03535936,0.017461732,51845.027,0.13806782238465676,-0.23236563567555024,1.038978496993988
0.03535936,0.018606234,51825.691,0.13806782238465676,-0.22782257500692038,1.038591002004008
0.03535936,0.019922413,51804.863,0.13806782238465676,-0.2225980484899055,1.0381736072144288
0.03535936,0.021436017,51782.336,0.13806782238465676,-0.21658985033884867,1.0377221643286574
0.03535936,0.023176663,51758.148,0.13806782238465676,-0.20968041690788228,1.0372374348697395
0.03535936,0.025178403,51731.84,0.13806782238465676,-0.20173457997371952,1.0367102204408818
0.03535936,0.027379805,51704.402,0.13806782238465676,-0.19299619171223714,1.036160360721443
0.03535936,0.029641211,51677.211,0.13806782238465676,-0.18401961967094446,1.0356154509018036
0.03535936,0.031902611,51650.566,0.13806782238465676,-0.17504307144644196,1.0350814829659318
0.035359364,0.034164019,51624.211,0.1380678382625169,-0.1660664914662192,1.0345533266533067
0.035359364,0.036425423,51598.031,0.1380678382625169,-0.15708992736385657,1.0340286773547094
0.035359364,0.038686827,51571.828,0.1380678382625169,-0.14811336326149394,1.0335035671342685
0.035359364,0.040948234,51545.727,0.1380678382625169,-0.1391367872507362,1.032980501002004
0.035359364,0.043209635,51519.941,0.1380678382625169,-0.13016023505676866,1.03246374749499
0.035359364,0.045471042,51494.426,0.1380678382625169,-0.12118365904601092,1.0319524248496994
0.035359364,0.047732443,51469.785,0.1380678382625169,-0.1122071068520434,1.031458617234469
0.035359364,0.04999385,51446.281,0.1380678382625169,-0.10323053084128567,1.0309875951903809
0.035359364,0.052255251,51424.348,0.1380678382625169,-0.09425397864731812,1.0305480561122244
0.035359364,0.054516658,51404.109,0.1380678382625169,-0.08527740263656039,1.0301424649298596
0.035359364,0.056778062,51386.102,0.1380678382625169,-0.07630083853419778,1.0297816032064129
0.035359364,0.059039466,51370.191,0.1380678382625169,-0.06732427443183514,1.029462745490982
0.035359364,0.061300874,51356.582,0.1380678382625169,-0.05834769445161238,1.0291900200400803
0.035359364,0.063562274,51345.117,0.1380678382625169,-0.04937114622710986,1.028960260521042
0.035359364,0.065823682,51335.926,0.1380678382625169,-0.04039456624688713,1.0287760721442885
0.035359364,0.068085089,51328.59,0.1380678382625169,-0.03141799023612937,1.0286290581162323
0.035359364,0.07034649,51323.188,0.1380678382625169,-0.02244143804216185,1.0285208016032064
0.035359364,0.07260789,51319.492,0.1380678382625169,-0.013464889817659361,1.0284467334669338
0.035359368,0.074869297,51317.461,0.13806785414037703,-0.004488313806901604,1.0284060320641284
0.035359368,0.077130705,51316.988,0.13806785414037703,0.004488266173321129,1.0283965531062125
0.035359368,0.079392105,51318.242,0.13806785414037703,0.013464814397823674,1.0284216833667335
0.035359368,0.081653506,51321.188,0.13806785414037703,0.022441366591791193,1.0284807214428857
0.035359368,0.083914913,51326.027,0.13806785414037703,0.0314179426025489,1.0285776953907817
0.035359368,0.086176321,51332.941,0.13806785414037703,0.04039452258277169,1.02871625250501
0.035359368,0.088437721,51341.941,0.13806785414037703,0.049371070807274174,1.028896613226453
0.035359368,0.090699129,51353.27,0.13806785414037703,0.058347650787496964,1.029123647294589
0.035359368,0.092960536,51366.969,0.13806785414037703,0.06732422679825467,1.0293981763527054
0.035359368,0.095221937,51383.129,0.13806785414037703,0.07630077899222223,1.0297220240480962
0.035359368,0.097483337,51401.609,0.13806785414037703,0.08527732721672474,1.0300923647294589
0.035359368,0.099744752,51422.414,0.13806785414037703,0.09425393498320273,1.0305092985971944
0.035359368,0.10200615,51444.918,0.13806785414037703,0.10323047526877516,1.0309602805611222
0.035359368,0.10426755,51469.16,0.13806785414037703,0.11220702349327764,1.031446092184369
0.035359368,0.10652896,51494.555,0.13806785414037703,0.1211836114124305,1.03195501002004
0.035359368,0.10879037,51520.84,0.13806785414037703,0.1301601993315833,1.032481763527054
0.035359368,0.11105177,51547.457,0.13806785414037703,0.1391367475560858,1.0330151703406814
0.035359368,0.11331317,51573.969,0.13806785414037703,0.14811329578058832,1.0335464729458916
0.035359371,0.11557458,51600.426,0.13806786604877214,0.1570898836997411,1.0340766733466933
0.035359371,0.11783598,51626.73,0.13806786604877214,0.16606643192424367,1.0346038076152306
0.035359371,0.12009738,51652.887,0.13806786604877214,0.17504298014874617,1.035127995991984
0.035359371,0.12235879,51678.988,0.13806786604877214,0.18401956806789896,1.0356510621242485
0.035359371,0.1246202,51705.367,0.13806786604877214,0.1929961559870518,1.0361796993987975
0.035359371,0.12682161,51731.52,0.13806786604877214,0.20173457600425446,1.0367038076152304
0.035359371,0.12882334,51756.316,0.13806786604877214,0.2096803732437669,1.0372007214428858
0.035359371,0.13056397,51778.891,0.13806786604877214,0.21658974316329274,1.037653126252505
0.035359371,0.13207759,51799.598,0.13806786604877214,0.22259800482579004,1.0380680961923847
0.035359371,0.13339376,51818.762,0.13806786604877214,0.22782249561761966,1.0384521442885772
0.035359371,0.13453826,51836.418,0.13806786604877214,0.23236554834731943,1.0388059719438878
0.035359371,0.13553348,51852.691,0.13806786604877214,0.23631603933696724,1.0391320841683367
0.035359371,0.1363989,51867.59,0.13806786604877214,0.23975129376539597,1.0394306613226452
0.035359371,0.13715142,51881.156,0.13806786604877214,0.24273839559165525,1.0397025250501002
0.035359371,0.13780579,51893.496,0.13806786604877214,0.24533589442497436,1.0399498196392785
0.035359371,0.13837482,51904.582,0.13806786604877214,0.24759463911241958,1.040171983967936
0.035359375,0.13886961,51914.512,0.13806788192663225,0.24955869071585177,1.040370981963928
0.035359375,0.13929988,51923.383,0.13806788192663225,0.2512666324353868,1.04054875751503
0.036501728,0.012700121,51976.547,0.14260241221490724,-0.2512666840384324,1.0416141683366733
0.036501732,0.013130382,51965.914,0.1426024280927674,-0.24955877804408255,1.0414010821643287
0.036501732,0.013625182,51954.031,0.1426024280927674,-0.247594686746,1.0411629458917837
0.036501732,0.014194202,51940.738,0.1426024280927674,-0.24533598175320506,1.0408965531062124
0.036501732,0.014848575,51926.027,0.1426024280927674,-0.24273847101149093,1.040601743486974
0.036501732,0.015601104,51909.762,0.1426024280927674,-0.23975133346004643,1.0402757915831664
0.036501732,0.016466513,51891.855,0.1426024280927674,-0.23631612269573293,1.0399169338677354
0.036501732,0.017461732,51872.324,0.1426024280927674,-0.23236563567555024,1.0395255310621243
0.036501732,0.018606234,51851.074,0.1426024280927674,-0.22782257500692038,1.0390996793587175
0.036501732,0.019922413,51828.117,0.1426024280927674,-0.2225980484899055,1.038639619238477
0.036501732,0.021436017,51803.363,0.1426024280927674,-0.21658985033884867,1.0381435470941884
0.036501732,0.023176663,51776.699,0.1426024280927674,-0.20968041690788228,1.0376091983967937
0.036501732,0.025178403,51747.781,0.1426024280927674,-0.20173457997371952,1.0370296793587175
0.036501732,0.027379805,51717.691,0.1426024280927674,-0.19299619171223714,1.0364266733466934
0.036501732,0.029641211,51687.863,0.1426024280927674,-0.18401961967094446,1.0358289178356712
0.036501732,0.031902611,51658.668,0.1426024280927674,-0.17504307144644196,1.0352438476953907
0.036501732,0.034164019,51629.953,0.1426024280927674,-0.1660664914662192,1.0346683967935872
0.036501732,0.036425423,51601.598,0.1426024280927674,-0.15708992736385657,1.0341001603206412
0.036501732,0.038686827,51573.453,0.1426024280927674,-0.14811336326149394,1.0335361322645291
0.036501732,0.040948234,51545.613,0.1426024280927674,-0.1391367872507362,1.0329782164328656
0.036501732,0.043209635,51518.375,0.1426024280927674,-0.13016023505676866,1.0324323647294589
0.036501732,0.045471042,51491.793,0.1426024280927674,-0.12118365904601092,1.0318996593186371
0.036501732,0.047732443,51466.352,0.1426024280927674,-0.1122071068520434,1.0313898196392786
0.036501732,0.04999385,51442.453,0.1426024280927674,-0.10323053084128567,1.030910881763527
0.036501732,0.052255251,51420.324,0.1426024280927674,-0.09425397864731812,1.0304674148296593
0.036501735,0.054516658,51400.23,0.14260244000116248,-0.08527740263656039,1.0300647294589178
0.036501735,0.056778062,51382.414,0.14260244000116248,-0.07630083853419778,1.0297076953907816
0.036501735,0.059039466,51366.875,0.14260244000116248,-0.06732427443183514,1.0293962925851703
0.036501735,0.061300874,51353.633,0.14260244000116248,-0.05834769445161238,1.0291309218436875
0.036501735,0.063562274,51342.48,0.14260244000116248,-0.04937114622710986,1.0289074148296593
0.036501735,0.065823682,51333.527,0.14260244000116248,-0.04039456624688713,1.028727995991984
0.036501735,0.068085089,51326.469,0.14260244000116248,-0.03141799023612937,1.0285865531062124
0.036501735,0.07034649,51321.297,0.14260244000116248,-0.02244143804216185,1.0284829058116232
0.036501735,0.07260789,51317.707,0.14260244000116248,-0.013464889817659361,1.0284109619238477
0.036501735,0.074869297,51315.836,0.14260244000116248,-0.004488313806901604,1.0283734669338678
0.036501735,0.077130705,51315.371,0.14260244000116248,0.004488266173321129,1.028364148296593
0.036501735,0.079392105,51316.605,0.14260244000116248,0.013464814397823674,1.028388877755511
0.036501735,0.081653506,51319.301,0.14260244000116248,0.022441366591791193,1.0284429058116233
0.036501735,0.083914913,51323.797,0.14260244000116248,0.0314179426025489,1.0285330060120241
0.036501735,0.086176321,51330.426,0.14260244000116248,0.04039452258277169,1.0286658517034069
0.036501735,0.088437721,51339.031,0.14260244000116248,0.049371070807274174,1.0288382965931864
0.036501735,0.090699129,51349.965,0.14260244000116248,0.058347650787496964,1.0290574148296592
0.036501735,0.092960536,51363.324,0.14260244000116248,0.06732422679825467,1.029325130260521
0.036501735,0.095221937,51379.203,0.14260244000116248,0.07630077899222223,1.0296433466933868
0.036501735,0.097483337,51397.469,0.14260244000116248,0.08527732721672474,1.0300093987975951
0.036501739,0.099744752,51418.164,0.14260245587902262,0.09425393498320273,1.030424128256513
0.036501739,0.10200615,51440.848,0.14260245587902262,0.10323047526877516,1.0308787174348697
0.036501739,0.10426755,51465.469,0.14260245587902262,0.11220702349327764,1.031372124248497
0.036501739,0.10652896,51491.535,0.14260245587902262,0.1211836114124305,1.031894488977956
0.036501739,0.10879037,51518.852,0.14260245587902262,0.1301601993315833,1.0324419238476954
0.036501739,0.11105177,51546.848,0.14260245587902262,0.1391367475560858,1.0330029659318636
0.036501743,0.11331317,51575.09,0.14260247175688276,0.14811329578058832,1.0335689378757513
0.036501743,0.11557458,51603.559,0.14260247175688276,0.1570898836997411,1.0341394589178357
0.036501743,0.11783598,51632.074,0.14260247175688276,0.16606643192424367,1.0347109018036071
0.036501743,0.12009738,51660.59,0.14260247175688276,0.17504298014874617,1.035282364729459
0.036501743,0.12235879,51689.223,0.14260247175688276,0.18401956806789896,1.0358561723446893
0.036501743,0.1246202,51718.094,0.14260247175688276,0.1929961559870518,1.0364347494989978
0.036501743,0.12682161,51746.82,0.14260247175688276,0.20173457600425446,1.0370104208416833
0.036501743,0.12882334,51774.004,0.14260247175688276,0.2096803732437669,1.0375551903807616
0.036501743,0.13056397,51798.879,0.14260247175688276,0.21658974316329274,1.0380536873747495
0.036501743,0.13207759,51821.75,0.14260247175688276,0.22259800482579004,1.0385120240480963
0.036501743,0.13339376,51842.898,0.14260247175688276,0.22782249561761966,1.0389358316633266
0.036501743,0.13453826,51862.445,0.14260247175688276,0.23236554834731943,1.0393275551102203
0.036501743,0.13553348,51880.387,0.14260247175688276,0.23631603933696724,1.039687114228457
0.036501743,0.1363989,51896.852,0.14260247175688276,0.23975129376539597,1.0400170741482966
0.036501743,0.13715142,51911.871,0.14260247175688276,0.24273839559165525,1.0403180561122245
0.036501743,0.13780579,51925.406,0.14260247175688276,0.24533589442497436,1.0405892985971945
0.036501743,0.13837482,51937.66,0.14260247175688276,0.24759463911241958,1.040834869739479
0.036501743,0.13886961,51948.629,0.14260247175688276,0.24955869071585177,1.0410546893787576
0.036501743,0.13929988,51958.414,0.14260247175688276,0.2512666324353868,1.0412507815631262
0.037486162,0.012700121,52011.309,0.14651008855471442,-0.2512666840384324,1.0423108016032063
0.037486162,0.013130382,51999.789,0.14651008855471442,-0.24955877804408255,1.0420799398797596
0.037486162,0.013625182,51986.895,0.14651008855471442,-0.247594686746,1.0418215430861724
0.037486162,0.014194202,51972.453,0.14651008855471442,-0.24533598175320506,1.041532124248497
0.037486162,0.014848575,51956.441,0.14651008855471442,-0.24273847101149093,1.04121124248497
0.037486162,0.015601104,51938.703,0.14651008855471442,-0.23975133346004643,1.0408557715430862
0.037486162,0.016466513,51919.203,0.14651008855471442,-0.23631612269573293,1.0404649899799598
0.037486162,0.017461732,51897.938,0.14651008855471442,-0.23236563567555024,1.0400388376753507
0.037486162,0.018606234,51874.863,0.14651008855471442,-0.22782257500692038,1.0395764128256513
0.037486166,0.019922413,51849.898,0.14651010443257456,-0.2225980484899055,1.039076112224449
0.037486166,0.021436017,51822.957,0.14651010443257456,-0.21658985033884867,1.0385362124248498
0.037486166,0.023176663,51793.969,0.14651010443257456,-0.20968041690788228,1.0379552905811622
0.037486166,0.025178403,51762.562,0.14651010443257456,-0.20173457997371952,1.037325891783567
0.037486166,0.027379805,51729.898,0.14651010443257456,-0.19299619171223714,1.0366713026052103
0.037486166,0.029641211,51697.59,0.14651010443257456,-0.18401961967094446,1.0360238476953907
0.037486166,0.031902611,51666.129,0.14651010443257456,-0.17504307144644196,1.035393366733467
0.037486166,0.034164019,51635.281,0.14651010443257456,-0.1660664914662192,1.0347751703406813
0.037486166,0.036425423,51604.996,0.14651010443257456,-0.15708992736385657,1.0341682565130261
0.037486166,0.038686827,51575.168,0.14651010443257456,-0.14811336326149394,1.033570501002004
0.037486166,0.040948234,51545.84,0.14651010443257456,-0.1391367872507362,1.0329827655310622
0.037486166,0.043209635,51517.391,0.14651010443257456,-0.13016023505676866,1.0324126452905813
0.037486166,0.045471042,51489.859,0.14651010443257456,-0.12118365904601092,1.0318609018036071
0.037486166,0.047732443,51463.859,0.14651010443257456,-0.1122071068520434,1.0313398597194388
0.037486166,0.04999385,51439.668,0.14651010443257456,-0.10323053084128567,1.0308550701402805
0.037486166,0.052255251,51417.457,0.14651010443257456,-0.09425397864731812,1.0304099599198397
0.037486166,0.054516658,51397.402,0.14651010443257456,-0.08527740263656039,1.0300080561122245
0.037486166,0.056778062,51379.805,0.14651010443257456,-0.07630083853419778,1.0296554108216434
0.037486166,0.059039466,51364.523,0.14651010443257456,-0.06732427443183514,1.0293491583166332
0.037486166,0.061300874,51351.59,0.14651010443257456,-0.05834769445161238,1.0290899799599198
0.037486166,0.063562274,51340.836,0.14651010443257456,-0.04937114622710986,1.0288744689378757
0.037486166,0.065823682,51332.246,0.14651010443257456,-0.04039456624688713,1.0287023246492986
0.037486169,0.068085089,51325.379,0.14651011634096964,-0.03141799023612937,1.0285647094188377
0.037486169,0.07034649,51320.309,0.14651011634096964,-0.02244143804216185,1.028463106212425
0.037486169,0.07260789,51316.863,0.14651011634096964,-0.013464889817659361,1.0283940480961924
0.037486169,0.074869297,51315.035,0.14651011634096964,-0.004488313806901604,1.0283574148296595
0.037486169,0.077130705,51314.547,0.14651011634096964,0.004488266173321129,1.028347635270541
0.037486169,0.079392105,51315.652,0.14651011634096964,0.013464814397823674,1.0283697795591182
0.037486169,0.081653506,51318.309,0.14651011634096964,0.022441366591791193,1.0284230260521043
0.037486169,0.083914913,51322.664,0.14651011634096964,0.0314179426025489,1.0285103006012024
0.037486169,0.086176321,51329.027,0.14651011634096964,0.04039452258277169,1.0286378156312626
0.037486169,0.088437721,51337.312,0.14651011634096964,0.049371070807274174,1.0288038476953907
0.037486169,0.090699129,51347.883,0.14651011634096964,0.058347650787496964,1.0290156913827655
0.037486169,0.092960536,51360.855,0.14651011634096964,0.06732422679825467,1.0292756513026053
0.037486169,0.095221937,51376.406,0.14651011634096964,0.07630077899222223,1.0295872945891784
0.037486169,0.097483337,51394.445,0.14651011634096964,0.08527732721672474,1.0299487975951904
0.037486169,0.099744752,51414.973,0.14651011634096964,0.09425393498320273,1.0303601803607214
0.037486173,0.10200615,51437.707,0.14651013221882977,0.10323047526877516,1.0308157715430861
0.037486173,0.10426755,51462.613,0.14651013221882977,0.11220702349327764,1.031314889779559
0.037486173,0.10652896,51489.227,0.14651013221882977,0.1211836114124305,1.0318482364729458
0.037486173,0.10879037,51517.477,0.14651013221882977,0.1301601993315833,1.032414368737475
0.037486173,0.11105177,51546.648,0.14651013221882977,0.1391367475560858,1.0329989579158316
0.037486173,0.11331317,51576.301,0.14651013221882977,0.14811329578058832,1.0335932064128257
0.037486173,0.11557458,51606.492,0.14651013221882977,0.1570898836997411,1.0341982364729458
0.037486173,0.11783598,51636.977,0.14651013221882977,0.16606643192424367,1.0348091583166332
0.037486173,0.12009738,51667.566,0.14651013221882977,0.17504298014874617,1.0354221643286572
0.037486173,0.12235879,51698.465,0.14651013221882977,0.18401956806789896,1.036041382765531
0.037486173,0.1246202,51729.734,0.14651013221882977,0.1929961559870518,1.036668016032064
0.037486173,0.12682161,51760.898,0.14651013221882977,0.20173457600425446,1.0372925450901804
0.037486173,0.12882334,51790.594,0.14651013221882977,0.2096803732437669,1.037887655310621
0.037486173,0.13056397,51817.688,0.14651013221882977,0.21658974316329274,1.038430621242485
0.037486173,0.13207759,51842.59,0.14651013221882977,0.22259800482579004,1.0389296593186372
0.037486173,0.13339376,51865.684,0.14651013221882977,0.22782249561761966,1.0393924649298598
0.037486173,0.13453826,51886.977,0.14651013221882977,0.23236554834731943,1.0398191783567134
0.037486173,0.13553348,51906.574,0.14651013221882977,0.23631603933696724,1.0402119038076152
0.037486173,0.1363989,51924.512,0.14651013221882977,0.23975129376539597,1.0405713827655312
0.037486173,0.13715142,51940.844,0.14651013221882977,0.24273839559165525,1.0408986773547093
0.037486173,0.13780579,51955.637,0.14651013221882977,0.24533589442497436,1.0411951302605211
0.037486173,0.13837482,51968.949,0.14651013221882977,0.24759463911241958,1.0414619038076152
0.037486173,0.13886961,51980.879,0.14651013221882977,0.24955869071585177,1.0417009819639278
0.037486173,0.13929988,51991.52,0.14651013221882977,0.2512666324353868,1.0419142284569138
0.038327657,0.012700121,52043.262,0.14985037353224062,-0.2512666840384324,1.0429511422845692
0.038327657,0.013130382,52030.953,0.14985037353224062,-0.24955877804408255,1.0427044689378757
0.038327657,0.013625182,52017.105,0.14985037353224062,-0.247594686746,1.0424269539078157
0.038327657,0.014194202,52001.613,0.14985037353224062,-0.24533598175320506,1.0421164929859719
0.038327657,0.014848575,51984.379,0.14985037353224062,-0.24273847101149093,1.041771122244489
0.038327657,0.015601104,51965.324,0.14985037353224062,-0.23975133346004643,1.0413892585170341
0.038327657,0.016466513,51944.309,0.14985037353224062,-0.23631612269573293,1.0409681162324649
0.038327657,0.017461732,51921.395,0.14985037353224062,-0.23236563567555024,1.0405089178356712
0.038327657,0.018606234,51896.441,0.14985037353224062,-0.22782257500692038,1.0400088376753507
0.038327657,0.019922413,51869.426,0.14985037353224062,-0.2225980484899055,1.0394674549098197
0.038327657,0.021436017,51840.398,0.14985037353224062,-0.21658985033884867,1.0388857314629258
0.038327657,0.023176663,51809.176,0.14985037353224062,-0.20968041690788228,1.0382600400801603
0.038327657,0.025178403,51775.461,0.14985037353224062,-0.20173457997371952,1.037584388777555
0.038327657,0.027379805,51740.438,0.14985037353224062,-0.19299619171223714,1.0368825250501001
0.038327657,0.029641211,51705.906,0.14985037353224062,-0.18401961967094446,1.036190501002004
0.038327657,0.031902611,51672.359,0.14985037353224062,-0.17504307144644196,1.0355182164328656
0.038327657,0.034164019,51639.648,0.14985037353224062,-0.1660664914662192,1.0348626853707414
0.038327657,0.036425423,51607.59,0.14985037353224062,-0.15708992736385657,1.034220240480962
0.038327657,0.038686827,51576.285,0.14985037353224062,-0.14811336326149394,1.033592885771543
0.038327657,0.040948234,51545.711,0.14985037353224062,-0.1391367872507362,1.0329801803607215
0.038327657,0.043209635,51516.324,0.14985037353224062,-0.13016023505676866,1.0323912625250502
0.038327657,0.045471042,51488.18,0.14985037353224062,-0.12118365904601092,1.0318272545090181
0.038327664,0.047732443,51461.785,0.14985040131849584,-0.1122071068520434,1.0312982965931865
0.038327664,0.04999385,51437.434,0.14985040131849584,-0.10323053084128567,1.0308103006012024
0.038327664,0.052255251,51415.238,0.14985040131849584,-0.09425397864731812,1.030365490981964
0.038327664,0.054516658,51395.344,0.14985040131849584,-0.08527740263656039,1.0299668136272544
0.038327664,0.056778062,51377.926,0.14985040131849584,-0.07630083853419778,1.029617755511022
0.038327664,0.059039466,51362.848,0.14985040131849584,-0.06732427443183514,1.0293155911823646
0.038327664,0.061300874,51350.199,0.14985040131849584,-0.05834769445161238,1.029062104208417
0.038327664,0.063562274,51339.57,0.14985040131849584,-0.04937114622710986,1.0288490981963927
0.038327664,0.065823682,51331.176,0.14985040131849584,-0.04039456624688713,1.0286808817635271
0.038327664,0.068085089,51324.438,0.14985040131849584,-0.03141799023612937,1.028545851703407
0.038327664,0.07034649,51319.484,0.14985040131849584,-0.02244143804216185,1.0284465731462926
0.038327664,0.07260789,51316.098,0.14985040131849584,-0.013464889817659361,1.0283787174348697
0.038327664,0.074869297,51314.273,0.14985040131849584,-0.004488313806901604,1.0283421442885772
0.038327664,0.077130705,51313.793,0.14985040131849584,0.004488266173321129,1.0283325250501
0.038327664,0.079392105,51314.809,0.14985040131849584,0.013464814397823674,1.0283528857715432
0.038327664,0.081653506,51317.348,0.14985040131849584,0.022441366591791193,1.0284037675350701
0.038327664,0.083914913,51321.602,0.14985040131849584,0.0314179426025489,1.0284890180360722
0.038327664,0.086176321,51327.699,0.14985040131849584,0.04039452258277169,1.0286112024048095
0.038327664,0.088437721,51335.82,0.14985040131849584,0.049371070807274174,1.0287739478957916
0.038327664,0.090699129,51346.148,0.14985040131849584,0.058347650787496964,1.0289809218436874
0.038327664,0.092960536,51358.875,0.14985040131849584,0.06732422679825467,1.0292359719438877
0.038327664,0.095221937,51374.125,0.14985040131849584,0.07630077899222223,1.0295415831663326
0.038327664,0.097483337,51391.961,0.14985040131849584,0.08527732721672474,1.0298990180360723
0.038327664,0.099744752,51412.5,0.14985040131849584,0.09425393498320273,1.030310621242485
0.038327664,0.10200615,51435.277,0.14985040131849584,0.10323047526877516,1.0307670741482966
0.038327664,0.10426755,51460.336,0.14985040131849584,0.11220702349327764,1.0312692585170342
0.038327664,0.10652896,51487.344,0.14985040131849584,0.1211836114124305,1.031810501002004
0.038327664,0.10879037,51516.219,0.14985040131849584,0.1301601993315833,1.0323891583166331
0.038327664,0.11105177,51546.297,0.14985040131849584,0.1391367475560858,1.0329919238476954
0.038327664,0.11331317,51577.191,0.14985040131849584,0.14811329578058832,1.0336110420841682
0.038327664,0.11557458,51608.777,0.14985040131849584,0.1570898836997411,1.0342440280561123
0.038327664,0.11783598,51640.98,0.14985040131849584,0.16606643192424367,1.034889378757515
0.038327664,0.12009738,51673.449,0.14985040131849584,0.17504298014874617,1.0355400601202405
0.038327664,0.12235879,51706.34,0.14985040131849584,0.18401956806789896,1.0361991983967935
0.038327664,0.1246202,51739.785,0.14985040131849584,0.1929961559870518,1.0368694388777555
0.038327664,0.12682161,51773.277,0.14985040131849584,0.20173457600425446,1.037540621242485
0.038327664,0.12882334,51805.207,0.14985040131849584,0.2096803732437669,1.038180501002004
0.038327664,0.13056397,51834.434,0.14985040131849584,0.21658974316329274,1.0387662124248498
0.038327664,0.13207759,51861.359,0.14985040131849584,0.22259800482579004,1.0393057915831663
0.038327664,0.13339376,51886.316,0.14985040131849584,0.22782249561761966,1.0398059318637274
0.038327664,0.13453826,51909.328,0.14985040131849584,0.23236554834731943,1.0402670941883767
0.038327664,0.13553348,51930.488,0.14985040131849584,0.23631603933696724,1.040691142284569
0.038327664,0.1363989,51949.836,0.14985040131849584,0.23975129376539597,1.0410788777555111
0.038327664,0.13715142,51967.422,0.14985040131849584,0.24273839559165525,1.0414313026052104
0.038327664,0.13780579,51983.332,0.14985040131849584,0.24533589442497436,1.0417501402805611
0.038327664,0.13837482,51997.629,0.14985040131849584,0.24759463911241958,1.0420366533066132
0.038327664,0.13886961,52010.445,0.14985040131849584,0.24955869071585177,1.042293486973948
0.038327664,0.13929988,52021.875,0.14985040131849584,0.2512666324353868,1.0425225450901803
0.039042003,0.012700121,52071.93,0.15268594500034907,-0.2512666840384324,1.0435256513026052
0.039042003,0.013130382,52058.816,0.15268594500034907,-0.24955877804408255,1.0432628456913828
0.039042003,0.013625182,52044.117,0.15268594500034907,-0.247594686746,1.042968276553106
0.039042003,0.014194202,52027.656,0.15268594500034907,-0.24533598175320506,1.0426383967935873
0.039042003,0.014848575,52009.328,0.15268594500034907,-0.24273847101149093,1.0422711022044089
0.039042003,0.015601104,51989.062,0.15268594500034907,-0.23975133346004643,1.0418649699398796
0.039042003,0.016466513,51966.723,0.15268594500034907,-0.23631612269573293,1.0414172945891784
0.039042003,0.017461732,51942.309,0.15268594500034907,-0.23236563567555024,1.0409280360721442
0.039042003,0.018606234,51915.754,0.15268594500034907,-0.22782257500692038,1.040395871743487
0.039042003,0.019922413,51887.07,0.15268594500034907,-0.2225980484899055,1.0398210420841683
0.039042003,0.021436017,51856.145,0.15268594500034907,-0.21658985033884867,1.0392013026052103
0.039042003,0.023176663,51822.852,0.15268594500034907,-0.20968041690788228,1.0385341082164328
0.039042003,0.025178403,51786.895,0.15268594500034907,-0.20173457997371952,1.0378135270541082
0.039042003,0.027379805,51749.695,0.15268594500034907,-0.19299619171223714,1.0370680360721443
0.039042003,0.029641211,51713.121,0.15268594500034907,-0.18401961967094446,1.0363350901803607
0.039042003,0.031902611,51677.715,0.15268594500034907,-0.17504307144644196,1.0356255511022043
0.039042003,0.034164019,51643.305,0.15268594500034907,-0.1660664914662192,1.0349359719438878
0.039042003,0.036425423,51609.809,0.15268594500034907,-0.15708992736385657,1.0342647094188377
0.039042003,0.038686827,51577.23,0.15268594500034907,-0.14811336326149394,1.0336118236472946
0.039042003,0.040948234,51545.684,0.15268594500034907,-0.1391367872507362,1.032979639278557
0.039042003,0.043209635,51515.586,0.15268594500034907,-0.13016023505676866,1.0323764729458917
0.039042003,0.045471042,51486.898,0.15268594500034907,-0.12118365904601092,1.0318015631262525
0.039042003,0.047732443,51460.152,0.15268594500034907,-0.1122071068520434,1.0312655711422847
0.039042003,0.04999385,51435.699,0.15268594500034907,-0.10323053084128567,1.0307755310621243
0.039042003,0.052255251,51413.43,0.15268594500034907,-0.09425397864731812,1.030329258517034
0.039042003,0.054516658,51393.59,0.15268594500034907,-0.08527740263656039,1.0299316633266533
0.039042003,0.056778062,51376.312,0.15268594500034907,-0.07630083853419778,1.0295854108216433
0.039042003,0.059039466,51361.453,0.15268594500034907,-0.06732427443183514,1.0292876352705411
0.039042003,0.061300874,51348.977,0.15268594500034907,-0.05834769445161238,1.029037615230461
0.039042003,0.063562274,51338.488,0.15268594500034907,-0.04937114622710986,1.0288274148296592
0.039042003,0.065823682,51330.207,0.15268594500034907,-0.04039456624688713,1.0286614629258517
0.039042003,0.068085089,51323.625,0.15268594500034907,-0.03141799023612937,1.0285295591182364
0.039042003,0.07034649,51318.777,0.15268594500034907,-0.02244143804216185,1.0284324048096192
0.039042003,0.07260789,51315.445,0.15268594500034907,-0.013464889817659361,1.0283656312625251
0.039042003,0.074869297,51313.617,0.15268594500034907,-0.004488313806901604,1.028328997995992
0.039042003,0.077130705,51313.113,0.15268594500034907,0.004488266173321129,1.028318897795591
0.039042003,0.079392105,51314.195,0.15268594500034907,0.013464814397823674,1.0283405811623247
0.039042003,0.081653506,51316.77,0.15268594500034907,0.022441366591791193,1.0283921843687374
0.039042003,0.083914913,51320.949,0.15268594500034907,0.0314179426025489,1.0284759318637275
0.039042003,0.086176321,51326.988,0.15268594500034907,0.04039452258277169,1.0285969539078157
0.039042003,0.088437721,51334.918,0.15268594500034907,0.049371070807274174,1.028755871743487
0.039042003,0.090699129,51345.051,0.15268594500034907,0.058347650787496964,1.0289589378757515
0.039042003,0.092960536,51357.566,0.15268594500034907,0.06732422679825467,1.0292097394789579
0.039042003,0.095221937,51372.609,0.15268594500034907,0.07630077899222223,1.0295112024048096
0.039042003,0.097483337,51390.211,0.15268594500034907,0.08527732721672474,1.0298639478957916
0.039042003,0.099744752,51410.52,0.15268594500034907,0.09425393498320273,1.0302709418837674
0.039042003,0.10200615,51433.211,0.15268594500034907,0.10323047526877516,1.0307256713426853
0.039042003,0.10426755,51458.332,0.15268594500034907,0.11220702349327764,1.0312290981963927
0.039042003,0.10652896,51485.668,0.15268594500034907,0.1211836114124305,1.0317769138276554
0.039042003,0.10879037,51515.035,0.15268594500034907,0.1301601993315833,1.0323654308617236
0.039042003,0.11105177,51545.871,0.15268594500034907,0.1391367475560858,1.0329833867735472
0.039042003,0.11331317,51577.789,0.15268594500034907,0.14811329578058832,1.0336230260521042
0.039042003,0.11557458,51610.629,0.15268594500034907,0.1570898836997411,1.0342811422845692
0.039042007,0.11783598,51644.242,0.15268596087820918,0.16606643192424367,1.034954749498998
0.039042007,0.12009738,51678.332,0.15268596087820918,0.17504298014874617,1.0356379158316633
0.039042007,0.12235879,51713.043,0.15268596087820918,0.18401956806789896,1.036333527054108
0.039042007,0.1246202,51748.492,0.15268596087820918,0.1929961559870518,1.0370439278557113
0.039042007,0.12682161,51784.027,0.15268596087820918,0.20173457600425446,1.0377560521042084
0.039042007,0.12882334,51818.043,0.15268596087820918,0.2096803732437669,1.0384377354709418
0.039042007,0.13056397,51849.246,0.15268596087820918,0.21658974316329274,1.0390630460921844
0.039042007,0.13207759,51877.988,0.15268596087820918,0.22259800482579004,1.0396390380761522
0.039042007,0.13339376,51904.672,0.15268596087820918,0.22782249561761966,1.0401737875751502
0.039042007,0.13453826,51929.242,0.15268596087820918,0.23236554834731943,1.0406661723446893
0.039042007,0.13553348,51951.859,0.15268596087820918,0.23631603933696724,1.0411194188376753
0.039042007,0.1363989,51972.48,0.15268596087820918,0.23975129376539597,1.0415326653306614
0.039042007,0.13715142,51991.277,0.15268596087820918,0.24273839559165525,1.0419093587174348
0.039042007,0.13780579,52008.215,0.15268596087820918,0.24533589442497436,1.0422487975951904
0.039042007,0.13837482,52023.469,0.15268596087820918,0.24759463911241958,1.0425544889779559
0.039042007,0.13886961,52037.16,0.15268596087820918,0.24955869071585177,1.042828857715431
0.039042007,0.13929988,52049.293,0.15268596087820918,0.2512666324353868,1.043072004008016
0.039644849,0.012700121,52097.465,0.15507892111733343,-0.2512666840384324,1.0440373747494989
0.039644849,0.013130382,52083.688,0.15507892111733343,-0.24955877804408255,1.0437612825651303
0.039644849,0.013625182,52068.188,0.15507892111733343,-0.247594686746,1.0434506613226453
0.039644849,0.014194202,52050.852,0.15507892111733343,-0.24533598175320506,1.043103246492986
0.039644849,0.014848575,52031.562,0.15507892111733343,-0.24273847101149093,1.0427166733466933
0.039644849,0.015601104,52010.199,0.15507892111733343,-0.23975133346004643,1.0422885571142284
0.039644849,0.016466513,51986.684,0.15507892111733343,-0.23631612269573293,1.0418173146292586
0.039644849,0.017461732,51960.934,0.15507892111733343,-0.23236563567555024,1.0413012825651302
0.039644849,0.018606234,51932.902,0.15507892111733343,-0.22782257500692038,1.0407395190380762
0.039644849,0.019922413,51902.562,0.15507892111733343,-0.2225980484899055,1.040131503006012
0.039644849,0.021436017,51869.875,0.15507892111733343,-0.21658985033884867,1.0394764529058116
0.039644849,0.023176663,51834.785,0.15507892111733343,-0.20968041690788228,1.038773246492986
0.039644849,0.025178403,51796.914,0.15507892111733343,-0.20173457997371952,1.0380143086172344
0.039644849,0.027379805,51757.805,0.15507892111733343,-0.19299619171223714,1.0372305611222445
0.039644849,0.029641211,51719.441,0.15507892111733343,-0.18401961967094446,1.0364617434869738
0.039644849,0.031902611,51682.426,0.15507892111733343,-0.17504307144644196,1.0357199599198397
0.039644849,0.034164019,51646.539,0.15507892111733343,-0.1660664914662192,1.0350007815631261
0.039644849,0.036425423,51611.727,0.15507892111733343,-0.15708992736385657,1.0343031462925851
0.039644849,0.038686827,51578.004,0.15507892111733343,-0.14811336326149394,1.0336273346693388
0.039644849,0.040948234,51545.648,0.15507892111733343,-0.1391367872507362,1.0329789178356714
0.039644849,0.043209635,51514.914,0.15507892111733343,-0.13016023505676866,1.032363006012024
0.039644849,0.045471042,51485.766,0.15507892111733343,-0.12118365904601092,1.031778877755511
0.039644849,0.047732443,51458.793,0.15507892111733343,-0.1122071068520434,1.0312383366733466
0.039644849,0.04999385,51434.168,0.15507892111733343,-0.10323053084128567,1.0307448496993987
0.039644849,0.052255251,51411.902,0.15507892111733343,-0.09425397864731812,1.030298637274549
0.039644849,0.054516658,51392.195,0.15507892111733343,-0.08527740263656039,1.0299037074148296
0.039644849,0.056778062,51375.141,0.15507892111733343,-0.07630083853419778,1.0295619438877757
0.039644849,0.059039466,51360.422,0.15507892111733343,-0.06732427443183514,1.0292669739478957
0.039644849,0.061300874,51348.094,0.15507892111733343,-0.05834769445161238,1.0290199198396792
0.039644849,0.063562274,51337.871,0.15507892111733343,-0.04937114622710986,1.0288150501002005
0.039644849,0.065823682,51329.672,0.15507892111733343,-0.04039456624688713,1.028650741482966
0.039644849,0.068085089,51323.219,0.15507892111733343,-0.03141799023612937,1.0285214228456914
0.039644849,0.07034649,51318.43,0.15507892111733343,-0.02244143804216185,1.0284254509018036
0.039644849,0.07260789,51315.137,0.15507892111733343,-0.013464889817659361,1.0283594589178358
0.039644849,0.074869297,51313.293,0.15507892111733343,-0.004488313806901604,1.02832250501002
0.039644849,0.077130705,51312.82,0.15507892111733343,0.004488266173321129,1.0283130260521043
0.039644849,0.079392105,51313.883,0.15507892111733343,0.013464814397823674,1.0283343286573146
0.039644849,0.081653506,51316.379,0.15507892111733343,0.022441366591791193,1.0283843486973947
0.039644849,0.083914913,51320.457,0.15507892111733343,0.0314179426025489,1.0284660721442886
0.039644849,0.086176321,51326.406,0.15507892111733343,0.04039452258277169,1.0285852905811623
0.039644849,0.088437721,51334.223,0.15507892111733343,0.049371070807274174,1.0287419438877756
0.039644849,0.090699129,51344.191,0.15507892111733343,0.058347650787496964,1.0289417034068136
0.039644849,0.092960536,51356.562,0.15507892111733343,0.06732422679825467,1.0291896192384768
0.039644849,0.095221937,51371.41,0.15507892111733343,0.07630077899222223,1.0294871743486975
0.039644849,0.097483337,51388.84,0.15507892111733343,0.08527732721672474,1.0298364729458918
0.039644849,0.099744752,51409.02,0.15507892111733343,0.09425393498320273,1.030240881763527
0.039644849,0.10200615,51431.633,0.15507892111733343,0.10323047526877516,1.0306940480961924
0.039644849,0.10426755,51456.957,0.15507892111733343,0.11220702349327764,1.0312015430861723
0.039644849,0.10652896,51484.52,0.15507892111733343,0.1211836114124305,1.0317539078156313
0.039644849,0.10879037,51514.277,0.15507892111733343,0.1301601993315833,1.032350240480962
0.039644849,0.11105177,51545.766,0.15507892111733343,0.1391367475560858,1.0329812825651303
0.039644849,0.11331317,51578.391,0.15507892111733343,0.14811329578058832,1.0336350901803608
0.039644849,0.11557458,51612.293,0.15507892111733343,0.1570898836997411,1.0343144889779559
0.039644852,0.11783598,51647.18,0.15507893302572853,0.16606643192424367,1.035013627254509
0.039644852,0.12009738,51682.68,0.15507893302572853,0.17504298014874617,1.0357250501002004
0.039644852,0.12235879,51718.949,0.15507893302572853,0.18401956806789896,1.0364518837675352
0.039644852,0.1246202,51756.094,0.15507893302572853,0.1929961559870518,1.03719627254509
0.039644852,0.12682161,51793.488,0.15507893302572853,0.20173457600425446,1.037945651302605
0.039644852,0.12882334,51829.242,0.15507893302572853,0.2096803732437669,1.0386621643286573
0.039644852,0.13056397,51862.176,0.15507893302572853,0.21658974316329274,1.0393221643286572
0.039644852,0.13207759,51892.617,0.15507893302572853,0.22259800482579004,1.0399322044088175
0.039644852,0.13339376,51920.828,0.15507893302572853,0.22782249561761966,1.0404975551102205
0.039644852,0.13453826,51946.812,0.15507893302572853,0.23236554834731943,1.0410182765531062
0.039644852,0.13553348,51970.73,0.15507893302572853,0.23631603933696724,1.0414975951903809
0.039644852,0.1363989,51992.539,0.15507893302572853,0.23975129376539597,1.041934649298597
0.039644852,0.13715142,52012.391,0.15507893302572853,0.24273839559165525,1.04233248496994
0.039644852,0.13780579,52030.312,0.15507893302572853,0.24533589442497436,1.042691623246493
0.039644852,0.13837482,52046.406,0.15507893302572853,0.24759463911241958,1.0430141482965933
0.039644852,0.13886961,52060.824,0.15507893302572853,0.24955869071585177,1.0433030861723447
0.039644852,0.13929988,52073.637,0.15507893302572853,0.2512666324353868,1.0435598597194389
0.040151075,0.012700121,52119.926,0.15708836752287736,-0.2512666840384324,1.04448749498998
0.040151075,0.013130382,52105.551,0.15708836752287736,-0.24955877804408255,1.0441994188376753
0.040151075,0.013625182,52089.398,0.15708836752287736,-0.247594686746,1.0438757114228456
0.040151075,0.014194202,52071.305,0.15708836752287736,-0.24533598175320506,1.043513126252505
0.040151075,0.014848575,52051.156,0.15708836752287736,-0.24273847101149093,1.0431093386773547
0.040151075,0.015601104,52028.801,0.15708836752287736,-0.23975133346004643,1.0426613426853708
0.040151075,0.016466513,52004.164,0.15708836752287736,-0.23631612269573293,1.0421676152304609
0.040151075,0.017461732,51977.176,0.15708836752287736,-0.23236563567555024,1.041626773547094
0.040151075,0.018606234,51947.863,0.15708836752287736,-0.22782257500692038,1.0410393386773547
0.040151075,0.019922413,51916.109,0.15708836752287736,-0.2225980484899055,1.040402985971944
0.040151075,0.021436017,51881.828,0.15708836752287736,-0.21658985033884867,1.039715991983968
0.040151075,0.023176663,51845.094,0.15708836752287736,-0.20968041690788228,1.0389798396793586
0.040151075,0.025178403,51805.523,0.15708836752287736,-0.20173457997371952,1.0381868336673348
0.040151075,0.027379805,51764.703,0.15708836752287736,-0.19299619171223714,1.0373687975951904
0.040151075,0.029641211,51724.773,0.15708836752287736,-0.18401961967094446,1.0365685971943888
0.040151075,0.031902611,51686.336,0.15708836752287736,-0.17504307144644196,1.0357983166332665
0.040151075,0.034164019,51649.246,0.15708836752287736,-0.1660664914662192,1.0350550300601202
0.040151075,0.036425423,51613.348,0.15708836752287736,-0.15708992736385657,1.034335631262525
0.040151075,0.038686827,51578.758,0.15708836752287736,-0.14811336326149394,1.0336424448897796
0.040151075,0.040948234,51545.668,0.15708836752287736,-0.1391367872507362,1.0329793186372744
0.040151075,0.043209635,51514.414,0.15708836752287736,-0.13016023505676866,1.0323529859719438
0.040151075,0.045471042,51484.914,0.15708836752287736,-0.12118365904601092,1.0317618036072145
0.040151075,0.047732443,51457.758,0.15708836752287736,-0.1122071068520434,1.0312175951903808
0.040151075,0.04999385,51433.039,0.15708836752287736,-0.10323053084128567,1.0307222244488978
0.040151075,0.052255251,51410.82,0.15708836752287736,-0.09425397864731812,1.0302769539078156
0.040151075,0.054516658,51391.18,0.15708836752287736,-0.08527740263656039,1.029883366733467
0.040151075,0.056778062,51374.188,0.15708836752287736,-0.07630083853419778,1.0295428456913829
0.040151075,0.059039466,51359.602,0.15708836752287736,-0.06732427443183514,1.0292505410821644
0.040151075,0.061300874,51347.406,0.15708836752287736,-0.05834769445161238,1.0290061322645292
0.040151075,0.063562274,51337.332,0.15708836752287736,-0.04937114622710986,1.028804248496994
0.040151075,0.065823682,51329.273,0.15708836752287736,-0.04039456624688713,1.028642745490982
0.040151075,0.068085089,51322.891,0.15708836752287736,-0.03141799023612937,1.0285148496993988
0.040151075,0.07034649,51318.16,0.15708836752287736,-0.02244143804216185,1.0284200400801604
0.040151075,0.07260789,51314.848,0.15708836752287736,-0.013464889817659361,1.0283536673346694
0.040151075,0.074869297,51313.012,0.15708836752287736,-0.004488313806901604,1.028316873747495
0.040151075,0.077130705,51312.539,0.15708836752287736,0.004488266173321129,1.028307394789579
0.040151075,0.079392105,51313.578,0.15708836752287736,0.013464814397823674,1.0283282164328658
0.040151075,0.081653506,51316.035,0.15708836752287736,0.022441366591791193,1.0283774549098197
0.040151075,0.083914913,51320.047,0.15708836752287736,0.0314179426025489,1.0284578557114228
0.040151075,0.086176321,51325.914,0.15708836752287736,0.04039452258277169,1.0285754308617234
0.040151075,0.088437721,51333.621,0.15708836752287736,0.049371070807274174,1.028729879759519
0.040151075,0.090699129,51343.492,0.15708836752287736,0.058347650787496964,1.0289276953907815
0.040151075,0.092960536,51355.645,0.15708836752287736,0.06732422679825467,1.02917124248497
0.040151075,0.095221937,51370.324,0.15708836752287736,0.07630077899222223,1.0294654108216432
0.040151075,0.097483337,51387.637,0.15708836752287736,0.08527732721672474,1.029812364729459
0.040151075,0.099744752,51407.715,0.15708836752287736,0.09425393498320273,1.0302147294589177
0.040151075,0.10200615,51430.293,0.15708836752287736,0.10323047526877516,1.0306671943887775
0.040151075,0.10426755,51455.609,0.15708836752287736,0.11220702349327764,1.0311745290581162
0.040151075,0.10652896,51483.328,0.15708836752287736,0.1211836114124305,1.0317300200400803
0.040151075,0.10879037,51513.449,0.15708836752287736,0.1301601993315833,1.0323336472945892
0.040151075,0.11105177,51545.414,0.15708836752287736,0.1391367475560858,1.0329742284569137
0.040151075,0.11331317,51578.73,0.15708836752287736,0.14811329578058832,1.0336418837675352
0.040151075,0.11557458,51613.496,0.15708836752287736,0.1570898836997411,1.0343385971943888
0.040151075,0.11783598,51649.422,0.15708836752287736,0.16606643192424367,1.0350585571142283
0.040151075,0.12009738,51686.125,0.15708836752287736,0.17504298014874617,1.0357940881763528
0.040151075,0.12235879,51723.758,0.15708836752287736,0.18401956806789896,1.0365482565130262
0.040151075,0.1246202,51762.441,0.15708836752287736,0.1929961559870518,1.0373234669338678
0.040151075,0.12682161,51801.504,0.15708836752287736,0.20173457600425446,1.0381062925851703
0.040151075,0.12882334,51839.051,0.15708836752287736,0.2096803732437669,1.0388587374749498
0.040151075,0.13056397,51873.586,0.15708836752287736,0.21658974316329274,1.0395508216432867
0.040151075,0.13207759,51905.48,0.15708836752287736,0.22259800482579004,1.04018997995992
0.040151075,0.13339376,51935.047,0.15708836752287736,0.22782249561761966,1.0407825050100201
0.040151075,0.13453826,51962.316,0.15708836752287736,0.23236554834731943,1.0413289779559118
0.040151075,0.13553348,51987.352,0.15708836752287736,0.23631603933696724,1.0418307014028056
0.040151075,0.1363989,52010.215,0.15708836752287736,0.23975129376539597,1.042288877755511
0.040151075,0.13715142,52030.973,0.15708836752287736,0.24273839559165525,1.042704869739479
0.040151075,0.13780579,52049.734,0.15708836752287736,0.24533589442497436,1.0430808416833666
0.040151075,0.13837482,52066.574,0.15708836752287736,0.24759463911241958,1.0434183166332665
0.040151075,0.13886961,52081.633,0.15708836752287736,0.24955869071585177,1.0437201002004008
0.040151075,0.13929988,52095.023,0.15708836752287736,0.2512666324353868,1.0439884368737475
0.040581737,0.012700121,52139.859,0.1587978652727052,-0.2512666840384324,1.0448869539078156
0.040581737,0.013130382,52124.988,0.1587978652727052,-0.24955877804408255,1.0445889378757514
0.040581737,0.013625182,52108.238,0.1587978652727052,-0.247594686746,1.0442532665330662
0.040581737,0.014194202,52089.445,0.1587978652727052,-0.24533598175320506,1.0438766533066133
0.040581737,0.014848575,52068.555,0.1587978652727052,-0.24273847101149093,1.0434580160320641
0.040581737,0.015601104,52045.34,0.1587978652727052,-0.23975133346004643,1.0429927855711423
0.040581737,0.016466513,52019.738,0.1587978652727052,-0.23631612269573293,1.0424797194388777
0.040581737,0.017461732,51991.711,0.1587978652727052,-0.23236563567555024,1.0419180561122245
0.040581737,0.018606234,51961.184,0.1587978652727052,-0.22782257500692038,1.0413062925851704
0.040581737,0.019922413,51928.137,0.1587978652727052,-0.2225980484899055,1.0406440280561122
0.040581737,0.021436017,51892.535,0.1587978652727052,-0.21658985033884867,1.0399305611222445
0.040581737,0.023176663,51854.352,0.1587978652727052,-0.20968041690788228,1.039165370741483
0.040581737,0.025178403,51813.238,0.1587978652727052,-0.20173457997371952,1.0383414428857716
0.040581737,0.027379805,51770.898,0.1587978652727052,-0.19299619171223714,1.0374929458917836
0.040581737,0.029641211,51729.578,0.1587978652727052,-0.18401961967094446,1.0366648897795592
0.040581737,0.031902611,51689.926,0.1587978652727052,-0.17504307144644196,1.0358702605210421
0.040581737,0.034164019,51651.75,0.1587978652727052,-0.1660664914662192,1.0351052104208416
0.040581737,0.036425423,51614.969,0.1587978652727052,-0.15708992736385657,1.034368116232465
0.040581737,0.038686827,51579.586,0.1587978652727052,-0.14811336326149394,1.0336590380761523
0.040581737,0.040948234,51545.91,0.1587978652727052,-0.1391367872507362,1.0329841683366734
0.040581737,0.043209635,51514.207,0.1587978652727052,-0.13016023505676866,1.0323488376753507
0.040581737,0.045471042,51484.441,0.1587978652727052,-0.12118365904601092,1.0317523246492986
0.040581737,0.047732443,51457.094,0.1587978652727052,-0.1122071068520434,1.0312042885771542
0.040581737,0.04999385,51432.363,0.1587978652727052,-0.10323053084128567,1.0307086773547094
0.040581737,0.052255251,51410.172,0.1587978652727052,-0.09425397864731812,1.0302639679358718
0.040581737,0.054516658,51390.605,0.1587978652727052,-0.08527740263656039,1.0298718436873748
0.040581737,0.056778062,51373.656,0.1587978652727052,-0.07630083853419778,1.0295321843687375
0.040581737,0.059039466,51359.215,0.1587978652727052,-0.06732427443183514,1.0292427855711421
0.040581737,0.061300874,51347.086,0.1587978652727052,-0.05834769445161238,1.0289997194388778
0.040581737,0.063562274,51337.016,0.1587978652727052,-0.04937114622710986,1.0287979158316634
0.040581737,0.065823682,51329.027,0.1587978652727052,-0.04039456624688713,1.0286378156312626
0.040581737,0.068085089,51322.707,0.1587978652727052,-0.03141799023612937,1.0285111623246495
0.040581737,0.07034649,51318.008,0.1587978652727052,-0.02244143804216185,1.028416993987976
0.040581737,0.07260789,51314.758,0.1587978652727052,-0.013464889817659361,1.028351863727455
0.040581737,0.074869297,51312.922,0.1587978652727052,-0.004488313806901604,1.0283150701402806
0.040581737,0.077130705,51312.426,0.1587978652727052,0.004488266173321129,1.028305130260521
0.040581737,0.079392105,51313.473,0.1587978652727052,0.013464814397823674,1.028326112224449
0.040581737,0.081653506,51315.914,0.1587978652727052,0.022441366591791193,1.0283750300601202
0.040581737,0.083914913,51319.895,0.1587978652727052,0.0314179426025489,1.0284548096192385
0.040581737,0.086176321,51325.715,0.1587978652727052,0.04039452258277169,1.0285714428857715
0.040581737,0.088437721,51333.336,0.1587978652727052,0.049371070807274174,1.0287241683366735
0.040581737,0.090699129,51343.094,0.1587978652727052,0.058347650787496964,1.0289197194388777
0.040581737,0.092960536,51355.164,0.1587978652727052,0.06732422679825467,1.0291616032064128
0.040581737,0.095221937,51369.73,0.1587978652727052,0.07630077899222223,1.029453507014028
0.040581737,0.097483337,51386.934,0.1587978652727052,0.08527732721672474,1.0297982765531062
0.040581737,0.099744752,51406.926,0.1587978652727052,0.09425393498320273,1.0301989178356714
0.040581737,0.10200615,51429.469,0.1587978652727052,0.10323047526877516,1.0306506813627254
0.040581737,0.10426755,51454.797,0.1587978652727052,0.11220702349327764,1.031158256513026
0.040581737,0.10652896,51482.652,0.1587978652727052,0.1211836114124305,1.0317164729458919
0.040581737,0.10879037,51513.043,0.1587978652727052,0.1301601993315833,1.032325511022044
0.040581737,0.11105177,51545.426,0.1587978652727052,0.1391367475560858,1.0329744689378757
0.040581737,0.11331317,51579.332,0.1587978652727052,0.14811329578058832,1.0336539478957916
0.040581737,0.11557458,51614.883,0.1587978652727052,0.1570898836997411,1.034366392785571
0.040581737,0.11783598,51651.684,0.1587978652727052,0.16606643192424367,1.0351038877755512
0.040581737,0.12009738,51689.406,0.1587978652727052,0.17504298014874617,1.0358598396793588
0.040581737,0.12235879,51728.234,0.1587978652727052,0.18401956806789896,1.0366379559118235
0.040581737,0.1246202,51768.262,0.1587978652727052,0.1929961559870518,1.037440120240481
0.040581737,0.12682161,51808.797,0.1587978652727052,0.20173457600425446,1.0382524448897796
0.040581737,0.12882334,51847.781,0.1587978652727052,0.2096803732437669,1.0390336873747497
0.040581737,0.13056397,51883.707,0.1587978652727052,0.21658974316329274,1.0397536472945892
0.040581737,0.13207759,51916.934,0.1587978652727052,0.22259800482579004,1.0404195190380763
0.040581737,0.13339376,51947.73,0.1587978652727052,0.22782249561761966,1.0410366733466934
0.040581737,0.13453826,51976.121,0.1587978652727052,0.23236554834731943,1.041605631262525
0.040581737,0.13553348,52002.184,0.1587978652727052,0.23631603933696724,1.0421279358717435
0.040581737,0.1363989,52025.965,0.1587978652727052,0.23975129376539597,1.042604509018036
0.040581737,0.13715142,52047.559,0.1587978652727052,0.24273839559165525,1.043037254509018
0.040581737,0.13780579,52067.027,0.1587978652727052,0.24533589442497436,1.0434273947895791
0.040581737,0.13837482,52084.512,0.1587978652727052,0.24759463911241958,1.0437777955911824
0.040581737,0.13886961,52100.129,0.1587978652727052,0.24955869071585177,1.0440907615230461
0.040581737,0.13929988,52114.0,0.1587978652727052,0.2512666324353868,1.04436873747495
0.041001536,0.012700121,52159.883,0.16046424272388496,-0.2512666840384324,1.0452882364729459
0.041001536,0.013130382,52144.469,0.16046424272388496,-0.24955877804408255,1.0449793386773547
0.041001536,0.013625182,52127.129,0.16046424272388496,-0.247594686746,1.0446318436873747
0.041001536,0.014194202,52107.695,0.16046424272388496,-0.24533598175320506,1.044242384769539
0.041001536,0.014848575,52085.996,0.16046424272388496,-0.24273847101149093,1.0438075350701403
0.041001536,0.015601104,52061.93,0.16046424272388496,-0.23975133346004643,1.043325250501002
0.041001536,0.016466513,52035.375,0.16046424272388496,-0.23631612269573293,1.0427930861723447
0.041001536,0.017461732,52006.258,0.16046424272388496,-0.23236563567555024,1.0422095791583166
0.041001536,0.018606234,51974.559,0.16046424272388496,-0.22782257500692038,1.0415743286573147
0.041001536,0.019922413,51940.227,0.16046424272388496,-0.2225980484899055,1.0408863126252506
0.041001536,0.021436017,51903.203,0.16046424272388496,-0.21658985033884867,1.040144348697395
0.041001536,0.023176663,51863.531,0.16046424272388496,-0.20968041690788228,1.0393493186372746
0.041001536,0.025178403,51820.898,0.16046424272388496,-0.20173457997371952,1.0384949498997995
0.041001536,0.027379805,51777.012,0.16046424272388496,-0.19299619171223714,1.0376154709418839
0.041001536,0.029641211,51734.273,0.16046424272388496,-0.18401961967094446,1.0367589779559119
0.041001536,0.031902611,51693.402,0.16046424272388496,-0.17504307144644196,1.0359399198396795
0.041001536,0.034164019,51654.172,0.16046424272388496,-0.1660664914662192,1.03515374749499
0.041001536,0.036425423,51616.48,0.16046424272388496,-0.15708992736385657,1.0343983967935872
0.041001536,0.038686827,51580.367,0.16046424272388496,-0.14811336326149394,1.0336746893787574
0.041001536,0.040948234,51546.074,0.16046424272388496,-0.1391367872507362,1.0329874549098197
0.041001536,0.043209635,51513.957,0.16046424272388496,-0.13016023505676866,1.0323438276553107
0.041001536,0.045471042,51483.926,0.16046424272388496,-0.12118365904601092,1.031742004008016
0.041001536,0.047732443,51456.457,0.16046424272388496,-0.1122071068520434,1.0311915230460922
0.041001536,0.04999385,51431.664,0.16046424272388496,-0.10323053084128567,1.0306946693386774
0.041001536,0.052255251,51409.5,0.16046424272388496,-0.09425397864731812,1.030250501002004
0.041001536,0.054516658,51389.969,0.16046424272388496,-0.08527740263656039,1.0298590981963927
0.041001536,0.056778062,51373.172,0.16046424272388496,-0.07630083853419778,1.0295224849699398
0.041001536,0.059039466,51358.82,0.16046424272388496,-0.06732427443183514,1.0292348697394789
0.041001536,0.061300874,51346.777,0.16046424272388496,-0.05834769445161238,1.0289935270541082
0.041001536,0.063562274,51336.816,0.16046424272388496,-0.04937114622710986,1.0287939078156312
0.041001536,0.065823682,51328.863,0.16046424272388496,-0.04039456624688713,1.0286345290581163
0.041001536,0.068085089,51322.543,0.16046424272388496,-0.03141799023612937,1.028507875751503
0.041001536,0.07034649,51317.891,0.16046424272388496,-0.02244143804216185,1.0284146492985973
0.041001536,0.07260789,51314.668,0.16046424272388496,-0.013464889817659361,1.0283500601202404
0.041001536,0.074869297,51312.848,0.16046424272388496,-0.004488313806901604,1.0283135871743487
0.041001536,0.077130705,51312.32,0.16046424272388496,0.004488266173321129,1.028303006012024
0.041001536,0.079392105,51313.359,0.16046424272388496,0.013464814397823674,1.0283238276553106
0.041001536,0.081653506,51315.82,0.16046424272388496,0.022441366591791193,1.0283731462925851
0.041001536,0.083914913,51319.762,0.16046424272388496,0.0314179426025489,1.0284521442885772
0.041001536,0.086176321,51325.547,0.16046424272388496,0.04039452258277169,1.0285680761523046
0.041001536,0.088437721,51333.094,0.16046424272388496,0.049371070807274174,1.0287193186372745
0.041001536,0.090699129,51342.746,0.16046424272388496,0.058347650787496964,1.0289127454909819
0.041001536,0.092960536,51354.719,0.16046424272388496,0.06732422679825467,1.0291526853707413
0.041001536,0.095221937,51369.18,0.16046424272388496,0.07630077899222223,1.02944248496994
0.041001536,0.097483337,51386.254,0.16046424272388496,0.08527732721672474,1.0297846492985971
0.041001536,0.099744752,51406.164,0.16046424272388496,0.09425393498320273,1.030183647294589
0.041001536,0.10200615,51428.68,0.16046424272388496,0.10323047526877516,1.030634869739479
0.041001536,0.10426755,51454.039,0.16046424272388496,0.11220702349327764,1.0311430661322645
0.041001536,0.10652896,51482.039,0.16046424272388496,0.1211836114124305,1.0317041883767535
0.041001536,0.10879037,51512.668,0.16046424272388496,0.1301601993315833,1.032317995991984
0.041001536,0.11105177,51545.434,0.16046424272388496,0.1391367475560858,1.0329746292585171
0.041001536,0.11331317,51579.922,0.16046424272388496,0.14811329578058832,1.0336657715430861
0.041001536,0.11557458,51616.176,0.16046424272388496,0.1570898836997411,1.0343923046092185
0.041001536,0.11783598,51653.824,0.16046424272388496,0.16606643192424367,1.0351467735470943
0.041001536,0.12009738,51692.602,0.16046424272388496,0.17504298014874617,1.035923887775551
0.041001536,0.12235879,51732.629,0.16046424272388496,0.18401956806789896,1.0367260320641283
0.041001536,0.1246202,51774.0,0.16046424272388496,0.1929961559870518,1.0375551102204408
0.041001536,0.12682161,51815.98,0.16046424272388496,0.20173457600425446,1.0383963927855713
0.041001536,0.12882334,51856.434,0.16046424272388496,0.2096803732437669,1.0392070941883769
0.041001536,0.13056397,51893.793,0.16046424272388496,0.21658974316329274,1.039955771543086
0.041001536,0.13207759,51928.363,0.16046424272388496,0.22259800482579004,1.0406485571142283
0.041001536,0.13339376,51960.387,0.16046424272388496,0.22782249561761966,1.0412903206412827
0.041001536,0.13453826,51989.914,0.16046424272388496,0.23236554834731943,1.0418820440881762
0.041001536,0.13553348,52017.012,0.16046424272388496,0.23631603933696724,1.0424250901803607
0.041001536,0.1363989,52041.75,0.16046424272388496,0.23975129376539597,1.0429208416833666
0.041001536,0.13715142,52064.168,0.16046424272388496,0.24273839559165525,1.0433701002004008
0.041001536,0.13780579,52084.383,0.16046424272388496,0.24533589442497436,1.0437752104208418
0.041001536,0.13837482,52102.484,0.16046424272388496,0.24759463911241958,1.0441379559118236
0.041001536,0.13886961,52118.691,0.16046424272388496,0.24955869071585177,1.0444627454909818
0.041001536,0.13929988,52133.055,0.16046424272388496,0.2512666324353868,1.0447506012024048
0.041463312,0.012700121,52182.75,0.1622972464087341,-0.2512666840384324,1.0457464929859719
0.041463312,0.013130382,52166.758,0.1622972464087341,-0.24955877804408255,1.0454260120240482
0.041463312,0.013625182,52148.711,0.1622972464087341,-0.247594686746,1.045064348697395
0.041463312,0.014194202,52128.527,0.1622972464087341,-0.24533598175320506,1.044659859719439
0.041463312,0.014848575,52105.949,0.1622972464087341,-0.24273847101149093,1.0442073947895791
0.041463312,0.015601104,52080.93,0.1622972464087341,-0.23975133346004643,1.043706012024048
0.041463312,0.016466513,52053.242,0.1622972464087341,-0.23631612269573293,1.0431511422845692
0.041463312,0.017461732,52022.895,0.1622972464087341,-0.23236563567555024,1.0425429859719437
0.041463312,0.018606234,51989.836,0.1622972464087341,-0.22782257500692038,1.041880480961924
0.041463312,0.019922413,51954.0,0.1622972464087341,-0.2225980484899055,1.0411623246492987
0.041463312,0.021436017,51915.43,0.1622972464087341,-0.21658985033884867,1.0403893787575151
0.041463312,0.023176663,51874.047,0.1622972464087341,-0.20968041690788228,1.0395600601202404
0.041463312,0.025178403,51829.645,0.1622972464087341,-0.20173457997371952,1.0386702404809618
0.041463312,0.027379805,51783.984,0.1622972464087341,-0.19299619171223714,1.0377551903807614
0.041463312,0.029641211,51739.703,0.1622972464087341,-0.18401961967094446,1.0368677955911825
0.041463312,0.031902611,51697.414,0.1622972464087341,-0.17504307144644196,1.0360203206412826
0.041463312,0.034164019,51656.988,0.1622972464087341,-0.1660664914662192,1.0352101803607214
0.041463312,0.036425423,51618.293,0.1622972464087341,-0.15708992736385657,1.0344347294589178
0.041463312,0.038686827,51581.352,0.1622972464087341,-0.14811336326149394,1.0336944288577155
0.041463312,0.040948234,51546.422,0.1622972464087341,-0.1391367872507362,1.0329944288577153
0.041463312,0.043209635,51513.824,0.1622972464087341,-0.13016023505676866,1.0323411623246492
0.041463312,0.045471042,51483.516,0.1622972464087341,-0.12118365904601092,1.0317337875751504
0.041463312,0.047732443,51455.875,0.1622972464087341,-0.1122071068520434,1.0311798597194388
0.041463312,0.04999385,51431.039,0.1622972464087341,-0.10323053084128567,1.0306821442885772
0.041463312,0.052255251,51408.91,0.1622972464087341,-0.09425397864731812,1.0302386773547094
0.041463312,0.054516658,51389.48,0.1622972464087341,-0.08527740263656039,1.0298492985971945
0.041463312,0.056778062,51372.777,0.1622972464087341,-0.07630083853419778,1.0295145691382765
0.041463312,0.059039466,51358.535,0.1622972464087341,-0.06732427443183514,1.0292291583166333
0.041463312,0.061300874,51346.594,0.1622972464087341,-0.05834769445161238,1.028989859719439
0.041463312,0.063562274,51336.703,0.1622972464087341,-0.04937114622710986,1.0287916432865731
0.041463312,0.065823682,51328.809,0.1622972464087341,-0.04039456624688713,1.0286334468937877
0.041463312,0.068085089,51322.527,0.1622972464087341,-0.03141799023612937,1.0285075551102205
0.041463312,0.07034649,51317.898,0.1622972464087341,-0.02244143804216185,1.0284147895791584
0.041463312,0.07260789,51314.711,0.1622972464087341,-0.013464889817659361,1.0283509218436875
0.041463312,0.074869297,51312.906,0.1622972464087341,-0.004488313806901604,1.0283147494989981
0.041463312,0.077130705,51312.344,0.1622972464087341,0.004488266173321129,1.0283034869739478
0.041463312,0.079392105,51313.426,0.1622972464087341,0.013464814397823674,1.0283251703406813
0.041463312,0.081653506,51315.852,0.1622972464087341,0.022441366591791193,1.0283737875751502
0.041463312,0.083914913,51319.766,0.1622972464087341,0.0314179426025489,1.0284522244488978
0.041463312,0.086176321,51325.492,0.1622972464087341,0.04039452258277169,1.0285669739478958
0.041463312,0.088437721,51332.984,0.1622972464087341,0.049371070807274174,1.0287171142284568
0.041463312,0.090699129,51342.562,0.1622972464087341,0.058347650787496964,1.0289090581162323
0.041463312,0.092960536,51354.41,0.1622972464087341,0.06732422679825467,1.029146492985972
0.041463312,0.095221937,51368.746,0.1622972464087341,0.07630077899222223,1.0294337875751502
0.041463312,0.097483337,51385.703,0.1622972464087341,0.08527732721672474,1.0297736072144288
0.041463312,0.099744752,51405.484,0.1622972464087341,0.09425393498320273,1.03017002004008
0.041463312,0.10200615,51427.961,0.1622972464087341,0.10323047526877516,1.0306204609218437
0.041463312,0.10426755,51453.348,0.1622972464087341,0.11220702349327764,1.0311292184368737
0.041463312,0.10652896,51481.461,0.1622972464087341,0.1211836114124305,1.031692605210421
0.041463312,0.10879037,51512.363,0.1622972464087341,0.1301601993315833,1.032311883767535
0.041463312,0.11105177,51545.57,0.1622972464087341,0.1391367475560858,1.0329773547094188
0.041463312,0.11331317,51580.66,0.1622972464087341,0.14811329578058832,1.0336805611222446
0.041463312,0.11557458,51617.711,0.1622972464087341,0.1570898836997411,1.0344230661322646
0.041463312,0.11783598,51656.344,0.1622972464087341,0.16606643192424367,1.035197274549098
0.041463312,0.12009738,51696.258,0.1622972464087341,0.17504298014874617,1.0359971543086173
0.041463312,0.12235879,51737.605,0.1622972464087341,0.18401956806789896,1.0368257515030062
0.041463312,0.1246202,51780.504,0.1622972464087341,0.1929961559870518,1.0376854509018036
0.041463312,0.12682161,51824.168,0.1622972464087341,0.20173457600425446,1.0385604809619238
0.041463312,0.12882334,51866.324,0.1622972464087341,0.2096803732437669,1.0394052905811624
0.041463312,0.13056397,51905.285,0.1622972464087341,0.21658974316329274,1.0401860721442886
0.041463312,0.13207759,51941.383,0.1622972464087341,0.22259800482579004,1.0409094789579159
0.041463312,0.13339376,51974.859,0.1622972464087341,0.22782249561761966,1.0415803406813626
0.041463312,0.13453826,52005.703,0.1622972464087341,0.23236554834731943,1.0421984569138276
0.041463312,0.13553348,52033.969,0.1622972464087341,0.23631603933696724,1.0427649098196392
0.041463312,0.1363989,52059.762,0.1622972464087341,0.23975129376539597,1.0432818036072145
0.041463312,0.13715142,52083.152,0.1622972464087341,0.24273839559165525,1.0437505410821644
0.041463312,0.13780579,52104.199,0.1622972464087341,0.24533589442497436,1.0441723246492987
0.041463312,0.13837482,52123.074,0.1622972464087341,0.24759463911241958,1.0445505811623246
0.041463312,0.13886961,52139.926,0.1622972464087341,0.24955869071585177,1.0448882965931863
0.041463312,0.13929988,52154.91,0.1622972464087341,0.2512666324353868,1.0451885771543088
0.041971266,0.012700121,52208.727,0.16431355204985418,-0.2512666840384324,1.0462670741482967
0.041971266,0.013130382,52192.02,0.16431355204985418,-0.24955877804408255,1.045932264529058
0.041971266,0.013625182,52173.215,0.16431355204985418,-0.247594686746,1.0455554108216432
0.041971266,0.014194202,52152.148,0.16431355204985418,-0.24533598175320506,1.0451332264529059
0.041971266,0.014848575,52128.598,0.16431355204985418,-0.24273847101149093,1.0446612825651302
0.041971266,0.015601104,52102.414,0.16431355204985418,-0.23975133346004643,1.0441365531062123
0.041971266,0.016466513,52073.473,0.16431355204985418,-0.23631612269573293,1.0435565731462926
0.041971266,0.017461732,52041.723,0.16431355204985418,-0.23236563567555024,1.0429203006012024
0.041971266,0.018606234,52007.102,0.16431355204985418,-0.22782257500692038,1.042226492985972
0.041971266,0.019922413,51969.586,0.16431355204985418,-0.2225980484899055,1.0414746693386774
0.041971266,0.021436017,51929.16,0.16431355204985418,-0.21658985033884867,1.0406645290581162
0.041971266,0.023176663,51885.836,0.16431355204985418,-0.20968041690788228,1.0397963126252505
0.041971266,0.025178403,51839.387,0.16431355204985418,-0.20173457997371952,1.0388654709418839
0.041971266,0.027379805,51791.766,0.16431355204985418,-0.19299619171223714,1.0379111422845693
0.041971266,0.029641211,51745.656,0.16431355204985418,-0.18401961967094446,1.0369870941883768
0.041971266,0.031902611,51701.809,0.16431355204985418,-0.17504307144644196,1.0361083967935871
0.041971266,0.034164019,51660.023,0.16431355204985418,-0.1660664914662192,1.0352710020040081
0.041971266,0.036425423,51620.207,0.16431355204985418,-0.15708992736385657,1.0344730861723448
0.041971266,0.038686827,51582.336,0.16431355204985418,-0.14811336326149394,1.0337141482965932
0.041971266,0.040948234,51546.719,0.16431355204985418,-0.1391367872507362,1.033000380761523
0.041971266,0.043209635,51513.637,0.16431355204985418,-0.13016023505676866,1.0323374148296593
0.041971266,0.045471042,51482.965,0.16431355204985418,-0.12118365904601092,1.0317227454909819
0.041971266,0.047732443,51455.211,0.16431355204985418,-0.1122071068520434,1.0311665531062124
0.041971266,0.04999385,51430.305,0.16431355204985418,-0.10323053084128567,1.0306674348697396
0.041971266,0.052255251,51408.219,0.16431355204985418,-0.09425397864731812,1.0302248296593186
0.041971266,0.054516658,51388.859,0.16431355204985418,-0.08527740263656039,1.0298368537074147
0.041971266,0.056778062,51372.266,0.16431355204985418,-0.07630083853419778,1.0295043286573147
0.041971266,0.059039466,51358.125,0.16431355204985418,-0.06732427443183514,1.0292209418837674
0.041971266,0.061300874,51346.293,0.16431355204985418,-0.05834769445161238,1.0289838276553105
0.041971266,0.063562274,51336.461,0.16431355204985418,-0.04937114622710986,1.0287867935871744
0.041971266,0.065823682,51328.648,0.16431355204985418,-0.04039456624688713,1.0286302204408817
0.041971266,0.068085089,51322.438,0.16431355204985418,-0.03141799023612937,1.0285057715430863
0.041971266,0.07034649,51317.809,0.16431355204985418,-0.02244143804216185,1.028413006012024
0.041971266,0.07260789,51314.652,0.16431355204985418,-0.013464889817659361,1.028349739478958
0.041971266,0.074869297,51312.832,0.16431355204985418,-0.004488313806901604,1.028313266533066
0.041971266,0.077130705,51312.285,0.16431355204985418,0.004488266173321129,1.0283023046092186
0.041971266,0.079392105,51313.348,0.16431355204985418,0.013464814397823674,1.0283236072144288
0.041971266,0.081653506,51315.777,0.16431355204985418,0.022441366591791193,1.0283722845691383
0.041971266,0.083914913,51319.668,0.16431355204985418,0.0314179426025489,1.028450260521042
0.041971266,0.086176321,51325.355,0.16431355204985418,0.04039452258277169,1.0285642284569139
0.041971266,0.088437721,51332.766,0.16431355204985418,0.049371070807274174,1.0287127454909821
0.041971266,0.090699129,51342.262,0.16431355204985418,0.058347650787496964,1.0289030460921844
0.041971266,0.092960536,51353.992,0.16431355204985418,0.06732422679825467,1.0291381162324649
0.041971266,0.095221937,51368.184,0.16431355204985418,0.07630077899222223,1.0294225250501001
0.041971266,0.097483337,51385.023,0.16431355204985418,0.08527732721672474,1.02975997995992
0.041971266,0.099744752,51404.699,0.16431355204985418,0.09425393498320273,1.0301542885771544
0.041971266,0.10200615,51427.098,0.16431355204985418,0.10323047526877516,1.0306031663326654
0.041971266,0.10426755,51452.516,0.16431355204985418,0.11220702349327764,1.0311125450901804
0.041971266,0.10652896,51480.758,0.16431355204985418,0.1211836114124305,1.031678517034068
0.041971266,0.10879037,51511.945,0.16431355204985418,0.1301601993315833,1.032303507014028
0.041971266,0.11105177,51545.594,0.16431355204985418,0.1391367475560858,1.0329778356713426
0.041971266,0.11331317,51581.363,0.16431355204985418,0.14811329578058832,1.0336946492985972
0.041971266,0.11557458,51619.305,0.16431355204985418,0.1570898836997411,1.03445501002004
0.041971266,0.11783598,51659.008,0.16431355204985418,0.16606643192424367,1.0352506613226453
0.041971266,0.12009738,51700.238,0.16431355204985418,0.17504298014874617,1.0360769138276553
0.041971266,0.12235879,51743.082,0.16431355204985418,0.18401956806789896,1.0369355110220442
0.041971266,0.1246202,51787.68,0.16431355204985418,0.1929961559870518,1.0378292585170341
0.041971266,0.12682161,51833.289,0.16431355204985418,0.20173457600425446,1.038743266533066
0.041971266,0.12882334,51877.395,0.16431355204985418,0.2096803732437669,1.039627154308617
0.041971266,0.13056397,51918.234,0.16431355204985418,0.21658974316329274,1.0404455711422844
0.041971266,0.13207759,51956.09,0.16431355204985418,0.22259800482579004,1.0412042084168336
0.041971266,0.13339376,51991.191,0.16431355204985418,0.22782249561761966,1.041907635270541
0.041971266,0.13453826,52023.523,0.16431355204985418,0.23236554834731943,1.0425555711422847
0.041971266,0.13553348,52053.18,0.16431355204985418,0.23631603933696724,1.0431498997995992
0.041971266,0.1363989,52080.184,0.16431355204985418,0.23975129376539597,1.0436910621242486
0.041971266,0.13715142,52104.648,0.16431355204985418,0.24273839559165525,1.0441813226452905
0.041971266,0.13780579,52126.672,0.16431355204985418,0.24533589442497436,1.0446226853707414
0.041971266,0.13837482,52146.398,0.16431355204985418,0.24759463911241958,1.045017995991984
0.041971266,0.13886961,52164.004,0.16431355204985418,0.24955869071585177,1.0453708216432867
0.041971266,0.13929988,52179.617,0.16431355204985418,0.2512666324353868,1.0456837074148295
0.042530023,0.012700121,52238.496,0.16653151842302052,-0.2512666840384324,1.0468636472945891
0.042530023,0.013130382,52221.031,0.16653151842302052,-0.24955877804408255,1.0465136472945893
0.042530023,0.013625182,52201.352,0.16653151842302052,-0.247594686746,1.0461192785571143
0.042530023,0.014194202,52179.273,0.16653151842302052,-0.24533598175320506,1.0456768136272545
0.042530023,0.014848575,52154.586,0.16653151842302052,-0.24273847101149093,1.0451820841683368
0.042530023,0.015601104,52127.141,0.16653151842302052,-0.23975133346004643,1.0446320841683367
0.042530023,0.016466513,52096.738,0.16653151842302052,-0.23631612269573293,1.0440228056112224
0.042530023,0.017461732,52063.375,0.16653151842302052,-0.23236563567555024,1.0433542084168337
0.042530023,0.018606234,52026.973,0.16653151842302052,-0.22782257500692038,1.0426247094188377
0.042530023,0.019922413,51987.477,0.16653151842302052,-0.2225980484899055,1.0418332064128257
0.042530023,0.021436017,51944.965,0.16653151842302052,-0.21658985033884867,1.04098126252505
0.042530023,0.023176663,51899.371,0.16653151842302052,-0.20968041690788228,1.0400675551102205
0.042530023,0.025178403,51850.594,0.16653151842302052,-0.20173457997371952,1.0390900601202404
0.042530023,0.027379805,51800.68,0.16653151842302052,-0.19299619171223714,1.0380897795591182
0.042530023,0.029641211,51752.5,0.16653151842302052,-0.18401961967094446,1.037124248496994
0.042530023,0.031902611,51706.887,0.16653151842302052,-0.17504307144644196,1.0362101603206413
0.042530023,0.034164019,51663.598,0.16653151842302052,-0.1660664914662192,1.0353426452905812
0.042530023,0.036425423,51622.516,0.16653151842302052,-0.15708992736385657,1.0345193587174348
0.042530023,0.038686827,51583.656,0.16653151842302052,-0.14811336326149394,1.0337406012024049
0.042530023,0.040948234,51547.27,0.16653151842302052,-0.1391367872507362,1.0330114228456913
0.042530023,0.043209635,51513.613,0.16653151842302052,-0.13016023505676866,1.0323369338677355
0.042530023,0.045471042,51482.617,0.16653151842302052,-0.12118365904601092,1.0317157715430862
0.042530023,0.047732443,51454.656,0.16653151842302052,-0.1122071068520434,1.0311554308617235
0.042530023,0.04999385,51429.707,0.16653151842302052,-0.10323053084128567,1.0306554509018035
0.042530023,0.052255251,51407.645,0.16653151842302052,-0.09425397864731812,1.0302133266533064
0.042530023,0.054516658,51388.414,0.16653151842302052,-0.08527740263656039,1.0298279358717435
0.042530023,0.056778062,51371.895,0.16653151842302052,-0.07630083853419778,1.029496893787575
0.042530023,0.059039466,51357.875,0.16653151842302052,-0.06732427443183514,1.0292159318637275
0.042530023,0.061300874,51346.18,0.16653151842302052,-0.05834769445161238,1.0289815631262524
0.042530023,0.063562274,51336.398,0.16653151842302052,-0.04937114622710986,1.0287855310621243
0.042530023,0.065823682,51328.676,0.16653151842302052,-0.04039456624688713,1.0286307815631262
0.042530023,0.068085089,51322.457,0.16653151842302052,-0.03141799023612937,1.0285061523046093
0.042530023,0.07034649,51317.852,0.16653151842302052,-0.02244143804216185,1.0284138677354708
0.042530023,0.07260789,51314.703,0.16653151842302052,-0.013464889817659361,1.028350761523046
0.042530023,0.074869297,51312.891,0.16653151842302052,-0.004488313806901604,1.0283144488977956
0.042530023,0.077130705,51312.414,0.16653151842302052,0.004488266173321129,1.028304889779559
0.042530023,0.079392105,51313.434,0.16653151842302052,0.013464814397823674,1.0283253306613227
0.042530023,0.081653506,51315.828,0.16653151842302052,0.022441366591791193,1.0283733066132266
0.042530023,0.083914913,51319.715,0.16653151842302052,0.0314179426025489,1.0284512024048096
0.042530023,0.086176321,51325.352,0.16653151842302052,0.04039452258277169,1.0285641683366733
0.042530023,0.088437721,51332.758,0.16653151842302052,0.049371070807274174,1.0287125851703407
0.042530023,0.090699129,51342.121,0.16653151842302052,0.058347650787496964,1.0289002204408817
0.042530023,0.092960536,51353.738,0.16653151842302052,0.06732422679825467,1.029133026052104
0.042530023,0.095221937,51367.773,0.16653151842302052,0.07630077899222223,1.0294142885771542
0.042530023,0.097483337,51384.496,0.16653151842302052,0.08527732721672474,1.0297494188376752
0.042530023,0.099744752,51404.031,0.16653151842302052,0.09425393498320273,1.0301409018036072
0.042530023,0.10200615,51426.383,0.16653151842302052,0.10323047526877516,1.0305888376753507
0.042530023,0.10426755,51451.805,0.16653151842302052,0.11220702349327764,1.0310982965931863
0.042530023,0.10652896,51480.18,0.16653151842302052,0.1211836114124305,1.0316669338677356
0.042530023,0.10879037,51511.688,0.16653151842302052,0.1301601993315833,1.032298356713427
0.042530023,0.11105177,51545.836,0.16653151842302052,0.1391367475560858,1.0329826853707416
0.042530023,0.11331317,51582.367,0.16653151842302052,0.14811329578058832,1.033714769539078
0.042530023,0.11557458,51621.238,0.16653151842302052,0.1570898836997411,1.03449374749499
0.042530023,0.11783598,51662.145,0.16653151842302052,0.16606643192424367,1.035313527054108
0.042530023,0.12009738,51704.809,0.16653151842302052,0.17504298014874617,1.0361685170340682
0.042530023,0.12235879,51749.375,0.16653151842302052,0.18401956806789896,1.037061623246493
0.042530023,0.1246202,51795.945,0.16653151842302052,0.1929961559870518,1.037994889779559
0.042530023,0.12682161,51843.738,0.16653151842302052,0.20173457600425446,1.0389526653306613
0.042530023,0.12882334,51890.098,0.16653151842302052,0.2096803732437669,1.0398817234468938
0.042530023,0.13056397,51933.09,0.16653151842302052,0.21658974316329274,1.0407432865731463
0.042530023,0.13207759,51972.984,0.16653151842302052,0.22259800482579004,1.041542765531062
0.042530023,0.13339376,52009.98,0.16653151842302052,0.22782249561761966,1.0422841683366735
0.042530023,0.13453826,52044.051,0.16653151842302052,0.23236554834731943,1.0429669539078157
0.042530023,0.13553348,52075.242,0.16653151842302052,0.23631603933696724,1.0435920240480963
0.042530023,0.1363989,52103.676,0.16653151842302052,0.23975129376539597,1.0441618436873747
0.042530023,0.13715142,52129.383,0.16653151842302052,0.24273839559165525,1.0446770140280561
0.042530023,0.13780579,52152.496,0.16653151842302052,0.24533589442497436,1.0451402004008017
0.042530023,0.13837482,52173.207,0.16653151842302052,0.24759463911241958,1.045555250501002
0.042530023,0.13886961,52191.656,0.16653151842302052,0.24955869071585177,1.0459249699398798
0.042530023,0.13929988,52208.023,0.16653151842302052,0.2512666324353868,1.0462529659318638
0.043144647,0.012700121,52272.586,0.1689712468991577,-0.2512666840384324,1.0475468136272545
0.043144647,0.013130382,52254.254,0.1689712468991577,-0.24955877804408255,1.0471794388777556
0.043144647,0.013625182,52233.555,0.1689712468991577,-0.247594686746,1.046764629258517
0.043144647,0.014194202,52210.312,0.1689712468991577,-0.24533598175320506,1.0462988376753506
0.043144647,0.014848575,52184.297,0.1689712468991577,-0.24273847101149093,1.0457774949899799
0.043144647,0.015601104,52155.414,0.1689712468991577,-0.23975133346004643,1.0451986773547093
0.043144647,0.016466513,52123.371,0.1689712468991577,-0.23631612269573293,1.0445565330661322
0.043144647,0.017461732,52088.137,0.1689712468991577,-0.23236563567555024,1.0438504408817635
0.043144647,0.018606234,52049.688,0.1689712468991577,-0.22782257500692038,1.0430799198396794
0.043144647,0.019922413,52007.926,0.1689712468991577,-0.2225980484899055,1.042243006012024
0.043144647,0.021436017,51962.973,0.1689712468991577,-0.21658985033884867,1.041342144288577
0.043144647,0.023176663,51914.801,0.1689712468991577,-0.20968041690788228,1.0403767735470941
0.043144647,0.025178403,51863.328,0.1689712468991577,-0.20173457997371952,1.0393452505010021
0.043144647,0.027379805,51810.781,0.1689712468991577,-0.19299619171223714,1.0382922044088176
0.043144647,0.029641211,51760.223,0.1689712468991577,-0.18401961967094446,1.037279018036072
0.043144647,0.031902611,51712.605,0.1689712468991577,-0.17504307144644196,1.036324749498998
0.043144647,0.034164019,51667.59,0.1689712468991577,-0.1660664914662192,1.035422645290581
0.043144647,0.036425423,51625.121,0.1689712468991577,-0.15708992736385657,1.0345715631262524
0.043144647,0.038686827,51585.141,0.1689712468991577,-0.14811336326149394,1.033770360721443
0.043144647,0.040948234,51547.871,0.1689712468991577,-0.1391367872507362,1.0330234669338678
0.043144647,0.043209635,51513.613,0.1689712468991577,-0.13016023505676866,1.0323369338677355
0.043144647,0.045471042,51482.262,0.1689712468991577,-0.12118365904601092,1.0317086573146292
0.043144647,0.047732443,51454.098,0.1689712468991577,-0.1122071068520434,1.031144248496994
0.043144647,0.04999385,51429.082,0.1689712468991577,-0.10323053084128567,1.0306429258517034
0.043144647,0.052255251,51407.094,0.1689712468991577,-0.09425397864731812,1.0302022845691383
0.043144647,0.054516658,51387.902,0.1689712468991577,-0.08527740263656039,1.0298176753507013
0.043144647,0.056778062,51371.543,0.1689712468991577,-0.07630083853419778,1.0294898396793586
0.043144647,0.059039466,51357.598,0.1689712468991577,-0.06732427443183514,1.029210380761523
0.043144647,0.061300874,51345.996,0.1689712468991577,-0.05834769445161238,1.028977875751503
0.043144647,0.063562274,51336.312,0.1689712468991577,-0.04937114622710986,1.0287838076152305
0.043144647,0.065823682,51328.637,0.1689712468991577,-0.04039456624688713,1.0286300000000002
0.043144647,0.068085089,51322.469,0.1689712468991577,-0.03141799023612937,1.028506392785571
0.043144647,0.07034649,51317.895,0.1689712468991577,-0.02244143804216185,1.0284147294589179
0.043144647,0.07260789,51314.73,0.1689712468991577,-0.013464889817659361,1.0283513026052105
0.043144647,0.074869297,51312.945,0.1689712468991577,-0.004488313806901604,1.0283155310621241
0.043144647,0.077130705,51312.414,0.1689712468991577,0.004488266173321129,1.028304889779559
0.043144647,0.079392105,51313.461,0.1689712468991577,0.013464814397823674,1.028325871743487
0.043144647,0.081653506,51315.906,0.1689712468991577,0.022441366591791193,1.028374869739479
0.043144647,0.083914913,51319.762,0.1689712468991577,0.0314179426025489,1.0284521442885772
0.043144647,0.086176321,51325.363,0.1689712468991577,0.04039452258277169,1.028564388777555
0.043144647,0.088437721,51332.664,0.1689712468991577,0.049371070807274174,1.0287107014028056
0.043144647,0.090699129,51341.949,0.1689712468991577,0.058347650787496964,1.0288967735470942
0.043144647,0.092960536,51353.449,0.1689712468991577,0.06732422679825467,1.029127234468938
0.043144647,0.095221937,51367.383,0.1689712468991577,0.07630077899222223,1.0294064729458918
0.043144647,0.097483337,51383.898,0.1689712468991577,0.08527732721672474,1.0297374348697395
0.043144647,0.099744752,51403.383,0.1689712468991577,0.09425393498320273,1.0301279158316634
0.043144647,0.10200615,51425.609,0.1689712468991577,0.10323047526877516,1.0305733266533066
0.043144647,0.10426755,51451.066,0.1689712468991577,0.11220702349327764,1.0310834869739478
0.043144647,0.10652896,51479.613,0.1689712468991577,0.1211836114124305,1.0316555711422846
0.043144647,0.10879037,51511.43,0.1689712468991577,0.1301601993315833,1.0322931863727456
0.043144647,0.11105177,51546.125,0.1689712468991577,0.1391367475560858,1.0329884769539077
0.043144647,0.11331317,51583.473,0.1689712468991577,0.14811329578058832,1.0337369338677354
0.043144647,0.11557458,51623.398,0.1689712468991577,0.1570898836997411,1.0345370340681364
0.043144647,0.11783598,51665.648,0.1689712468991577,0.16606643192424367,1.0353837274549098
0.043144647,0.12009738,51709.965,0.1689712468991577,0.17504298014874617,1.0362718436873746
0.043144647,0.12235879,51756.457,0.1689712468991577,0.18401956806789896,1.0372035470941885
0.043144647,0.1246202,51805.273,0.1689712468991577,0.1929961559870518,1.0381818236472946
0.043144647,0.12682161,51855.617,0.1689712468991577,0.20173457600425446,1.0391907214428857
0.043144647,0.12882334,51904.539,0.1689712468991577,0.2096803732437669,1.040171122244489
0.043144647,0.13056397,51950.02,0.1689712468991577,0.21658974316329274,1.0410825651302604
0.043144647,0.13207759,51992.293,0.1689712468991577,0.22259800482579004,1.0419297194388777
0.043144647,0.13339376,52031.461,0.1689712468991577,0.22782249561761966,1.0427146492985973
0.043144647,0.13453826,52067.512,0.1689712468991577,0.23236554834731943,1.0434371142284569
0.043144647,0.13553348,52100.547,0.1689712468991577,0.23631603933696724,1.044099138276553
0.043144647,0.1363989,52130.543,0.1689712468991577,0.23975129376539597,1.044700260521042
0.043144647,0.13715142,52157.652,0.1689712468991577,0.24273839559165525,1.0452435270541083
0.043144647,0.13780579,52182.098,0.1689712468991577,0.24533589442497436,1.0457334268537073
0.043144647,0.13837482,52203.895,0.1689712468991577,0.24759463911241958,1.0461702404809619
0.043144647,0.13886961,52223.348,0.1689712468991577,0.24955869071585177,1.0465600801603205
0.043144647,0.13929988,52240.582,0.1689712468991577,0.2512666324353868,1.0469054509018036
0.043820739,0.012700121,52312.102,0.17165497045191278,-0.2512666840384324,1.0483387174348697
0.043820739,0.013130382,52292.73,0.17165497045191278,-0.24955877804408255,1.047950501002004
0.043820739,0.013625182,52270.91,0.17165497045191278,-0.247594686746,1.047513226452906
0.043820739,0.014194202,52246.352,0.17165497045191278,-0.24533598175320506,1.0470210821643287
0.043820739,0.014848575,52218.863,0.17165497045191278,-0.24273847101149093,1.0464702004008015
0.043820739,0.015601104,52188.238,0.17165497045191278,-0.23975133346004643,1.0458564729458917
0.043820739,0.016466513,52154.32,0.17165497045191278,-0.23631612269573293,1.045176753507014
0.043820739,0.017461732,52116.945,0.17165497045191278,-0.23236563567555024,1.044427755511022
0.043820739,0.018606234,52076.125,0.17165497045191278,-0.22782257500692038,1.0436097194388778
0.043820739,0.019922413,52031.727,0.17165497045191278,-0.2225980484899055,1.0427199799599198
0.043820739,0.021436017,51983.977,0.17165497045191278,-0.21658985033884867,1.0417630661322645
0.043820739,0.023176663,51932.82,0.17165497045191278,-0.20968041690788228,1.040737875751503
0.043820739,0.025178403,51878.199,0.17165497045191278,-0.20173457997371952,1.0396432665330662
0.043820739,0.027379805,51822.625,0.17165497045191278,-0.19299619171223714,1.0385295591182364
0.043820739,0.029641211,51769.367,0.17165497045191278,-0.18401961967094446,1.037462264529058
0.043820739,0.031902611,51719.426,0.17165497045191278,-0.17504307144644196,1.0364614428857715
0.043820739,0.034164019,51672.457,0.17165497045191278,-0.1660664914662192,1.0355201803607215
0.043820739,0.036425423,51628.402,0.17165497045191278,-0.15708992736385657,1.0346373146292585
0.043820739,0.038686827,51587.191,0.17165497045191278,-0.14811336326149394,1.0338114428857714
0.043820739,0.040948234,51548.961,0.17165497045191278,-0.1391367872507362,1.0330453106212425
0.043820739,0.043209635,51514.07,0.17165497045191278,-0.13016023505676866,1.0323460921843688
0.043820739,0.045471042,51482.293,0.17165497045191278,-0.12118365904601092,1.0317092785571143
0.043820739,0.047732443,51453.91,0.17165497045191278,-0.1122071068520434,1.031140480961924
0.043820739,0.04999385,51428.871,0.17165497045191278,-0.10323053084128567,1.0306386973947896
0.043820739,0.052255251,51406.836,0.17165497045191278,-0.09425397864731812,1.030197114228457
0.043820739,0.054516658,51387.773,0.17165497045191278,-0.08527740263656039,1.0298150901803607
0.043820739,0.056778062,51371.512,0.17165497045191278,-0.07630083853419778,1.0294892184368738
0.043820739,0.059039466,51357.691,0.17165497045191278,-0.06732427443183514,1.029212244488978
0.043820739,0.061300874,51346.16,0.17165497045191278,-0.05834769445161238,1.0289811623246494
0.043820739,0.063562274,51336.594,0.17165497045191278,-0.04937114622710986,1.0287894589178357
0.043820739,0.065823682,51328.926,0.17165497045191278,-0.04039456624688713,1.0286357915831663
0.043820739,0.068085089,51322.789,0.17165497045191278,-0.03141799023612937,1.0285128056112225
0.043820739,0.07034649,51318.242,0.17165497045191278,-0.02244143804216185,1.0284216833667335
0.043820739,0.07260789,51315.082,0.17165497045191278,-0.013464889817659361,1.028358356713427
0.043820739,0.074869297,51313.281,0.17165497045191278,-0.004488313806901604,1.0283222645290582
0.043820739,0.077130705,51312.859,0.17165497045191278,0.004488266173321129,1.0283138076152305
0.043820739,0.079392105,51313.863,0.17165497045191278,0.013464814397823674,1.0283339278557113
0.043820739,0.081653506,51316.262,0.17165497045191278,0.022441366591791193,1.028382004008016
0.043820739,0.083914913,51320.125,0.17165497045191278,0.0314179426025489,1.0284594188376754
0.043820739,0.086176321,51325.707,0.17165497045191278,0.04039452258277169,1.0285712825651303
0.043820739,0.088437721,51332.941,0.17165497045191278,0.049371070807274174,1.02871625250501
0.043820739,0.090699129,51342.141,0.17165497045191278,0.058347650787496964,1.028900621242485
0.043820739,0.092960536,51353.523,0.17165497045191278,0.06732422679825467,1.0291287174348698
0.043820739,0.095221937,51367.312,0.17165497045191278,0.07630077899222223,1.0294050501002003
0.043820739,0.097483337,51383.73,0.17165497045191278,0.08527732721672474,1.0297340681362726
0.043820739,0.099744752,51403.039,0.17165497045191278,0.09425393498320273,1.0301210220440882
0.043820739,0.10200615,51425.246,0.17165497045191278,0.10323047526877516,1.0305660521042084
0.043820739,0.10426755,51450.688,0.17165497045191278,0.11220702349327764,1.0310759118236474
0.043820739,0.10652896,51479.398,0.17165497045191278,0.1211836114124305,1.03165126252505
0.043820739,0.10879037,51511.562,0.17165497045191278,0.1301601993315833,1.0322958316633266
0.043820739,0.11105177,51546.867,0.17165497045191278,0.1391367475560858,1.0330033466933868
0.043820739,0.11331317,51585.09,0.17165497045191278,0.14811329578058832,1.0337693386773545
0.043820739,0.11557458,51626.23,0.17165497045191278,0.1570898836997411,1.0345937875751503
0.043820739,0.11783598,51669.965,0.17165497045191278,0.16606643192424367,1.035470240480962
0.043820739,0.12009738,51716.105,0.17165497045191278,0.17504298014874617,1.0363948897795592
0.043820739,0.12235879,51764.781,0.17165497045191278,0.18401956806789896,1.0373703607214428
0.043820739,0.1246202,51816.254,0.17165497045191278,0.1929961559870518,1.038401883767535
0.043820739,0.12682161,51869.461,0.17165497045191278,0.20173457600425446,1.0394681563126253
0.043820739,0.12882334,51921.395,0.17165497045191278,0.2096803732437669,1.0405089178356712
0.043820739,0.13056397,51969.777,0.17165497045191278,0.21658974316329274,1.041478496993988
0.043820739,0.13207759,52014.746,0.17165497045191278,0.22259800482579004,1.0423796793587174
0.043820739,0.13339376,52056.434,0.17165497045191278,0.22782249561761966,1.043215110220441
0.043820739,0.13453826,52094.812,0.17165497045191278,0.23236554834731943,1.0439842084168336
0.043820739,0.13553348,52129.906,0.17165497045191278,0.23631603933696724,1.04468749498998
0.043820739,0.1363989,52161.766,0.17165497045191278,0.23975129376539597,1.0453259719438879
0.043820739,0.13715142,52190.559,0.17165497045191278,0.24273839559165525,1.045902985971944
0.043820739,0.13780579,52216.387,0.17165497045191278,0.24533589442497436,1.0464205811623246
0.043820739,0.13837482,52239.492,0.17165497045191278,0.24759463911241958,1.0468836072144287
0.043820739,0.13886961,52260.059,0.17165497045191278,0.24955869071585177,1.0472957715430862
0.043820739,0.13929988,52278.258,0.17165497045191278,0.2512666324353868,1.0476604809619239
0.044564433,0.012700121,52357.648,0.17460703777979514,-0.2512666840384324,1.0492514629258518
0.044564433,0.013130382,52337.094,0.17460703777979514,-0.24955877804408255,1.0488395591182365
0.044564433,0.013625182,52313.883,0.17460703777979514,-0.247594686746,1.0483744088176352
0.044564433,0.014194202,52287.812,0.17460703777979514,-0.24533598175320506,1.0478519438877756
0.044564433,0.014848575,52258.586,0.17460703777979514,-0.24273847101149093,1.04726625250501
0.044564433,0.015601104,52226.023,0.17460703777979514,-0.23975133346004643,1.0466136873747496
0.044564433,0.016466513,52189.895,0.17460703777979514,-0.23631612269573293,1.0458896793587174
0.044564433,0.017461732,52150.086,0.17460703777979514,-0.23236563567555024,1.0450919038076152
0.044564433,0.018606234,52106.484,0.17460703777979514,-0.22782257500692038,1.0442181162324649
0.044564433,0.019922413,52059.113,0.17460703777979514,-0.2225980484899055,1.0432687975951904
0.044564433,0.021436017,52008.062,0.17460703777979514,-0.21658985033884867,1.0422457314629259
0.044564433,0.023176663,51953.426,0.17460703777979514,-0.20968041690788228,1.0411508216432865
0.044564433,0.025178403,51895.203,0.17460703777979514,-0.20173457997371952,1.0399840280561123
0.044564433,0.027379805,51836.098,0.17460703777979514,-0.19299619171223714,1.0387995591182364
0.044564433,0.029641211,51779.727,0.17460703777979514,-0.18401961967094446,1.037669879759519
0.044564433,0.031902611,51727.125,0.17460703777979514,-0.17504307144644196,1.0366157314629258
0.044564433,0.034164019,51677.973,0.17460703777979514,-0.1660664914662192,1.0356307214428857
0.044564433,0.036425423,51632.129,0.17460703777979514,-0.15708992736385657,1.034712004008016
0.044564433,0.038686827,51589.473,0.17460703777979514,-0.14811336326149394,1.0338571743486973
0.044564433,0.040948234,51550.25,0.17460703777979514,-0.1391367872507362,1.033071142284569
0.044564433,0.043209635,51514.594,0.17460703777979514,-0.13016023505676866,1.0323565931863727
0.044564433,0.045471042,51482.359,0.17460703777979514,-0.12118365904601092,1.0317106012024047
0.044564433,0.047732443,51453.754,0.17460703777979514,-0.1122071068520434,1.031137354709419
0.044564433,0.04999385,51428.574,0.17460703777979514,-0.10323053084128567,1.030632745490982
0.044564433,0.052255251,51406.617,0.17460703777979514,-0.09425397864731812,1.0301927254509018
0.044564433,0.054516658,51387.598,0.17460703777979514,-0.08527740263656039,1.0298115831663326
0.044564433,0.056778062,51371.414,0.17460703777979514,-0.07630083853419778,1.029487254509018
0.044564433,0.059039466,51357.711,0.17460703777979514,-0.06732427443183514,1.0292126452905812
0.044564433,0.061300874,51346.293,0.17460703777979514,-0.05834769445161238,1.0289838276553105
0.044564433,0.063562274,51336.77,0.17460703777979514,-0.04937114622710986,1.0287929859719438
0.044564433,0.065823682,51329.141,0.17460703777979514,-0.04039456624688713,1.0286401002004009
0.044564433,0.068085089,51323.012,0.17460703777979514,-0.03141799023612937,1.0285172745490982
0.044564433,0.07034649,51318.484,0.17460703777979514,-0.02244143804216185,1.0284265330661322
0.044564433,0.07260789,51315.375,0.17460703777979514,-0.013464889817659361,1.0283642284569139
0.044564433,0.074869297,51313.613,0.17460703777979514,-0.004488313806901604,1.0283289178356714
0.044564433,0.077130705,51312.789,0.17460703777979514,0.004488266173321129,1.0283124048096193
0.044564433,0.079392105,51314.082,0.17460703777979514,0.013464814397823674,1.0283383166332665
0.044564433,0.081653506,51316.52,0.17460703777979514,0.022441366591791193,1.0283871743486974
0.044564433,0.083914913,51320.406,0.17460703777979514,0.0314179426025489,1.0284650501002004
0.044564433,0.086176321,51325.969,0.17460703777979514,0.04039452258277169,1.0285765330661323
0.044564433,0.088437721,51333.168,0.17460703777979514,0.049371070807274174,1.0287208016032063
0.044564433,0.090699129,51342.277,0.17460703777979514,0.058347650787496964,1.0289033466933868
0.044564433,0.092960536,51353.555,0.17460703777979514,0.06732422679825467,1.0291293587174348
0.044564433,0.095221937,51367.234,0.17460703777979514,0.07630077899222223,1.029403486973948
0.044564433,0.097483337,51383.477,0.17460703777979514,0.08527732721672474,1.029728997995992
0.044564433,0.099744752,51402.707,0.17460703777979514,0.09425393498320273,1.030114368737475
0.044564433,0.10200615,51424.797,0.17460703777979514,0.10323047526877516,1.0305570541082163
0.044564433,0.10426755,51450.293,0.17460703777979514,0.11220702349327764,1.031067995991984
0.044564433,0.10652896,51479.176,0.17460703777979514,0.1211836114124305,1.0316468136272545
0.044564433,0.10879037,51511.734,0.17460703777979514,0.1301601993315833,1.0322992785571141
0.044564433,0.11105177,51547.719,0.17460703777979514,0.1391367475560858,1.0330204208416833
0.044564433,0.11331317,51586.902,0.17460703777979514,0.14811329578058832,1.0338056513026053
0.044564433,0.11557458,51629.363,0.17460703777979514,0.1570898836997411,1.0346565731462924
0.044564433,0.11783598,51674.801,0.17460703777979514,0.16606643192424367,1.0355671543086171
0.044564433,0.12009738,51723.043,0.17460703777979514,0.17504298014874617,1.0365339278557113
0.044564433,0.12235879,51774.281,0.17460703777979514,0.18401956806789896,1.037560741482966
0.044564433,0.1246202,51828.684,0.17460703777979514,0.1929961559870518,1.0386509819639278
0.044564433,0.12682161,51885.27,0.17460703777979514,0.20173457600425446,1.0397849699398798
0.044564433,0.12882334,51940.648,0.17460703777979514,0.2096803732437669,1.040894749498998
0.044564433,0.13056397,51992.41,0.17460703777979514,0.21658974316329274,1.0419320641282566
0.044564433,0.13207759,52040.562,0.17460703777979514,0.22259800482579004,1.0428970340681363
0.044564433,0.13339376,52085.16,0.17460703777979514,0.22782249561761966,1.0437907815631262
0.044564433,0.13453826,52126.207,0.17460703777979514,0.23236554834731943,1.044613366733467
0.044564433,0.13553348,52163.68,0.17460703777979514,0.23631603933696724,1.0453643286573147
0.044564433,0.1363989,52197.68,0.17460703777979514,0.23975129376539597,1.0460456913827656
0.044564433,0.13715142,52228.359,0.17460703777979514,0.24273839559165525,1.046660501002004
0.044564433,0.13780579,52255.895,0.17460703777979514,0.24533589442497436,1.0472123246492986
0.044564433,0.13837482,52280.492,0.17460703777979514,0.24759463911241958,1.047705250501002
0.044564433,0.13886961,52302.363,0.17460703777979514,0.24955869071585177,1.0481435470941882
0.044564433,0.13929988,52321.773,0.17460703777979514,0.2512666324353868,1.0485325250501003
0.045382503,0.012700121,52410.918,0.17785433803893494,-0.2512666840384324,1.050318997995992
0.045382503,0.013130382,52389.051,0.17785433803893494,-0.24955877804408255,1.0498807815631261
0.045382503,0.013625182,52364.305,0.17785433803893494,-0.247594686746,1.049384869739479
0.045382503,0.014194202,52336.445,0.17785433803893494,-0.24533598175320506,1.0488265531062124
0.045382503,0.014848575,52305.254,0.17785433803893494,-0.24273847101149093,1.0482014829659319
0.045382503,0.015601104,52270.398,0.17785433803893494,-0.23975133346004643,1.0475029659318638
0.045382503,0.016466513,52231.723,0.17785433803893494,-0.23631612269573293,1.0467279158316634
0.045382503,0.017461732,52189.078,0.17785433803893494,-0.23236563567555024,1.0458733066132264
0.045382503,0.018606234,52142.285,0.17785433803893494,-0.22782257500692038,1.0449355711422847
0.045382503,0.019922413,52091.402,0.17785433803893494,-0.2225980484899055,1.043915871743487
0.045382503,0.021436017,52036.523,0.17785433803893494,-0.21658985033884867,1.0428160921843688
0.045382503,0.023176663,51977.844,0.17785433803893494,-0.20968041690788228,1.0416401603206413
0.045382503,0.025178403,51915.395,0.17785433803893494,-0.20173457997371952,1.0403886773547093
0.045382503,0.027379805,51852.219,0.17785433803893494,-0.19299619171223714,1.039122625250501
0.045382503,0.029641211,51792.215,0.17785433803893494,-0.18401961967094446,1.0379201402805611
0.045382503,0.031902611,51736.543,0.17785433803893494,-0.17504307144644196,1.0368044689378757
0.045382503,0.034164019,51684.855,0.17785433803893494,-0.1660664914662192,1.0357686372745492
0.045382503,0.036425423,51636.957,0.17785433803893494,-0.15708992736385657,1.0348087575150302
0.045382503,0.038686827,51592.715,0.17785433803893494,-0.14811336326149394,1.033922144288577
0.045382503,0.040948234,51552.312,0.17785433803893494,-0.1391367872507362,1.0331124649298598
0.045382503,0.043209635,51515.855,0.17785433803893494,-0.13016023505676866,1.0323818637274549
0.045382503,0.045471042,51483.113,0.17785433803893494,-0.12118365904601092,1.0317257114228457
0.045382503,0.047732443,51454.207,0.17785433803893494,-0.1122071068520434,1.0311464328657316
0.045382503,0.04999385,51428.938,0.17785433803893494,-0.10323053084128567,1.0306400400801603
0.045382503,0.052255251,51406.938,0.17785433803893494,-0.09425397864731812,1.0301991583166332
0.045382503,0.054516658,51388.012,0.17785433803893494,-0.08527740263656039,1.029819879759519
0.045382503,0.056778062,51371.91,0.17785433803893494,-0.07630083853419778,1.0294971943887776
0.045382503,0.059039466,51358.316,0.17785433803893494,-0.06732427443183514,1.0292247695390782
0.045382503,0.061300874,51346.922,0.17785433803893494,-0.05834769445161238,1.0289964328657315
0.045382503,0.063562274,51337.43,0.17785433803893494,-0.04937114622710986,1.0288062124248496
0.045382503,0.065823682,51329.855,0.17785433803893494,-0.04039456624688713,1.0286544088176353
0.045382503,0.068085089,51323.734,0.17785433803893494,-0.03141799023612937,1.0285317434869738
0.045382503,0.07034649,51319.195,0.17785433803893494,-0.02244143804216185,1.0284407815631262
0.045382503,0.07260789,51316.062,0.17785433803893494,-0.013464889817659361,1.0283779959919839
0.045382503,0.074869297,51314.41,0.17785433803893494,-0.004488313806901604,1.0283448897795593
0.045382503,0.077130705,51314.227,0.17785433803893494,0.004488266173321129,1.0283412224448898
0.045382503,0.079392105,51314.961,0.17785433803893494,0.013464814397823674,1.0283559318637274
0.045382503,0.081653506,51317.312,0.17785433803893494,0.022441366591791193,1.0284030460921842
0.045382503,0.083914913,51321.172,0.17785433803893494,0.0314179426025489,1.028480400801603
0.045382503,0.086176321,51326.734,0.17785433803893494,0.04039452258277169,1.028591863727455
0.045382503,0.088437721,51333.898,0.17785433803893494,0.049371070807274174,1.0287354308617234
0.045382503,0.090699129,51342.961,0.17785433803893494,0.058347650787496964,1.0289170541082164
0.045382503,0.092960536,51354.164,0.17785433803893494,0.06732422679825467,1.0291415631262524
0.045382503,0.095221937,51367.699,0.17785433803893494,0.07630077899222223,1.0294128056112224
0.045382503,0.097483337,51383.836,0.17785433803893494,0.08527732721672474,1.0297361923847697
0.045382503,0.099744745,51402.914,0.17785433803893494,0.09425390719694747,1.030118517034068
0.045382503,0.10200615,51424.996,0.17785433803893494,0.10323047526877516,1.0305610420841682
0.045382503,0.10426755,51450.516,0.17785433803893494,0.11220702349327764,1.0310724649298597
0.045382503,0.10652896,51479.621,0.17785433803893494,0.1211836114124305,1.0316557314629258
0.045382503,0.10879037,51512.625,0.17785433803893494,0.1301601993315833,1.032317134268537
0.045382503,0.11105177,51549.305,0.17785433803893494,0.1391367475560858,1.0330522044088177
0.045382503,0.11331317,51589.594,0.17785433803893494,0.14811329578058832,1.0338595991983968
0.045382503,0.11557458,51633.523,0.17785433803893494,0.1570898836997411,1.0347399398797594
0.045382503,0.11783598,51680.898,0.17785433803893494,0.16606643192424367,1.0356893386773547
0.045382503,0.12009738,51731.543,0.17785433803893494,0.17504298014874617,1.0367042685370742
0.045382503,0.12235879,51785.703,0.17785433803893494,0.18401956806789896,1.037789639278557
0.045382503,0.1246202,51843.57,0.17785433803893494,0.1929961559870518,1.0389492985971944
0.045382503,0.12682161,51904.066,0.17785433803893494,0.20173457600425446,1.0401616432865732
0.045382503,0.12882334,51963.5,0.17785433803893494,0.2096803732437669,1.0413527054108216
0.045382503,0.13056397,52019.152,0.17785433803893494,0.21658974316329274,1.0424679759519038
0.045382503,0.13207759,52070.977,0.17785433803893494,0.22259800482579004,1.0435065531062124
0.045382503,0.13339376,52119.004,0.17785433803893494,0.22782249561761966,1.044469018036072
0.045382503,0.13453826,52163.148,0.17785433803893494,0.23236554834731943,1.0453536673346693
0.045382503,0.13553348,52203.363,0.17785433803893494,0.23631603933696724,1.0461595791583165
0.045382503,0.1363989,52239.883,0.17785433803893494,0.23975129376539597,1.0468914428857716
0.045382503,0.13715142,52272.797,0.17785433803893494,0.24273839559165525,1.0475510420841683
0.045382503,0.13780579,52302.27,0.17785433803893494,0.24533589442497436,1.0481416833667334
0.045382503,0.13837482,52328.574,0.17785433803893494,0.24759463911241958,1.0486688176352705
0.045382503,0.13886961,52351.965,0.17785433803893494,0.24955869071585177,1.0491375751503005
0.045382503,0.13929988,52372.66,0.17785433803893494,0.2512666324353868,1.0495523046092186
0.046282377,0.012700121,52473.453,0.18142635641559365,-0.2512666840384324,1.0515722044088176
0.046282377,0.013130382,52450.035,0.18142635641559365,-0.24955877804408255,1.0511029058116232
0.046282377,0.013625182,52423.527,0.18142635641559365,-0.247594686746,1.0505716833667336
0.046282377,0.014194202,52393.652,0.18142635641559365,-0.24533598175320506,1.049972985971944
0.046282377,0.014848575,52360.109,0.18142635641559365,-0.24273847101149093,1.0493007815631261
0.046282377,0.015601104,52322.652,0.18142635641559365,-0.23975133346004643,1.0485501402805613
0.046282377,0.016466513,52280.996,0.18142635641559365,-0.23631612269573293,1.0477153507014028
0.046282377,0.017461732,52234.973,0.18142635641559365,-0.23236563567555024,1.0467930460921844
0.046282377,0.018606234,52184.492,0.18142635641559365,-0.22782257500692038,1.0457814028056112
0.046282377,0.019922413,52129.523,0.18142635641559365,-0.2225980484899055,1.0446798196392786
0.046282377,0.021436017,52070.176,0.18142635641559365,-0.21658985033884867,1.043490501002004
0.046282377,0.023176663,52006.676,0.18142635641559365,-0.20968041690788228,1.0422179559118236
0.046282377,0.025178403,51939.32,0.18142635641559365,-0.20173457997371952,1.0408681362725452
0.046282377,0.027379805,51871.305,0.18142635641559365,-0.19299619171223714,1.039505110220441
0.046282377,0.029641211,51807.066,0.18142635641559365,-0.18401961967094446,1.038217755511022
0.046282377,0.031902611,51747.797,0.18142635641559365,-0.17504307144644196,1.03703
0.046282377,0.034164019,51693.195,0.18142635641559365,-0.1660664914662192,1.0359357715430861
0.046282377,0.036425423,51642.918,0.18142635641559365,-0.15708992736385657,1.0349282164328657
0.046282377,0.038686827,51596.914,0.18142635641559365,-0.14811336326149394,1.0340062925851703
0.046282377,0.040948234,51555.176,0.18142635641559365,-0.1391367872507362,1.033169859719439
0.046282377,0.043209635,51517.781,0.18142635641559365,-0.13016023505676866,1.0324204609218437
0.046282377,0.045471042,51484.449,0.18142635641559365,-0.12118365904601092,1.03175248496994
0.046282377,0.047732443,51455.211,0.18142635641559365,-0.1122071068520434,1.0311665531062124
0.046282377,0.04999385,51429.777,0.18142635641559365,-0.10323053084128567,1.0306568537074148
0.046282377,0.052255251,51407.738,0.18142635641559365,-0.09425397864731812,1.0302151903807615
0.046282377,0.054516658,51388.852,0.18142635641559365,-0.08527740263656039,1.0298367134268538
0.046282377,0.056778062,51372.812,0.18142635641559365,-0.07630083853419778,1.0295152705410822
0.046282377,0.059039466,51359.234,0.18142635641559365,-0.06732427443183514,1.0292431663326653
0.046282377,0.061300874,51347.891,0.18142635641559365,-0.05834769445161238,1.029015851703407
0.046282377,0.063562274,51338.426,0.18142635641559365,-0.04937114622710986,1.0288261723446894
0.046282377,0.065823682,51330.828,0.18142635641559365,-0.04039456624688713,1.0286739078156313
0.046282377,0.068085089,51324.727,0.18142635641559365,-0.03141799023612937,1.0285516432865731
0.046282377,0.07034649,51320.184,0.18142635641559365,-0.02244143804216185,1.028460601202405
0.046282377,0.07260789,51317.043,0.18142635641559365,-0.013464889817659361,1.028397655310621
0.046282377,0.074869297,51315.285,0.18142635641559365,-0.004488313806901604,1.0283624248496994
0.046282377,0.077130705,51314.914,0.18142635641559365,0.004488266173321129,1.0283549899799598
0.046282377,0.079392105,51315.988,0.18142635641559365,0.013464814397823674,1.028376513026052
0.046282377,0.081653506,51318.422,0.18142635641559365,0.022441366591791193,1.0284252905811624
0.046282377,0.083914913,51322.273,0.18142635641559365,0.0314179426025489,1.0285024649298597
0.046282377,0.086176321,51327.832,0.18142635641559365,0.04039452258277169,1.028613867735471
0.046282377,0.088437721,51334.977,0.18142635641559365,0.049371070807274174,1.0287570541082165
0.046282377,0.090699129,51344.012,0.18142635641559365,0.058347650787496964,1.028938116232465
0.046282377,0.092960536,51355.156,0.18142635641559365,0.06732422679825467,1.0291614428857716
0.046282377,0.095221937,51368.609,0.18142635641559365,0.07630077899222223,1.0294310420841684
0.046282377,0.097483337,51384.641,0.18142635641559365,0.08527732721672474,1.0297523246492986
0.046282377,0.099744745,51403.621,0.18142635641559365,0.09425390719694747,1.0301326853707415
0.046282377,0.10200615,51425.641,0.18142635641559365,0.10323047526877516,1.0305739679358719
0.046282377,0.10426755,51451.266,0.18142635641559365,0.11220702349327764,1.03108749498998
0.046282377,0.10652896,51480.613,0.18142635641559365,0.1211836114124305,1.0316756112224448
0.046282377,0.10879037,51514.117,0.18142635641559365,0.1301601993315833,1.0323470340681362
0.046282377,0.11105177,51551.641,0.18142635641559365,0.1391367475560858,1.0330990180360722
0.046282377,0.11331317,51593.117,0.18142635641559365,0.14811329578058832,1.0339302004008015
0.046282377,0.11557458,51638.723,0.18142635641559365,0.1570898836997411,1.034844148296593
0.046282377,0.11783598,51688.32,0.18142635641559365,0.16606643192424367,1.0358380761523045
0.046282377,0.12009738,51741.73,0.18142635641559365,0.17504298014874617,1.0369084168336673
0.046282377,0.12235879,51799.301,0.18142635641559365,0.18401956806789896,1.0380621442885771
0.046282377,0.1246202,51861.199,0.18142635641559365,0.1929961559870518,1.0393025851703408
0.046282377,0.12682161,51926.277,0.18142635641559365,0.20173457600425446,1.040606753507014
0.046282377,0.12882334,51990.5,0.18142635641559365,0.2096803732437669,1.0418937875751504
0.046282377,0.13056397,52050.727,0.18142635641559365,0.21658974316329274,1.0431007414829658
0.046282377,0.13207759,52106.906,0.18142635641559365,0.22259800482579004,1.0442265731462927
0.046282377,0.13339376,52158.898,0.18142635641559365,0.22782249561761966,1.045268496993988
0.046282377,0.13453826,52206.617,0.18142635641559365,0.23236554834731943,1.0462247895791583
0.046282377,0.13553348,52250.113,0.18142635641559365,0.23631603933696724,1.0470964529058115
0.046282377,0.1363989,52289.527,0.18142635641559365,0.23975129376539597,1.0478863126252504
0.046282377,0.13715142,52325.016,0.18142635641559365,0.24273839559165525,1.0485975150300602
0.046282377,0.13780579,52356.789,0.18142635641559365,0.24533589442497436,1.0492342484969939
0.046282377,0.13837482,52385.09,0.18142635641559365,0.24759463911241958,1.049801402805611
0.046282377,0.13886961,52410.227,0.18142635641559365,0.24955869071585177,1.0503051503006011
0.046282377,0.13929988,52432.449,0.18142635641559365,0.2512666324353868,1.050750480961924
0.047272243,0.012700121,52547.266,0.18535559488945735,-0.2512666840384324,1.0530514228456915
0.047272243,0.013130382,52522.004,0.18535559488945735,-0.24955877804408255,1.0525451703406814
0.047272243,0.013625182,52493.391,0.18535559488945735,-0.247594686746,1.0519717635270542
0.047272243,0.014194202,52461.16,0.18535559488945735,-0.24533598175320506,1.051325851703407
0.047272243,0.014848575,52424.906,0.18535559488945735,-0.24273847101149093,1.0505993186372746
0.047272243,0.015601104,52384.344,0.18535559488945735,-0.23975133346004643,1.0497864529058116
0.047272243,0.016466513,52339.176,0.18535559488945735,-0.23631612269573293,1.0488812825651304
0.047272243,0.017461732,52289.227,0.18535559488945735,-0.23236563567555024,1.0478803006012023
0.047272243,0.018606234,52234.375,0.18535559488945735,-0.22782257500692038,1.0467810621242486
0.047272243,0.019922413,52174.629,0.18535559488945735,-0.2225980484899055,1.04558374749499
0.047272243,0.021436017,52109.953,0.18535559488945735,-0.21658985033884867,1.044287635270541
0.047272243,0.023176663,52040.848,0.18535559488945735,-0.20968041690788228,1.042902765531062
0.047272243,0.025178403,51967.582,0.18535559488945735,-0.20173457997371952,1.0414345090180361
0.047272243,0.027379805,51893.875,0.18535559488945735,-0.19299619171223714,1.0399574148296593
0.047272243,0.029641211,51824.598,0.18535559488945735,-0.18401961967094446,1.0385690981963926
0.047272243,0.031902611,51761.105,0.18535559488945735,-0.17504307144644196,1.0372966933867735
0.047272243,0.034164019,51703.062,0.18535559488945735,-0.1660664914662192,1.036133507014028
0.047272243,0.036425423,51650.086,0.18535559488945735,-0.15708992736385657,1.035071863727455
0.047272243,0.038686827,51601.977,0.18535559488945735,-0.14811336326149394,1.034107755511022
0.047272243,0.040948234,51558.688,0.18535559488945735,-0.1391367872507362,1.033240240480962
0.047272243,0.043209635,51520.27,0.18535559488945735,-0.13016023505676866,1.0324703406813627
0.047272243,0.045471042,51486.211,0.18535559488945735,-0.12118365904601092,1.0317877955911825
0.047272243,0.047732443,51456.516,0.18535559488945735,-0.1122071068520434,1.0311927054108216
0.047272243,0.04999385,51430.875,0.18535559488945735,-0.10323053084128567,1.0306788577154309
0.047272243,0.052255251,51408.781,0.18535559488945735,-0.09425397864731812,1.0302360921843687
0.047272243,0.054516658,51389.848,0.18535559488945735,-0.08527740263656039,1.0298566733466934
0.047272243,0.056778062,51373.836,0.18535559488945735,-0.07630083853419778,1.0295357915831664
0.047272243,0.059039466,51360.27,0.18535559488945735,-0.06732427443183514,1.0292639278557114
0.047272243,0.061300874,51348.902,0.18535559488945735,-0.05834769445161238,1.029036112224449
0.047272243,0.063562274,51339.434,0.18535559488945735,-0.04937114622710986,1.028846372745491
0.047272243,0.065823682,51331.781,0.18535559488945735,-0.04039456624688713,1.028693006012024
0.047272243,0.068085089,51325.695,0.18535559488945735,-0.03141799023612937,1.0285710420841683
0.047272243,0.07034649,51321.098,0.18535559488945735,-0.02244143804216185,1.0284789178356712
0.047272243,0.07260789,51317.918,0.18535559488945735,-0.013464889817659361,1.0284151903807615
0.047272243,0.074869297,51316.16,0.18535559488945735,-0.004488313806901604,1.0283799599198398
0.047272243,0.077130705,51315.723,0.18535559488945735,0.004488266173321129,1.0283712024048095
0.047272243,0.079392105,51316.902,0.18535559488945735,0.013464814397823674,1.0283948296593186
0.047272243,0.081653506,51319.434,0.18535559488945735,0.022441366591791193,1.0284455711422846
0.047272243,0.083914913,51323.336,0.18535559488945735,0.0314179426025489,1.0285237675350702
0.047272243,0.086176321,51328.938,0.18535559488945735,0.04039452258277169,1.0286360320641283
0.047272243,0.088437721,51336.09,0.18535559488945735,0.049371070807274174,1.0287793587174348
0.047272243,0.090699129,51345.152,0.18535559488945735,0.058347650787496964,1.0289609619238478
0.047272243,0.092960536,51356.238,0.18535559488945735,0.06732422679825467,1.0291831262525049
0.047272243,0.095221937,51369.633,0.18535559488945735,0.07630077899222223,1.0294515631262526
0.047272243,0.097483337,51385.609,0.18535559488945735,0.08527732721672474,1.0297717234468937
0.047272243,0.099744745,51404.508,0.18535559488945735,0.09425390719694747,1.0301504609218437
0.047272243,0.10200615,51426.562,0.18535559488945735,0.10323047526877516,1.0305924248496994
0.047272243,0.10426755,51452.289,0.18535559488945735,0.11220702349327764,1.031107995991984
0.047272243,0.10652896,51481.984,0.18535559488945735,0.1211836114124305,1.0317030861723446
0.047272243,0.10879037,51516.082,0.18535559488945735,0.1301601993315833,1.0323864128256512
0.047272243,0.11105177,51554.547,0.18535559488945735,0.1391367475560858,1.033157254509018
0.047272243,0.11331317,51597.422,0.18535559488945735,0.14811329578058832,1.0340164729458918
0.047272243,0.11557458,51644.969,0.18535559488945735,0.1570898836997411,1.0349693186372746
0.047272243,0.11783598,51697.09,0.18535559488945735,0.16606643192424367,1.0360138276553106
0.047272243,0.12009738,51753.762,0.18535559488945735,0.17504298014874617,1.0371495390781564
0.047272243,0.12235879,51815.301,0.18535559488945735,0.18401956806789896,1.0383827855711423
0.047272243,0.1246202,51882.027,0.18535559488945735,0.1929961559870518,1.03971997995992
0.047272243,0.12682161,51952.559,0.18535559488945735,0.20173457600425446,1.0411334468937876
0.047272243,0.12882334,52022.398,0.18535559488945735,0.2096803732437669,1.0425330260521042
0.047272243,0.13056397,52088.117,0.18535559488945735,0.21658974316329274,1.0438500400801602
0.047272243,0.13207759,52149.367,0.18535559488945735,0.22259800482579004,1.04507749498998
0.047272243,0.13339376,52206.07,0.18535559488945735,0.22782249561761966,1.0462138276553106
0.047272243,0.13453826,52258.004,0.18535559488945735,0.23236554834731943,1.0472545891783567
0.047272243,0.13553348,52305.395,0.18535559488945735,0.23631603933696724,1.0482043086172343
0.047272243,0.1363989,52348.219,0.18535559488945735,0.23975129376539597,1.04906250501002
0.047272243,0.13715142,52386.715,0.18535559488945735,0.24273839559165525,1.0498339679358717
0.047272243,0.13780579,52421.152,0.18535559488945735,0.24533589442497436,1.0505240881763527
0.047272243,0.13837482,52451.805,0.18535559488945735,0.24759463911241958,1.051138376753507
0.047272243,0.13886961,52478.973,0.18535559488945735,0.24955869071585177,1.0516828256513027
0.047272243,0.13929988,52503.008,0.18535559488945735,0.2512666324353868,1.052164488977956
0.048361089,0.012700121,52635.379,0.18967773101223823,-0.2512666840384324,1.0548172144288577
0.048361089,0.013130382,52608.086,0.18967773101223823,-0.24955877804408255,1.0542702605210421
0.048361089,0.013625182,52577.145,0.18967773101223823,-0.247594686746,1.0536502004008015
0.048361089,0.014194202,52542.152,0.18967773101223823,-0.24533598175320506,1.0529489378757515
0.048361089,0.014848575,52502.754,0.18967773101223823,-0.24273847101149093,1.0521593987975952
0.048361089,0.015601104,52458.602,0.18967773101223823,-0.23975133346004643,1.0512745891783566
0.048361089,0.016466513,52409.367,0.18967773101223823,-0.23631612269573293,1.0502879158316634
0.048361089,0.017461732,52354.773,0.18967773101223823,-0.23236563567555024,1.0491938476953908
0.048361089,0.018606234,52294.73,0.18967773101223823,-0.22782257500692038,1.0479905811623247
0.048361089,0.019922413,52229.176,0.18967773101223823,-0.2225980484899055,1.046676873747495
0.048361089,0.021436017,52158.293,0.18967773101223823,-0.21658985033884867,1.0452563727454909
0.048361089,0.023176663,52082.469,0.18967773101223823,-0.20968041690788228,1.0437368537074148
0.048361089,0.025178403,52002.164,0.18967773101223823,-0.20173457997371952,1.0421275350701402
0.048361089,0.027379805,51921.637,0.18967773101223823,-0.19299619171223714,1.0405137675350702
0.048361089,0.029641211,51846.32,0.18967773101223823,-0.18401961967094446,1.0390044088176353
0.048361089,0.031902611,51777.844,0.18967773101223823,-0.17504307144644196,1.0376321442885772
0.048361089,0.034164019,51715.727,0.18967773101223823,-0.1660664914662192,1.0363873146292586
0.048361089,0.036425423,51659.543,0.18967773101223823,-0.15708992736385657,1.035261382765531
0.048361089,0.038686827,51608.984,0.18967773101223823,-0.14811336326149394,1.0342481763527054
0.048361089,0.040948234,51563.906,0.18967773101223823,-0.1391367872507362,1.0333448096192386
0.048361089,0.043209635,51524.219,0.18967773101223823,-0.13016023505676866,1.0325494789579157
0.048361089,0.045471042,51489.293,0.18967773101223823,-0.12118365904601092,1.0318495591182364
0.048361089,0.047732443,51459.047,0.18967773101223823,-0.1122071068520434,1.0312434268537074
0.048361089,0.04999385,51433.105,0.18967773101223823,-0.10323053084128567,1.0307235470941885
0.048361089,0.052255251,51410.797,0.18967773101223823,-0.09425397864731812,1.030276492985972
0.048361089,0.054516658,51391.797,0.18967773101223823,-0.08527740263656039,1.0298957314629258
0.048361089,0.056778062,51375.738,0.18967773101223823,-0.07630083853419778,1.0295739078156312
0.048361089,0.059039466,51362.09,0.18967773101223823,-0.06732427443183514,1.0293004008016031
0.048361089,0.061300874,51350.75,0.18967773101223823,-0.05834769445161238,1.029073146292585
0.048361089,0.063562274,51341.176,0.18967773101223823,-0.04937114622710986,1.0288812825651303
0.048361089,0.065823682,51333.441,0.18967773101223823,-0.04039456624688713,1.02872627254509
0.048361089,0.068085089,51327.289,0.18967773101223823,-0.03141799023612937,1.0286029859719439
0.048361089,0.07034649,51322.629,0.18967773101223823,-0.02244143804216185,1.0285095991983968
0.048361089,0.07260789,51319.43,0.18967773101223823,-0.013464889817659361,1.028445490981964
0.048361089,0.074869297,51317.754,0.18967773101223823,-0.004488313806901604,1.0284119038076152
0.048361089,0.077130705,51317.352,0.18967773101223823,0.004488266173321129,1.0284038476953907
0.048361089,0.079392105,51318.555,0.18967773101223823,0.013464814397823674,1.0284279559118237
0.048361089,0.081653506,51321.121,0.18967773101223823,0.022441366591791193,1.028479378757515
0.048361089,0.083914913,51325.117,0.18967773101223823,0.0314179426025489,1.0285594589178357
0.048361089,0.086176321,51330.77,0.18967773101223823,0.04039452258277169,1.0286727454909819
0.048361089,0.088437721,51337.977,0.18967773101223823,0.049371070807274174,1.0288171743486973
0.048361089,0.090699129,51347.09,0.18967773101223823,0.058347650787496964,1.0289997995991984
0.048361089,0.092960536,51358.188,0.18967773101223823,0.06732422679825467,1.0292222044088177
0.048361089,0.095221937,51371.582,0.18967773101223823,0.07630077899222223,1.029490621242485
0.048361089,0.097483337,51387.5,0.18967773101223823,0.08527732721672474,1.029809619238477
0.048361089,0.099744745,51406.434,0.18967773101223823,0.09425390719694747,1.0301890581162325
0.048361089,0.10200615,51428.566,0.18967773101223823,0.10323047526877516,1.0306325851703406
0.048361089,0.10426755,51454.527,0.18967773101223823,0.11220702349327764,1.0311528456913828
0.048361089,0.10652896,51484.645,0.18967773101223823,0.1211836114124305,1.0317564128256513
0.048361089,0.10879037,51519.461,0.18967773101223823,0.1301601993315833,1.0324541282565132
0.048361089,0.11105177,51559.059,0.18967773101223823,0.1391367475560858,1.0332476753507014
0.048361089,0.11331317,51603.527,0.18967773101223823,0.14811329578058832,1.0341388176352706
0.048361089,0.11557458,51653.332,0.18967773101223823,0.1570898836997411,1.0351369138276554
0.048361089,0.11783598,51708.406,0.18967773101223823,0.16606643192424367,1.0362406012024048
0.048361089,0.12009738,51768.898,0.18967773101223823,0.17504298014874617,1.037452865731463
0.048361089,0.12235879,51835.191,0.18967773101223823,0.18401956806789896,1.038781382765531
0.048361089,0.1246202,51907.605,0.18967773101223823,0.1929961559870518,1.0402325651302606
0.048361089,0.12682161,51984.684,0.18967773101223823,0.20173457600425446,1.041777234468938
0.048361089,0.12882334,52061.305,0.18967773101223823,0.2096803732437669,1.0433127254509018
0.048361089,0.13056397,52133.5,0.18967773101223823,0.21658974316329274,1.044759519038076
0.048361089,0.13207759,52200.809,0.18967773101223823,0.22259800482579004,1.0461083967935871
0.048361089,0.13339376,52263.105,0.18967773101223823,0.22782249561761966,1.0473568136272546
0.048361089,0.13453826,52320.172,0.18967773101223823,0.23236554834731943,1.0485004408817635
0.048361089,0.13553348,52372.07,0.18967773101223823,0.23631603933696724,1.0495404809619238
0.048361089,0.1363989,52418.902,0.18967773101223823,0.23975129376539597,1.050478997995992
0.048361089,0.13715142,52460.949,0.18967773101223823,0.24273839559165525,1.051321623246493
0.048361089,0.13780579,52498.477,0.18967773101223823,0.24533589442497436,1.0520736873747494
0.048361089,0.13837482,52531.867,0.18967773101223823,0.24759463911241958,1.0527428256513025
0.048361089,0.13886961,52561.375,0.18967773101223823,0.24955869071585177,1.0533341683366733
0.048361089,0.13929988,52587.418,0.18967773101223823,0.2512666324353868,1.0538560721442884
0.049535982,0.012700121,52738.207,0.19434142769267088,-0.2512666840384324,1.0568778957915832
0.049535982,0.013130382,52708.578,0.19434142769267088,-0.24955877804408255,1.056284128256513
0.049535982,0.013625182,52674.898,0.19434142769267088,-0.247594686746,1.0556091783567134
0.049535982,0.014194202,52636.836,0.19434142769267088,-0.24533598175320506,1.0548464128256514
0.049535982,0.014848575,52593.867,0.19434142769267088,-0.24273847101149093,1.0539853106212425
0.049535982,0.015601104,52545.602,0.19434142769267088,-0.23975133346004643,1.0530180761523047
0.049535982,0.016466513,52491.688,0.19434142769267088,-0.23631612269573293,1.0519376352705412
0.049535982,0.017461732,52431.758,0.19434142769267088,-0.23236563567555024,1.050736633266533
0.049535982,0.018606234,52365.68,0.19434142769267088,-0.22782257500692038,1.0494124248496994
0.049535982,0.019922413,52293.473,0.19434142769267088,-0.2225980484899055,1.0479653907815631
0.049535982,0.021436017,52215.301,0.19434142769267088,-0.21658985033884867,1.0463988176352705
0.049535982,0.023176663,52131.633,0.19434142769267088,-0.20968041690788228,1.044722104208417
0.049535982,0.025178403,52043.109,0.19434142769267088,-0.20173457997371952,1.0429480761523044
0.049535982,0.027379805,51954.543,0.19434142769267088,-0.19299619171223714,1.0411732064128256
0.049535982,0.029641211,51872.168,0.19434142769267088,-0.18401961967094446,1.0395224048096192
0.049535982,0.031902611,51797.793,0.19434142769267088,-0.17504307144644196,1.0380319238476954
0.049535982,0.034164019,51730.945,0.19434142769267088,-0.1660664914662192,1.0366922845691382
0.049535982,0.036425423,51671.07,0.19434142769267088,-0.15708992736385657,1.035492384769539
0.049535982,0.038686827,51617.668,0.19434142769267088,-0.14811336326149394,1.0344222044088176
0.049535982,0.040948234,51570.508,0.19434142769267088,-0.1391367872507362,1.033477114228457
0.049535982,0.043209635,51529.285,0.19434142769267088,-0.13016023505676866,1.032651002004008
0.049535982,0.045471042,51493.332,0.19434142769267088,-0.12118365904601092,1.0319305010020041
0.049535982,0.047732443,51462.352,0.19434142769267088,-0.1122071068520434,1.0313096593186373
0.049535982,0.04999385,51435.953,0.19434142769267088,-0.10323053084128567,1.030780621242485
0.049535982,0.052255251,51413.348,0.19434142769267088,-0.09425397864731812,1.0303276152304608
0.049535982,0.054516658,51394.168,0.19434142769267088,-0.08527740263656039,1.0299432464929859
0.049535982,0.056778062,51377.93,0.19434142769267088,-0.07630083853419778,1.0296178356713428
0.049535982,0.059039466,51364.23,0.19434142769267088,-0.06732427443183514,1.0293432865731464
0.049535982,0.061300874,51352.684,0.19434142769267088,-0.05834769445161238,1.0291119038076153
0.049535982,0.063562274,51343.016,0.19434142769267088,-0.04937114622710986,1.0289181563126253
0.049535982,0.065823682,51335.195,0.19434142769267088,-0.04039456624688713,1.0287614228456914
0.049535982,0.068085089,51328.918,0.19434142769267088,-0.03141799023612937,1.028635631262525
0.049535982,0.07034649,51324.215,0.19434142769267088,-0.02244143804216185,1.028541382765531
0.049535982,0.07260789,51320.953,0.19434142769267088,-0.013464889817659361,1.0284760120240481
0.049535982,0.074869297,51319.242,0.19434142769267088,-0.004488313806901604,1.0284417234468937
0.049535982,0.077130705,51318.906,0.19434142769267088,0.004488266173321129,1.02843498997996
0.049535982,0.079392105,51320.129,0.19434142769267088,0.013464814397823674,1.028459498997996
0.049535982,0.081653506,51322.781,0.19434142769267088,0.022441366591791193,1.0285126452905813
0.049535982,0.083914913,51326.938,0.19434142769267088,0.0314179426025489,1.0285959519038077
0.049535982,0.086176321,51332.711,0.19434142769267088,0.04039452258277169,1.0287116432865733
0.049535982,0.088437721,51340.047,0.19434142769267088,0.049371070807274174,1.0288586573146292
0.049535982,0.090699129,51349.219,0.19434142769267088,0.058347650787496964,1.0290424649298597
0.049535982,0.092960536,51360.41,0.19434142769267088,0.06732422679825467,1.0292667334669339
0.049535982,0.095221937,51373.828,0.19434142769267088,0.07630077899222223,1.029535631262525
0.049535982,0.097483337,51389.852,0.19434142769267088,0.08527732721672474,1.029856753507014
0.049535982,0.099744745,51408.902,0.19434142769267088,0.09425390719694747,1.0302385170340682
0.049535982,0.10200615,51431.191,0.19434142769267088,0.10323047526877516,1.0306851903807615
0.049535982,0.10426755,51457.473,0.19434142769267088,0.11220702349327764,1.031211883767535
0.049535982,0.10652896,51488.188,0.19434142769267088,0.1211836114124305,1.0318274148296593
0.049535982,0.10879037,51523.887,0.19434142769267088,0.1301601993315833,1.0325428256513027
0.049535982,0.11105177,51564.82,0.19434142769267088,0.1391367475560858,1.033363126252505
0.049535982,0.11331317,51611.191,0.19434142769267088,0.14811329578058832,1.0342924048096191
0.049535982,0.11557458,51663.543,0.19434142769267088,0.1570898836997411,1.0353415430861723
0.049535982,0.11783598,51722.102,0.19434142769267088,0.16606643192424367,1.0365150701402805
0.049535982,0.12009738,51786.977,0.19434142769267088,0.17504298014874617,1.0378151703406813
0.049535982,0.12235879,51858.793,0.19434142769267088,0.18401956806789896,1.039254368737475
0.049535982,0.1246202,51937.941,0.19434142769267088,0.1929961559870518,1.040840501002004
0.049535982,0.12682161,52022.672,0.19434142769267088,0.20173457600425446,1.0425385170340682
0.049535982,0.12882334,52107.242,0.19434142769267088,0.2096803732437669,1.0442333066132263
0.049535982,0.13056397,52187.035,0.19434142769267088,0.21658974316329274,1.045832364729459
0.049535982,0.13207759,52261.496,0.19434142769267088,0.22259800482579004,1.0473245691382764
0.049535982,0.13339376,52330.262,0.19434142769267088,0.22782249561761966,1.0487026452905812
0.049535982,0.13453826,52393.227,0.19434142769267088,0.23236554834731943,1.0499644689378758
0.049535982,0.13553348,52450.383,0.19434142769267088,0.23631603933696724,1.051109879759519
0.049535982,0.1363989,52501.867,0.19434142769267088,0.23975129376539597,1.0521416232464929
0.049535982,0.13715142,52547.957,0.19434142769267088,0.24273839559165525,1.0530652705410821
0.049535982,0.13780579,52589.031,0.19434142769267088,0.24533589442497436,1.0538883967935873
0.049535982,0.13837482,52625.492,0.19434142769267088,0.24759463911241958,1.0546190781563125
0.049535982,0.13886961,52657.691,0.19434142769267088,0.24955869071585177,1.0552643486973947
0.049535982,0.13929988,52686.066,0.19434142769267088,0.2512666324353868,1.055832985971944
0.05074507,0.012700121,52852.402,0.19914086022989,-0.2512666840384324,1.059166372745491
0.05074507,0.013130382,52820.238,0.19914086022989,-0.24955877804408255,1.0585218036072144
0.05074507,0.013625182,52783.664,0.19914086022989,-0.247594686746,1.0577888577154309
0.05074507,0.014194202,52742.215,0.19914086022989,-0.24533598175320506,1.0569582164328657
0.05074507,0.014848575,52695.414,0.19914086022989,-0.24273847101149093,1.0560203206412826
0.05074507,0.015601104,52642.738,0.19914086022989,-0.23975133346004643,1.0549646893787574
0.05074507,0.016466513,52583.723,0.19914086022989,-0.23631612269573293,1.0537820240480962
0.05074507,0.017461732,52518.047,0.19914086022989,-0.23236563567555024,1.052465871743487
0.05074507,0.018606234,52445.438,0.19914086022989,-0.22782257500692038,1.0510107815631262
0.05074507,0.019922413,52365.949,0.19914086022989,-0.2225980484899055,1.0494178156312626
0.05074507,0.021436017,52279.668,0.19914086022989,-0.21658985033884867,1.04768873747495
0.05074507,0.023176663,52187.285,0.19914086022989,-0.20968041690788228,1.0458373747494991
0.05074507,0.025178405,52089.609,0.19914086022989,-0.20173457203478948,1.0438799398797594
0.05074507,0.027379805,51992.152,0.19914086022989,-0.19299619171223714,1.0419268937875752
0.05074507,0.029641211,51901.926,0.19914086022989,-0.18401961967094446,1.0401187575150301
0.05074507,0.031902615,51821.031,0.19914086022989,-0.17504305556858182,1.038497615230461
0.05074507,0.034164019,51748.949,0.19914086022989,-0.1660664914662192,1.0370530861723446
0.05074507,0.036425423,51684.938,0.19914086022989,-0.15708992736385657,1.0357703006012025
0.05074507,0.038686827,51628.441,0.19914086022989,-0.14811336326149394,1.0346380961923847
0.05074507,0.040948234,51578.898,0.19914086022989,-0.1391367872507362,1.033645250501002
0.05074507,0.043209635,51535.961,0.19914086022989,-0.13016023505676866,1.0327847895791584
0.05074507,0.045471042,51498.707,0.19914086022989,-0.12118365904601092,1.0320382164328659
0.05074507,0.047732443,51466.852,0.19914086022989,-0.1122071068520434,1.0313998396793587
0.05074507,0.04999385,51439.816,0.19914086022989,-0.10323053084128567,1.0308580360721442
0.05074507,0.052255251,51416.781,0.19914086022989,-0.09425397864731812,1.0303964128256513
0.05074507,0.054516658,51397.258,0.19914086022989,-0.08527740263656039,1.0300051703406814
0.05074507,0.056778062,51380.793,0.19914086022989,-0.07630083853419778,1.0296752104208415
0.05074507,0.059039466,51366.859,0.19914086022989,-0.06732427443183514,1.0293959719438877
0.05074507,0.061300874,51355.098,0.19914086022989,-0.05834769445161238,1.0291602805611222
0.05074507,0.063562274,51345.215,0.19914086022989,-0.04937114622710986,1.0289622244488976
0.05074507,0.065823682,51337.203,0.19914086022989,-0.04039456624688713,1.0288016633266532
0.05074507,0.068085089,51330.766,0.19914086022989,-0.03141799023612937,1.0286726653306615
0.05074507,0.07034649,51325.984,0.19914086022989,-0.02244143804216185,1.0285768336673347
0.05074507,0.07260789,51322.664,0.19914086022989,-0.013464889817659361,1.0285103006012024
0.05074507,0.074869297,51320.949,0.19914086022989,-0.004488313806901604,1.0284759318637275
0.05074507,0.077130705,51320.648,0.19914086022989,0.004488266173321129,1.0284698997995991
0.05074507,0.079392105,51321.938,0.19914086022989,0.013464814397823674,1.028495751503006
0.05074507,0.081653506,51324.676,0.19914086022989,0.022441366591791193,1.0285506212424849
0.05074507,0.083914913,51328.977,0.19914086022989,0.0314179426025489,1.0286368136272546
0.05074507,0.086176321,51334.965,0.19914086022989,0.04039452258277169,1.0287568136272545
0.05074507,0.088437721,51342.48,0.19914086022989,0.049371070807274174,1.0289074148296593
0.05074507,0.090699129,51351.824,0.19914086022989,0.058347650787496964,1.0290946693386773
0.05074507,0.092960536,51363.188,0.19914086022989,0.06732422679825467,1.0293224048096192
0.05074507,0.095221937,51376.789,0.19914086022989,0.07630077899222223,1.0295949699398796
0.05074507,0.097483337,51392.945,0.19914086022989,0.08527732721672474,1.0299187374749499
0.05074507,0.099744745,51412.215,0.19914086022989,0.09425390719694747,1.0303049098196393
0.05074507,0.10200615,51434.84,0.19914086022989,0.10323047526877516,1.0307583166332666
0.05074507,0.10426755,51461.625,0.19914086022989,0.11220702349327764,1.0312950901803608
0.05074507,0.10652896,51493.027,0.19914086022989,0.1211836114124305,1.031924388777555
0.05074507,0.10879037,51529.82,0.19914086022989,0.1301601993315833,1.0326617234468938
0.05074507,0.11105177,51572.289,0.19914086022989,0.1391367475560858,1.0335128056112224
0.05074507,0.11331317,51620.793,0.19914086022989,0.14811329578058832,1.0344848296593185
0.05074507,0.11557458,51676.004,0.19914086022989,0.1570898836997411,1.03559126252505
0.05074507,0.11783598,51738.32,0.19914086022989,0.16606643192424367,1.0368400801603206
0.05074507,0.12009738,51808.102,0.19914086022989,0.17504298014874617,1.0382385170340682
0.05074507,0.12235879,51886.051,0.19914086022989,0.18401956806789896,1.039800621242485
0.05074507,0.1246202,51972.66,0.19914086022989,0.1929961559870518,1.0415362725450903
0.05074507,0.12682161,52065.918,0.19914086022989,0.20173457600425446,1.0434051703406813
0.05074507,0.12882334,52159.316,0.19914086022989,0.2096803732437669,1.045276873747495
0.05074507,0.13056397,52247.574,0.19914086022989,0.21658974316329274,1.0470455711422846
0.05074507,0.13207759,52329.891,0.19914086022989,0.22259800482579004,1.0486952104208418
0.05074507,0.13339376,52405.875,0.19914086022989,0.22782249561761966,1.0502179358717434
0.05074507,0.13453826,52475.27,0.19914086022989,0.23236554834731943,1.051608617234469
0.05074507,0.13553348,52538.086,0.19914086022989,0.23631603933696724,1.0528674549098196
0.05074507,0.1363989,52594.59,0.19914086022989,0.23975129376539597,1.0539997995991983
0.05074507,0.13715142,52645.082,0.19914086022989,0.24273839559165525,1.0550116633266533
0.05074507,0.13780579,52689.98,0.19914086022989,0.24533589442497436,1.0559114228456914
0.05074507,0.13837482,52729.754,0.19914086022989,0.24759463911241958,1.056708496993988
0.05074507,0.13886961,52764.844,0.19914086022989,0.24955869071585177,1.0574117034068136
0.05074507,0.13929988,52795.727,0.19914086022989,0.2512666324353868,1.0580306012024048
0.051954158,0.012700121,52974.977,0.2039402927671091,-0.2512666840384324,1.0616227855711422
0.051954158,0.013130382,52940.188,0.2039402927671091,-0.24955877804408255,1.060925611222445
0.051954158,0.013625182,52900.598,0.2039402927671091,-0.247594686746,1.0601322244488978
0.051954158,0.014194202,52855.648,0.2039402927671091,-0.24533598175320506,1.0592314228456914
0.051954158,0.014848575,52804.789,0.2039402927671091,-0.24273847101149093,1.0582122044088176
0.051954158,0.015601104,52747.473,0.2039402927671091,-0.23975133346004643,1.0570635871743486
0.051954158,0.016466513,52683.195,0.2039402927671091,-0.23631612269573293,1.0557754509018036
0.051954158,0.017461732,52611.473,0.2039402927671091,-0.23236563567555024,1.054338136272545
0.051954158,0.018606234,52532.027,0.2039402927671091,-0.22782257500692038,1.0527460320641282
0.051954158,0.019922413,52444.832,0.2039402927671091,-0.2225980484899055,1.0509986372745492
0.051954158,0.021436017,52350.031,0.2039402927671091,-0.21658985033884867,1.0490988176352707
0.051954158,0.023176663,52248.41,0.2039402927671091,-0.20968041690788228,1.0470623246492987
0.051954158,0.025178406,52140.965,0.2039402927671091,-0.20173456806532444,1.044909118236473
0.051954158,0.027379805,52033.984,0.2039402927671091,-0.19299619171223714,1.0427652104208416
0.051954158,0.029641211,51935.332,0.2039402927671091,-0.18401961967094446,1.0407882164328657
0.051954158,0.031902615,51847.461,0.2039402927671091,-0.17504305556858182,1.0390272745490983
0.051954158,0.034164019,51769.699,0.2039402927671091,-0.1660664914662192,1.0374689178356713
0.051954158,0.036425423,51701.273,0.2039402927671091,-0.15708992736385657,1.0360976553106214
0.051954158,0.038686827,51641.34,0.2039402927671091,-0.14811336326149394,1.0348965931863727
0.051954158,0.040948234,51589.207,0.2039402927671091,-0.1391367872507362,1.0338518436873747
0.051954158,0.043209635,51544.289,0.2039402927671091,-0.13016023505676866,1.0329516833667334
0.051954158,0.045471042,51505.613,0.2039402927671091,-0.12118365904601092,1.032176613226453
0.051954158,0.047732443,51472.668,0.2039402927671091,-0.1122071068520434,1.031516392785571
0.051954158,0.04999385,51444.812,0.2039402927671091,-0.10323053084128567,1.030958156312625
0.051954158,0.052255251,51421.148,0.2039402927671091,-0.09425397864731812,1.0304839278557114
0.051954158,0.054516658,51401.191,0.2039402927671091,-0.08527740263656039,1.0300839879759518
0.051954158,0.056778062,51384.289,0.2039402927671091,-0.07630083853419778,1.0297452705410821
0.051954158,0.059039466,51370.016,0.2039402927671091,-0.06732427443183514,1.0294592384769539
0.051954158,0.061300874,51357.941,0.2039402927671091,-0.05834769445161238,1.029217254509018
0.051954158,0.063562274,51347.801,0.2039402927671091,-0.04937114622710986,1.0290140480961925
0.051954158,0.065823682,51339.59,0.2039402927671091,-0.04039456624688713,1.028849498997996
0.051954158,0.068085089,51332.977,0.2039402927671091,-0.03141799023612937,1.0287169739478959
0.051954158,0.07034649,51328.059,0.2039402927671091,-0.02244143804216185,1.0286184168336674
0.051954158,0.07260789,51324.695,0.2039402927671091,-0.013464889817659361,1.028551002004008
0.051954158,0.074869297,51322.938,0.2039402927671091,-0.004488313806901604,1.0285157915831664
0.051954158,0.077130705,51322.672,0.2039402927671091,0.004488266173321129,1.0285104609218436
0.051954158,0.079392105,51324.027,0.2039402927671091,0.013464814397823674,1.028537615230461
0.051954158,0.081653506,51326.918,0.2039402927671091,0.022441366591791193,1.0285955511022045
0.051954158,0.083914913,51331.379,0.2039402927671091,0.0314179426025489,1.0286849498997996
0.051954158,0.086176321,51337.559,0.2039402927671091,0.04039452258277169,1.0288087975951905
0.051954158,0.088437721,51345.293,0.2039402927671091,0.049371070807274174,1.0289637875751503
0.051954158,0.090699129,51354.891,0.2039402927671091,0.058347650787496964,1.029156132264529
0.051954158,0.092960536,51366.516,0.2039402927671091,0.06732422679825467,1.029389098196393
0.051954158,0.095221937,51380.383,0.2039402927671091,0.07630077899222223,1.029666993987976
0.051954158,0.097483337,51396.875,0.2039402927671091,0.08527732721672474,1.02999749498998
0.051954158,0.099744745,51416.512,0.2039402927671091,0.09425390719694747,1.0303910220440882
0.051954158,0.10200615,51439.594,0.2039402927671091,0.10323047526877516,1.0308535871743487
0.051954158,0.10426755,51467.062,0.2039402927671091,0.11220702349327764,1.0314040480961923
0.051954158,0.10652896,51499.383,0.2039402927671091,0.1211836114124305,1.032051763527054
0.051954158,0.10879037,51537.426,0.2039402927671091,0.1301601993315833,1.0328141482965931
0.051954158,0.11105177,51581.605,0.2039402927671091,0.1391367475560858,1.033699498997996
0.051954158,0.11331317,51632.441,0.2039402927671091,0.14811329578058832,1.034718256513026
0.051954158,0.11557458,51690.758,0.2039402927671091,0.1570898836997411,1.0358869338677354
0.051954158,0.11783598,51757.176,0.2039402927671091,0.16606643192424367,1.0372179559118235
0.051954158,0.12009738,51832.172,0.2039402927671091,0.17504298014874617,1.038720881763527
0.051954158,0.12235879,51916.715,0.2039402927671091,0.18401956806789896,1.040415130260521
0.051954158,0.1246202,52011.285,0.2039402927671091,0.1929961559870518,1.0423103206412827
0.051954158,0.12682161,52113.734,0.2039402927671091,0.20173457600425446,1.0443634068136272
0.051954158,0.12882334,52216.527,0.2039402927671091,0.2096803732437669,1.046423386773547
0.051954158,0.13056397,52313.844,0.2039402927671091,0.21658974316329274,1.048373627254509
0.051954158,0.13207759,52404.539,0.2039402927671091,0.22259800482579004,1.0501911623246492
0.051954158,0.13339376,52488.051,0.2039402927671091,0.22782249561761966,1.0518647494989979
0.051954158,0.13453826,52564.199,0.2039402927671091,0.23236554834731943,1.053390761523046
0.051954158,0.13553348,52633.031,0.2039402927671091,0.23631603933696724,1.0547701603206414
0.051954158,0.1363989,52694.797,0.2039402927671091,0.23975129376539597,1.0560079559118236
0.051954158,0.13715142,52749.879,0.2039402927671091,0.24273839559165525,1.0571118036072145
0.051954158,0.13780579,52798.789,0.2039402927671091,0.24533589442497436,1.0580919639278556
0.051954158,0.13837482,52842.082,0.2039402927671091,0.24759463911241958,1.0589595591182366
0.051954158,0.13886961,52880.215,0.2039402927671091,0.24955869071585177,1.0597237474949899
0.051954158,0.13929988,52913.762,0.2039402927671091,0.2512666324353868,1.0603960320641284
0.053163245,0.012700121,53106.273,0.20873972133486315,-0.2512666840384324,1.0642539679358718
0.053163245,0.013130382,53068.738,0.20873972133486315,-0.24955877804408255,1.063501763527054
0.053163245,0.013625182,53025.934,0.20873972133486315,-0.247594686746,1.0626439679358717
0.053163245,0.014194202,52977.367,0.20873972133486315,-0.24533598175320506,1.0616706813627255
0.053163245,0.014848575,52922.277,0.20873972133486315,-0.24273847101149093,1.0605666733466934
0.053163245,0.015601104,52860.109,0.20873972133486315,-0.23975133346004643,1.0593208216432866
0.053163245,0.016466513,52790.281,0.20873972133486315,-0.23631612269573293,1.0579214629258518
0.053163245,0.017461732,52712.211,0.20873972133486315,-0.23236563567555024,1.0563569338677354
0.053163245,0.018606234,52625.625,0.20873972133486315,-0.22782257500692038,1.054621743486974
0.053163245,0.019922413,52530.363,0.20873972133486315,-0.2225980484899055,1.0527126853707414
0.053163245,0.021436017,52426.594,0.20873972133486315,-0.21658985033884867,1.050633146292585
0.053163245,0.023176663,52315.227,0.20873972133486315,-0.20968041690788228,1.0484013426853707
0.053163245,0.025178406,52197.48,0.20873972133486315,-0.20173456806532444,1.0460416833667334
0.053163245,0.027379805,52080.379,0.20873972133486315,-0.19299619171223714,1.0436949699398799
0.053163245,0.029641211,51972.797,0.20873972133486315,-0.18401961967094446,1.0415390180360722
0.053163245,0.031902615,51877.445,0.20873972133486315,-0.17504305556858182,1.0396281563126253
0.053163245,0.034164019,51793.652,0.20873972133486315,-0.1660664914662192,1.0379489378757516
0.053163245,0.036425427,51720.391,0.20873972133486315,-0.1570899114859964,1.0364807815631263
0.053163245,0.038686827,51656.719,0.20873972133486315,-0.14811336326149394,1.0352047895791583
0.053163245,0.040948234,51601.684,0.20873972133486315,-0.1391367872507362,1.034101883767535
0.053163245,0.043209635,51554.539,0.20873972133486315,-0.13016023505676866,1.0331570941883768
0.053163245,0.045471042,51514.184,0.20873972133486315,-0.12118365904601092,1.032348376753507
0.053163245,0.047732443,51479.91,0.20873972133486315,-0.1122071068520434,1.0316615230460922
0.053163245,0.04999385,51451.07,0.20873972133486315,-0.10323053084128567,1.0310835671342686
0.053163245,0.052255251,51426.594,0.20873972133486315,-0.09425397864731812,1.0305930661322644
0.053163245,0.054516658,51405.934,0.20873972133486315,-0.08527740263656039,1.0301790380761524
0.053163245,0.056778062,51388.48,0.20873972133486315,-0.07630083853419778,1.029829258517034
0.053163245,0.059039466,51373.75,0.20873972133486315,-0.06732427443183514,1.0295340681362726
0.053163245,0.061300874,51361.293,0.20873972133486315,-0.05834769445161238,1.0292844288577154
0.053163245,0.063562274,51350.863,0.20873972133486315,-0.04937114622710986,1.0290754108216433
0.053163245,0.065823682,51342.355,0.20873972133486315,-0.04039456624688713,1.0289049098196394
0.053163245,0.068085089,51335.543,0.20873972133486315,-0.03141799023612937,1.0287683967935872
0.053163245,0.07034649,51330.441,0.20873972133486315,-0.02244143804216185,1.0286661523046092
0.053163245,0.07260789,51326.949,0.20873972133486315,-0.013464889817659361,1.0285961723446895
0.053163245,0.074869297,51325.172,0.20873972133486315,-0.004488313806901604,1.0285605611222444
0.053163245,0.077130705,51324.945,0.20873972133486315,0.004488266173321129,1.028556012024048
0.053163245,0.079392105,51326.414,0.20873972133486315,0.013464814397823674,1.0285854509018035
0.053163245,0.081653506,51329.461,0.20873972133486315,0.022441366591791193,1.0286465130260523
0.053163245,0.083914913,51334.145,0.20873972133486315,0.0314179426025489,1.028740380761523
0.053163245,0.086176321,51340.543,0.20873972133486315,0.04039452258277169,1.0288685971943887
0.053163245,0.088437721,51348.59,0.20873972133486315,0.049371070807274174,1.0290298597194387
0.053163245,0.090699129,51358.488,0.20873972133486315,0.058347650787496964,1.0292282164328657
0.053163245,0.092960536,51370.449,0.20873972133486315,0.06732422679825467,1.0294679158316633
0.053163245,0.095221937,51384.707,0.20873972133486315,0.07630077899222223,1.0297536472945892
0.053163245,0.097483337,51401.641,0.20873972133486315,0.08527732721672474,1.0300930060120241
0.053163245,0.099744745,51421.844,0.20873972133486315,0.09425390719694747,1.0304978757515029
0.053163245,0.10200615,51445.629,0.20873972133486315,0.10323047526877516,1.0309745290581163
0.053163245,0.10426755,51473.91,0.20873972133486315,0.11220702349327764,1.0315412825651302
0.053163245,0.10652896,51507.336,0.20873972133486315,0.1211836114124305,1.0322111422845692
0.053163245,0.10879037,51546.871,0.20873972133486315,0.1301601993315833,1.0330034268537074
0.053163245,0.11105177,51592.969,0.20873972133486315,0.1391367475560858,1.0339272344689379
0.053163245,0.11331317,51646.441,0.20873972133486315,0.14811329578058832,1.0349988176352705
0.053163245,0.11557458,51708.145,0.20873972133486315,0.1570898836997411,1.0362353707414829
0.053163245,0.11783598,51778.977,0.20873972133486315,0.16606643192424367,1.0376548496993987
0.053163245,0.12009738,51859.605,0.20873972133486315,0.17504298014874617,1.0392706412825652
0.053163245,0.12235879,51951.16,0.20873972133486315,0.18401956806789896,1.0411054108216433
0.053163245,0.1246202,52054.266,0.20873972133486315,0.1929961559870518,1.0431716633266535
0.053163245,0.12682161,52166.387,0.20873972133486315,0.20173457600425446,1.0454185771543087
0.053163245,0.12882334,52279.262,0.20873972133486315,0.2096803732437669,1.047680601202405
0.053163245,0.13056397,52386.105,0.20873972133486315,0.21658974316329274,1.049821743486974
0.053163245,0.13207759,52485.57,0.20873972133486315,0.22259800482579004,1.0518150300601203
0.053163245,0.13339376,52577.109,0.20873972133486315,0.22782249561761966,1.0536494789579158
0.053163245,0.13453826,52660.367,0.20873972133486315,0.23236554834731943,1.0553179759519038
0.053163245,0.13553348,52735.469,0.20873972133486315,0.23631603933696724,1.056823026052104
0.053163245,0.1363989,52802.742,0.20873972133486315,0.23975129376539597,1.0581711823647295
0.053163245,0.13715142,52862.676,0.20873972133486315,0.24273839559165525,1.0593722645290582
0.053163245,0.13780579,52915.801,0.20873972133486315,0.24533589442497436,1.0604368937875752
0.053163245,0.13837482,52962.75,0.20873972133486315,0.24759463911241958,1.061377755511022
0.053163245,0.13886961,53004.055,0.20873972133486315,0.24955869071585177,1.062205511022044
0.053163245,0.13929988,53040.324,0.20873972133486315,0.2512666324353868,1.0629323446893788
0.054359309,0.017461706,52819.297,0.21348745555949894,-0.23236573888164108,1.0585029458917836
0.054359309,0.018606203,52725.289,0.21348745555949894,-0.2278226980603364,1.0566190180360722
0.054359309,0.019922372,52621.734,0.21348745555949894,-0.22259821123797183,1.0545437675350702
0.054359309,0.021435969,52508.73,0.21348745555949894,-0.21659004087317024,1.0522791583166333
0.054359309,0.023176603,52387.238,0.21348745555949894,-0.20968065507578423,1.0498444488977956
0.054359309,0.025178336,52258.781,0.21348745555949894,-0.20173484592787674,1.0472701603206414
0.054359309,0.027379734,52131.156,0.21348745555949894,-0.19299647354425445,1.0447125450901804
0.054359309,0.02964114,52014.191,0.21348745555949894,-0.18401990150296177,1.0423685571142285
0.054359309,0.031902548,51910.973,0.21348745555949894,-0.175043321522739,1.0403000601202403
0.054359309,0.034163956,51820.688,0.21348745555949894,-0.16606674154251624,1.038490741482966
0.054359309,0.036425367,51742.281,0.21348745555949894,-0.1570901496538984,1.0369194589178357
0.054359309,0.038686771,51674.48,0.21348745555949894,-0.14811358555153575,1.035560721442886
0.054359309,0.040948182,51616.266,0.21348745555949894,-0.1391369936629179,1.034394108216433
0.054359309,0.04320959,51566.598,0.21348745555949894,-0.13016041368269513,1.03339875751503
0.054359309,0.045470998,51524.25,0.21348745555949894,-0.12118383370247236,1.0325501002004007
0.054359309,0.047732402,51488.453,0.21348745555949894,-0.11220726960010972,1.0318327254509019
0.054359309,0.049993813,51458.348,0.21348745555949894,-0.10323067771149187,1.0312294188376754
0.054359309,0.052255221,51432.859,0.21348745555949894,-0.09425409773126911,1.030718617234469
0.054359309,0.054516628,51411.344,0.21348745555949894,-0.08527752172051138,1.0302874549098195
0.054359309,0.056778032,51393.246,0.21348745555949894,-0.07630095761814874,1.029924769539078
0.054359309,0.059039444,51377.891,0.21348745555949894,-0.06732436176006584,1.0296170541082166
0.054359309,0.061300851,51365.012,0.21348745555949894,-0.05834778574930811,1.0293589579158318
0.054359309,0.063562259,51354.168,0.21348745555949894,-0.04937120576908537,1.0291416432865732
0.054359309,0.065823667,51345.359,0.21348745555949894,-0.04039462578886258,1.028965110220441
0.054359309,0.068085074,51338.285,0.21348745555949894,-0.03141804977810488,1.028823346693387
0.054359309,0.070346482,51333.031,0.21348745555949894,-0.022441469797882096,1.0287180561122244
0.054359309,0.07260789,51329.449,0.21348745555949894,-0.013464889817659361,1.0286462725450902
0.054359309,0.074869297,51327.652,0.21348745555949894,-0.004488313806901604,1.028610260521042
0.054359309,0.077130705,51327.465,0.21348745555949894,0.004488266173321129,1.028606513026052
0.054359309,0.079392113,51329.023,0.21348745555949894,0.013464846153543916,1.028637735470942
0.054359309,0.08165352,51332.203,0.21348745555949894,0.02244142216430162,1.0287014629258517
0.054359309,0.083914928,51337.09,0.21348745555949894,0.03141800214452441,1.0287993987975952
0.054359309,0.086176336,51343.77,0.21348745555949894,0.0403945821247472,1.0289332665330662
0.054359309,0.088437751,51352.117,0.21348745555949894,0.049371189891225145,1.0291005410821643
0.054359309,0.090699151,51362.383,0.21348745555949894,0.05834773811572769,1.02930627254509
0.054359309,0.092960559,51374.73,0.21348745555949894,0.06732431809595042,1.0295537074148298
0.054359309,0.095221967,51389.5,0.21348745555949894,0.07630089807617321,1.0298496993987976
0.054359309,0.097483374,51407.055,0.21348745555949894,0.08527747408693091,1.030201503006012
0.054359309,0.099744774,51427.957,0.21348745555949894,0.0942540223114334,1.030620380761523
0.054359309,0.10200618,51452.59,0.21348745555949894,0.10323059435272612,1.0311140280561122
0.054359309,0.1042676,51481.961,0.21348745555949894,0.11220722196652928,1.031702625250501
0.054359309,0.106529,51516.719,0.21348745555949894,0.12118377019103177,1.0323991783567135
0.054359309,0.10879041,51557.973,0.21348745555949894,0.13016035811018462,1.0332259118236473
0.054359309,0.11105182,51606.312,0.21348745555949894,0.1391369460293374,1.034194629258517
0.054359309,0.11331323,51662.621,0.21348745555949894,0.14811353394849025,1.0353230661322645
0.054359309,0.11557464,51728.102,0.21348745555949894,0.15709012186764312,1.0366353106212425
0.054359309,0.11783604,51803.66,0.21348745555949894,0.1660666700921456,1.038149498997996
0.054359309,0.12009746,51890.32,0.21348745555949894,0.17504329770594876,1.0398861723446893
0.054359309,0.12235886,51989.316,0.21348745555949894,0.18401984593045123,1.0418700601202404
0.054359309,0.12462027,52101.383,0.21348745555949894,0.1929964338496041,1.0441158917835671
0.054359309,0.12682167,52223.777,0.21348745555949894,0.20173481417215638,1.0465686773547094
0.054359309,0.1288234,52347.105,0.21348745555949894,0.20968061141166883,1.0490401803607214
0.054359309,0.13056403,52463.836,0.21348745555949894,0.21658998133119467,1.0513794789579158
0.054359309,0.13207763,52572.477,0.21348745555949894,0.22259816360439136,1.0535566533066132
0.054359309,0.13339379,52672.223,0.21348745555949894,0.2278226147015707,1.0555555711422846
0.054359309,0.13453829,52762.824,0.21348745555949894,0.23236566743127046,1.0573712224448897
0.054359309,0.13553351,52844.422,0.21348745555949894,0.23631615842091816,1.0590064529058116
0.054359309,0.13639891,52917.449,0.21348745555949894,0.2397513334600464,1.0604699198396794
0.054359309,0.13715144,52982.387,0.21348745555949894,0.24273847498095596,1.0617712825651302
0.054359309,0.1378058,53039.875,0.21348745555949894,0.24533593411962465,1.0629233466933867
0.054359309,0.13837484,53090.566,0.21348745555949894,0.24759471850172018,1.0639391983967936
0.054359309,0.13886961,53135.172,0.21348745555949894,0.24955869071585177,1.0648331062124248
0.054359309,0.13929988,53174.297,0.21348745555949894,0.2512666324353868,1.0656171743486973
0.054359313,0.012700121,53244.906,0.21348747143735908,-0.2512666840384324,1.0670321843687376
0.054359313,0.01313038,53204.527,0.21348747143735908,-0.2495587859830126,1.0662229859719439
0.054359313,0.013625177,53158.434,0.21348747143735908,-0.24759470659332514,1.0652992785571143
0.054359313,0.014194192,53106.043,0.21348747143735908,-0.2453360214478554,1.0642493587174349
0.054359313,0.014848562,53046.602,0.21348747143735908,-0.24273852261453638,1.0630581563126251
0.054359313,0.015601087,52979.492,0.21348747143735908,-0.23975140094095196,1.0617132665330662
0.054359313,0.016466491,52903.883,0.21348747143735908,-0.23631621002396366,1.0601980561122244
0.055631079,0.13639894,53048.973,0.2185357021038854,0.2397514525439973,1.0631056713426854
0.055631079,0.13715146,53119.418,0.2185357021038854,0.24273855437025657,1.0645173947895792
0.055631079,0.13780583,53181.738,0.2185357021038854,0.24533605320357557,1.0657662925851703
0.055631079,0.13837484,53236.637,0.2185357021038854,0.24759471850172018,1.0668664729458919
0.055631079,0.13886963,53284.867,0.2185357021038854,0.24955877010515237,1.067833006012024
0.055631079,0.13929988,53327.129,0.2185357021038854,0.2512666324353868,1.0686799398797595
0.055631083,0.068085045,51341.355,0.21853571798174554,-0.03141816489259082,1.028884869739479
0.055631083,0.07034646,51335.879,0.21853571798174554,-0.02244155712611282,1.028775130260521
0.055631083,0.072607875,51332.168,0.21853571798174554,-0.013464949359634819,1.0287007615230461
0.055631083,0.07486929,51330.32,0.21853571798174554,-0.004488341593156817,1.0286637274549097
0.055631083,0.077130705,51330.152,0.21853571798174554,0.004488266173321129,1.0286603607214428
0.055631083,0.07939212,51331.816,0.21853571798174554,0.01346487393979913,1.0286937074148297
0.055631083,0.081653535,51335.195,0.21853571798174554,0.02244148170627713,1.0287614228456914
0.055631083,0.08391495,51340.32,0.21853571798174554,0.03141808947275513,1.028864128256513
0.055631083,0.086176366,51347.312,0.21853571798174554,0.04039470120869816,1.029004248496994
0.055631083,0.088437788,51356.016,0.21853571798174554,0.04937133676143138,1.0291786773547096
0.055631083,0.090699203,51366.758,0.21853571798174554,0.05834794452790938,1.0293939478957916
0.055631083,0.092960611,51379.773,0.21853571798174554,0.06732452450813212,1.029654769539078
0.055631083,0.095222026,51395.23,0.21853571798174554,0.0763011322746101,1.0299645290581163
0.055631083,0.097483441,51413.605,0.21853571798174554,0.08527774004108811,1.0303327655310621
0.055631083,0.099744856,51435.469,0.21853571798174554,0.09425434780756611,1.0307709218436873
0.055631083,0.10200627,51461.293,0.21853571798174554,0.10323095160457903,1.0312884368737474
0.055631083,0.10426768,51492.109,0.21853571798174554,0.11220753952373187,1.031905991983968
0.055631083,0.1065291,51528.641,0.21853571798174554,0.12118416713753503,1.032638096192385
0.055631083,0.10879052,51572.086,0.21853571798174554,0.13016079475133818,1.0335087374749499
0.055631083,0.11105193,51623.242,0.21853571798174554,0.13913738267049097,1.0345339078156313
0.055631083,0.11331335,51683.062,0.21853571798174554,0.14811401028429413,1.0357327054108216
0.055631083,0.11557476,51752.984,0.21853571798174554,0.15709059820344698,1.0371339478957915
0.055631083,0.11783618,51834.184,0.21853571798174554,0.16606722581725014,1.0387612024048096
0.055631083,0.12009759,51927.832,0.21853571798174554,0.175043813736403,1.0406379158316634
0.055631083,0.12235901,52035.355,0.21853571798174554,0.18402044135020615,1.0427926853707417
0.055631083,0.12462042,52157.645,0.21853571798174554,0.19299702926935894,1.0452433867735471
0.055631083,0.12682182,52291.625,0.21853571798174554,0.20173540959191127,1.0479283567134268
0.055631083,0.12882352,52426.629,0.21853571798174554,0.2096810877474727,1.0506338476953907
0.055631083,0.13056412,52554.449,0.21853571798174554,0.21659033858304763,1.053195370741483
0.055631083,0.13207771,52673.211,0.21853571798174554,0.22259848116159392,1.055575370741483
0.055631083,0.13339387,52782.012,0.21853571798174554,0.22782293225877323,1.057755751503006
0.055631083,0.13453835,52880.82,0.21853571798174554,0.2323659055991724,1.059735871743487
0.055631083,0.13553354,52969.598,0.21853571798174554,0.23631627750486917,1.0615149899799599
0.055631086,0.012700117,53402.867,0.21853572989014064,-0.25126669991629247,1.0701977354709418
0.055631086,0.013130372,53359.363,0.21853572989014064,-0.24955881773873284,1.0693259118236473
0.055631086,0.013625163,53309.664,0.21853572989014064,-0.24759476216583562,1.0683299398797594
0.055631086,0.014194174,53253.07,0.21853572989014064,-0.24533609289822597,1.0671957915831662
0.055631086,0.014848535,53188.855,0.21853572989014064,-0.24273862979009225,1.0659089178356713
0.055631086,0.015601052,53116.176,0.21853572989014064,-0.23975153987222808,1.0644524248496994
0.055631086,0.016466446,53034.254,0.21853572989014064,-0.23631638864989013,1.0628107014028056
0.055631086,0.017461648,52942.488,0.21853572989014064,-0.232365969110613,1.0609717034068136
0.055631086,0.018606132,52840.223,0.21853572989014064,-0.2278229798923537,1.0589223046092184
0.055631086,0.019922288,52727.488,0.21853572989014064,-0.22259854467303455,1.0566630861723447
0.055631086,0.021435866,52604.27,0.21853572989014064,-0.2165904497280686,1.0541937875751501
0.055631086,0.023176484,52471.547,0.21853572989014064,-0.2096811274421231,1.051534008016032
0.055631086,0.025178192,52331.031,0.21853572989014064,-0.2017354175308414,1.0487180561122245
0.055631086,0.02737958,52191.379,0.21853572989014064,-0.19299708484186948,1.0459194188376755
0.055631086,0.029640995,52063.676,0.21853572989014064,-0.18402047707539146,1.0433602404809619
0.055631086,0.03190241,51951.445,0.21853572989014064,-0.1750438693089135,1.0411111222444889
0.055631086,0.034163821,51853.652,0.21853572989014064,-0.16606727742029564,1.0391513426853707
0.055631086,0.03642524,51769.133,0.21853572989014064,-0.15709065377595752,1.0374575751503006
0.055631086,0.038686652,51696.43,0.21853572989014064,-0.1481140579178746,1.0360006012024048
0.055631086,0.040948071,51634.258,0.21853572989014064,-0.13913743427353648,1.0347546693386773
0.055631086,0.043209482,51581.566,0.21853572989014064,-0.13016084238491862,1.0336987174348697
0.055631086,0.045470901,51536.734,0.21853572989014064,-0.12118421874058051,1.0328002805611223
0.055631086,0.047732312,51498.98,0.21853572989014064,-0.11220762685196266,1.0320436873747496
0.055631086,0.049993731,51467.227,0.21853572989014064,-0.10323100320762453,1.031407354709419
0.055631086,0.052255146,51440.402,0.21853572989014064,-0.09425439544114654,1.0308697795591182
0.055631086,0.054516561,51417.734,0.21853572989014064,-0.08527778767466856,1.030415511022044
0.055631086,0.056777973,51398.781,0.21853572989014064,-0.07630119181658565,1.0300356913827655
0.055631086,0.059039392,51382.715,0.21853572989014064,-0.06732456817224752,1.0297137274549097
0.055631086,0.061300799,51369.219,0.21853572989014064,-0.058347992161489795,1.0294432665330662
0.055631086,0.063562222,51357.906,0.21853572989014064,-0.04937135263929156,1.0292165531062125
0.055631086,0.065823629,51348.699,0.21853572989014064,-0.04039477662853385,1.0290320440881764
0.057093613,0.1355336,53127.406,0.2243411796757323,0.23631651567277112,1.0646774749499
0.057093613,0.13639899,53214.426,0.2243411796757323,0.23975165101724893,1.0664213627254508
0.057093613,0.13715149,53291.574,0.2243411796757323,0.24273867345420747,1.0679674148296594
0.057093613,0.13780585,53359.668,0.2243411796757323,0.2453361325928763,1.0693320240480961
0.057093613,0.13837487,53419.586,0.2243411796757323,0.24759483758567122,1.0705327855711424
0.057093613,0.13886964,53472.141,0.2243411796757323,0.2495588097998027,1.071585991983968
0.057093613,0.1392999,53518.152,0.2243411796757323,0.2512667118246875,1.0725080561122244
0.05709362,0.068085015,51345.488,0.22434120746198752,-0.03141828397654179,1.0289676953907816
0.05709362,0.070346445,51339.762,0.22434120746198752,-0.02244161666808833,1.0288529458917837
0.05709362,0.07260786,51335.918,0.22434120746198752,-0.013465008901610329,1.0287759118236472
0.05709362,0.07486929,51333.996,0.22434120746198752,-0.004488341593156817,1.028737394789579
0.05709362,0.077130713,51333.848,0.22434120746198752,0.004488297929041428,1.0287344288577154
0.05709362,0.079392135,51335.617,0.22434120746198752,0.013464933481774641,1.028769879759519
0.05709362,0.081653558,51339.211,0.22434120746198752,0.022441573003972884,1.0288419038076153
0.05709362,0.08391498,51344.652,0.22434120746198752,0.0314182085567061,1.0289509418837677
0.05709362,0.086176403,51352.012,0.22434120746198752,0.040394848078904345,1.0290984368737475
0.05709362,0.088437825,51361.223,0.22434120746198752,0.049371483631637555,1.0292830260521042
0.05709362,0.090699255,51372.551,0.22434120746198752,0.05834815094009107,1.0295100400801602
0.05709362,0.092960671,51386.293,0.22434120746198752,0.06732476267603404,1.0297854308617234
0.05709362,0.095222101,51402.699,0.22434120746198752,0.07630142998448756,1.0301142084168338
0.05709362,0.097483516,51422.234,0.22434120746198752,0.08527803775096555,1.0305056913827655
0.05709362,0.099744946,51445.555,0.22434120746198752,0.09425470505941902,1.0309730460921844
0.05709362,0.10200637,51473.094,0.22434120746198752,0.10323134855108229,1.0315249298597193
0.05709362,0.10426779,51505.945,0.22434120746198752,0.11220797616488544,1.0321832665330661
0.05709362,0.10652921,51544.98,0.22434120746198752,0.1211846037786886,1.0329655310621244
0.05709362,0.10879064,51591.484,0.22434120746198752,0.13016127108714207,1.0338974749498997
0.05709362,0.11105206,51646.352,0.22434120746198752,0.1391378987009452,1.0349970340681363
0.05709362,0.11331349,51710.855,0.22434120746198752,0.1481145660093987,1.0362896793587175
0.05709362,0.11557491,51786.625,0.22434120746198752,0.15709119362320187,1.0378081162324648
0.05709362,0.11783633,51875.16,0.22434120746198752,0.16606782123700503,1.039582364729459
0.05709362,0.12009776,51977.789,0.22434120746198752,0.17504448854545848,1.0416390581162325
0.05709362,0.12235917,52096.055,0.22434120746198752,0.18402107646461133,1.044009118236473
0.05709362,0.1246206,52231.0,0.22434120746198752,0.19299774377306478,1.0467134268537075
0.05709362,0.12682196,52378.875,0.22434120746198752,0.20173596531701585,1.0496768537074148
0.05709362,0.12882365,52528.281,0.22434120746198752,0.209681603777927,1.0526709619238477
0.05709362,0.13056424,52669.582,0.22434120746198752,0.2165908149188515,1.0555026452905811
0.05709362,0.13207781,52800.691,0.22434120746198752,0.22259887810809717,1.0581300801603206
0.05709362,0.13339394,52920.926,0.22434120746198752,0.22782321012132548,1.0605395991983968
0.05709362,0.13453841,53029.754,0.22434120746198752,0.23236614376707432,1.0627205210420843
0.057093624,0.012700115,53600.23,0.22434122333984766,-0.25126670785522254,1.0741529058116233
0.057093624,0.013130363,53553.008,0.22434122333984766,-0.24955885346391812,1.0732065731462925
0.057093624,0.013625149,53499.016,0.22434122333984766,-0.24759481773834605,1.0721245691382766
0.057093624,0.014194152,53437.477,0.22434122333984766,-0.2453361802264567,1.0708913226452905
0.057093624,0.014848505,53367.461,0.22434122333984766,-0.24273874887404323,1.0694881963927856
0.057093624,0.015601011,53288.102,0.22434122333984766,-0.23975170262029444,1.0678978356713427
0.057093624,0.016466394,53198.473,0.22434122333984766,-0.23631659506207184,1.0661016633266533
0.057093624,0.017461585,53097.852,0.22434122333984766,-0.23236621918691,1.0640852104208416
0.057093624,0.018606052,52985.492,0.22434122333984766,-0.22782329744955632,1.0618335070140281
0.057093624,0.019922189,52861.25,0.22434122333984766,-0.22259893765007277,1.0593436873747495
0.057093624,0.021435749,52725.566,0.22434122333984766,-0.21659091415547738,1.0566245691382765
0.057093624,0.023176342,52579.121,0.22434122333984766,-0.2096816911061577,1.0536897995991983
0.057093624,0.025178025,52423.926,0.22434122333984766,-0.20173608043150182,1.0505796793587174
0.057093624,0.027379403,52269.824,0.22434122333984766,-0.19299778743718024,1.0474914629258518
0.057093624,0.029640825,52128.898,0.22434122333984766,-0.184021151884447,1.0446672945891784
0.057093624,0.03190225,52005.293,0.22434122333984766,-0.17504450442331868,1.042190240480962
0.057093624,0.034163672,51897.934,0.22434122333984766,-0.16606786887058547,1.04003875751503
0.057093624,0.036425095,51805.469,0.22434122333984766,-0.15709122934838723,1.038185751503006
0.057093624,0.038686521,51726.32,0.22434122333984766,-0.14811457791779387,1.0365995991983967
0.057093624,0.04094794,51658.973,0.22434122333984766,-0.13913795427345574,1.0352499599198397
0.057093624,0.043209363,51602.094,0.22434122333984766,-0.1301613147512575,1.0341101002004007
0.057093624,0.045470789,51553.891,0.22434122333984766,-0.12118466332066416,1.033144108216433
0.057093624,0.047732212,51513.348,0.22434122333984766,-0.1122080237984659,1.032331623246493
0.057093624,0.049993634,51479.312,0.22434122333984766,-0.10323138824573268,1.0316495390781564
0.057093624,0.052255057,51450.602,0.22434122333984766,-0.09425474872353444,1.0310741883767536
0.057093624,0.054516479,51426.43,0.22434122333984766,-0.08527811317080122,1.0305897795591183
0.057093624,0.056777902,51406.133,0.22434122333984766,-0.07630147364860297,1.0301830260521043
0.057093624,0.059039328,51389.008,0.22434122333984766,-0.06732482221800962,1.0298398396793587
0.057093624,0.061300751,51374.715,0.22434122333984766,-0.058348182695811365,1.0295534068136272
0.057093624,0.06356217,51362.84,0.22434122333984766,-0.049371559051473245,1.0293154308617234
0.057093624,0.0658236,51353.168,0.22434122333984766,-0.04039489174301979,1.0291216032064128
0.058775529,0.12235937,52177.703,0.23101748642533976,0.1840218703576178,1.0456453507014027
0.058775529,0.1246208,52328.789,0.23101748642533976,0.1929985376660713,1.0486731262525049
0.058775529,0.12682217,52494.566,0.23101748642533976,0.2017367989046727,1.0519953106212425
0.058775529,0.12882382,52661.816,0.23101748642533976,0.2096822785869825,1.055347014028056
0.058775529,0.13056438,52819.738,0.23101748642533976,0.2165913706439561,1.0585117835671343
0.058775529,0.13207793,52966.164,0.23101748642533976,0.22259935444390117,1.0614461723446893
0.058775529,0.13339403,53100.039,0.23101748642533976,0.22782356737317844,1.0641290380761523
0.058775529,0.13453849,53220.867,0.23101748642533976,0.232366461324277,1.0665504408817634
0.058775529,0.13553366,53329.012,0.23101748642533976,0.23631675384067305,1.0687176753507015
0.058775529,0.13639903,53425.168,0.23101748642533976,0.23975180979585026,1.0706446492985973
0.058775529,0.13715152,53510.16,0.23101748642533976,0.2427387925381585,1.0723478957915833
0.058775529,0.13780588,53585.059,0.23101748642533976,0.24533625167682718,1.073848877755511
0.058775529,0.13837487,53650.828,0.23101748642533976,0.24759483758567122,1.0751668937875751
0.058775529,0.13886964,53708.426,0.23101748642533976,0.2495588097998027,1.0763211623246494
0.058775529,0.1392999,53758.777,0.23101748642533976,0.2512667118246875,1.0773302004008016
0.058775533,0.08843787,51367.77,0.2310175023031999,0.049371662257564036,1.0294142284569137
0.058775533,0.090699308,51379.934,0.2310175023031999,0.05834836132173779,1.029657995991984
0.058775533,0.092960745,51394.742,0.2310175023031999,0.06732505641644647,1.029954749498998
0.058775533,0.095222175,51412.465,0.2310175023031999,0.07630172372489998,1.0303099198396792
0.058775533,0.097483613,51433.621,0.2310175023031999,0.08527842278907367,1.0307338877755512
0.058775533,0.099745043,51458.941,0.2310175023031999,0.0942550900975272,1.0312413026052103
0.058775533,0.10200648,51488.906,0.2310175023031999,0.10323178519223586,1.0318418036072146
0.058775533,0.10426791,51524.703,0.2310175023031999,0.11220845250068937,1.0325591783567134
0.058775533,0.10652935,51567.254,0.2310175023031999,0.12118515950379313,1.0334119038076153
0.058775533,0.10879077,51618.035,0.2310175023031999,0.1301617871175963,1.0344295591182366
0.058775533,0.1110522,51678.219,0.2310175023031999,0.1391384544260498,1.0356356513026053
0.058775533,0.11331365,51749.309,0.2310175023031999,0.1481152011238039,1.0370603006012025
0.058775533,0.11557508,51833.055,0.2310175023031999,0.15709186843225736,1.0387385771543087
0.058775533,0.1178365,51931.273,0.2310175023031999,0.16606849604606053,1.040706873747495
0.058775533,0.12009794,52045.562,0.2310175023031999,0.17504520304916435,1.0429972344689378
0.058775537,0.040947795,51693.039,0.23101751818106003,-0.13913852984588546,1.035932645290581
0.058775537,0.043209225,51630.352,0.23101751818106003,-0.130161862537432,1.034676392785571
0.058775537,0.045470659,51577.355,0.23101751818106003,-0.12118517935111839,1.0336143286573147
0.058775537,0.047732092,51532.898,0.23101751818106003,-0.11220850013426982,1.0327234068136273
0.058775537,0.049993526,51495.613,0.23101751818106003,-0.10323181694795619,1.0319762124248497
0.058775537,0.05225496,51464.211,0.23101751818106003,-0.09425513376164257,1.0313469138276554
0.058775537,0.05451639,51437.824,0.23101751818106003,-0.08527846645318912,1.030818116232465
0.058775537,0.056777824,51415.754,0.23101751818106003,-0.07630178326687552,1.0303758316633267
0.058775537,0.059039254,51397.273,0.23101751818106003,-0.06732511595842203,1.0300054709418838
0.058775537,0.061300687,51381.848,0.23101751818106003,-0.05834843674157345,1.0296963527054108
0.058775537,0.063562118,51369.027,0.23101751818106003,-0.04937176546365494,1.0294394188376754
0.058775537,0.065823548,51358.789,0.23101751818106003,-0.04039509815520148,1.0292342484969939
0.058775537,0.068084985,51350.699,0.23101751818106003,-0.031418403060492754,1.029072124248497
0.058775537,0.070346415,51344.762,0.23101751818106003,-0.022441735752039296,1.0289531462925852
0.058775537,0.072607853,51340.762,0.23101751818106003,-0.013465036687865542,1.0288729859719439
0.058775537,0.074869283,51338.832,0.23101751818106003,-0.004488369379412085,1.0288343086172345
0.058775537,0.07713072,51338.734,0.23101751818106003,0.00448832571529664,1.0288323446893788
0.058775537,0.07939215,51340.609,0.23101751818106003,0.013464993023750097,1.0288699198396793
0.058775537,0.08165358,51344.391,0.23101751818106003,0.02244166033220361,1.0289457114228457
0.058775537,0.08391501,51350.066,0.23101751818106003,0.031418327640657065,1.0290594388777554
0.058775537,0.08617644,51357.887,0.23101751818106003,0.04039499494911058,1.0292161723446893
0.05877554,0.038686365,51767.457,0.23101753008945514,-0.14811519715433893,1.037423987975952
0.058775544,0.012700112,53847.816,0.23101754596731525,-0.25126671976361764,1.0791145490981964
0.058775544,0.013130354,53796.262,0.23101754596731525,-0.24955888918910346,1.0780814028056114
0.058775544,0.013625131,53737.254,0.23101754596731525,-0.24759488918871667,1.076898877755511
0.058775544,0.014194125,53669.883,0.23101754596731525,-0.24533628740201258,1.07554875751503
0.058775544,0.014848469,53593.164,0.23101754596731525,-0.24273889177478436,1.0740113026052103
0.058775544,0.015600963,53505.98,0.23101754596731525,-0.23975189315461598,1.072264128256513
0.058775544,0.016466333,53407.281,0.23101754596731525,-0.2363168371994388,1.0702861923847695
0.058775544,0.017461509,53296.164,0.23101754596731525,-0.23236652086625248,1.068059398797595
0.058775544,0.018605959,53171.895,0.23101754596731525,-0.22782366660980433,1.0655690380761522
0.058775544,0.019922078,53033.941,0.23101754596731525,-0.2225993782606914,1.0628044288577154
0.058775544,0.021435613,52882.742,0.23101754596731525,-0.2165914540027218,1.059774388777555
0.058775544,0.02317618,52719.504,0.23101754596731525,-0.20968233415949297,1.0565030861723448
0.058775544,0.025177833,52546.133,0.23101754596731525,-0.20173684256878807,1.0530287174348698
0.058775544,0.0273792,52373.652,0.23101754596731525,-0.19299859323858182,1.0495721843687376
0.058775544,0.02964063,52215.988,0.23101754596731525,-0.18402192593012834,1.0464125851703405
0.058775544,0.031902064,52077.789,0.23101754596731525,-0.17504524274381472,1.0436430661322644
0.058775544,0.034163497,51958.031,0.23101754596731525,-0.16606856352696617,1.041243106212425
0.058775544,0.036424931,51855.238,0.23101754596731525,-0.15709188034065255,1.0391831262525049
0.060669385,0.11331382,51802.242,0.23853508159393594,0.1481158759328594,1.0381210821643285
0.060669385,0.11557525,51896.836,0.23853508159393594,0.15709254324131294,1.0400167535070142
0.060669385,0.1178367,52008.039,0.23853508159393594,0.16606928993906706,1.042245270541082
0.060669385,0.12009814,52137.809,0.23853508159393594,0.17504599694217088,1.044845871743487
0.060669385,0.12235959,52287.91,0.23853508159393594,0.184022743639925,1.0478539078156313
0.060669385,0.12462103,52459.531,0.23853508159393594,0.19299945064302876,1.0512932064128258
0.060669385,0.12682238,52647.629,0.23853508159393594,0.2017376324923295,1.0550627054108217
0.060669385,0.128824,52837.027,0.23853508159393594,0.2096829930906883,1.058858256513026
0.060669385,0.13056454,53015.449,0.23853508159393594,0.2165920057583613,1.0624338476953907
0.060669385,0.13207805,53180.438,0.23853508159393594,0.22259983077970502,1.065740240480962
0.060669385,0.13339415,53330.43,0.23853508159393594,0.2278240437089823,1.0687460921843688
0.060669385,0.13453858,53465.273,0.23853508159393594,0.2323668185761298,1.071448356713427
0.060669385,0.13553372,53585.551,0.23853508159393594,0.23631699200857498,1.07385873747495
0.060669385,0.13639909,53692.102,0.23853508159393594,0.23975204796375219,1.0759940280561122
0.060669385,0.13715157,53786.078,0.23853508159393594,0.24273899101141014,1.0778773146292586
0.060669385,0.13780589,53868.684,0.23853508159393594,0.2453362913714775,1.079532745490982
0.060669385,0.13837488,53941.113,0.23853508159393594,0.2475948772803215,1.0809842284569138
0.060669385,0.13886966,54004.434,0.23853508159393594,0.2495588891891034,1.0822531863727456
0.060669385,0.1392999,54059.699,0.23853508159393594,0.2512667118246875,1.0833607014028057
0.060669392,0.079392165,51346.707,0.23853510938019118,0.013465052565725609,1.028992124248497
0.060669392,0.08165361,51350.707,0.23853510938019118,0.022441779416154578,1.0290722845691382
0.060669392,0.083915055,51356.879,0.23853510938019118,0.031418506266583546,1.029195971943888
0.060669392,0.086176492,51365.27,0.23853510938019118,0.04039520136129222,1.029364128256513
0.060669392,0.088437937,51375.891,0.23853510938019118,0.049371928211721185,1.029576973947896
0.060669392,0.090699382,51389.16,0.23853510938019118,0.05834865506215015,1.0298428857715431
0.060669392,0.092960827,51405.359,0.23853510938019118,0.06732538191257913,1.03016751503006
0.060669392,0.095222272,51424.902,0.23853510938019118,0.0763021087630081,1.0305591583166334
0.060669392,0.097483709,51448.375,0.23853510938019118,0.08527880385771681,1.0310295591182366
0.060669392,0.099745154,51476.496,0.23853510938019118,0.09425553070814578,1.0315931062124248
0.060669392,0.1020066,51509.941,0.23853510938019118,0.10323226152803978,1.0322633466933868
0.060669392,0.10426804,51549.969,0.23853510938019118,0.1122089685311436,1.0330655110220441
0.060669392,0.10652948,51597.629,0.23853510938019118,0.12118567553424736,1.034020621242485
0.060669392,0.10879093,51654.594,0.23853510938019118,0.13016242223200147,1.0351622044088176
0.060669392,0.11105237,51722.277,0.23853510938019118,0.1391391292351053,1.0365185771543086
0.060669396,0.029640414,52333.117,0.23853512525805132,-0.18402278333457533,1.0487598597194387
0.060669396,0.031901855,52176.27,0.23853512525805132,-0.17504607236200653,1.045616633266533
0.060669396,0.034163304,52040.293,0.23853512525805132,-0.16606932963371743,1.0428916432865731
0.060669396,0.036424741,51923.602,0.23853512525805132,-0.15709263453900874,1.0405531462925852
0.060669396,0.038686186,51824.168,0.23853512525805132,-0.14811590768857977,1.0385604809619238
0.060669396,0.040947631,51739.973,0.23853512525805132,-0.1391391808381508,1.0368732064128257
0.060669396,0.043209076,51668.98,0.23853512525805132,-0.13016245398772183,1.035450501002004
0.060669396,0.045470513,51609.23,0.23853512525805132,-0.12118575889301314,1.034253106212425
0.060669396,0.047731962,51559.156,0.23853512525805132,-0.11220901616472402,1.033249619238477
0.060669396,0.049993403,51517.277,0.23853512525805132,-0.1032323051921552,1.032410360721443
0.060669396,0.052254848,51482.199,0.23853512525805132,-0.09425557834172624,1.0317073947895792
0.060669396,0.054516286,51452.832,0.23853512525805132,-0.0852788792775525,1.0311188777555111
0.060669396,0.056777734,51428.359,0.23853512525805132,-0.07630214051872841,1.0306284368737475
0.060669396,0.059039176,51407.863,0.23853512525805132,-0.06732542557669456,1.0302176953907816
0.060669396,0.06130062,51391.031,0.23853512525805132,-0.05834870269573063,1.029880380761523
0.060669396,0.063562065,51377.098,0.23853512525805132,-0.04937197584530166,1.0296011623246493
0.060669396,0.06582351,51366.043,0.23853512525805132,-0.04039524899487269,1.029379619238477
0.060669396,0.068084948,51357.367,0.23853512525805132,-0.03141854993069894,1.029205751503006
0.060669396,0.070346393,51351.008,0.23853512525805132,-0.022441823080270023,1.0290783166332667
0.060669396,0.072607838,51346.906,0.23853512525805132,-0.013465096229841053,1.0289961122244489
0.060669396,0.074869275,51344.797,0.23853512525805132,-0.0044884011351323284,1.0289538476953908
0.060669396,0.07713072,51344.699,0.23853512525805132,0.00448832571529664,1.028951883767535
0.0606694,0.012700109,54156.832,0.23853514113591143,-0.25126673167201274,1.085307254509018
0.0606694,0.013130344,54100.414,0.23853514113591143,-0.24955892888375375,1.084176633266533
0.0606694,0.013625113,54035.781,0.23853514113591143,-0.24759496063908723,1.082881382765531
0.0606694,0.014194097,53961.801,0.23853514113591143,-0.24533639854703349,1.0813988176352705
0.0606694,0.01484843,53877.375,0.23853514113591143,-0.24273904658392068,1.0797069138276554
0.0606694,0.015600912,53781.316,0.23853514113591143,-0.23975209559733265,1.077781883767535
0.0606694,0.016466267,53672.293,0.23853514113591143,-0.23631709918413094,1.0755970541082165
0.0606694,0.017461423,53549.117,0.23853514113591143,-0.23236686224024528,1.0731285971943887
0.0606694,0.018605854,53410.805,0.23853514113591143,-0.22782408340363272,1.0703568136272545
0.0606694,0.019921951,53256.77,0.23853514113591143,-0.2225998823827505,1.0672699398797594
0.0606694,0.021435462,53087.051,0.23853514113591143,-0.2165920533919417,1.06386875751503
0.0606694,0.023175998,52903.02,0.23853514113591143,-0.20968305660212888,1.060180761523046
0.0606694,0.025177617,52707.277,0.23853514113591143,-0.2017376999732351,1.0562580561122246
0.0606694,0.027378971,52511.91,0.23853514113591143,-0.19299950224607426,1.0523428857715431
0.062657833,0.13553381,53890.184,0.24642815639888666,0.23631734926042794,1.079963607214429
0.062657833,0.13639915,54007.605,0.24642815639888666,0.23975228613165414,1.082316733466934
0.062657833,0.13715161,54110.918,0.24642815639888666,0.24273914979001146,1.084387134268537
0.062657833,0.13780592,54201.531,0.24642815639888666,0.24533641045542853,1.0862030260521043
0.062657833,0.13837491,54280.832,0.24642815639888666,0.24759499636427243,1.0877922244488978
0.062657833,0.13886967,54350.078,0.24642815639888666,0.2495589288837537,1.0891799198396794
0.062657833,0.1392999,54410.477,0.24642815639888666,0.2512667118246875,1.0903903206412826
0.062657841,0.077130727,51352.0,0.24642818815460696,0.0044883535015518535,1.0290981963927857
0.062657841,0.07939218,51354.215,0.24642818815460696,0.01346511210770112,1.0291425851703406
0.062657841,0.081653632,51358.535,0.24642818815460696,0.0224418667443853,1.0292291583166333
0.062657841,0.083915092,51365.207,0.24642818815460696,0.03141865313678972,1.029362865731463
0.062657841,0.086176537,51374.344,0.24642818815460696,0.0403953799872187,1.0295459719438877
0.062657841,0.088438004,51385.953,0.24642818815460696,0.04937219416587839,1.029778617234469
0.062657841,0.090699457,51400.578,0.24642818815460696,0.0583489527720276,1.0300717034068136
0.062657841,0.092960909,51418.52,0.24642818815460696,0.06732570740871179,1.03043126252505
0.062657841,0.095222369,51440.359,0.24642818815460696,0.07630249380111626,1.0308689178356714
0.062657841,0.097483814,51466.699,0.24642818815460696,0.08527922065154522,1.0313967735470941
0.062657841,0.099745274,51498.473,0.24642818815460696,0.09425600704394965,1.0320335270541081
0.062657841,0.10200673,51536.379,0.24642818815460696,0.10323277755849401,1.0327931663326653
0.062657841,0.10426818,51581.957,0.24642818815460696,0.11220952425624814,1.0337065531062124
0.062657841,0.10652964,51636.43,0.24642818815460696,0.12118631064865255,1.0347981963927855
0.062657841,0.10879109,51701.621,0.24642818815460696,0.13016305734640668,1.036104629258517
0.062657841,0.11105254,51779.172,0.24642818815460696,0.13913980404416085,1.03765875751503
0.062657841,0.113314,51871.09,0.24642818815460696,0.14811659043656528,1.0395008016032063
0.062657841,0.11557545,51979.824,0.24642818815460696,0.1570933371343194,1.0416798396793587
0.062657841,0.11783691,52107.691,0.24642818815460696,0.16607012352672387,1.0442423046092184
0.062657841,0.12009837,52256.773,0.24642818815460696,0.1750469099191283,1.0472299198396793
0.062657841,0.12235981,52428.949,0.24642818815460696,0.18402361692223212,1.0506803406813627
0.062657841,0.12462126,52625.273,0.24642818815460696,0.19300036361998624,1.0546146893787576
0.062657841,0.12682261,52839.762,0.24642818815460696,0.20173854546928696,1.0589130661322645
0.062657841,0.1288242,53054.484,0.24642818815460696,0.2096837869836948,1.0632161122244488
0.062657841,0.1305647,53255.887,0.24642818815460696,0.21659264087276647,1.067252244488978
0.062657841,0.13207819,53440.574,0.24642818815460696,0.22260038650480962,1.070953386773547
0.062657841,0.13339424,53607.715,0.24642818815460696,0.22782440096083525,1.0743029058116231
0.062657841,0.13453867,53757.281,0.24642818815460696,0.23236717582798277,1.077300220440882
0.062657848,0.012700105,54516.125,0.24642821594086217,-0.2512667475498728,1.09250751503006
0.062657848,0.013130331,54454.723,0.24642821594086217,-0.2495589804867992,1.091277014028056
0.062657848,0.013625092,54384.223,0.24642821594086217,-0.24759504399785293,1.0898641883767535
0.062657848,0.014194067,54303.539,0.24642821594086217,-0.2453365176309845,1.088247274549098
0.062657848,0.014848387,54211.23,0.24642821594086217,-0.24273921727091705,1.0863973947895793
0.062657848,0.015600855,54105.992,0.24642821594086217,-0.2397523218568395,1.0842884168336673
0.062657848,0.016466195,53986.23,0.24642821594086217,-0.23631738498561328,1.081888376753507
0.062657848,0.017461333,53850.5,0.24642821594086217,-0.23236721949209824,1.0791683366733467
0.062657848,0.018605744,53697.543,0.24642821594086217,-0.22782452004478632,1.0761030661322646
0.062657848,0.019921817,53526.367,0.24642821594086217,-0.22260041429106486,1.0726726853707413
0.062657848,0.0214353,53336.812,0.24642821594086217,-0.21659269644527696,1.068873987975952
0.062657848,0.023175806,53129.703,0.24642821594086217,-0.20968381873941513,1.0647235070140282
0.062657848,0.025177389,52908.156,0.24642821594086217,-0.20173860501126248,1.0602836873747497
0.062657848,0.027378729,52686.102,0.24642821594086217,-0.1930004628566121,1.0558337074148296
0.062657848,0.029640183,52481.938,0.24642821594086217,-0.18402370028099788,1.051742244488978
0.062657848,0.031901635,52302.203,0.24642821594086217,-0.1750469456443137,1.0481403406813627
0.062657848,0.034163091,52146.035,0.24642821594086217,-0.16607017512976935,1.0450107214428859
0.062657848,0.036424547,52011.773,0.24642821594086217,-0.15709340461522503,1.0423201002004008
0.062657848,0.038686004,51897.262,0.24642821594086217,-0.14811663013121568,1.0400252905811624
0.062657848,0.04094746,51800.297,0.24642821594086217,-0.13913985961667136,1.0380821042084167
0.062657848,0.043208912,51718.766,0.24642821594086217,-0.13016310497998715,1.0364482164328659
0.062657848,0.045470364,51650.176,0.24642821594086217,-0.12118635034330297,1.0350736673346694
0.062657848,0.04773182,51592.82,0.24642821594086217,-0.11220957982875863,1.033924248496994
0.062657848,0.049993277,51544.965,0.24642821594086217,-0.10323280534474928,1.0329652304609218
0.062657848,0.052254729,51505.02,0.24642821594086217,-0.0942560507080651,1.0321647294589178
0.062657848,0.054516181,51471.707,0.24642821594086217,-0.08527929607138092,1.031497134268537
0.062657848,0.056777634,51444.09,0.24642821594086217,-0.07630253746523168,1.0309436873747495
0.062657848,0.059039094,51421.145,0.24642821594086217,-0.06732575107282722,1.0304838677354708
0.062657848,0.061300546,51402.445,0.24642821594086217,-0.058348996436143045,1.030109118236473
0.062657848,0.063561998,51387.172,0.24642821594086217,-0.049372241799458864,1.0298030460921843
0.062657848,0.065823458,51375.059,0.24642821594086217,-0.04039545540705438,1.0295603006012024
0.062657848,0.068084911,51365.637,0.24642821594086217,-0.03141869680090517,1.029371482965932
0.062657848,0.070346363,51358.723,0.24642821594086217,-0.02244194216422099,1.0292329258517035
0.062657848,0.072607815,51354.199,0.24642821594086217,-0.013465187527536754,1.0291422645290582
0.062657848,0.074869268,51351.992,0.24642821594086217,-0.004488428921387541,1.0290980360721442
0.064646289,0.068084873,51374.809,0.25432126295955765,-0.03141884764057638,1.0295552905811622
0.064646289,0.070346341,51367.316,0.25432126295955765,-0.022442029492451658,1.029405130260521
0.064646289,0.0726078,51362.449,0.25432126295955765,-0.013465247069512264,1.0293075951903807
0.064646289,0.074869268,51360.062,0.25432126295955765,-0.004488428921387541,1.029259759519038
0.064646289,0.077130735,51360.039,0.25432126295955765,0.004488385257272152,1.0292592985971942
0.064646289,0.079392202,51362.469,0.25432126295955765,0.01346519943593179,1.029307995991984
0.064646289,0.081653662,51367.316,0.25432126295955765,0.02244198582833627,1.029405130260521
0.064646289,0.083915129,51374.66,0.25432126295955765,0.03141880000699596,1.0295523046092185
0.064646289,0.086176597,51384.805,0.25432126295955765,0.04039561815512063,1.0297556112224449
0.064646289,0.088438064,51397.836,0.25432126295955765,0.049372432333780324,1.0300167535070142
0.064646289,0.090699531,51414.18,0.25432126295955765,0.058349246512440014,1.0303442885771543
0.064646289,0.092960991,51434.348,0.25432126295955765,0.0673260329048445,1.0307484569138277
0.064646289,0.095222458,51459.047,0.25432126295955765,0.07630284708350413,1.0312434268537074
0.064646289,0.097483926,51489.016,0.25432126295955765,0.08527966523162886,1.031844008016032
0.064646289,0.099745393,51525.402,0.25432126295955765,0.09425647941028854,1.0325731863727454
0.064646289,0.10200686,51569.039,0.25432126295955765,0.10323329358894824,1.0334476753507014
0.064646289,0.10426832,51621.605,0.25432126295955765,0.11221007998135267,1.0345011022044088
0.064646289,0.10652979,51684.492,0.25432126295955765,0.12118690606840744,1.035761362725451
0.064646289,0.10879125,51760.02,0.25432126295955765,0.13016369246081194,1.0372749498997995
0.064646289,0.11105271,51850.012,0.25432126295955765,0.13914047885321634,1.0390783967935873
0.064646289,0.11331418,51956.766,0.25432126295955765,0.14811730494027114,1.041217755511022
0.064646289,0.11557565,52082.984,0.25432126295955765,0.15709413102732592,1.0437471743486972
0.064646289,0.11783712,52231.164,0.25432126295955765,0.16607095711438072,1.0467167134268536
0.064646289,0.12009858,52403.23,0.25432126295955765,0.17504774350678512,1.0501649298597195
0.064646289,0.12236004,52601.055,0.25432126295955765,0.1840245298991896,1.054129358717435
0.064646289,0.12462152,52825.242,0.25432126295955765,0.1930013956808947,1.0586220841683367
0.064646289,0.12682283,53068.203,0.25432126295955765,0.2017394187515941,1.0634910420841683
0.064646289,0.12882438,53309.742,0.25432126295955765,0.20968450148740062,1.068331503006012
0.064646289,0.13056485,53534.164,0.25432126295955765,0.21659323629252136,1.0728289378757514
0.064646289,0.13207832,53738.73,0.25432126295955765,0.2226009025352638,1.0769284569138278
0.064646289,0.13339436,53922.871,0.25432126295955765,0.22782487729663914,1.0806186573146292
0.064646289,0.13453875,54086.965,0.25432126295955765,0.23236749338518545,1.0839071142284569
0.064646289,0.13553388,54232.324,0.25432126295955765,0.23631762712298018,1.086820120240481
0.064646289,0.13639921,54360.375,0.25432126295955765,0.23975252429955607,1.0893862725450902
0.064646289,0.13715166,54472.871,0.25432126295955765,0.2427393482632631,1.0916407014028056
0.064646289,0.13780597,54571.387,0.25432126295955765,0.24533660892868014,1.0936149699398798
0.064646289,0.13837492,54657.531,0.25432126295955765,0.24759503605892283,1.0953413026052106
0.064646289,0.13886969,54732.699,0.25432126295955765,0.2495590082730543,1.0968476753507015
0.064646289,0.1392999,54798.188,0.25432126295955765,0.2512667118246875,1.0981600801603206
0.064646296,0.012700101,54911.891,0.25432129074581294,-0.25126676342773296,1.1004386973947897
0.064646296,0.01313032,54845.48,0.25432129074581294,-0.24955902415091455,1.0991078156312626
0.064646296,0.013625071,54769.242,0.25432129074581294,-0.2475951273566186,1.09758
0.064646296,0.014194036,54681.863,0.25432129074581294,-0.24533664068440048,1.0958289178356713
0.064646296,0.014848344,54581.891,0.25432129074581294,-0.24273938795791344,1.0938254709418838
0.064646296,0.015600801,54467.586,0.25432129074581294,-0.23975253620795128,1.0915347895791583
0.064646296,0.016466122,54337.34,0.25432129074581294,-0.23631767475656065,1.0889246492985971
0.064646296,0.017461246,54189.41,0.25432129074581294,-0.23236756483555604,1.085960120240481
0.064646296,0.018605635,54022.082,0.25432129074581294,-0.22782495271647488,1.082606853707415
0.064646296,0.019921685,53834.109,0.25432129074581294,-0.22260093826044913,1.0788398597194389
0.064646296,0.02143514,53624.84,0.25432129074581294,-0.2165933315596822,1.0746460921843686
0.064646296,0.023175616,53394.824,0.25432129074581294,-0.20968457293777132,1.0700365531062124
0.064646296,0.025177158,53146.426,0.25432129074581294,-0.201739521957685,1.0650586372745492
0.064646296,0.027378488,52895.309,0.25432129074581294,-0.19300141949768496,1.0600262324649299
0.064646296,0.029639954,52662.645,0.25432129074581294,-0.18402460928849032,1.055363627254509
0.064646296,0.031901415,52456.477,0.25432129074581294,-0.17504781892662083,1.051232004008016
0.064646296,0.034162883,52276.449,0.25432129074581294,-0.16607100077849613,1.047624228456914
0.064646296,0.03642435,52121.027,0.25432129074581294,-0.15709418659983643,1.0445095591182365
0.064646296,0.038685817,51988.078,0.25432129074581294,-0.14811737242117676,1.041845250501002
0.064646296,0.040947285,51875.363,0.25432129074581294,-0.13914055427305205,1.0395864328657314
0.064646296,0.043208748,51780.441,0.25432129074581294,-0.1301637559722525,1.0376841883767536
0.064646296,0.045470215,51700.621,0.25432129074581294,-0.12118694179359281,1.0360845891783568
0.064646296,0.047731683,51633.996,0.25432129074581294,-0.1122101236454681,1.0347494188376753
0.064646296,0.04999315,51578.504,0.25432129074581294,-0.10323330946680842,1.0336373547094189
0.064646296,0.05225461,51532.273,0.25432129074581294,-0.09425652307440396,1.032710881763527
0.064646296,0.054516077,51494.043,0.25432129074581294,-0.08527970889574427,1.031944749498998
0.064646296,0.056777544,51462.598,0.25432129074581294,-0.07630289471708461,1.0313145891783566
0.064646296,0.059039012,51436.746,0.25432129074581294,-0.06732607656895988,1.0307965130260521
0.064646296,0.061300471,51415.715,0.25432129074581294,-0.05834929414602046,1.0303750501002003
0.064646296,0.063561939,51398.605,0.25432129074581294,-0.049372475997895765,1.0300321643286574
0.064646296,0.065823406,51385.191,0.25432129074581294,-0.040395661819236074,1.0297633466933866
0.066634744,0.012700098,55346.641,0.2622143655507636,-0.2512667753361281,1.109151122244489
0.066634744,0.013130309,55275.438,0.2622143655507636,-0.24955906781502987,1.1077242084168337
0.066634744,0.013625052,55193.625,0.2622143655507636,-0.24759520277645422,1.1060846693386774
0.066634744,0.014194006,55099.801,0.2622143655507636,-0.24533675976835145,1.1042044288577155
0.066634744,0.014848303,54992.328,0.2622143655507636,-0.24273955070597977,1.1020506613226453
0.066634744,0.015600745,54869.355,0.2622143655507636,-0.23975275849799307,1.0995862725450902
0.066634744,0.016466053,54729.066,0.2622143655507636,-0.2363179486496479,1.096774869739479
0.066634744,0.017461156,54569.238,0.2622143655507636,-0.23236792208740897,1.0935719038076153
0.066634744,0.018605527,54387.965,0.2622143655507636,-0.22782538141869838,1.0899391783567134
0.066634744,0.019921552,54183.547,0.2622143655507636,-0.2226014661992985,1.085842625250501
0.066634744,0.021434981,53954.684,0.2622143655507636,-0.21659396270462236,1.0812561923847697
0.066634744,0.023175426,53701.328,0.2622143655507636,-0.2096853271361275,1.0761789178356713
0.066634744,0.025176933,53425.262,0.2622143655507636,-0.20174041508731733,1.0706465330661323
0.066634744,0.027378246,53143.641,0.2622143655507636,-0.19300238010822285,1.0650028256513027
0.066634744,0.029639723,52879.93,0.2622143655507636,-0.18402552623491283,1.0597180360721443
0.066634744,0.031901199,52643.992,0.2622143655507636,-0.17504867633106785,1.0549898196392786
0.066634744,0.034162678,52436.152,0.2622143655507636,-0.16607181451882777,1.0508246893787576
0.066634744,0.036424153,52255.484,0.2622143655507636,-0.15709496858444782,1.0472040881763527
0.066634744,0.038685631,52100.254,0.2622143655507636,-0.1481181107416728,1.0440932665330662
0.066634744,0.040947109,51968.121,0.2622143655507636,-0.13914125289889775,1.0414453106212425
0.066634744,0.043208584,51856.637,0.2622143655507636,-0.1301644069645178,1.0392111623246494
0.066634744,0.045470063,51762.941,0.2622143655507636,-0.12118754515227775,1.037333486973948
0.066634744,0.047731541,51684.785,0.2622143655507636,-0.1122106873095027,1.035767234468938
0.066634744,0.049993016,51619.918,0.2622143655507636,-0.10323384137512277,1.0344672945891784
0.066634744,0.052254494,51566.184,0.2622143655507636,-0.09425698353234774,1.0333904609218436
0.066634744,0.054515969,51521.855,0.2622143655507636,-0.0852801375979678,1.0325021042084168
0.066634744,0.056777447,51485.605,0.2622143655507636,-0.07630327975519276,1.0317756513026053
0.066634744,0.059038922,51456.0,0.2622143655507636,-0.06732643382081281,1.031182364729459
0.066634744,0.061300397,51432.035,0.2622143655507636,-0.05834958788643288,1.030702104208417
0.066634744,0.063561872,51412.781,0.2622143655507636,-0.04937274195205291,1.03031625250501
0.066634744,0.065823354,51397.773,0.2622143655507636,-0.04039586823141777,1.0300154909819639
0.066634744,0.068084829,51386.227,0.2622143655507636,-0.03141902229703783,1.0297841082164327
0.066634744,0.070346311,51377.953,0.2622143655507636,-0.02244214857640268,1.0296182965931864
0.066634744,0.072607785,51372.559,0.2622143655507636,-0.013465306611487775,1.0295102004008017
0.066634744,0.07486926,51369.898,0.2622143655507636,-0.0044884606771077844,1.029456873747495
0.066634744,0.077130735,51369.77,0.2622143655507636,0.004488385257272152,1.0294543086172343
0.066634744,0.079392217,51372.383,0.2622143655507636,0.013465258977907301,1.0295066733466933
0.066634744,0.081653684,51377.598,0.2622143655507636,0.022442073156566992,1.0296111823647294
0.066634744,0.083915167,51385.664,0.2622143655507636,0.031418950846667175,1.0297728256513026
0.066634744,0.086176641,51396.762,0.2622143655507636,0.04039579281158208,1.029995230460922
0.066634744,0.088438123,51411.18,0.2622143655507636,0.049372666532217224,1.0302841683366732
0.066634744,0.090699606,51429.566,0.2622143655507636,0.05834954422231746,1.030652625250501
0.066634744,0.092961073,51452.473,0.2622143655507636,0.06732635840097716,1.0311116833667335
0.066634744,0.095222555,51480.703,0.2622143655507636,0.0763032321216123,1.0316774148296592
0.066634744,0.09748403,51515.301,0.2622143655507636,0.08528007805599223,1.0323707615230462
0.066634744,0.099745512,51557.398,0.2622143655507636,0.09425695177662739,1.0332143887775551
0.066634744,0.10200698,51608.188,0.2622143655507636,0.10323376992475211,1.0342322244488977
0.066634744,0.10426846,51669.512,0.2622143655507636,0.1122106357064572,1.0354611623246492
0.066634744,0.10652994,51743.281,0.2622143655507636,0.12118750148816235,1.036939498997996
0.066634744,0.10879141,51831.891,0.2622143655507636,0.13016432757521712,1.038715250501002
0.066634744,0.11105289,51937.551,0.2622143655507636,0.1391411933569222,1.0408326853707415
0.066634744,0.11331437,52062.773,0.2622143655507636,0.1481180591386273,1.043342144288577
0.066634744,0.11557584,52210.34,0.2622143655507636,0.15709488522568207,1.046299398797595
0.066634744,0.11783732,52382.762,0.2622143655507636,0.16607175100738716,1.049754749498998
0.066634744,0.1200988,52581.859,0.2622143655507636,0.1750486167890923,1.0537446693386774
0.066634744,0.12236027,52808.91,0.2622143655507636,0.18402544287614706,1.0582947895791583
0.066634744,0.12462176,53063.84,0.2622143655507636,0.1930023483525025,1.0634036072144288
0.066634744,0.12682307,53337.5,0.2622143655507636,0.20174037142320192,1.0688877755511021
0.066634744,0.12882459,53606.789,0.2622143655507636,0.20968533507505746,1.0742843486973948
0.066634744,0.13056502,53854.754,0.2622143655507636,0.21659391110157686,1.0792535871743487
0.066634744,0.13207844,54079.188,0.2622143655507636,0.22260137887106765,1.08375126252505
0.066634744,0.13339448,54280.066,0.2622143655507636,0.2278253536324431,1.0877768737474949
0.066634744,0.13453884,54458.434,0.2622143655507636,0.23236785063703827,1.091351382765531
0.066634744,0.13553396,54615.93,0.2622143655507636,0.23631794468018283,1.094507615230461
0.066634744,0.13639925,54754.445,0.2622143655507636,0.2397526830781574,1.0972834669338678
0.066634744,0.1371517,54875.84,0.2622143655507636,0.2427395070418643,1.0997162324649299
0.066634744,0.137806,54982.105,0.2622143655507636,0.24533672801263118,1.1018457915831663
0.066634744,0.13837495,55074.875,0.2622143655507636,0.24759515514287375,1.1037049098196392
0.066634744,0.1388697,55155.828,0.2622143655507636,0.24955904796770473,1.1053272144288577
0.066634744,0.1392999,55226.289,0.2622143655507636,0.2512667118246875,1.106739258517034
0.0686232,0.012700095,55820.875,0.2701074721114346,-0.2512667872445232,1.1186548096192386
0.0686232,0.013130298,55744.996,0.2701074721114346,-0.24955911147914525,1.1171341883767536
0.0686232,0.013625032,55657.836,0.2701074721114346,-0.24759528216575485,1.11538749498998
0.0686232,0.014193976,55557.812,0.2701074721114346,-0.24533687885230243,1.113383006012024
0.0686232,0.014848261,55443.168,0.2701074721114346,-0.24273971742351114,1.1110855310621242
0.0686232,0.015600689,55311.863,0.2701074721114346,-0.2397529807880349,1.1084541683366733
0.0686232,0.016465982,55161.785,0.2701074721114346,-0.23631823048166517,1.1054465931863728
0.0686232,0.017461069,54990.613,0.2701074721114346,-0.2323682674308668,1.1020162925851702
0.0686232,0.018605419,54795.938,0.2701074721114346,-0.22782581012092187,1.09811498997996
0.0686232,0.019921418,54575.508,0.2701074721114346,-0.22260199810761283,1.0936975551102204
0.0686232,0.021434819,54327.598,0.2701074721114346,-0.2165946057579576,1.0887294188376753
0.0686232,0.023175232,54051.285,0.2701074721114346,-0.20968609721234377,1.0831920841683367
0.0686232,0.025176706,53747.461,0.2701074721114346,-0.2017413161558797,1.0771034268537074
0.0686232,0.027378008,53433.633,0.2701074721114346,-0.19300332484090058,1.0708142885771543
0.0686232,0.029639494,53136.746,0.2701074721114346,-0.18402643524240525,1.0648646492985971
0.0686232,0.031900983,52868.012,0.2701074721114346,-0.17504953373551488,1.0594791983967937
0.0686232,0.034162469,52628.809,0.2701074721114346,-0.16607264413701958,1.0546855511022044
0.0686232,0.036423959,52418.973,0.2701074721114346,-0.15709573866066415,1.0504804208416834
0.0686232,0.038685445,52237.25,0.2701074721114346,-0.14811884906216885,1.0468386773547094
0.0686232,0.040946934,52081.766,0.2701074721114346,-0.13914194755527845,1.0437227655310621
0.0686232,0.043208424,51950.098,0.2701074721114346,-0.13016504207892302,1.041084128256513
0.0686232,0.04546991,51839.301,0.2701074721114346,-0.12118815248042772,1.03886374749499
0.0686232,0.0477314,51746.949,0.2701074721114346,-0.1122112470040723,1.037013006012024
0.0686232,0.049992889,51670.387,0.2701074721114346,-0.10323434549718191,1.0354786973947896
0.0686232,0.052254375,51607.168,0.2701074721114346,-0.09425745589868662,1.0342117835671343
0.0686232,0.054515861,51555.293,0.2701074721114346,-0.0852805663001913,1.0331722044088176
0.0686232,0.056777351,51513.059,0.2701074721114346,-0.0763036608238359,1.0323258316633266
0.0686232,0.05903884,51478.812,0.2701074721114346,-0.06732675931694547,1.031639519038076
0.0686232,0.061300326,51451.371,0.2701074721114346,-0.05834986971845017,1.0310895991983968
0.0686232,0.063561812,51429.504,0.2701074721114346,-0.049372980119954904,1.030651382765531
0.0686232,0.065823302,51412.531,0.2701074721114346,-0.040396074643599456,1.03031124248497
0.0686232,0.068084791,51399.594,0.2701074721114346,-0.03141917313670904,1.0300519839679358
0.0686232,0.070346281,51390.316,0.2701074721114346,-0.02244226766035365,1.0298660521042085
0.0686232,0.072607763,51384.289,0.2701074721114346,-0.013465393939718445,1.0297452705410821
0.0686232,0.074869253,51381.363,0.2701074721114346,-0.0044884884633630525,1.029686633266533
0.0686232,0.077130742,51381.332,0.2701074721114346,0.004488413043527364,1.029686012024048
0.0686232,0.079392225,51384.254,0.2701074721114346,0.013465290733627544,1.0297445691382765
0.0686232,0.081653714,51390.094,0.2701074721114346,0.02244219224051796,1.0298616032064127
0.0686232,0.083915204,51399.137,0.2701074721114346,0.03141909771687335,1.0300428256513026
0.0686232,0.086176701,51411.738,0.2701074721114346,0.040396030979484014,1.0302953507014028
0.0686232,0.088438191,51428.191,0.2701074721114346,0.04937293645583946,1.0306250701402806
0.0686232,0.090699673,51449.137,0.2701074721114346,0.05834981017647461,1.0310448296593187
0.0686232,0.092961162,51475.391,0.2701074721114346,0.06732671168336503,1.0315709619238478
0.0686232,0.095222652,51507.977,0.2701074721114346,0.07630361715972048,1.0322239879759518
0.0686232,0.097484142,51548.0,0.2701074721114346,0.08528052263607587,1.0330260521042085
0.0686232,0.099745631,51597.156,0.2701074721114346,0.09425742414296628,1.0340111422845693
0.0686232,0.10200711,51656.809,0.2701074721114346,0.10323428595520634,1.0352065931863728
0.0686232,0.1042686,51729.141,0.2701074721114346,0.11221119143156179,1.0366561322645291
0.0686232,0.10653009,51816.32,0.2701074721114346,0.12118809690791718,1.0384032064128257
0.0686232,0.10879157,51921.098,0.2701074721114346,0.13016496268962233,1.0405029659318636
0.0686232,0.11105306,52045.988,0.2701074721114346,0.1391418681659777,1.043005771543086
0.0686232,0.11331455,52193.605,0.2701074721114346,0.14811877364233317,1.0459640280561122
0.0686232,0.11557604,52366.641,0.2701074721114346,0.1570956791186886,1.0494316833667334
0.0686232,0.11783753,52567.363,0.2701074721114346,0.166072584595044,1.0534541683366734
0.0686232,0.12009902,52797.117,0.2701074721114346,0.17504949007139944,1.0580584569138276
0.0686232,0.12236051,53056.344,0.2701074721114346,0.1840263955477549,1.063253386773547
0.0686232,0.12462199,53344.074,0.2701074721114346,0.19300326132946,1.0690195190380762
0.0686232,0.12682329,53649.434,0.2701074721114346,0.20174124470550905,1.0751389579158317
0.0686232,0.12882477,53946.641,0.2701074721114346,0.20968604957876336,1.08109501002004
0.0686232,0.13056518,54217.898,0.2701074721114346,0.21659454621598206,1.0865310220440882
0.0686232,0.13207859,54461.848,0.2701074721114346,0.22260197429082254,1.0914197995991983
0.0686232,0.13339457,54679.164,0.2701074721114346,0.22782571088429596,1.0957748296593186
0.0686232,0.13453893,54871.441,0.2701074721114346,0.23236820788889123,1.0996280761523045
0.0686232,0.13553402,55040.77,0.2701074721114346,0.23631818284808476,1.1030214428857714
0.0686232,0.1363993,55189.418,0.2701074721114346,0.23975288155140903,1.1060003607214428
0.0686232,0.13715173,55319.602,0.2701074721114346,0.24273962612581532,1.108609258517034
0.0686232,0.13780603,55433.383,0.2701074721114346,0.2453368470965821,1.1108894388777555
0.0686232,0.13837497,55532.699,0.2701074721114346,0.24759523453217447,1.112879739478958
0.0686232,0.1388697,55619.281,0.2701074721114346,0.24955904796770473,1.1146148496993988
0.0686232,0.1392999,55694.68,0.2701074721114346,0.2512667118246875,1.1161258517034067
0.070611641,0.012700091,56331.215,0.2780005191301301,-0.2512668031223833,1.1288820641282564
0.070611641,0.013130287,56250.797,0.2780005191301301,-0.2495591551432606,1.1272704809619238
0.070611641,0.013625012,56158.398,0.2780005191301301,-0.24759536155505552,1.1254187975951904
0.070611641,0.014193946,56052.359,0.2780005191301301,-0.2453369979362534,1.12329376753507
0.070611641,0.014848219,55930.688,0.2780005191301301,-0.24273988414104253,1.1208554709418839
0.070611641,0.015600633,55791.324,0.2780005191301301,-0.2397532030780767,1.1180626052104208
0.070611641,0.01646591,55631.887,0.2780005191301301,-0.23631851628314754,1.1148674749499
0.070611641,0.01746098,55449.738,0.2780005191301301,-0.23236862071325468,1.1112171943887774
0.070611641,0.018605309,55242.141,0.2780005191301301,-0.22782624676207544,1.1070569338677356
0.070611641,0.019921288,55006.512,0.2780005191301301,-0.22260251413806706,1.1023349098196393
0.070611641,0.021434661,54740.254,0.2780005191301301,-0.21659523293343275,1.0969990781563126
0.070611641,0.023175042,54441.801,0.2780005191301301,-0.20968685141069998,1.0910180561122245
0.070611641,0.025176479,54111.059,0.2780005191301301,-0.20174221722444208,1.0843899599198397
0.070611641,0.027377766,53765.957,0.2780005191301301,-0.19300428545143844,1.0774740881763527
0.070611641,0.029639266,53435.371,0.2780005191301301,-0.1840273402804327,1.070849118236473
0.070611641,0.031900764,53132.293,0.2780005191301301,-0.175050403048357,1.0647754108216432
0.070611641,0.034162261,52859.062,0.2780005191301301,-0.16607346978574633,1.0592998396793587
0.070611641,0.036423761,52616.594,0.2780005191301301,-0.15709652461474058,1.054440761523046
0.070611641,0.038685262,52404.516,0.2780005191301301,-0.1481195754742698,1.0501907014028056
0.070611641,0.040946759,52221.586,0.2780005191301301,-0.13914264221165915,1.0465247695390782
0.070611641,0.043208256,52065.793,0.2780005191301301,-0.13016570894904847,1.0434026653306612
0.070611641,0.045469761,51934.238,0.2780005191301301,-0.12118874393071757,1.0407662925851704
0.070611641,0.047731258,51824.422,0.2780005191301301,-0.11221181066810691,1.0385655711422845
0.070611641,0.049992763,51733.43,0.2780005191301301,-0.10323484564977599,1.0367420841683366
0.070611641,0.05225426,51658.453,0.2780005191301301,-0.09425791238716535,1.0352395390781564
0.070611641,0.054515757,51597.09,0.2780005191301301,-0.08528097912455469,1.0340098196392784
0.070611641,0.056777257,51547.324,0.2780005191301301,-0.07630403395354894,1.03301250501002
0.070611641,0.059038758,51507.246,0.2780005191301301,-0.06732708481307816,1.0322093386773548
0.070611641,0.061300255,51475.27,0.2780005191301301,-0.0583501515504675,1.0315685370741483
0.070611641,0.063561752,51450.0,0.2780005191301301,-0.04937321828785684,1.031062124248497
0.070611641,0.06582325,51430.555,0.2780005191301301,-0.04039628105578115,1.0306724448897795
0.070611641,0.068084754,51415.797,0.2780005191301301,-0.031419320006915274,1.0303766933867735
0.070611641,0.070346251,51405.273,0.2780005191301301,-0.022442386744304616,1.0301657915831663
0.070611641,0.072607756,51398.488,0.2780005191301301,-0.013465421725973713,1.0300298196392785
0.070611641,0.074869253,51395.164,0.2780005191301301,-0.0044884884633630525,1.0299632064128257
0.070611641,0.07713075,51395.07,0.2780005191301301,0.004488444799247608,1.0299613226452906
0.070611641,0.079392247,51398.34,0.2780005191301301,0.013465378061858269,1.0300268537074149
0.070611641,0.081653744,51404.879,0.2780005191301301,0.022442311324468927,1.0301578957915831
0.070611641,0.083915241,51415.078,0.2780005191301301,0.031419244587079585,1.0303622845691383
0.070611641,0.086176746,51429.305,0.2780005191301301,0.040396209605410495,1.0306473947895791
0.070611641,0.088438243,51448.043,0.2780005191301301,0.04937314286802115,1.0310229058116231
0.070611641,0.090699747,51472.199,0.2780005191301301,0.058350103916887025,1.031506993987976
0.070611641,0.092961244,51502.707,0.2780005191301301,0.06732703717949769,1.0321183767535071
0.070611641,0.095222741,51540.832,0.2780005191301301,0.07630397044210835,1.0328824048096192
0.070611641,0.097484246,51588.035,0.2780005191301301,0.08528093546043924,1.033828356713427
0.070611648,0.099745743,51646.16,0.2780005469163853,0.0942578687230499,1.0349931863727455
0.070611648,0.10200724,51716.941,0.2780005469163853,0.10323480198566057,1.036411643286573
0.070611648,0.10426874,51802.977,0.2780005469163853,0.11221174715666632,1.0381358116232464
0.070611648,0.10653023,51906.715,0.2780005469163853,0.12118865263302177,1.0402147294589177
0.070611648,0.10879174,52031.281,0.2780005469163853,0.13016563749867782,1.0427110420841683
0.070611648,0.11105324,52179.312,0.2780005469163853,0.13914258266968357,1.0456775951903807
0.070611648,0.11331474,52353.309,0.2780005469163853,0.14811952784068932,1.0491645090180362
0.070611648,0.11557624,52555.77,0.2780005469163853,0.15709647301169508,1.0532218436873746
0.070611648,0.11783773,52788.371,0.2780005469163853,0.16607337848805054,1.0578831863727454
0.070611648,0.12009923,53051.629,0.2780005469163853,0.1750503236590563,1.0631588977955913
0.070611648,0.12236074,53344.98,0.2780005469163853,0.18402730852471233,1.0690376753507014
0.070611648,0.12462223,53666.441,0.2780005469163853,0.1930042140010678,1.0754797795591182
0.070611648,0.12682351,54003.637,0.2780005469163853,0.2017421179878162,1.0822372144288577
0.070611648,0.12882495,54328.438,0.2780005469163853,0.20968676408246917,1.08874625250501
0.070611648,0.13056535,54622.504,0.2780005469163853,0.21659522102503756,1.0946393587174348
0.070611648,0.13207871,54885.375,0.2780005469163853,0.22260245062662642,1.0999073146292586
0.070611648,0.13339469,55118.609,0.2780005469163853,0.22782618722009992,1.1045813426853708
0.070611648,0.13453902,55324.359,0.2780005469163853,0.2323685651407442,1.1087045891783567
0.070611648,0.13553409,55505.227,0.2780005469163853,0.236318460710637,1.1123291983967936
0.070611648,0.13639936,55663.758,0.2780005469163853,0.23975311971931096,1.1155061723446895
0.070611648,0.13715178,55802.469,0.2780005469163853,0.24273982459906696,1.1182859519038075
0.070611648,0.13780606,55923.594,0.2780005469163853,0.2453369661805331,1.1207133066132264
0.070611648,0.13837498,56029.277,0.2780005469163853,0.24759527422682479,1.1228312024048097
0.070611648,0.1388697,56121.375,0.2780005469163853,0.24955904796770473,1.1246768537074148
0.070611648,0.13929991,56201.531,0.2780005469163853,0.2512667515193378,1.1262831863727456
0.072600089,0.012700087,56872.551,0.28589359393508085,-0.25126681900024345,1.1397304809619238
0.072600089,0.013130275,56787.727,0.28589359393508085,-0.24955920277684102,1.1380306012024048
0.072600089,0.01362499,56690.191,0.28589359393508085,-0.24759544888328622,1.1360759719438878
0.072600089,0.014193915,56578.18,0.28589359393508085,-0.2453371209896694,1.1338312625250502
0.072600089,0.014848176,56449.711,0.28589359393508085,-0.24274005482803893,1.131256733466934
0.072600089,0.015600579,56302.438,0.28589359393508085,-0.23975341742918846,1.128305370741483
0.072600089,0.016465839,56133.852,0.28589359393508085,-0.23631879811516487,1.1249268937875752
0.072600089,0.01746089,55941.059,0.28589359393508085,-0.2323689779651076,1.1210633066132265
0.072600089,0.018605199,55721.078,0.28589359393508085,-0.227826683403229,1.116654869739479
0.072600089,0.019921154,55470.68,0.28589359393508085,-0.22260304604638143,1.111636873747495
0.072600089,0.021434499,55187.086,0.28589359393508085,-0.21659587598676802,1.1059536272545092
0.072600089,0.02317485,54867.633,0.28589359393508085,-0.20968761354798623,1.0995517635270542
0.072600089,0.025176251,54511.285,0.28589359393508085,-0.2017431222624695,1.0924105210420842
0.072600089,0.027377523,54136.246,0.28589359393508085,-0.1930052500314413,1.0848947094188377
0.072600089,0.029639035,53772.699,0.28589359393508085,-0.18402825722685517,1.0776091983967937
0.072600089,0.031900544,53435.273,0.28589359393508085,-0.17505127633066414,1.0708471543086173
0.072600089,0.034162056,53127.023,0.28589359393508085,-0.16607428352607798,1.0646697995991985
0.072600089,0.036423564,52849.941,0.28589359393508085,-0.15709730659935198,1.0591170541082164
0.072600089,0.038685076,52604.691,0.28589359393508085,-0.14812031379476584,1.0542022244488978
0.072600089,0.040946584,52390.961,0.28589359393508085,-0.1391433368680398,1.0499190581162325
0.072600096,0.043208096,52207.289,0.28589362172133603,-0.13016634406345368,1.046238256513026
0.072600096,0.045469604,52051.18,0.28589362172133603,-0.12118936713672768,1.0431098196392785
0.072600096,0.047731116,51920.281,0.28589362172133603,-0.11221237433214154,1.0404865931863727
0.072600096,0.049992628,51811.488,0.28589362172133603,-0.10323538152755539,1.0383063727454909
0.072600096,0.05225414,51721.867,0.28589362172133603,-0.09425838872296925,1.0365103607214428
0.072600096,0.054515652,51648.707,0.28589362172133603,-0.0852813959183831,1.035044228456914
0.072600096,0.056777157,51589.512,0.28589362172133603,-0.07630443090005218,1.0338579559118237
0.072600096,0.059038676,51541.988,0.28589362172133603,-0.06732741030921081,1.0329055711422845
0.072600096,0.061300181,51504.234,0.28589362172133603,-0.05835044529087989,1.0321489779559117
0.072600096,0.063561693,51474.543,0.28589362172133603,-0.04937345248629375,1.0315539679358716
0.072600096,0.065823205,51451.766,0.28589362172133603,-0.04039645968170763,1.03109751503006
0.072600096,0.068084717,51434.645,0.28589362172133603,-0.03141946687712146,1.0307544088176352
0.072600096,0.070346221,51422.539,0.28589362172133603,-0.022442505828255584,1.0305118036072143
0.072600096,0.072607733,51414.738,0.28589362172133603,-0.013465513023669468,1.0303554709418836
0.072600096,0.074869245,51410.898,0.28589362172133603,-0.004488520219083296,1.0302785170340683
0.072600096,0.077130757,51410.762,0.28589362172133603,0.004488472585502821,1.0302757915831664
0.072600096,0.079392262,51414.41,0.28589362172133603,0.01346543760383378,1.0303488977955912
0.072600096,0.081653774,51421.855,0.28589362172133603,0.022442430408419894,1.0304980961923849
0.072600096,0.083915286,51433.508,0.28589362172133603,0.031419423213006066,1.030731623246493
0.072600096,0.086176805,51449.926,0.28589362172133603,0.040396443803847396,1.0310606412825651
0.072600096,0.088438302,51471.727,0.28589362172133603,0.04937337706645806,1.0314975350701403
0.072600096,0.090699822,51499.992,0.28589362172133603,0.05835040162676447,1.0320639679358716
0.072600096,0.092961326,51535.918,0.28589362172133603,0.06732736267563035,1.0327839278557114
0.072600096,0.095222838,51581.043,0.28589362172133603,0.07630435548021651,1.0336882364729458
0.072600096,0.09748435,51637.125,0.28589362172133603,0.08528134828480263,1.034812124248497
0.072600096,0.099745855,51706.426,0.28589362172133603,0.09425831330313354,1.0362009218436874
0.072600096,0.10200737,51790.98,0.28589362172133603,0.1032353180161148,1.0378953907815631
0.072600096,0.10426889,51893.68,0.28589362172133603,0.11221234257642121,1.039953507014028
0.072600096,0.10653038,52017.402,0.28589362172133603,0.1211892480527766,1.0424329058116233
0.072600096,0.1087919,52165.383,0.28589362172133603,0.13016627261308303,1.0453984569138277
0.072600096,0.11105341,52340.266,0.28589362172133603,0.13914325747873912,1.048903126252505
0.072600096,0.11331492,52544.199,0.28589362172133603,0.1481202423443952,1.0529899599198398
0.072600096,0.11557643,52779.051,0.28589362172133603,0.15709722721005123,1.0576964128256512
0.072600096,0.11783794,53045.84,0.28589362172133603,0.16607421207570736,1.063042885771543
0.072600096,0.12009946,53343.973,0.28589362172133603,0.17505123663601377,1.06901749498998
0.072600096,0.12236097,53671.98,0.28589362172133603,0.18402822150166984,1.0755907815631263
0.072600096,0.12462248,54027.172,0.28589362172133603,0.19300520636732588,1.082708857715431
0.072600096,0.12682375,54395.551,0.28589362172133603,0.20174307065942404,1.0900912024048095
0.072600096,0.12882516,54747.008,0.28589362172133603,0.20968759767012599,1.0971344288577154
0.072600096,0.13056549,55063.02,0.28589362172133603,0.21659577675014216,1.1034673346693387
0.072600096,0.13207886,55344.156,0.28589362172133603,0.22260304604638131,1.1091013226452906
0.072600096,0.13339481,55592.734,0.28589362172133603,0.2278266635559038,1.1140828456913827
0.072600096,0.13453911,55811.617,0.28589362172133603,0.23236892239259704,1.1184692785571142
0.072600096,0.13553417,56003.656,0.28589362172133603,0.23631877826783965,1.1223177555110222
0.072600096,0.13639942,56171.781,0.28589362172133603,0.2397533578872129,1.1256869939879761
0.072600096,0.13715182,56318.758,0.28589362172133603,0.24273998337766828,1.1286324248496995
0.072600096,0.13780609,56447.102,0.28589362172133603,0.24533708526448403,1.1312044488977955
0.072600096,0.13837501,56559.023,0.28589362172133603,0.24759539331077568,1.1334473547094188
0.072600096,0.13886973,56656.551,0.28589362172133603,0.24955916705165562,1.1354018236472945
0.072600096,0.13929991,56741.387,0.28589362172133603,0.2512667515193378,1.1371019438877756
0.074588537,0.012700084,57437.355,0.2937866687400315,-0.25126683090863855,1.1510491983967936
0.074588537,0.013130263,57348.129,0.2937866687400315,-0.24955925041042137,1.1492611022044088
0.074588537,0.01362497,57245.492,0.2937866687400315,-0.24759552827258688,1.147204248496994
0.074588537,0.014193885,57127.57,0.2937866687400315,-0.24533724007362037,1.1448410821643287
0.074588537,0.014848134,56992.188,0.2937866687400315,-0.24274022154557026,1.1421280160320642
0.074588537,0.015600523,56836.918,0.2937866687400315,-0.2397536397192303,1.1390163927855712
0.074588537,0.016465768,56659.023,0.2937866687400315,-0.23631907994718215,1.135451362725451
0.074588537,0.017460801,56455.48,0.2937866687400315,-0.2323693312474955,1.1313723446893789
0.074588537,0.018605089,56222.973,0.2937866687400315,-0.2278271200443826,1.126712885771543
0.074588537,0.01992102,55958.129,0.2937866687400315,-0.22260357795469576,1.121405390781563
0.074588545,0.021434341,55657.371,0.2937867004957518,-0.21659650316224316,1.1153781763527053
0.074588545,0.023174658,55317.758,0.2937867004957518,-0.20968837568527246,1.1085723046092184
0.074588545,0.025176024,54936.977,0.2937867004957518,-0.20174402333103184,1.1009414228456913
0.074588545,0.027377283,54533.227,0.2937867004957518,-0.1930062027030491,1.092850240480962
0.074588545,0.029638806,54138.645,0.2937867004957518,-0.18402916623434762,1.0849427855711422
0.074588545,0.031900328,53768.441,0.2937867004957518,-0.17505213373511117,1.0775238677354708
0.074588545,0.034161851,53426.246,0.2937867004957518,-0.16607509726640965,1.07066625250501
0.074588545,0.03642337,53114.699,0.2937867004957518,-0.1570980766755683,1.0644228256513026
0.074588545,0.03868489,52835.453,0.2937867004957518,-0.1481210521152619,1.0588267134268536
0.074588552,0.040946413,52589.16,0.293786728282007,-0.13914401564656037,1.053890981963928
0.074588552,0.043207936,52375.168,0.293786728282007,-0.13016697917785888,1.0496025651302605
0.074588552,0.045469459,52191.758,0.293786728282007,-0.1211899427091574,1.045927014028056
0.074588552,0.047730975,52036.758,0.293786728282007,-0.1122129340267111,1.0428208016032063
0.074588552,0.049992498,51907.242,0.293786728282007,-0.1032358975580096,1.0402252905811622
0.074588552,0.052254021,51800.18,0.293786728282007,-0.09425886108930812,1.038079759519038
0.074588552,0.054515544,51712.543,0.293786728282007,-0.08528182462060661,1.036323507014028
0.074588552,0.056777067,51641.715,0.293786728282007,-0.07630478815190511,1.0349041082164327
0.074588552,0.059038587,51584.871,0.293786728282007,-0.06732776359159871,1.0337649498997996
0.074588552,0.06130011,51539.898,0.293786728282007,-0.05835072712289721,1.0328636873747494
0.074588552,0.063561633,51504.609,0.293786728282007,-0.04937369065419568,1.032156492985972
0.074588552,0.065823153,51477.66,0.293786728282007,-0.04039666609388932,1.0316164328657316
0.074588552,0.068084672,51457.473,0.293786728282007,-0.03141964550304793,1.031211883767535
0.074588552,0.070346192,51443.316,0.293786728282007,-0.02244262094274152,1.0309281763527054
0.074588552,0.072607718,51434.195,0.293786728282007,-0.013465572565644924,1.0307453907815631
0.074588552,0.074869238,51429.719,0.293786728282007,-0.0044885480053385085,1.0306556913827656
0.074588552,0.077130765,51429.512,0.293786728282007,0.004488504341223119,1.0306515430861725
0.074588552,0.079392277,51433.727,0.293786728282007,0.013465497145809236,1.030736012024048
0.074588552,0.081653804,51442.348,0.293786728282007,0.022442549492370862,1.0309087775551102
0.074588552,0.083915323,51455.934,0.293786728282007,0.03141957008321225,1.0311810420841683
0.074588552,0.086176842,51475.207,0.293786728282007,0.040396590674053635,1.0315672745490982
0.074588552,0.088438369,51500.918,0.293786728282007,0.04937364302061526,1.0320825250501002
0.074588552,0.090699889,51534.387,0.293786728282007,0.058350667580921674,1.032753246492986
0.074588552,0.092961416,51577.09,0.293786728282007,0.0673277199274833,1.033609018036072
0.074588552,0.095222935,51630.977,0.293786728282007,0.07630474051832463,1.0346889178356713
0.074588552,0.097484462,51698.102,0.293786728282007,0.08528179286488625,1.0360341082164328
0.074588552,0.099745974,51781.066,0.293786728282007,0.09425878566947243,1.0376967134268538
0.074588552,0.10200751,51882.25,0.293786728282007,0.10323587374121933,1.0397244488977957
0.074588552,0.10426901,52004.824,0.293786728282007,0.11221281891222508,1.0421808416833667
0.074588552,0.10653054,52151.695,0.293786728282007,0.12118988316718186,1.0451241482965932
0.074588552,0.10879206,52326.098,0.293786728282007,0.1301669077274882,1.0486191983967936
0.074588552,0.11105359,52530.484,0.293786728282007,0.13914397198244494,1.0527151102204408
0.074588552,0.11331511,52766.367,0.293786728282007,0.14812099654275135,1.0574422244488977
0.074588552,0.11557663,53034.926,0.293786728282007,0.15709802110305776,1.0628241683366733
0.074588552,0.11783815,53336.156,0.293786728282007,0.16607504566336417,1.0688608416833667
0.074588552,0.12009967,53668.594,0.293786728282007,0.17505207022367059,1.0755229258517034
0.074588552,0.12236118,54029.988,0.293786728282007,0.18402905508932665,1.0827652905811622
0.074588552,0.12462272,54416.996,0.293786728282007,0.19300615903893373,1.0905209619238476
0.074588552,0.12682398,54814.719,0.293786728282007,0.2017439836363815,1.098491362725451
0.074588552,0.12882534,55191.676,0.293786728282007,0.2096883121738319,1.1060456112224448
0.074588552,0.13056566,55528.969,0.293786728282007,0.21659645155919766,1.11280498997996
0.074588552,0.13207898,55828.133,0.293786728282007,0.22260352238218528,1.118800260521042
0.074588552,0.1333949,56092.066,0.293786728282007,0.22782702080775677,1.124089498997996
0.074588552,0.1345392,56324.117,0.293786728282007,0.23236927964445,1.1287398196392786
0.074588552,0.13553424,56527.594,0.293786728282007,0.2363190561303919,1.1328175150300601
0.074588552,0.13639948,56705.559,0.293786728282007,0.23975359605511484,1.1363839478957916
0.074588552,0.13715187,56861.078,0.293786728282007,0.24274018185091992,1.1395005611222446
0.074588552,0.13780612,56996.727,0.293786728282007,0.24533720434843503,1.1422189779559118
0.074588552,0.13837503,57114.945,0.293786728282007,0.2475954727000764,1.1445880761523046
0.074588552,0.13886973,57217.891,0.293786728282007,0.24955916705165562,1.146651122244489
0.074588552,0.13929993,57307.453,0.293786728282007,0.25126683090863844,1.1484459519038077
0.076576993,0.01270008,58020.98,0.3016797753007025,-0.2512668467864987,1.1627450901803609
0.076576993,0.013130253,57927.406,0.3016797753007025,-0.24955929010507175,1.160869859719439
0.076576993,0.013624951,57819.645,0.3016797753007025,-0.2475956036924225,1.1587103206412825
0.076576993,0.014193854,57695.746,0.3016797753007025,-0.2453373631270364,1.1562273747494989
0.076576993,0.014848093,57553.359,0.3016797753007025,-0.2427403842936366,1.1533739278557114
0.076576993,0.015600467,57389.859,0.3016797753007025,-0.23975386200927212,1.150097374749499
0.076576993,0.016465697,57202.312,0.3016797753007025,-0.23631936177919946,1.1463389178356713
0.076576993,0.017460711,56987.535,0.3016797753007025,-0.23236968849934841,1.1420347695390782
0.076576993,0.018604979,56741.875,0.3016797753007025,-0.22782755668553617,1.1371117234468937
0.076576993,0.019920886,56461.602,0.3016797753007025,-0.22260410986301013,1.1314950300601203
0.076576993,0.021434179,56143.004,0.3016797753007025,-0.21659714621557843,1.1251103006012024
0.076576993,0.023174467,55782.367,0.3016797753007025,-0.20968913385309365,1.1178831062124248
0.076576993,0.025175797,55376.992,0.3016797753007025,-0.20174492439959424,1.1097593587174348
0.076576993,0.027377043,54945.551,0.3016797753007025,-0.1930071553746569,1.101113246492986
0.076576993,0.029638575,54521.316,0.3016797753007025,-0.18403008318077013,1.0926115430861723
0.076576993,0.031900108,54120.215,0.3016797753007025,-0.1750530070174183,1.0845734468937875
0.076576993,0.034161642,53746.062,0.3016797753007025,-0.16607592688460146,1.0770753907815631
0.076576993,0.036423177,53401.922,0.3016797753007025,-0.15709884278231956,1.0701787975951904
0.076576993,0.038684707,53089.957,0.3016797753007025,-0.14812177852736283,1.063926993987976
0.076576993,0.040946241,52811.539,0.3016797753007025,-0.13914469839454596,1.0583474749498998
0.076576993,0.043207772,52566.77,0.3016797753007025,-0.13016763017012423,1.0534422845691382
0.076576993,0.045469306,52354.57,0.3016797753007025,-0.12119055003730736,1.0491897795591183
0.076576993,0.047730837,52173.484,0.3016797753007025,-0.11221348181288561,1.0455608016032063
0.076576993,0.049992371,52020.926,0.3016797753007025,-0.10323640168006873,1.0425035270541083
0.076576993,0.052253906,51893.898,0.3016797753007025,-0.09425931757778684,1.0399578757515031
0.076576993,0.054515436,51789.406,0.3016797753007025,-0.08528225332283011,1.0378638476953908
0.076576993,0.056776974,51704.465,0.3016797753007025,-0.07630515731215312,1.036161623246493
0.076576993,0.059038505,51636.273,0.3016797753007025,-0.06732808908773139,1.0347950501002003
0.076576993,0.061300039,51582.129,0.3016797753007025,-0.05835100895491451,1.03371
0.076576993,0.063561574,51539.836,0.3016797753007025,-0.04937392485263264,1.0328624448897796
0.076576993,0.065823108,51507.555,0.3016797753007025,-0.04039684471981574,1.0322155310621242
0.076576993,0.068084635,51483.508,0.3016797753007025,-0.03141979237325412,1.031733627254509
0.076576993,0.070346169,51466.504,0.3016797753007025,-0.022442712240437274,1.031392865731463
0.076576993,0.072607704,51455.566,0.3016797753007025,-0.013465628138155404,1.0311736673346694
0.076576993,0.07486923,51450.23,0.3016797753007025,-0.0044885797610588075,1.031066733466934
0.076576993,0.077130765,51449.938,0.3016797753007025,0.004488504341223119,1.0310608817635272
0.076576993,0.079392299,51454.867,0.3016797753007025,0.01346558447403996,1.0311596593186372
0.076576993,0.081653833,51465.074,0.3016797753007025,0.022442664606856802,1.0313642084168337
0.076577,0.083915368,51481.172,0.30167980308695774,0.031419748709138724,1.0316868136272546
0.076577,0.086176902,51504.082,0.30167980308695774,0.04039682884195557,1.0321459318637276
0.076577,0.088438436,51534.863,0.30167980308695774,0.04937390897477241,1.0327627855711423
0.076577,0.090699971,51574.945,0.30167980308695774,0.05835099307705433,1.0335660320641282
0.076577,0.092961498,51626.309,0.30167980308695774,0.06732804542361596,1.034595370741483
0.076577,0.095223032,51690.941,0.30167980308695774,0.0763051255564328,1.0358906012024047
0.076577,0.097484566,51771.332,0.30167980308695774,0.08528220568924964,1.0375016432865731
0.076577,0.099746093,51870.328,0.30167980308695774,0.09425925803581127,1.0394855310621243
0.076577,0.10200763,51990.594,0.30167980308695774,0.10323635007702325,1.0418956713426852
0.076577,0.10426916,52135.285,0.30167980308695774,0.11221341433197998,1.0447952905811624
0.076577,0.1065307,52307.285,0.30167980308695774,0.12119051828158706,1.0482421843687375
0.076577,0.10879223,52509.625,0.30167980308695774,0.13016758253654379,1.0522970941883767
0.076577,0.11105376,52744.277,0.30167980308695774,0.1391446467915005,1.0569995390781564
0.076577,0.11331529,53012.02,0.30167980308695774,0.14812171104645722,1.062365130260521
0.076577,0.11557683,53313.363,0.30167980308695774,0.1570988149960643,1.0684040681362725
0.076577,0.11783835,53647.617,0.30167980308695774,0.16607583955637065,1.0751025450901803
0.076577,0.12009989,54012.648,0.30167980308695774,0.17505294350597772,1.0824177955911825
0.076577,0.12236142,54405.816,0.30167980308695774,0.18403000776093445,1.0902969138276553
0.076577,0.12462296,54823.594,0.30167980308695774,0.19300711171054152,1.0986692184368736
0.076577,0.1268242,55250.484,0.30167980308695774,0.20174485691868863,1.107224128256513
0.076577,0.12882555,55653.234,0.30167980308695774,0.20968914576148873,1.1152952705410821
0.076577,0.13056582,56012.477,0.30167980308695774,0.21659708667360286,1.1224945290581163
0.076577,0.13207911,56330.453,0.30167980308695774,0.22260403841263945,1.1288667935871743
0.076577,0.13339502,56610.617,0.30167980308695774,0.22782749714356063,1.1344813026052103
0.076577,0.13453929,56856.523,0.30167980308695774,0.23236963689630297,1.1394092785571142
0.076577,0.1355343,57071.852,0.30167980308695774,0.23631929429829382,1.1437244889779559
0.076577,0.13639954,57260.016,0.30167980308695774,0.23975383422301688,1.1474953106212427
0.076577,0.13715191,57424.211,0.30167980308695774,0.24274034062952113,1.1507857915831663
0.076577,0.13780615,57567.289,0.30167980308695774,0.24533732343238596,1.1536530861723446
0.076577,0.13837504,57691.887,0.30167980308695774,0.2475955123947267,1.1561500400801603
0.076577,0.13886975,57800.215,0.30167980308695774,0.24955924644095626,1.1583209418837674
0.076577,0.13929993,57894.402,0.30167980308695774,0.25126683090863844,1.1602084569138278
0.078565441,0.012700076,58626.312,0.3095728501056532,-0.25126686266435877,1.174875991983968
0.078565441,0.013130242,58528.812,0.3095728501056532,-0.24955933376918707,1.1729220841683365
0.078565441,0.013624931,58416.398,0.3095728501056532,-0.24759568308172317,1.1706692985971945
0.078565441,0.014193824,58286.906,0.3095728501056532,-0.24533748221098736,1.1680742685370742
0.078565441,0.014848051,58137.809,0.3095728501056532,-0.24274055101116795,1.165086352705411
0.078565441,0.015600411,57966.297,0.3095728501056532,-0.23975408429931394,1.161649238476954
0.078565441,0.016465627,57769.16,0.3095728501056532,-0.23631963964175176,1.157698597194389
0.078565441,0.017460622,57542.797,0.3095728501056532,-0.23237004178173634,1.153162264529058
0.078565441,0.018604871,57283.254,0.3095728501056532,-0.2278279853877597,1.147961002004008
0.078565441,0.019920755,56986.363,0.3095728501056532,-0.2226046298629294,1.1420112825651303
0.078565441,0.02143402,56647.875,0.3095728501056532,-0.21659777736051858,1.1352279559118237
0.078565441,0.023174277,56263.863,0.3095728501056532,-0.20968988805144984,1.1275323246492985
0.078565441,0.02517557,55830.973,0.3095728501056532,-0.20174582546815661,1.1188571743486972
0.078565441,0.027376803,55368.855,0.3095728501056532,-0.1930081080462647,1.1095962925851703
0.078565441,0.029638346,54912.863,0.3095728501056532,-0.1840309921882626,1.1004581763527053
0.078565441,0.031899892,54479.973,0.3095728501056532,-0.17505386442186532,1.0917830260521042
0.078565441,0.034161434,54074.113,0.3095728501056532,-0.1660767525333282,1.0836495591182365
0.078565441,0.036422979,53698.453,0.3095728501056532,-0.157099628736396,1.0761213026052106
0.078565441,0.038684525,53355.301,0.3095728501056532,-0.14812250096999877,1.069244509018036
0.078565441,0.040946066,53046.406,0.3095728501056532,-0.13914539305092666,1.0630542284569138
0.078565441,0.043207608,52772.234,0.3095728501056532,-0.13016828116238954,1.0575597995991983
0.078565441,0.045469157,52531.984,0.3095728501056532,-0.12119114148759719,1.0527451703406814
0.078565441,0.047730699,52324.762,0.3095728501056532,-0.11221402959906007,1.0485924248496994
0.078565441,0.049992241,52148.32,0.3095728501056532,-0.10323691771052297,1.045056513026052
0.078565441,0.05225379,52000.055,0.3095728501056532,-0.09425977803573062,1.0420852705410821
0.078565441,0.054515332,51877.039,0.3095728501056532,-0.0852826661471935,1.03962002004008
0.078565441,0.056776874,51776.562,0.3095728501056532,-0.07630555425865639,1.0376064529058115
0.078565441,0.059038423,51695.34,0.3095728501056532,-0.06732841458386404,1.0359787575150299
0.078565441,0.061299965,51630.793,0.3095728501056532,-0.05835130269532693,1.0346852304609218
0.078565441,0.063561507,51580.16,0.3095728501056532,-0.049374190806789786,1.0336705410821645
0.078565449,0.065823056,51541.574,0.30957288186137344,-0.04039705113199744,1.0328972745490983
0.078565449,0.068084598,51512.523,0.30957288186137344,-0.03141993924346035,1.0323150901803608
0.078565449,0.070346139,51491.805,0.30957288186137344,-0.022442831324388242,1.0318998997995992
0.078565449,0.072607681,51478.402,0.30957288186137344,-0.013465719435851158,1.0316313026052104
0.078565449,0.074869223,51471.621,0.30957288186137344,-0.00448860754731402,1.0314954108216432
0.078565449,0.077130772,51471.082,0.30957288186137344,0.004488532127478332,1.0314846092184369
0.078565449,0.079392314,51477.055,0.30957288186137344,0.01346564401601547,1.0316043086172344
0.078565449,0.081653863,51489.512,0.30957288186137344,0.02244278369080777,1.0318539478957915
0.078565449,0.083915405,51509.121,0.30957288186137344,0.03141989557934491,1.0322469138276553
0.078565449,0.086176947,51536.598,0.30957288186137344,0.040397007467882044,1.0327975551102204
0.078565449,0.088438496,51573.305,0.30957288186137344,0.0493741471426744,1.0335331663326652
0.078565449,0.090700038,51621.23,0.30957288186137344,0.05835125903121148,1.0344935871743488
0.078565449,0.09296158,51682.43,0.30957288186137344,0.06732837091974862,1.0357200400801603
0.078565449,0.095223129,51759.383,0.30957288186137344,0.07630551059454098,1.0372621843687375
0.078565449,0.097484663,51854.645,0.30957288186137344,0.08528259072735782,1.03917124248497
0.078565449,0.099746212,51971.316,0.30957288186137344,0.09425973040215016,1.0415093386773546
0.078565449,0.10200776,52111.949,0.30957288186137344,0.10323686610747748,1.044327635270541
0.078565449,0.1042693,52279.652,0.30957288186137344,0.11221397005708451,1.0476884168336673
0.078565449,0.10653085,52477.156,0.30957288186137344,0.12119111370134189,1.0516464128256513
0.078565449,0.10879239,52707.191,0.30957288186137344,0.13016821765094896,1.0562563326653307
0.078565449,0.11105393,52971.176,0.30957288186137344,0.13914532160055598,1.0615466132264528
0.078565449,0.11331548,53269.512,0.30957288186137344,0.14812246524481337,1.0675252905811623
0.078565449,0.11557702,53602.316,0.30957288186137344,0.15709956919442045,1.0741947094188375
0.078565449,0.11783856,53968.656,0.30957288186137344,0.16607667314402746,1.0815361923847695
0.078565456,0.1201001,54366.254,0.30957290964762874,0.17505377709363457,1.0895040881763527
0.078565456,0.12236166,54792.258,0.30957290964762874,0.18403096043254225,1.09804124248497
0.078565456,0.12462319,55242.977,0.30957290964762874,0.19300802468749895,1.1070736873747495
0.078565456,0.12682444,55701.93,0.30957290964762874,0.20174580959029648,1.1162711422845693
0.078565456,0.12882572,56133.375,0.30957290964762874,0.20968982057054425,1.1249173346693386
0.078565456,0.13056597,56517.152,0.30957290964762874,0.21659768209335775,1.132608256513026
0.078565456,0.13207924,56855.934,0.30957290964762874,0.22260455444309366,1.1393974749498998
0.078565456,0.13339514,57153.543,0.30957290964762874,0.2278279734793645,1.1453615831663326
0.078565456,0.13453938,57414.156,0.30957290964762874,0.23236999414815582,1.1505842885771544
0.078565456,0.13553438,57641.676,0.30957290964762874,0.2363196118554965,1.1551438076152305
0.078565456,0.13639958,57840.027,0.30957290964762874,0.2397539930016181,1.1591187775551102
0.078565456,0.13715194,58012.684,0.30957290964762874,0.24274045971347216,1.1625788376753508
0.078565456,0.13780618,58162.859,0.30957290964762874,0.245337442516337,1.1655883567134269
0.078565456,0.13837507,58293.34,0.30957290964762874,0.2475956314786776,1.1682032064128256
0.078565456,0.13886976,58406.684,0.30957290964762874,0.24955928613560666,1.170474629258517
0.078565456,0.13929993,58505.004,0.30957290964762874,0.25126683090863844,1.1724449699398798
0.080553889,0.012700072,59268.883,0.31746592491060394,-0.2512668785422189,1.1877531663326653
0.080553889,0.013130231,59169.113,0.31746592491060394,-0.24955937743330248,1.18575376753507
0.080553889,0.01362491,59053.766,0.31746592491060394,-0.2475957664404888,1.1834422044088178
0.080553889,0.014193794,58920.574,0.31746592491060394,-0.24533760129493837,1.1807730260521043
0.080553889,0.014848008,58766.777,0.31746592491060394,-0.24274072169816438,1.1776909218436875
0.080553889,0.015600355,58589.262,0.31746592491060394,-0.23975430658935576,1.1741335070140282
0.080553889,0.016465554,58384.336,0.31746592491060394,-0.2363199294126991,1.1700267735470942
0.080553889,0.017460534,58147.988,0.31746592491060394,-0.23237039109465918,1.1652903406813626
0.080553889,0.018604759,57875.566,0.31746592491060394,-0.22782842996784333,1.1598309819639279
0.080553889,0.019920621,57562.133,0.31746592491060394,-0.22260516177124373,1.153549759519038
0.080553889,0.02143386,57202.484,0.31746592491060394,-0.21659841247492378,1.1463423647294588
0.080553889,0.023174085,56791.691,0.31746592491060394,-0.2096906501887361,1.1381100400801603
0.080553889,0.025175342,56325.68,0.31746592491060394,-0.20174673050618402,1.1287711422845692
0.080553889,0.027376562,55825.355,0.31746592491060394,-0.19300906468733756,1.1187445891783567
0.080553889,0.029638117,55329.812,0.31746592491060394,-0.18403190119575502,1.1088138677354709
0.080553889,0.031899672,54857.875,0.31746592491060394,-0.1750547377041725,1.0993562124248497
0.080553889,0.034161225,54414.27,0.31746592491060394,-0.16607758215152,1.0904663326653306
0.080553889,0.036422782,54002.371,0.31746592491060394,-0.1571004107210074,1.0822118436873747
0.080553889,0.038684338,53625.047,0.31746592491060394,-0.14812324325995982,1.074650240480962
0.080553889,0.040945891,53283.723,0.31746592491060394,-0.13914608770730735,1.0678100801603205
0.080553889,0.043207448,52979.094,0.31746592491060394,-0.13016891627679475,1.0617052905811624
0.080553889,0.045469001,52710.559,0.31746592491060394,-0.12119176072414227,1.0563238276553106
0.080553889,0.047730558,52477.328,0.31746592491060394,-0.11221458929362967,1.0516498597194388
0.080553897,0.049992111,52277.043,0.3174659566663242,-0.1032374337409772,1.0476361322645291
0.080553897,0.052253667,52107.191,0.3174659566663242,-0.09426026627992963,1.0442322845691383
0.080553897,0.054515224,51964.602,0.3174659566663242,-0.08528309484941701,1.0413747895791583
0.080553897,0.056776784,51847.645,0.3174659566663242,-0.07630591151050932,1.0390309619238476
0.080553897,0.059038341,51752.043,0.3174659566663242,-0.0673287400799967,1.0371150901803607
0.080553897,0.06129989,51676.379,0.3174659566663242,-0.058351600405204346,1.0355987775551103
0.080553904,0.063561447,51616.766,0.3174659844525794,-0.04937442897469178,1.034404128256513
0.080553904,0.065823004,51571.738,0.3174659844525794,-0.040397257544179124,1.033501763527054
0.080553904,0.06808456,51538.117,0.3174659844525794,-0.03142009008313156,1.032827995991984
0.080553904,0.070346117,51513.863,0.3174659844525794,-0.02244291865261897,1.0323419438877754
0.080553904,0.072607666,51498.574,0.3174659844525794,-0.013465778977826616,1.0320355511022044
0.080553904,0.074869223,51490.734,0.3174659844525794,-0.00448860754731402,1.0318784368737475
0.080553904,0.07713078,51490.164,0.3174659844525794,0.004488563883198575,1.0318670140280561
0.080553904,0.079392336,51497.035,0.3174659844525794,0.01346573134424614,1.0320047094188378
0.080553904,0.081653886,51510.98,0.3174659844525794,0.022442874988503524,1.0322841683366735
0.080553904,0.083915442,51533.75,0.3174659844525794,0.03142004244955114,1.0327404809619238
0.080553904,0.086176999,51565.527,0.3174659844525794,0.04039721388006374,1.0333772945891784
0.080553904,0.088438556,51608.086,0.3174659844525794,0.049374385310576335,1.0342301803607215
0.080553904,0.090700112,51664.438,0.3174659844525794,0.0583515527716239,1.035359478957916
0.080553904,0.092961669,51736.074,0.3174659844525794,0.0673287242021365,1.0367950701402806
0.080553904,0.095223218,51826.633,0.3174659844525794,0.07630586387692885,1.0386098797595191
0.080553904,0.097484775,51937.691,0.3174659844525794,0.08528303530744144,1.040835490981964
0.080553904,0.099746332,52073.098,0.3174659844525794,0.09426020673795403,1.0435490581162323
0.080553904,0.10200789,52234.434,0.3174659844525794,0.10323738213793171,1.046782244488978
0.080553904,0.10426944,52425.379,0.3174659844525794,0.1122145257821891,1.0506087975951903
0.080553904,0.10653099,52648.316,0.3174659844525794,0.12119166942644648,1.0550764729458917
0.080553904,0.10879255,52906.277,0.3174659844525794,0.13016885276535417,1.0602460320641283
0.080553904,0.11105411,53200.598,0.3174659844525794,0.13914603610426185,1.0661442484969939
0.080553904,0.11331566,53531.504,0.3174659844525794,0.14812317974851924,1.0727756312625252
0.080553904,0.11557721,53898.898,0.3174659844525794,0.15710032339277663,1.080138236472946
0.080553904,0.11783877,54302.004,0.3174659844525794,0.1660775067316843,1.0882165130260522
0.080553904,0.12010033,54738.227,0.3174659844525794,0.17505469007059205,1.0969584569138275
0.080553904,0.12236188,55204.215,0.3174659844525794,0.18403183371484944,1.106296893787575
0.080553904,0.12462343,55695.727,0.3174659844525794,0.19300897735910674,1.1161468336673346
0.080553904,0.12682465,56193.777,0.3174659844525794,0.2017466431779533,1.1261277955911824
0.080553904,0.12882592,56659.996,0.3174659844525794,0.20969061446355075,1.1354708617234468
0.080553904,0.13056614,57071.996,0.3174659844525794,0.21659835690241325,1.143727374749499
0.080553904,0.13207938,57433.078,0.3174659844525794,0.22260511016819823,1.150963486973948
0.080553904,0.13339524,57748.266,0.3174659844525794,0.22782837042586776,1.1572798797595192
0.080553904,0.13453947,58022.539,0.3174659844525794,0.23237035140000878,1.1627763326653306
0.080553904,0.13553445,58260.785,0.3174659844525794,0.2363198897180487,1.1675508016032066
0.080553904,0.13639964,58467.496,0.3174659844525794,0.23975423116952002,1.1716933066132265
0.080553904,0.13715199,58646.781,0.3174659844525794,0.24274065818672377,1.1752861923847695
0.080553904,0.13780621,58802.07,0.3174659844525794,0.245337561600288,1.1783981963927856
0.080553904,0.13837509,58936.68,0.3174659844525794,0.24759571086797835,1.1810957915831664
0.080553904,0.13886976,59053.27,0.3174659844525794,0.24955928613560666,1.183432264529058
0.080553904,0.13929993,59154.16,0.3174659844525794,0.25126683090863844,1.185454108216433
0.082542345,0.012700069,59978.887,0.32535903147127493,-0.25126689045061407,1.2019817034068137
0.082542345,0.01313022,59880.477,0.32535903147127493,-0.2495594210974178,1.2000095591182365
0.082542345,0.013624891,59766.41,0.32535903147127493,-0.24759584186032446,1.1977236472945894
0.082542345,0.014193763,59634.359,0.32535903147127493,-0.24533772434835435,1.1950773346693386
0.082542345,0.014847967,59481.273,0.32535903147127493,-0.24274088444623068,1.1920094789579159
0.082542345,0.0156003,59303.738,0.32535903147127493,-0.23975452490993254,1.1884516633266533
0.082542345,0.016465483,59097.789,0.32535903147127493,-0.23632021124471642,1.1843244288577153
0.082542345,0.017460445,58858.562,0.32535903147127493,-0.23237074437704705,1.1795303006012023
0.082542345,0.018604651,58580.586,0.32535903147127493,-0.22782885867006683,1.1739596392785572
0.082542345,0.019920487,58257.512,0.32535903147127493,-0.2226056936795581,1.1674852104208417
0.082542345,0.0214337,57882.262,0.32535903147127493,-0.216599047589329,1.1599651703406815
0.082542345,0.023173893,57447.496,0.32535903147127493,-0.20969141232602231,1.1512524248496994
0.082542345,0.025175115,56946.363,0.32535903147127493,-0.20174763157474643,1.1412096793587174
0.082542345,0.027376322,56399.824,0.32535903147127493,-0.19301001735894535,1.1302569939879759
0.082542345,0.029637888,55850.641,0.32535903147127493,-0.18403281020324747,1.1192513226452907
0.082542345,0.031899452,55321.504,0.32535903147127493,-0.17505561098647962,1.108647374749499
0.082542345,0.03416102,54820.242,0.32535903147127493,-0.16607839589185167,1.0986020440881763
0.082542345,0.036422588,54353.207,0.32535903147127493,-0.1571011807972237,1.089242625250501
0.082542345,0.038684152,53925.141,0.32535903147127493,-0.14812398158045587,1.0806641482965933
0.082542345,0.04094572,53540.133,0.32535903147127493,-0.1391467664858279,1.0729485571142285
0.082542345,0.043207288,53195.523,0.32535903147127493,-0.13016955139119993,1.0660425450901805
0.082542345,0.045468856,52890.414,0.32535903147127493,-0.12119233629657197,1.059928136272545
0.082542345,0.047730416,52624.32,0.32535903147127493,-0.1122151529576643,1.0545955911823648
0.082542345,0.049991984,52394.746,0.32535903147127493,-0.10323793786303631,1.0499949098196393
0.082542345,0.052253552,52199.312,0.32535903147127493,-0.09426072276840834,1.0460783967935872
0.082542345,0.05451512,52033.27,0.32535903147127493,-0.08528350767378039,1.0427509018036072
0.082542345,0.056776684,51897.32,0.32535903147127493,-0.07630630845701256,1.0400264529058116
0.082542345,0.059038252,51784.59,0.32535903147127493,-0.0673290933623846,1.0377673346693386
0.082542345,0.061299816,51697.082,0.32535903147127493,-0.05835189414561676,1.0360136673346694
0.082542345,0.06356138,51628.379,0.32535903147127493,-0.049374694928848925,1.0346368537074149
0.082542345,0.065822951,51580.082,0.32535903147127493,-0.040397467925825846,1.0336689779559118
0.082542345,0.068084516,51543.988,0.32535903147127493,-0.03142026473959301,1.0329456513026052
0.082542345,0.070346087,51514.914,0.32535903147127493,-0.022443037736569936,1.032363006012024
0.082542345,0.072607651,51500.258,0.32535903147127493,-0.013465838519802126,1.0320692985971944
0.082542345,0.074869215,51493.441,0.32535903147127493,-0.0044886393030342635,1.0319326853707416
0.082542345,0.07713078,51493.441,0.32535903147127493,0.004488563883198575,1.0319326853707416
0.082542345,0.079392351,51499.695,0.32535903147127493,0.013465790886221652,1.032058016032064
0.082542352,0.081653915,51512.895,0.3253590592575301,0.02244299010298946,1.0323225450901803
0.082542352,0.083915479,51539.918,0.3253590592575301,0.031420189319757326,1.0328640881763527
0.082542352,0.086177051,51574.762,0.3253590592575301,0.04039742029224543,1.033562364729459
0.082542352,0.088438615,51618.934,0.3253590592575301,0.049374619509013236,1.0344475751503006
0.082542352,0.090700187,51683.512,0.3253590592575301,0.05835185048150134,1.0357417234468937
0.082542352,0.092961743,51765.496,0.3253590592575301,0.0673290179425489,1.0373846893787575
0.082542352,0.095223315,51872.266,0.3253590592575301,0.07630624891503701,1.0395243687374751
0.082542352,0.097484879,52000.781,0.3253590592575301,0.08528344813180483,1.0420998196392786
0.082542352,0.099746451,52158.594,0.3253590592575301,0.09426067910429294,1.0452624048096193
0.082542352,0.10200801,52344.164,0.3253590592575301,0.10323785847373558,1.0489812424849698
0.082542352,0.10426958,52563.527,0.3253590592575301,0.11221508150729363,1.0533772945891784
0.082542352,0.10653114,52818.184,0.3253590592575301,0.12119226484620131,1.0584806412825651
0.082542352,0.10879271,53112.16,0.3253590592575301,0.13016948787975938,1.0643719438877757
0.082542352,0.11105428,53446.41,0.3253590592575301,0.1391467109133174,1.0710703406813629
0.082542352,0.11331584,53820.793,0.3253590592575301,0.1481238942522251,1.078573006012024
0.082542352,0.11557741,54238.242,0.3253590592575301,0.15710111728578313,1.0869387174348697
0.082542352,0.11783898,54696.613,0.3253590592575301,0.16607834031934113,1.096124509018036
0.082542352,0.12010055,55190.977,0.3253590592575301,0.17505556335289918,1.1060316032064128
0.082542352,0.12236211,55715.391,0.3253590592575301,0.18403274669180686,1.1165409018036072
0.08254236,0.12462368,56262.398,0.3253590910132504,0.1930099697253649,1.1275029659318638
0.08254236,0.12682489,56809.688,0.3253590910132504,0.20174759584956103,1.1384707014028057
0.08254236,0.12882611,57313.227,0.3253590910132504,0.20969136866190688,1.1485616633266533
0.08254236,0.1305663,57751.156,0.3253590910132504,0.21659899201681845,1.1573377955911823
0.08254236,0.13207951,58129.602,0.3253590910132504,0.2226056261986525,1.164921883767535
0.08254236,0.13339536,58455.965,0.3253590910132504,0.22782884676167164,1.1714622244488977
0.08254236,0.13453956,58736.996,0.3253590910132504,0.2323707086518617,1.1770941082164328
0.08254236,0.13553451,58979.047,0.3253590910132504,0.23632012788595066,1.1819448296593187
0.08254236,0.1363997,59187.637,0.3253590910132504,0.23975446933742206,1.18612498997996
0.08254236,0.13715203,59367.496,0.3253590910132504,0.24274081696532512,1.189729378757515
0.08254236,0.13780624,59522.625,0.3253590910132504,0.24533768068423892,1.1928381763527054
0.08254236,0.1383751,59656.484,0.3253590910132504,0.24759575056262864,1.1955207214428858
0.08254236,0.13886978,59772.043,0.3253590910132504,0.24955936552490726,1.1978365330661322
0.08254236,0.13929993,59871.793,0.3253590910132504,0.25126683090863844,1.1998355310621243
0.084530786,0.012700066,60798.352,0.3332520784899704,-0.25126690235900917,1.2184038476953907
0.084530786,0.013130208,60708.41,0.3332520784899704,-0.24955946873099816,1.2166014028056114
0.084530786,0.01362487,60603.977,0.3332520784899704,-0.24759592521909016,1.2145085571142284
0.084530786,0.014193732,60482.617,0.3332520784899704,-0.24533784740177036,1.212076492985972
0.084530786,0.014847924,60341.422,0.3332520784899704,-0.2427410551332271,1.2092469338677354
0.084530786,0.015600244,60176.91,0.3332520784899704,-0.23975474719997436,1.205950100200401
0.084530786,0.016465412,59984.875,0.3332520784899704,-0.23632049307673372,1.2021017034068135
0.084530786,0.017460357,59760.02,0.3332520784899704,-0.23237109368996994,1.1975955911823646
0.084530786,0.018604541,59495.879,0.3332520784899704,-0.2278292953112204,1.1923021843687376
0.084530786,0.019920353,59184.52,0.3332520784899704,-0.22260622558787244,1.1860625250501002
0.084530786,0.02143354,58816.328,0.3332520784899704,-0.21659968270373417,1.1786839278557115
0.084530786,0.023173701,58380.0,0.3332520784899704,-0.20969217446330854,1.169939879759519
0.084530786,0.025174888,57862.746,0.3332520784899704,-0.20174853264330878,1.1595740681362725
0.084530786,0.02737608,57279.93,0.3332520784899704,-0.19301097796948324,1.147894388777555
0.084530786,0.029637657,56674.27,0.3332520784899704,-0.18403372714966998,1.1357569138276553
0.084530793,0.031899236,56073.367,0.33325210627622565,-0.17505646839092667,1.1237147695390781
0.084530793,0.034160815,55489.703,0.33325210627622565,-0.16607920963218334,1.112018096192385
0.084530793,0.036422387,54934.457,0.33325210627622565,-0.15710197865969525,1.1008909218436873
0.084530793,0.038683966,54416.406,0.33325210627622565,-0.1481247199009519,1.0905091382765533
0.084530793,0.040945545,53941.891,0.33325210627622565,-0.1391474611422086,1.0809998196392787
0.084530793,0.043207124,53510.742,0.33325210627622565,-0.13017020238346527,1.0723595591182364
0.084530793,0.045468703,53131.074,0.33325210627622565,-0.12119294362472197,1.0647509819639278
0.084530793,0.047730278,52802.875,0.33325210627622565,-0.11221570074383876,1.0581738476953908
0.084530793,0.049991857,52523.523,0.33325210627622565,-0.10323844198509544,1.052575611222445
0.084530793,0.052253433,52281.637,0.33325210627622565,-0.09426119513474722,1.0477281963927856
0.084530793,0.054515012,52085.094,0.33325210627622565,-0.0852839363760039,1.0437894589178356
0.084530793,0.056776591,51912.012,0.33325210627622565,-0.07630667761726058,1.040320881763527
0.084530793,0.05903817,51779.219,0.33325210627622565,-0.06732941885851726,1.0376596993987977
0.084530793,0.061299745,51665.324,0.33325210627622565,-0.058352175977634056,1.0353772344689378
0.084530793,0.06356132,51588.379,0.33325210627622565,-0.04937493309675086,1.033835250501002
0.084530793,0.065822899,51538.043,0.33325210627622565,-0.04039767433800754,1.032826513026052
0.084530793,0.068084478,51505.578,0.33325210627622565,-0.03142041557926422,1.0321759118236473
0.084530801,0.070346057,51489.234,0.3332521380319459,-0.022443156820520904,1.031848376753507
0.084530801,0.072607629,51481.969,0.3332521380319459,-0.013465925848032795,1.0317027855711423
0.084530801,0.074869208,51480.039,0.3332521380319459,-0.004488667089289476,1.0316641082164328
0.084530801,0.077130787,51479.902,0.3332521380319459,0.004488591669453843,1.031661362725451
0.084530801,0.079392359,51482.031,0.3332521380319459,0.013465822641941894,1.0317040280561123
0.084530801,0.081653938,51489.672,0.3332521380319459,0.022443081400685214,1.0318571543086172
0.084530801,0.083915524,51500.551,0.3332521380319459,0.0314203679456838,1.0320751703406814
0.084530801,0.086177103,51533.504,0.3332521380319459,0.04039762670442712,1.0327355511022045
0.084530801,0.088438675,51577.285,0.3332521380319459,0.04937485767691517,1.0336129258517035
0.084530801,0.090700254,51646.703,0.3332521380319459,0.05835211643565849,1.0350040681362727
0.084530801,0.092961833,51753.875,0.3332521380319459,0.06732937519440181,1.0371518036072145
0.084530801,0.095223412,51879.102,0.3332521380319459,0.07630663395314513,1.039661362725451
0.084530801,0.097484984,52043.281,0.3332521380319459,0.08528386492563324,1.0429515230460922
0.084530801,0.09974657,52230.688,0.3332521380319459,0.09426115147063183,1.0467071743486975
0.084530801,0.10200814,52459.98,0.3332521380319459,0.10323837450418981,1.0513022044088176
0.084530801,0.10426972,52725.695,0.3332521380319459,0.11221563723239816,1.0566271543086172
0.084530801,0.1065313,53039.227,0.3332521380319459,0.12119289996060652,1.062910360721443
0.084530801,0.10879287,53403.645,0.3332521380319459,0.13017012299416456,1.0702133266533065
0.084530801,0.11105445,53822.559,0.3332521380319459,0.13914738572237292,1.078608396793587
0.084530801,0.11331603,54287.617,0.3332521380319459,0.14812464845058126,1.0879281963927856
0.084530801,0.11557762,54796.32,0.3332521380319459,0.15710195087343998,1.0981226452905812
0.084530801,0.11783919,55344.465,0.3332521380319459,0.16607917390699797,1.10910751503006
0.084530801,0.12010077,55923.652,0.3332521380319459,0.17505643663520631,1.1207144689378759
0.084530815,0.12236235,56522.969,0.33325219360445635,0.18403369936341465,1.1327248296593186
0.084530815,0.12462392,57130.164,0.33325219360445635,0.1930109223969727,1.1448930661322645
0.084530815,0.12682511,57717.621,0.33325219360445635,0.20174846913186817,1.156665751503006
0.084530815,0.12882631,58241.418,0.33325219360445635,0.20969216255491338,1.1671626853707415
0.084530815,0.13056646,58684.219,0.33325219360445635,0.21659962713122363,1.1760364529058116
0.084530815,0.13207966,59058.262,0.33325219360445635,0.2226062216184073,1.1835323046092185
0.084530815,0.13339546,59374.836,0.33325219360445635,0.2278292437081749,1.189876472945892
0.084530815,0.13453965,59643.676,0.33325219360445635,0.23237106590371467,1.1952640480961925
0.084530815,0.13553458,59872.617,0.33325219360445635,0.2363204057485029,1.1998520440881764
0.084530815,0.13639975,60068.148,0.33325219360445635,0.2397546678106736,1.2037705010020041
0.084530815,0.13715208,60235.645,0.33325219360445635,0.24274101543857673,1.2071271543086173
0.084530815,0.13780627,60379.391,0.33325219360445635,0.24533779976818995,1.2100078356713428
0.084530815,0.13837512,60502.918,0.33325219360445635,0.24759582995192925,1.2124833266533066
0.084530815,0.13886979,60609.164,0.33325219360445635,0.24955940521955758,1.21461250501002
0.084530815,0.13929993,60700.742,0.33325219360445635,0.25126683090863844,1.2164477354709418
0.086519234,0.012700062,61769.391,0.3411451532949211,-0.25126691823686925,1.2378635470941883
0.086519234,0.013130196,61698.484,0.3411451532949211,-0.2495595163645786,1.2364425651302604
0.086519234,0.013624851,61615.953,0.3411451532949211,-0.24759600063892576,1.2347886372745491
0.086519234,0.014193702,61519.961,0.3411451532949211,-0.24533796648572131,1.2328649498997997
0.086519234,0.014847882,61407.789,0.3411451532949211,-0.24274122185075847,1.2306170140280561
0.086519234,0.015600189,61276.473,0.3411451532949211,-0.23975496552055114,1.2279854308617235
0.086519234,0.016465342,61121.984,0.3411451532949211,-0.236320770939286,1.2248894589178356
0.086519234,0.017460268,60939.336,0.3411451532949211,-0.23237144697235781,1.2212291783567135
0.086519234,0.018604431,60722.016,0.3411451532949211,-0.22782973195237397,1.2168740681362726
0.086519234,0.019920221,60461.508,0.3411451532949211,-0.22260674955725673,1.2116534669338677
0.086519234,0.02143338,60146.312,0.3411451532949211,-0.21660031781813938,1.2053369138276553
0.086519234,0.023173511,59761.652,0.3411451532949211,-0.20969292866166472,1.1976282965931864
0.086519234,0.025174662,59287.781,0.3411451532949211,-0.20174942974240612,1.1881318837675352
0.086519234,0.02737584,58728.438,0.3411451532949211,-0.19301193064109104,1.176922605210421
0.086519241,0.029637428,58115.449,0.3411451810811763,-0.18403463615716242,1.164638256513026
0.086519241,0.031899016,57469.957,0.3411451810811763,-0.1750573416732338,1.1517025450901803
0.086519241,0.034160607,56802.672,0.3411451810811763,-0.1660800352809101,1.1383301002004007
0.086519241,0.036422193,56127.48,0.3411451810811763,-0.15710274873591154,1.1247991983967935
0.086519241,0.038683783,55464.148,0.3411451810811763,-0.14812544631305286,1.1115059719438878
0.086519241,0.040945373,54830.609,0.3411451810811763,-0.1391481438901942,1.0988097995991983
0.086519241,0.04320696,54250.809,0.3411451810811763,-0.1301708533757306,1.0871905611222445
0.086519241,0.045468554,53733.141,0.3411451810811763,-0.1211935350750118,1.0768164529058117
0.086519241,0.04773014,53266.879,0.3411451810811763,-0.11221624853001326,1.0674725250501003
0.086519241,0.049991727,52887.762,0.3411451810811763,-0.10323895801554968,1.05987498997996
0.086519241,0.052253313,52514.527,0.3411451810811763,-0.09426167147055112,1.0523953306613227
0.086519241,0.054514904,52257.422,0.3411451810811763,-0.0852843650782274,1.0472429258517033
0.086519241,0.056776494,51962.105,0.3411451810811763,-0.07630706265536874,1.0413247494989981
0.086519256,0.059038088,51795.355,0.3411452406231518,-0.06732974435464992,1.0379830661322647
0.086519256,0.061299674,51579.449,0.3411452406231518,-0.058352457809651384,1.0336562925851704
0.086519256,0.063561261,51485.555,0.3411452406231518,-0.04937516729518782,1.0317746492985973
0.086519256,0.065822847,51357.434,0.3411452406231518,-0.040397880750189234,1.0292070941883769
0.086519256,0.068084441,51319.141,0.3411452406231518,-0.03142056244947046,1.0284396993987976
0.086519256,0.070346028,51438.188,0.3411452406231518,-0.02244327193500684,1.0308254108216433
0.086519256,0.072607622,51465.848,0.3411452406231518,-0.013465953634288064,1.0313797194388776
0.086519256,0.074869208,51497.699,0.3411452406231518,-0.004488667089289476,1.0320180160320642
0.086519256,0.077130795,51499.934,0.3411452406231518,0.004488623425174087,1.0320628056112224
0.086519256,0.079392381,51468.883,0.3411452406231518,0.01346590997017262,1.0314405410821643
0.086519256,0.081653967,51447.098,0.3411452406231518,0.02244319651517115,1.0310039679358718
0.086519256,0.083915561,51329.176,0.3411452406231518,0.031420514815889984,1.0286408016032065
0.086519256,0.086177155,51339.547,0.3411452406231518,0.040397833116608814,1.0288486372745491
0.086519256,0.088438734,51467.957,0.3411452406231518,0.049375091875352134,1.031421983967936
0.086519256,0.090700328,51544.176,0.3411452406231518,0.05835241017607091,1.0329494188376753
0.086519256,0.092961922,51753.672,0.3411452406231518,0.06732972847678974,1.037147735470942
0.086519256,0.095223501,51902.238,0.3411452406231518,0.07630698723553306,1.04012501002004
0.086519256,0.097485095,52188.117,0.3411452406231518,0.08528430553625184,1.0458540480961924
0.086519256,0.099746682,52429.512,0.3411452406231518,0.09426159605071545,1.0506916232464931
0.086519256,0.10200827,52791.344,0.3411452406231518,0.10323889053464405,1.057942765531062
0.086519256,0.10426986,53149.117,0.3411452406231518,0.11221619295750275,1.0651125651302604
0.086519256,0.10653145,53597.785,0.3411452406231518,0.12119349538036141,1.0741039078156314
0.086519256,0.10879304,54098.43,0.3411452406231518,0.13017079780322005,1.084136873747495
0.086519256,0.11105462,54663.77,0.3411452406231518,0.13914806053142847,1.0954663326653307
0.086519256,0.11331622,55285.348,0.3411452406231518,0.14812540264893742,1.1079228056112225
0.086519256,0.11557781,55944.082,0.3411452406231518,0.15710270507179613,1.1211238877755512
0.086519256,0.1178394,56619.078,0.3411452406231518,0.1660800074946548,1.134650861723447
0.086519256,0.12010099,57290.551,0.3411452406231518,0.1750573099175135,1.1481072344689378
0.086519264,0.12236258,57943.086,0.3411452723788721,0.18403461234037216,1.1611840881763527
0.086519264,0.12462416,58565.641,0.3411452723788721,0.1930118750685805,1.173660140280561
0.086519264,0.12682533,59136.496,0.3411452723788721,0.2017493424141753,1.185100120240481
0.086519264,0.1288265,59622.273,0.3411452723788721,0.20969291675326962,1.1948351302605211
0.086519264,0.13056663,60017.152,0.3411452723788721,0.21660030194027916,1.2027485370741484
0.086519264,0.13207978,60340.816,0.3411452723788721,0.22260669795421129,1.2092347895791582
0.086519264,0.13339557,60608.516,0.3411452723788721,0.22782968034932846,1.2145995190380763
0.086519264,0.13453974,60831.84,0.3411452723788721,0.23237142315556752,1.2190749498997995
0.086519264,0.13553466,61019.508,0.3411452723788721,0.23632072330570555,1.2228358316633268
0.086519264,0.13639981,61178.266,0.3411452723788721,0.23975490597857563,1.2260173547094189
0.086519264,0.13715212,61313.098,0.3411452723788721,0.24274117421717795,1.228719398797595
0.086519264,0.1378063,61428.195,0.3411452723788721,0.24533791885214085,1.2310259519038076
0.086519264,0.13837515,61526.691,0.3411452723788721,0.24759594903588028,1.2329998196392786
0.086519264,0.13886979,61611.211,0.3411452723788721,0.24955940521955758,1.234693607214429
0.086519264,0.13929993,61683.859,0.3411452723788721,0.25126683090863844,1.2361494789579157
0.088507682,0.012700059,62906.996,0.34903822809987184,-0.25126693014526436,1.26066124248497
0.088507682,0.013130184,62866.977,0.34903822809987184,-0.24955956399815896,1.259859258517034
0.088507682,0.01362483,62820.434,0.34903822809987184,-0.24759608399769145,1.2589265330661323
0.088507682,0.014193672,62766.293,0.34903822809987184,-0.24533808556967232,1.2578415430861722
0.088507682,0.01484784,62702.984,0.34903822809987184,-0.2427413885682898,1.2565728256513025
0.088507682,0.015600134,62628.621,0.34903822809987184,-0.23975518384112793,1.2550825851703407
0.088507682,0.016465271,62540.457,0.34903822809987184,-0.2363210527713033,1.2533157715430863
0.088507682,0.017460179,62435.016,0.34903822809987184,-0.23237180025474571,1.251202725450902
0.088507682,0.018604323,62307.238,0.34903822809987184,-0.2278301606545975,1.2486420440881763
0.088507682,0.019920088,62150.215,0.34903822809987184,-0.22260727749610604,1.2454952905811623
0.088507682,0.021433219,61953.789,0.34903822809987184,-0.2166009569020096,1.2415588977955911
0.088507682,0.023173319,61702.266,0.34903822809987184,-0.20969369079895098,1.236518356713427
0.088507682,0.025174435,61373.531,0.34903822809987184,-0.20175033081096852,1.2299304809619238
0.088507697,0.027375599,60958.949,0.3490382876418473,-0.19301288728216387,1.221622224448898
0.088507697,0.029637199,60472.379,0.3490382876418473,-0.18403554516465484,1.2118713226452906
0.088507697,0.031898797,59925.285,0.3490382876418473,-0.17505821098607594,1.20090751503006
0.088507697,0.034160398,59325.586,0.3490382876418473,-0.16608086489910187,1.1888894989979961
0.088507697,0.036421999,58685.848,0.3490382876418473,-0.15710351881212786,1.1760690981963928
0.088507697,0.038683597,58025.336,0.3490382876418473,-0.1481261846335489,1.1628323847695392
0.088507697,0.040945198,57367.609,0.3490382876418473,-0.13914883854657487,1.149651482965932
0.088507697,0.0432068,56732.863,0.3490382876418473,-0.13017148849013582,1.136931122244489
0.088507697,0.045468397,56138.438,0.3490382876418473,-0.1211941582810219,1.1250187975951904
0.088507697,0.047729999,55605.809,0.3490382876418473,-0.11221680822458283,1.1143448697394789
0.088507697,0.049991596,55117.188,0.3490382876418473,-0.10323947801546893,1.104552865731463
0.088507697,0.052253198,54743.289,0.3490382876418473,-0.09426212795902986,1.097059899799599
0.088507697,0.054514796,54364.922,0.3490382876418473,-0.08528479378045094,1.089477394789579
0.088507697,0.056776397,54129.895,0.3490382876418473,-0.07630744769347689,1.0847674348697394
0.088507704,0.059037998,53847.332,0.3490383154281026,-0.06733010160650285,1.079104849699399
0.088507704,0.0612996,53684.449,0.3490383154281026,-0.058352751550063774,1.0758406613226452
0.088507704,0.063561201,53428.457,0.3490383154281026,-0.04937540546308976,1.0707105611222445
0.088507704,0.065822795,53193.148,0.3490383154281026,-0.04039808716237092,1.0659949498997996
0.088507704,0.068084404,52854.301,0.3490383154281026,-0.03142070931967664,1.0592044288577154
0.088507704,0.070345998,52322.828,0.3490383154281026,-0.022443391018957808,1.0485536673346694
0.088507704,0.072607599,51960.633,0.3490383154281026,-0.013466044931983818,1.041295250501002
0.088507704,0.074869201,51636.156,0.3490383154281026,-0.004488694875544744,1.0347927054108217
0.088507704,0.077130802,51610.594,0.3490383154281026,0.004488651211429299,1.0342804408817634
0.088507704,0.079392396,51878.168,0.3490383154281026,0.01346596951214813,1.0396426452905811
0.088507704,0.081653997,52210.516,0.3490383154281026,0.022443315599122174,1.0463029258517034
0.088507704,0.083915606,52747.254,0.3490383154281026,0.03142069344181646,1.0570591983967936
0.088507704,0.086177208,53111.48,0.3490383154281026,0.040398043498255536,1.0643583166332666
0.088507704,0.088438809,53340.746,0.3490383154281026,0.04937538958522952,1.0689528256513026
0.088507704,0.090700403,53609.559,0.3490383154281026,0.05835270788594835,1.074339859719439
0.088507704,0.092961997,53754.668,0.3490383154281026,0.06733002618666718,1.077247855711423
0.088507704,0.095223598,54023.477,0.3490383154281026,0.07630737227364123,1.0826348096192384
0.088507704,0.0974852,54233.383,0.3490383154281026,0.08528472233008025,1.0868413426853707
0.088507704,0.099746801,54592.375,0.3490383154281026,0.09426206841705428,1.0940355711422847
0.088507704,0.1020084,54944.266,0.3490383154281026,0.10323940656509828,1.10108749498998
0.088507704,0.10427,55420.23,0.3490383154281026,0.11221674868260728,1.1106258517034069
0.088507704,0.10653161,55935.367,0.3490383154281026,0.1211941304947666,1.120949238476954
0.088507704,0.1087932,56516.66,0.3490383154281026,0.1301714329176253,1.1325983967935873
0.088507712,0.11105479,57147.902,0.3490383471838228,0.13914873534048397,1.1452485370741483
0.088507712,0.1133164,57806.836,0.3490383471838228,0.1481261171526433,1.1584536272545092
0.088507712,0.115578,58472.691,0.3490383471838228,0.1571034592701523,1.1717974148296593
0.088507712,0.1178396,59122.078,0.3490383471838228,0.16608080138766132,1.1848111823647294
0.088507712,0.12010121,59734.734,0.3490383471838228,0.17505818319982064,1.1970888577154308
0.088507712,0.1223628,60296.301,0.3490383471838228,0.1840354856226793,1.2083427054108216
0.088507712,0.1246244,60798.766,0.3490383471838228,0.1930128277401883,1.2184121442885771
0.088507712,0.12682557,61229.965,0.3490383471838228,0.20175029508578315,1.2270534068136272
0.088507712,0.12882668,61574.027,0.3490383471838228,0.20969363125697543,1.2339484368737474
0.088507712,0.13056678,61837.879,0.3490383471838228,0.21660089736003404,1.2392360521042085
0.088507712,0.13207993,62044.156,0.3490383471838228,0.22260729337396618,1.243369859719439
0.088507712,0.13339569,62208.523,0.3490383471838228,0.22783015668513243,1.2466637875751503
0.088507712,0.13453983,62342.598,0.3490383471838228,0.2323717804074205,1.2493506613226453
0.088507712,0.13553473,62453.336,0.3490383471838228,0.2363210011682578,1.251569859719439
0.088507712,0.13639987,62545.91,0.3490383471838228,0.23975514414647758,1.2534250501002004
0.088507712,0.13715217,62623.926,0.3490383471838228,0.24274137269042959,1.254988496993988
0.088507727,0.13780633,62690.219,0.3490384067257983,0.24533803793609188,1.256317014028056
0.088507727,0.13837516,62746.816,0.3490384067257983,0.24759598873053057,1.2574512224448897
0.088507727,0.13886982,62795.395,0.3490384067257983,0.24955952430350858,1.258424749498998
0.088507727,0.13929994,62837.113,0.3490384067257983,0.25126687060328884,1.2592607815631263
0.090496138,0.012700055,64183.926,0.35693133466054283,-0.2512669460231245,1.2862510220440881
0.090496138,0.013130173,64184.504,0.35693133466054283,-0.24955960766227434,1.286262605210421
0.090496138,0.01362481,64185.203,0.35693133466054283,-0.24759616338699209,1.286276613226453
0.090496138,0.014193641,64186.156,0.35693133466054283,-0.2453382086230883,1.2862957114228457
0.090496138,0.014847797,64187.211,0.35693133466054283,-0.24274155925528623,1.286316853707415
0.090496138,0.015600078,64187.965,0.35693133466054283,-0.23975540613116975,1.2863319639278556
0.090496138,0.0164652,64187.691,0.35693133466054283,-0.2363213346033206,1.2863264729458919
0.090496138,0.017460089,64184.953,0.35693133466054283,-0.23237215750659865,1.2862716032064128
0.090496138,0.018604213,64177.051,0.35693133466054283,-0.22783059729575106,1.2861132464929859
0.090496138,0.019919956,64160.273,0.35693133466054283,-0.22260780146549033,1.2857770140280562
0.090496138,0.021433059,64128.641,0.35693133466054283,-0.2166015920164148,1.285143106212425
0.090496138,0.023173127,64071.551,0.35693133466054283,-0.2096944529362372,1.283999018036072
0.090496138,0.025174208,63970.551,0.35693133466054283,-0.20175123187953087,1.2819749699398797
0.090496138,0.027375357,63807.828,0.35693133466054283,-0.1930138478927017,1.278713987975952
0.090496138,0.029636968,63575.184,0.35693133466054283,-0.18403646211107738,1.2740517835671343
0.090496138,0.03189858,63269.707,0.35693133466054283,-0.17505907235998797,1.26793
0.090496138,0.034160193,62888.086,0.35693133466054283,-0.16608167863943354,1.2602822845691384
0.090496138,0.036421806,62429.027,0.35693133466054283,-0.15710428491887912,1.2510827054108218
0.090496138,0.038683414,61911.867,0.35693133466054283,-0.14812691104564987,1.2407187775551103
0.090496138,0.040945023,61337.469,0.35693133466054283,-0.1391495332029556,1.2292077955911822
0.090496138,0.043206636,60719.352,0.35693133466054283,-0.13017213948240114,1.2168206813627254
0.090496145,0.045468252,60077.367,0.356931362446798,-0.12119473385345161,1.203955250501002
0.090496145,0.047729857,59434.496,0.356931362446798,-0.11221737188861745,1.1910720641282564
0.090496145,0.04999147,58806.105,0.356931362446798,-0.10323997816806302,1.1784790581162325
0.090496145,0.052253082,58212.871,0.356931362446798,-0.09426258841697363,1.1665906012024048
0.090496145,0.054514691,57667.211,0.356931362446798,-0.08528521057427935,1.1556555310621244
0.090496145,0.0567763,57188.98,0.356931362446798,-0.07630783273158503,1.146071743486974
0.090496145,0.059037913,56761.523,0.356931362446798,-0.06733043901103063,1.1375054709418837
0.090496145,0.061299529,56410.062,0.356931362446798,-0.058353033382081095,1.1304621643286572
0.090496145,0.063561141,56139.641,0.356931362446798,-0.04937564363099169,1.1250429058116234
0.090496145,0.065822743,55990.773,0.356931362446798,-0.040398293574552616,1.1220595791583166
0.090496145,0.068084359,55990.898,0.356931362446798,-0.03142088794560312,1.1220620841683366
0.090496145,0.070345968,56166.574,0.356931362446798,-0.02244351010290883,1.1255826452905813
0.090496153,0.072607584,56373.883,0.3569313942025183,-0.013466104473959274,1.1297371342685372
0.090496153,0.074869193,56604.359,0.3569313942025183,-0.0044887266312649875,1.134355891783567
0.090496153,0.077130809,56617.891,0.3569313942025183,0.0044886789976845125,1.1346270741482967
0.090496153,0.079392411,56409.781,0.3569313942025183,0.013466029054123587,1.1304565330661323
0.090496153,0.081654027,56188.066,0.3569313942025183,0.02244343468307314,1.1260133466933868
0.090496153,0.083915651,55964.105,0.3569313942025183,0.03142087206774288,1.1215251503006012
0.090496153,0.086177245,55917.992,0.3569313942025183,0.04039819036846171,1.1206010420841683
0.090496153,0.088438861,56030.988,0.3569313942025183,0.04937559599741122,1.122865490981964
0.090496153,0.09070047,56266.504,0.3569313942025183,0.05835297384010556,1.127585250501002
0.090496153,0.092962086,56583.137,0.3569313942025183,0.06733037946905505,1.1339306012024049
0.090496153,0.095223695,56981.086,0.3569313942025183,0.07630775731174934,1.1419055310621242
0.090496153,0.097485311,57433.711,0.3569313942025183,0.0852851629406989,1.1509761723446894
0.090496153,0.09974692,57963.402,0.3569313942025183,0.09426254078339319,1.1615912224448899
0.090496153,0.10200853,58546.629,0.3569313942025183,0.10323992259555251,1.173279138276553
0.090496153,0.10427015,59167.922,0.3569313942025183,0.11221734410236218,1.185729899799599
0.090496153,0.10653175,59808.578,0.3569313942025183,0.12119468621987113,1.1985686973947896
0.090496168,0.10879336,60457.949,0.3569314537444938,0.13017206803203052,1.2115821442885772
0.090496168,0.11105497,61091.305,0.3569314537444938,0.13914944984418984,1.2242746492985972
0.090496168,0.11331659,61684.676,0.3569314537444938,0.14812687135099945,1.2361658517034069
0.090496168,0.1155782,62220.34,0.3569314537444938,0.15710425316315882,1.2469006012024046
0.090496168,0.11783981,62696.691,0.3569314537444938,0.16608163497531814,1.2564467134268538
0.090496168,0.12010142,63098.992,0.3569314537444938,0.17505901678747746,1.2645088577154309
0.090496168,0.12236304,63422.898,0.3569314537444938,0.18403643829428712,1.2709999599198396
0.090496168,0.12462464,63673.492,0.3569314537444938,0.1930137804117961,1.276021883767535
0.090496168,0.12682579,63853.48,0.3569314537444938,0.2017511683680903,1.279628857715431
0.090496168,0.12882687,63969.219,0.3569314537444938,0.20969438545533164,1.281948276553106
0.090496168,0.13056694,64037.414,0.3569314537444938,0.21660153247443922,1.2833149098196392
0.090496168,0.13208005,64077.516,0.3569314537444938,0.22260776970977003,1.2841185571142286
0.090496168,0.13339579,64101.449,0.3569314537444938,0.2278305536316356,1.2845981763527055
0.090496168,0.13453992,64115.426,0.3569314537444938,0.23237213765927345,1.2848782765531062
0.090496168,0.13553479,64123.27,0.3569314537444938,0.23632123933615973,1.2850354709418836
0.090496168,0.13639992,64127.57,0.3569314537444938,0.2397553426197292,1.285121643286573
0.090496168,0.13715219,64130.023,0.3569314537444938,0.2427414520797303,1.2851708016032064
0.090496175,0.13780636,64131.602,0.356931481530749,0.24533815702004277,1.2852024448897796
0.090496175,0.13837519,64132.73,0.356931481530749,0.2475961078144816,1.2852250501002005
0.090496175,0.13886982,64133.812,0.356931481530749,0.24955952430350858,1.2852467334669337
0.090496175,0.13929996,64134.742,0.356931481530749,0.2512669499925895,1.285265370741483
0.092484586,0.012700051,65507.004,0.3648244094654935,-0.2512669619009846,1.3127656112224448
0.092484586,0.013130162,65551.211,0.3648244094654935,-0.2495596513263897,1.3136515230460921
0.092484586,0.01362479,65602.375,0.3648244094654935,-0.24759624277629275,1.314676853707415
0.092484586,0.014193611,65661.68,0.3648244094654935,-0.24533832770703928,1.3158653306613226
0.092484586,0.014847756,65730.297,0.3648244094654935,-0.24274172200335253,1.3172404208416835
0.092484586,0.015600022,65809.336,0.3648244094654935,-0.2397556284212116,1.3188243687374748
0.092484586,0.016465127,65899.852,0.3648244094654935,-0.236321624374268,1.3206383166332665
0.092484586,0.01746,66002.734,0.3648244094654935,-0.23237251078898652,1.3227000801603206
0.092484586,0.018604103,66118.258,0.3648244094654935,-0.22783103393690465,1.3250151903807617
0.092484586,0.019919822,66245.703,0.3648244094654935,-0.2226083333738047,1.3275691983967934
0.092484586,0.021432899,66381.797,0.3648244094654935,-0.21660222713082003,1.3302965330661325
0.092484586,0.023172937,66520.195,0.3648244094654935,-0.2096952071345934,1.3330700400801605
0.092484586,0.025173981,66649.789,0.3648244094654935,-0.20175213294809327,1.335667114228457
0.092484586,0.027375117,66750.234,0.3648244094654935,-0.1930148005643095,1.3376800400801603
0.092484586,0.029636741,66798.344,0.3648244094654935,-0.18403736317963973,1.3386441683366732
0.092484586,0.031898361,66781.695,0.3648244094654935,-0.1750599416728301,1.3383105210420843
0.092484586,0.034159984,66694.992,0.3648244094654935,-0.16608250825762536,1.336572985971944
0.092484586,0.036421604,66533.602,0.3648244094654935,-0.15710508675081566,1.3333387174348696
0.092484586,0.038683228,66292.477,0.3648244094654935,-0.14812764936614592,1.3285065531062124
0.092484593,0.040944852,65978.93,0.3648244372517488,-0.13915021198147615,1.3222230460921842
0.092484593,0.043206476,65599.289,0.3648244372517488,-0.13017277459680635,1.3146150100200402
0.092484593,0.045468096,65171.594,0.3648244372517488,-0.12119535308999668,1.3060439679358717
0.092484593,0.047729719,64748.031,0.3648244372517488,-0.11221791967479194,1.2975557314629258
0.092484593,0.049991343,64333.18,0.3648244372517488,-0.10324048229012214,1.2892420841683367
0.092484593,0.052252963,63942.062,0.3648244372517488,-0.0942630607833125,1.2814040480961923
0.092484593,0.054514587,63580.406,0.3648244372517488,-0.08528562339864271,1.2741564328657315
0.092484593,0.056776207,63251.438,0.3648244372517488,-0.07630820189183306,1.267563887775551
0.092484593,0.059037831,62958.223,0.3648244372517488,-0.06733076450716328,1.2616878356713426
0.092484593,0.061299454,62705.445,0.3648244372517488,-0.05835333109195851,1.2566221442885772
0.092484608,0.063561074,62506.719,0.36482449679372425,-0.04937590958514889,1.2526396593186373
0.092484608,0.065822706,62341.578,0.36482449679372425,-0.04039844044475885,1.2493302204408818
0.092484608,0.068084322,62206.641,0.36482449679372425,-0.031421034815809296,1.2466260721442886
0.092484608,0.070345946,62086.887,0.36482449679372425,-0.022443597431139498,1.2442261923847695
0.092484608,0.072607569,61970.859,0.36482449679372425,-0.013466164015934786,1.2419009819639277
0.092484608,0.074869186,61882.102,0.36482449679372425,-0.0044887544175202,1.2401222845691382
0.092484608,0.077130809,61865.672,0.36482449679372425,0.0044886789976845125,1.2397930260521042
0.092484608,0.079392433,61919.547,0.36482449679372425,0.01346611638235431,1.2408726853707415
0.092484608,0.081654057,62014.984,0.36482449679372425,0.02244355376702411,1.242785250501002
0.092484608,0.083915681,62127.348,0.36482449679372425,0.03142099115169391,1.2450370340681363
0.092484608,0.086177304,62253.758,0.36482449679372425,0.04039842456689862,1.2475703006012024
0.092484608,0.088438921,62409.473,0.36482449679372425,0.04937583416531321,1.2506908416833666
0.092484608,0.090700552,62590.215,0.36482449679372425,0.058353299336238215,1.2543129258517034
0.092484608,0.092962168,62814.543,0.36482449679372425,0.06733070496518771,1.2588084769539079
0.092484608,0.095223792,63082.246,0.36482449679372425,0.07630814234985751,1.264173266533066
0.092484608,0.097485408,63393.516,0.36482449679372425,0.08528554797880701,1.2704111422845692
0.092484608,0.099747032,63748.664,0.36482449679372425,0.09426298536347681,1.2775283366733465
0.092484608,0.10200866,64131.41,0.36482449679372425,0.10324043862600674,1.285198597194389
0.092484608,0.10427028,64538.469,0.36482449679372425,0.11221786013281641,1.2933560921843688
0.092484608,0.1065319,64959.906,0.36482449679372425,0.12119528163962603,1.301801723446894
0.092484608,0.10879353,65391.602,0.36482449679372425,0.13017274284108601,1.3104529458917835
0.092484616,0.11105515,65788.867,0.3648245285494445,0.13915016434789568,1.3184141683366732
0.092484616,0.11331677,66119.781,0.3648245285494445,0.1481275858547053,1.3250457114228458
0.092484616,0.1155784,66378.469,0.3648245285494445,0.1571050470561653,1.3302298396793586
0.092484616,0.11784002,66557.75,0.3648245285494445,0.16608246856297496,1.3338226452905813
0.092484616,0.12010164,66660.906,0.3648245285494445,0.1750598900697846,1.3358898997995992
0.092484616,0.12236325,66692.75,0.3648245285494445,0.18403727188194396,1.3365280561122244
0.092484616,0.12462489,66658.914,0.3648245285494445,0.19301477277805423,1.33584997995992
0.092484616,0.12682602,66571.594,0.3648245285494445,0.20175208134504782,1.3341000801603207
0.092484616,0.12882707,66452.875,0.3648245285494445,0.20969517934833806,1.3317209418837674
0.092484616,0.1305671,66323.094,0.3648245285494445,0.21660216758884443,1.329120120240481
0.092484616,0.13208017,66193.812,0.3648245285494445,0.22260824604557392,1.3265292985971946
0.092484616,0.1333959,66071.812,0.3648245285494445,0.22783099027278927,1.3240844088176353
0.092484616,0.13454001,65960.648,0.3648245285494445,0.2323724949111263,1.3218566733466934
0.092484616,0.13553488,65861.359,0.3648245285494445,0.2363215965880127,1.3198669138276553
0.092484623,0.13639998,65773.773,0.36482455633569977,0.23975558078763115,1.3181116833667335
0.092484623,0.13715224,65697.188,0.36482455633569977,0.24274165055298194,1.3165769138276553
0.092484623,0.13780639,65630.578,0.36482455633569977,0.2453382761039938,1.3152420440881762
0.092484623,0.13837521,65572.906,0.36482455633569977,0.2475961872037822,1.3140862925851704
0.092484623,0.13886985,65523.082,0.36482455633569977,0.2495596433874595,1.3130878156312626
0.092484623,0.13929996,65480.055,0.36482455633569977,0.2512669499925895,1.3122255511022045
0.094407059,0.012700048,66734.438,0.37245559881492485,-0.2512669738093797,1.3373634869739477
0.094407059,0.013130151,66816.086,0.37245559881492485,-0.249559694990505,1.3389997194388776
0.094407059,0.013624771,66910.312,0.37245559881492485,-0.24759631819612835,1.3408880160320642
0.094407059,0.014193582,67019.055,0.37245559881492485,-0.24533844282152525,1.3430672344689378
0.094407059,0.014847715,67144.25,0.37245559881492485,-0.2427418847514189,1.3455761523046093
0.094407067,0.015599969,67287.914,0.3724556305706451,-0.2397558388028583,1.3484551903807616
0.094407067,0.01646506,67452.133,0.3724556305706451,-0.23632189032842515,1.3517461523046093
0.094407067,0.017459914,67638.883,0.3724556305706451,-0.23237285216297934,1.3554886372745492
0.094407067,0.018603997,67849.82,0.3724556305706451,-0.2278314547001981,1.3597158316633269
0.094407067,0.019919693,68085.93,0.3724556305706451,-0.2226088454347939,1.3644474949899799
0.094407067,0.021432742,68347.359,0.3724556305706451,-0.2166028503368301,1.3696865531062123
0.094407067,0.023172751,68632.336,0.3724556305706451,-0.20969594545508943,1.3753975150300601
0.094407067,0.025173761,68936.023,0.3724556305706451,-0.2017530062304004,1.3814834268537075
0.094407067,0.027374882,69233.07,0.3724556305706451,-0.19301573338859215,1.3874362725450904
0.094407067,0.029636517,69490.234,0.3724556305706451,-0.18403825233980703,1.3925898597194388
0.094407067,0.031898148,69690.125,0.3724556305706451,-0.17506078716888201,1.3965956913827655
0.094407067,0.034159783,69826.125,0.3724556305706451,-0.1660833061200969,1.399321142284569
0.094407067,0.036421418,69894.398,0.3724556305706451,-0.15710582507131174,1.4006893386773547
0.094407067,0.038683049,69892.688,0.3724556305706451,-0.14812835990038672,1.4006550701402805
0.094407074,0.040944684,69824.273,0.3724556583569003,-0.13915087885160157,1.3992840280561123
0.094407074,0.043206315,69692.242,0.3724556583569003,-0.13017341368067656,1.3966381162324648
0.094407074,0.04546795,69512.641,0.3724556583569003,-0.12119593263189143,1.3930388977955912
0.094407082,0.047729585,69301.289,0.37245569011262064,-0.1122184515831063,1.3888033867735472
0.094407082,0.049991217,69072.484,0.37245569011262064,-0.10324098244271626,1.384218116232465
0.094407082,0.052252851,68840.273,0.37245569011262064,-0.09426350536339613,1.3795645891783568
0.094407082,0.054514486,68623.336,0.37245569011262064,-0.08528602431461099,1.3752171543086171
0.094407082,0.056776118,68439.062,0.37245569011262064,-0.07630855517422096,1.3715242885771544
0.094407082,0.059037749,68278.711,0.37245569011262064,-0.06733109000329594,1.3683108416833667
0.094407082,0.061299384,68146.539,0.37245569011262064,-0.05835360895451081,1.365662104208417
0.094407082,0.063561015,68045.234,0.37245569011262064,-0.0493761437835858,1.3636319438877755
0.094407082,0.065822646,67948.609,0.37245569011262064,-0.040398678612660784,1.3616955711422845
0.094407082,0.068084285,67865.312,0.37245569011262064,-0.031421181686015535,1.3600262925851705
0.094407082,0.070345916,67789.852,0.37245569011262064,-0.02244371651509052,1.3585140681362726
0.094407082,0.072607547,67748.047,0.37245569011262064,-0.01346625134416551,1.3576762925851704
0.094407082,0.074869178,67710.695,0.37245569011262064,-0.004488786173240499,1.3569277555110222
0.094407089,0.077130817,67706.031,0.3724557178988758,0.004488710753404811,1.3568342885771543
0.094407089,0.079392448,67721.469,0.3724557178988758,0.013466175924329821,1.3571436673346693
0.094407089,0.081654079,67751.906,0.3724557178988758,0.022443641095254832,1.357753627254509
0.094407089,0.083915718,67813.281,0.3724557178988758,0.03142113802190009,1.3589835871743488
0.094407089,0.086177349,67887.672,0.3724557178988758,0.0403986031928251,1.3604743887775552
0.094407089,0.08843898,67980.812,0.3724557178988758,0.04937606836375011,1.3623409218436875
0.094407089,0.090700619,68070.055,0.3724557178988758,0.058353565290395364,1.3641293587174348
0.094407089,0.09296225,68183.156,0.3724557178988758,0.06733103046132037,1.3663959118236473
0.094407089,0.095223881,68328.766,0.3724557178988758,0.07630849563224539,1.3693139478957916
0.094407089,0.09748552,68505.875,0.3724557178988758,0.0852859925588907,1.3728632264529057
0.094407089,0.099747144,68716.922,0.3724557178988758,0.09426342994356043,1.3770926252505011
0.094407089,0.10200878,68947.344,0.3724557178988758,0.1032409149618106,1.3817103006012024
0.094407089,0.10427041,69171.352,0.3724557178988758,0.11221837616327059,1.3861994388777554
0.094407089,0.10653204,69383.625,0.3724557178988758,0.12119583736473057,1.3904534068136272
0.094407089,0.10879368,69567.578,0.3724557178988758,0.1301733382608409,1.3941398396793585
0.094407089,0.11105531,69709.039,0.3724557178988758,0.13915079946230088,1.3969747294589179
0.094407097,0.11331695,69787.469,0.3724557496545961,0.14812830035841118,1.3985464729458916
0.094407097,0.11557858,69799.438,0.3724557496545961,0.15710576155987116,1.3987863326653305
0.094407097,0.11784022,69742.828,0.3724557496545961,0.16608326245598143,1.3976518637274549
0.094407097,0.12010185,69618.297,0.3724557496545961,0.1750607236574414,1.39515625250501
0.094407097,0.12236349,69429.562,0.3724557496545961,0.18403822455355176,1.391373987975952
0.094407097,0.12462512,69183.047,0.3724557496545961,0.19301568575501174,1.3864338076152305
0.094407097,0.12682623,68895.188,0.3724557496545961,0.20175291493270464,1.3806650901803605
0.094407097,0.12882724,68598.695,0.3724557496545961,0.20969585415739367,1.3747233466933868
0.094407097,0.13056725,68319.062,0.3724557496545961,0.21660276300859932,1.369119478957916
0.094407097,0.13208032,68062.102,0.3724557496545961,0.2226088414653288,1.3639699799599199
0.094407097,0.133396,67829.859,0.3724557496545961,0.22783138721929241,1.3593158116232464
0.094407097,0.13454008,67622.062,0.3724557496545961,0.23237277277367863,1.3551515430861725
0.094407097,0.13553494,67437.883,0.3724557496545961,0.23632183475591462,1.3514605811623246
0.094407104,0.13640003,67275.891,0.37245577744085134,0.23975577926088276,1.3482142484969941
0.094407104,0.13715228,67133.977,0.37245577744085134,0.24274180933158315,1.3453702805611223
0.094407104,0.13780642,67010.266,0.37245577744085134,0.24533839518794484,1.342891102204409
0.094407104,0.13837524,66902.773,0.37245577744085134,0.24759630628773324,1.3407369338677355
0.094407104,0.13886985,66809.578,0.37245577744085134,0.2495596433874595,1.3388692985971942
0.094407104,0.13929996,66728.773,0.37245577744085134,0.2512669499925895,1.3372499599198397
0.096179187,0.012700045,67741.195,0.3794899989440445,-0.25126698571777484,1.357538977955912
0.096179187,0.013130141,67848.703,0.3794899989440445,-0.24955973468515538,1.3596934468937873
0.096179187,0.013624752,67972.344,0.3794899989440445,-0.24759639361596394,1.3621712224448896
0.096179187,0.014193555,68114.336,0.3794899989440445,-0.24533854999708113,1.365016753507014
0.096179187,0.014847678,68277.008,0.3794899989440445,-0.24274203162162508,1.3682767134268536
0.096179187,0.015599919,68462.852,0.3794899989440445,-0.23975603727610992,1.3720010420841684
0.096179187,0.016464997,68674.406,0.3794899989440445,-0.23632214040472224,1.3762406012024049
0.096179187,0.017459836,68914.391,0.3794899989440445,-0.23237316178125186,1.3810499198396795
0.096179187,0.0186039,69185.422,0.3794899989440445,-0.22783183973830626,1.3864814028056114
0.096179187,0.019919574,69489.945,0.3794899989440445,-0.22260931780113277,1.3925840681362727
0.096179195,0.021432601,69829.758,0.3794900306997647,-0.2166034100313997,1.3993939478957915
0.096179195,0.02317258,70205.789,0.3794900306997647,-0.20969662423361,1.4069296392785573
0.096179195,0.025173558,70616.336,0.3794900306997647,-0.201753812031802,1.415157034068136
0.096179195,0.02737467,71037.445,0.3794900306997647,-0.19301657491517904,1.4235960921843689
0.096179195,0.029636312,71430.82,0.3794900306997647,-0.1840390660801387,1.431479358717435
0.096179195,0.031897958,71775.398,0.3794900306997647,-0.1750615413672382,1.4383847294589178
0.096179195,0.034159601,72062.148,0.3794900306997647,-0.1660840285627328,1.44413122244489
0.096179195,0.036421243,72282.836,0.3794900306997647,-0.15710651972769243,1.4485538276553105
0.096179195,0.038682885,72431.484,0.3794900306997647,-0.14812901089265204,1.4515327454909819
0.096179202,0.040944532,72511.625,0.37949005848602,-0.13915148221028653,1.4531387775551101
0.096179202,0.043206174,72522.719,0.37949005848602,-0.13017397337524617,1.4533611022044088
0.096179202,0.045467816,72471.836,0.37949005848602,-0.12119646454020579,1.4523414028056112
0.096179202,0.047729459,72372.75,0.37949005848602,-0.11221895173570037,1.4503557114228456
0.096179202,0.049991105,72253.344,0.37949005848602,-0.10324142702279988,1.4479628056112224
0.096179202,0.052252747,72117.398,0.37949005848602,-0.0942639181877595,1.4452384368737474
0.096179202,0.054514389,71974.125,0.37949005848602,-0.08528640935271914,1.4423672344689378
0.096179202,0.056776032,71841.898,0.37949005848602,-0.07630889654821377,1.4397173947895792
0.096179202,0.059037678,71731.922,0.37949005848602,-0.06733137183531324,1.4375134669338678
0.096179202,0.06129932,71640.852,0.37949005848602,-0.05835386300027289,1.4356884168336672
0.096179202,0.063560963,71568.547,0.37949005848602,-0.04937635019576749,1.4342394188376755
0.096179202,0.065822609,71507.031,0.37949005848602,-0.04039882548286697,1.4330066332665332
0.096179202,0.068084247,71465.672,0.37949005848602,-0.03142133252568674,1.4321777955911825
0.096179202,0.070345894,71436.945,0.37949005848602,-0.02244380384332119,1.431602104208417
0.096179202,0.07260754,71427.484,0.37949005848602,-0.013466279130420722,1.43141250501002
0.09617921,0.074869178,71414.25,0.37949009024174024,-0.004488786173240499,1.4311472945891783
0.09617921,0.077130824,71412.828,0.37949009024174024,0.004488738539660023,1.4311187975951902
0.09617921,0.07939247,71412.781,0.37949009024174024,0.013466263252560546,1.4311178557114228
0.09617921,0.081654109,71417.234,0.37949009024174024,0.0224437601792058,1.4312070941883768
0.09617921,0.083915755,71434.812,0.37949009024174024,0.031421284892106265,1.431559358717435
0.09617921,0.086177394,71467.891,0.37949009024174024,0.040398781818751575,1.432222264529058
0.09617921,0.08843904,71524.242,0.37949009024174024,0.049376306531652044,1.4333515430861723
0.09617921,0.090700686,71585.914,0.37949009024174024,0.05835383124455257,1.4345874549098196
0.09617921,0.092962325,71665.469,0.37949009024174024,0.06733132817119782,1.436181743486974
0.09617921,0.095223971,71767.867,0.37949009024174024,0.07630885288409835,1.4382338076152303
0.09617921,0.097485617,71896.625,0.37949009024174024,0.08528637759699881,1.440814128256513
0.09617921,0.099747255,72037.539,0.37949009024174024,0.09426387055417909,1.4436380561122246
0.09617921,0.1020089,72173.492,0.37949009024174024,0.10324139129761453,1.4463625651302605
0.096179217,0.10427054,72289.609,0.3794901180279955,0.11221889219372481,1.4486895591182365
0.096179217,0.10653219,72391.125,0.3794901180279955,0.12119643278448546,1.4507239478957916
0.096179217,0.10879383,72448.25,0.3794901180279955,0.13017393368059574,1.45186873747495
0.096179217,0.11105547,72443.742,0.3794901180279955,0.1391514345767061,1.4517783967935871
0.096179217,0.11331712,72370.672,0.3794901180279955,0.14812897516746668,1.4503140681362727
0.096179217,0.11557876,72229.133,0.3794901180279955,0.157106476063577,1.447477615230461
0.096179217,0.1178404,72019.023,0.3794901180279955,0.1660839769596873,1.4432669939879759
0.096179217,0.12010205,71741.82,0.3794901180279955,0.17506151755044794,1.4377118236472948
0.096179217,0.12236369,71405.906,0.3794901180279955,0.18403901844655823,1.4309800801603207
0.096179217,0.12462533,71020.023,0.3794901180279955,0.19301651934266856,1.4232469539078156
0.096179217,0.12682644,70604.898,0.3794901180279955,0.2017537485203615,1.4149278156312626
0.096179217,0.12882742,70198.664,0.3794901180279955,0.20969656866109948,1.4067868537074149
0.096179217,0.1305674,69825.805,0.3794901180279955,0.2166033584283542,1.3993147294589177
0.096179225,0.13208042,69488.75,0.3794901497837157,0.22260923841183206,1.392560120240481
0.096179225,0.1333961,69186.664,0.3794901497837157,0.2278317841657957,1.3865062925851703
0.096179225,0.13454017,68917.75,0.3794901497837157,0.23237313002553148,1.381117234468938
0.096179225,0.135535,68679.594,0.3794901497837157,0.23632207292381655,1.3763445691382765
0.096179225,0.13640009,68469.578,0.3794901497837157,0.23975601742878472,1.3721358316633265
0.096179225,0.13715233,68285.156,0.3794901497837157,0.2427420078048348,1.36844
0.096179225,0.13780645,68123.648,0.3794901497837157,0.24533851427189574,1.3652033667334669
0.096179225,0.13837525,67982.742,0.3794901497837157,0.24759634598238353,1.3623795991983967
0.096179225,0.13886985,67859.938,0.3794901497837157,0.2495596433874595,1.3599185971943886
0.096179225,0.13929996,67753.094,0.3794901497837157,0.2512669499925895,1.3577774348697393
0.097790219,0.012700042,68512.398,0.38588493413428804,-0.25126699762616994,1.3729939478957915
0.097790219,0.013130133,68634.922,0.38588493413428804,-0.2495597664408756,1.3754493386773547
0.097790219,0.013624736,68775.383,0.38588493413428804,-0.2475964571274045,1.3782641883767535
0.097790219,0.01419353,68936.125,0.38588493413428804,-0.24533864923370693,1.3814854709418838
0.097790219,0.014847644,69119.789,0.38588493413428804,-0.2427421665834362,1.385166112224449
0.097790219,0.015599875,69328.797,0.38588493413428804,-0.23975621193257135,1.3893546492985973
0.097790219,0.016464939,69566.016,0.38588493413428804,-0.2363223706336941,1.3941085370741484
0.097790219,0.017459761,69834.25,0.38588493413428804,-0.23237345949112928,1.3994839679358717
0.097790219,0.018603811,70136.672,0.38588493413428804,-0.22783219302069416,1.4055445290581163
0.097790219,0.019919468,70476.273,0.38588493413428804,-0.22260973856442623,1.4123501603206412
0.097790219,0.021432472,70856.078,0.38588493413428804,-0.21660392209238888,1.4199614829659317
0.097790219,0.023172427,71278.883,0.38588493413428804,-0.20969723156175998,1.4284345290581162
0.097790219,0.025173374,71745.633,0.38588493413428804,-0.20175454241336802,1.437788236472946
0.097790219,0.027374472,72233.734,0.38588493413428804,-0.1930173608692555,1.4475698196392786
0.097790219,0.029636126,72703.367,0.38588493413428804,-0.18403980440063475,1.4569813026052103
0.097790219,0.03189778,73135.203,0.38588493413428804,-0.17506224793201397,1.4656353306613226
0.097790219,0.034159433,73522.711,0.38588493413428804,-0.16608469543285825,1.473401022044088
0.097790219,0.036421083,73857.555,0.38588493413428804,-0.1571071548420976,1.4801113226452904
0.097790219,0.038682736,74129.82,0.38588493413428804,-0.1481296023429419,1.4855675350701405
0.097790226,0.04094439,74335.547,0.3858849619205432,-0.13915204587432115,1.4896903206412826
0.097790226,0.04320604,74467.969,0.3858849619205432,-0.1301745052835605,1.4923440681362725
0.097790226,0.045467693,74522.883,0.3858849619205432,-0.12119695278440477,1.4934445490981965
0.097790226,0.047729343,74503.109,0.3858849619205432,-0.11221941219364416,1.4930482765531061
0.097790226,0.049990997,74419.445,0.3858849619205432,-0.10324185572502338,1.4913716432865733
0.097790226,0.05225265,74298.289,0.3858849619205432,-0.09426430322586768,1.4889436673346694
0.097790226,0.0545143,74169.672,0.3858849619205432,-0.08528676263510704,1.4863661723446895
0.097790226,0.056775957,74051.398,0.3858849619205432,-0.07630919425809118,1.4839959519038077
0.097790226,0.059037603,73958.727,0.3858849619205432,-0.06733166954519068,1.4821388176352706
0.097790226,0.061299261,73878.383,0.3858849619205432,-0.0583540971987098,1.4805287174348698
0.097790226,0.063560911,73807.008,0.3858849619205432,-0.04937655660794918,1.4790983567134268
0.097790226,0.065822564,73756.891,0.3858849619205432,-0.04039900410879345,1.478094008016032
0.097790226,0.068084218,73726.062,0.3858849619205432,-0.03142144764017268,1.4774761923847697
0.097790226,0.070345871,73709.508,0.3858849619205432,-0.022443895141016943,1.4771444488977956
0.097790226,0.072607525,73699.469,0.3858849619205432,-0.013466338672396178,1.4769432665330662
0.097790226,0.074869171,73689.82,0.3858849619205432,-0.0044888139594957115,1.4767498997995994
0.097790226,0.077130824,73687.906,0.3858849619205432,0.004488738539660023,1.4767115430861724
0.097790226,0.079392478,73689.844,0.3858849619205432,0.013466295008280789,1.476750380761523
0.097790226,0.081654131,73696.844,0.3858849619205432,0.022443847507436526,1.4768906613226451
0.097790226,0.083915785,73706.859,0.3858849619205432,0.03142140397605729,1.477091362725451
0.097790226,0.086177438,73730.07,0.3858849619205432,0.04039895647521297,1.4775565130260522
0.097790226,0.088439092,73771.383,0.3858849619205432,0.04937651294383374,1.4783844288577155
0.097790226,0.090700738,73834.289,0.3858849619205432,0.05835403765673426,1.4796450701402806
0.097790226,0.092962392,73910.141,0.3858849619205432,0.06733159412535503,1.4811651503006014
0.097790226,0.095224045,73999.148,0.3858849619205432,0.0763091466245107,1.4829488577154308
0.097790226,0.097485699,74112.922,0.3858849619205432,0.08528670309313147,1.4852288977955912
0.097790226,0.099747352,74235.898,0.3858849619205432,0.09426425559228721,1.4876933466933868
0.097790226,0.102009,74353.859,0.3858849619205432,0.10324178824411778,1.4900572945891783
0.097790226,0.10427065,74444.211,0.3858849619205432,0.11221932883487844,1.4918679559118235
0.097790226,0.10653231,74472.734,0.3858849619205432,0.12119690912028938,1.4924395591182364
0.097790226,0.10879395,74428.867,0.3858849619205432,0.13017441001639968,1.4915604609218436
0.097790241,0.11105561,74305.219,0.38588502146251874,0.1391519903018106,1.4890825450901803
0.097790241,0.11331727,74105.773,0.38588502146251874,0.14812957058722157,1.4850856312625251
0.097790241,0.11557892,73839.727,0.38588502146251874,0.1571071111779822,1.4797540480961924
0.097790241,0.11784057,73512.172,0.38588502146251874,0.16608465176874285,1.4731898196392788
0.097790241,0.12010222,73130.641,0.38588502146251874,0.17506219235950343,1.4655439078156314
0.097790241,0.12236387,72704.227,0.38588502146251874,0.18403973295026407,1.4569985370741483
0.097790241,0.12462553,72239.391,0.38588502146251874,0.19301731323567503,1.4476831863727455
0.097790241,0.12682661,71755.0,0.38588502146251874,0.20175442332941698,1.4379759519038076
0.097790241,0.12882757,71290.57,0.38588502146251874,0.20969716408085437,1.42866873747495
0.097790241,0.13056752,70869.508,0.38588502146251874,0.2166038347641581,1.420230621242485
0.097790241,0.13208053,70491.492,0.38588502146251874,0.22260967505298562,1.412655150300601
0.097790241,0.13339619,70153.578,0.38588502146251874,0.22783214141764863,1.4058833266533064
0.097790241,0.13454023,69852.586,0.38588502146251874,0.23237336819343354,1.3998514228456913
0.097790241,0.13553506,69585.648,0.38588502146251874,0.23632231109171858,1.3945019639278557
0.097790241,0.13640013,69349.68,0.38588502146251874,0.23975617620738604,1.389773146292585
0.097790241,0.13715236,69141.844,0.38588502146251874,0.2427421268887858,1.3856080961923847
0.097790241,0.13780648,68959.289,0.38588502146251874,0.24533863335584677,1.3819496793587176
0.097790241,0.13837525,68799.359,0.38588502146251874,0.24759634598238353,1.3787446693386773
0.097790241,0.13886987,68659.688,0.38588502146251874,0.24955972277676022,1.3759456513026052
0.097790241,0.13929996,68537.758,0.38588502146251874,0.2512669499925895,1.3735021643286573
0.099254772,0.012700039,69086.047,0.39169842605603555,-0.25126700953456504,1.3844899198396794
0.099254772,0.013130124,69215.57,0.39169842605603555,-0.24955980216606094,1.3870855711422847
0.099254772,0.01362472,69363.781,0.39169842605603555,-0.24759652063884502,1.3900557314629258
0.099254772,0.014193509,69533.117,0.39169842605603555,-0.2453387325924726,1.393449238476954
0.099254772,0.014847612,69726.109,0.39169842605603555,-0.24274229360631724,1.3973168136272545
0.099254772,0.015599834,69945.398,0.39169842605603555,-0.23975637468063768,1.401711382765531
0.099254772,0.016464887,70193.57,0.39169842605603555,-0.2363225770458758,1.4066847695390783
0.099254772,0.017459698,70473.891,0.39169842605603555,-0.23237370956742637,1.4123024248496994
0.099254772,0.018603731,70789.367,0.39169842605603555,-0.22783251057789675,1.4186245891783567
0.099254772,0.019919369,71143.312,0.39169842605603555,-0.22261013154146442,1.4257176753507015
0.099254772,0.021432353,71539.594,0.39169842605603555,-0.21660439445872776,1.4336591983967935
0.099254772,0.023172285,71981.727,0.39169842605603555,-0.20969779522579457,1.4425195791583165
0.099254772,0.025173206,72472.414,0.39169842605603555,-0.20175520928349344,1.452352985971944
0.099254772,0.027374297,72991.148,0.39169842605603555,-0.1930180555256362,1.4627484569138276
0.099254787,0.029635958,73499.852,0.391698485598011,-0.18404047127076018,1.4729429258517033
0.099254787,0.031897616,73980.445,0.391698485598011,-0.17506289892427931,1.4825740480961924
0.099254787,0.03415928,74428.273,0.391698485598011,-0.16608530276100822,1.4915485571142284
0.099254787,0.036420938,74835.766,0.391698485598011,-0.15710773041452733,1.499714749498998
0.099254787,0.038682599,75192.586,0.391698485598011,-0.14813014615965137,1.5068654509018036
0.099254787,0.04094426,75490.617,0.391698485598011,-0.13915256190477535,1.512838016032064
0.099254787,0.043205924,75719.172,0.391698485598011,-0.13017496574150428,1.5174182765531063
0.099254787,0.045467582,75869.492,0.391698485598011,-0.12119739339502339,1.5204307014028056
0.099254787,0.047729243,75939.469,0.391698485598011,-0.11221980914014741,1.5218330460921843
0.099254787,0.0499909,75936.695,0.391698485598011,-0.10324224076313156,1.5217774549098197
0.099254787,0.052252561,75879.625,0.391698485598011,-0.09426465650825555,1.52063376753507
0.099254787,0.054514222,75787.414,0.391698485598011,-0.08528707225337957,1.518785851703407
0.099254787,0.056775887,75675.812,0.391698485598011,-0.07630947212064347,1.5165493386773548
0.099254787,0.059037544,75552.445,0.391698485598011,-0.06733190374362762,1.5140770541082165
0.099254787,0.061299209,75431.68,0.391698485598011,-0.058354303610891486,1.5116569138276552
0.099254787,0.063560866,75340.508,0.391698485598011,-0.04937673523387566,1.5098298196392785
0.099254787,0.065822527,75284.172,0.391698485598011,-0.040399150978999626,1.508700841683367
0.099254787,0.068084188,75245.32,0.391698485598011,-0.03142156672412365,1.5079222444889782
0.099254794,0.070345849,75221.32,0.39169851338426626,-0.02244398246924767,1.5074412825651304
0.099254794,0.072607502,75200.422,0.39169851338426626,-0.013466429970091934,1.50702248496994
0.099254794,0.074869171,75188.297,0.39169851338426626,-0.0044888139594957115,1.5067794989979961
0.099254794,0.077130832,75185.602,0.39169851338426626,0.004488770295380267,1.5067254909819638
0.099254794,0.079392493,75192.984,0.39169851338426626,0.013466354550256245,1.5068734268537074
0.099254794,0.081654154,75210.344,0.39169851338426626,0.02244393880513228,1.5072213226452906
0.099254794,0.083915815,75230.117,0.39169851338426626,0.031421523060008255,1.5076175751503005
0.099254794,0.086177468,75261.938,0.39169851338426626,0.04039907555916394,1.508255270541082
0.099254794,0.088439137,75306.961,0.39169851338426626,0.04937669156976021,1.5091575350701403
0.099254794,0.09070079,75388.656,0.39169851338426626,0.05835424406891595,1.5107947094188376
0.099254794,0.092962459,75504.922,0.39169851338426626,0.06733186007951217,1.5131246893787575
0.099254794,0.09522412,75629.242,0.39169851338426626,0.07630944433438815,1.5156160721442886
0.099254794,0.097485773,75744.531,0.39169851338426626,0.08528699683354389,1.517926472945892
0.099254794,0.099747442,75837.445,0.39169851338426626,0.09426461284414016,1.519788476953908
0.099254794,0.1020091,75896.156,0.39169851338426626,0.10324218519062105,1.5209650501002006
0.099254794,0.10427076,75906.117,0.39169851338426626,0.112219765476032,1.5211646693386773
0.099254794,0.10653242,75846.57,0.39169851338426626,0.12119734576144295,1.519971342685371
0.099254794,0.10879408,75707.641,0.39169851338426626,0.1301749260468539,1.5171871943887776
0.099254794,0.11105574,75487.547,0.39169851338426626,0.13915250633226484,1.5127764929859722
0.099254794,0.1133174,75195.148,0.39169851338426626,0.1481300866176758,1.5069167935871743
0.099254802,0.11557906,74843.484,0.39169854513998653,0.15710766690308675,1.4998694188376753
0.099254802,0.11784072,74440.719,0.39169854513998653,0.16608524718849768,1.4917979759519038
0.099254802,0.12010238,73996.484,0.39169854513998653,0.17506282747390864,1.4828954709418838
0.099254802,0.12236404,73518.875,0.39169854513998653,0.1840404077593196,1.473324148296593
0.099254802,0.1246257,73012.977,0.39169854513998653,0.19301798804473058,1.4631859118236472
0.099254802,0.12682679,72496.141,0.39169854513998653,0.2017551378331228,1.452828476953908
0.099254802,0.12882771,72006.461,0.39169854513998653,0.20969771980595894,1.4430152505010019
0.099254802,0.13056764,71565.289,0.39169854513998653,0.21660431109996206,1.434174128256513
0.099254802,0.13208063,71170.211,0.39169854513998653,0.2226100719994889,1.4262567334669338
0.099254802,0.13339627,70817.523,0.39169854513998653,0.2278324589748513,1.4191888376753508
0.099254802,0.1345403,70503.156,0.39169854513998653,0.23237364605598576,1.4128888977955911
0.099254802,0.13553512,70223.938,0.39169854513998653,0.23632254925962054,1.4072933466933866
0.099254802,0.13640016,69976.844,0.39169854513998653,0.23975629529133693,1.4023415631262524
0.099254802,0.13715239,69758.656,0.39169854513998653,0.24274224597273683,1.3979690581162325
0.099254802,0.13780649,69566.656,0.39169854513998653,0.24533867305049706,1.394121362725451
0.099254802,0.13837527,69398.156,0.39169854513998653,0.24759642537168414,1.390744609218437
0.099254802,0.13886988,69250.641,0.39169854513998653,0.24955976247141054,1.3877883967935873
0.099254802,0.13929996,69121.719,0.39169854513998653,0.2512669499925895,1.3852047895791582
0.1005862,0.012700037,69507.57,0.3969834829453311,-0.25126701747349506,1.3929372745490984
0.1005862,0.013130116,69638.703,0.3969834829453311,-0.2495598339217812,1.3955651903807613
0.1005862,0.013624707,69788.734,0.3969834829453311,-0.24759657224189044,1.3985718236472946
0.1005862,0.014193487,69959.945,0.3969834829453311,-0.24533881992070333,1.4020029058116235
0.1005862,0.014847585,70154.852,0.3969834829453311,-0.24274240078187312,1.4059088577154308
0.1005862,0.015599795,70376.078,0.3969834829453311,-0.23975652948977397,1.410342244488978
0.1005862,0.016464839,70626.391,0.3969834829453311,-0.23632276758019738,1.4153585370741484
0.1005862,0.017459638,70908.891,0.3969834829453311,-0.2323739477353283,1.421019859719439
0.1005862,0.018603658,71226.039,0.3969834829453311,-0.22783280034884412,1.4273755310621243
0.1005862,0.01991928,71581.719,0.3969834829453311,-0.22261048482385232,1.434503386773547
0.10058621,0.021432247,71979.273,0.3969835226399814,-0.2166048152220212,1.4424704008016032
0.10058621,0.023172157,72422.68,0.3969835226399814,-0.20969830331731876,1.4513563126252504
0.10058621,0.025173055,72917.945,0.3969835226399814,-0.20175580867271337,1.461281462925852
0.10058621,0.027374135,73446.648,0.3969835226399814,-0.19301869857897144,1.4718767134268538
0.10058621,0.029635804,73972.922,0.3969835226399814,-0.1840410825683752,1.4824232865731464
0.10058621,0.031897474,74478.961,0.3969835226399814,-0.17506346258831393,1.4925643486973947
0.10058621,0.034159139,74960.906,0.3969835226399814,-0.16608586245557783,1.5022225651302605
0.10058621,0.036420807,75413.141,0.3969835226399814,-0.1571082504144466,1.511285390781563
0.10058621,0.038682476,75827.062,0.3969835226399814,-0.14813063440385035,1.5195804008016034
0.10058621,0.040944144,76192.766,0.3969835226399814,-0.13915302236271912,1.5269091382765532
0.10058621,0.043205813,76498.281,0.3969835226399814,-0.13017540635212288,1.5330316833667335
0.10058621,0.045467477,76731.766,0.3969835226399814,-0.12119781018885181,1.537710741482966
0.10058621,0.047729149,76886.594,0.3969835226399814,-0.11222018226986047,1.540813507014028
0.10058621,0.049990814,76963.648,0.3969835226399814,-0.10324258213712434,1.5423576753507013
0.10058621,0.052252486,76971.898,0.3969835226399814,-0.094264954218133,1.542523006012024
0.10058621,0.054514151,76924.141,0.3969835226399814,-0.0852873540853969,1.5415659519038076
0.10058621,0.056775823,76842.516,0.3969835226399814,-0.07630972616640554,1.5399301803607215
0.10058621,0.059037492,76743.836,0.3969835226399814,-0.06733211015580931,1.537952625250501
0.10058621,0.06129916,76643.445,0.3969835226399814,-0.05835449811467809,1.5359407815631263
0.10058621,0.063560829,76553.539,0.3969835226399814,-0.04937688210408184,1.5341390581162326
0.10058621,0.065822497,76479.172,0.3969835226399814,-0.040399270062950646,1.53264873747495
0.10058621,0.068084158,76410.734,0.3969835226399814,-0.03142168580807461,1.5312772344689378
0.10058621,0.070345826,76357.773,0.3969835226399814,-0.022444073766943424,1.530215891783567
0.10058622,0.072607495,76315.227,0.3969835623346317,-0.013466457756347201,1.529363266533066
0.10058622,0.074869163,76293.234,0.3969835623346317,-0.004488845715215955,1.5289225250501002
0.10058622,0.077130839,76290.0,0.3969835623346317,0.004488798081635535,1.5288577154308618
0.10058622,0.0793925,76307.227,0.3969835623346317,0.013466382336511514,1.5292029458917835
0.10058622,0.081654169,76344.297,0.3969835623346317,0.022443998347107735,1.5299458316633268
0.10058622,0.083915845,76392.547,0.3969835623346317,0.031421642143959226,1.5309127655310621
0.10058622,0.086177506,76454.969,0.3969835623346317,0.040399226398835204,1.5321637074148295
0.10058622,0.088439174,76522.891,0.3969835623346317,0.049376838439966396,1.533524869739479
0.10058622,0.090700842,76605.078,0.3969835623346317,0.05835445048109764,1.535171903807615
0.10058622,0.092962511,76704.273,0.3969835623346317,0.06733206649169386,1.5371597795591183
0.10058622,0.095224179,76805.812,0.3969835623346317,0.07630967853282511,1.5391946292585172
0.10058622,0.097485848,76892.25,0.3969835623346317,0.08528729454342134,1.5409268537074148
0.10058622,0.099747524,76943.578,0.3969835623346317,0.09426493834027282,1.5419554709418837
0.10058622,0.10200918,76941.594,0.3969835623346317,0.10324250274782365,1.5419157114228457
0.10058622,0.10427085,76874.023,0.3969835623346317,0.1122201227278849,1.5405615831663326
0.10058622,0.10653251,76730.422,0.3969835623346317,0.12119770301329585,1.5376838076152306
0.10058622,0.10879419,76507.578,0.3969835623346317,0.13017536268800747,1.5332179959919838
0.10058622,0.11105586,76209.75,0.3969835623346317,0.13915298266806878,1.527249498997996
0.10058622,0.11331753,75848.719,0.3969835623346317,0.14813060264813002,1.5200144088176353
0.10058622,0.11557919,75438.695,0.3969835623346317,0.15710818293354098,1.5117974949899802
0.10058622,0.11784086,74989.305,0.3969835623346317,0.16608580291360228,1.5027916833667334
0.10058622,0.12010252,74509.312,0.3969835623346317,0.1750633831990132,1.4931725851703408
0.10058622,0.12236419,74005.125,0.3969835623346317,0.18404100317907449,1.4830686372745492
0.10058622,0.12462586,73479.93,0.3969835623346317,0.1930186231591358,1.4725436873747493
0.10058623,0.12682694,72951.883,0.39698360202928207,0.20175573325287768,1.4619615831663326
0.10058623,0.12882784,72456.992,0.39698360202928207,0.20969823583641312,1.4520439278557113
0.10058623,0.13056774,72014.219,0.39698360202928207,0.21660470804646523,1.4431707214428857
0.10058623,0.13208072,71617.305,0.39698360202928207,0.22261042925134186,1.4352165330661322
0.10058623,0.13339634,71262.617,0.39698360202928207,0.22783273683740354,1.4281085571142285
0.10058623,0.13454035,70946.305,0.39698360202928207,0.2323738445292374,1.421769639278557
0.10058623,0.13553515,70664.945,0.39698360202928207,0.23632266834357143,1.4161311623246495
0.10058623,0.13640021,70415.648,0.39698360202928207,0.23975649376458857,1.411135230460922
0.10058623,0.13715242,70195.445,0.39698360202928207,0.24274236505668775,1.4067223446893788
0.10058623,0.13780652,70001.477,0.39698360202928207,0.24533879213444798,1.4028352104208417
0.10058623,0.1383753,69831.117,0.39698360202928207,0.24759654445563517,1.3994211823647293
0.10058623,0.13886988,69681.828,0.39698360202928207,0.24955976247141054,1.3964294188376751
0.10058623,0.13929996,69551.242,0.39698360202928207,0.2512669499925895,1.3938124649298598
0.10179659,0.012700035,69818.367,0.40178808372602254,-0.2512670254124251,1.3991656713426854
0.10179659,0.01313011,69947.898,0.40178808372602254,-0.24955985773857137,1.401761482965932
0.10179659,0.013624695,70096.008,0.40178808372602254,-0.24759661987547082,1.404729619238477
0.10179659,0.014193469,70265.133,0.40178808372602254,-0.2453388913710739,1.4081188977955912
0.10179659,0.014847558,70457.648,0.40178808372602254,-0.242742507957429,1.4119769138276552
0.10179659,0.015599761,70676.016,0.40178808372602254,-0.23975666445158506,1.4163530260521042
0.10179659,0.016464794,70922.906,0.40178808372602254,-0.2363229462061238,1.4213007214428859
0.10179659,0.017459584,71200.781,0.40178808372602254,-0.23237416208644004,1.426869358717435
0.10179659,0.018603591,71513.547,0.40178808372602254,-0.22783306630300126,1.4331372144288579
0.10179659,0.0199192,71865.094,0.40178808372602254,-0.22261080238105493,1.4401822444889778
0.10179659,0.021432148,72259.523,0.40178808372602254,-0.21660520819905943,1.4480866332665332
0.10179659,0.02317204,72701.758,0.40178808372602254,-0.20969876774472754,1.4569490581162325
0.10179659,0.025172915,73196.688,0.40178808372602254,-0.2017563643978179,1.4668674949899798
0.10179659,0.027373988,73726.602,0.40178808372602254,-0.19301928209033123,1.477487014028056
0.10179659,0.029635664,74256.664,0.40178808372602254,-0.18404163829347975,1.4881094989979962
0.10179659,0.03189734,74771.516,0.40178808372602254,-0.17506399449662827,1.4984271743486974
0.10179659,0.034159012,75269.398,0.40178808372602254,-0.16608636657763692,1.508404769539078
0.10179659,0.036420688,75745.875,0.40178808372602254,-0.15710872278078547,1.5179534068136273
0.10179659,0.038682364,76195.375,0.40178808372602254,-0.148131078983934,1.5269614228456914
0.10179659,0.04094404,76606.805,0.40178808372602254,-0.1391534351870825,1.535206513026052
0.10179659,0.043205708,76968.531,0.40178808372602254,-0.1301758231459513,1.5424555310621244
0.10179659,0.045467392,77269.414,0.40178808372602254,-0.12119814759337956,1.548485250501002
0.10179659,0.047729064,77499.625,0.40178808372602254,-0.11222051967438822,1.5530986973947896
0.10179659,0.049990736,77655.469,0.40178808372602254,-0.10324289175539687,1.5562218236472944
0.10179659,0.052252416,77737.289,0.40178808372602254,-0.09426523208068527,1.5578615030060121
0.10179659,0.054514088,77750.008,0.40178808372602254,-0.08528760416169393,1.5581163927855712
0.10179659,0.056775764,77711.867,0.40178808372602254,-0.07630996036484246,1.5573520440881763
0.10179659,0.05903744,77640.961,0.40178808372602254,-0.067332316567991,1.5559310821643286
0.10179659,0.061299112,77553.414,0.40178808372602254,-0.058354688648999634,1.5541766332665332
0.10179659,0.063560784,77463.07,0.40178808372602254,-0.04937706073000832,1.5523661322645292
0.10179659,0.065822467,77382.828,0.40178808372602254,-0.04039938914690162,1.5507580761523045
0.10179659,0.068084136,77311.789,0.40178808372602254,-0.03142177313630534,1.5493344488977956
0.10179659,0.070345812,77260.43,0.40178808372602254,-0.022444129339453903,1.5483052104208415
0.1017966,0.072607487,77220.875,0.4017881234206728,-0.013466489512067446,1.5475125250501003
0.1017966,0.074869163,77202.43,0.4017881234206728,-0.004488845715215955,1.547142885771543
0.1017966,0.077130839,77198.711,0.4017881234206728,0.004488798081635535,1.5470683567134267
0.1017966,0.079392515,77214.539,0.4017881234206728,0.01346644187848697,1.5473855511022045
0.1017966,0.081654184,77248.742,0.4017881234206728,0.022444057889083248,1.5480709819639278
0.1017966,0.083915859,77294.93,0.4017881234206728,0.03142169771646965,1.5489965931863725
0.1017966,0.086177535,77358.844,0.4017881234206728,0.04039934151332114,1.5502774348697395
0.1017966,0.088439211,77432.461,0.4017881234206728,0.04937698531017263,1.5517527254509018
0.1017966,0.090700895,77517.188,0.4017881234206728,0.058354660862744365,1.553450661322645
0.1017966,0.092962563,77607.023,0.4017881234206728,0.06733227290387556,1.5552509619238477
0.1017966,0.095224239,77683.266,0.4017881234206728,0.07630991670072705,1.5567788777555112
0.1017966,0.097485915,77728.281,0.4017881234206728,0.08528756049757853,1.557680981963928
0.1017966,0.099747583,77722.023,0.4017881234206728,0.09426517253870972,1.5575555711422846
0.1017966,0.10200926,77649.492,0.4017881234206728,0.10324282030502625,1.5561020440881763
0.1017966,0.10427094,77504.219,0.4017881234206728,0.11222047997973786,1.553190761523046
0.1017966,0.10653261,77284.758,0.4017881234206728,0.1211980999597991,1.548792745490982
0.1017966,0.10879429,76992.656,0.4017881234206728,0.13017575963451072,1.542938997995992
0.1017966,0.11105597,76636.969,0.4017881234206728,0.13915341930922234,1.5358110020040079
0.1017966,0.11331764,76229.359,0.4017881234206728,0.1481310392892836,1.5276424649298597
0.1017966,0.11557931,75782.648,0.4017881234206728,0.1571086592693449,1.5186903406813628
0.1017966,0.11784099,75307.898,0.4017881234206728,0.1660863189440565,1.5091763126252504
0.1017966,0.12010266,74810.953,0.4017881234206728,0.17506393892411776,1.49921749498998
0.1017966,0.12236433,74296.836,0.4017881234206728,0.184041558904179,1.4889145490981963
0.1017966,0.12462601,73767.352,0.4017881234206728,0.19301921857889062,1.4783036472945892
0.1017966,0.12682709,73237.453,0.4017881234206728,0.20175632867263257,1.4676844288577153
0.10179661,0.12882796,72742.484,0.4017881631153231,0.209698712172217,1.4577652104208416
0.10179661,0.13056785,72300.609,0.4017881631153231,0.21660514468761888,1.44891
0.10179661,0.13208079,71906.898,0.4017881631153231,0.22261070711389408,1.44102
0.10179661,0.13339642,71556.305,0.4017881631153231,0.22783305439460608,1.4339940881763527
0.10179661,0.13454041,71244.633,0.4017881631153231,0.23237408269713933,1.4277481563126253
0.10179661,0.1355352,70967.656,0.4017881631153231,0.23632286681682307,1.42219751503006
0.10179661,0.13640024,70721.828,0.4017881631153231,0.2397566128485396,1.4172711022044087
0.10179661,0.13715245,70504.375,0.4017881631153231,0.24274248414063876,1.4129133266533067
0.10179661,0.13780653,70312.805,0.4017881631153231,0.2453388318290984,1.4090742484969938
0.10179661,0.13837531,70144.531,0.4017881631153231,0.24759658415028546,1.4057020240480962
0.10179661,0.13886988,69997.062,0.4017881631153231,0.24955976247141054,1.402746733466934
0.10179661,0.13929996,69868.055,0.4017881631153231,0.2512669499925895,1.4001614228456913
0.10289694,0.012700033,70051.422,0.40615588457453733,-0.2512670333513552,1.403836112224449
0.10289694,0.013130104,70177.617,0.40615588457453733,-0.24955988155536155,1.4063650701402806
0.10289694,0.013624683,70321.992,0.40615588457453733,-0.2475966675090512,1.409258356713427
0.10289694,0.014193452,70486.945,0.40615588457453733,-0.24533895885197946,1.4125640280561125
0.10289694,0.014847536,70674.617,0.40615588457453733,-0.2427425952856597,1.41632498997996
0.10289694,0.015599731,70887.469,0.40615588457453733,-0.23975678353553603,1.4205905611222445
0.10289694,0.016464755,71128.742,0.40615588457453733,-0.23632310101526008,1.4254256913827654
0.10289694,0.017459536,71401.172,0.40615588457453733,-0.23237435262076162,1.4308852104208418
0.10289694,0.018603532,71708.359,0.40615588457453733,-0.2278333005014382,1.43704126252505
0.10289694,0.019919125,72053.852,0.40615588457453733,-0.22261110009093238,1.4439649699398798
0.10289694,0.021432059,72441.984,0.40615588457453733,-0.2166055614814473,1.4517431663326652
0.10289694,0.023171935,72878.078,0.40615588457453733,-0.20969918453855593,1.4604825250501001
0.10289694,0.025172791,73367.984,0.40615588457453733,-0.20175685661148193,1.4703002805611223
0.10289694,0.027373854,73894.992,0.40615588457453733,-0.19301981399864557,1.4808615631262525
0.10289694,0.029635537,74425.125,0.40615588457453733,-0.18404214241553887,1.4914854709418837
0.10289694,0.031897221,74943.727,0.40615588457453733,-0.17506446686296714,1.5018782965931863
0.10289694,0.0341589,75449.523,0.40615588457453733,-0.1660868111577206,1.5120144889779559
0.10289694,0.03642058,75939.109,0.40615588457453733,-0.15710915148300897,1.5218258316633266
0.10289694,0.03868226,76406.766,0.40615588457453733,-0.14813149180829735,1.5311977154308618
0.10289694,0.040943943,76845.297,0.40615588457453733,-0.13915382022519068,1.5399859118236474
0.10289694,0.043205626,77246.391,0.40615588457453733,-0.130176148642084,1.548023867735471
0.10289694,0.045467302,77599.414,0.40615588457453733,-0.1211985048452325,1.5550984769539078
0.10289694,0.047728986,77890.742,0.40615588457453733,-0.11222082929266075,1.5609367134268537
0.10289694,0.049990669,78114.812,0.40615588457453733,-0.10324315770955406,1.5654270941883768
0.10289694,0.052252345,78267.625,0.40615588457453733,-0.09426551391270259,1.5684894789579158
0.10289694,0.054514028,78346.359,0.40615588457453733,-0.08528784232959588,1.5700673146292585
0.10289694,0.056775711,78363.359,0.40615588457453733,-0.07631017074648919,1.5704079959919839
0.10289694,0.059037387,78335.0,0.40615588457453733,-0.06733252694963772,1.5698396793587175
0.10289694,0.061299071,78275.461,0.40615588457453733,-0.05835485139706599,1.568646513026052
0.10289694,0.063560754,78200.141,0.40615588457453733,-0.04937717981395929,1.5671370941883769
0.10289694,0.065822437,78125.766,0.40615588457453733,-0.04039950823085258,1.565646613226453
0.10289694,0.068084121,78056.008,0.40615588457453733,-0.03142183267828085,1.5642486573146293
0.10289694,0.070345797,78002.453,0.40615588457453733,-0.02244418888142936,1.5631754108216431
0.10289695,0.07260748,77960.258,0.4061559242691876,-0.013466517298322657,1.5623298196392785
0.10289695,0.074869156,77940.75,0.4061559242691876,-0.0044888735014711675,1.561938877755511
0.10289695,0.077130839,77936.898,0.4061559242691876,0.004488798081635535,1.5618616833667336
0.10289695,0.079392523,77954.227,0.4061559242691876,0.013466473634207268,1.5622089579158316
0.10289695,0.081654206,77990.867,0.4061559242691876,0.022444145217313916,1.5629432264529057
0.10289695,0.083915889,78039.242,0.4061559242691876,0.03142181680042062,1.5639126653306612
0.10289695,0.086177565,78102.266,0.4061559242691876,0.04039946059727211,1.5651756713426854
0.10289695,0.088439241,78171.039,0.4061559242691876,0.0493771043941236,1.5665538877755512
0.10289695,0.090700932,78243.352,0.4061559242691876,0.05835480773295054,1.5680030460921843
0.10289695,0.092962608,78307.719,0.4061559242691876,0.06733245152980204,1.5692929659318637
0.10289695,0.095224291,78343.234,0.4061559242691876,0.07631012311290873,1.5700046893787574
0.10289695,0.097485967,78334.781,0.4061559242691876,0.08528776690976023,1.5698352905811623
0.10289695,0.09974765,78264.68,0.4061559242691876,0.09426543849286688,1.5684304609218436
0.10289695,0.10200934,78122.688,0.4061559242691876,0.10324313786222884,1.5655849298597193
0.10289695,0.10427102,77909.273,0.4061559242691876,0.11222079753694046,1.5613080761523046
0.10289695,0.10653269,77627.297,0.4061559242691876,0.12119841751700171,1.5556572545090182
0.10289695,0.10879438,77281.648,0.4061559242691876,0.13017611688636363,1.5487304208416834
0.10289695,0.11105606,76884.219,0.4061559242691876,0.13915377656107525,1.5407659118236472
0.10289695,0.11331774,76448.422,0.4061559242691876,0.14813143623578684,1.53203250501002
0.10289695,0.11557943,75983.086,0.4061559242691876,0.15710913560514878,1.522707134268537
0.10289695,0.1178411,75495.094,0.4061559242691876,0.16608675558521008,1.5129277354709418
0.10289695,0.12010278,74989.883,0.4061559242691876,0.1750644152599217,1.5028032665330662
0.10289695,0.12236446,74471.75,0.4061559242691876,0.18404207493463323,1.4924198396793587
0.10289695,0.12462614,73941.781,0.4061559242691876,0.19301973460934485,1.4817992184368738
0.10289695,0.12682721,73414.445,0.4061559242691876,0.20175680500843643,1.471231362725451
0.10289695,0.12882806,72924.234,0.4061559242691876,0.20969910911872025,1.4614074949899798
0.10289695,0.13056794,72488.32,0.4061559242691876,0.21660550193947173,1.452671743486974
0.10289695,0.13208088,72100.852,0.4061559242691876,0.22261106436574704,1.4449068537074148
0.10289695,0.13339646,71756.141,0.4061559242691876,0.2278332131732074,1.4379988176352707
0.10289695,0.13454047,71449.93,0.4061559242691876,0.23237432086504128,1.4318623246492985
0.10289695,0.13553524,71178.43,0.4061559242691876,0.2363230255954244,1.4264214428857713
0.10289695,0.13640028,70938.18,0.4061559242691876,0.23975677162714093,1.4216068136272544
0.10289695,0.13715246,70726.266,0.4061559242691876,0.24274252383528908,1.4173600400801605
0.10289695,0.13780655,70539.445,0.4061559242691876,0.24533891121839901,1.413616132264529
0.10289695,0.13837531,70375.266,0.4061559242691876,0.24759658415028546,1.4103259719438879
0.10289695,0.1388699,70231.438,0.4061559242691876,0.24955984186071115,1.407443647294589
0.10289695,0.13929996,70105.773,0.4061559242691876,0.2512669499925895,1.4049253106212425
0.10389726,0.012700032,70230.555,0.4101266198358508,-0.25126703732082023,1.4074259519038075
0.10389726,0.013130097,70352.727,0.4101266198358508,-0.24955990934161676,1.4098742885771542
0.10389726,0.013624674,70492.594,0.4101266198358508,-0.2475967032342365,1.4126772344689378
0.10389726,0.014193436,70652.273,0.4101266198358508,-0.24533902236341998,1.4158772144288578
0.10389726,0.014847514,70834.383,0.4101266198358508,-0.24274268261389043,1.4195267134268537
0.10389726,0.015599703,71041.594,0.4101266198358508,-0.23975689468055694,1.4236792384769539
0.10389726,0.01646472,71276.516,0.4101266198358508,-0.2363232399465362,1.4283870941883767
0.10389726,0.017459489,71542.195,0.4101266198358508,-0.23237453918561815,1.4337113226452907
0.10389726,0.018603476,71842.016,0.4101266198358508,-0.22783352279148003,1.439719759519038
0.10389726,0.019919058,72179.938,0.4101266198358508,-0.22261136604508952,1.4464917434869737
0.10389726,0.021431979,72560.641,0.4101266198358508,-0.2166058790386499,1.4541210621242486
0.10389726,0.023171838,72989.695,0.4101266198358508,-0.2096995695766641,1.462719338677355
0.10389726,0.025172675,73473.242,0.4101266198358508,-0.20175731706942573,1.4724096593186373
0.10389726,0.027373733,73995.328,0.4101266198358508,-0.1930202943039145,1.4828723046092183
0.10389726,0.02963542,74522.586,0.4101266198358508,-0.1840426068429477,1.4934385971943887
0.10389726,0.031897109,75040.703,0.4101266198358508,-0.17506491144305078,1.5038217034068135
0.10389726,0.034158796,75548.789,0.4101266198358508,-0.16608722398208398,1.5140037875751504
0.10389726,0.036420483,76044.398,0.4101266198358508,-0.15710953652111714,1.5239358316633267
0.10389726,0.03868217,76523.117,0.4101266198358508,-0.14813184906015028,1.533529398797595
0.10389726,0.040943854,76979.266,0.4101266198358508,-0.13915417350757855,1.5426706613226453
0.10389726,0.043205544,77406.211,0.4101266198358508,-0.13017647413821665,1.5512266733466933
0.10389726,0.045467228,77795.289,0.4101266198358508,-0.1211987985856449,1.5590238276553108
0.10389726,0.047728915,78135.055,0.4101266198358508,-0.11222111112467809,1.565832765531062
0.10389726,0.049990602,78415.016,0.4101266198358508,-0.10324342366371123,1.5714432064128256
0.10389726,0.052252289,78627.711,0.4101266198358508,-0.09426573620274441,1.575705631262525
0.10389726,0.054513976,78768.812,0.4101266198358508,-0.08528804874177758,1.5785333066132266
0.10389726,0.056775663,78844.398,0.4101266198358508,-0.07631036128081076,1.5800480561122245
0.10389726,0.059037346,78866.297,0.4101266198358508,-0.06733268969770405,1.5804869138276554
0.10389726,0.061299033,78846.164,0.4101266198358508,-0.0583550022367372,1.5800834468937877
0.10389726,0.063560724,78798.883,0.4101266198358508,-0.04937729889791025,1.5791359318637275
0.10389726,0.065822408,78741.945,0.4101266198358508,-0.04039962334533852,1.5779948897795593
0.10389726,0.068084098,78681.883,0.4101266198358508,-0.0314219239759766,1.57679124248497
0.10389726,0.070345782,78631.961,0.4101266198358508,-0.02244424842340487,1.5757908016032063
0.10389726,0.072607473,78590.398,0.4101266198358508,-0.01346654508457787,1.574957875751503
0.10389726,0.074869156,78571.5,0.4101266198358508,-0.0044888735014711675,1.5745791583166333
0.10389726,0.077130839,78567.805,0.4101266198358508,0.004488798081635535,1.5745051102204408
0.10389726,0.07939253,78584.625,0.4101266198358508,0.013466501420462481,1.5748421843687375
0.10389726,0.081654221,78620.539,0.4101266198358508,0.02244420475928943,1.5755619038076154
0.10389726,0.083915904,78665.891,0.4101266198358508,0.03142187634239613,1.5764707615230462
0.10389726,0.086177595,78720.086,0.4101266198358508,0.040399579681223076,1.5775568336673347
0.10389726,0.088439271,78773.125,0.4101266198358508,0.049377223478074564,1.5786197394789578
0.10389726,0.090700969,78819.898,0.4101266198358508,0.05835495460315678,1.5795570741482967
0.10389726,0.092962652,78846.742,0.4101266198358508,0.06733262618626348,1.5800950300601202
0.10389726,0.095224343,78833.188,0.4101266198358508,0.07631032952509043,1.5798234068136272
0.10389726,0.097486019,78767.062,0.4101266198358508,0.08528797332194187,1.578498236472946
0.10389726,0.09974771,78635.523,0.4101266198358508,0.09426567666076886,1.5758621843687375
0.10389726,0.1020094,78433.82,0.4101266198358508,0.10324337603013078,1.5718200400801605
0.10389726,0.10427108,78164.398,0.4101266198358508,0.11222103570484239,1.5664208016032064
0.10389726,0.10653277,77832.727,0.4101266198358508,0.12119873507420431,1.5597740881763527
0.10389726,0.10879446,77448.914,0.4101266198358508,0.13017643444356622,1.5520824448897796
0.10389726,0.11105615,77024.641,0.4101266198358508,0.13915413381292818,1.54357997995992
0.10389727,0.11331783,76570.336,0.4101266595305011,0.14813179348763975,1.5344756713426853
0.10389727,0.11557952,76093.453,0.4101266595305011,0.1571094928570017,1.524918897795591
0.10389727,0.11784121,75599.094,0.4101266595305011,0.16608719222636364,1.515011903807615
0.10389727,0.12010289,75091.414,0.4101266595305011,0.17506485190107524,1.5048379559118237
0.10389727,0.12236458,74573.648,0.4101266595305011,0.18404255127043717,1.4944618837675352
0.10389727,0.12462627,74046.312,0.4101266595305011,0.19302025063979908,1.4838940280561124
0.10389727,0.12682733,73523.844,0.4101266595305011,0.2017572813442403,1.4734237274549098
0.10389727,0.12882815,73039.891,0.4101266595305011,0.2096994663705732,1.4637252705410821
0.10389727,0.13056803,72611.062,0.4101266595305011,0.2166058591913247,1.4551315030060121
0.10389727,0.13208094,72230.938,0.4101266595305011,0.22261130253364897,1.4475137875751503
0.10389727,0.13339652,71893.781,0.4101266595305011,0.22783345134110933,1.440757134268537
0.10389727,0.13454051,71594.805,0.4101266595305011,0.2323744796436426,1.434765631262525
0.10389727,0.13553528,71330.078,0.4101266595305011,0.23632318437402572,1.4294604809619238
0.10389727,0.1364003,71096.094,0.4101266595305011,0.23975685101644154,1.4247714228456914
0.10389727,0.13715248,70889.828,0.4101266595305011,0.24274260322458968,1.4206378356713425
0.10389727,0.13780656,70708.562,0.4101266595305011,0.2453389509130493,1.417005250501002
0.10389727,0.13837533,70549.641,0.4101266595305011,0.2475966635395861,1.4138204609218437
0.10389727,0.13886991,70410.344,0.4101266595305011,0.24955988155536155,1.4110289378757515
0.10389727,0.13929997,70288.656,0.4101266595305011,0.25126698968723976,1.4085903006012024
0.10480664,0.01270003,70372.125,0.4137363719471085,-0.2512670452597503,1.4102630260521043
0.10480664,0.013130093,70490.0,0.4137363719471085,-0.24955992521947695,1.412625250501002
0.10480664,0.013624664,70625.023,0.4137363719471085,-0.24759674292888684,1.415331122244489
0.10480664,0.014193423,70779.594,0.4137363719471085,-0.24533907396646543,1.4184287374749498
0.10480664,0.014847495,70955.969,0.4137363719471085,-0.24274275803372602,1.4219633066132265
0.10480664,0.015599677,71156.797,0.4137363719471085,-0.2397569978866478,1.4259879158316635
0.10480664,0.016464688,71384.906,0.4137363719471085,-0.23632336696941725,1.4305592384769539
0.10480664,0.017459448,71643.414,0.4137363719471085,-0.23237470193368448,1.4357397595190382
0.10480664,0.018603425,71935.883,0.4137363719471085,-0.22783372523419668,1.441600861723447
0.10480664,0.019918997,72266.359,0.4137363719471085,-0.2226116081824565,1.448223627254509
0.10480664,0.021431906,72639.633,0.4137363719471085,-0.2166061688095973,1.4557040681362725
0.10480664,0.023171751,73061.375,0.4137363719471085,-0.2096999149201219,1.4641558116232465
0.10480664,0.025172573,73538.125,0.4137363719471085,-0.20175772195485903,1.4737099198396792
0.10480664,0.027373623,74054.125,0.4137363719471085,-0.19302073094506808,1.4840506012024048
0.10480664,0.029635316,74576.5,0.4137363719471085,-0.1840430196673111,1.4945190380761524
0.10480664,0.031897008,75091.508,0.4137363719471085,-0.1750653123590191,1.5048398396793587
0.10480664,0.034158699,75598.75,0.4137363719471085,-0.1660876090201921,1.51500501002004
0.10480664,0.036420394,76096.531,0.4137363719471085,-0.15710988980350502,1.5249805811623247
0.10480664,0.038682085,76581.43,0.4137363719471085,-0.14813218646467807,1.5346979959919838
0.10480664,0.040943772,77049.188,0.4137363719471085,-0.1391544990037112,1.5440719038076152
0.10480664,0.04320547,77494.562,0.4137363719471085,-0.13017676787862903,1.552997234468938
0.10480664,0.045467157,77909.844,0.4137363719471085,-0.1211990804176622,1.5613195190380762
0.10480664,0.047728851,78283.039,0.4137363719471085,-0.11222136517044014,1.5687983767535072
0.10480664,0.049990542,78605.086,0.4137363719471085,-0.1032436618316132,1.5752522244488978
0.10480664,0.052252233,78869.703,0.4137363719471085,-0.09426595849278621,1.5805551703406813
0.10480664,0.054513924,79065.266,0.4137363719471085,-0.08528825515395927,1.5844742685370743
0.10480664,0.056775618,79194.805,0.4137363719471085,-0.07631053990673721,1.5870702404809618
0.10480664,0.059037313,79267.562,0.4137363719471085,-0.06733282069005012,1.5885282965931864
0.10480664,0.061299004,79290.984,0.4137363719471085,-0.05835511735122317,1.5889976753507014
0.10480664,0.063560694,79279.133,0.4137363719471085,-0.049377417981861224,1.5887601803607214
0.10480664,0.065822385,79247.586,0.4137363719471085,-0.040399714643034275,1.5881279759519038
0.10480664,0.068084076,79204.609,0.4137363719471085,-0.03142201130420733,1.5872667134268537
0.10480664,0.070345767,79164.273,0.4137363719471085,-0.022444307965380328,1.586458376753507
0.10480664,0.072607458,79128.344,0.4137363719471085,-0.013466604626553382,1.5857383567134269
0.10480664,0.074869156,79111.773,0.4137363719471085,-0.0044888735014711675,1.5854062725450901
0.10480664,0.077130847,79108.336,0.4137363719471085,0.004488829837355778,1.585337394789579
0.10480664,0.079392537,79122.984,0.4137363719471085,0.013466529206717695,1.5856309418837675
0.10480664,0.081654228,79153.641,0.4137363719471085,0.02244423254554464,1.5862453106212426
0.10480664,0.083915927,79189.969,0.4137363719471085,0.031421967640091884,1.5869733266533066
0.10480664,0.086177617,79228.57,0.4137363719471085,0.0403996670094538,1.5877468937875754
0.10480664,0.088439301,79258.203,0.4137363719471085,0.049377342562025535,1.5883407414829658
0.10480664,0.090700999,79271.602,0.4137363719471085,0.058355073687107746,1.588609258517034
0.10480664,0.09296269,79256.031,0.4137363719471085,0.0673327770259347,1.5882972144288579
0.10480664,0.09522438,79192.172,0.4137363719471085,0.0763104763952966,1.5870174749499
0.10480664,0.097486071,79072.25,0.4137363719471085,0.08528817973412356,1.5846142284569138
0.10480664,0.099747762,78886.727,0.4137363719471085,0.09426588307295056,1.5808963326653307
0.10480664,0.10200946,78633.07,0.4137363719471085,0.10324361419803271,1.5758130260521044
0.10480664,0.10427115,78320.07,0.4137363719471085,0.11222131356739469,1.569540480961924
0.10480664,0.10653284,77953.938,0.4137363719471085,0.1211990129367566,1.5622031663326652
0.10480664,0.10879453,77543.188,0.4137363719471085,0.13017671230611852,1.5539717034068135
0.10480665,0.11105622,77099.5,0.4137364116417588,0.13915441167548043,1.5450801603206412
0.10480665,0.11331791,76632.961,0.4137364116417588,0.14813211104484236,1.5357306813627254
0.10480665,0.11557961,76149.508,0.4137364116417588,0.15710985010885462,1.526042244488978
0.10480665,0.1178413,75652.695,0.4137364116417588,0.16608754947821655,1.5160860721442888
0.10480665,0.12010299,75145.805,0.4137364116417588,0.17506524884757851,1.5059279559118235
0.10480665,0.12236468,74631.016,0.4137364116417588,0.18404294821694042,1.4956115430861725
0.10480665,0.12462638,74108.531,0.4137364116417588,0.19302068728095265,1.4851409018036072
0.10480665,0.12682743,73592.344,0.4137364116417588,0.20175767829074356,1.4747964729458918
0.10480665,0.12882826,73115.414,0.4137364116417588,0.20969990301172678,1.46523875751503
0.10480665,0.1305681,72693.922,0.4137364116417588,0.21660613705387693,1.4567920240480963
0.10480665,0.132081,72321.297,0.4137364116417588,0.22261154070155093,1.4493245891783568
0.10480665,0.13339658,71991.578,0.4137364116417588,0.22783368950901128,1.4427169939879758
0.10480665,0.13454056,71699.922,0.4137364116417588,0.23237467811689422,1.4368721843687375
0.10480665,0.13553531,71442.266,0.4137364116417588,0.23632330345797664,1.43170873747495
0.10480665,0.13640033,71215.047,0.4137364116417588,0.23975697010039246,1.4271552505010021
0.10480665,0.13715251,71015.07,0.4137364116417588,0.2427427223085407,1.4231476953907818
0.10480665,0.13780658,70839.469,0.4137364116417588,0.24533903030235002,1.419628637274549
0.10480665,0.13837534,70685.617,0.4137364116417588,0.2475967032342365,1.4165454308617234
0.10480665,0.13886991,70551.148,0.4137364116417588,0.24955988155536155,1.4138506613226454
0.10480665,0.13929997,70433.648,0.4137364116417588,0.25126698968723976,1.4114959519038077
0.10563335,0.012700028,70486.82,0.4170179683841291,-0.25126705319868037,1.4125615230460924
0.10563335,0.013130088,70600.445,0.4170179683841291,-0.2495599450668021,1.4148385771543088
0.10563335,0.013624657,70730.875,0.4170179683841291,-0.24759677071514208,1.4174524048096193
0.10563335,0.01419341,70880.227,0.4170179683841291,-0.24533912556951082,1.4204454308617234
0.10563335,0.014847477,71050.984,0.4170179683841291,-0.24274282948409664,1.4238674148296593
0.10563335,0.015599655,71245.695,0.4170179683841291,-0.23975708521487848,1.4277694388777558
0.10563335,0.016464658,71467.258,0.4170179683841291,-0.23632348605336823,1.4322095791583167
0.10563335,0.017459411,71718.883,0.4170179683841291,-0.23237484880389067,1.4372521643286573
0.10563335,0.018603381,72004.281,0.4170179683841291,-0.2278338998906581,1.4429715631262525
0.10563335,0.019918941,72327.75,0.4170179683841291,-0.22261183047249836,1.4494539078156312
0.10563335,0.021431841,72693.922,0.4170179683841291,-0.2166064268248244,1.4567920240480963
0.10563335,0.023171671,73108.617,0.4170179683841291,-0.20970023247732453,1.4651025450901802
0.10563335,0.025172476,73578.305,0.4170179683841291,-0.20175810699296717,1.4745151302605208
0.10563335,0.027373524,74087.742,0.4170179683841291,-0.19302112392210632,1.4847242885771543
0.10563335,0.029635221,74604.781,0.4170179683841291,-0.18404339676648915,1.4950857915831663
0.10563335,0.031896919,75115.555,0.4170179683841291,-0.17506566564140696,1.505321743486974
0.10563336,0.034158614,75620.188,0.41701800807877937,-0.16608794642471988,1.515434629258517
0.10563336,0.036420308,76117.734,0.41701800807877937,-0.1571102311774978,1.5254054909819639
0.10563336,0.038682006,76605.672,0.41701800807877937,-0.14813250005241563,1.5351838076152307
0.10563336,0.040943701,77080.938,0.41701800807877937,-0.13915478083572855,1.5447081763527053
0.10563336,0.043205403,77539.156,0.41701800807877937,-0.1301770338327862,1.5538909018036073
0.10563336,0.045467097,77973.242,0.41701800807877937,-0.12119931858556417,1.5625900200400802
0.10563336,0.047728792,78372.031,0.41701800807877937,-0.11222159936887707,1.5705817835671343
0.10563336,0.04999049,78726.438,0.41701800807877937,-0.10324386824379488,1.5776841282565128
0.10563336,0.052252188,79029.633,0.41701800807877937,-0.09426613711871269,1.5837601803607215
0.10563336,0.054513879,79270.234,0.41701800807877937,-0.08528843377988572,1.5885818436873747
0.10563336,0.056775581,79448.5,0.41701800807877937,-0.07631068677694341,1.5921543086172345
0.10563336,0.059037276,79568.148,0.41701800807877937,-0.06733296756025632,1.5945520641282565
0.10563336,0.061298974,79634.227,0.41701800807877937,-0.05835523643517413,1.5958762925851704
0.10563336,0.063560672,79658.945,0.41701800807877937,-0.04937750531009195,1.5963716432865733
0.10563336,0.065822363,79656.055,0.41701800807877937,-0.040399801971265,1.5963137274549097
0.10563336,0.068084061,79634.312,0.41701800807877937,-0.03142207084618279,1.595877995991984
0.10563336,0.070345759,79608.062,0.41701800807877937,-0.022444339721100628,1.5953519438877757
0.10563336,0.072607458,79581.328,0.41701800807877937,-0.013466604626553382,1.5948161923847695
0.10563336,0.074869148,79568.82,0.41701800807877937,-0.0044889052571914665,1.5945655310621243
0.10563336,0.077130847,79565.828,0.41701800807877937,0.004488829837355778,1.5945055711422844
0.10563336,0.079392545,79576.625,0.41701800807877937,0.013466560962437937,1.5947219438877756
0.10563336,0.081654243,79598.844,0.41701800807877937,0.022444292087520152,1.5951672144288576
0.10563336,0.083915934,79621.688,0.41701800807877937,0.0314219954263471,1.59562501002004
0.10563336,0.086177632,79640.648,0.41701800807877937,0.04039972655142931,1.5960049699398797
0.10563336,0.08843933,79643.312,0.41701800807877937,0.04937745767651147,1.596058356713427
0.10563336,0.090701029,79621.766,0.41701800807877937,0.05835519277105872,1.5956265731462926
0.10563336,0.092962727,79564.477,0.41701800807877937,0.06733292389614087,1.594478496993988
0.10563336,0.095224425,79453.812,0.41701800807877937,0.07631065502122308,1.5922607615230462
0.10563336,0.097486123,79285.07,0.41701800807877937,0.08528838614630525,1.5888791583166335
0.10563336,0.099747822,79053.969,0.41701800807877937,0.09426612124085249,1.584247875751503
0.10563336,0.10200951,78760.758,0.41701800807877937,0.10324381267128435,1.5783719038076152
0.10563336,0.1042712,78414.883,0.41701800807877937,0.11222151204064626,1.5714405410821644
0.10563336,0.1065329,78022.398,0.41701800807877937,0.12119925110465854,1.563575110220441
0.10563336,0.1087946,77592.203,0.41701800807877937,0.13017699016867082,1.5549539679358717
0.10563336,0.1110563,77135.164,0.41701800807877937,0.13915472923268304,1.545794869739479
0.10563336,0.11331799,76660.672,0.41701800807877937,0.14813242860204495,1.5362860120240482
0.10563336,0.11557969,76173.617,0.41701800807877937,0.15711016766605723,1.526525390781563
0.10563336,0.11784139,75676.844,0.41701800807877937,0.16608790673006948,1.51657002004008
0.10563336,0.12010308,75172.406,0.41701800807877937,0.17506560609943142,1.5064610420841684
0.10563336,0.12236477,74661.867,0.41701800807877937,0.18404330546879333,1.4962297995991984
0.10563336,0.12462647,74144.93,0.41701800807877937,0.1930210445328056,1.4858703406813625
0.10563336,0.12682752,73635.227,0.41701800807877937,0.20175803554259653,1.4756558517034069
0.10563336,0.12882833,73165.469,0.41701800807877937,0.20970018087427902,1.4662418637274548
0.10563336,0.13056816,72751.148,0.41701800807877937,0.21660637522177886,1.4579388376753508
0.10563336,0.13208106,72385.633,0.41701800807877937,0.22261177886945285,1.4506138877755512
0.10563336,0.13339663,72062.945,0.41701800807877937,0.2278338879822629,1.4441471943887776
0.10563336,0.13454059,71778.344,0.41701800807877937,0.23237479720084514,1.43844376753507
0.10563336,0.13553534,71527.5,0.41701800807877937,0.23632342254192767,1.4334168336673347
0.10563336,0.13640034,71306.82,0.41701800807877937,0.23975700979504286,1.4289943887775554
0.10563336,0.13715252,71112.945,0.41701800807877937,0.242742762003191,1.425109118236473
0.10563336,0.13780659,70942.953,0.41701800807877937,0.24533906999700034,1.4217024649298595
0.10563336,0.13837534,70794.219,0.41701800807877937,0.2475967032342365,1.4187218236472945
0.10563336,0.13886991,70664.352,0.41701800807877937,0.24955988155536155,1.4161192785571142
0.10563336,0.13929997,70551.172,0.41701800807877937,0.25126698968723976,1.4138511422845692
0.1063849,0.012700026,70582.07,0.42000121982930677,-0.25126706113761044,1.4144703406813628
0.1063849,0.013130084,70691.719,0.42000121982930677,-0.2495599609446622,1.4166677154308616
0.1063849,0.013624649,70817.68,0.42000121982930677,-0.2475968024708623,1.4191919839679357
0.1063849,0.014193399,70962.125,0.42000121982930677,-0.24533916923362617,1.4220866733466935
0.1063849,0.014847461,71127.57,0.42000121982930677,-0.24274289299553714,1.4254022044088177
0.1063849,0.015599634,71316.523,0.42000121982930677,-0.23975716857364418,1.4291888376753508
0.1063849,0.016464632,71532.016,0.42000121982930677,-0.23632358925945907,1.4335073346693388
0.1063849,0.017459378,71777.305,0.42000121982930677,-0.23237497979623675,1.4384229458917834
0.1063849,0.018603338,72056.211,0.42000121982930677,-0.22783407057765453,1.4440122444889778
0.1063849,0.019918893,72372.906,0.42000121982930677,-0.2226120210068199,1.4503588376753507
0.1063849,0.021431779,72732.453,0.42000121982930677,-0.21660667293165642,1.4575641883767534
0.1063849,0.023171598,73140.484,0.42000121982930677,-0.2097005222482719,1.4657411623246492
0.1063849,0.02517239,73603.453,0.42000121982930677,-0.20175844836695997,1.4750190981963927
0.1063849,0.027373433,74106.445,0.42000121982930677,-0.19302148514342427,1.485099098196393
0.1063849,0.029635135,74617.812,0.42000121982930677,-0.18404373814048194,1.4953469338677357
0.1063849,0.031896833,75124.148,0.42000121982930677,-0.17506600701539976,1.5054939478957916
0.1063849,0.034158535,75625.742,0.42000121982930677,-0.16608826001245744,1.5155459318637274
0.1063849,0.036420237,76121.961,0.42000121982930677,-0.15711051300951512,1.5254902004008015
0.1063849,0.038681936,76611.25,0.42000121982930677,-0.1481327779149679,1.5352955911823647
0.1063849,0.040943637,77091.195,0.42000121982930677,-0.1391550348814906,1.54491372745491
0.1063849,0.043205339,77558.023,0.42000121982930677,-0.1301772878785483,1.554268997995992
0.1063849,0.045467038,78005.25,0.42000121982930677,-0.12119955278400107,1.5632314629258517
0.1063849,0.04772874,78422.922,0.42000121982930677,-0.11222180578105877,1.5716016432865734
0.1063849,0.049990438,78801.969,0.42000121982930677,-0.10324407465597657,1.5791977755511022
0.1063849,0.05225214,79135.859,0.42000121982930677,-0.09426632765303423,1.5858889579158315
0.1063849,0.054513842,79413.117,0.42000121982930677,-0.08528858065009193,1.591445230460922
0.1063849,0.056775544,79631.789,0.42000121982930677,-0.07631083364714962,1.5958274348697397
0.1063849,0.059037246,79792.477,0.42000121982930677,-0.06733308664420729,1.5990476352705412
0.1063849,0.061298944,79897.258,0.42000121982930677,-0.0583553555191251,1.6011474549098197
0.1063849,0.06356065,79956.086,0.42000121982930677,-0.04937759263832267,1.6023263727454908
0.1063849,0.065822348,79982.125,0.42000121982930677,-0.04039986151324045,1.6028481963927856
0.1063849,0.068084046,79982.836,0.42000121982930677,-0.0314221303881583,1.6028624448897795
0.1063849,0.070345752,79972.656,0.42000121982930677,-0.022444367507355838,1.6026584368737475
0.1063849,0.07260745,79956.617,0.42000121982930677,-0.013466636382273625,1.6023370140280562
0.1063849,0.074869148,79949.0,0.42000121982930677,-0.0044889052571914665,1.602184368737475
0.1063849,0.077130854,79946.414,0.42000121982930677,0.004488857623610991,1.6021325450901804
0.1063849,0.079392552,79952.711,0.42000121982930677,0.013466588748693204,1.6022587374749497
0.1063849,0.081654251,79965.07,0.42000121982930677,0.022444323843240396,1.6025064128256514
0.1063849,0.083915956,79972.672,0.42000121982930677,0.03142208275457782,1.6026587575150302
0.1063849,0.086177655,79970.562,0.42000121982930677,0.040399817849125066,1.6026164729458918
0.1063849,0.088439353,79945.672,0.42000121982930677,0.04937754897420722,1.6021176753507016
0.1063849,0.090701059,79891.156,0.42000121982930677,0.05835531185500968,1.6010251703406815
0.1063849,0.092962757,79795.75,0.42000121982930677,0.06733304298009184,1.5991132264529058
0.1063849,0.095224455,79644.0,0.42000121982930677,0.07631077410517406,1.5960721442885772
0.1063849,0.097486161,79434.555,0.42000121982930677,0.0852885369859765,1.5918748496993986
0.1063849,0.099747859,79166.195,0.42000121982930677,0.09426626811105868,1.5864968937875752
0.1063849,0.10200956,78841.273,0.42000121982930677,0.10324401114453598,1.5799854308617234
0.1063849,0.10427126,78470.008,0.42000121982930677,0.11222175020854826,1.572545250501002
0.1063849,0.10653296,78058.016,0.42000121982930677,0.12119948927256047,1.5642888977955913
0.1063849,0.10879466,77614.273,0.42000121982930677,0.13017722833657275,1.55539625250501
0.1063849,0.11105636,77148.336,0.42000121982930677,0.13915496740058503,1.5460588376753506
0.1063849,0.11331806,76668.953,0.42000121982930677,0.14813270646459725,1.5364519639278555
0.1063849,0.11557976,76180.312,0.42000121982930677,0.1571104455286095,1.5266595591182366
0.1063849,0.11784146,75684.625,0.42000121982930677,0.16608818459262173,1.5167259519038077
0.1063849,0.12010317,75183.227,0.42000121982930677,0.17506596335128433,1.5066778957915832
0.1063849,0.12236486,74677.07,0.42000121982930677,0.1840436627206463,1.496534468937876
0.1063849,0.12462656,74165.781,0.42000121982930677,0.19302140178465851,1.4862881963927856
0.1063849,0.12682761,73662.734,0.42000121982930677,0.2017583927944495,1.4762070941883767
0.1063849,0.12882841,73199.789,0.42000121982930677,0.20970049843148167,1.4669296392785571
0.1063849,0.13056821,72792.195,0.42000121982930677,0.2166065736950305,1.4587614228456915
0.1063849,0.13208111,72433.391,0.42000121982930677,0.2226119773427045,1.4515709619238477
0.1063849,0.13339666,72117.375,0.42000121982930677,0.22783400706621393,1.4452379759519038
0.1063849,0.13454062,71839.219,0.42000121982930677,0.23237491628479617,1.4396637074148295
0.1063849,0.13553536,71594.703,0.42000121982930677,0.23632350193122828,1.4347635871743485
0.1063849,0.13640036,71380.023,0.42000121982930677,0.23975708918434346,1.430461382765531
0.1063849,0.13715254,71191.844,0.42000121982930677,0.2427428413924916,1.426690260521042
0.1063849,0.13780659,71027.125,0.42000121982930677,0.24533906999700034,1.4233892785571143
0.1063849,0.13837534,70883.25,0.42000121982930677,0.2475967032342365,1.420506012024048
0.1063849,0.13886991,70757.805,0.42000121982930677,0.24955988155536155,1.4179920841683364
0.1063849,0.13929999,70648.547,0.42000121982930677,0.2512670690765405,1.4158025450901806
0.10706814,0.012700025,70662.734,0.4227133171181142,-0.25126706510707547,1.4160868537074147
0.10706814,0.013130079,70768.703,0.4227133171181142,-0.24955998079198735,1.4182104809619238
0.10706814,0.013624642,70890.602,0.4227133171181142,-0.24759683025711754,1.4206533466933868
0.10706814,0.014193389,71030.555,0.4227133171181142,-0.24533920892827651,1.423458016032064
0.10706814,0.014847447,71191.07,0.4227133171181142,-0.2427429485680476,1.4266747494989982
0.10706814,0.015599614,71374.758,0.4227133171181142,-0.23975724796294484,1.430355871743487
0.10706814,0.016464606,71584.664,0.4227133171181142,-0.23632369246554993,1.4345624048096193
0.10706814,0.017459348,71824.141,0.4227133171181142,-0.23237509888018773,1.4393615430861724
0.10706814,0.018603303,72096.984,0.4227133171181142,-0.22783420950893063,1.4448293386773547
0.10706814,0.019918848,72407.508,0.4227133171181142,-0.22261219963274634,1.4510522645290582
0.10706814,0.021431725,72760.789,0.4227133171181142,-0.21660688728276817,1.4581320440881764
0.10706814,0.023171533,73162.531,0.4227133171181142,-0.20970078026349903,1.466182985971944
0.10706814,0.025172312,73619.273,0.4227133171181142,-0.20175875798523252,1.475336132264529
0.10706814,0.027373351,74116.352,0.4227133171181142,-0.19302181063955692,1.4852976352705412
0.10706814,0.029635053,74622.375,0.4227133171181142,-0.1840440636366146,1.495438376753507
0.10706814,0.031896763,75124.273,0.4227133171181142,-0.17506628487795203,1.5054964529058117
0.10706814,0.034158465,75622.656,0.4227133171181142,-0.1660885378750097,1.5154840881763527
0.10706814,0.03642017,76117.227,0.4227133171181142,-0.1571107789636723,1.5253953306613226
0.10706814,0.038681872,76606.969,0.4227133171181142,-0.14813303196073,1.5352097995991982
0.10706814,0.040943578,77089.734,0.4227133171181142,-0.13915526907992753,1.5448844488977955
0.10706814,0.043205284,77562.328,0.4227133171181142,-0.1301775061991251,1.5543552705410821
0.10706814,0.045466989,78018.781,0.4227133171181142,-0.12119974728778767,1.563502625250501
0.10706814,0.047728695,78450.117,0.4227133171181142,-0.1122219844069852,1.572146633266533
0.10706814,0.049990397,78847.852,0.4227133171181142,-0.1032442374040429,1.5801172745490981
0.10706814,0.052252099,79205.922,0.4227133171181142,-0.09426649040110056,1.5872930260521043
0.10706814,0.054513805,79512.555,0.4227133171181142,-0.08528872752029813,1.5934379759519037
0.10706814,0.05677551,79764.32,0.4227133171181142,-0.07631096860896071,1.598483366733467
0.10706814,0.059037212,79959.25,0.4227133171181142,-0.0673332216060184,1.6023897795591182
0.10706814,0.061298922,80097.531,0.4227133171181142,-0.058355442847355825,1.6051609418837676
0.10706814,0.06356062,80187.508,0.4227133171181142,-0.049377711722273634,1.6069640881763527
0.10706814,0.065822326,80240.32,0.4227133171181142,-0.04039994884147118,1.6080224448897797
0.10706814,0.068084031,80263.109,0.4227133171181142,-0.03142218993013375,1.608479138276553
0.10706814,0.070345737,80268.859,0.4227133171181142,-0.022444427049331295,1.6085943687374749
0.10706814,0.072607443,80263.734,0.4227133171181142,-0.013466664168528894,1.6084916633266533
0.10706814,0.074869148,80261.305,0.4227133171181142,-0.0044889052571914665,1.6084429859719438
0.10706814,0.077130854,80259.133,0.4227133171181142,0.004488857623610991,1.6083994589178356
0.10706814,0.07939256,80260.727,0.4227133171181142,0.013466620504413449,1.6084314028056113
0.10706814,0.081654258,80262.953,0.4227133171181142,0.022444351629495606,1.608476012024048
0.10706814,0.083915971,80255.477,0.4227133171181142,0.03142214229655333,1.6083261923847696
0.10706814,0.086177677,80232.688,0.4227133171181142,0.040399905177355734,1.6078694989979958
0.10706814,0.088439375,80181.875,0.4227133171181142,0.04937763630243795,1.6068512024048096
0.10706814,0.090701081,80097.305,0.4227133171181142,0.058355399183240404,1.6051564128256512
0.10706814,0.092962787,79968.578,0.4227133171181142,0.06733316206404287,1.6025767134268536
0.10706814,0.095224485,79782.578,0.4227133171181142,0.07631089318912503,1.598849258517034
0.10706814,0.09748619,79539.5,0.4227133171181142,0.08528865210046245,1.5939779559118237
0.10706814,0.099747896,79241.141,0.4227133171181142,0.09426641498126491,1.5879988176352706
0.10706814,0.10200961,78891.109,0.4227133171181142,0.1032442096177876,1.5809841482965932
0.10706814,0.10427132,78500.328,0.4227133171181142,0.11222198837645019,1.5731528657314628
0.10706814,0.10653301,78074.047,0.4227133171181142,0.1211996877458121,1.5646101603206415
0.10706814,0.10879472,77620.773,0.4227133171181142,0.13017746650447468,1.555526513026052
0.10706814,0.11105642,77149.023,0.4227133171181142,0.13915520556848696,1.5460726052104208
0.10706814,0.11331812,76666.742,0.4227133171181142,0.14813294463249918,1.5364076553106212
0.10706814,0.11557983,76177.586,0.4227133171181142,0.15711072339116175,1.5266049298597193
0.10706814,0.11784154,75683.391,0.4227133171181142,0.16608850214982435,1.51670122244489
0.10706814,0.12010324,75185.188,0.4227133171181142,0.1750662412138366,1.5067171943887774
0.10706814,0.12236495,74683.547,0.4227133171181142,0.1840440199724992,1.4966642685370743
0.10706814,0.12462665,74177.688,0.4227133171181142,0.19302175903651148,1.4865268136272545
0.10706814,0.12682769,73680.766,0.4227133171181142,0.20175871035165202,1.4765684569138278
0.10706814,0.12882847,73224.203,0.4227133171181142,0.2097007365993836,1.467418897795591
0.10706814,0.13056827,72822.977,0.4227133171181142,0.21660681186293243,1.4593782965931863
0.10706814,0.13208115,72470.445,0.4227133171181142,0.22261213612130581,1.4523135270541083
0.10706814,0.1333967,72160.664,0.4227133171181142,0.22783416584481525,1.446105490981964
0.10706814,0.13454066,71888.578,0.4227133171181142,0.2323750750633975,1.4406528657314628
0.10706814,0.13553539,71649.859,0.4227133171181142,0.23632362101517929,1.4358689178356714
0.10706814,0.13640039,71440.734,0.4227133171181142,0.2397572082682945,1.4316780360721442
0.10706814,0.13715255,71257.781,0.4227133171181142,0.24274288108714204,1.4280116432865733
0.10706814,0.13780661,71097.945,0.4227133171181142,0.24533914938630094,1.4248085170340683
0.10706814,0.13837536,70958.594,0.4227133171181142,0.2475967826235371,1.4220159118236473
0.10706814,0.13886993,70837.172,0.4227133171181142,0.24955996094466215,1.419582605210421
0.10706814,0.13929999,70731.531,0.4227133171181142,0.2512670690765405,1.4174655511022045
0.10768925,0.012700024,70732.609,0.4251787915444522,-0.2512670690765405,1.4174871543086172
0.10768925,0.013130076,70835.242,0.4251787915444522,-0.24955999270038245,1.4195439278557114
0.10768925,0.013624636,70953.398,0.4251787915444522,-0.24759685407390775,1.4219117835671342
0.10768925,0.014193379,71089.258,0.4251787915444522,-0.24533924862292683,1.4246344288577155
0.10768925,0.014847434,71245.258,0.4251787915444522,-0.24274300017109302,1.4277606813627255
0.10768925,0.015599597,71424.109,0.4251787915444522,-0.2397573154438504,1.4313448697394788
0.10768925,0.016464585,71628.945,0.4251787915444522,-0.2363237758243156,1.4354497995991986
0.10768925,0.01745932,71863.031,0.4251787915444522,-0.23237521002520864,1.4401409018036073
0.10768925,0.018603267,72130.352,0.4251787915444522,-0.22783435240967181,1.4454980360721443
0.10768925,0.019918803,72435.195,0.4251787915444522,-0.22261237825867283,1.451607114228457
0.10768925,0.021431673,72782.617,0.4251787915444522,-0.21660709369494988,1.4585694789579158
0.10768925,0.023171471,73178.469,0.4251787915444522,-0.20970102637033106,1.466502384769539
0.10768925,0.025172241,73629.414,0.4251787915444522,-0.20175903981724982,1.475539358717435
0.10768925,0.027373275,74121.055,0.4251787915444522,-0.1930221123188994,1.4853918837675348
0.10768925,0.029634982,74622.336,0.4251787915444522,-0.1840443454686319,1.4954375951903807
0.10768925,0.031896692,75120.188,0.4251787915444522,-0.17506656670996934,1.5054145891783566
0.10768925,0.034158401,75615.516,0.4251787915444522,-0.1660887919207718,1.5153410020040081
0.10768925,0.036420107,76108.172,0.4251787915444522,-0.15711102903996935,1.525213867735471
0.10768925,0.038681816,76597.656,0.4251787915444522,-0.14813325425077178,1.5350231663326654
0.10768925,0.040943522,77082.055,0.4251787915444522,-0.13915549136996935,1.5447305611222444
0.10768925,0.043205231,77558.422,0.4251787915444522,-0.13017771658077182,1.5542769939879761
0.10768925,0.045466937,78021.203,0.4251787915444522,-0.12119995369996936,1.5635511623246492
0.10768925,0.04772865,78462.57,0.4251787915444522,-0.11222216303291169,1.5723961923847696
0.10768925,0.049990356,78874.453,0.4251787915444522,-0.10324440015210923,1.5806503607214428
0.10768925,0.052252062,79251.453,0.4251787915444522,-0.09426663727130677,1.5882054709418836
0.10768925,0.054513775,79581.453,0.4251787915444522,-0.08528884660424911,1.5948186973947895
0.10768925,0.056775481,79859.867,0.4251787915444522,-0.07631108372344665,1.600398136272545
0.10768925,0.05903719,80083.328,0.4251787915444522,-0.0673333089342491,1.6048763126252503
0.10768925,0.061298896,80249.969,0.4251787915444522,-0.05835554605344667,1.6082158116232463
0.10768925,0.063560605,80367.055,0.4251787915444522,-0.049377771264249096,1.6105622244488977
0.10768925,0.065822318,80443.688,0.4251787915444522,-0.04039998059719142,1.6120979559118236
0.10768925,0.068084024,80486.797,0.4251787915444522,-0.031422217716388964,1.612961863727455
0.10768925,0.07034573,80507.234,0.4251787915444522,-0.022444454835586564,1.6133714228456912
0.10768925,0.072607435,80512.602,0.4251787915444522,-0.013466695924249136,1.613478997995992
0.10768925,0.074869141,80515.414,0.4251787915444522,-0.004488933043446679,1.613535350701403
0.10768925,0.077130854,80513.656,0.4251787915444522,0.004488857623610991,1.613500120240481
0.10768925,0.079392567,80510.57,0.4251787915444522,0.013466648290668662,1.6134382765531063
0.10768925,0.081654266,80503.039,0.4251787915444522,0.022444383385215906,1.6132873547094189
0.10768925,0.083915979,80481.602,0.4251787915444522,0.03142217405227358,1.612857755511022
0.10768925,0.086177684,80439.602,0.4251787915444522,0.040399932963611,1.6120160721442887
0.10768925,0.08843939,80365.914,0.4251787915444522,0.04937769584441346,1.610539358717435
0.10768925,0.090701103,80254.859,0.4251787915444522,0.05835548651147113,1.6083138076152304
0.10768925,0.092962809,80097.992,0.4251787915444522,0.06733324939227353,1.6051701803607215
0.10768925,0.095224515,79883.242,0.4251787915444522,0.07631101227307599,1.6008665731462925
0.10768925,0.09748622,79613.086,0.4251787915444522,0.08528877118441341,1.595452625250501
0.10768925,0.099747941,79290.883,0.4251787915444522,0.09426659360719139,1.5889956513026053
0.10768925,0.10200965,78921.102,0.4251787915444522,0.10324436839638888,1.5815852104208417
0.10768925,0.10427135,78515.398,0.4251787915444522,0.11222210746040115,1.573454869739479
0.10768925,0.10653307,78078.562,0.4251787915444522,0.12119992591371404,1.5647006412825653
0.10768925,0.10879477,77618.633,0.4251787915444522,0.13017766497772632,1.555483627254509
0.10768925,0.11105648,77143.148,0.4251787915444522,0.13915544373638888,1.545954869739479
0.10768925,0.11331818,76659.352,0.4251787915444522,0.14813318280040116,1.5362595591182364
0.10768925,0.11557989,76170.391,0.4251787915444522,0.15711096155906373,1.526460741482966
0.10768925,0.1178416,75678.023,0.4251787915444522,0.16608874031772633,1.5165936472945891
0.10768925,0.12010331,75182.922,0.4251787915444522,0.1750665190763889,1.5066717835671344
0.10768925,0.12236501,74685.359,0.4251787915444522,0.18404425814040112,1.4967005811623246
0.10768925,0.12462673,74184.406,0.4251787915444522,0.19302207659371406,1.4866614428857716
0.10768925,0.12682775,73692.984,0.4251787915444522,0.20175894851955398,1.4768133066132263
0.10768925,0.12882853,73242.344,0.4251787915444522,0.20970097476728555,1.4677824448897796
0.10768925,0.13056833,72847.086,0.4251787915444522,0.21660705003083447,1.4598614428857715
0.10768925,0.1320812,72500.453,0.4251787915444522,0.22261233459455743,1.452914889779559
0.10768925,0.13339673,72196.414,0.4251787915444522,0.22783428492876617,1.4468219238476954
0.10768925,0.13454068,71929.844,0.4251787915444522,0.2323751544526981,1.4414798396793587
0.10768925,0.13553542,71696.492,0.4251787915444522,0.2363237400991302,1.4368034468937876
0.10768925,0.1364004,71492.445,0.4251787915444522,0.2397572479629448,1.4327143286573147
0.10768925,0.13715257,71314.227,0.4251787915444522,0.24274296047644264,1.4291428256513026
0.10768925,0.13780662,71158.859,0.4251787915444522,0.24533918908095123,1.426029238476954
0.10768925,0.13837537,71023.555,0.4251787915444522,0.24759682231818742,1.4233177354709416
0.10768925,0.13886993,70905.852,0.4251787915444522,0.24955996094466215,1.4209589579158317
0.10768925,0.13929999,70803.586,0.4251787915444522,0.2512670690765405,1.4189095390781563
0.10828502,0.012700024,70797.789,0.4275436797268665,-0.2512670690765405,1.4187933667334671
0.10828502,0.013130074,70897.336,0.4275436797268665,-0.24956000063931252,1.4207882965931864
0.10828502,0.013624634,71012.062,0.4275436797268665,-0.24759686201283782,1.4230874148296595
0.10828502,0.014193377,71144.102,0.4275436797268665,-0.2453392565618569,1.425733507014028
0.10828502,0.014847429,71295.922,0.4275436797268665,-0.2427430200184182,1.428775991983968
0.10828502,0.015599592,71470.211,0.4275436797268665,-0.23975733529117554,1.43226875751503
0.10828502,0.016464578,71670.133,0.4275436797268665,-0.23632380361057084,1.4362752104208416
0.10828502,0.017459312,71899.055,0.4275436797268665,-0.2323752417809289,1.4408628256513025
0.10828502,0.018603256,72160.914,0.4275436797268665,-0.2278343960737872,1.4461105010020041
0.10828502,0.019918792,72460.203,0.4275436797268665,-0.22261242192278816,1.4521082765531061
0.10828502,0.021431658,72801.945,0.4275436797268665,-0.21660715323692536,1.4589568136272546
0.10828502,0.023171455,73192.023,0.4275436797268665,-0.20970108988177155,1.466774008016032
0.10828502,0.025172221,73637.172,0.4275436797268665,-0.20175911920655046,1.4756948296593189
0.10828502,0.027373252,74123.414,0.4275436797268665,-0.19302220361659514,1.4854391583166333
0.10828502,0.029634962,74620.078,0.4275436797268665,-0.18404442485793257,1.4953923446893786
0.10828502,0.031896673,75114.266,0.4275436797268665,-0.17506664212980497,1.5052959118236473
0.10828502,0.034158383,75606.602,0.4275436797268665,-0.16608886337114237,1.515162364729459
0.10828502,0.036420088,76097.359,0.4275436797268665,-0.15711110445980495,1.5249971743486974
0.10828502,0.038681798,76586.039,0.4275436797268665,-0.14813332570114238,1.534790360721443
0.10828502,0.040943507,77070.898,0.4275436797268665,-0.13915555091194484,1.5445069739478958
0.10828502,0.043205217,77549.477,0.4275436797268665,-0.13017777215328227,1.5540977354709418
0.10828502,0.045466926,78016.734,0.4275436797268665,-0.12119999736408472,1.5634616032064128
0.10828502,0.047728635,78465.734,0.4275436797268665,-0.11222222257488718,1.5724595991983967
0.10828502,0.049990341,78888.961,0.4275436797268665,-0.10324445969408472,1.5809411022044086
0.10828502,0.052252054,79281.477,0.4275436797268665,-0.09426666902702704,1.5888071543086173
0.10828502,0.054513764,79630.938,0.4275436797268665,-0.08528889026836446,1.595810380761523
0.10828502,0.056775477,79931.984,0.4275436797268665,-0.0763110996013068,1.6018433667334668
0.10828502,0.059037179,80179.883,0.4275436797268665,-0.06733335259836447,1.6068112825651304
0.10828502,0.061298888,80371.898,0.4275436797268665,-0.05835557780916691,1.6106592785571143
0.10828502,0.063560605,80513.117,0.4275436797268665,-0.049377771264249096,1.6134893186372745
0.10828502,0.065822311,80611.523,0.4275436797268665,-0.04040000838344669,1.615461382765531
0.10828502,0.068084016,80673.383,0.4275436797268665,-0.03142224947210927,1.6167010621242486
0.10828502,0.07034573,80708.258,0.4275436797268665,-0.022444454835586564,1.6173999599198396
0.10828502,0.072607443,80724.016,0.4275436797268665,-0.013466664168528894,1.617715751503006
0.10828502,0.074869141,80732.164,0.4275436797268665,-0.004488933043446679,1.6178790380761523
0.10828502,0.077130854,80730.812,0.4275436797268665,0.004488857623610991,1.6178519438877756
0.10828502,0.079392567,80722.914,0.4275436797268665,0.013466648290668662,1.6176936673346693
0.10828502,0.081654266,80705.75,0.4275436797268665,0.022444383385215906,1.6173496993987977
0.10828502,0.083915979,80670.625,0.4275436797268665,0.03142217405227358,1.6166457915831662
0.10828502,0.086177692,80610.773,0.4275436797268665,0.040399964719331244,1.6154463527054108
0.10828502,0.088439405,80516.133,0.4275436797268665,0.049377755386388916,1.613549759519038
0.10828502,0.090701111,80381.336,0.4275436797268665,0.058355518267191375,1.6108484168336672
0.10828502,0.092962816,80199.258,0.4275436797268665,0.0673332771785288,1.6071995591182364
0.10828502,0.09522453,79959.852,0.4275436797268665,0.0763110718150515,1.6024018436873748
0.10828502,0.097486235,79666.672,0.4275436797268665,0.08528883072638893,1.5965264929859722
0.10828502,0.099747948,79324.508,0.4275436797268665,0.0942666213934466,1.589669498997996
0.10828502,0.10200966,78938.469,0.4275436797268665,0.10324440809103924,1.5819332464929858
0.10828502,0.10427137,78520.766,0.4275436797268665,0.11222218684970182,1.5735624448897796
0.10828502,0.10653307,78075.766,0.4275436797268665,0.12119992591371404,1.564644609218437
0.10828502,0.10879479,77611.039,0.4275436797268665,0.13017774436702698,1.5553314428857716
0.10828502,0.11105649,77133.305,0.4275436797268665,0.1391554834310392,1.5457576152304608
0.10828502,0.1133182,76649.094,0.4275436797268665,0.14813326218970177,1.5360539879759518
0.10828502,0.11557992,76160.984,0.4275436797268665,0.1571110806430147,1.5262722244488978
0.10828502,0.11784162,75670.633,0.4275436797268665,0.16608881970702694,1.5164455511022044
0.10828502,0.12010333,75178.539,0.4275436797268665,0.1750665984656895,1.5065839478957916
0.10828502,0.12236504,74684.727,0.4275436797268665,0.1840443772243521,1.4966879158316633
0.10828502,0.12462675,74188.445,0.4275436797268665,0.19302215598301467,1.4867423847695391
0.10828502,0.12682779,73702.398,0.4275436797268665,0.2017591072981553,1.4770019639278558
0.10828502,0.12882854,73257.602,0.4275436797268665,0.20970101446193584,1.4680882164328657
0.10828502,0.13056834,72868.156,0.4275436797268665,0.21660708972548479,1.4602836873747496
0.10828502,0.13208121,72527.258,0.4275436797268665,0.22261237428920774,1.4534520641282564
0.10828502,0.13339674,72228.766,0.4275436797268665,0.22783432462341657,1.447470260521042
0.10828502,0.13454069,71967.648,0.4275436797268665,0.2323751941473484,1.4422374348697395
0.10828502,0.13553542,71739.414,0.4275436797268665,0.2363237400991302,1.4376636072144289
0.10828502,0.1364004,71540.273,0.4275436797268665,0.2397572479629448,1.4336728056112225
0.10828502,0.13715257,71366.664,0.4275436797268665,0.24274296047644264,1.4301936673346693
0.10828502,0.13780662,71215.5,0.4275436797268665,0.24533918908095123,1.4271643286573146
0.10828502,0.13837537,71083.992,0.4275436797268665,0.24759682231818742,1.4245288977955912
0.10828502,0.13886993,70969.773,0.4275436797268665,0.24955996094466215,1.4222399398797596
0.10828502,0.13929999,70870.586,0.4275436797268665,0.2512670690765405,1.4202522244488978
0.10893002,0.012700024,70867.031,0.43010398467283106,-0.2512670690765405,1.420180981963928
0.10893002,0.013130075,70963.367,0.43010398467283106,-0.2495599966698475,1.4221115631262524
0.10893002,0.013624636,71074.508,0.43010398467283106,-0.24759685407390775,1.4243388376753507
0.10893002,0.01419338,71202.531,0.43010398467283106,-0.2453392446534618,1.4269044288577155
0.10893002,0.014847435,71349.898,0.43010398467283106,-0.24274299620162798,1.4298576753507015
0.10893002,0.015599599,71519.328,0.43010398467283106,-0.23975730750492033,1.4332530661322644
0.10893002,0.016464587,71713.898,0.43010398467283106,-0.23632376788538553,1.4371522645290582
0.10893002,0.017459324,71937.156,0.43010398467283106,-0.2323751941473485,1.441626372745491
0.10893002,0.018603269,72193.055,0.43010398467283106,-0.22783434447074175,1.4467546092184367
0.10893002,0.019918811,72486.133,0.43010398467283106,-0.22261234650295256,1.4526279158316633
0.10893002,0.021431679,72821.57,0.43010398467283106,-0.2166070698781597,1.459350100200401
0.10893002,0.023171479,73205.383,0.43010398467283106,-0.2097009946146108,1.467041743486974
0.10893002,0.025172248,73644.203,0.43010398467283106,-0.20175901203099458,1.4758357314629258
0.10893002,0.027373282,74124.492,0.43010398467283106,-0.1930220845326442,1.485460761523046
0.10893002,0.02963499,74616.07,0.43010398467283106,-0.18404431371291166,1.4953120240480964
0.10893002,0.031896695,75106.102,0.43010398467283106,-0.17506655480157424,1.5051323046092184
0.10893002,0.034158401,75595.258,0.43010398467283106,-0.1660887919207718,1.5149350300601203
0.10893002,0.036420114,76083.734,0.43010398467283106,-0.1571110012537141,1.524724128256513
0.10893002,0.03868182,76571.023,0.43010398467283106,-0.14813323837291167,1.5344894388777555
0.10893002,0.040943526,77055.602,0.43010398467283106,-0.13915547549210922,1.5442004408817636
0.10893002,0.043205235,77535.336,0.43010398467283106,-0.13017770070291168,1.5538143486973948
0.10893002,0.045466945,78005.852,0.43010398467283106,-0.12119992194424908,1.5632435270541083
0.10893002,0.047728654,78461.273,0.43010398467283106,-0.11222214715505154,1.5723702004008016
0.10893002,0.04999036,78894.539,0.43010398467283106,-0.10324438427424912,1.5810528857715431
0.10893002,0.052252069,79301.094,0.43010398467283106,-0.09426660948505157,1.5892002805611223
0.10893002,0.054513779,79668.508,0.43010398467283106,-0.08528883072638899,1.5965632865731463
0.10893002,0.056775481,79990.766,0.43010398467283106,-0.07631108372344665,1.603021362725451
0.10893002,0.05903719,80262.008,0.43010398467283106,-0.0673333089342491,1.6084570741482966
0.10893002,0.061298899,80478.688,0.43010398467283106,-0.058355534145051575,1.6127993587174347
0.10893002,0.063560605,80643.906,0.43010398467283106,-0.049377771264249096,1.6161103406813628
0.10893002,0.065822318,80764.484,0.43010398467283106,-0.04039998059719142,1.6185267334669338
0.10893002,0.068084031,80845.523,0.43010398467283106,-0.03142218993013375,1.6201507615230462
0.10893002,0.07034573,80896.617,0.43010398467283106,-0.022444454835586564,1.6211746893787575
0.10893002,0.072607443,80923.594,0.43010398467283106,-0.013466664168528894,1.6217153106212425
0.10893002,0.074869141,80937.609,0.43010398467283106,-0.004488933043446679,1.6219961723446894
0.10893002,0.077130854,80936.703,0.43010398467283106,0.004488857623610991,1.621978016032064
0.10893002,0.079392567,80923.57,0.43010398467283106,0.013466648290668662,1.6217148296593187
0.10893002,0.081654266,80896.0,0.43010398467283106,0.022444383385215906,1.6211623246492985
0.10893002,0.083915979,80845.625,0.43010398467283106,0.03142217405227358,1.6201528056112224
0.10893002,0.086177677,80767.312,0.43010398467283106,0.040399905177355734,1.6185834068136273
0.10893002,0.08843939,80651.234,0.43010398467283106,0.04937769584441346,1.6162571943887776
0.10893002,0.090701103,80492.961,0.43010398467283106,0.05835548651147113,1.613085390781563
0.10893002,0.092962809,80286.047,0.43010398467283106,0.06733324939227353,1.6089388176352706
0.10893002,0.095224515,80022.945,0.43010398467283106,0.07631101227307599,1.60366623246493
0.10893002,0.09748622,79708.219,0.43010398467283106,0.08528877118441341,1.5973590981963928
0.10893002,0.099747933,79347.641,0.43010398467283106,0.09426656185147109,1.5901330861723448
0.10893002,0.10200965,78946.898,0.43010398467283106,0.10324436839638888,1.5821021643286572
0.10893002,0.10427134,78518.453,0.43010398467283106,0.11222206776575085,1.5735160921843687
0.10893002,0.10653306,78066.523,0.43010398467283106,0.12119988621906373,1.564459378757515
0.10893002,0.10879476,77598.18,0.43010398467283106,0.130177625283076,1.5550737474949898
0.10893002,0.11105647,77119.258,0.43010398467283106,0.1391554040417386,1.545476112224449
0.10893002,0.11331818,76635.469,0.43010398467283106,0.14813318280040116,1.5357809418837676
0.10893002,0.11557989,76148.891,0.43010398467283106,0.15711096155906373,1.526029879759519
0.10893002,0.11784159,75660.922,0.43010398467283106,0.16608870062307596,1.5162509418837677
0.10893002,0.1201033,75172.078,0.43010398467283106,0.17506647938173855,1.5064544689378756
0.10893002,0.12236501,74682.516,0.43010398467283106,0.18404425814040112,1.496643607214429
0.10893002,0.12462672,74191.336,0.43010398467283106,0.1930220368990637,1.4868003206412825
0.10893002,0.12682776,73711.336,0.43010398467283106,0.20175898821420438,1.4771810821643285
0.10893002,0.12882853,73272.914,0.43010398467283106,0.20970097476728555,1.4683950701402806
0.10893002,0.13056833,72889.836,0.43010398467283106,0.21660705003083447,1.4607181563126252
0.10893002,0.13208118,72555.234,0.43010398467283106,0.2226122552052567,1.4540127054108216
0.10893002,0.13339673,72262.953,0.43010398467283106,0.22783428492876617,1.448155370741483
0.10893002,0.13454068,72007.805,0.43010398467283106,0.2323751544526981,1.4430421843687373
0.10893002,0.13553542,71785.297,0.43010398467283106,0.2363237400991302,1.438583106212425
0.10893002,0.1364004,71591.453,0.43010398467283106,0.2397572479629448,1.4346984569138275
0.10893002,0.13715257,71422.742,0.43010398467283106,0.24274296047644264,1.4313174749498998
0.10893002,0.13780662,71276.031,0.43010398467283106,0.24533918908095123,1.428377374749499
0.10893002,0.13837537,71148.57,0.43010398467283106,0.24759682231818742,1.4258230460921846
0.10893002,0.13886993,71037.914,0.43010398467283106,0.24955996094466215,1.423605490981964
0.10893002,0.13929999,70941.945,0.43010398467283106,0.2512670690765405,1.4216822645290583
0.10967177,0.012700024,70945.883,0.43304833536069026,-0.2512670690765405,1.4217611823647296
0.10967177,0.013130078,71038.758,0.43304833536069026,-0.24955998476145239,1.4236224048096193
0.10967177,0.013624638,71145.922,0.43304833536069026,-0.24759684613497768,1.42576997995992
0.10967177,0.014193384,71269.516,0.43304833536069026,-0.24533922877560166,1.4282468136272546
0.10967177,0.014847441,71411.945,0.43304833536069026,-0.24274297238483777,1.431101102204409
0.10967177,0.015599606,71575.945,0.43304833536069026,-0.2397572797186651,1.4343876753507014
0.10967177,0.016464597,71764.508,0.43304833536069026,-0.23632372819073522,1.4381664929859719
0.10967177,0.017459335,71981.258,0.43304833536069026,-0.23237515048323315,1.4425101803607214
0.10967177,0.018603284,72230.188,0.43304833536069026,-0.22783428492876628,1.44749875751503
0.10967177,0.019918825,72515.992,0.43304833536069026,-0.2226122909304421,1.4532262925851702
0.10967177,0.021431699,72843.984,0.43304833536069026,-0.21660699048885904,1.459799278557114
0.10967177,0.023171505,73220.336,0.43304833536069026,-0.20970089140851997,1.467341402805611
0.10967177,0.02517228,73651.844,0.43304833536069026,-0.20175888500811356,1.4759888577154308
0.10967177,0.027373314,74125.234,0.43304833536069026,-0.19302195750976314,1.485475631262525
0.10967177,0.02963502,74610.75,0.43304833536069026,-0.18404419462896068,1.4952054108216433
0.10967177,0.031896729,75095.898,0.43304833536069026,-0.17506641983976315,1.5049278156312627
0.10967177,0.034158435,75581.016,0.43304833536069026,-0.1660886569589607,1.514649619238477
0.10967177,0.03642014,76066.43,0.43304833536069026,-0.1571108980476233,1.5243773547094186
0.10967177,0.03868185,76551.461,0.43304833536069026,-0.1481331192889607,1.5340974148296593
0.10967177,0.040943552,77034.82,0.43304833536069026,-0.13915537228601838,1.5437839679358718
0.10967177,0.043205261,77514.773,0.43304833536069026,-0.1301775974968208,1.5534022645290582
0.10967177,0.045466963,77987.641,0.43304833536069026,-0.12119985049387852,1.5628785771543088
0.10967177,0.047728673,78448.531,0.43304833536069026,-0.11222207173521594,1.5721148496993989
0.10967177,0.049990378,78890.977,0.43304833536069026,-0.10324431282387851,1.580981503006012
0.10967177,0.052252084,79310.438,0.43304833536069026,-0.09426654994307608,1.58938753507014
0.10967177,0.05451379,79694.68,0.43304833536069026,-0.08528878706227362,1.5970877755511022
0.10967177,0.056775495,80037.062,0.43304833536069026,-0.0763110281509362,1.6039491382765532
0.10967177,0.059037205,80331.078,0.43304833536069026,-0.06733324939227361,1.6098412424849697
0.10967177,0.061298907,80572.148,0.43304833536069026,-0.05835550238933131,1.6146723046092184
0.10967177,0.063560612,80762.539,0.43304833536069026,-0.04937774347799388,1.6184877555110222
0.10967177,0.065822318,80906.367,0.43304833536069026,-0.04039998059719142,1.6213700801603206
0.10967177,0.068084031,81008.016,0.43304833536069026,-0.03142218993013375,1.6234071342685372
0.10967177,0.07034573,81076.312,0.43304833536069026,-0.022444454835586564,1.6247757915831664
0.10967177,0.072607443,81115.742,0.43304833536069026,-0.013466664168528894,1.6255659719438877
0.10967177,0.074869141,81136.055,0.43304833536069026,-0.004488933043446679,1.6259730460921842
0.10967177,0.077130854,81135.672,0.43304833536069026,0.004488857623610991,1.6259653707414832
0.10967177,0.07939256,81116.914,0.43304833536069026,0.013466620504413449,1.6255894589178357
0.10967177,0.081654266,81077.844,0.43304833536069026,0.022444383385215906,1.6248064929859718
0.10967177,0.083915971,81011.32,0.43304833536069026,0.03142214229655333,1.6234733466933868
0.10967177,0.086177677,80913.016,0.43304833536069026,0.040399905177355734,1.6215033266533068
0.10967177,0.088439375,80774.328,0.43304833536069026,0.04937763630243795,1.618724008016032
0.10967177,0.090701088,80591.414,0.43304833536069026,0.05835542696949562,1.6150583967935872
0.10967177,0.092962794,80359.836,0.43304833536069026,0.06733318985029808,1.6104175551102204
0.10967177,0.095224507,80073.727,0.43304833536069026,0.07631098051735574,1.6046839078156312
0.10967177,0.097486213,79738.445,0.43304833536069026,0.0852887433981582,1.5979648296593187
0.10967177,0.099747919,79360.641,0.43304833536069026,0.09426650627896066,1.590393607214429
0.10967177,0.10200962,78946.352,0.43304833536069026,0.10324424931243792,1.5820912224448898
0.10967177,0.10427134,78508.18,0.43304833536069026,0.11222206776575085,1.5733102204408815
0.10967177,0.10653304,78050.125,0.43304833536069026,0.12119980682976307,1.5641307615230462
0.10967177,0.10879474,77579.039,0.43304833536069026,0.13017754589377534,1.5546901603206413
0.10967177,0.11105644,77099.875,0.43304833536069026,0.13915528495778762,1.5450876753507015
0.10967177,0.11331816,76617.469,0.43304833536069026,0.1481331034111005,1.5354202204408818
0.10967177,0.11557986,76133.266,0.43304833536069026,0.15711084247511278,1.5257167535070142
0.10967177,0.11784157,75648.57,0.43304833536069026,0.16608862123377535,1.5160034068136274
0.10967177,0.12010327,75163.836,0.43304833536069026,0.17506636029778758,1.5062892985971943
0.10967177,0.12236498,74679.289,0.43304833536069026,0.18404413905645015,1.4965789378757517
0.10967177,0.12462669,74194.211,0.43304833536069026,0.19302191781511274,1.4868579358717433
0.10967177,0.12682772,73721.234,0.43304833536069026,0.20175882943560305,1.4773794388777555
0.10967177,0.1288285,73290.18,0.43304833536069026,0.20970085568333463,1.4687410821643285
0.10967177,0.1305683,72914.562,0.43304833536069026,0.21660693094688346,1.4612136673346694
0.10967177,0.13208118,72587.445,0.43304833536069026,0.2226122552052567,1.4546582164328659
0.10967177,0.13339671,72302.445,0.43304833536069026,0.22783420553946557,1.4489467935871745
0.10967177,0.13454066,72054.305,0.43304833536069026,0.2323750750633975,1.4439740480961922
0.10967177,0.13553539,71838.32,0.43304833536069026,0.23632362101517929,1.4396456913827658
0.10967177,0.1364004,71650.5,0.43304833536069026,0.2397572479629448,1.4358817635270542
0.10967177,0.13715255,71487.281,0.43304833536069026,0.24274288108714204,1.4326108416833667
0.10967177,0.13780662,71345.516,0.43304833536069026,0.24533918908095123,1.429769859719439
0.10967177,0.13837537,71222.508,0.43304833536069026,0.24759682231818742,1.4273047695390781
0.10967177,0.13886993,71115.812,0.43304833536069026,0.24955996094466215,1.4251665731462928
0.10967177,0.13929999,71023.336,0.43304833536069026,0.2512670690765405,1.4233133466933867
0.11052479,0.012700025,71036.359,0.436434368422716,-0.25126706510707547,1.4235743286573146
0.11052479,0.013130079,71125.492,0.436434368422716,-0.24955998079198735,1.4253605611222444
0.11052479,0.013624642,71228.398,0.436434368422716,-0.24759683025711754,1.4274228056112224
0.11052479,0.014193388,71347.227,0.436434368422716,-0.24533921289774155,1.429804148296593
0.11052479,0.014847448,71484.242,0.436434368422716,-0.24274294459858256,1.4325499398797594
0.11052479,0.015599615,71642.234,0.436434368422716,-0.2397572439934798,1.4357161122244488
0.11052479,0.016464608,71824.141,0.436434368422716,-0.23632368452661986,1.4393615430861724
0.11052479,0.01745935,72033.578,0.436434368422716,-0.23237509094125766,1.4435586773547093
0.11052479,0.018603303,72274.586,0.436434368422716,-0.22783420950893063,1.448388496993988
0.11052479,0.019918848,72551.984,0.436434368422716,-0.22261219963274634,1.4539475751503006
0.11052479,0.021431727,72871.234,0.436434368422716,-0.21660687934383813,1.4603453707414829
0.11052479,0.023171537,73238.742,0.436434368422716,-0.2097007643856389,1.4677102605210421
0.11052479,0.025172317,73661.609,0.436434368422716,-0.20175873813790735,1.4761845490981964
0.11052479,0.027373353,74126.984,0.436434368422716,-0.19302180270062685,1.4855107014028055
0.11052479,0.029635059,74605.617,0.436434368422716,-0.18404403981982442,1.4951025450901803
0.11052479,0.031896763,75084.859,0.436434368422716,-0.17506628487795203,1.5047065931863728
0.11052479,0.034158468,75564.977,0.436434368422716,-0.16608852596661464,1.5143281963927855
0.11052479,0.036420174,76046.133,0.436434368422716,-0.15711076308581218,1.5239706012024048
0.11052479,0.03868188,76527.602,0.436434368422716,-0.14813300020500972,1.533619278557114
0.11052479,0.040943578,77008.43,0.436434368422716,-0.13915526907992753,1.5432551102204408
0.11052479,0.043205284,77487.383,0.436434368422716,-0.1301775061991251,1.552853366733467
0.11052479,0.045466993,77961.602,0.436434368422716,-0.12119973140992754,1.562356753507014
0.11052479,0.047728695,78426.867,0.436434368422716,-0.1122219844069852,1.5716807014028056
0.11052479,0.049990397,78877.016,0.436434368422716,-0.1032442374040429,1.5807017234468939
0.11052479,0.052252103,79307.656,0.436434368422716,-0.09426647452324044,1.5893317835671343
0.11052479,0.054513808,79706.461,0.436434368422716,-0.08528871561190304,1.5973238677354709
0.11052479,0.05677551,80066.719,0.436434368422716,-0.07631096860896071,1.6045434669338676
0.11052479,0.059037216,80381.812,0.436434368422716,-0.06733320572815825,1.6108579559118237
0.11052479,0.061298922,80646.32,0.436434368422716,-0.058355442847355825,1.61615871743487
0.11052479,0.063560627,80861.273,0.436434368422716,-0.04937768393601842,1.6204663927855711
0.11052479,0.065822333,81028.703,0.436434368422716,-0.04039992105521597,1.6238217034068134
0.11052479,0.068084031,81151.977,0.436434368422716,-0.03142218993013375,1.626292124248497
0.11052479,0.070345737,81237.477,0.436434368422716,-0.022444427049331295,1.6280055511022045
0.11052479,0.072607443,81289.523,0.436434368422716,-0.013466664168528894,1.6290485571142286
0.11052479,0.074869141,81316.414,0.436434368422716,-0.004488933043446679,1.6295874549098197
0.11052479,0.077130854,81316.578,0.436434368422716,0.004488857623610991,1.6295907414829658
0.11052479,0.079392552,81292.055,0.436434368422716,0.013466588748693204,1.6290992985971942
0.11052479,0.081654258,81241.406,0.436434368422716,0.022444351629495606,1.6280842885771543
0.11052479,0.083915964,81158.578,0.436434368422716,0.03142211451029806,1.6264244088176352
0.11052479,0.086177669,81039.57,0.436434368422716,0.04039987342163549,1.624039478957916
0.11052479,0.088439375,80877.969,0.436434368422716,0.04937763630243795,1.6208009819639277
0.11052479,0.090701073,80670.648,0.436434368422716,0.05835536742752011,1.61664625250501
0.11052479,0.092962787,80415.336,0.436434368422716,0.06733316206404287,1.6115297795591181
0.11052479,0.095224492,80107.781,0.436434368422716,0.07631092097538024,1.605366352705411
0.11052479,0.09748619,79754.117,0.436434368422716,0.08528865210046245,1.598278897795591
0.11052479,0.099747889,79361.383,0.436434368422716,0.0942663871950097,1.5904084769539077
0.11052479,0.10200961,78935.578,0.436434368422716,0.1032442096177876,1.5818753106212424
0.11052479,0.10427131,78489.234,0.436434368422716,0.11222194868179988,1.5729305410821643
0.11052479,0.10653301,78026.266,0.436434368422716,0.1211996877458121,1.563652625250501
0.11052479,0.10879472,77553.344,0.436434368422716,0.13017746650447468,1.5541752304609218
0.11052479,0.11105642,77075.047,0.436434368422716,0.13915520556848696,1.544590120240481
0.11052479,0.11331812,76595.211,0.436434368422716,0.14813294463249918,1.5349741683366733
0.11052479,0.11557983,76114.82,0.436434368422716,0.15711072339116175,1.5253470941883769
0.11052479,0.11784153,75634.617,0.436434368422716,0.16608846245517403,1.5157237875751504
0.11052479,0.12010324,75155.086,0.436434368422716,0.1750662412138366,1.5061139478957914
0.11052479,0.12236495,74676.547,0.436434368422716,0.1840440199724992,1.496523987975952
0.11052479,0.12462664,74198.531,0.436434368422716,0.1930217193418611,1.4869445090180362
0.11052479,0.12682769,73733.547,0.436434368422716,0.20175871035165202,1.4776261923847696
0.11052479,0.12882847,73311.188,0.436434368422716,0.2097007365993836,1.4691620841683366
0.11052479,0.13056828,72944.453,0.436434368422716,0.21660685155758286,1.4618126853707414
0.11052479,0.13208115,72626.078,0.436434368422716,0.22261213612130581,1.4554324248496993
0.11052479,0.1333967,72349.531,0.436434368422716,0.22783416584481525,1.4498904008016034
0.11052479,0.13454065,72109.367,0.436434368422716,0.23237503536874718,1.4450774949899798
0.11052479,0.13553539,71900.781,0.436434368422716,0.23632362101517929,1.4408974148296594
0.11052479,0.13640039,71719.711,0.436434368422716,0.2397572082682945,1.43726875751503
0.11052479,0.13715255,71562.477,0.436434368422716,0.24274288108714204,1.434117775551102
0.11052479,0.13780662,71426.141,0.436434368422716,0.24533918908095123,1.4313855911823647
0.11052479,0.13837536,71307.945,0.436434368422716,0.2475967826235371,1.4290169338677357
0.11052479,0.13886993,71205.523,0.436434368422716,0.24955996094466215,1.4269643887775552
0.11052479,0.13929999,71116.812,0.436434368422716,0.2512670690765405,1.425186613226453
0.11150575,0.012700026,71140.438,0.44032825484100024,-0.25126706113761044,1.4256600801603205
0.11150575,0.013130082,71225.602,0.44032825484100024,-0.24955996888359228,1.427366773547094
0.11150575,0.013624646,71324.016,0.44032825484100024,-0.2475968143792574,1.429338997995992
0.11150575,0.014193394,71437.695,0.44032825484100024,-0.24533918908095134,1.4316171342685373
0.11150575,0.014847455,71568.93,0.44032825484100024,-0.24274291681232732,1.4342470941883767
0.11150575,0.015599625,71720.398,0.44032825484100024,-0.2397572042988295,1.4372825250501002
0.11150575,0.016464621,71895.07,0.44032825484100024,-0.23632363292357444,1.4407829659318638
0.11150575,0.017459366,72096.477,0.44032825484100024,-0.23237502742981714,1.4448191783567135
0.11150575,0.018603323,72328.742,0.44032825484100024,-0.22783413011962997,1.4494737875751502
0.11150575,0.019918872,72596.711,0.44032825484100024,-0.22261210436558557,1.4548439078156312
0.11150575,0.021431755,72906.094,0.44032825484100024,-0.21660676819881722,1.4610439679358718
0.11150575,0.02317157,73263.477,0.44032825484100024,-0.2097006333932928,1.4682059519038075
0.11150575,0.025172358,73676.211,0.44032825484100024,-0.20175857538984102,1.4764771743486973
0.11150575,0.0273734,74132.039,0.44032825484100024,-0.19302161613577035,1.485612004008016
0.11150575,0.029635102,74602.406,0.44032825484100024,-0.18404386913282803,1.4950381963927857
0.11150575,0.031896804,75074.578,0.44032825484100024,-0.1750661221298857,1.5045005611222444
0.11150575,0.034158505,75548.422,0.44032825484100024,-0.16608837909640842,1.5139964328657316
0.11150575,0.036420207,76023.859,0.44032825484100024,-0.1571106320934661,1.5235242284569137
0.11150575,0.038681909,76500.344,0.44032825484100024,-0.14813288509052377,1.5330730260521042
0.11150575,0.040943611,76977.281,0.44032825484100024,-0.13915513808758145,1.542630881763527
0.11150575,0.043205313,77453.883,0.44032825484100024,-0.13017739108463913,1.5521820240480961
0.11150575,0.045467019,77928.023,0.44032825484100024,-0.1211996282038367,1.5616838276553107
0.11150575,0.047728721,78396.062,0.44032825484100024,-0.11222188120089437,1.571063366733467
0.11150575,0.049990423,78851.805,0.44032825484100024,-0.10324413419795206,1.5801964929859718
0.11150575,0.052252125,79290.688,0.44032825484100024,-0.09426638719500972,1.5889917434869738
0.11150575,0.054513827,79701.031,0.44032825484100024,-0.08528864019206742,1.5972150501002005
0.11150575,0.056775533,80076.086,0.44032825484100024,-0.07631087731126496,1.6047311823647294
0.11150575,0.059037231,80409.297,0.44032825484100024,-0.06733314618618277,1.6114087575150302
0.11150575,0.061298933,80694.742,0.44032825484100024,-0.05835539918324046,1.6171290981963928
0.11150575,0.063560635,80931.883,0.44032825484100024,-0.049377652180298125,1.6218814228456915
0.11150575,0.065822341,81121.641,0.44032825484100024,-0.040399889299495666,1.6256841883767537
0.11150575,0.068084039,81265.336,0.44032825484100024,-0.03142215817441351,1.6285638476953908
0.11150575,0.070345744,81367.461,0.44032825484100024,-0.022444399263076082,1.6306104408817634
0.11150575,0.072607443,81431.43,0.44032825484100024,-0.013466664168528894,1.631892384769539
0.11150575,0.074869148,81464.703,0.44032825484100024,-0.0044889052571914665,1.6325591783567133
0.11150575,0.077130854,81465.438,0.44032825484100024,0.004488857623610991,1.6325739078156312
0.11150575,0.079392552,81435.297,0.44032825484100024,0.013466588748693204,1.6319698797595192
0.11150575,0.081654251,81373.859,0.44032825484100024,0.022444323843240396,1.6307386573146292
0.11150575,0.083915956,81275.281,0.44032825484100024,0.03142208275457782,1.6287631462925851
0.11150575,0.086177662,81136.844,0.44032825484100024,0.04039984563538028,1.625988857715431
0.11150575,0.088439368,80953.219,0.44032825484100024,0.04937760851618274,1.622308997995992
0.11150575,0.090701066,80723.961,0.44032825484100024,0.058355339641264894,1.6177146492985972
0.11150575,0.092962764,80447.367,0.44032825484100024,0.0673330707663471,1.6121716833667334
0.11150575,0.09522447,80121.227,0.44032825484100024,0.07631083364714956,1.6056358116232465
0.11150575,0.097486168,79752.359,0.44032825484100024,0.08528856477223172,1.5982436673346694
0.11150575,0.099747881,79347.852,0.44032825484100024,0.09426635543928939,1.5901373146292586
0.11150575,0.10200958,78913.422,0.44032825484100024,0.10324409053383664,1.5814313026052105
0.11150575,0.10427128,78461.227,0.44032825484100024,0.11222182959784886,1.5723692785571142
0.11150575,0.10653298,77995.133,0.44032825484100024,0.12119956866186113,1.5630287174348698
0.11150575,0.10879468,77521.914,0.44032825484100024,0.1301773077258734,1.553545370741483
0.11150575,0.11105639,77045.703,0.44032825484100024,0.13915508648453598,1.5440020641282564
0.11150575,0.11331809,76569.852,0.44032825484100024,0.1481328255485482,1.5344659719438878
0.11150575,0.11557979,76094.609,0.44032825484100024,0.15711056461256048,1.5249420641282565
0.11150575,0.1178415,75620.375,0.44032825484100024,0.16608834337122305,1.5154383767535071
0.11150575,0.1201032,75147.383,0.44032825484100024,0.17506608243523528,1.5059595791583167
0.11150575,0.12236489,74676.094,0.44032825484100024,0.18404378180459727,1.4965149098196393
0.11150575,0.12462659,74206.383,0.44032825484100024,0.19302152086860946,1.487101863727455
0.11150575,0.12682764,73751.031,0.44032825484100024,0.2017585118784004,1.4779765731462926
0.11150575,0.12882842,73338.906,0.44032825484100024,0.20970053812613199,1.4697175551102204
0.11150575,0.13056824,72982.367,0.44032825484100024,0.21660669277898154,1.4625724849699397
0.11150575,0.13208112,72673.945,0.44032825484100024,0.22261201703735478,1.4563916833667336
0.11150575,0.13339667,72406.891,0.44032825484100024,0.22783404676086422,1.4510398997995992
0.11150575,0.13454063,72175.555,0.44032825484100024,0.23237495597944646,1.4464039078156312
0.11150575,0.13553537,71975.047,0.44032825484100024,0.23632354162587857,1.4423857114228458
0.11150575,0.13640037,71801.234,0.44032825484100024,0.23975712887899378,1.4389024849699399
0.11150575,0.13715255,71650.594,0.44032825484100024,0.24274288108714204,1.435883647294589
0.11150575,0.13780659,71520.07,0.44032825484100024,0.24533906999700034,1.4332679358717437
0.11150575,0.13837534,71407.023,0.44032825484100024,0.2475967032342365,1.4310024649298598
0.11150575,0.13886991,71309.133,0.44032825484100024,0.24955988155536155,1.429040741482966
0.11150575,0.13929997,71224.375,0.44032825484100024,0.25126698968723976,1.4273421843687375
0.11263385,0.13780659,71629.227,0.444806208344167,0.24533906999700034,1.4354554509018036
0.11263385,0.13837534,71521.531,0.444806208344167,0.2475967032342365,1.4332972144288578
0.11263385,0.13886991,71428.344,0.444806208344167,0.24955988155536155,1.431429739478958
0.11263385,0.13929997,71347.68,0.444806208344167,0.25126698968723976,1.4298132264529058
0.11263386,0.012700026,71259.703,0.44480624803881735,-0.25126706113761044,1.4280501603206412
0.11263386,0.013130084,71340.789,0.44480624803881735,-0.2495599609446622,1.429675130260521
0.11263386,0.013624649,71434.516,0.44480624803881735,-0.2475968024708623,1.4315534268537076
0.11263386,0.014193401,71542.852,0.44480624803881735,-0.2453391612946961,1.433724488977956
0.11263386,0.014847464,71668.07,0.44480624803881735,-0.24274288108714207,1.4362338677354711
0.11263386,0.015599637,71812.703,0.44480624803881735,-0.2397571566652491,1.4391323246492984
0.11263386,0.016464636,71979.727,0.44480624803881735,-0.23632357338159893,1.4424794989979959
0.11263386,0.017459385,72172.672,0.44480624803881735,-0.2323749520099815,1.4463461322645292
0.11263386,0.018603345,72395.641,0.44480624803881735,-0.2278340427913993,1.4508144488977956
0.11263386,0.0199189,72653.484,0.44480624803881735,-0.22261199322056466,1.455981643286573
0.11263386,0.021431789,72952.055,0.44480624803881735,-0.2166066332370061,1.4619650300601201
0.11263386,0.023171611,73298.164,0.44480624803881735,-0.20970047064522648,1.4689010821643287
0.11263386,0.025172405,73699.375,0.44480624803881735,-0.2017583888249845,1.476941382765531
0.11263386,0.027373448,74144.156,0.44480624803881735,-0.19302142560144878,1.4858548296593186
0.11263386,0.029635146,74604.523,0.44480624803881735,-0.1840436944763666,1.495080621242485
0.11263386,0.031896852,75067.828,0.44480624803881735,-0.17506593159556413,1.5043652905811622
0.11263386,0.03415855,75533.609,0.44480624803881735,-0.16608820047048195,1.5136995791583165
0.11263386,0.036420248,76001.672,0.44480624803881735,-0.15711046934539977,1.523079599198397
0.11263386,0.038681947,76471.57,0.44480624803881735,-0.14813273425085255,1.5324963927855713
0.11263386,0.040943649,76943.117,0.44480624803881735,-0.13915498724791023,1.5419462324649298
0.11263386,0.043205351,77415.945,0.44480624803881735,-0.1301772402449679,1.5514217434869741
0.11263386,0.045467053,77888.289,0.44480624803881735,-0.12119949324202559,1.5608875551102206
0.11263386,0.047728751,78356.695,0.44480624803881735,-0.1122217621169434,1.5702744488977958
0.11263386,0.049990449,78814.844,0.44480624803881735,-0.10324403099186122,1.5794557915831662
0.11263386,0.052252151,79258.164,0.44480624803881735,-0.0942662839889189,1.5883399599198398
0.11263386,0.054513849,79675.664,0.44480624803881735,-0.08528855286383669,1.5967066933867737
0.11263386,0.056775548,80060.984,0.44480624803881735,-0.07631081776928947,1.6044285370741482
0.11263386,0.05903725,80407.727,0.44480624803881735,-0.06733307076634716,1.6113772945891784
0.11263386,0.061298952,80709.555,0.44480624803881735,-0.058355323763404854,1.6174259519038074
0.11263386,0.06356065,80964.828,0.44480624803881735,-0.04937759263832267,1.6225416432865731
0.11263386,0.065822348,81173.242,0.44480624803881735,-0.04039986151324045,1.626718276553106
0.11263386,0.068084046,81334.797,0.44480624803881735,-0.0314221303881583,1.629955851703407
0.11263386,0.070345744,81452.094,0.44480624803881735,-0.022444399263076082,1.6323064929859719
0.11263386,0.072607443,81527.555,0.44480624803881735,-0.013466664168528894,1.6338187374749498
0.11263386,0.074869148,81566.812,0.44480624803881735,-0.0044889052571914665,1.6346054509018038
0.11263386,0.077130847,81568.148,0.44480624803881735,0.004488829837355778,1.6346322244488978
0.11263386,0.079392552,81532.852,0.44480624803881735,0.013466588748693204,1.633924889779559
0.11263386,0.081654251,81461.016,0.44480624803881735,0.022444323843240396,1.6324852905811624
0.11263386,0.083915949,81348.156,0.44480624803881735,0.03142205496832261,1.6302235671342686
0.11263386,0.086177647,81192.562,0.44480624803881735,0.04039978609340477,1.6271054509018037
0.11263386,0.088439353,80990.594,0.44480624803881735,0.04937754897420722,1.623057995991984
0.11263386,0.090701059,80743.219,0.44480624803881735,0.05835531185500968,1.6181005811623246
0.11263386,0.092962757,80449.93,0.44480624803881735,0.06733304298009184,1.6122230460921843
0.11263386,0.095224455,80109.898,0.44480624803881735,0.07631077410517406,1.6054087775551102
0.11263386,0.097486153,79730.398,0.44480624803881735,0.08528850523025627,1.5978035671342685
0.11263386,0.099747851,79318.414,0.44480624803881735,0.09426623635533843,1.589547374749499
0.11263386,0.10200955,78879.359,0.44480624803881735,0.10324397144988567,1.5807486773547093
0.11263386,0.10427125,78424.664,0.44480624803881735,0.1122217105138979,1.5716365531062124
0.11263386,0.10653295,77958.039,0.44480624803881735,0.12119944957791016,1.562285350701403
0.11263386,0.10879464,77486.406,0.44480624803881735,0.1301771489472721,1.5528337875751503
0.11263386,0.11105634,77013.812,0.44480624803881735,0.13915488801128437,1.5433629659318637
0.11263386,0.11331806,76543.336,0.44480624803881735,0.14813270646459725,1.5339345891783567
0.11263386,0.11557975,76074.773,0.44480624803881735,0.15711040583395916,1.5245445490981964
0.11263386,0.11784145,75608.117,0.44480624803881735,0.16608814489797144,1.5151927254509017
0.11263386,0.12010316,75143.469,0.44480624803881735,0.175065923656634,1.505881142284569
0.11263386,0.12236486,74681.234,0.44480624803881735,0.1840436627206463,1.4966179158316633
0.11263386,0.12462655,74221.648,0.44480624803881735,0.1930213620900082,1.4874077755511022
0.11263386,0.1268276,73777.508,0.44480624803881735,0.20175835309979917,1.4785071743486975
0.11263386,0.12882839,73377.023,0.44480624803881735,0.20970041904218095,1.4704814228456915
0.11263386,0.13056821,73031.914,0.44480624803881735,0.2166065736950305,1.4635654108216434
0.11263386,0.13208111,72734.367,0.44480624803881735,0.2226119773427045,1.4576025450901804
0.11263386,0.13339666,72477.57,0.44480624803881735,0.22783400706621393,1.4524563126252505
0.11263386,0.13454062,72255.609,0.44480624803881735,0.23237491628479617,1.4480081963927856
0.11263386,0.13553536,72063.633,0.44480624803881735,0.23632350193122828,1.4441609819639278
0.11263386,0.13640037,71897.523,0.44480624803881735,0.23975712887899378,1.440832124248497
0.11263386,0.13715254,71753.719,0.44480624803881735,0.2427428413924916,1.4379502805611222
0.11393118,0.13780659,71755.734,0.4499559144147843,0.24533906999700034,1.4379906613226452
0.11393118,0.13837534,71653.367,0.4499559144147843,0.2475967032342365,1.4359392184368738
0.11393118,0.13886991,71564.875,0.4499559144147843,0.24955988155536155,1.4341658316633266
0.11393118,0.13929997,71488.359,0.4499559144147843,0.25126698968723976,1.4326324448897796
0.11393119,0.012700028,71395.758,0.44995595410943456,-0.25126705319868037,1.4307767134268536
0.11393119,0.013130087,71472.695,0.44995595410943456,-0.24955994903626713,1.4323185370741485
0.11393119,0.013624654,71561.734,0.44995595410943456,-0.24759678262353715,1.434102885771543
0.11393119,0.014193408,71664.773,0.44995595410943456,-0.2453391335084409,1.4361677955911825
0.11393119,0.014847474,71783.906,0.44995595410943456,-0.24274284139249172,1.438555230460922
0.11393119,0.01559965,71921.711,0.44995595410943456,-0.23975710506220368,1.4413168537074148
0.11393119,0.016464652,72081.094,0.44995595410943456,-0.23632350987015843,1.444510901803607
0.11393119,0.017459406,72265.477,0.44995595410943456,-0.23237486865121584,1.4482059519038075
0.11393119,0.018603371,72478.891,0.44995595410943456,-0.22783393958530843,1.4524827855711424
0.11393119,0.019918934,72726.289,0.44995595410943456,-0.22261185825875357,1.4574406613226454
0.11393119,0.021431828,73013.43,0.44995595410943456,-0.21660647842786981,1.4631949899799597
0.11393119,0.023171656,73347.305,0.44995595410943456,-0.20970029201930004,1.4698858717434868
0.11393119,0.025172461,73735.766,0.44995595410943456,-0.20175816653494266,1.4776706613226454
0.11393119,0.027373508,74168.023,0.44995595410943456,-0.19302118743354682,1.486333126252505
0.11393119,0.029635204,74616.727,0.44995595410943456,-0.1840434642473947,1.4953251903807614
0.11393119,0.0318969,75069.383,0.44995595410943456,-0.1750657410612426,1.5043964529058116
0.11393119,0.034158599,75525.266,0.44995595410943456,-0.16608800596669537,1.5135323847695392
0.11393119,0.036420297,75984.141,0.44995595410943456,-0.1571102748416132,1.5227282765531063
0.11393119,0.038681991,76445.742,0.44995595410943456,-0.14813255959439112,1.5319787975951904
0.11393119,0.04094369,76910.156,0.44995595410943456,-0.1391548244998439,1.5412856913827655
0.11393119,0.043205388,77377.156,0.44995595410943456,-0.13017709337476172,1.5506444088176354
0.11393119,0.045467086,77845.008,0.44995595410943456,-0.12119936224967953,1.5600202004008017
0.11393119,0.047728781,78310.062,0.44995595410943456,-0.11222164303299242,1.5693399198396796
0.11393119,0.049990479,78765.938,0.44995595410943456,-0.10324391190791024,1.5784757114228456
0.11393119,0.052252177,79208.32,0.44995595410943456,-0.09426618078282806,1.5873410821643288
0.11393119,0.054513872,79627.18,0.44995595410943456,-0.08528846156614096,1.5957350701402804
0.11393119,0.05677557,80016.531,0.44995595410943456,-0.07631073044105878,1.6035376953907816
0.11393119,0.059037272,80370.258,0.44995595410943456,-0.06733298343811644,1.6106264128256513
0.11393119,0.061298966,80682.148,0.44995595410943456,-0.05835526819089438,1.6168767134268538
0.11393119,0.063560665,80949.664,0.44995595410943456,-0.04937753309634716,1.6222377555110221
0.11393119,0.065822363,81171.602,0.44995595410943456,-0.040399801971265,1.6266854108216433
0.11393119,0.068084061,81346.938,0.44995595410943456,-0.03142207084618279,1.630199158316633
0.11393119,0.070345759,81476.453,0.44995595410943456,-0.022444339721100628,1.632794649298597
0.11393119,0.072607458,81563.25,0.44995595410943456,-0.013466604626553382,1.6345340681362726
0.11393119,0.074869156,81608.938,0.44995595410943456,-0.0044888735014711675,1.6354496593186372
0.11393119,0.077130847,81610.961,0.44995595410943456,0.004488829837355778,1.6354902004008016
0.11393119,0.079392545,81570.641,0.44995595410943456,0.013466560962437937,1.6346821843687376
0.11393119,0.081654243,81487.805,0.44995595410943456,0.022444292087520152,1.633022144288577
0.11393119,0.083915941,81363.523,0.44995595410943456,0.03142202321260231,1.6305315230460922
0.11393119,0.08617764,81194.711,0.44995595410943456,0.04039975830714956,1.627148517034068
0.11393119,0.088439338,80979.469,0.44995595410943456,0.04937748943223177,1.6228350501002002
0.11393119,0.090701036,80719.734,0.44995595410943456,0.05835522055731393,1.6176299398797596
0.11393119,0.092962734,80416.117,0.44995595410943456,0.06733295168239614,1.6115454308617234
0.11393119,0.095224433,80068.781,0.44995595410943456,0.07631068677694333,1.6045847895791583
0.11393119,0.097486123,79684.891,0.44995595410943456,0.08528838614630525,1.5968916032064129
0.11393119,0.099747822,79271.219,0.44995595410943456,0.09426612124085249,1.5886015831663327
0.11393119,0.10200952,78832.969,0.44995595410943456,0.10324385236593471,1.579819018036072
0.11393119,0.10427122,78380.508,0.44995595410943456,0.11222159142994692,1.5707516633266534
0.11393119,0.10653291,77917.398,0.44995595410943456,0.12119929079930884,1.5614709018036073
0.11393119,0.10879461,77450.32,0.44995595410943456,0.1301770298633211,1.5521106212424851
0.11393119,0.11105631,76983.508,0.44995595410943456,0.1391547689273334,1.5427556713426853
0.11393119,0.113318,76520.141,0.44995595410943456,0.1481324682966953,1.533469759519038
0.11393119,0.1155797,76059.922,0.44995595410943456,0.15711020736070752,1.5242469338677356
0.11393119,0.1178414,75602.648,0.44995595410943456,0.1660879464247198,1.515083126252505
0.11393119,0.1201031,75148.117,0.44995595410943456,0.17506568548873208,1.5059742885771543
0.11393119,0.1223648,74696.781,0.44995595410943456,0.1840434245527443,1.496929478957916
0.11393119,0.12462649,74249.125,0.44995595410943456,0.19302112392210627,1.4879584168336673
0.11393119,0.12682754,73817.727,0.44995595410943456,0.20175811493189713,1.4793131663326653
0.11393119,0.12882835,73430.18,0.44995595410943456,0.20970026026357974,1.4715466933867734
0.11393119,0.13056816,73097.391,0.44995595410943456,0.21660637522177886,1.4648775751503007
0.11393119,0.13208106,72811.406,0.44995595410943456,0.22261177886945285,1.4591464128256513
0.11393119,0.13339663,72565.172,0.44995595410943456,0.2278338879822629,1.454211863727455
0.11393119,0.13454059,72352.812,0.44995595410943456,0.23237479720084514,1.4499561523046094
0.11393119,0.13553533,72169.484,0.44995595410943456,0.23632338284727736,1.4462822444889778
0.11393119,0.13640034,72011.062,0.44995595410943456,0.23975700979504286,1.4431074549098197
0.11393119,0.13715252,71874.102,0.44995595410943456,0.242742762003191,1.440362765531062
0.11542311,0.012700028,71550.289,0.4558780783807266,-0.25126705319868037,1.4338735270541083
0.11542311,0.013130089,71623.336,0.4558780783807266,-0.24955994109733706,1.4353373947895791
0.11542311,0.013624661,71707.906,0.4558780783807266,-0.24759675483728194,1.4370321843687375
0.11542311,0.014193417,71805.82,0.4558780783807266,-0.2453390977832556,1.4389943887775551
0.11542311,0.014847486,71919.211,0.4558780783807266,-0.24274279375891133,1.4412667535070138
0.11542311,0.015599666,72050.516,0.4558780783807266,-0.23975704155076316,1.443898116232465
0.11542311,0.016464673,72202.516,0.4558780783807266,-0.23632342651139274,1.4469442084168338
0.11542311,0.017459432,72378.617,0.4558780783807266,-0.232374765445125,1.4504732865731462
0.11542311,0.018603403,72582.812,0.4558780783807266,-0.22783381256242738,1.4545653707414832
0.11542311,0.019918971,72819.805,0.4558780783807266,-0.22261171138854735,1.4593147294589177
0.11542311,0.021431873,73095.383,0.4558780783807266,-0.21660629980194335,1.4648373346693386
0.11542311,0.02317171,73416.484,0.4558780783807266,-0.20970007766818827,1.4712722244488978
0.11542311,0.025172524,73791.062,0.4558780783807266,-0.2017579164586456,1.4787787975951905
0.11542311,0.027373573,74209.156,0.4558780783807266,-0.19302092941831972,1.4871574348697396
0.11542311,0.029635269,74644.555,0.4558780783807266,-0.1840432062321676,1.495882865731463
0.11542311,0.031896964,75085.016,0.4558780783807266,-0.1750654870154805,1.504709739478958
0.11542311,0.034158658,75529.633,0.4558780783807266,-0.16608777176825842,1.5136198997995993
0.11542311,0.036420353,75978.109,0.4558780783807266,-0.15711005255157134,1.522607394789579
0.11542311,0.038682044,76430.141,0.4558780783807266,-0.1481323492127444,1.5316661523046093
0.11542311,0.040943738,76885.758,0.4558780783807266,-0.13915463396552233,1.540796753507014
0.11542311,0.043205433,77344.422,0.4558780783807266,-0.13017691474883522,1.5499884168336675
0.11542311,0.045467127,77803.992,0.4558780783807266,-0.12119919950161318,1.5591982364729458
0.11542311,0.047728822,78260.531,0.4558780783807266,-0.1122214802849261,1.5683473146292586
0.11542311,0.04999052,78707.898,0.4558780783807266,-0.10324374915984391,1.5773125851703407
0.11542311,0.052252211,79142.0,0.4558780783807266,-0.09426604582101694,1.5860120240480962
0.11542311,0.054513905,79554.188,0.4558780783807266,-0.08528833057379488,1.5942723046092184
0.11542311,0.0567756,79939.109,0.4558780783807266,-0.07631061135710777,1.601986152304609
0.11542311,0.059037294,80291.016,0.4558780783807266,-0.06733289610988574,1.6090383967935873
0.11542311,0.061298985,80604.055,0.4558780783807266,-0.05835519277105877,1.6153117234468937
0.11542311,0.06356068,80875.633,0.4558780783807266,-0.0493774735543717,1.6207541683366733
0.11542311,0.06582237,81103.836,0.4558780783807266,-0.04039977418500973,1.625327374749499
0.11542311,0.068084069,81287.039,0.4558780783807266,-0.03142203909046254,1.6289987775551102
0.11542311,0.070345767,81423.664,0.4558780783807266,-0.022444307965380328,1.6317367535070142
0.11542311,0.072607458,81515.938,0.4558780783807266,-0.013466604626553382,1.6335859318637274
0.11542311,0.074869156,81565.352,0.4558780783807266,-0.0044888735014711675,1.6345761923847695
0.11542311,0.077130847,81567.922,0.4558780783807266,0.004488829837355778,1.6346276953907817
0.11542311,0.079392545,81524.469,0.4558780783807266,0.013466560962437937,1.633756893787575
0.11542311,0.081654236,81437.242,0.4558780783807266,0.02244426430126494,1.6320088577154308
0.11542311,0.083915919,81306.492,0.4558780783807266,0.03142193588437164,1.629388617234469
0.11542311,0.086177617,81130.227,0.4558780783807266,0.0403996670094538,1.62585625250501
0.11542311,0.088439316,80908.742,0.4558780783807266,0.049377402104001045,1.6214176753507015
0.11542311,0.090701006,80644.766,0.4558780783807266,0.05835510147336296,1.6161275751503006
0.11542311,0.092962705,80339.727,0.4558780783807266,0.0673328365679102,1.6100145691382766
0.11542311,0.095224395,79993.953,0.4558780783807266,0.07631053593727212,1.6030852304609218
0.11542311,0.097486094,79614.156,0.4558780783807266,0.08528827103181931,1.5954740681362727
0.11542311,0.099747792,79206.891,0.4558780783807266,0.09426600215690152,1.5873124448897795
0.11542311,0.10200948,78776.688,0.4558780783807266,0.10324369358733337,1.578691142284569
0.11542311,0.10427118,78332.984,0.4558780783807266,0.11222143265134565,1.5697992785571142
0.11542311,0.10653287,77878.633,0.4558780783807266,0.12119913202070758,1.5606940480961924
0.11542311,0.10879457,77420.211,0.4558780783807266,0.1301768710847198,1.5515072344689378
0.11542311,0.11105627,76962.008,0.4558780783807266,0.13915461014873207,1.5423248096192386
0.11542311,0.11331795,76507.594,0.4558780783807266,0.14813226982344369,1.5332183166332665
0.11542311,0.11557965,76057.062,0.4558780783807266,0.15711000888745594,1.524189619238477
0.11542311,0.11784135,75610.359,0.4558780783807266,0.16608774795146816,1.5152376553106213
0.11542311,0.12010303,75167.32,0.4558780783807266,0.17506540762617978,1.506359118236473
0.11542311,0.12236473,74728.406,0.4558780783807266,0.18404314669019206,1.497563246492986
0.11542311,0.12462642,74294.352,0.4558780783807266,0.19302084605955397,1.4888647695390782
0.11542311,0.12682748,73877.359,0.4558780783807266,0.2017578767639952,1.4805081963927855
0.11542311,0.12882829,73503.953,0.4558780783807266,0.2097000220956778,1.4730251102204408
0.11542311,0.13056813,73184.117,0.4558780783807266,0.21660625613782797,1.4666155711422846
0.11542311,0.13208103,72909.852,0.4558780783807266,0.22261165978550182,1.461119278557114
0.11542311,0.1333966,72674.094,0.4558780783807266,0.227833768898312,1.4563946693386773
0.11542311,0.13454056,72471.039,0.4558780783807266,0.23237467811689422,1.4523254308617235
0.11542311,0.13553533,72295.984,0.4558780783807266,0.23632338284727736,1.4488173146292584
0.11542311,0.13640034,72144.953,0.4558780783807266,0.23975700979504286,1.445790641282565
0.11542311,0.13715252,72014.531,0.4558780783807266,0.242742762003191,1.443176973947896
0.11542311,0.13780658,71901.906,0.4558780783807266,0.24533903030235002,1.4409199599198397
0.11542311,0.13837534,71804.633,0.4558780783807266,0.2475967032342365,1.4389706012024048
0.11542311,0.13886991,71720.602,0.4558780783807266,0.24955988155536155,1.4372866132264528
0.11542311,0.13929997,71647.984,0.4558780783807266,0.25126698968723976,1.4358313426853706
0.11713882,0.01270003,71724.984,0.4626885292316425,-0.2512670452597503,1.4373744288577153
0.11713882,0.013130094,71794.586,0.4626885292316425,-0.24955992125001192,1.438769258517034
0.11713882,0.013624666,71875.203,0.4626885292316425,-0.24759673498995677,1.4403848296593185
0.11713882,0.014193426,71968.555,0.4626885292316425,-0.2453390620580703,1.4422556112224447
0.11713882,0.014847499,72076.703,0.4626885292316425,-0.24274274215586591,1.4444229058116231
0.11713882,0.015599684,72202.008,0.4626885292316425,-0.23975697010039257,1.4469340280561123
0.11713882,0.016464695,72347.25,0.4626885292316425,-0.23632333918316203,1.4498446893787575
0.11713882,0.01745946,72515.672,0.4626885292316425,-0.2323746543001041,1.453219879759519
0.11713882,0.018603437,72711.062,0.4626885292316425,-0.2278336776006163,1.4571355110220443
0.11713882,0.019919012,72938.109,0.4626885292316425,-0.22261154864048102,1.4616855511022044
0.11713882,0.021431923,73202.398,0.4626885292316425,-0.21660610132869174,1.4669819238476953
0.11713882,0.023171771,73510.617,0.4626885292316425,-0.20969983553082128,1.4731586573146291
0.11713882,0.025172597,73870.781,0.4626885292316425,-0.20175762668769823,1.480376372745491
0.11713882,0.027373651,74273.758,0.4626885292316425,-0.19302061980004717,1.4884520641282566
0.11713882,0.029635342,74694.578,0.4626885292316425,-0.18404291646122023,1.4968853306613226
0.11713882,0.031897031,75121.523,0.4626885292316425,-0.17506522106132333,1.5054413426853708
0.11713882,0.034158722,75553.75,0.4626885292316425,-0.16608751772249636,1.5141032064128257
0.11713882,0.036420412,75990.812,0.4626885292316425,-0.15710981835313442,1.5228619639278558
0.11713882,0.038682103,76432.211,0.4626885292316425,-0.14813211501430745,1.531707635270541
0.11713882,0.040943794,76877.188,0.4626885292316425,-0.1391544116754805,1.54062501002004
0.11713882,0.043205485,77324.453,0.4626885292316425,-0.13017670833665354,1.5495882364729459
0.11713882,0.045467176,77771.102,0.4626885292316425,-0.1211990049978266,1.558539118236473
0.11713882,0.047728866,78213.039,0.4626885292316425,-0.11222130562846465,1.5673955711422847
0.11713882,0.049990557,78644.289,0.4626885292316425,-0.1032436022896377,1.576037855711423
0.11713882,0.052252248,79061.367,0.4626885292316425,-0.09426589895081074,1.584396132264529
0.11713882,0.054513939,79456.781,0.4626885292316425,-0.08528819561198378,1.592320260521042
0.11713882,0.05677563,79826.211,0.4626885292316425,-0.07631049227315681,1.5997236673346693
0.11713882,0.05903732,80164.836,0.4626885292316425,-0.0673327929037949,1.6065097394789578
0.11713882,0.061299011,80467.727,0.4626885292316425,-0.058355089564967925,1.6125796993987975
0.11713882,0.063560702,80732.789,0.4626885292316425,-0.049377386226140976,1.6178915631262525
0.11713882,0.065822393,80957.547,0.4626885292316425,-0.04039968288731398,1.622395731462926
0.11713882,0.068084083,81139.758,0.4626885292316425,-0.031421983517952064,1.626047254509018
0.11713882,0.070345774,81276.805,0.4626885292316425,-0.022444280179125115,1.6287936873747493
0.11713882,0.072607465,81368.352,0.4626885292316425,-0.013466576840298169,1.6306282965931864
0.11713882,0.074869156,81417.266,0.4626885292316425,-0.0044888735014711675,1.6316085370741484
0.11713882,0.077130847,81420.055,0.4626885292316425,0.004488829837355778,1.6316644288577153
0.11713882,0.079392537,81377.492,0.4626885292316425,0.013466529206717695,1.6308114629258517
0.11713882,0.081654221,81292.055,0.4626885292316425,0.02244420475928943,1.6290992985971942
0.11713882,0.083915912,81161.289,0.4626885292316425,0.031421908098116375,1.62647873747495
0.11713882,0.08617761,80986.211,0.4626885292316425,0.040399639223198586,1.6229701603206412
0.11713882,0.088439301,80768.141,0.4626885292316425,0.049377342562025535,1.6186000200400803
0.11713882,0.090700991,80510.484,0.4626885292316425,0.05835504193138745,1.6134365531062123
0.11713882,0.092962682,80215.242,0.4626885292316425,0.06733274527021445,1.607519879759519
0.11713882,0.095224366,79882.531,0.4626885292316425,0.07631042082278619,1.6008523246492987
0.11713882,0.097486064,79518.102,0.4626885292316425,0.08528815194786835,1.593549138276553
0.11713882,0.099747755,79127.484,0.4626885292316425,0.09426585528669529,1.585721122244489
0.11713882,0.10200944,78714.352,0.4626885292316425,0.10324353480873211,1.5774419238476953
0.11713882,0.10427113,78286.922,0.4626885292316425,0.11222123417809403,1.5688761923847696
0.11713882,0.10653282,77847.664,0.4626885292316425,0.12119893354745594,1.5600734268537075
0.11713882,0.10879451,77402.734,0.4626885292316425,0.13017663291681786,1.551156993987976
0.11713882,0.11105621,76956.516,0.4626885292316425,0.13915437198083014,1.5422147494989982
0.11713882,0.11331789,76513.125,0.4626885292316425,0.14813203165554173,1.5333291583166333
0.11713882,0.11557959,76073.539,0.4626885292316425,0.15710977071955395,1.5245198196392786
0.11713882,0.11784127,75638.367,0.4626885292316425,0.16608743039426557,1.5157989378757515
0.11713882,0.12010296,75207.945,0.4626885292316425,0.17506512976362748,1.5071732464929861
0.11713882,0.12236466,74782.812,0.4626885292316425,0.18404286882763976,1.4986535470941884
0.11713882,0.12462635,74363.617,0.4626885292316425,0.19302056819700167,1.4902528456913828
0.11713882,0.1268274,73962.078,0.4626885292316425,0.20175755920679267,1.4822059719438876
0.11713882,0.12882823,73603.297,0.4626885292316425,0.20969978392777575,1.475015971943888
0.11713882,0.13056809,73296.516,0.4626885292316425,0.21660609735922662,1.4688680561122245
0.11713882,0.132081,73033.672,0.4626885292316425,0.22261154070155093,1.4636006412825653
0.11713882,0.13339657,72807.93,0.4626885292316425,0.22783364981436097,1.459076753507014
0.11713882,0.13454054,72613.703,0.4626885292316425,0.2323745987275935,1.4551844288577154
0.11713882,0.13553531,72446.352,0.4626885292316425,0.23632330345797664,1.4518307014028056
0.11713882,0.13640033,72302.078,0.4626885292316425,0.23975697010039246,1.4489394388777554
0.11713882,0.13715251,72177.625,0.4626885292316425,0.2427427223085407,1.446445390781563
0.11713882,0.13780658,72070.172,0.4626885292316425,0.24533903030235002,1.4442920240480963
0.11713882,0.13837534,71977.43,0.4626885292316425,0.2475967032342365,1.4424334669338676
0.11713882,0.13886991,71897.375,0.4626885292316425,0.24955988155536155,1.4408291583166333
0.11713882,0.13929997,71828.211,0.4626885292316425,0.25126698968723976,1.4394431062124247
0.1191119,0.012700032,71920.242,0.47052060129797374,-0.25126703732082023,1.4412874148296593
0.1191119,0.013130099,71986.922,0.47052060129797374,-0.2495599014026867,1.4426236873747496
0.1191119,0.013624675,72064.164,0.47052060129797374,-0.24759669926477146,1.4441716232464932
0.1191119,0.014193438,72153.625,0.47052060129797374,-0.2453390144244899,1.4459644288577154
0.1191119,0.014847515,72257.289,0.47052060129797374,-0.2427426786444254,1.448041863727455
0.1191119,0.015599703,72377.367,0.47052060129797374,-0.23975689468055694,1.4504482364729459
0.1191119,0.016464721,72516.578,0.47052060129797374,-0.23632323597707117,1.4532380360721442
0.1191119,0.017459493,72677.961,0.47052060129797374,-0.232374523307758,1.4564721643286573
0.1191119,0.018603478,72865.281,0.47052060129797374,-0.22783351485254996,1.4602260721442886
0.1191119,0.019919062,73083.023,0.47052060129797374,-0.2226113501672294,1.4645896392785571
0.1191119,0.021431983,73336.477,0.47052060129797374,-0.21660586316078978,1.469668877755511
0.1191119,0.02317184,73632.234,0.47052060129797374,-0.20969956163773404,1.475595871743487
0.1191119,0.025172681,73978.109,0.47052060129797374,-0.2017572932526355,1.4825272344689377
0.1191119,0.027373739,74365.586,0.47052060129797374,-0.1930202704871243,1.4902923046092182
0.1191119,0.029635426,74771.234,0.47052060129797374,-0.1840425830261575,1.4984215230460922
0.1191119,0.031897113,75183.953,0.47052060129797374,-0.17506489556519067,1.5066924448897794
0.1191119,0.0341588,75603.031,0.47052060129797374,-0.1660872081042238,1.5150908016032065
0.1191119,0.036420487,76027.695,0.47052060129797374,-0.15710952064325698,1.523601102204409
0.1191119,0.03868217,76456.703,0.47052060129797374,-0.14813184906015028,1.5321984569138276
0.1191119,0.040943857,76888.273,0.47052060129797374,-0.13915416159918345,1.5408471543086173
0.1191119,0.043205544,77320.039,0.47052060129797374,-0.13017647413821665,1.5494997795591183
0.1191119,0.045467228,77748.273,0.47052060129797374,-0.1211987985856449,1.558081623246493
0.1191119,0.047728918,78168.641,0.47052060129797374,-0.11222109921628295,1.5665058316633267
0.1191119,0.049990606,78575.422,0.47052060129797374,-0.1032434077858511,1.5746577555110222
0.1191119,0.052252293,78965.766,0.47052060129797374,-0.09426572032488428,1.5824802805611222
0.1191119,0.054513976,79333.523,0.47052060129797374,-0.08528804874177758,1.5898501603206414
0.1191119,0.056775667,79675.75,0.47052060129797374,-0.0763103454029506,1.5967084168336674
0.1191119,0.059037354,79989.047,0.47052060129797374,-0.06733265794198379,1.6029869138276553
0.1191119,0.061299037,80269.875,0.47052060129797374,-0.05835498635887708,1.608614729458918
0.1191119,0.063560724,80516.547,0.47052060129797374,-0.04937729889791025,1.6135580561122245
0.1191119,0.065822408,80727.055,0.47052060129797374,-0.04039962334533852,1.6177766533066131
0.1191119,0.068084098,80898.773,0.47052060129797374,-0.0314219239759766,1.6212178957915833
0.1191119,0.070345782,81030.117,0.47052060129797374,-0.02244424842340487,1.6238500400801603
0.1191119,0.072607473,81120.203,0.47052060129797374,-0.01346654508457787,1.625655370741483
0.1191119,0.074869156,81167.867,0.47052060129797374,-0.0044888735014711675,1.6266105611222446
0.1191119,0.077130839,81170.977,0.47052060129797374,0.004488798081635535,1.6266728857715431
0.1191119,0.079392523,81130.195,0.47052060129797374,0.013466473634207268,1.625855611222445
0.1191119,0.081654213,81046.5,0.47052060129797374,0.022444173003569184,1.624178356713427
0.1191119,0.083915904,80921.633,0.47052060129797374,0.03142187634239613,1.621676012024048
0.1191119,0.086177588,80757.031,0.47052060129797374,0.04039955189496786,1.618377374749499
0.1191119,0.088439278,80553.055,0.47052060129797374,0.04937725126432978,1.6142896793587174
0.1191119,0.090700962,80313.383,0.47052060129797374,0.05835492681690151,1.6094866332665332
0.1191119,0.092962652,80039.914,0.47052060129797374,0.06733262618626348,1.6040062925851704
0.1191119,0.095224336,79732.461,0.47052060129797374,0.07631030173883521,1.5978449098196392
0.1191119,0.097486027,79395.305,0.47052060129797374,0.08528800507766217,1.591088276553106
0.1191119,0.09974771,79032.469,0.47052060129797374,0.09426567666076886,1.583817014028056
0.1191119,0.10200939,78646.352,0.47052060129797374,0.10324333633548048,1.5760791983967937
0.1191119,0.10427108,78243.805,0.47052060129797374,0.11222103570484239,1.5680121242484968
0.1191119,0.10653277,77826.719,0.47052060129797374,0.12119873507420431,1.5596536873747495
0.1191119,0.10879445,77400.922,0.47052060129797374,0.13017639474891593,1.5511206813627256
0.1191119,0.11105614,76970.969,0.47052060129797374,0.13915409411827784,1.5425043887775551
0.1191119,0.11331783,76541.594,0.47052060129797374,0.14813179348763975,1.5338996793587174
0.1191119,0.11557952,76114.773,0.47052060129797374,0.1571094928570017,1.5253461523046092
0.1191119,0.1178412,75692.289,0.47052060129797374,0.16608715253171327,1.5168795390781564
0.1191119,0.12010289,75275.273,0.47052060129797374,0.17506485190107524,1.5085225050100202
0.1191119,0.12236458,74864.633,0.47052060129797374,0.18404255127043717,1.500293246492986
0.1191119,0.12462626,74460.867,0.47052060129797374,0.19302021094514876,1.4922017434869739
0.1191119,0.12682731,74075.047,0.47052060129797374,0.2017572019549397,1.484469879759519
0.1191119,0.12882815,73730.805,0.47052060129797374,0.2096994663705732,1.4775712424849698
0.1191119,0.13056801,73436.68,0.47052060129797374,0.21660577980202408,1.4716769539078154
0.1191119,0.13208094,73184.633,0.47052060129797374,0.22261130253364897,1.4666259118236473
0.1191119,0.13339652,72968.234,0.47052060129797374,0.22783345134110933,1.462289258517034
0.1191119,0.1345405,72782.07,0.47052060129797374,0.2323744399489923,1.4585585170340682
0.1191119,0.13553528,72621.68,0.47052060129797374,0.23632318437402572,1.4553442885771541
0.1191119,0.1364003,72483.469,0.47052060129797374,0.23975685101644154,1.4525745290581162
0.1191119,0.13715248,72364.195,0.47052060129797374,0.24274260322458968,1.4501842685370743
0.1191119,0.13780656,72261.289,0.47052060129797374,0.2453389509130493,1.4481220240480963
0.1191119,0.13837533,72172.43,0.47052060129797374,0.2475966635395861,1.44634128256513
0.1191119,0.13886991,72095.734,0.47052060129797374,0.24955988155536155,1.4448042885771541
0.1191119,0.13929997,72029.477,0.47052060129797374,0.25126698968723976,1.443476492985972
0.12138093,0.012700032,72132.508,0.4795274365406742,-0.25126703732082023,1.44554124248497
0.12138093,0.013130102,72196.859,0.4795274365406742,-0.24955988949429161,1.4468308416833666
0.12138093,0.013624683,72271.359,0.4795274365406742,-0.2475966675090512,1.4483238276553105
0.12138093,0.01419345,72357.641,0.4795274365406742,-0.24533896679090955,1.4500529258517034
0.12138093,0.014847533,72457.531,0.4795274365406742,-0.24274260719405483,1.452054729458918
0.12138093,0.015599728,72573.242,0.4795274365406742,-0.23975679544393114,1.4543735871743486
0.12138093,0.016464751,72707.312,0.4795274365406742,-0.23632311689312022,1.457060360721443
0.12138093,0.01745953,72862.688,0.4795274365406742,-0.23237437643755182,1.4601741082164328
0.12138093,0.018603524,73042.961,0.4795274365406742,-0.2278333322571585,1.4637867935871742
0.12138093,0.019919118,73252.344,0.4795274365406742,-0.2226111278771876,1.4679828456913828
0.12138093,0.02143205,73496.016,0.4795274365406742,-0.2166055972066326,1.4728660521042085
0.12138093,0.023171924,73780.195,0.4795274365406742,-0.20969922820267134,1.4785610220440883
0.12138093,0.025172777,74112.461,0.4795274365406742,-0.2017569121839924,1.485219659318637
0.12138093,0.027373843,74484.844,0.4795274365406742,-0.19301985766276095,1.4926822444889778
0.12138093,0.029635523,74875.242,0.4795274365406742,-0.18404219798804936,1.500505851703407
0.12138093,0.031897206,75273.328,0.4795274365406742,-0.17506452640494263,1.5084835270541082
0.12138093,0.034158885,75678.234,0.4795274365406742,-0.16608687069969608,1.5165978757515028
0.12138093,0.036420569,76088.703,0.4795274365406742,-0.15710919514712432,1.5248237074148296
0.12138093,0.038682248,76502.469,0.4795274365406742,-0.14813153944187774,1.5331156112224449
0.12138093,0.040943936,76916.391,0.4795274365406742,-0.1391538480114459,1.5414106412825652
0.12138093,0.043205615,77326.984,0.4795274365406742,-0.1301761923061993,1.5496389579158316
0.12138093,0.045467298,77729.789,0.4795274365406742,-0.1211985207230926,1.5577112024048096
0.12138093,0.047728978,78120.438,0.4795274365406742,-0.11222086104838103,1.5655398396793585
0.12138093,0.049990661,78493.609,0.4795274365406742,-0.10324318946527432,1.5730182164328657
0.12138093,0.052252341,78847.32,0.4795274365406742,-0.09426552979056271,1.580106613226453
0.12138093,0.054514024,79177.055,0.4795274365406742,-0.085287858207456,1.5867145290581162
0.12138093,0.056775704,79481.531,0.4795274365406742,-0.0763101985327444,1.59281625250501
0.12138093,0.059037384,79758.805,0.4795274365406742,-0.06733253885803281,1.5983728456913826
0.12138093,0.061299067,80006.844,0.4795274365406742,-0.058354867274926114,1.6033435671342684
0.12138093,0.063560754,80224.375,0.4795274365406742,-0.04937717981395929,1.6077029058116232
0.12138093,0.06582243,80410.562,0.4795274365406742,-0.040399536017107794,1.611434108216433
0.12138093,0.068084113,80562.812,0.4795274365406742,-0.03142186443400109,1.6144852104208418
0.12138093,0.070345797,80678.953,0.4795274365406742,-0.02244418888142936,1.6168126853707414
0.12138093,0.07260748,80758.719,0.4795274365406742,-0.013466517298322657,1.6184112024048096
0.12138093,0.074869156,80801.047,0.4795274365406742,-0.0044888735014711675,1.6192594589178357
0.12138093,0.077130839,80804.25,0.4795274365406742,0.004488798081635535,1.619323647294589
0.12138093,0.079392523,80768.797,0.4795274365406742,0.013466473634207268,1.6186131663326655
0.12138093,0.081654206,80695.523,0.4795274365406742,0.022444145217313916,1.6171447494989981
0.12138093,0.083915889,80585.922,0.4795274365406742,0.03142181680042062,1.6149483366733468
0.12138093,0.086177565,80440.656,0.4795274365406742,0.04039946059727211,1.6120371943887777
0.12138093,0.088439256,80260.828,0.4795274365406742,0.049377163936099054,1.6084334268537073
0.12138093,0.090700924,80050.039,0.4795274365406742,0.0583547759772303,1.6042091983967937
0.12138093,0.092962608,79809.07,0.4795274365406742,0.06733245152980204,1.5993801603206415
0.12138093,0.095224299,79537.617,0.4795274365406742,0.07631015486862898,1.5939402204408817
0.12138093,0.097485982,79238.398,0.4795274365406742,0.08528782645173569,1.5879438476953909
0.12138093,0.099747658,78913.898,0.4795274365406742,0.09426547024858717,1.5814408416833667
0.12138093,0.10200934,78564.984,0.4795274365406742,0.10324313786222884,1.5744485771543086
0.12138093,0.10427102,78196.742,0.4795274365406742,0.11222079753694046,1.5670689779559117
0.12138093,0.10653271,77810.289,0.4795274365406742,0.12119849690630237,1.5593244288577155
0.12138093,0.10879438,77410.695,0.4795274365406742,0.13017611688636363,1.5513165330661325
0.12138093,0.11105607,77002.688,0.4795274365406742,0.1391538162557256,1.5431400400801603
0.12138093,0.11331775,76591.633,0.4795274365406742,0.14813147593043716,1.5349024649298597
0.12138093,0.11557943,76180.602,0.4795274365406742,0.15710913560514878,1.526665370741483
0.12138093,0.11784111,75772.75,0.4795274365406742,0.16608679527986037,1.5184919839679358
0.12138093,0.12010279,75370.172,0.4795274365406742,0.17506445495457199,1.5104242885771544
0.12138093,0.12236448,74974.414,0.4795274365406742,0.1840421543239339,1.5024932665330661
0.12138093,0.12462616,74586.102,0.4795274365406742,0.1930198139986455,1.4947114629258518
0.12138093,0.12682723,74215.586,0.4795274365406742,0.20175688439773715,1.4872862925851702
0.12138093,0.12882808,73885.102,0.4795274365406742,0.20969918850802097,1.480663366733467
0.12138093,0.13056794,73602.609,0.4795274365406742,0.21660550193947173,1.4750021843687373
0.12138093,0.13208088,73360.477,0.4795274365406742,0.22261106436574704,1.4701498396793586
0.12138093,0.13339648,73152.469,0.4795274365406742,0.22783329256250812,1.4659813426853707
0.12138093,0.13454047,72973.375,0.4795274365406742,0.23237432086504128,1.4623922845691382
0.12138093,0.13553526,72819.039,0.4795274365406742,0.236323104984725,1.459299378757515
0.12138093,0.13640027,72685.914,0.4795274365406742,0.2397567319324905,1.4566315430861725
0.12138093,0.13715246,72571.039,0.4795274365406742,0.24274252383528908,1.4543294388777557
0.12138093,0.13780655,72471.898,0.4795274365406742,0.24533891121839901,1.4523426452905812
0.12138093,0.13837531,72386.266,0.4795274365406742,0.24759658415028546,1.4506265731462926
0.12138093,0.1388699,72312.312,0.4795274365406742,0.24955984186071115,1.4491445290581164
0.12138093,0.13929997,72248.438,0.4795274365406742,0.25126698968723976,1.4478644889779557
0.1239903,0.012700034,72354.445,0.48988523951253676,-0.25126702938189016,1.4499888777555112
0.1239903,0.013130108,72416.898,0.48988523951253676,-0.24955986567750144,1.4512404408817636
0.1239903,0.013624692,72489.164,0.48988523951253676,-0.24759663178386593,1.4526886573146294
0.1239903,0.014193465,72572.844,0.48988523951253676,-0.24533890724893404,1.4543656112224448
0.1239903,0.014847552,72669.695,0.48988523951253676,-0.24274253177421917,1.4563065130260522
0.1239903,0.015599756,72781.82,0.48988523951253676,-0.23975668429891023,1.4585535070140283
0.1239903,0.016464787,72911.633,0.48988523951253676,-0.23632297399237903,1.4611549699398798
0.1239903,0.017459573,73062.0,0.48988523951253676,-0.23237420575055542,1.4641683366733467
0.1239903,0.018603578,73236.336,0.48988523951253676,-0.22783311790604674,1.4676620440881762
0.1239903,0.019919183,73438.562,0.48988523951253676,-0.22261086986196046,1.4717146693386776
0.1239903,0.02143213,73673.789,0.48988523951253676,-0.21660527964943002,1.4764286372745492
0.1239903,0.023172015,73947.828,0.48988523951253676,-0.20969886698135334,1.4819204008016031
0.1239903,0.025172887,74267.945,0.48988523951253676,-0.2017564755428388,1.4883355711422848
0.1239903,0.027373958,74626.57,0.48988523951253676,-0.19301940117428218,1.4955224448897797
0.1239903,0.029635634,75002.422,0.48988523951253676,-0.18404175737743073,1.5030545490981966
0.1239903,0.03189731,75385.562,0.48988523951253676,-0.17506411358057927,1.5107327054108217
0.1239903,0.03415899,75774.695,0.48988523951253676,-0.16608645390586765,1.5185309619238478
0.1239903,0.036420666,76167.711,0.48988523951253676,-0.1571088101090162,1.5264070340681362
0.1239903,0.038682338,76561.078,0.48988523951253676,-0.14813118219002486,1.534290140280561
0.1239903,0.040944017,76950.656,0.48988523951253676,-0.13915352648477827,1.5420973146292585
0.1239903,0.043205697,77332.016,0.48988523951253676,-0.13017586681006665,1.5497397995991984
0.1239903,0.045467369,77700.438,0.48988523951253676,-0.12119823889107531,1.557123006012024
0.1239903,0.047729045,78051.82,0.48988523951253676,-0.11222059509422386,1.564164729458918
0.1239903,0.049990725,78381.828,0.48988523951253676,-0.10324293541951224,1.5707781162324648
0.1239903,0.052252397,78689.594,0.48988523951253676,-0.0942653075005209,1.5769457715430861
0.1239903,0.054514073,78972.328,0.48988523951253676,-0.08528766370366941,1.582611783567134
0.1239903,0.056775752,79230.625,0.48988523951253676,-0.07631000799842286,1.5877880761523047
0.1239903,0.059037425,79463.734,0.48988523951253676,-0.06733237610996648,1.5924595991983967
0.1239903,0.061299101,79670.695,0.48988523951253676,-0.05835473231311499,1.596607114228457
0.1239903,0.063560784,79851.375,0.48988523951253676,-0.04937706073000832,1.6002279559118235
0.1239903,0.065822452,80005.039,0.48988523951253676,-0.04039944868887707,1.6033073947895793
0.1239903,0.068084136,80130.227,0.48988523951253676,-0.03142177313630534,1.6058161723446893
0.1239903,0.070345812,80225.43,0.48988523951253676,-0.022444129339453903,1.6077240480961923
0.1239903,0.072607487,80290.883,0.48988523951253676,-0.013466489512067446,1.6090357314629258
0.1239903,0.074869156,80325.883,0.48988523951253676,-0.0044888735014711675,1.6097371342685372
0.1239903,0.077130839,80329.016,0.48988523951253676,0.004488798081635535,1.6097999198396795
0.1239903,0.079392515,80300.695,0.48988523951253676,0.01346644187848697,1.609232364729459
0.1239903,0.081654191,80241.633,0.48988523951253676,0.02244408567533846,1.6080487575150302
0.1239903,0.083915867,80152.781,0.48988523951253676,0.03142172947218995,1.6062681563126253
0.1239903,0.086177543,80034.227,0.48988523951253676,0.04039937326904138,1.6038923246492987
0.1239903,0.088439226,79886.602,0.48988523951253676,0.04937704485214809,1.6009339078156313
0.1239903,0.090700895,79712.305,0.48988523951253676,0.058354660862744365,1.5974409819639277
0.1239903,0.09296257,79512.047,0.48988523951253676,0.06733230069013077,1.5934277955911824
0.1239903,0.095224246,79284.914,0.48988523951253676,0.07630994448698226,1.5888760320641284
0.1239903,0.097485922,79032.172,0.48988523951253676,0.08528758828383375,1.5838110621242487
0.1239903,0.099747598,78755.219,0.48988523951253676,0.09426523208068524,1.5782609018036071
0.1239903,0.10200928,78452.883,0.48988523951253676,0.10324289969432686,1.5722020641282566
0.1239903,0.10427096,78128.758,0.48988523951253676,0.11222055936903846,1.5657065731462927
0.1239903,0.10653263,77782.539,0.48988523951253676,0.12119817934909978,1.5587683166332666
0.1239903,0.10879431,77418.305,0.48988523951253676,0.13017583902381138,1.5514690380761522
0.1239903,0.11105599,77040.414,0.48988523951253676,0.13915349869852295,1.5438960721442887
0.1239903,0.11331766,76654.43,0.48988523951253676,0.14813111867858425,1.5361609218436871
0.1239903,0.11557934,76264.461,0.48988523951253676,0.15710877835329587,1.5283459118236473
0.1239903,0.11784101,75874.609,0.48988523951253676,0.16608639833335712,1.520533246492986
0.1239903,0.12010269,75488.188,0.48988523951253676,0.17506405800806873,1.5127893386773545
0.1239903,0.12236436,75107.711,0.48988523951253676,0.18404167798813004,1.5051645490981964
0.1239903,0.12462604,74734.211,0.48988523951253676,0.1930193376628416,1.4976795791583166
0.1239903,0.12682712,74377.656,0.48988523951253676,0.20175644775658347,1.4905341883767536
0.1239903,0.12882797,74059.43,0.48988523951253676,0.2096987518668674,1.4841569138276551
0.1239903,0.13056788,73787.164,0.48988523951253676,0.2166052637715698,1.4787006813627255
0.1239903,0.13208082,73553.57,0.48988523951253676,0.222610826197845,1.4740194388777557
0.1239903,0.13339642,73352.711,0.48988523951253676,0.22783305439460608,1.4699942084168336
0.1239903,0.13454042,73179.688,0.48988523951253676,0.23237412239178964,1.4665268136272545
0.1239903,0.13553521,73030.438,0.48988523951253676,0.2363229065114734,1.4635358316633265
0.1239903,0.13640025,72901.625,0.48988523951253676,0.2397566525431899,1.4609544088176352
0.1239903,0.13715245,72790.375,0.48988523951253676,0.24274248414063876,1.4587249498997996
0.1239903,0.13780653,72694.312,0.48988523951253676,0.2453388318290984,1.4567998396793589
0.1239903,0.13837531,72611.312,0.48988523951253676,0.24759658415028546,1.4551365130260523
0.1239903,0.1388699,72539.617,0.48988523951253676,0.24955984186071115,1.453699739478958
0.1239903,0.13929997,72477.656,0.48988523951253676,0.25126698968723976,1.4524580360721444
0.12699109,0.012700036,72575.805,0.5017967704874218,-0.2512670214429601,1.4544249498997994
0.12699109,0.013130113,72636.641,0.5017967704874218,-0.24955984583017626,1.4556441082164329
0.12699109,0.013624704,72707.109,0.5017967704874218,-0.24759658415028551,1.4570562925851702
0.12699109,0.014193483,72788.648,0.5017967704874218,-0.24533883579856344,1.4586903406813627
0.12699109,0.014847577,72882.969,0.5017967704874218,-0.24274243253759337,1.4605805410821642
0.12699109,0.015599785,72992.133,0.5017967704874218,-0.23975656918442428,1.4627681963927857
0.12699109,0.016464826,73118.445,0.5017967704874218,-0.23632281918324277,1.4652994989979962
0.12699109,0.017459624,73264.672,0.5017967704874218,-0.23237400330783875,1.4682298997995993
0.12699109,0.018603638,73434.047,0.5017967704874218,-0.22783287973814476,1.4716241883767536
0.12699109,0.019919258,73630.469,0.5017967704874218,-0.22261057215208305,1.4755605010020039
0.12699109,0.021432219,73858.68,0.5017967704874218,-0.21660492636704212,1.4801338677354707
0.12699109,0.023172125,74124.297,0.5017967704874218,-0.20969843034019978,1.4854568537074149
0.12699109,0.025173016,74434.094,0.5017967704874218,-0.20175596348184963,1.4916652104208417
0.12699109,0.027374094,74780.445,0.5017967704874218,-0.19301886132703777,1.498606112224449
0.12699109,0.029635763,75142.352,0.5017967704874218,-0.18404124531644156,1.50585875751503
0.12699109,0.031897433,75509.273,0.5017967704874218,-0.17506362533638026,1.513211883767535
0.12699109,0.034159105,75878.984,0.5017967704874218,-0.16608599741738891,1.5206209218436872
0.12699109,0.036420774,76248.352,0.5017967704874218,-0.15710838140679265,1.5280230861723447
0.12699109,0.038682442,76613.047,0.5017967704874218,-0.14813076936566147,1.535331603206413
0.12699109,0.040944114,76968.367,0.5017967704874218,-0.13915314144667013,1.5424522444889779
0.12699109,0.043205786,77309.828,0.5017967704874218,-0.13017551352767875,1.5492951503006012
0.12699109,0.045467455,77633.273,0.5017967704874218,-0.12119789751708253,1.5557770140280562
0.12699109,0.047729123,77935.648,0.5017967704874218,-0.11222028547595131,1.561836633266533
0.12699109,0.049990796,78213.93,0.5017967704874218,-0.10324265358749495,1.5674134268537072
0.12699109,0.052252464,78468.945,0.5017967704874218,-0.09426504154636373,1.5725239478957918
0.12699109,0.054514132,78699.195,0.5017967704874218,-0.0852874295052325,1.5771381763527055
0.12699109,0.056775805,78906.391,0.5017967704874218,-0.07630979761677613,1.5812904008016033
0.12699109,0.059037473,79091.195,0.5017967704874218,-0.06733218557564491,1.5849938877755512
0.12699109,0.061299145,79253.109,0.5017967704874218,-0.05835455765665357,1.5882386573146292
0.12699109,0.063560814,79392.523,0.5017967704874218,-0.049376941646057354,1.5910325250501003
0.12699109,0.065822482,79509.773,0.5017967704874218,-0.04039932960492611,1.5933822244488978
0.12699109,0.068084151,79604.633,0.5017967704874218,-0.03142171359432988,1.5952832264529058
0.12699109,0.070345826,79676.125,0.5017967704874218,-0.022444073766943424,1.5967159318637274
0.12699109,0.072607502,79725.484,0.5017967704874218,-0.013466429970091934,1.5977050901803607
0.12699109,0.074869171,79752.078,0.5017967704874218,-0.0044888139594957115,1.5982380360721442
0.12699109,0.077130832,79755.094,0.5017967704874218,0.004488770295380267,1.5982984769539077
0.12699109,0.079392508,79734.758,0.5017967704874218,0.013466414092231756,1.5978909418837675
0.12699109,0.081654176,79691.438,0.5017967704874218,0.022444026133362948,1.5970228056112223
0.12699109,0.083915845,79625.859,0.5017967704874218,0.031421642143959226,1.5957085971943887
0.12699109,0.086177513,79537.219,0.5017967704874218,0.04039925418509042,1.5939322444889779
0.12699109,0.088439189,79425.547,0.5017967704874218,0.049376897981941906,1.5916943286573146
0.12699109,0.090700857,79292.273,0.5017967704874218,0.0583545100230731,1.5890235070140282
0.12699109,0.092962526,79136.859,0.5017967704874218,0.06733212603366938,1.585908997995992
0.12699109,0.095224194,78958.164,0.5017967704874218,0.07630973807480057,1.5823279358717435
0.12699109,0.097485863,78756.82,0.5017967704874218,0.08528735408539684,1.5782929859719441
0.12699109,0.099747539,78532.727,0.5017967704874218,0.09426499788224828,1.5738021442885772
0.12699109,0.10200921,78283.711,0.5017967704874218,0.10324262183177461,1.5688118436873746
0.12699109,0.10427088,78012.062,0.5017967704874218,0.11222024181183587,1.563367975951904
0.12699109,0.10653254,77715.805,0.5017967704874218,0.12119782209724682,1.5574309619238476
0.12699109,0.10879421,77397.68,0.5017967704874218,0.13017544207730813,1.5510557114228456
0.12699109,0.11105588,77060.703,0.5017967704874218,0.13915306205736938,1.5443026653306613
0.12699109,0.11331756,76709.852,0.5017967704874218,0.148130721732081,1.5372715831663326
0.12699109,0.11557923,76349.398,0.5017967704874218,0.1571083417121423,1.5300480561122245
0.12699109,0.1178409,75983.93,0.5017967704874218,0.16608596169220355,1.5227240480961923
0.12699109,0.12010257,75617.5,0.5017967704874218,0.17506358167226485,1.5153807615230461
0.12699109,0.12236423,75253.703,0.5017967704874218,0.1840411619576758,1.5080902404809617
0.12699109,0.1246259,74894.477,0.5017967704874218,0.19301878193773706,1.5008913226452905
0.12699109,0.12682699,74550.445,0.5017967704874218,0.2017559317261293,1.4939968937875754
0.12699109,0.12882787,74242.711,0.5017967704874218,0.20969835492036415,1.4878298797595189
0.12699109,0.13056779,73978.984,0.5017967704874218,0.21660490651971684,1.482544769539078
0.12699109,0.13208075,73752.523,0.5017967704874218,0.22261054833529276,1.4780064729458917
0.12699109,0.13339636,73557.578,0.5017967704874218,0.22783281622670415,1.474099759519038
0.12699109,0.13454038,73389.562,0.5017967704874218,0.23237396361318832,1.4707327054108217
0.12699109,0.13553518,73244.5,0.5017967704874218,0.23632278742752247,1.4678256513026051
0.12699109,0.13640021,73119.273,0.5017967704874218,0.23975649376458857,1.4653160921843689
0.12699109,0.13715242,73011.039,0.5017967704874218,0.24274236505668775,1.4631470741482966
0.12699109,0.13780652,72917.539,0.5017967704874218,0.24533879213444798,1.4612733266533067
0.12699109,0.1383753,72836.695,0.5017967704874218,0.24759654445563517,1.4596532064128258
0.12699109,0.13886988,72766.859,0.5017967704874218,0.24955976247141054,1.4582536873747494
0.12699109,0.13929996,72706.492,0.5017967704874218,0.2512669499925895,1.4570439278557115
0.13044201,0.012700039,72783.164,0.5154950767573874,-0.25126700953456504,1.4585804408817635
0.13044201,0.013130121,72842.625,0.5154950767573874,-0.24955981407445604,1.4597720440881763
0.13044201,0.013624717,72911.422,0.5154950767573874,-0.2475965325472401,1.461150741482966
0.13044201,0.014193502,72991.094,0.5154950767573874,-0.24533876037872784,1.462747374749499
0.13044201,0.014847604,73083.273,0.5154950767573874,-0.2427423253620375,1.4645946492985973
0.13044201,0.015599822,73189.898,0.5154950767573874,-0.2397564223142181,1.4667314228456914
0.13044201,0.016464872,73313.297,0.5154950767573874,-0.23632263658785127,1.469204348697395
0.13044201,0.017459681,73456.18,0.5154950767573874,-0.2323737770483319,1.4720677354709417
0.13044201,0.018603709,73621.633,0.5154950767573874,-0.22783259790612748,1.4753834268537074
0.13044201,0.019919343,73813.414,0.5154950767573874,-0.22261023474755529,1.479226733466934
0.13044201,0.021432323,74036.078,0.5154950767573874,-0.21660451354267873,1.4836889378757514
0.13044201,0.023172248,74294.703,0.5154950767573874,-0.2096979420960008,1.4888718036072144
0.13044201,0.025173161,74595.492,0.5154950767573874,-0.2017553879094199,1.4948996392785572
0.13044201,0.027374249,74929.648,0.5154950767573874,-0.19301824605995774,1.5015961523046093
0.13044201,0.029635912,75275.602,0.5154950767573874,-0.18404065386615168,1.5085290981963928
0.13044201,0.031897575,75621.75,0.5154950767573874,-0.17506306167234564,1.5154659318637274
0.13044201,0.034159239,75964.688,0.5154950767573874,-0.16608546550907455,1.5223384368737474
0.13044201,0.0364209,76300.336,0.5154950767573874,-0.15710788125419858,1.5290648496993988
0.13044201,0.038682561,76624.602,0.5154950767573874,-0.1481302969993226,1.5355631663326652
0.13044201,0.040944226,76933.273,0.5154950767573874,-0.13915269686658646,1.5417489579158317
0.13044201,0.043205887,77223.328,0.5154950767573874,-0.1301751126117105,1.5475616833667334
0.13044201,0.045467552,77492.016,0.5154950767573874,-0.12119751247897437,1.5529462124248499
0.13044201,0.047729213,77738.344,0.5154950767573874,-0.11221992822409839,1.5578826452905812
0.13044201,0.049990878,77960.945,0.5154950767573874,-0.10324232809136226,1.5623435871743487
0.13044201,0.052252542,78161.195,0.5154950767573874,-0.09426473192809119,1.566356613226453
0.13044201,0.054514203,78339.305,0.5154950767573874,-0.08528714767321521,1.5699259519038076
0.13044201,0.056775864,78497.102,0.5154950767573874,-0.07630956341833921,1.5730882164328657
0.13044201,0.059037529,78634.906,0.5154950767573874,-0.0673319632856031,1.5758498196392785
0.13044201,0.06129919,78753.148,0.5154950767573874,-0.05835437903072709,1.5782193987975952
0.13044201,0.063560851,78853.0,0.5154950767573874,-0.049376794775851114,1.5802204408817635
0.13044201,0.065822519,78935.766,0.5154950767573874,-0.04039918273471992,1.5818790781563128
0.13044201,0.06808418,79002.141,0.5154950767573874,-0.031421598479843944,1.583209238476954
0.13044201,0.070345841,79051.773,0.5154950767573874,-0.02244401422496791,1.584203867735471
0.13044201,0.07260751,79086.164,0.5154950767573874,-0.01346639821437169,1.5848930661322647
0.13044201,0.074869171,79105.055,0.5154950767573874,-0.0044888139594957115,1.585271643286573
0.13044201,0.077130832,79107.844,0.5154950767573874,0.004488770295380267,1.5853275350701401
0.13044201,0.0793925,79094.742,0.5154950767573874,0.013466382336511514,1.5850649699398798
0.13044201,0.081654161,79065.867,0.5154950767573874,0.022443966591387494,1.5844863126252504
0.13044201,0.083915822,79021.781,0.5154950767573874,0.03142155084626347,1.5836028256513026
0.13044201,0.086177483,78961.211,0.5154950767573874,0.04039913510113945,1.582388997995992
0.13044201,0.088439152,78883.766,0.5154950767573874,0.04937675111173567,1.580836993987976
0.13044201,0.090700805,78789.742,0.5154950767573874,0.0583543036108914,1.578952745490982
0.13044201,0.092962474,78677.852,0.5154950767573874,0.06733191962148768,1.5767104609218436
0.13044201,0.095224127,78546.266,0.5154950767573874,0.07630947212064342,1.5740734669338678
0.13044201,0.097485796,78394.594,0.5154950767573874,0.08528708813123964,1.5710339478957915
0.13044201,0.099747457,78222.789,0.5154950767573874,0.09426467238611562,1.5675909619238477
0.13044201,0.10200912,78028.906,0.5154950767573874,0.10324226457992165,1.5637055310621244
0.13044201,0.10427079,77813.305,0.5154950767573874,0.11221988455998297,1.5593848697394788
0.13044201,0.10653245,77573.688,0.5154950767573874,0.12119746484539391,1.5545829258517032
0.13044201,0.10879411,77311.25,0.5154950767573874,0.13017504513080486,1.5493236472945893
0.13044201,0.11105578,77026.719,0.5154950767573874,0.13915266511086616,1.543621623246493
0.13044201,0.11331744,76723.531,0.5154950767573874,0.14813024539627712,1.5375457114228457
0.13044201,0.1155791,76404.453,0.5154950767573874,0.15710782568168807,1.5311513627254507
0.13044201,0.11784077,76073.57,0.5154950767573874,0.16608544566174932,1.5245204408817636
0.13044201,0.12010243,75734.719,0.5154950767573874,0.17506302594716028,1.5177298396793586
0.13044201,0.12236409,75392.328,0.5154950767573874,0.1840406062325712,1.5108682965931863
0.13044201,0.12462574,75049.555,0.5154950767573874,0.19301814682333185,1.5039990981963927
0.13044201,0.12682684,74718.055,0.5154950767573874,0.2017553363063744,1.4973558116232464
0.13044201,0.12882775,74419.648,0.5154950767573874,0.20969787858456015,1.4913757114228456
0.13044201,0.13056767,74163.102,0.5154950767573874,0.21660443018391298,1.486234509018036
0.13044201,0.13208066,73942.273,0.5154950767573874,0.2226101910834398,1.4818090781563127
0.13044201,0.1333963,73752.156,0.5154950767573874,0.2278325780588022,1.477999118236473
0.13044201,0.13454032,73588.047,0.5154950767573874,0.23237372544528637,1.474710360721443
0.13044201,0.13553512,73446.422,0.5154950767573874,0.23632254925962054,1.4718721843687377
0.13044201,0.13640018,73324.18,0.5154950767573874,0.23975637468063765,1.4694224448897795
0.13044201,0.13715239,73218.547,0.5154950767573874,0.24274224597273683,1.4673055511022046
0.13044201,0.1378065,73127.273,0.5154950767573874,0.24533871274514737,1.4654764128256512
0.13044201,0.13837528,73048.383,0.5154950767573874,0.24759646506633445,1.4638954509018036
0.13044201,0.13886988,72980.188,0.5154950767573874,0.24955976247141054,1.4625288176352704
0.13044201,0.13929996,72921.266,0.5154950767573874,0.2512669499925895,1.4613480160320642
0.13434342,0.012700041,72958.57,0.5309815873298452,-0.251267001595635,1.4620955911823648
0.13434342,0.01313013,73016.734,0.5309815873298452,-0.2495597783492707,1.4632612024048095
0.13434342,0.013624731,73084.062,0.5309815873298452,-0.24759647697472964,1.4646104609218438
0.13434342,0.014193524,73162.047,0.5309815873298452,-0.2453386730504971,1.4661732865731465
0.13434342,0.014847634,73252.352,0.5309815873298452,-0.24274220627808651,1.467983006012024
0.13434342,0.015599863,73356.961,0.5309815873298452,-0.23975625956615176,1.470079378757515
0.13434342,0.016464924,73477.914,0.5309815873298452,-0.2363224301756696,1.4725032865731464
0.13434342,0.017459745,73617.883,0.5309815873298452,-0.23237352300256983,1.4753082765531063
0.13434342,0.018603789,73780.156,0.5309815873298452,-0.22783228034892486,1.478560240480962
0.13434342,0.01991944,73968.148,0.5309815873298452,-0.22260984970944714,1.482327615230461
0.13434342,0.021432439,74185.883,0.5309815873298452,-0.216604053084735,1.4866910420841684
0.13434342,0.023172388,74437.797,0.5309815873298452,-0.20969738637089622,1.4917394188376756
0.13434342,0.025173327,74728.289,0.5309815873298452,-0.20175472897822455,1.4975609018036073
0.13434342,0.027374424,75047.016,0.5309815873298452,-0.19301755140357704,1.5039482164328657
0.13434342,0.029636079,75370.711,0.5309815873298452,-0.18403999096549128,1.5104350901803607
0.13434342,0.031897731,75687.078,0.5309815873298452,-0.17506244243580057,1.5167751102204408
0.13434342,0.034159388,75991.922,0.5309815873298452,-0.16608487405878472,1.5228842084168337
0.13434342,0.036421046,76282.062,0.5309815873298452,-0.15710730171230383,1.5286986372745492
0.13434342,0.038682699,76554.492,0.5309815873298452,-0.1481297492131481,1.5341581563126252
0.13434342,0.040944353,76806.891,0.5309815873298452,-0.13915219274452734,1.5392162525050102
0.13434342,0.043206006,77038.789,0.5309815873298452,-0.13017464024537162,1.543863507014028
0.13434342,0.04546766,77249.195,0.5309815873298452,-0.12119708377675086,1.5480800601202407
0.13434342,0.047729317,77438.617,0.5309815873298452,-0.112219515399735,1.5518760921843686
0.13434342,0.049990971,77607.5,0.5309815873298452,-0.10324195893111424,1.5552605210420842
0.13434342,0.052252628,77757.586,0.5309815873298452,-0.09426439055409838,1.558268256513026
0.13434342,0.054514281,77888.883,0.5309815873298452,-0.08528683805494267,1.5608994589178358
0.13434342,0.056775935,78003.266,0.5309815873298452,-0.0763092815863219,1.5631917034068137
0.13434342,0.059037592,78101.797,0.5309815873298452,-0.06733171320930605,1.5651662725450903
0.13434342,0.061299242,78185.164,0.5309815873298452,-0.05835417261854543,1.5668369539078157
0.13434342,0.063560896,78254.766,0.5309815873298452,-0.04937661614992464,1.5682317835671344
0.13434342,0.065822557,78312.008,0.5309815873298452,-0.040399031895048655,1.5693789178356714
0.13434342,0.06808421,78357.68,0.5309815873298452,-0.031421479395892925,1.5702941883767534
0.13434342,0.070345864,78391.625,0.5309815873298452,-0.022443922927272212,1.5709744488977957
0.13434342,0.072607517,78415.375,0.5309815873298452,-0.013466370428116478,1.5714504008016033
0.13434342,0.074869171,78428.727,0.5309815873298452,-0.0044888139594957115,1.5717179759519038
0.13434342,0.077130824,78431.383,0.5309815873298452,0.004488738539660023,1.5717712024048096
0.13434342,0.079392478,78423.461,0.5309815873298452,0.013466295008280789,1.5716124448897795
0.13434342,0.081654139,78405.062,0.5309815873298452,0.022443879263156767,1.57124372745491
0.13434342,0.083915792,78376.477,0.5309815873298452,0.031421431762312504,1.570670881763527
0.13434342,0.086177438,78336.367,0.5309815873298452,0.04039895647521297,1.5698670741482965
0.13434342,0.088439099,78284.344,0.5309815873298452,0.04937654073008895,1.5688245290581162
0.13434342,0.090700753,78220.32,0.5309815873298452,0.058354097198709716,1.567541482965932
0.13434342,0.092962414,78143.047,0.5309815873298452,0.06733168145358569,1.5659929258517036
0.13434342,0.09522406,78050.547,0.5309815873298452,0.07630920616648622,1.5641392184368739
0.13434342,0.097485721,77942.188,0.5309815873298452,0.0852867904213622,1.5619676953907815
0.13434342,0.099747375,77817.312,0.5309815873298452,0.09426434688998296,1.5594651703406814
0.13434342,0.10200903,77673.531,0.5309815873298452,0.10324190732806876,1.5565837875751503
0.13434342,0.10427068,77511.43,0.5309815873298452,0.1122194479188294,1.5533352705410821
0.13434342,0.10653234,77329.078,0.5309815873298452,0.12119702820424035,1.5496809218436873
0.13434342,0.10879399,77125.422,0.5309815873298452,0.13017456879500094,1.5455996392785571
0.13434342,0.11105565,76899.586,0.5309815873298452,0.13915214908041193,1.541073867735471
0.13434342,0.11331731,76653.461,0.5309815873298452,0.1481297293658229,1.536141503006012
0.13434342,0.11557895,76387.141,0.5309815873298452,0.15710723026193318,1.5308044288577154
0.13434342,0.11784061,76102.625,0.5309815873298452,0.1660848105473441,1.5251027054108217
0.13434342,0.12010227,75802.844,0.5309815873298452,0.17506239083275507,1.5190950701402806
0.13434342,0.12236392,75491.172,0.5309815873298452,0.1840399314235157,1.5128491382765532
0.13434342,0.12462557,75171.5,0.5309815873298452,0.19301747201427635,1.506442885771543
0.13434342,0.12682667,74856.125,0.5309815873298452,0.2017546614973189,1.500122745490982
0.13434342,0.12882762,74568.406,0.5309815873298452,0.20969736255410598,1.4943568336673347
0.13434342,0.13056755,74318.914,0.5309815873298452,0.2166039538481091,1.489356993987976
0.13434342,0.13208055,74103.219,0.5309815873298452,0.22260975444228623,1.4850344488977956
0.13434342,0.13339621,73916.984,0.5309815873298452,0.22783222080694926,1.4813022845691382
0.13434342,0.13454026,73756.289,0.5309815873298452,0.23237348727738444,1.4780819438877757
0.13434342,0.13553508,73617.672,0.5309815873298452,0.23632239048101922,1.4753040480961925
0.13434342,0.13640013,73497.797,0.5309815873298452,0.23975617620738604,1.472901743486974
0.13434342,0.13715236,73394.25,0.5309815873298452,0.2427421268887858,1.4708266533066132
0.13434342,0.13780648,73304.93,0.5309815873298452,0.24533863335584677,1.4690366733466933
0.13434342,0.13837525,73227.773,0.5309815873298452,0.24759634598238353,1.4674904408817635
0.13434342,0.13886987,73161.102,0.5309815873298452,0.24955972277676022,1.4661543486973947
0.13434342,0.13929996,73103.555,0.5309815873298452,0.2512669499925895,1.4650011022044087
0.13845456,0.012700044,73082.234,0.5473006138035701,-0.2512669896872399,1.4645738276553106
0.13845456,0.013130139,73139.312,0.5473006138035701,-0.24955974262408542,1.4657176753507015
0.13845456,0.013624747,73205.195,0.5473006138035701,-0.24759641346328914,1.4670379759519039
0.13845456,0.014193548,73281.523,0.5473006138035701,-0.24533857778333634,1.4685675951903807
0.13845456,0.014847667,73369.977,0.5473006138035701,-0.24274207528574043,1.4703402204408818
0.13845456,0.015599906,73472.375,0.5473006138035701,-0.23975608887915537,1.4723922845691382
0.13845456,0.016464978,73590.82,0.5473006138035701,-0.2363222158245578,1.4747659318637276
0.13845456,0.017459814,73727.961,0.5473006138035701,-0.23237324910948257,1.4775142484969939
0.13845456,0.018603873,73886.531,0.5473006138035701,-0.22783194691386213,1.480692004008016
0.13845456,0.019919541,74069.664,0.5473006138035701,-0.22260944879347885,1.484362004008016
0.13845456,0.021432562,74280.625,0.5473006138035701,-0.21660356484053597,1.4885896793587174
0.13845456,0.023172533,74522.352,0.5473006138035701,-0.20969681079846655,1.4934339078156313
0.13845456,0.0251735,74797.102,0.5473006138035701,-0.2017540422607739,1.4989399198396793
0.13845456,0.02737461,75092.625,0.5473006138035701,-0.193016813083081,1.5048622244488978
0.13845456,0.029636255,75385.0,0.5473006138035701,-0.18403929233964555,1.5107214428857716
0.13845456,0.031897902,75662.492,0.5473006138035701,-0.17506176365728002,1.5162824048096193
0.13845456,0.034159549,75921.93,0.5473006138035701,-0.16608423497491448,1.5214815631262524
0.13845456,0.036421195,76161.406,0.5473006138035701,-0.15710671026201398,1.5262806813627254
0.13845456,0.038682837,76380.43,0.5473006138035701,-0.1481292014269736,1.5306699398797594
0.13845456,0.040944487,76578.406,0.5473006138035701,-0.13915166083621297,1.5346373947895793
0.13845456,0.043206133,76756.461,0.5473006138035701,-0.1301741361233125,1.538205631262525
0.13845456,0.045467783,76915.969,0.5473006138035701,-0.12119659553255187,1.5414021843687373
0.13845456,0.047729425,77058.305,0.5473006138035701,-0.11221908669751149,1.5442546092184368
0.13845456,0.049991071,77183.68,0.5473006138035701,-0.103241561984611,1.546767134268537
0.13845456,0.052252717,77293.727,0.5473006138035701,-0.09426403727171051,1.5489724849699398
0.13845456,0.054514363,77389.359,0.5473006138035701,-0.08528651255880998,1.5508889579158316
0.13845456,0.05677601,77472.781,0.5473006138035701,-0.07630898387644446,1.552560741482966
0.13845456,0.059037652,77544.82,0.5473006138035701,-0.06733147504140409,1.5540044088176355
0.13845456,0.061299302,77606.164,0.5473006138035701,-0.05835393445064347,1.55523374749499
0.13845456,0.063560948,77657.75,0.5473006138035701,-0.049376409737742946,1.5562675350701403
0.13845456,0.065822594,77700.539,0.5473006138035701,-0.04039888502484248,1.5571250300601203
0.13845456,0.06808424,77735.062,0.5473006138035701,-0.031421360311941954,1.5578168737474951
0.13845456,0.070345886,77760.938,0.5473006138035701,-0.02244383559904149,1.5583354308617234
0.13845456,0.072607532,77779.391,0.5473006138035701,-0.013466310886140967,1.558705230460922
0.13845456,0.074869171,77790.094,0.5473006138035701,-0.0044888139594957115,1.5589197194388777
0.13845456,0.077130824,77792.75,0.5473006138035701,0.004488738539660023,1.5589729458917836
0.13845456,0.07939247,77787.5,0.5473006138035701,0.013466263252560546,1.558867735470942
0.13845456,0.081654117,77774.445,0.5473006138035701,0.022443791934926044,1.558606112224449
0.13845456,0.083915763,77753.898,0.5473006138035701,0.03142131664782657,1.5581943486973948
0.13845456,0.086177409,77724.875,0.5473006138035701,0.040398841360727036,1.5576127254509018
0.13845456,0.088439055,77687.25,0.5473006138035701,0.04937636607362755,1.5568587174348698
0.13845456,0.090700693,77641.141,0.5473006138035701,0.05835385903080778,1.5559346893787576
0.13845456,0.09296234,77585.648,0.5473006138035701,0.06733138771317333,1.5548226052104208
0.13845456,0.095223993,77519.398,0.5473006138035701,0.07630894021232906,1.5534949498997996
0.13845456,0.097485639,77441.742,0.5473006138035701,0.08528646492522954,1.5519387174348698
0.13845456,0.099747285,77352.18,0.5473006138035701,0.09426398963813006,1.550143887775551
0.13845456,0.10200893,77248.164,0.5473006138035701,0.1032415103815655,1.5480593987975952
0.13845456,0.10427058,77129.352,0.5473006138035701,0.11221905097232614,1.5456783967935872
0.13845456,0.10653222,76993.844,0.5473006138035701,0.12119655186843642,1.5429628056112223
0.13845456,0.10879387,76840.734,0.5473006138035701,0.13017409245919706,1.5398944689378757
0.13845456,0.11105552,76669.039,0.5473006138035701,0.1391516330499577,1.5364536873747496
0.13845456,0.11331715,76477.555,0.5473006138035701,0.14812909425141768,1.5326163326653306
0.13845456,0.1155788,76264.938,0.5473006138035701,0.1571066348421783,1.5283554709418836
0.13845456,0.11784045,76031.898,0.5473006138035701,0.16608417543293894,1.5236853306613227
0.13845456,0.1201021,75778.344,0.5473006138035701,0.17506171602369958,1.5186040881763527
0.13845456,0.12236375,75506.477,0.5473006138035701,0.18403925661446016,1.5131558517034067
0.13845456,0.12462539,75219.195,0.5473006138035701,0.19301675751057049,1.5073986973947897
0.13845456,0.12682649,74927.984,0.5473006138035701,0.201753946993613,1.5015628056112225
0.13845456,0.12882747,74656.805,0.5473006138035701,0.2096967671343511,1.4961283567134267
0.13845456,0.13056743,74417.984,0.5473006138035701,0.21660347751230524,1.4913423647294588
0.13845456,0.13208047,74209.484,0.5473006138035701,0.2226094368850837,1.487164008016032
0.13845456,0.13339613,74028.438,0.5473006138035701,0.2278319032497467,1.4835358316633265
0.13845456,0.13454019,73871.594,0.5473006138035701,0.2323732094148322,1.4803926653306612
0.13845456,0.13553503,73736.0,0.5473006138035701,0.23632219200776758,1.4776753507014029
0.13845456,0.1364001,73618.898,0.5473006138035701,0.239756057123435,1.475328617234469
0.13845456,0.13715233,73517.594,0.5473006138035701,0.2427420078048348,1.4732984769539077
0.13845456,0.13780645,73430.172,0.5473006138035701,0.24533851427189574,1.4715465330661324
0.13845456,0.13837525,73354.781,0.5473006138035701,0.24759634598238353,1.4700356913827657
0.13845456,0.13886985,73289.461,0.5473006138035701,0.2495596433874595,1.4687266733466933
0.13845456,0.13929996,73233.039,0.5473006138035701,0.2512669499925895,1.4675959719438878
0.14256571,0.012700046,73140.312,0.5636196799719452,-0.2512669817483098,1.4657377154308617
0.14256571,0.013130147,73196.047,0.5636196799719452,-0.24955971086836518,1.4668546492985972
0.14256571,0.013624763,73260.531,0.5636196799719452,-0.24759634995184862,1.4681469138276553
0.14256571,0.01419357,73335.07,0.5636196799719452,-0.2453384904551056,1.4696406813627256
0.14256571,0.0148477,73421.273,0.5636196799719452,-0.24274194429339438,1.4713681963927856
0.14256571,0.015599947,73520.891,0.5636196799719452,-0.239755926131089,1.4733645490981964
0.14256571,0.016465032,73635.977,0.5636196799719452,-0.23632200147344606,1.4756708817635271
0.14256571,0.017459881,73768.68,0.5636196799719452,-0.23237298315532542,1.478330260521042
0.14256571,0.018603958,73921.398,0.5636196799719452,-0.22783160950933434,1.481390741482966
0.14256571,0.019919645,74096.414,0.5636196799719452,-0.22260903596911547,1.4848980761523047
0.14256571,0.021432685,74295.867,0.5636196799719452,-0.21660307659633699,1.4888951302605211
0.14256571,0.02317268,74521.281,0.5636196799719452,-0.20969622728710674,1.4934124448897796
0.14256571,0.025173675,74772.898,0.5636196799719452,-0.2017533476043932,1.498454869739479
0.14256571,0.027374793,75037.531,0.5636196799719452,-0.19301608667098005,1.5037581362725452
0.14256571,0.029636431,75292.758,0.5636196799719452,-0.1840385937137998,1.5088729058116233
0.14256571,0.031898074,75528.25,0.5636196799719452,-0.17506108090929443,1.5135921843687374
0.14256571,0.034159709,75743.375,0.5636196799719452,-0.16608359986050927,1.5179033066132264
0.14256571,0.036421344,75937.273,0.5636196799719452,-0.15710611881172412,1.5217890380761523
0.14256571,0.038682982,76110.984,0.5636196799719452,-0.14812862585454392,1.5252702204408817
0.14256571,0.040944621,76266.258,0.5636196799719452,-0.13915112892789863,1.5283819238476954
0.14256571,0.04320626,76404.664,0.5636196799719452,-0.13017363200125334,1.5311555911823649
0.14256571,0.045467895,76527.539,0.5636196799719452,-0.12119615095246822,1.5336180160320643
0.14256571,0.047729533,76636.203,0.5636196799719452,-0.11221865799528799,1.535795651302605
0.14256571,0.049991168,76731.93,0.5636196799719452,-0.10324117694650282,1.5377140280561121
0.14256571,0.052252803,76816.367,0.5636196799719452,-0.0942636958977177,1.5394061523046092
0.14256571,0.054514445,76890.75,0.5636196799719452,-0.08528618706267732,1.5408967935871742
0.14256571,0.056776084,76957.062,0.5636196799719452,-0.07630869013603207,1.5422256913827657
0.14256571,0.059037719,77015.484,0.5636196799719452,-0.06733120908724691,1.5433964729458918
0.14256571,0.061299354,77066.406,0.5636196799719452,-0.058353728038461776,1.5444169539078156
0.14256571,0.063560992,77110.133,0.5636196799719452,-0.049376235081281555,1.545293246492986
0.14256571,0.065822631,77147.32,0.5636196799719452,-0.040398738154636245,1.546038476953908
0.14256571,0.06808427,77178.055,0.5636196799719452,-0.03142124122799099,1.546654408817635
0.14256571,0.070345908,77201.578,0.5636196799719452,-0.022443748270810766,1.5471258116232465
0.14256571,0.072607547,77218.797,0.5636196799719452,-0.01346625134416551,1.5474708817635272
0.14256571,0.074869186,77228.906,0.5636196799719452,-0.0044887544175202,1.5476734669338679
0.14256571,0.077130817,77231.695,0.5636196799719452,0.004488710753404811,1.547729358717435
0.14256571,0.079392456,77227.141,0.5636196799719452,0.013466207680050066,1.5476380961923848
0.14256571,0.081654094,77215.547,0.5636196799719452,0.02244370063723029,1.5474057515030062
0.14256571,0.083915725,77197.43,0.5636196799719452,0.0314211658081553,1.5470426853707413
0.14256571,0.086177364,77172.25,0.5636196799719452,0.04039866273480061,1.5465380761523047
0.14256571,0.08843901,77140.242,0.5636196799719452,0.04937618744770108,1.545896633266533
0.14256571,0.090700641,77101.852,0.5636196799719452,0.05835365261862609,1.5451272945891783
0.14256571,0.09296228,77056.609,0.5636196799719452,0.06733114954527135,1.544220621242485
0.14256571,0.095223919,77003.742,0.5636196799719452,0.07630864647191665,1.5431611623246493
0.14256571,0.097485557,76942.867,0.5636196799719452,0.08528613942909688,1.5419412224448898
0.14256571,0.099747196,76874.156,0.5636196799719452,0.09426363635574213,1.5405642484969941
0.14256571,0.10200883,76795.297,0.5636196799719452,0.10324111343506223,1.5389839078156313
0.14256571,0.10427047,76705.781,0.5636196799719452,0.11221861433117257,1.53719
0.14256571,0.1065321,76603.531,0.5636196799719452,0.12119607553263255,1.5351409018036073
0.14256571,0.10879374,76486.867,0.5636196799719452,0.13017357642874283,1.5328029458917836
0.14256571,0.11105537,76354.516,0.5636196799719452,0.1391510376302028,1.5301506212424851
0.14256571,0.11331701,76205.273,0.5636196799719452,0.1481285385263131,1.5271597795591183
0.14256571,0.11557865,76038.117,0.5636196799719452,0.15710603942242343,1.5238099599198396
0.14256571,0.1178403,75850.828,0.5636196799719452,0.16608358001318405,1.5200566733466934
0.14256571,0.12010194,75641.984,0.5636196799719452,0.17506108090929437,1.5158714228456913
0.14256571,0.12236357,75412.875,0.5636196799719452,0.18403854211075435,1.5112800601202405
0.14256571,0.12462521,75163.617,0.5636196799719452,0.19301604300686465,1.5062849098196391
0.14256571,0.12682632,74904.312,0.5636196799719452,0.2017532721845575,1.5010884168336673
0.14256571,0.12882732,74657.125,0.5636196799719452,0.2096961717145962,1.496134769539078
0.14256571,0.13056731,74435.414,0.5636196799719452,0.21660300117650125,1.4916916633266535
0.14256571,0.13208036,74239.031,0.5636196799719452,0.22260900024393013,1.4877561322645292
0.14256571,0.13339604,74066.586,0.5636196799719452,0.22783154599789374,1.4843003206412826
0.14256571,0.13454013,73916.008,0.5636196799719452,0.23237297124693027,1.4812827254509018
0.14256571,0.13553497,73785.148,0.5636196799719452,0.23632195383986565,1.4786602805611222
0.14256571,0.13640006,73671.641,0.5636196799719452,0.23975589834483368,1.476385591182365
0.14256571,0.1371523,73573.414,0.5636196799719452,0.24274188872088387,1.474417114228457
0.14256571,0.13780643,73488.383,0.5636196799719452,0.24533843488259513,1.4727130861723448
0.14256571,0.13837524,73414.844,0.5636196799719452,0.24759630628773324,1.4712393587174348
0.14256571,0.13886985,73351.25,0.5636196799719452,0.2495596433874595,1.4699649298597195
0.14256571,0.13929996,73296.25,0.5636196799719452,0.2512669499925895,1.468862725450902
0.14667687,0.012700049,73132.109,0.5799387858349705,-0.25126696983991464,1.4655733266533066
0.14667687,0.013130155,73185.766,0.5799387858349705,-0.2495596791126449,1.466648617234469
0.14667687,0.013624778,73247.766,0.5799387858349705,-0.2475962904098731,1.467891102204409
0.14667687,0.014193594,73319.352,0.5799387858349705,-0.24533839518794484,1.4693256913827655
0.14667687,0.014847732,73401.836,0.5799387858349705,-0.24274181727051333,1.4709786773547093
0.14667687,0.01559999,73496.789,0.5799387858349705,-0.2397557554440926,1.4728815430861724
0.14667687,0.016465086,73605.859,0.5799387858349705,-0.23632178712233431,1.4750673146292586
0.14667687,0.017459951,73730.852,0.5799387858349705,-0.23237270529277312,1.4775721843687375
0.14667687,0.018604042,73873.508,0.5799387858349705,-0.22783127607427162,1.4804310220440882
0.14667687,0.019919746,74035.445,0.5799387858349705,-0.22260863505314715,1.4836762525050102
0.14667687,0.021432808,74217.781,0.5799387858349705,-0.21660258835213797,1.4873302805611224
0.14667687,0.023172827,74420.695,0.5799387858349705,-0.20969564377574698,1.4913966933867737
0.14667687,0.025173848,74643.484,0.5799387858349705,-0.2017526608869426,1.4958614028056112
0.14667687,0.027374979,74873.117,0.5799387858349705,-0.193015348350484,1.5004632665330662
0.14667687,0.029636608,75090.789,0.5799387858349705,-0.1840378911184891,1.5048254308617235
0.14667687,0.031898238,75287.898,0.5799387858349705,-0.17506042991702908,1.5087755110220442
0.14667687,0.034159865,75465.086,0.5799387858349705,-0.16608298062396423,1.512326372745491
0.14667687,0.036421496,75624.07,0.5799387858349705,-0.15710551545303922,1.5155124248496996
0.14667687,0.038683124,75765.883,0.5799387858349705,-0.14812806219050928,1.518354368737475
0.14667687,0.040944755,75892.031,0.5799387858349705,-0.13915059701958427,1.5208823847695392
0.14667687,0.043206383,76004.406,0.5799387858349705,-0.13017314375705435,1.5231343887775552
0.14667687,0.045468014,76104.758,0.5799387858349705,-0.12119567858612934,1.5251454509018036
0.14667687,0.047729641,76194.906,0.5799387858349705,-0.11221822929306446,1.5269520240480963
0.14667687,0.049991269,76275.914,0.5799387858349705,-0.10324077603053457,1.5285754308617234
0.14667687,0.052252896,76349.07,0.5799387858349705,-0.09426332673746968,1.530041482965932
0.14667687,0.054514524,76415.172,0.5799387858349705,-0.08528587347493975,1.5313661723446894
0.14667687,0.056776155,76475.703,0.5799387858349705,-0.07630840830401474,1.5325792184368736
0.14667687,0.059037782,76530.328,0.5799387858349705,-0.06733095901094989,1.5336739078156312
0.14667687,0.06129941,76579.164,0.5799387858349705,-0.058353505748419965,1.5346525851703408
0.14667687,0.063561045,76622.031,0.5799387858349705,-0.04937602469963483,1.5355116432865732
0.14667687,0.065822668,76659.297,0.5799387858349705,-0.04039859128443006,1.5362584569138278
0.14667687,0.0680843,76690.711,0.5799387858349705,-0.03142112214404002,1.536887995991984
0.14667687,0.070345923,76715.258,0.5799387858349705,-0.022443688728835252,1.5373799198396794
0.14667687,0.072607554,76733.312,0.5799387858349705,-0.013466223557910242,1.537741723446894
0.14667687,0.074869186,76743.977,0.5799387858349705,-0.0044887544175202,1.5379554509018036
0.14667687,0.077130817,76746.82,0.5799387858349705,0.004488710753404811,1.5380124248496996
0.14667687,0.079392441,76741.883,0.5799387858349705,0.013466148138074554,1.537913486973948
0.14667687,0.081654072,76729.469,0.5799387858349705,0.022443613308999567,1.5376647094188376
0.14667687,0.083915696,76710.445,0.5799387858349705,0.031421050693669364,1.537283466933868
0.14667687,0.086177334,76684.617,0.5799387858349705,0.040398543650849585,1.5367658717434869
0.14667687,0.088438958,76652.578,0.5799387858349705,0.049375981035519385,1.5361238076152304
0.14667687,0.090700589,76615.07,0.5799387858349705,0.0583534462064444,1.5353721442885773
0.14667687,0.09296222,76571.875,0.5799387858349705,0.0673309113773694,1.534506513026052
0.14667687,0.095223844,76522.688,0.5799387858349705,0.07630834876203921,1.5335208016032063
0.14667687,0.097485475,76467.492,0.5799387858349705,0.08528581393296422,1.5324146693386773
0.14667687,0.099747106,76406.781,0.5799387858349705,0.09426327910388922,1.5311980160320642
0.14667687,0.10200874,76338.938,0.5799387858349705,0.10324075618320933,1.5298384368737474
0.14667687,0.10427036,76263.555,0.5799387858349705,0.112218177690019,1.528327755511022
0.14667687,0.10653199,76179.367,0.5799387858349705,0.12119563889147893,1.526640621242485
0.14667687,0.10879362,76084.891,0.5799387858349705,0.13017310009293892,1.5247473146292585
0.14667687,0.11105525,75978.359,0.5799387858349705,0.1391505612943989,1.5226124048096192
0.14667687,0.11331688,75858.094,0.5799387858349705,0.14812802249585888,1.5202022845691383
0.14667687,0.1155785,75722.539,0.5799387858349705,0.15710544400266854,1.517485751503006
0.14667687,0.11784013,75569.781,0.5799387858349705,0.16608290520412852,1.5144244689378759
0.14667687,0.12010176,75399.039,0.5799387858349705,0.1750603664055885,1.5110027855711423
0.14667687,0.1223634,75208.531,0.5799387858349705,0.1840378673016988,1.5071849899799599
0.14667687,0.12462502,74997.383,0.5799387858349705,0.19301528880850846,1.5029535671342686
0.14667687,0.12682615,74773.781,0.5799387858349705,0.201752597375502,1.4984725651302606
0.14667687,0.12882717,74556.242,0.5799387858349705,0.2096955762948413,1.4941130661322646
0.14667687,0.13056719,74357.719,0.5799387858349705,0.2166025248406974,1.4901346492985972
0.14667687,0.13208026,74179.062,0.5799387858349705,0.22260860329742688,1.486554348697395
0.14667687,0.13339595,74020.219,0.5799387858349705,0.22783118874604089,1.483371122244489
0.14667687,0.13454005,73880.172,0.5799387858349705,0.23237265368972762,1.4805645691382767
0.14667687,0.13553491,73757.312,0.5799387858349705,0.2363217156719637,1.4781024448897797
0.14667687,0.13640001,73650.094,0.5799387858349705,0.23975569987158205,1.4759537875751503
0.14667687,0.13715227,73556.711,0.5799387858349705,0.24274176963693286,1.474082384769539
0.14667687,0.13780642,73475.562,0.5799387858349705,0.24533839518794484,1.4724561523046094
0.14667687,0.13837522,73405.164,0.5799387858349705,0.24759622689843253,1.471045370741483
0.14667687,0.13886985,73344.125,0.5799387858349705,0.2495596433874595,1.469822144288577
0.14667687,0.13929996,73291.367,0.5799387858349705,0.2512669499925895,1.4687648697394788
0.15078801,0.012700052,73055.094,0.5962578123086953,-0.2512669579315196,1.4640299398797594
0.15078801,0.013130165,73105.273,0.5962578123086953,-0.24955963941799458,1.4650355310621244
0.15078801,0.013624793,73163.133,0.5962578123086953,-0.24759623086789764,1.4661950501002003
0.15078801,0.014193618,73229.617,0.5962578123086953,-0.24533829992078407,1.467527394789579
0.15078801,0.014847764,73305.875,0.5962578123086953,-0.24274169024763229,1.4690556112224449
0.15078801,0.015600032,73393.195,0.5962578123086953,-0.23975558872656125,1.4708055110220442
0.15078801,0.016465142,73492.914,0.5962578123086953,-0.2363215648322925,1.4728038877755512
0.15078801,0.017460018,73606.336,0.5962578123086953,-0.23237243933861595,1.4750768737474949
0.15078801,0.018604126,73734.695,0.5962578123086953,-0.22783094263920892,1.4776491983967937
0.15078801,0.019919848,73879.047,0.5962578123086953,-0.22260823016771383,1.4805420240480962
0.15078801,0.021432931,74040.086,0.5962578123086953,-0.21660210010793896,1.483769258517034
0.15078801,0.023172975,74217.344,0.5962578123086953,-0.20969505629492216,1.487321523046092
0.15078801,0.025174025,74409.812,0.5962578123086953,-0.20175195829163184,1.491178597194389
0.15078801,0.027375164,74606.516,0.5962578123086953,-0.193014613999453,1.4951205611222445
0.15078801,0.029636784,74791.422,0.5962578123086953,-0.18403719249264336,1.4988260921843688
0.15078801,0.031898402,74959.625,0.5962578123086953,-0.17505977892476376,1.5021968937875751
0.15078801,0.034160025,75111.359,0.5962578123086953,-0.16608234550955903,1.5052376553106213
0.15078801,0.036421645,75248.016,0.5962578123086953,-0.15710492400274934,1.5079762725450903
0.15078801,0.038683265,75370.953,0.5962578123086953,-0.1481275024959397,1.5104399398797594
0.15078801,0.040944885,75482.07,0.5962578123086953,-0.13915008098913004,1.512666733466934
0.15078801,0.043206505,75583.188,0.5962578123086953,-0.1301726594823204,1.514693146292585
0.15078801,0.045468125,75675.672,0.5962578123086953,-0.12119523797551075,1.5165465330661323
0.15078801,0.047729746,75760.93,0.5962578123086953,-0.11221781249923604,1.5182551102204407
0.15078801,0.049991366,75839.391,0.5962578123086953,-0.10324039099242639,1.5198274749499
0.15078801,0.052252986,75912.07,0.5962578123086953,-0.09426296948561674,1.5212839679358718
0.15078801,0.054514606,75979.336,0.5962578123086953,-0.0852855479788071,1.5226319839679359
0.15078801,0.056776226,76042.383,0.5962578123086953,-0.07630812647199745,1.5238954509018037
0.15078801,0.059037846,76100.445,0.5962578123086953,-0.0673307049651878,1.5250590180360724
0.15078801,0.061299466,76153.336,0.5962578123086953,-0.05835328345837815,1.5261189579158316
0.15078801,0.063561089,76200.422,0.5962578123086953,-0.04937585004317338,1.5270625651302607
0.15078801,0.065822706,76241.766,0.5962578123086953,-0.04039844044475885,1.5278911022044088
0.15078801,0.068084329,76276.773,0.5962578123086953,-0.03142100702955408,1.5285926452905811
0.15078801,0.070345946,76304.305,0.5962578123086953,-0.022443597431139498,1.5291443887775549
0.15078801,0.072607569,76324.352,0.5962578123086953,-0.013466164015934786,1.529546132264529
0.15078801,0.074869186,76336.039,0.5962578123086953,-0.0044887544175202,1.5297803406813628
0.15078801,0.077130809,76338.891,0.5962578123086953,0.0044886789976845125,1.52983749498998
0.15078801,0.079392426,76332.93,0.5962578123086953,0.013466088596099098,1.529718036072144
0.15078801,0.081654057,76318.555,0.5962578123086953,0.02244355376702411,1.5294299599198395
0.15078801,0.083915666,76296.562,0.5962578123086953,0.03142093160971839,1.5289892184368739
0.15078801,0.086177297,76267.148,0.5962578123086953,0.04039839678064341,1.5283997595190382
0.15078801,0.088438913,76231.156,0.5962578123086953,0.049375802409592905,1.5276784769539078
0.15078801,0.090700537,76189.562,0.5962578123086953,0.058353239794262705,1.5268449298597195
0.15078801,0.092962146,76142.352,0.5962578123086953,0.067330617636957,1.5258988376753506
0.15078801,0.095223777,76089.781,0.5962578123086953,0.076308082807882,1.5248453106212425
0.15078801,0.097485393,76032.117,0.5962578123086953,0.08528548843683156,1.5236897194388777
0.15078801,0.099747017,75970.188,0.5962578123086953,0.0942629258215013,1.5224486573146292
0.15078801,0.10200863,75902.68,0.5962578123086953,0.10324031954205576,1.5210957915831662
0.15078801,0.10427026,75829.609,0.5962578123086953,0.11221778074351575,1.5196314428857716
0.15078801,0.10653187,75750.031,0.5962578123086953,0.12119516255567506,1.5180366933867735
0.15078801,0.1087935,75663.102,0.5962578123086953,0.13017262375713504,1.516294629258517
0.15078801,0.11105511,75567.523,0.5962578123086953,0.13915000556929435,1.5143792184368738
0.15078801,0.11331674,75461.992,0.5962578123086953,0.14812746677075433,1.5122643687374748
0.15078801,0.11557835,75345.008,0.5962578123086953,0.15710484858291365,1.50992
0.15078801,0.11783998,75214.609,0.5962578123086953,0.16608230978437363,1.5073067935871742
0.15078801,0.1201016,75069.148,0.5962578123086953,0.17505973129118332,1.504391743486974
0.15078801,0.12236321,74907.414,0.5962578123086953,0.18403711310334264,1.5011505811623247
0.15078801,0.12462484,74729.141,0.5962578123086953,0.19301457430480262,1.497577975951904
0.15078801,0.12682597,74538.75,0.5962578123086953,0.20175188287179618,1.4937625250501
0.15078801,0.12882702,74351.984,0.5962578123086953,0.20969498087508642,1.4900197194388778
0.15078801,0.13056707,74179.578,0.5962578123086953,0.2166020485048935,1.4865646893787574
0.15078801,0.13208015,74022.695,0.5962578123086953,0.2226081666562733,1.483420741482966
0.15078801,0.13339587,73881.828,0.5962578123086953,0.22783087118883824,1.480597755511022
0.15078801,0.13453998,73756.406,0.5962578123086953,0.23237237582717538,1.4780842885771543
0.15078801,0.13553485,73645.453,0.5962578123086953,0.23632147750406177,1.4758607815631262
0.15078801,0.13639997,73547.914,0.5962578123086953,0.23975554109298083,1.4739060921843687
0.15078801,0.13715224,73462.398,0.5962578123086953,0.24274165055298194,1.4721923446893788
0.15078801,0.13780639,73387.68,0.5962578123086953,0.2453382761039938,1.4706949899799597
0.15078801,0.13837521,73322.531,0.5962578123086953,0.2475961872037822,1.4693893987975952
0.15078801,0.13886982,73265.867,0.5962578123086953,0.24955952430350858,1.4682538476953908
0.15078801,0.13929996,73216.641,0.5962578123086953,0.2512669499925895,1.4672673547094188
0.15489917,0.012700055,72890.164,0.6125769181717208,-0.2512669460231245,1.4607247294589178
0.15489917,0.013130173,72935.977,0.6125769181717208,-0.24955960766227434,1.4616428256513025
0.15489917,0.01362481,72988.625,0.6125769181717208,-0.24759616338699209,1.4626978957915833
0.15489917,0.014193641,73048.891,0.6125769181717208,-0.2453382086230883,1.4639056312625252
0.15489917,0.014847796,73117.711,0.6125769181717208,-0.24274156322475127,1.4652847895791583
0.15489917,0.015600075,73196.125,0.6125769181717208,-0.23975541803956488,1.4668562124248496
0.15489917,0.016465196,73285.117,0.6125769181717208,-0.23632135048118075,1.468639619238477
0.15489917,0.017460085,73385.68,0.6125769181717208,-0.23237217338445879,1.470654909819639
0.15489917,0.01860421,73498.719,0.6125769181717208,-0.2278306092041462,1.4729202204408818
0.15489917,0.019919951,73624.945,0.6125769181717208,-0.22260782131281548,1.4754497995991986
0.15489917,0.021433054,73764.969,0.6125769181717208,-0.21660161186373997,1.478255891783567
0.15489917,0.023173122,73918.805,0.6125769181717208,-0.20969447278356237,1.4813387775551101
0.15489917,0.025174199,74085.953,0.6125769181717208,-0.20175126760471618,1.4846884368737474
0.15489917,0.027375348,74257.531,0.6125769181717208,-0.19301388361788702,1.488126873747495
0.15489917,0.02963696,74420.227,0.6125769181717208,-0.1840364938667976,1.4913873146292584
0.15489917,0.031898573,74569.773,0.6125769181717208,-0.1750591001462432,1.4943842284569138
0.15489917,0.034160182,74707.453,0.6125769181717208,-0.16608172230354892,1.4971433466933866
0.15489917,0.036421798,74834.641,0.6125769181717208,-0.1571043166745994,1.4996922044088177
0.15489917,0.038683407,74952.461,0.6125769181717208,-0.1481269388319051,1.5020533266533065
0.15489917,0.04094502,75062.062,0.6125769181717208,-0.13914954511135066,1.504249739478958
0.15489917,0.043206632,75164.406,0.6125769181717208,-0.13017215536026125,1.5063007214428858
0.15489917,0.045468245,75260.172,0.6125769181717208,-0.12119476163970686,1.5082198797595192
0.15489917,0.047729857,75350.203,0.6125769181717208,-0.11221737188861745,1.5100241082164327
0.15489917,0.049991466,75434.602,0.6125769181717208,-0.10323999404592316,1.5117154709418839
0.15489917,0.052253075,75514.164,0.6125769181717208,-0.09426261620322884,1.5133098997995993
0.15489917,0.054514688,75588.953,0.6125769181717208,-0.08528522248267444,1.5148086773547094
0.15489917,0.0567763,75660.0,0.6125769181717208,-0.07630783273158503,1.5162324649298597
0.15489917,0.059037913,75726.188,0.6125769181717208,-0.06733043901103063,1.517558877755511
0.15489917,0.061299521,75787.031,0.6125769181717208,-0.05835306513780134,1.5187781763527055
0.15489917,0.063561134,75841.586,0.6125769181717208,-0.0493756714172469,1.5198714629258516
0.15489917,0.06582275,75889.508,0.6125769181717208,-0.0403982657882974,1.5208318236472946
0.15489917,0.068084359,75929.859,0.6125769181717208,-0.03142088794560312,1.5216404609218437
0.15489917,0.070345968,75961.469,0.6125769181717208,-0.02244351010290883,1.5222739278557114
0.15489917,0.072607584,75984.164,0.6125769181717208,-0.013466104473959274,1.52272873747495
0.15489917,0.074869201,75997.109,0.6125769181717208,-0.004488694875544744,1.522988156312625
0.15489917,0.077130802,75999.969,0.6125769181717208,0.004488651211429299,1.5230454709418837
0.15489917,0.079392418,75992.727,0.6125769181717208,0.013466056840378854,1.5229003406813626
0.15489917,0.081654027,75975.734,0.6125769181717208,0.02244343468307314,1.5225597995991984
0.15489917,0.083915636,75949.773,0.6125769181717208,0.03142081252576743,1.5220395390781563
0.15489917,0.086177252,75915.094,0.6125769181717208,0.040398218154716926,1.5213445691382765
0.15489917,0.088438861,75872.727,0.6125769181717208,0.04937559599741122,1.5204955310621242
0.15489917,0.090700477,75823.789,0.6125769181717208,0.05835300162636077,1.5195148096192386
0.15489917,0.092962086,75768.773,0.6125769181717208,0.06733037946905505,1.5184122845691383
0.15489917,0.095223702,75708.141,0.6125769181717208,0.07630778509800455,1.5171972144288577
0.15489917,0.097485311,75642.562,0.6125769181717208,0.0852851629406989,1.515883006012024
0.15489917,0.09974692,75573.094,0.6125769181717208,0.09426254078339319,1.514490861723447
0.15489917,0.10200854,75498.781,0.6125769181717208,0.10323996229020281,1.5130016232464931
0.15489917,0.10427015,75419.734,0.6125769181717208,0.11221734410236218,1.5114175150300602
0.15489917,0.10653176,75335.289,0.6125769181717208,0.1211947259145215,1.5097252304609219
0.15489917,0.10879336,75244.891,0.6125769181717208,0.13017206803203052,1.5079136472945893
0.15489917,0.11105499,75147.93,0.6125769181717208,0.1391495292334905,1.5059705410821642
0.15489917,0.1133166,75043.641,0.6125769181717208,0.14812691104564982,1.5038805811623248
0.15489917,0.1155782,74931.422,0.6125769181717208,0.15710425316315882,1.5016317034068138
0.15489917,0.11783982,74810.141,0.6125769181717208,0.16608167466996845,1.4992012224448898
0.15489917,0.12010142,74678.422,0.6125769181717208,0.17505901678747746,1.4965615631262525
0.15489917,0.12236303,74535.156,0.6125769181717208,0.18403639859963677,1.493690501002004
0.15489917,0.12462465,74378.992,0.6125769181717208,0.19301382010644644,1.4905609619238476
0.15489917,0.12682581,74213.773,0.6125769181717208,0.201751247757391,1.4872499599198397
0.15489917,0.12882689,74052.359,0.6125769181717208,0.20969446484463225,1.4840152104208417
0.15489917,0.13056695,73903.336,0.6125769181717208,0.21660157216908954,1.48102877755511
0.15489917,0.13208005,73767.422,0.6125769181717208,0.22260776970977003,1.4783050501002004
0.15489917,0.13339579,73644.758,0.6125769181717208,0.2278305536316356,1.4758468537074148
0.15489917,0.13453992,73534.852,0.6125769181717208,0.23237213765927345,1.4736443286573147
0.15489917,0.13553481,73436.906,0.6125769181717208,0.23632131872546044,1.471681482965932
0.15489917,0.13639992,73350.273,0.6125769181717208,0.2397553426197292,1.4699453507014029
0.15489917,0.13715221,73273.844,0.6125769181717208,0.2427415314690309,1.4684137074148296
0.15489917,0.13780637,73206.711,0.6125769181717208,0.2453381967146932,1.4670683567134268
0.15489917,0.13837519,73147.969,0.6125769181717208,0.2475961078144816,1.4658911623246493
0.15489917,0.13886982,73096.586,0.6125769181717208,0.24955952430350858,1.4648614428857714
0.15489917,0.13929994,73051.867,0.6125769181717208,0.25126687060328884,1.4639652705410822
0.15901031,0.012700058,72641.352,0.6288959446454455,-0.2512669341147294,1.4557385170340682
0.15901031,0.013130182,72683.062,0.6288959446454455,-0.24955957193708903,1.4565743887775553
0.15901031,0.013624825,72730.68,0.6288959446454455,-0.2475961038450166,1.457528657314629
0.15901031,0.014193663,72784.906,0.6288959446454455,-0.2453381212948576,1.4586153507014028
0.15901031,0.014847829,72846.414,0.6288959446454455,-0.24274143223240519,1.4598479759519039
0.15901031,0.015600118,72916.008,0.6288959446454455,-0.23975524735256848,1.4612426452905811
0.15901031,0.016465252,72994.523,0.6288959446454455,-0.23632112819113893,1.4628160921843687
0.15901031,0.017460154,73082.797,0.6288959446454455,-0.23237189949137155,1.464585110220441
0.15901031,0.018604293,73181.625,0.6288959446454455,-0.22783027973854847,1.466565631262525
0.15901031,0.019920051,73291.727,0.6288959446454455,-0.22260742436631226,1.4687720841683367
0.15901031,0.021433176,73413.781,0.6288959446454455,-0.21660112758900602,1.4712180561122246
0.15901031,0.023173269,73548.18,0.6288959446454455,-0.20969388927220262,1.4739114228456913
0.15901031,0.025174374,73695.539,0.6288959446454455,-0.20175057294833548,1.4768645090180361
0.15901031,0.027375534,73849.336,0.6288959446454455,-0.19301314529739097,1.4799466132264527
0.15901031,0.029637136,73998.898,0.6288959446454455,-0.1840357952409519,1.482943847695391
0.15901031,0.031898741,74140.797,0.6288959446454455,-0.17505843327611773,1.4857875150300603
0.15901031,0.034160342,74275.922,0.6288959446454455,-0.1660810871891437,1.4884954308617235
0.15901031,0.036421947,74404.852,0.6288959446454455,-0.15710372522430952,1.4910791983967935
0.15901031,0.038683549,74527.875,0.6288959446454455,-0.14812637516787047,1.4935445891783568
0.15901031,0.04094515,74645.188,0.6288959446454455,-0.13914902908089644,1.4958955511022043
0.15901031,0.043206755,74756.906,0.6288959446454455,-0.13017166711606226,1.4981343887775551
0.15901031,0.045468356,74863.109,0.6288959446454455,-0.12119432102908823,1.5002627054108215
0.15901031,0.047729962,74964.234,0.6288959446454455,-0.11221695509478903,1.502289258517034
0.15901031,0.049991567,75060.062,0.6288959446454455,-0.10323959312995487,1.5042096593186374
0.15901031,0.052253168,75151.078,0.6288959446454455,-0.09426224704298082,1.506033627254509
0.15901031,0.054514769,75237.242,0.6288959446454455,-0.08528490095600681,1.507760360721443
0.15901031,0.056776375,75319.172,0.6288959446454455,-0.07630753502170762,1.509402244488978
0.15901031,0.059037976,75395.516,0.6288959446454455,-0.06733018893473357,1.5109321843687376
0.15901031,0.061299577,75465.609,0.6288959446454455,-0.058352842847759524,1.5123368537074147
0.15901031,0.063561186,75528.227,0.6288959446454455,-0.04937546500506521,1.5135917234468939
0.15901031,0.065822788,75582.852,0.6288959446454455,-0.04039811494862619,1.5146864128256512
0.15901031,0.068084389,75628.5,0.6288959446454455,-0.03142076886165215,1.5156012024048096
0.15901031,0.07034599,75664.078,0.6288959446454455,-0.022443422774678104,1.5163141883767535
0.15901031,0.072607599,75689.391,0.6288959446454455,-0.013466044931983818,1.5168214629258518
0.15901031,0.074869201,75703.672,0.6288959446454455,-0.004488694875544744,1.5171076553106213
0.15901031,0.077130802,75706.602,0.6288959446454455,0.004488651211429299,1.517166372745491
0.15901031,0.079392411,75698.188,0.6288959446454455,0.013466029054123587,1.516997755511022
0.15901031,0.081654012,75678.727,0.6288959446454455,0.02244337514109763,1.516607755511022
0.15901031,0.083915614,75648.945,0.6288959446454455,0.031420725197536706,1.5160109218436875
0.15901031,0.086177222,75609.117,0.6288959446454455,0.04039809907076596,1.515212765531062
0.15901031,0.088438824,75560.164,0.6288959446454455,0.04937544912720503,1.514231743486974
0.15901031,0.090700418,75503.336,0.6288959446454455,0.05835276742792386,1.5130929058116231
0.15901031,0.092962027,75439.164,0.6288959446454455,0.06733014527061815,1.5118068937875753
0.15901031,0.095223621,75368.453,0.6288959446454455,0.07630746357133693,1.5103898396793587
0.15901031,0.097485229,75292.086,0.6288959446454455,0.08528483744456623,1.5088594388777554
0.15901031,0.099746831,75211.328,0.6288959446454455,0.09426218750100526,1.5072410420841682
0.15901031,0.10200843,75125.602,0.6288959446454455,0.10323952564904924,1.5055230861723448
0.15901031,0.10427003,75035.125,0.6288959446454455,0.11221686776655826,1.5037099198396793
0.15901031,0.10653164,74939.531,0.6288959446454455,0.12119424957871758,1.5017942084168336
0.15901031,0.10879324,74838.617,0.6288959446454455,0.13017159169622658,1.4997718837675351
0.15901031,0.11105485,74732.156,0.6288959446454455,0.1391489735083859,1.4976383967935871
0.15901031,0.11331645,74620.039,0.6288959446454455,0.14812631562589493,1.4953915631262527
0.15901031,0.11557806,74502.344,0.6288959446454455,0.15710369743805425,1.4930329458917835
0.15901031,0.11783966,74378.93,0.6288959446454455,0.16608103955556325,1.4905597194388776
0.15901031,0.12010126,74249.453,0.6288959446454455,0.17505838167307225,1.4879649899799599
0.15901031,0.12236287,74113.453,0.6288959446454455,0.18403576348523157,1.485239539078156
0.15901031,0.12462447,73969.984,0.6288959446454455,0.1930131056027406,1.4823644088176353
0.15901031,0.12682563,73822.281,0.6288959446454455,0.20175053325368508,1.4794044288577155
0.15901031,0.12882674,73680.461,0.6288959446454455,0.20969386942487736,1.4765623446893787
0.15901031,0.13056684,73550.859,0.6288959446454455,0.21660113552793597,1.4739651102204407
0.15901031,0.13207994,73433.055,0.6288959446454455,0.22260733306861646,1.4716043086172343
0.15901031,0.1333957,73326.625,0.6288959446454455,0.22783019637978275,1.4694714428857716
0.15901031,0.13453984,73230.93,0.6288959446454455,0.2323718201020708,1.4675537074148295
0.15901031,0.13553476,73145.367,0.6288959446454455,0.2363211202522088,1.465839018036072
0.15901031,0.13639988,73069.203,0.6288959446454455,0.23975518384112787,1.4643126853707413
0.15901031,0.13715217,73001.57,0.6288959446454455,0.24274137269042959,1.4629573146292587
0.15901031,0.13780634,72941.805,0.6288959446454455,0.24533807763074217,1.4617596192384767
0.15901031,0.13837516,72889.078,0.6288959446454455,0.24759598873053057,1.4607029659318636
0.15901031,0.13886982,72842.766,0.6288959446454455,0.24955952430350858,1.459774869739479
0.15901031,0.13929994,72802.133,0.6288959446454455,0.25126687060328884,1.4589605811623247
0.16312146,0.01270006,72277.93,0.6452150108138206,-0.2512669261757993,1.4484555110220438
0.16312146,0.013130191,72316.422,0.6452150108138206,-0.24955953621190374,1.4492268937875752
0.16312146,0.013624839,72360.273,0.6452150108138206,-0.24759604827250614,1.4501056713426854
0.16312146,0.014193687,72410.016,0.6452150108138206,-0.24533802602769683,1.4511025250501002
0.16312146,0.014847861,72466.281,0.6452150108138206,-0.24274130520952414,1.4522300801603207
0.16312146,0.015600161,72529.711,0.6452150108138206,-0.23975507666557205,1.4535012224448898
0.16312146,0.016465306,72601.023,0.6452150108138206,-0.23632091384002718,1.4549303206412827
0.16312146,0.017460223,72680.922,0.6452150108138206,-0.2323716255982843,1.4565315030060122
0.16312146,0.018604377,72770.234,0.6452150108138206,-0.22782994630348574,1.4583213226452905
0.16312146,0.019920155,72869.82,0.6452150108138206,-0.2226070115419489,1.4603170340681364
0.16312146,0.021433299,72980.648,0.6452150108138206,-0.216600639344807,1.4625380360721443
0.16312146,0.023173416,73103.938,0.6452150108138206,-0.2096933057608428,1.4650087775551102
0.16312146,0.025174549,73241.398,0.6452150108138206,-0.2017498782919548,1.467763486973948
0.16312146,0.027375719,73388.211,0.6452150108138206,-0.19301241094635996,1.470705631262525
0.16312146,0.029637314,73535.07,0.6452150108138206,-0.18403508867617613,1.4736486973947898
0.16312146,0.031898908,73678.523,0.6452150108138206,-0.17505777037545733,1.4765235070140281
0.16312146,0.034160502,73818.812,0.6452150108138206,-0.1660804520747385,1.4793349098196393
0.16312146,0.036422096,73955.773,0.6452150108138206,-0.1571031337740197,1.4820796192384769
0.16312146,0.038683694,74089.148,0.6452150108138206,-0.14812579959544078,1.4847524649298598
0.16312146,0.040945284,74218.367,0.6452150108138206,-0.1391484971725821,1.4873420240480961
0.16312146,0.043206882,74343.289,0.6452150108138206,-0.13017116299400314,1.4898454709418838
0.16312146,0.045468476,74463.461,0.6452150108138206,-0.12119384469328433,1.4922537274549097
0.16312146,0.047730073,74578.914,0.6452150108138206,-0.11221651448417044,1.4945674148296595
0.16312146,0.049991664,74688.961,0.6452150108138206,-0.10323920809184672,1.496772765531062
0.16312146,0.052253257,74793.641,0.6452150108138206,-0.09426189376059295,1.4988705611222446
0.16312146,0.054514855,74892.523,0.6452150108138206,-0.085284559582014,1.5008521643286574
0.16312146,0.056776449,74985.977,0.6452150108138206,-0.0763072412812952,1.50272498997996
0.16312146,0.059038039,75072.336,0.6452150108138206,-0.06732993885843652,1.504455631262525
0.16312146,0.061299637,75150.852,0.6452150108138206,-0.05835260467985759,1.5060290981963929
0.16312146,0.063561231,75220.438,0.6452150108138206,-0.04937528637913879,1.5074236072144287
0.16312146,0.065822825,75280.719,0.6452150108138206,-0.04039796807841996,1.5086316432865732
0.16312146,0.068084419,75330.68,0.6452150108138206,-0.03142064977770118,1.5096328657314628
0.16312146,0.070346013,75369.555,0.6452150108138206,-0.02244333147698235,1.5104119238476952
0.16312146,0.072607607,75397.0,0.6452150108138206,-0.01346601317626352,1.5109619238476955
0.16312146,0.074869201,75412.469,0.6452150108138206,-0.004488694875544744,1.5112719238476953
0.16312146,0.077130795,75415.516,0.6452150108138206,0.004488623425174087,1.511332985971944
0.16312146,0.079392388,75406.219,0.6452150108138206,0.013465937756427833,1.5111466733466934
0.16312146,0.081653982,75384.844,0.6452150108138206,0.022443256057146664,1.5107183166332665
0.16312146,0.083915584,75351.984,0.6452150108138206,0.031420606113585735,1.5100597995991982
0.16312146,0.08617717,75307.977,0.6452150108138206,0.04039789265858427,1.5091778957915831
0.16312146,0.088438772,75253.5,0.6452150108138206,0.049375242715023346,1.5080861723446894
0.16312146,0.090700366,75189.734,0.6452150108138206,0.058352561015742176,1.5068082965931864
0.16312146,0.092961952,75117.211,0.6452150108138206,0.0673298475607407,1.5053549298597193
0.16312146,0.095223553,75036.547,0.6452150108138206,0.07630719364771475,1.5037384168336674
0.16312146,0.097485147,74948.734,0.6452150108138206,0.08528451194843352,1.501978637274549
0.16312146,0.099746749,74855.234,0.6452150108138206,0.0942618620048726,1.500104889779559
0.16312146,0.10200834,74755.859,0.6452150108138206,0.10323916839719634,1.4981134068136273
0.16312146,0.10426993,74651.18,0.6452150108138206,0.112216470820055,1.496015631262525
0.16312146,0.10653153,74541.203,0.6452150108138206,0.12119381293756401,1.4938116833667334
0.16312146,0.10879312,74426.289,0.6452150108138206,0.13017111536042267,1.4915087975951904
0.16312146,0.11105471,74306.492,0.6452150108138206,0.13914841778328138,1.4891080561122245
0.16312146,0.11331631,74182.203,0.6452150108138206,0.14812575990079038,1.4866172945891782
0.16312146,0.11557791,74054.0,0.6452150108138206,0.15710310201829938,1.4840480961923848
0.16312146,0.1178395,73922.188,0.6452150108138206,0.16608040444115804,1.4814065731462924
0.16312146,0.12010109,73787.148,0.6452150108138206,0.1750577068640167,1.4787003607214428
0.16312146,0.12236269,73649.086,0.6452150108138206,0.18403504898152573,1.4759335871743486
0.16312146,0.12462429,73507.781,0.6452150108138206,0.19301239109903473,1.4731018236472946
0.16312146,0.12682545,73366.492,0.6452150108138206,0.20174981874997927,1.470270380761523
0.16312146,0.12882659,73234.102,0.6452150108138206,0.20969327400512247,1.467617274549098
0.16312146,0.1305667,73115.25,0.6452150108138206,0.21660057980283148,1.4652354709418838
0.16312146,0.13207984,73008.289,0.6452150108138206,0.2226069361221132,1.463091963927856
0.16312146,0.13339561,72912.117,0.6452150108138206,0.22782983912792978,1.4611646693386773
0.16312146,0.13453978,72825.758,0.6452150108138206,0.23237158193416885,1.4594340280561122
0.16312146,0.1355347,72748.422,0.6452150108138206,0.23632088208430688,1.4578842084168337
0.16312146,0.13639984,72679.359,0.6452150108138206,0.23975502506252655,1.4565001803607214
0.16312146,0.13715214,72617.883,0.6452150108138206,0.24274125360647866,1.4552681963927856
0.16312146,0.13780631,72563.32,0.6452150108138206,0.24533795854679116,1.454174749498998
0.16312146,0.13837516,72515.039,0.6452150108138206,0.24759598873053057,1.4532071943887777
0.16312146,0.13886981,72472.469,0.6452150108138206,0.2495594846088583,1.4523540881763526
0.16312146,0.13929994,72435.062,0.6452150108138206,0.25126687060328884,1.4516044488977957
0.1672326,0.012700063,71776.422,0.6615340372875455,-0.2512669142674042,1.438405250501002
0.1672326,0.013130199,71813.062,0.6615340372875455,-0.2495595044561835,1.4391395190380762
0.1672326,0.013624855,71854.797,0.6615340372875455,-0.24759598476106562,1.4399758917835672
0.1672326,0.01419371,71902.164,0.6615340372875455,-0.2453379347300011,1.440925130260521
0.1672326,0.014847893,71955.742,0.6615340372875455,-0.2427411781866431,1.4419988376753508
0.1672326,0.015600204,72016.195,0.6615340372875455,-0.23975490597857566,1.4432103206412827
0.1672326,0.01646536,72084.281,0.6615340372875455,-0.23632069948891543,1.4445747695390783
0.1672326,0.01746029,72160.719,0.6615340372875455,-0.23237135964412708,1.4461065931863728
0.1672326,0.018604461,72246.453,0.6615340372875455,-0.227829612868423,1.4478247094188375
0.1672326,0.019920256,72342.578,0.6615340372875455,-0.2226066106259806,1.4497510621242484
0.1672326,0.021433422,72450.273,0.6615340372875455,-0.216600151100608,1.4519092785571142
0.1672326,0.023173563,72571.367,0.6615340372875455,-0.20969272224948304,1.454336012024048
0.1672326,0.025174722,72708.016,0.6615340372875455,-0.2017491915745042,1.4570744689378758
0.1672326,0.027375903,72856.219,0.6615340372875455,-0.19301168056479398,1.4600444689378758
0.1672326,0.029637489,73006.812,0.6615340372875455,-0.18403439401979543,1.463062364729459
0.1672326,0.031899076,73156.031,0.6615340372875455,-0.17505710350533185,1.466052725450902
0.1672326,0.034160659,73303.922,0.6615340372875455,-0.16607982886872838,1.4690164729458919
0.1672326,0.036422245,73450.07,0.6615340372875455,-0.15710254232372986,1.4719452905811625
0.1672326,0.038683835,73594.133,0.6615340372875455,-0.14812523990087118,1.4748323246492987
0.1672326,0.040945418,73735.477,0.6615340372875455,-0.13914796526426773,1.477664869739479
0.1672326,0.043207005,73873.695,0.6615340372875455,-0.13017067474980415,1.4804347695390783
0.1672326,0.045468591,74008.008,0.6615340372875455,-0.12119338820480559,1.4831264128256514
0.1672326,0.047730178,74137.945,0.6615340372875455,-0.11221609769034202,1.485730360721443
0.1672326,0.04999176,74262.219,0.6615340372875455,-0.10323882702320358,1.4882208216432866
0.1672326,0.052253351,74380.375,0.6615340372875455,-0.09426152063087988,1.4905886773547095
0.1672326,0.054514933,74491.57,0.6615340372875455,-0.08528424996374147,1.4928170340681364
0.1672326,0.05677652,74595.711,0.6615340372875455,-0.0763069594492779,1.494904028056112
0.1672326,0.05903811,74691.047,0.6615340372875455,-0.06732965702641922,1.4968145691382766
0.1672326,0.061299689,74777.078,0.6615340372875455,-0.0583523982676759,1.498538637274549
0.1672326,0.063561283,74852.664,0.6615340372875455,-0.04937507996695709,1.5000533867735473
0.1672326,0.065822862,74917.734,0.6615340372875455,-0.04039782120821377,1.501357394789579
0.1672326,0.068084449,74971.422,0.6615340372875455,-0.03142053069375016,1.5024333066132265
0.1672326,0.070346035,75013.109,0.6615340372875455,-0.022443244148751627,1.5032687174348698
0.1672326,0.072607622,75042.492,0.6615340372875455,-0.013465953634288064,1.5038575551102205
0.1672326,0.074869201,75058.984,0.6615340372875455,-0.004488694875544744,1.5041880561122243
0.1672326,0.077130795,75062.234,0.6615340372875455,0.004488623425174087,1.5042531863727455
0.1672326,0.079392381,75052.148,0.6615340372875455,0.01346590997017262,1.5040510621242484
0.1672326,0.081653967,75029.086,0.6615340372875455,0.02244319651517115,1.5035888977955911
0.1672326,0.083915547,74993.57,0.6615340372875455,0.0314204592433795,1.5028771543086175
0.1672326,0.086177133,74945.867,0.6615340372875455,0.04039774578837809,1.5019211823647294
0.1672326,0.088438727,74886.664,0.6615340372875455,0.049375064089096865,1.500734749498998
0.1672326,0.090700306,74816.898,0.6615340372875455,0.058352322847840185,1.499336633266533
0.1672326,0.092961892,74736.789,0.6615340372875455,0.06732960939283877,1.49773124248497
0.1672326,0.095223479,74647.094,0.6615340372875455,0.07630689990730233,1.4959337474949899
0.1672326,0.097485065,74548.609,0.6615340372875455,0.08528418645230086,1.4939601002004008
0.1672326,0.099746644,74442.742,0.6615340372875455,0.09426144521104418,1.491838517034068
0.1672326,0.10200824,74329.852,0.6615340372875455,0.10323877145069307,1.4895761923847695
0.1672326,0.10426982,74210.867,0.6615340372875455,0.11221603417890143,1.4871917234468937
0.1672326,0.10653141,74086.336,0.6615340372875455,0.12119333660176014,1.4846961122244489
0.1672326,0.10879299,73957.109,0.6615340372875455,0.1301705993299685,1.482106392785571
0.1672326,0.11105458,73823.82,0.6615340372875455,0.13914790175282715,1.4794352705410823
0.1672326,0.11331617,73687.188,0.6615340372875455,0.14812520417568578,1.4766971543086171
0.1672326,0.11557775,73547.922,0.6615340372875455,0.1571024669038942,1.4739062525050102
0.1672326,0.11783934,73406.625,0.6615340372875455,0.16607976932675286,1.471074649298597
0.1672326,0.12010092,73263.625,0.6615340372875455,0.1750570320549612,1.4682089178356714
0.1672326,0.12236251,73119.344,0.6615340372875455,0.18403433447781986,1.4653175150300601
0.1672326,0.1246241,72973.727,0.6615340372875455,0.19301163690067857,1.4623993386773546
0.1672326,0.12682527,72830.375,0.6615340372875455,0.20174910424627335,1.4595265531062125
0.1672326,0.12882644,72698.227,0.6615340372875455,0.20969267858536758,1.4568782965931864
0.1672326,0.13056658,72581.031,0.6615340372875455,0.21660010346702752,1.4545296793587175
0.1672326,0.13207975,72476.727,0.6615340372875455,0.22260657887026025,1.4524394188376752
0.1672326,0.13339554,72383.641,0.6615340372875455,0.22782956126537754,1.4505739679358718
0.1672326,0.13453971,72300.555,0.6615340372875455,0.2323713040716166,1.448908917835671
0.1672326,0.13553464,72226.461,0.6615340372875455,0.23632064391640495,1.4474240681362724
0.1672326,0.13639979,72160.391,0.6615340372875455,0.2397548265892749,1.4461000200400802
0.1672326,0.13715211,72101.719,0.6615340372875455,0.24274113452252766,1.4449242284569137
0.1672326,0.13780628,72049.695,0.6615340372875455,0.24533783946284024,1.4438816633266534
0.1672326,0.13837515,72003.703,0.6615340372875455,0.24759594903588028,1.4429599799599198
0.1672326,0.13886981,71963.18,0.6615340372875455,0.2495594846088583,1.442147895791583
0.1672326,0.13929994,71927.508,0.6615340372875455,0.25126687060328884,1.4414330260521042
0.17134374,0.012700066,71110.531,0.6778530637612702,-0.25126690235900917,1.425060741482966
0.17134374,0.013130208,71146.398,0.6778530637612702,-0.24955946873099816,1.4257795190380762
0.17134374,0.013624871,71187.383,0.6778530637612702,-0.24759592124962512,1.426600861723447
0.17134374,0.014193734,71234.047,0.6778530637612702,-0.2453378394628403,1.4275360120240481
0.17134374,0.014847926,71287.094,0.6778530637612702,-0.24274104719429704,1.4285990781563125
0.17134374,0.015600246,71347.258,0.6778530637612702,-0.23975473926104432,1.429804769539078
0.17134374,0.016465414,71415.422,0.6778530637612702,-0.23632048513780368,1.4311707815631263
0.17134374,0.017460359,71492.422,0.6778530637612702,-0.23237108575103985,1.4327138677354712
0.17134374,0.018604547,71579.352,0.6778530637612702,-0.22782927149443022,1.4344559519038076
0.17134374,0.019920358,71677.328,0.6778530637612702,-0.2226062057405473,1.436419398797595
0.17134374,0.021433545,71787.719,0.6778530637612702,-0.21659966285640903,1.4386316432865731
0.17134374,0.02317371,71912.305,0.6778530637612702,-0.20969213873812326,1.4411283567134268
0.17134374,0.025174897,72053.188,0.6778530637612702,-0.2017484969181235,1.4439516633266531
0.17134374,0.027376089,72206.227,0.6778530637612702,-0.19301094224429793,1.4470185771543087
0.17134374,0.029637665,72361.883,0.6778530637612702,-0.1840336953939497,1.4501379358717434
0.17134374,0.031899244,72516.383,0.6778530637612702,-0.1750564366352064,1.453234128256513
0.17134374,0.034160823,72670.094,0.6778530637612702,-0.16607917787646306,1.456314509018036
0.17134374,0.036422394,72822.977,0.6778530637612702,-0.15710195087344003,1.4593782965931863
0.17134374,0.038683977,72974.914,0.6778530637612702,-0.14812467623683656,1.4624231262525051
0.17134374,0.040945552,73125.258,0.6778530637612702,-0.13914743335595336,1.4654360320641282
0.17134374,0.043207128,73273.547,0.6778530637612702,-0.13017018650560516,1.4684077555110222
0.17134374,0.045468707,73418.617,0.6778530637612702,-0.12119292774686184,1.4713149699398798
0.17134374,0.047730282,73559.75,0.6778530637612702,-0.11221568486597865,1.4741432865731463
0.17134374,0.049991861,73695.102,0.6778530637612702,-0.10323842610723533,1.476855751503006
0.17134374,0.05225344,73823.789,0.6778530637612702,-0.094261167348492,1.4794346492985972
0.17134374,0.054515015,73944.523,0.6778530637612702,-0.08528392446760881,1.4818541683366733
0.17134374,0.056776591,74057.141,0.6778530637612702,-0.07630667761726058,1.4841110420841683
0.17134374,0.05903817,74159.688,0.6778530637612702,-0.06732941885851726,1.4861660921843687
0.17134374,0.061299749,74251.562,0.6778530637612702,-0.05835216009977394,1.4880072545090182
0.17134374,0.063561328,74331.883,0.6778530637612702,-0.04937490134103062,1.4896168937875751
0.17134374,0.065822899,74400.578,0.6778530637612702,-0.04039767433800754,1.4909935470941882
0.17134374,0.068084478,74456.992,0.6778530637612702,-0.03142041557926422,1.4921240881763527
0.17134374,0.070346057,74500.664,0.6778530637612702,-0.022443156820520904,1.4929992785571142
0.17134374,0.072607636,74531.305,0.6778530637612702,-0.013465898061777583,1.4936133266533065
0.17134374,0.074869215,74548.43,0.6778530637612702,-0.0044886393030342635,1.493956513026052
0.17134374,0.077130787,74551.711,0.6778530637612702,0.004488591669453843,1.494022264529058
0.17134374,0.079392366,74541.078,0.6778530637612702,0.013465850428197163,1.4938091783567133
0.17134374,0.081653945,74516.82,0.6778530637612702,0.022443109186940483,1.4933230460921845
0.17134374,0.083915517,74479.258,0.6778530637612702,0.03142034015942853,1.4925703006012023
0.17134374,0.086177096,74428.812,0.6778530637612702,0.04039759891817185,1.491559358717435
0.17134374,0.088438667,74365.914,0.6778530637612702,0.04937482592119493,1.490298877755511
0.17134374,0.090700246,74291.336,0.6778530637612702,0.05835208467993825,1.4888043286573145
0.17134374,0.092961833,74205.219,0.6778530637612702,0.06732937519440181,1.4870785370741482
0.17134374,0.095223412,74108.258,0.6778530637612702,0.07630663395314513,1.4851354308617235
0.17134374,0.097484991,74001.125,0.6778530637612702,0.08528389271188845,1.482988476953908
0.17134374,0.099746563,73885.562,0.6778530637612702,0.09426112368437656,1.4806725851703408
0.17134374,0.10200814,73761.953,0.6778530637612702,0.10323837450418981,1.4781954509018036
0.17134374,0.10426972,73631.734,0.6778530637612702,0.11221563723239816,1.4755858517034068
0.17134374,0.10653129,73495.805,0.6778530637612702,0.12119286026595621,1.4728618236472943
0.17134374,0.10879287,73355.609,0.6778530637612702,0.13017012299416456,1.4700522845691382
0.17134374,0.11105444,73212.062,0.6778530637612702,0.1391473460277226,1.4671755911823647
0.17134374,0.11331602,73066.164,0.6778530637612702,0.14812460875593095,1.4642517835671343
0.17134374,0.1155776,72918.727,0.6778530637612702,0.15710187148413932,1.461297134268537
0.17134374,0.11783917,72770.352,0.6778530637612702,0.16607909451769728,1.4583236873747494
0.17134374,0.12010075,72621.047,0.6778530637612702,0.1750563572459057,1.455331603206413
0.17134374,0.12236233,72470.977,0.6778530637612702,0.18403361997411405,1.4523241883767535
0.17134374,0.12462392,72319.742,0.6778530637612702,0.1930109223969727,1.4492934268537074
0.17134374,0.12682509,72171.055,0.6778530637612702,0.20174838974256756,1.4463137274549096
0.17134374,0.12882631,72034.102,0.6778530637612702,0.20969216255491338,1.4435691783567135
0.17134374,0.13056646,71912.922,0.6778530637612702,0.21659962713122363,1.441140721442886
0.17134374,0.13207965,71805.508,0.6778530637612702,0.222606181923757,1.4389881362725452
0.17134374,0.13339545,71710.125,0.6778530637612702,0.22782920401352458,1.4370766533066133
0.17134374,0.13453963,71625.555,0.6778530637612702,0.23237098651441396,1.4353818637274547
0.17134374,0.13553458,71550.578,0.6778530637612702,0.2363204057485029,1.4338793186372745
0.17134374,0.13639975,71484.273,0.6778530637612702,0.2397546678106736,1.4325505611222444
0.17134374,0.13715208,71425.633,0.6778530637612702,0.24274101543857673,1.4313754108216432
0.17134374,0.13780627,71373.992,0.6778530637612702,0.24533779976818995,1.430340521042084
0.17134374,0.13837513,71328.539,0.6778530637612702,0.24759586964657967,1.4294296392785573
0.17134374,0.13886979,71288.641,0.6778530637612702,0.24955940521955758,1.4286300801603207
0.17134374,0.13929993,71253.688,0.6778530637612702,0.25126683090863844,1.427929619238477
0.1754549,0.012700069,70265.68,0.6941721696242956,-0.25126689045061407,1.4081298597194387
0.1754549,0.013130216,70300.82,0.6941721696242956,-0.2495594369752779,1.4088340681362728
0.1754549,0.013624886,70341.125,0.6941721696242956,-0.2475958617076496,1.4096417835671342
0.1754549,0.014193757,70387.305,0.6941721696242956,-0.24533774816514453,1.4105672344689377
0.1754549,0.014847958,70440.148,0.6941721696242956,-0.242740920171416,1.4116262124248498
0.1754549,0.015600289,70500.492,0.6941721696242956,-0.2397545685740479,1.412835511022044
0.1754549,0.01646547,70569.242,0.6941721696242956,-0.23632026284776186,1.414213266533066
0.1754549,0.017460428,70647.438,0.6941721696242956,-0.23237081185795264,1.4157803206412825
0.1754549,0.018604629,70736.219,0.6941721696242956,-0.22782894599829756,1.417559498997996
0.1754549,0.019920461,70836.781,0.6941721696242956,-0.22260579688564894,1.4195747695390781
0.1754549,0.021433668,70950.484,0.6941721696242956,-0.21659917461221,1.421853386773547
0.1754549,0.023173856,71078.828,0.6941721696242956,-0.20969155919622853,1.4244254108216432
0.1754549,0.02517507,71223.727,0.6941721696242956,-0.20174781020067287,1.4273291983967935
0.1754549,0.027376274,71380.367,0.6941721696242956,-0.19301020789326692,1.4304682765531063
0.1754549,0.029637843,71539.07,0.6941721696242956,-0.18403298882917393,1.4336486973947897
0.1754549,0.031899411,71696.258,0.6941721696242956,-0.17505577373454595,1.43679875751503
0.1754549,0.034160979,71852.57,0.6941721696242956,-0.166078558639918,1.4399312625250502
0.1754549,0.036422551,72008.406,0.6941721696242956,-0.15710132766742993,1.443054228456914
0.1754549,0.038684115,72163.805,0.6941721696242956,-0.14812412845066208,1.4461684368737473
0.1754549,0.040945686,72318.32,0.6941721696242956,-0.139146901447639,1.4492649298597196
0.1754549,0.043207254,72471.453,0.6941721696242956,-0.13016968635301104,1.4523337274549097
0.1754549,0.045468822,72621.906,0.6941721696242956,-0.12119247125838309,1.4553488176352707
0.1754549,0.04773039,72768.594,0.6941721696242956,-0.11221525616375513,1.4582884569138277
0.1754549,0.049991958,72909.617,0.6941721696242956,-0.10323804106912715,1.4611145691382765
0.1754549,0.052253529,73043.836,0.6941721696242956,-0.0942608140661041,1.4638043286573146
0.1754549,0.054515097,73169.781,0.6941721696242956,-0.08528359897147614,1.4663282765531063
0.1754549,0.056776665,73287.031,0.6941721696242956,-0.07630638387684818,1.468677975951904
0.1754549,0.059038233,73393.531,0.6941721696242956,-0.0673291687822202,1.470812244488978
0.1754549,0.061299801,73488.805,0.6941721696242956,-0.058351953687592245,1.4727215430861722
0.1754549,0.063561372,73571.641,0.6941721696242956,-0.049374726684569166,1.4743815831663327
0.1754549,0.065822944,73642.25,0.6941721696242956,-0.040397495712081115,1.4757965931863728
0.1754549,0.068084508,73699.805,0.6941721696242956,-0.031420296495313256,1.4769499999999998
0.1754549,0.070346072,73744.25,0.6941721696242956,-0.022443097278545446,1.4778406813627254
0.1754549,0.072607644,73775.164,0.6941721696242956,-0.01346586630605734,1.4784602004008016
0.1754549,0.074869215,73792.328,0.6941721696242956,-0.0044886393030342635,1.4788041683366733
0.1754549,0.077130787,73795.414,0.6941721696242956,0.004488591669453843,1.4788660120240482
0.1754549,0.079392351,73784.555,0.6941721696242956,0.013465790886221652,1.478648396793587
0.1754549,0.081653923,73759.75,0.6941721696242956,0.022443021858709757,1.4781513026052104
0.1754549,0.083915487,73721.297,0.6941721696242956,0.03142022107547757,1.4773807014028058
0.1754549,0.086177059,73669.5,0.6941721696242956,0.04039745204796567,1.4763426853707415
0.1754549,0.08843863,73604.547,0.6941721696242956,0.049374679050988746,1.4750410220440884
0.1754549,0.090700194,73527.266,0.6941721696242956,0.058351878267756556,1.4734923046092185
0.1754549,0.092961773,73437.562,0.6941721696242956,0.06732913702649988,1.4716946292585171
0.1754549,0.09522333,73336.406,0.6941721696242956,0.07630630845701247,1.4696674549098196
0.1754549,0.097484902,73224.383,0.6941721696242956,0.08528353942950058,1.46742250501002
0.1754549,0.099746473,73103.422,0.6941721696242956,0.09426076643252365,1.4649984368737476
0.1754549,0.10200804,72974.07,0.6941721696242956,0.10323797755768656,1.4624062124248498
0.1754549,0.10426961,72837.875,0.6941721696242956,0.1122152005912446,1.4596768537074147
0.1754549,0.10653117,72696.109,0.6941721696242956,0.12119238393015229,1.4568358517034068
0.1754549,0.10879274,72550.352,0.6941721696242956,0.13016960696371033,1.453914869739479
0.1754549,0.11105432,72401.703,0.6941721696242956,0.13914686969191867,1.4509359318637274
0.1754549,0.11331588,72251.367,0.6941721696242956,0.14812405303082637,1.4479231863727455
0.1754549,0.11557746,72100.086,0.6941721696242956,0.15710131575903477,1.4448915030060119
0.1754549,0.11783902,71948.359,0.6941721696242956,0.16607849909794245,1.441850881763527
0.1754549,0.12010059,71796.062,0.6941721696242956,0.17505572213150045,1.4387988376753509
0.1754549,0.12236216,71642.875,0.6941721696242956,0.1840329451650585,1.4357289579158317
0.1754549,0.12462373,71488.133,0.6941721696242956,0.19301016819861655,1.4326279158316633
0.1754549,0.12682493,71335.312,0.6941721696242956,0.20174775462816236,1.429565370741483
0.1754549,0.12882616,71193.812,0.6941721696242956,0.2096915671351585,1.4267296993987977
0.1754549,0.13056633,71068.445,0.6941721696242956,0.21659911110076946,1.4242173346693388
0.1754549,0.13207954,70957.352,0.6941721696242956,0.22260574528260343,1.4219910220440881
0.1754549,0.13339537,70859.047,0.6941721696242956,0.22782888645632204,1.420020981963928
0.1754549,0.13453957,70772.242,0.6941721696242956,0.23237074834651203,1.4182814028056112
0.1754549,0.13553452,70695.82,0.6941721696242956,0.23632016758060095,1.4167498997995993
0.1754549,0.13639972,70628.609,0.6941721696242956,0.2397545487267227,1.415402985971944
0.1754549,0.13715205,70569.641,0.6941721696242956,0.24274089635462573,1.41422126252505
0.1754549,0.13780624,70518.047,0.6941721696242956,0.24533768068423892,1.4131873146292586
0.1754549,0.1383751,70472.906,0.6941721696242956,0.24759575056262864,1.4122826853707415
0.1754549,0.13886979,70433.508,0.6941721696242956,0.24955940521955758,1.4114931462925853
0.1754549,0.13929993,70399.18,0.6941721696242956,0.25126683090863844,1.4108052104208415
0.17956606,0.012700072,69236.008,0.710491275487321,-0.2512668785422189,1.3874951503006012
0.17956606,0.013130224,69269.219,0.710491275487321,-0.2495594052195577,1.3881607014028055
0.17956606,0.013624903,69307.547,0.710491275487321,-0.24759579422674405,1.3889287975951905
0.17956606,0.014193781,69351.633,0.710491275487321,-0.24533765289798376,1.3898122845691383
0.17956606,0.01484799,69402.398,0.710491275487321,-0.24274079314853494,1.390829619238477
0.17956606,0.015600332,69460.695,0.710491275487321,-0.2397543978870515,1.3919978957915833
0.17956606,0.016465524,69527.633,0.710491275487321,-0.23632004849665011,1.3933393386773547
0.17956606,0.017460495,69604.227,0.710491275487321,-0.23237054590379544,1.3948742885771543
0.17956606,0.018604714,69691.82,0.710491275487321,-0.22782860859376977,1.3966296593186374
0.17956606,0.019920561,69791.547,0.710491275487321,-0.22260539993914566,1.3986281963927858
0.17956606,0.021433791,69904.82,0.710491275487321,-0.21659868636801102,1.4008981963927858
0.17956606,0.023174003,70032.953,0.710491275487321,-0.20969097568486875,1.4034659919839678
0.17956606,0.025175244,70177.539,0.710491275487321,-0.2017471195137572,1.4063635070140281
0.17956606,0.027376458,70333.461,0.710491275487321,-0.19300947751170094,1.4094881963927854
0.17956606,0.029638018,70490.867,0.710491275487321,-0.18403229417279324,1.4126426252505009
0.17956606,0.031899575,70646.227,0.710491275487321,-0.17505512274228063,1.4157560521042083
0.17956606,0.034161136,70800.492,0.710491275487321,-0.1660779354339079,1.4188475350701402
0.17956606,0.0364227,70954.102,0.710491275487321,-0.15710073621714005,1.421925891783567
0.17956606,0.03868426,71107.438,0.710491275487321,-0.14812355287823237,1.42499875751503
0.17956606,0.040945821,71260.18,0.710491275487321,-0.13914636556985963,1.4280597194388776
0.17956606,0.043207377,71411.844,0.710491275487321,-0.13016919810881206,1.4310990781563127
0.17956606,0.045468941,71561.117,0.710491275487321,-0.12119199889204423,1.4340905210420842
0.17956606,0.047730498,71707.07,0.710491275487321,-0.11221482746153161,1.4370154308617236
0.17956606,0.049992062,71847.602,0.710491275487321,-0.10323762824476379,1.4398317034068135
0.17956606,0.052253619,71981.703,0.710491275487321,-0.09426045681425117,1.4425190981963927
0.17956606,0.054515183,72107.828,0.710491275487321,-0.08528325759748334,1.445046653306613
0.17956606,0.05677674,72225.43,0.710491275487321,-0.07630608616697074,1.4474034068136272
0.17956606,0.059038304,72332.359,0.710491275487321,-0.0673288869502029,1.44954627254509
0.17956606,0.06129986,72428.016,0.710491275487321,-0.05835171948915534,1.451463246492986
0.17956606,0.063561417,72511.148,0.710491275487321,-0.04937454805864275,1.4531292184368738
0.17956606,0.065822981,72581.758,0.710491275487321,-0.04039734884187488,1.454544248496994
0.17956606,0.068084538,72639.172,0.710491275487321,-0.031420177411362285,1.4556948296593188
0.17956606,0.070346102,72683.352,0.710491275487321,-0.022442978194594478,1.4565802004008015
0.17956606,0.072607659,72714.016,0.710491275487321,-0.013465806764081828,1.4571947094188378
0.17956606,0.074869215,72730.906,0.710491275487321,-0.0044886393030342635,1.4575331863727456
0.17956606,0.07713078,72733.766,0.710491275487321,0.004488563883198575,1.457590501002004
0.17956606,0.079392336,72722.664,0.710491275487321,0.01346573134424614,1.4573680160320641
0.17956606,0.0816539,72697.734,0.710491275487321,0.022442930561014002,1.4568684168336672
0.17956606,0.083915457,72659.07,0.710491275487321,0.031420101991526596,1.4560935871743488
0.17956606,0.086177021,72607.078,0.710491275487321,0.04039730120829446,1.4550516633266533
0.17956606,0.088438578,72541.797,0.710491275487321,0.04937447263880706,1.4537434268537075
0.17956606,0.090700142,72463.969,0.710491275487321,0.05835167185557486,1.45218374749499
0.17956606,0.092961699,72373.695,0.710491275487321,0.06732884328608746,1.4503746492985974
0.17956606,0.095223255,72271.781,0.710491275487321,0.07630601074713508,1.4483322845691384
0.17956606,0.097484827,72159.156,0.710491275487321,0.08528324171962313,1.4460752705410822
0.17956606,0.099746376,72037.719,0.710491275487321,0.09426038139441548,1.4436416633266533
0.17956606,0.10200794,71908.195,0.710491275487321,0.10323758061118335,1.441045991983968
0.17956606,0.1042695,71772.18,0.710491275487321,0.11221476395009103,1.4383202404809619
0.17956606,0.10653107,71630.914,0.710491275487321,0.12119198698364908,1.4354892585170342
0.17956606,0.10879262,71485.945,0.710491275487321,0.13016913062790647,1.4325840681362727
0.17956606,0.11105418,71338.406,0.710491275487321,0.13914631396681415,1.429627374749499
0.17956606,0.11331574,71189.492,0.710491275487321,0.14812349730572183,1.426643126252505
0.17956606,0.1155773,71039.914,0.710491275487321,0.1571006806446295,1.4236455711422846
0.17956606,0.11783886,70889.945,0.710491275487321,0.16607786398353727,1.4206401803607216
0.17956606,0.12010042,70739.375,0.710491275487321,0.17505504732244495,1.417622745490982
0.17956606,0.12236198,70587.602,0.710491275487321,0.18403223066135263,1.4145812024048097
0.17956606,0.12462354,70433.758,0.710491275487321,0.19300941400026037,1.4114981563126252
0.17956606,0.12682475,70281.227,0.710491275487321,0.20174704012445654,1.4084414228456914
0.17956606,0.12882599,70139.781,0.710491275487321,0.209690892326103,1.4056068336673346
0.17956606,0.13056621,70014.352,0.710491275487321,0.2165986347649655,1.4030932264529057
0.17956606,0.13207944,69903.352,0.710491275487321,0.22260534833610016,1.4008687775551103
0.17956606,0.13339528,69805.602,0.710491275487321,0.22782852920446908,1.398909859719439
0.17956606,0.1345395,69719.812,0.710491275487321,0.23237047048395978,1.3971906212424852
0.17956606,0.13553447,69644.766,0.710491275487321,0.23631996910734934,1.3956866933867735
0.17956606,0.13639967,69579.188,0.710491275487321,0.23975435025347105,1.39437250501002
0.17956606,0.13715202,69522.117,0.710491275487321,0.2427407772706748,1.3932287975951902
0.17956606,0.13780622,69472.414,0.710491275487321,0.2453376012949383,1.392232745490982
0.17956606,0.1383751,69429.227,0.710491275487321,0.24759575056262864,1.3913672745490981
0.17956606,0.13886978,69391.727,0.710491275487321,0.24955936552490726,1.3906157715430862
0.17956606,0.13929993,69359.242,0.710491275487321,0.25126683090863844,1.3899647695390782
0.1836772,0.012700074,68024.867,0.7268103019610459,-0.25126687060328884,1.3632237875751503
0.1836772,0.013130235,68054.078,0.7268103019610459,-0.24955936155544228,1.3638091783567132
0.1836772,0.013624918,68087.93,0.7268103019610459,-0.2475957346847686,1.3644875751503005
0.1836772,0.014193803,68127.109,0.7268103019610459,-0.24533756556975306,1.3652727254509018
0.1836772,0.014848022,68172.43,0.7268103019610459,-0.2427406661256539,1.3661809619238476
0.1836772,0.015600374,68224.859,0.7268103019610459,-0.23975423116952013,1.367231643286573
0.1836772,0.016465578,68285.469,0.7268103019610459,-0.2363198341455383,1.36844627254509
0.1836772,0.017460564,68355.383,0.7268103019610459,-0.2323702720107082,1.3698473547094188
0.1836772,0.018604796,68435.922,0.7268103019610459,-0.2278282830976371,1.371461362725451
0.1836772,0.019920666,68528.492,0.7268103019610459,-0.22260498314531726,1.3733164729458918
0.1836772,0.021433912,68634.438,0.7268103019610459,-0.2165982060627421,1.375439639278557
0.1836772,0.023174148,68755.133,0.7268103019610459,-0.20969040011243903,1.377858376753507
0.1836772,0.025175421,68892.148,0.7268103019610459,-0.20174641691844644,1.3806041683366734
0.1836772,0.027376642,69040.406,0.7268103019610459,-0.19300874713013497,1.3835752705410822
0.1836772,0.029638195,69190.234,0.7268103019610459,-0.1840315915774825,1.3865778356713425
0.1836772,0.031899747,69338.055,0.7268103019610459,-0.17505443999429504,1.3895401803607212
0.1836772,0.034161296,69484.57,0.7268103019610459,-0.16607730031950269,1.392476352705411
0.1836772,0.036422849,69630.328,0.7268103019610459,-0.15710014476685022,1.3953973547094187
0.1836772,0.038684402,69775.57,0.7268103019610459,-0.14812298921419775,1.3983080160320642
0.1836772,0.040945951,69920.188,0.7268103019610459,-0.1391458495394054,1.4012061723446894
0.1836772,0.0432075,70063.781,0.7268103019610459,-0.13016870986461304,1.4040837875751504
0.1836772,0.045469053,70205.266,0.7268103019610459,-0.12119155431196058,1.4069191583166334
0.1836772,0.04773061,70343.75,0.7268103019610459,-0.11221438288144797,1.409694388777555
0.1836772,0.049992159,70477.32,0.7268103019610459,-0.10323724320665563,1.4123711422845693
0.1836772,0.052253708,70605.141,0.7268103019610459,-0.09426010353186327,1.4149326853707416
0.1836772,0.054515261,70725.703,0.7268103019610459,-0.0852829479792108,1.4173487575150299
0.1836772,0.056776814,70838.516,0.7268103019610459,-0.07630579242655833,1.4196095390781565
0.1836772,0.059038363,70941.461,0.7268103019610459,-0.06732865275176597,1.4216725651302604
0.1836772,0.061299913,71033.852,0.7268103019610459,-0.058351509107508616,1.4235240881763527
0.1836772,0.063561469,71114.352,0.7268103019610459,-0.049374341646461054,1.4251373146292585
0.1836772,0.065823019,71182.914,0.7268103019610459,-0.04039719800220367,1.4265113026052105
0.1836772,0.068084568,71238.789,0.7268103019610459,-0.03142005832741132,1.4276310420841685
0.1836772,0.070346124,71281.805,0.7268103019610459,-0.022442890866363755,1.4284930861723446
0.1836772,0.072607674,71311.633,0.7268103019610459,-0.013465747222106372,1.4290908416833668
0.1836772,0.07486923,71327.945,0.7268103019610459,-0.0044885797610588075,1.429417735470942
0.1836772,0.077130772,71330.531,0.7268103019610459,0.004488532127478332,1.4294695591182365
0.1836772,0.079392329,71319.414,0.7268103019610459,0.013465703557990927,1.4292467735470942
0.1836772,0.081653878,71294.727,0.7268103019610459,0.02244284323278328,1.4287520440881762
0.1836772,0.083915427,71256.695,0.7268103019610459,0.03141998290757563,1.4279898797595192
0.1836772,0.086176984,71205.797,0.7268103019610459,0.04039715433808823,1.4269698797595192
0.1836772,0.088438533,71142.133,0.7268103019610459,0.04937429401288058,1.4256940480961924
0.1836772,0.090700082,71066.562,0.7268103019610459,0.05835143368767293,1.424179599198397
0.1836772,0.092961632,70979.117,0.7268103019610459,0.06732857733193032,1.4224271943887776
0.1836772,0.095223188,70880.922,0.7268103019610459,0.07630574479297787,1.420459358717435
0.1836772,0.097484738,70772.805,0.7268103019610459,0.08528288843723526,1.4182926853707414
0.1836772,0.099746287,70656.625,0.7268103019610459,0.0942600281120276,1.4159644288577153
0.1836772,0.10200784,70533.023,0.7268103019610459,0.10323718366468009,1.4134874348697395
0.1836772,0.1042694,70403.555,0.7268103019610459,0.11221436700358778,1.410892885771543
0.1836772,0.10653095,70269.305,0.7268103019610459,0.12119151064784515,1.40820250501002
0.1836772,0.1087925,70131.773,0.7268103019610459,0.13016865429210253,1.4054463527054109
0.1836772,0.11105405,69991.945,0.7268103019610459,0.13914579793635992,1.4026441883767538
0.1836772,0.1133156,69850.82,0.7268103019610459,0.1481229415806173,1.3998160320641284
0.1836772,0.11557715,69708.961,0.7268103019610459,0.15710008522487467,1.3969731663326652
0.1836772,0.1178387,69566.508,0.7268103019610459,0.16607722886913207,1.3941183967935873
0.1836772,0.12010025,69423.266,0.7268103019610459,0.17505437251338946,1.3912478156312627
0.1836772,0.1223618,69278.766,0.7268103019610459,0.18403151615764682,1.3883520240480962
0.1836772,0.12462336,69132.133,0.7268103019610459,0.19300869949655453,1.3854134869739478
0.1836772,0.12682459,68987.016,0.7268103019610459,0.20174640501005126,1.3825053306613226
0.1836772,0.12882586,68852.844,0.7268103019610459,0.2096903762956487,1.379816513026052
0.1836772,0.13056609,68734.594,0.7268103019610459,0.2165981584291616,1.377446773547094
0.1836772,0.13207933,68630.75,0.7268103019610459,0.2226049116949466,1.375365731462926
0.1836772,0.13339521,68540.07,0.7268103019610459,0.22782825134191673,1.3735484969939882
0.1836772,0.13453943,68461.078,0.7268103019610459,0.23237019262140743,1.3719654909819639
0.1836772,0.13553442,68392.57,0.7268103019610459,0.2363197706340977,1.3705925851703409
0.1836772,0.13639963,68333.164,0.7268103019610459,0.23975419147486973,1.3694020841683368
0.1836772,0.13715197,68281.781,0.7268103019610459,0.24274057879742317,1.368372364729459
0.1836772,0.13780619,68237.328,0.7268103019610459,0.24533748221098728,1.3674815230460922
0.1836772,0.13837507,68198.969,0.7268103019610459,0.2475956314786776,1.3667128056112223
0.1836772,0.13886976,68165.781,0.7268103019610459,0.24955928613560666,1.3660477154308617
0.1836772,0.13929993,68137.18,0.7268103019610459,0.25126683090863844,1.3654745490981963
0.18778835,0.012700077,66648.242,0.743129368129421,-0.25126685869489374,1.335636112224449
0.18778835,0.013130243,66671.258,0.743129368129421,-0.24955932979972204,1.3360973547094188
0.18778835,0.013624934,66698.102,0.743129368129421,-0.24759567117332806,1.3366353106212425
0.18778835,0.014193826,66729.328,0.743129368129421,-0.2453374742720573,1.3372610821643285
0.18778835,0.014848055,66765.711,0.743129368129421,-0.24274053513330784,1.3379902004008015
0.18778835,0.015600417,66808.109,0.743129368129421,-0.23975406048252373,1.3388398597194389
0.18778835,0.016465634,66857.547,0.743129368129421,-0.23631961185549652,1.3398306012024048
0.18778835,0.017460633,66915.117,0.743129368129421,-0.23236999811762094,1.3409843086172344
0.18778835,0.01860488,66982.266,0.743129368129421,-0.22782794966257439,1.34232997995992
0.18778835,0.019920766,67060.406,0.743129368129421,-0.22260458619881401,1.3438959118236473
0.18778835,0.021434037,67151.148,0.743129368129421,-0.21659770987961302,1.3457143887775551
0.18778835,0.023174297,67256.281,0.743129368129421,-0.2096898086621492,1.34782126252505
0.18778835,0.025175594,67377.523,0.743129368129421,-0.20174573020099584,1.3502509619238476
0.18778835,0.027376827,67510.57,0.743129368129421,-0.19300801277910395,1.352917234468938
0.18778835,0.02963837,67646.492,0.743129368129421,-0.1840308969211018,1.3556411222444888
0.18778835,0.03189991,67781.461,0.743129368129421,-0.17505379297149476,1.3583459118236472
0.18778835,0.034161456,67915.523,0.743129368129421,-0.1660766652050975,1.3610325250501003
0.18778835,0.036422998,68048.805,0.743129368129421,-0.1570995533165604,1.363703507014028
0.18778835,0.038684543,68181.273,0.743129368129421,-0.14812242951962815,1.3663581763527055
0.18778835,0.040946085,68312.711,0.743129368129421,-0.13914531763109106,1.3689922044088176
0.18778835,0.043207631,68442.852,0.743129368129421,-0.13016818986469378,1.371600240480962
0.18778835,0.045469172,68570.789,0.743129368129421,-0.1211910819456217,1.3741641082164329
0.18778835,0.047730714,68695.875,0.743129368129421,-0.1122139700570846,1.3766708416833668
0.18778835,0.049992256,68816.602,0.743129368129421,-0.10323685816854748,1.3790902204408817
0.18778835,0.052253798,68932.234,0.743129368129421,-0.09425974628001037,1.38140749498998
0.18778835,0.054515343,69041.609,0.743129368129421,-0.08528262248307814,1.383599378757515
0.18778835,0.056776885,69144.258,0.743129368129421,-0.07630551059454103,1.3856564729458918
0.18778835,0.05903843,69238.258,0.743129368129421,-0.0673283867976088,1.387540240480962
0.18778835,0.061299976,69322.961,0.743129368129421,-0.058351259031211564,1.3892376953907815
0.18778835,0.063561514,69397.055,0.743129368129421,-0.04937416302053457,1.3907225450901801
0.18778835,0.065823056,69460.469,0.743129368129421,-0.04039705113199744,1.391993366733467
0.18778835,0.068084598,69512.328,0.743129368129421,-0.03141993924346035,1.393032625250501
0.18778835,0.070346147,69552.406,0.743129368129421,-0.022442799568668,1.3938357915831663
0.18778835,0.072607689,69580.156,0.743129368129421,-0.01346568768013086,1.3943919038076154
0.18778835,0.07486923,69595.359,0.743129368129421,-0.0044885797610588075,1.3946965731462926
0.18778835,0.077130772,69597.625,0.743129368129421,0.004488532127478332,1.3947419839679358
0.18778835,0.079392314,69586.953,0.743129368129421,0.01346564401601547,1.3945281162324648
0.18778835,0.081653863,69563.656,0.743129368129421,0.02244278369080777,1.39406124248497
0.18778835,0.083915398,69528.031,0.743129368129421,0.031419867793089695,1.3933473146292585
0.18778835,0.086176947,69480.578,0.743129368129421,0.040397007467882044,1.3923963527054106
0.18778835,0.088438496,69421.625,0.743129368129421,0.0493741471426744,1.3912149298597194
0.18778835,0.09070003,69351.961,0.743129368129421,0.05835122727549124,1.3898188577154307
0.18778835,0.092961565,69271.852,0.743129368129421,0.0673283113777731,1.3882134669338677
0.18778835,0.095223114,69182.258,0.743129368129421,0.07630545105256546,1.386417995991984
0.18778835,0.097484656,69083.945,0.743129368129421,0.0852825629411026,1.3844477955911825
0.18778835,0.099746197,68978.641,0.743129368129421,0.09425967086017466,1.38233749498998
0.18778835,0.10200774,68866.93,0.743129368129421,0.10323678671817682,1.3800987975951902
0.18778835,0.10426929,68750.039,0.743129368129421,0.11221393036243421,1.3777562925851705
0.18778835,0.10653083,68628.836,0.743129368129421,0.12119103431204128,1.375327374749499
0.18778835,0.10879237,68504.516,0.743129368129421,0.1301681382616483,1.372835991983968
0.18778835,0.11105391,68377.812,0.743129368129421,0.13914524221125538,1.3702968336673347
0.18778835,0.11331546,68249.5,0.743129368129421,0.14812238585551277,1.3677254509018035
0.18778835,0.115577,68120.07,0.743129368129421,0.15709948980511979,1.3651316633266535
0.18778835,0.11783855,67989.844,0.743129368129421,0.16607663344937718,1.3625219238476953
0.18778835,0.12010008,67858.828,0.743129368129421,0.1750536977043339,1.3598963527054106
0.18778835,0.12236163,67726.82,0.743129368129421,0.18403084134859127,1.3572509018036074
0.18778835,0.12462316,67593.852,0.743129368129421,0.193007905603548,1.3545862124248498
0.18778835,0.12682441,67463.68,0.743129368129421,0.20174569050634544,1.3519775551102202
0.18778835,0.12882571,67345.016,0.743129368129421,0.20968978087589393,1.3495995190380763
0.18778835,0.13056597,67242.109,0.743129368129421,0.21659768209335775,1.347537254509018
0.18778835,0.13207923,67153.266,0.743129368129421,0.22260451474844334,1.3457568336673347
0.18778835,0.13339512,67076.781,0.743129368129421,0.2278278940900639,1.3442240681362727
0.18778835,0.13453937,67011.094,0.743129368129421,0.2323699544535055,1.3429076953907815
0.18778835,0.13553438,66954.688,0.743129368129421,0.2363196118554965,1.3417773146292584
0.18778835,0.13639958,66906.32,0.743129368129421,0.2397539930016181,1.3408080160320643
0.18778835,0.13715194,66864.789,0.743129368129421,0.24274045971347216,1.339975731462926
0.18778835,0.13780618,66829.203,0.743129368129421,0.245337442516337,1.3392625851703406
0.18778835,0.13837506,66798.602,0.743129368129421,0.24759559178402732,1.3386493386773546
0.18778835,0.13886976,66772.359,0.743129368129421,0.24955928613560666,1.3381234268537074
0.18778835,0.13929993,66749.844,0.743129368129421,0.25126683090863844,1.3376722244488977
0.19189948,0.01270008,65138.039,0.7594483549084955,-0.2512668467864987,1.305371523046092
0.19189948,0.013130251,65153.57,0.7594483549084955,-0.24955929804400181,1.305682765531062
0.19189948,0.013624948,65171.785,0.7594483549084955,-0.2475956156008176,1.3060477955911824
0.19189948,0.01419385,65193.109,0.7594483549084955,-0.24533737900489652,1.3064751302605209
0.19189948,0.014848088,65218.191,0.7594483549084955,-0.24274040414096176,1.3069777755511023
0.19189948,0.01560046,65247.809,0.7594483549084955,-0.23975388979552736,1.3075713226452905
0.19189948,0.01646569,65282.691,0.7594483549084955,-0.23631938956545467,1.3082703607214428
0.19189948,0.0174607,65323.961,0.7594483549084955,-0.2323697321634638,1.3090974148296595
0.19189948,0.018604966,65372.934,0.7594483549084955,-0.2278276082885816,1.3100788376753507
0.19189948,0.019920871,65431.254,0.7594483549084955,-0.22260416940498562,1.3112475751503005
0.19189948,0.021434158,65500.695,0.7594483549084955,-0.2165972295743441,1.3126391783567135
0.19189948,0.023174442,65583.367,0.7594483549084955,-0.20968923308971946,1.3142959318637275
0.19189948,0.025175769,65681.477,0.7594483549084955,-0.20174503554461515,1.3162620641282565
0.19189948,0.027377013,65792.156,0.7594483549084955,-0.1930072744586079,1.3184800801603207
0.19189948,0.029638546,65907.844,0.7594483549084955,-0.18403019829525608,1.3207984769539078
0.19189948,0.031900082,66024.727,0.7594483549084955,-0.17505311022350914,1.3231408216432865
0.19189948,0.034161616,66141.938,0.7594483549084955,-0.1660760300906923,1.3254897394789578
0.19189948,0.036423147,66258.914,0.7594483549084955,-0.15709896186627054,1.3278339478957917
0.19189948,0.038684685,66375.055,0.7594483549084955,-0.14812186585559353,1.3301614228456913
0.19189948,0.040946215,66489.875,0.7594483549084955,-0.1391448016006368,1.3324624248496995
0.19189948,0.043207757,66603.094,0.7594483549084955,-0.13016768971209972,1.3347313426853706
0.19189948,0.045469288,66713.859,0.7594483549084955,-0.12119062148767795,1.3369510821643287
0.19189948,0.047730822,66821.789,0.7594483549084955,-0.11221354135486108,1.3391140080160322
0.19189948,0.049992353,66925.664,0.7594483549084955,-0.10323647313043931,1.3411956713426854
0.19189948,0.052253887,67025.172,0.7594483549084955,-0.09425939299762247,1.3431898196392786
0.19189948,0.054515425,67119.375,0.7594483549084955,-0.08528229698694548,1.3450776553106212
0.19189948,0.056776956,67207.992,0.7594483549084955,-0.0763052287625237,1.3468535470941883
0.19189948,0.059038498,67289.375,0.7594483549084955,-0.06732811687398658,1.3484844689378757
0.19189948,0.061300028,67363.016,0.7594483549084955,-0.05835105261902987,1.349960240480962
0.19189948,0.063561559,67427.75,0.7594483549084955,-0.0493739843946081,1.35125751503006
0.19189948,0.065823093,67483.453,0.7594483549084955,-0.04039690426179125,1.3523738076152303
0.19189948,0.068084627,67529.227,0.7594483549084955,-0.03141982412897441,1.353291122244489
0.19189948,0.070346162,67564.789,0.7594483549084955,-0.022442740026692488,1.3540037875751505
0.19189948,0.072607696,67589.492,0.7594483549084955,-0.013465659893875648,1.3544988376753506
0.19189948,0.07486923,67602.992,0.7594483549084955,-0.0044885797610588075,1.354769378757515
0.19189948,0.077130765,67604.922,0.7594483549084955,0.004488504341223119,1.3548080561122247
0.19189948,0.079392299,67595.312,0.7594483549084955,0.01346558447403996,1.3546154709418838
0.19189948,0.081653833,67574.523,0.7594483549084955,0.022442664606856802,1.354198857715431
0.19189948,0.083915375,67542.867,0.7594483549084955,0.03141977649539394,1.3535644689378756
0.19189948,0.086176902,67500.953,0.7594483549084955,0.04039682884195557,1.352724509018036
0.19189948,0.088438436,67449.164,0.7594483549084955,0.04937390897477241,1.3516866533066134
0.19189948,0.090699971,67388.375,0.7594483549084955,0.05835099307705433,1.3504684368737474
0.19189948,0.092961505,67318.875,0.7594483549084955,0.06732807320987118,1.3490756513026052
0.19189948,0.095223039,67241.523,0.7594483549084955,0.07630515334268802,1.347525511022044
0.19189948,0.097484574,67156.945,0.7594483549084955,0.08528223744496995,1.3458305611222445
0.19189948,0.099746108,67066.555,0.7594483549084955,0.09425931757778679,1.344019138276553
0.19189948,0.10200764,66970.781,0.7594483549084955,0.10323638977167356,1.3420998196392786
0.19189948,0.10426918,66870.484,0.7594483549084955,0.11221349372128064,1.3400898597194388
0.19189948,0.10653071,66766.188,0.7594483549084955,0.12119055797623736,1.337999759519038
0.19189948,0.10879225,66658.867,0.7594483549084955,0.1301676619258444,1.3358490380761523
0.19189948,0.11105378,66548.859,0.7594483549084955,0.13914472618080115,1.3336444689378757
0.19189948,0.11331531,66436.969,0.7594483549084955,0.14812179043575788,1.3314021843687374
0.19189948,0.11557685,66323.672,0.7594483549084955,0.1570988943853649,1.3291317034068137
0.19189948,0.11783838,66209.547,0.7594483549084955,0.16607595864032168,1.3268446292585172
0.19189948,0.12009992,66095.102,0.7594483549084955,0.1750530625899287,1.324551142284569
0.19189948,0.12236145,65980.977,0.7594483549084955,0.18403012684488543,1.3222640681362725
0.19189948,0.12462299,65868.008,0.7594483549084955,0.1930072307944925,1.3200001603206413
0.19189948,0.12682423,65759.945,0.7594483549084955,0.20174497600263963,1.3178345691382767
0.19189948,0.12882556,65664.219,0.7594483549084955,0.20968918545613904,1.3159162124248496
0.19189948,0.13056585,65583.57,0.7594483549084955,0.21659720575755387,1.3143000000000002
0.19189948,0.13207912,65515.824,0.7594483549084955,0.22260407810728977,1.312942364729459
0.19189948,0.13339503,65458.852,0.7594483549084955,0.22782753683821094,1.3118006412825651
0.19189948,0.13453931,65411.062,0.7594483549084955,0.23236971628560357,1.3108429258517034
0.19189948,0.13553432,65370.773,0.7594483549084955,0.23631937368759454,1.3100355310621243
0.19189948,0.13639954,65336.699,0.7594483549084955,0.23975383422301688,1.3093526853707416
0.19189948,0.13715191,65307.855,0.7594483549084955,0.24274034062952113,1.3087746492985972
0.19189948,0.13780615,65283.305,0.7594483549084955,0.24533732343238596,1.3082826653306614
0.19189948,0.13837504,65262.555,0.7594483549084955,0.2475955123947267,1.3078668336673347
0.19189948,0.13886973,65244.73,0.7594483549084955,0.24955916705165562,1.307509619238477
0.19189948,0.13929993,65229.562,0.7594483549084955,0.25126683090863844,1.3072056513026051
0.19601065,0.012700083,63532.527,0.7757675004661713,-0.2512668348781036,1.2731969338677356
0.19601065,0.01313026,63540.254,0.7757675004661713,-0.24955926231881648,1.2733517835671342
0.19601065,0.013624963,63549.488,0.7757675004661713,-0.2475955560588421,1.2735368336673347
0.19601065,0.014193873,63560.566,0.7757675004661713,-0.24533728770720079,1.2737588376753506
0.19601065,0.014848119,63573.926,0.7757675004661713,-0.24274028108754575,1.2740265731462925
0.19601065,0.015600502,63590.02,0.7757675004661713,-0.23975372307799597,1.2743490981963927
0.19601065,0.016465742,63609.34,0.7757675004661713,-0.236319183153273,1.2747362725450901
0.19601065,0.017460769,63632.816,0.7757675004661713,-0.23236945827037653,1.275206733466934
0.19601065,0.01860505,63661.898,0.7757675004661713,-0.22782727485351886,1.2757895390781564
0.19601065,0.019920971,63698.141,0.7757675004661713,-0.22260377245848237,1.276515851703407
0.19601065,0.021434283,63743.336,0.7757675004661713,-0.21659673339121505,1.2774215631262527
0.19601065,0.023174588,63799.785,0.7757675004661713,-0.20968865354782473,1.2785528056112225
0.19601065,0.025175942,63870.25,0.7757675004661713,-0.20174434882716452,1.2799649298597195
0.19601065,0.027377196,63953.566,0.7757675004661713,-0.19300654804650696,1.2816345891783567
0.19601065,0.029638723,64044.137,0.7757675004661713,-0.18402949569994534,1.2834496392785573
0.19601065,0.031900249,64138.297,0.7757675004661713,-0.17505244732284872,1.285336613226453
0.19601065,0.034161776,64234.648,0.7757675004661713,-0.1660753949762871,1.28726749498998
0.19601065,0.036423303,64331.84,0.7757675004661713,-0.15709834262972547,1.2892152304609217
0.19601065,0.038684823,64428.84,0.7757675004661713,-0.14812131806941906,1.2911591182364728
0.19601065,0.04094635,64524.719,0.7757675004661713,-0.13914426572285743,1.2930805410821642
0.19601065,0.043207876,64619.008,0.7757675004661713,-0.13016721734576084,1.2949701002004008
0.19601065,0.045469403,64710.895,0.7757675004661713,-0.12119016499919921,1.2968115230460922
0.19601065,0.04773093,64800.102,0.7757675004661713,-0.11221311265263759,1.2985992384769538
0.19601065,0.049992453,64885.723,0.7757675004661713,-0.10323607618393607,1.3003150901803606
0.19601065,0.05225398,64967.617,0.7757675004661713,-0.09425902383737444,1.30195625250501
0.19601065,0.054515503,65045.086,0.7757675004661713,-0.08528198736867294,1.3035087374749499
0.19601065,0.05677703,65118.133,0.7757675004661713,-0.07630493502211132,1.304972605210421
0.19601065,0.059038557,65185.238,0.7757675004661713,-0.06732788267554969,1.3063173947895792
0.19601065,0.061300084,65246.227,0.7757675004661713,-0.05835083032898806,1.307539619238477
0.19601065,0.063561611,65299.988,0.7757675004661713,-0.049373777982426405,1.308616993987976
0.19601065,0.065823138,65346.453,0.7757675004661713,-0.04039672563586478,1.3095481563126252
0.19601065,0.068084657,65384.812,0.7757675004661713,-0.031419705045023394,1.310316873747495
0.19601065,0.070346184,65414.707,0.7757675004661713,-0.022442652698461765,1.3109159719438879
0.19601065,0.072607711,65435.535,0.7757675004661713,-0.013465600351900137,1.311333366733467
0.19601065,0.07486923,65446.969,0.7757675004661713,-0.0044885797610588075,1.31156250501002
0.19601065,0.077130765,65448.637,0.7757675004661713,0.004488504341223119,1.3115959318637276
0.19601065,0.079392292,65440.566,0.7757675004661713,0.013465556687784748,1.3114341883767535
0.19601065,0.081653818,65423.117,0.7757675004661713,0.022442605064881344,1.311084509018036
0.19601065,0.083915338,65396.625,0.7757675004661713,0.03141962962518776,1.3105536072144288
0.19601065,0.086176857,65361.633,0.7757675004661713,0.04039665021602909,1.3098523647294589
0.19601065,0.088438392,65318.621,0.7757675004661713,0.04937373431831101,1.3089904008016031
0.19601065,0.090699919,65268.441,0.7757675004661713,0.058350786664872645,1.3079847895791583
0.19601065,0.092961438,65211.145,0.7757675004661713,0.06732780725571397,1.3068365731462925
0.19601065,0.095222972,65147.664,0.7757675004661713,0.07630488738853086,1.3055644088176352
0.19601065,0.097484492,65078.355,0.7757675004661713,0.08528191194883729,1.3041754509018038
0.19601065,0.099746019,65004.465,0.7757675004661713,0.09425896429539891,1.3026946893787574
0.19601065,0.10200755,64926.059,0.7757675004661713,0.10323603251982066,1.3011234268537075
0.19601065,0.10426906,64843.934,0.7757675004661713,0.11221301738547672,1.299477635270541
0.19601065,0.10653059,64758.164,0.7757675004661713,0.12119008164043343,1.2977587975951903
0.19601065,0.10879213,64669.602,0.7757675004661713,0.1301671855900405,1.295984008016032
0.19601065,0.11105365,64578.422,0.7757675004661713,0.13914421015034692,1.294156753507014
0.19601065,0.11331518,64485.375,0.7757675004661713,0.14812127440530365,1.2922920841683367
0.19601065,0.1155767,64391.152,0.7757675004661713,0.15709829896561006,1.2904038476953907
0.19601065,0.11783823,64296.656,0.7757675004661713,0.1660753632205668,1.2885101402805612
0.19601065,0.12009975,64202.945,0.7757675004661713,0.1750523877808732,1.2866321643286573
0.19601065,0.12236128,64111.375,0.7757675004661713,0.1840294520358299,1.2847970941883768
0.19601065,0.12462281,64023.312,0.7757675004661713,0.19300651629078663,1.2830323046092185
0.19601065,0.12682405,63942.383,0.7757675004661713,0.2017442614989337,1.2814104809619238
0.19601065,0.12882541,63873.992,0.7757675004661713,0.20968859003638415,1.2800399198396792
0.19601065,0.13056572,63819.246,0.7757675004661713,0.21659668972709958,1.2789428056112224
0.19601065,0.13207904,63775.438,0.7757675004661713,0.22260376055008724,1.2780648897795592
0.19601065,0.13339496,63740.34,0.7757675004661713,0.2278272589756587,1.2773615230460922
0.19601065,0.13453923,63712.188,0.7757675004661713,0.23236939872840104,1.276797354709419
0.19601065,0.13553426,63689.457,0.7757675004661713,0.2363191355196925,1.2763418236472945
0.19601065,0.13639951,63670.727,0.7757675004661713,0.23975371513906585,1.2759664729458917
0.19601065,0.13715188,63655.145,0.7757675004661713,0.2427402215455702,1.2756542084168336
0.19601065,0.13780613,63642.199,0.7757675004661713,0.24533724404308535,1.2753947695390782
0.19601065,0.13837504,63631.469,0.7757675004661713,0.2475955123947267,1.275179739478958
0.19601065,0.13886973,63622.551,0.7757675004661713,0.24955916705165562,1.2750010220440882
0.19601065,0.13929993,63615.086,0.7757675004661713,0.25126683090863844,1.2748514228456915
0.20012179,0.012700086,61871.793,0.7920865269398959,-0.2512668229697085,1.2399156913827656
0.20012179,0.013130268,61872.172,0.7920865269398959,-0.24955923056309623,1.2399232865731462
0.20012179,0.013624979,61872.891,0.7920865269398959,-0.2475954925474016,1.2399376953907817
0.20012179,0.014193896,61874.125,0.7920865269398959,-0.24533719640950505,1.2399624248496994
0.20012179,0.014848152,61876.102,0.7920865269398959,-0.24274015009519967,1.2400020440881763
0.20012179,0.015600545,61879.176,0.7920865269398959,-0.23975355239099957,1.2400636472945892
0.20012179,0.016465798,61883.832,0.7920865269398959,-0.23631896086323118,1.2401569539078157
0.20012179,0.017460838,61890.887,0.7920865269398959,-0.2323691843772893,1.2402983366733467
0.20012179,0.018605134,61901.133,0.7920865269398959,-0.22782694141845616,1.2405036673346694
0.20012179,0.019921072,61915.801,0.7920865269398959,-0.22260337154251408,1.240797615230461
0.20012179,0.021434404,61936.375,0.7920865269398959,-0.21659625308594607,1.2412099198396793
0.20012179,0.023174737,61965.348,0.7920865269398959,-0.20968806209753488,1.2417905410821644
0.20012179,0.025176119,62005.836,0.7920865269398959,-0.20174364623185378,1.2426019238476955
0.20012179,0.027377382,62058.281,0.7920865269398959,-0.19300580972601092,1.2436529258517035
0.20012179,0.029638899,62119.527,0.7920865269398959,-0.1840287970740996,1.2448803006012024
0.20012179,0.031900417,62186.855,0.7920865269398959,-0.17505178045272327,1.2462295591182366
0.20012179,0.034161933,62258.496,0.7920865269398959,-0.166074771770277,1.247665250501002
0.20012179,0.036423452,62332.723,0.7920865269398959,-0.1570977511794356,1.2491527655310621
0.20012179,0.038684968,62408.129,0.7920865269398959,-0.14812074249698934,1.2506639078156312
0.20012179,0.040946484,62483.289,0.7920865269398959,-0.1391437338145431,1.252170120240481
0.20012179,0.043208003,62557.59,0.7920865269398959,-0.1301667132237017,1.253659118236473
0.20012179,0.045469522,62630.016,0.7920865269398959,-0.12118969263286035,1.2551105410821644
0.20012179,0.047731034,62700.387,0.7920865269398959,-0.1122126998282742,1.2565207815631263
0.20012179,0.049992554,62767.762,0.7920865269398959,-0.10323567526796779,1.257870981963928
0.20012179,0.05225407,62832.238,0.7920865269398959,-0.09425866658552152,1.2591630861723446
0.20012179,0.054515585,62893.25,0.7920865269398959,-0.08528166187254028,1.2603857715430862
0.20012179,0.056777105,62950.836,0.7920865269398959,-0.07630463731223387,1.2615397995991984
0.20012179,0.059038624,63003.816,0.7920865269398959,-0.06732761672139251,1.262601523046092
0.20012179,0.06130014,63052.004,0.7920865269398959,-0.05835060803894622,1.2635672144288577
0.20012179,0.063561656,63094.547,0.7920865269398959,-0.04937359935649998,1.264419779559118
0.20012179,0.065823175,63131.406,0.7920865269398959,-0.040396578765658595,1.2651584368737476
0.20012179,0.068084687,63161.879,0.7920865269398959,-0.03141958596107242,1.265769118236473
0.20012179,0.070346214,63185.73,0.7920865269398959,-0.022442533614510797,1.2662470941883768
0.20012179,0.072607726,63202.336,0.7920865269398959,-0.013465540809924681,1.2665798797595191
0.20012179,0.074869245,63211.582,0.7920865269398959,-0.004488520219083296,1.2667651703406815
0.20012179,0.077130757,63213.035,0.7920865269398959,0.004488472585502821,1.2667942885771544
0.20012179,0.079392277,63206.797,0.7920865269398959,0.013465497145809236,1.2666692785571143
0.20012179,0.081653796,63193.168,0.7920865269398959,0.02244251773665062,1.2663961523046092
0.20012179,0.083915308,63172.32,0.7920865269398959,0.031419510541236734,1.2659783567134268
0.20012179,0.086176828,63144.84,0.7920865269398959,0.04039653510154315,1.2654276553106212
0.20012179,0.08843834,63111.086,0.7920865269398959,0.049373527906129325,1.2647512224448898
0.20012179,0.090699859,63071.703,0.7920865269398959,0.058350548496970654,1.263961983967936
0.20012179,0.092961371,63026.855,0.7920865269398959,0.06732754130155683,1.2630632264529058
0.20012179,0.095222898,62977.199,0.7920865269398959,0.07630459364811845,1.262068116232465
0.20012179,0.09748441,62923.023,0.7920865269398959,0.08528158645270456,1.2609824248496995
0.20012179,0.099745929,62865.332,0.7920865269398959,0.09425860704354595,1.2598262925851704
0.20012179,0.10200745,62804.242,0.7920865269398959,0.1032356355733174,1.2586020440881762
0.20012179,0.10426897,62740.16,0.7920865269398959,0.11221266013362381,1.2573178356713428
0.20012179,0.10653049,62673.176,0.7920865269398959,0.12118968469393022,1.2559754709418838
0.20012179,0.108792,62603.887,0.7920865269398959,0.13016666955958628,1.2545869138276553
0.20012179,0.11105352,62532.699,0.7920865269398959,0.1391436941198927,1.2531603006012024
0.20012179,0.11331503,62460.359,0.7920865269398959,0.14812067898554876,1.2517106012024048
0.20012179,0.11557655,62387.695,0.7920865269398959,0.15709770354585517,1.2502544088176353
0.20012179,0.11783806,62316.098,0.7920865269398959,0.1660746884115112,1.2488195991983968
0.20012179,0.12009958,62246.988,0.7920865269398959,0.17505171297181762,1.247434629258517
0.20012179,0.1223611,62182.07,0.7920865269398959,0.18402873753212406,1.2461336673346692
0.20012179,0.12462261,62123.039,0.7920865269398959,0.1930057223977801,1.2449506813627254
0.20012179,0.12682389,62072.648,0.7920865269398959,0.20174362638452853,1.2439408416833668
0.20012179,0.12882526,62033.887,0.7920865269398959,0.20968799461662926,1.2431640681362726
0.20012179,0.1305656,62006.289,0.7920865269398959,0.21659621339129573,1.242611002004008
0.20012179,0.13207893,61986.758,0.7920865269398959,0.22260332390893367,1.2422195991983969
0.20012179,0.13339487,61972.883,0.7920865269398959,0.22782690172380574,1.2419415430861724
0.20012179,0.13453916,61963.246,0.7920865269398959,0.23236912086584868,1.2417484168336672
0.20012179,0.1355342,61956.723,0.7920865269398959,0.23631889735179057,1.2416176953907816
0.20012179,0.13639946,61952.469,0.7920865269398959,0.23975351666581424,1.2415324448897795
0.20012179,0.13715185,61949.723,0.7920865269398959,0.2427401024616192,1.2414774148296592
0.20012179,0.13780609,61947.957,0.7920865269398959,0.24533708526448403,1.2414420240480963
0.20012179,0.13837501,61946.875,0.7920865269398959,0.24759539331077568,1.2414203406813626
0.20012179,0.13886973,61946.277,0.7920865269398959,0.24955916705165562,1.2414083567134269
0.20012179,0.13929991,61946.027,0.7920865269398959,0.2512667515193378,1.2414033466933867
0.20423293,0.012700087,60186.371,0.8084055534136207,-0.25126681900024345,1.2061396993987976
0.20423293,0.013130277,60180.668,0.8084055534136207,-0.24955919483791095,1.2060254108216433
0.20423293,0.013624995,60174.395,0.8084055534136207,-0.24759542903596107,1.2058996993987976
0.20423293,0.01419392,60167.496,0.8084055534136207,-0.24533710114234425,1.2057614428857715
0.20423293,0.014848185,60160.039,0.8084055534136207,-0.24274001910285362,1.205612004008016
0.20423293,0.015600588,60152.172,0.8084055534136207,-0.23975338170400318,1.2054543486973948
0.20423293,0.016465852,60144.133,0.8084055534136207,-0.2363187465121194,1.205293246492986
0.20423293,0.017460905,60136.262,0.8084055534136207,-0.23236891842313212,1.205135511022044
0.20423293,0.018605217,60129.238,0.8084055534136207,-0.22782661195285844,1.2049947494989979
0.20423293,0.019921176,60123.98,0.8084055534136207,-0.2226029587181507,1.204889378757515
0.20423293,0.021434529,60122.047,0.8084055534136207,-0.21659575690281704,1.204850641282565
0.20423293,0.023174882,60125.324,0.8084055534136207,-0.20968748652510516,1.2049163126252505
0.20423293,0.025176292,60136.355,0.8084055534136207,-0.20174295951440313,1.2051373747494991
0.20423293,0.027377566,60157.211,0.8084055534136207,-0.19300507934444494,1.2055553306613227
0.20423293,0.029639076,60187.344,0.8084055534136207,-0.18402809447878885,1.2061591983967936
0.20423293,0.031900585,60225.258,0.8084055534136207,-0.1750511135825978,1.206918997995992
0.20423293,0.034162093,60269.484,0.8084055534136207,-0.1660741366558718,1.2078052905811623
0.20423293,0.036423601,60318.301,0.8084055534136207,-0.15709715972914579,1.2087835871743486
0.20423293,0.038685109,60370.117,0.8084055534136207,-0.14812018280241976,1.2098219839679358
0.20423293,0.040946618,60423.418,0.8084055534136207,-0.13914320190622873,1.2108901402805612
0.20423293,0.043208126,60477.215,0.8084055534136207,-0.1301662249795027,1.2119682364729458
0.20423293,0.045469634,60530.344,0.8084055534136207,-0.12118924805277669,1.2130329458917835
0.20423293,0.047731146,60582.234,0.8084055534136207,-0.11221225524819055,1.2140728256513025
0.20423293,0.049992654,60632.172,0.8084055534136207,-0.10323527832146455,1.2150735871743488
0.20423293,0.052254163,60680.062,0.8084055534136207,-0.0942582974252735,1.2160333066132265
0.20423293,0.054515671,60725.426,0.8084055534136207,-0.08528132049854747,1.2169424048096191
0.20423293,0.056777179,60768.438,0.8084055534136207,-0.07630434357182148,1.2178043687374749
0.20423293,0.059038684,60807.973,0.8084055534136207,-0.06732737855349055,1.2185966533066133
0.20423293,0.061300196,60844.008,0.8084055534136207,-0.05835038574890441,1.2193187975951905
0.20423293,0.063561708,60875.77,0.8084055534136207,-0.049373392944318285,1.2199553106212424
0.20423293,0.065823212,60903.309,0.8084055534136207,-0.04039643189545236,1.2205071943887775
0.20423293,0.068084717,60926.117,0.8084055534136207,-0.03141946687712146,1.220964268537074
0.20423293,0.070346221,60944.016,0.8084055534136207,-0.022442505828255584,1.2213229659318638
0.20423293,0.072607733,60956.582,0.8084055534136207,-0.013465513023669468,1.2215747895791584
0.20423293,0.074869245,60963.641,0.8084055534136207,-0.004488520219083296,1.22171625250501
0.20423293,0.07713075,60964.977,0.8084055534136207,0.004488444799247608,1.2217430260521043
0.20423293,0.079392262,60960.621,0.8084055534136207,0.01346543760383378,1.221655731462926
0.20423293,0.081653774,60950.805,0.8084055534136207,0.022442430408419894,1.221459018036072
0.20423293,0.083915278,60935.598,0.8084055534136207,0.03141939145728577,1.2211542685370742
0.20423293,0.08617679,60915.539,0.8084055534136207,0.04039638426187194,1.2207522845691383
0.20423293,0.088438302,60890.797,0.8084055534136207,0.04937337706645806,1.2202564529058115
0.20423293,0.090699807,60861.922,0.8084055534136207,0.05835034208478896,1.2196777955911824
0.20423293,0.092961311,60828.957,0.8084055534136207,0.06732730313365488,1.2190171743486975
0.20423293,0.095222823,60792.387,0.8084055534136207,0.076304295938241,1.2182843086172346
0.20423293,0.097484328,60752.539,0.8084055534136207,0.0852812609565719,1.217485751503006
0.20423293,0.09974584,60710.246,0.8084055534136207,0.09425825376115808,1.2166381963927855
0.20423293,0.10200734,60665.531,0.8084055534136207,0.10323519893216383,1.2157421042084169
0.20423293,0.10426886,60618.742,0.8084055534136207,0.11221222349247024,1.2148044488977956
0.20423293,0.10653037,60570.055,0.8084055534136207,0.1211892083581263,1.2138287575150302
0.20423293,0.10879187,60520.105,0.8084055534136207,0.13016615352913205,1.212827755511022
0.20423293,0.11105338,60469.371,0.8084055534136207,0.13914313839478812,1.2118110420841683
0.20423293,0.11331489,60418.859,0.8084055534136207,0.14812012326044421,1.2107987775551101
0.20423293,0.1155764,60369.77,0.8084055534136207,0.15709710812610028,1.2098150300601203
0.20423293,0.11783791,60323.52,0.8084055534136207,0.16607409299175638,1.2088881763527053
0.20423293,0.12009941,60281.66,0.8084055534136207,0.17505103816276213,1.2080492985971945
0.20423293,0.12236093,60245.945,0.8084055534136207,0.18402806272306854,1.2073335671342684
0.20423293,0.12462243,60217.762,0.8084055534136207,0.1930050078940743,1.2067687775551104
0.20423293,0.12682371,60198.578,0.8084055534136207,0.20174291188082272,1.2063843286573146
0.20423293,0.12882513,60188.871,0.8084055534136207,0.2096874785861751,1.2061897995991984
0.20423293,0.13056548,60186.57,0.8084055534136207,0.21659573705549184,1.2061436873747495
0.20423293,0.13207883,60189.191,0.8084055534136207,0.2226029269624304,1.2061962124248498
0.20423293,0.13339478,60194.934,0.8084055534136207,0.22782654447195277,1.2063113026052104
0.20423293,0.1345391,60202.309,0.8084055534136207,0.23236888269794675,1.2064590981963927
0.20423293,0.13553414,60210.383,0.8084055534136207,0.23631865918388864,1.2066209018036071
0.20423293,0.13639942,60218.605,0.8084055534136207,0.2397533578872129,1.2067856713426854
0.20423293,0.13715182,60226.574,0.8084055534136207,0.24273998337766828,1.206945370741483
0.20423293,0.13780609,60234.059,0.8084055534136207,0.24533708526448403,1.207095370741483
0.20423293,0.13837501,60240.992,0.8084055534136207,0.24759539331077568,1.2072343086172344
0.20423293,0.13886972,60247.266,0.8084055534136207,0.24955912735700533,1.2073600400801603
0.20423293,0.13929991,60252.969,0.8084055534136207,0.2512667515193378,1.2074743286573146
0.20834409,0.01270009,58501.637,0.8247246592766462,-0.25126680709184834,1.1723774949899801
0.20834409,0.013130286,58491.355,0.8247246592766462,-0.24955915911272564,1.1721714428857717
0.20834409,0.013625011,58479.73,0.8247246592766462,-0.24759536552452055,1.1719384769539078
0.20834409,0.014193944,58466.578,0.8247246592766462,-0.24533700587518348,1.1716749098196393
0.20834409,0.014848216,58451.848,0.8247246592766462,-0.2427398960494376,1.1713797194388778
0.20834409,0.015600631,58435.426,0.8247246592766462,-0.23975321101700678,1.171050621242485
0.20834409,0.016465906,58417.352,0.8247246592766462,-0.23631853216100765,1.1706884168336673
0.20834409,0.017460974,58397.684,0.8247246592766462,-0.23236864453004485,1.170294268537074
0.20834409,0.018605301,58376.652,0.8247246592766462,-0.2278262785177957,1.1698727855711424
0.20834409,0.019921277,58354.883,0.8247246592766462,-0.2226025578021824,1.1694365330661323
0.20834409,0.02143465,58333.258,0.8247246592766462,-0.2165952765975481,1.1690031663326654
0.20834409,0.023175031,58313.105,0.8247246592766462,-0.20968689507481533,1.1685992985971945
0.20834409,0.025176466,58296.93,0.8247246592766462,-0.2017422688274875,1.1682751503006013
0.20834409,0.027377751,58287.555,0.8247246592766462,-0.19300434499341393,1.1680872745490982
0.20834409,0.029639252,58286.855,0.8247246592766462,-0.18402739585294312,1.168073246492986
0.20834409,0.031900752,58294.652,0.8247246592766462,-0.1750504506819374,1.168229498997996
0.20834409,0.034162253,58310.109,0.8247246592766462,-0.1660735015414666,1.168539258517034
0.20834409,0.03642375,58332.016,0.8247246592766462,-0.15709656827885596,1.1689782765531063
0.20834409,0.038685251,58358.934,0.8247246592766462,-0.14811961913838517,1.1695177154308618
0.20834409,0.040946752,58389.449,0.8247246592766462,-0.13914266999791436,1.170129238476954
0.20834409,0.043208253,58422.316,0.8247246592766462,-0.13016572085744357,1.1707878957915832
0.20834409,0.045469753,58456.203,0.8247246592766462,-0.12118877568643782,1.171466993987976
0.20834409,0.047731251,58490.352,0.8247246592766462,-0.11221183845436213,1.1721513426853707
0.20834409,0.049992751,58523.762,0.8247246592766462,-0.10323489328335637,1.172820881763527
0.20834409,0.052254252,58556.305,0.8247246592766462,-0.0942579441428856,1.1734730460921843
0.20834409,0.054515753,58587.363,0.8247246592766462,-0.08528099500241482,1.1740954509018036
0.20834409,0.05677725,58617.004,0.8247246592766462,-0.07630406173980415,1.1746894589178356
0.20834409,0.059038751,58644.234,0.8247246592766462,-0.06732711259933337,1.175235150300601
0.20834409,0.061300252,58669.18,0.8247246592766462,-0.05835016345886259,1.1757350701402807
0.20834409,0.063561752,58691.156,0.8247246592766462,-0.04937321828785684,1.176175470941884
0.20834409,0.065823257,58710.293,0.8247246592766462,-0.040396253269525936,1.1765589779559118
0.20834409,0.068084747,58726.145,0.8247246592766462,-0.03141934779317049,1.176876653306613
0.20834409,0.070346251,58738.738,0.8247246592766462,-0.022442386744304616,1.177129018036072
0.20834409,0.072607748,58747.621,0.8247246592766462,-0.013465453481693956,1.1773070340681362
0.20834409,0.074869245,58752.859,0.8247246592766462,-0.004488520219083296,1.177412004008016
0.20834409,0.07713075,58754.105,0.8247246592766462,0.004488444799247608,1.1774369739478958
0.20834409,0.079392247,58751.461,0.8247246592766462,0.013465378061858269,1.177383987975952
0.20834409,0.081653751,58745.109,0.8247246592766462,0.02244233911072414,1.1772566933867734
0.20834409,0.083915249,58735.113,0.8247246592766462,0.03141927634279983,1.177056372745491
0.20834409,0.086176753,58721.809,0.8247246592766462,0.0403962373916657,1.1767897595190382
0.20834409,0.08843825,58705.258,0.8247246592766462,0.04937317065427636,1.1764580761523047
0.20834409,0.090699747,58685.969,0.8247246592766462,0.058350103916887025,1.176071523046092
0.20834409,0.092961252,58663.805,0.8247246592766462,0.06732706893521793,1.175627354709419
0.20834409,0.095222749,58639.32,0.8247246592766462,0.07630400219782858,1.1751366733466935
0.20834409,0.097484246,58612.59,0.8247246592766462,0.08528093546043924,1.1746010020040079
0.20834409,0.09974575,58584.434,0.8247246592766462,0.09425789650930512,1.174036753507014
0.20834409,0.10200725,58554.852,0.8247246592766462,0.10323484168031087,1.1734439278557114
0.20834409,0.10426875,58524.438,0.8247246592766462,0.11221178685131662,1.1728344288577155
0.20834409,0.10653025,58493.336,0.8247246592766462,0.12118873202232243,1.1722111422845691
0.20834409,0.10879175,58462.539,0.8247246592766462,0.1301656771933282,1.1715939679358718
0.20834409,0.11105325,58432.613,0.8247246592766462,0.13914262236433395,1.170994248496994
0.20834409,0.11331475,58404.898,0.8247246592766462,0.1481195675353397,1.1704388376753507
0.20834409,0.11557625,58380.602,0.8247246592766462,0.15709651270634545,1.1699519438877755
0.20834409,0.11783775,58361.141,0.8247246592766462,0.1660734578773512,1.1695619438877756
0.20834409,0.12009925,58347.867,0.8247246592766462,0.17505040304835695,1.1692959318637275
0.20834409,0.12236075,58342.016,0.8247246592766462,0.1840273482193627,1.1691786773547095
0.20834409,0.12462224,58344.383,0.8247246592766462,0.19300425369571808,1.169226112224449
0.20834409,0.12682353,58355.047,0.8247246592766462,0.2017421973771168,1.1694398196392786
0.20834409,0.12882496,58372.168,0.8247246592766462,0.20968680377711948,1.1697829258517034
0.20834409,0.13056535,58392.84,0.8247246592766462,0.21659522102503756,1.1701971943887775
0.20834409,0.13207872,58414.797,0.8247246592766462,0.22260249032127682,1.1706372144288577
0.20834409,0.13339469,58436.758,0.8247246592766462,0.22782618722009992,1.1710773146292586
0.20834409,0.13453902,58457.75,0.8247246592766462,0.2323685651407442,1.171497995991984
0.20834409,0.13553411,58477.43,0.8247246592766462,0.23631854009993772,1.171892384769539
0.20834409,0.13639937,58495.441,0.8247246592766462,0.23975315941396128,1.1722533266533066
0.20834409,0.13715179,58511.734,0.8247246592766462,0.24273986429371727,1.1725798396793587
0.20834409,0.13780606,58526.363,0.8247246592766462,0.2453369661805331,1.172873006012024
0.20834409,0.138375,58539.355,0.8247246592766462,0.2475953536161254,1.173133366733467
0.20834409,0.13886972,58550.871,0.8247246592766462,0.24955912735700533,1.173364148296593
0.20834409,0.13929991,58561.02,0.8247246592766462,0.2512667515193378,1.1735675350701402
0.21245524,0.012700093,56835.523,0.8410437254450213,-0.2512667951834533,1.1389884368737475
0.21245524,0.013130295,56822.074,0.8410437254450213,-0.24955912338754035,1.1387189178356714
0.21245524,0.013625026,56806.707,0.8410437254450213,-0.24759530598254506,1.1384109619238478
0.21245524,0.014193967,56789.152,0.8410437254450213,-0.2453369145774877,1.1380591583166333
0.21245524,0.014848249,56769.242,0.8410437254450213,-0.24273976505709152,1.1376601603206413
0.21245524,0.015600672,56746.664,0.8410437254450213,-0.23975304826894048,1.1372076953907815
0.21245524,0.01646596,56721.219,0.8410437254450213,-0.2363183178098959,1.136697775551102
0.21245524,0.017461043,56692.695,0.8410437254450213,-0.23236837063695764,1.1361261523046091
0.21245524,0.018605385,56660.988,0.8410437254450213,-0.22782594508273296,1.1354907414829658
0.21245524,0.019921381,56626.293,0.8410437254450213,-0.22260214497781902,1.1347954509018037
0.21245524,0.021434775,56588.773,0.8410437254450213,-0.216594780414419,1.1340435470941883
0.21245524,0.023175176,56549.336,0.8410437254450213,-0.20968631950238562,1.1332532264529058
0.21245524,0.025176641,56509.434,0.8410437254450213,-0.2017415741711068,1.1324535871743486
0.21245524,0.027377937,56472.875,0.8410437254450213,-0.19300360667291785,1.1317209418837675
0.21245524,0.029639427,56443.59,0.8410437254450213,-0.18402670119656245,1.1311340681362725
0.21245524,0.03190092,56422.668,0.8410437254450213,-0.1750497838118119,1.1307147895791583
0.21245524,0.03416241,56409.973,0.8410437254450213,-0.1660728783354565,1.130460380761523
0.21245524,0.036423899,56404.93,0.8410437254450213,-0.15709597682856608,1.1303593186372745
0.21245524,0.038685393,56406.617,0.8410437254450213,-0.14811905547435053,1.1303931262525049
0.21245524,0.040946886,56413.832,0.8410437254450213,-0.1391421380896,1.1305377154308618
0.21245524,0.043208376,56425.457,0.8410437254450213,-0.13016523261324459,1.1307706813627254
0.21245524,0.045469865,56440.035,0.8410437254450213,-0.1211883311063542,1.1310628256513027
0.21245524,0.047731362,56456.645,0.8410437254450213,-0.11221139784374354,1.1313956913827654
0.21245524,0.049992848,56474.051,0.8410437254450213,-0.10323450824524824,1.131744509018036
0.21245524,0.052254342,56491.941,0.8410437254450213,-0.09425758689103267,1.1321030260521041
0.21245524,0.054515835,56509.539,0.8410437254450213,-0.08528066950628216,1.1324556913827655
0.21245524,0.056777321,56526.828,0.8410437254450213,-0.07630377990778686,1.1328021643286574
0.21245524,0.059038818,56542.855,0.8410437254450213,-0.0673268466451762,1.1331233466933868
0.21245524,0.061300308,56557.754,0.8410437254450213,-0.05834994116882078,1.1334219238476955
0.21245524,0.063561797,56570.914,0.8410437254450213,-0.04937303966193036,1.1336856513026052
0.21245524,0.065823287,56582.57,0.8410437254450213,-0.04039613418557497,1.1339192384769539
0.21245524,0.068084776,56592.387,0.8410437254450213,-0.03141923267868455,1.1341159719438878
0.21245524,0.070346273,56600.34,0.8410437254450213,-0.022442299416073893,1.1342753507014027
0.21245524,0.072607771,56606.145,0.8410437254450213,-0.013465362183998202,1.1343916833667333
0.21245524,0.07486926,56609.738,0.8410437254450213,-0.0044884606771077844,1.1344636873747493
0.21245524,0.077130742,56610.992,0.8410437254450213,0.004488413043527364,1.1344888176352705
0.21245524,0.079392239,56609.855,0.8410437254450213,0.013465346306138024,1.1344660320641282
0.21245524,0.081653729,56606.535,0.8410437254450213,0.022442251782493417,1.134399498997996
0.21245524,0.083915219,56601.039,0.8410437254450213,0.03141915725884886,1.1342893587174347
0.21245524,0.086176716,56593.691,0.8410437254450213,0.040396090521459524,1.1341421042084168
0.21245524,0.088438205,56584.508,0.8410437254450213,0.04937299202834994,1.1339580761523047
0.21245524,0.090699695,56573.844,0.8410437254450213,0.05834989750470533,1.1337443687374749
0.21245524,0.092961185,56561.57,0.8410437254450213,0.06732680298106078,1.1334983967935872
0.21245524,0.095222682,56548.121,0.8410437254450213,0.07630373624367144,1.133228877755511
0.21245524,0.097484171,56533.562,0.8410437254450213,0.0852806377505618,1.1329371142284568
0.21245524,0.099745661,56518.648,0.8410437254450213,0.09425754322691725,1.132638236472946
0.21245524,0.10200715,56503.527,0.8410437254450213,0.10323444473380766,1.1323352104208417
0.21245524,0.10426864,56488.926,0.8410437254450213,0.11221135021016305,1.1320426052104209
0.21245524,0.10653013,56475.273,0.8410437254450213,0.1211882556865185,1.131768997995992
0.21245524,0.10879163,56463.582,0.8410437254450213,0.13016520085752425,1.1315347094188377
0.21245524,0.11105312,56454.77,0.8410437254450213,0.13914210633387972,1.1313581162324648
0.21245524,0.11331461,56450.211,0.8410437254450213,0.1481190118102351,1.131266753507014
0.21245524,0.1155761,56450.98,0.8410437254450213,0.15709591728659056,1.1312821643286575
0.21245524,0.11783759,56458.25,0.8410437254450213,0.166072822762946,1.1314278557114228
0.21245524,0.12009908,56472.91,0.8410437254450213,0.17504972823930137,1.1317216432865733
0.21245524,0.12236057,56495.473,0.8410437254450213,0.18402663371565683,1.1321738076152303
0.21245524,0.12462206,56526.09,0.8410437254450213,0.19300353919201227,1.132787374749499
0.21245524,0.12682337,56563.531,0.8410437254450213,0.20174156226271162,1.1335376953907816
0.21245524,0.12882483,56603.938,0.8410437254450213,0.20968628774666528,1.1343474549098196
0.21245524,0.13056523,56643.621,0.8410437254450213,0.2165947446892337,1.1351427054108216
0.21245524,0.13207862,56681.102,0.8410437254450213,0.22260209337477357,1.1358938276553106
0.21245524,0.13339461,56715.668,0.8410437254450213,0.22782586966289728,1.1365865330661322
0.21245524,0.13453895,56747.156,0.8410437254450213,0.23236828727819184,1.1372175551102206
0.21245524,0.13553405,56775.41,0.8410437254450213,0.23631830193203568,1.1377837675350702
0.21245524,0.13639933,56800.609,0.8410437254450213,0.23975300063536004,1.13828875751503
0.21245524,0.13715175,56822.93,0.8410437254450213,0.24273970551511592,1.1387360721442885
0.21245524,0.13780603,56842.582,0.8410437254450213,0.2453368470965821,1.1391298997995993
0.21245524,0.13837497,56859.875,0.8410437254450213,0.24759523453217447,1.1394764529058117
0.21245524,0.1388697,56875.008,0.8410437254450213,0.24955904796770473,1.1397797194388777
0.21245524,0.13929991,56888.273,0.8410437254450213,0.2512667515193378,1.1400455511022045
0.21656638,0.012700096,55199.926,0.8573627519187461,-0.2512667832750582,1.1062109418837676
0.21656638,0.013130303,55184.488,0.8573627519187461,-0.2495590916318201,1.1059015631262525
0.21656638,0.013625042,55166.766,0.8573627519187461,-0.24759524247110454,1.1055464128256514
0.21656638,0.01419399,55146.402,0.8573627519187461,-0.24533682327979195,1.1051383166332667
0.21656638,0.014848281,55123.074,0.8573627519187461,-0.2427396380342105,1.1046708216432866
0.21656638,0.015600715,55096.406,0.8573627519187461,-0.23975287758194405,1.1041363927855712
0.21656638,0.016466016,55065.914,0.8573627519187461,-0.23631809551985408,1.1035253306613226
0.21656638,0.01746111,55031.215,0.8573627519187461,-0.23236810468280045,1.1028299599198397
0.21656638,0.018605469,54991.902,0.8573627519187461,-0.22782561164767026,1.102042124248497
0.21656638,0.019921482,54947.676,0.8573627519187461,-0.22260174406185074,1.1011558316633265
0.21656638,0.021434896,54898.242,0.8573627519187461,-0.21659430010915012,1.1001651703406814
0.21656638,0.023175325,54843.734,0.8573627519187461,-0.2096857280520958,1.0990728256513025
0.21656638,0.025176816,54784.805,0.8573627519187461,-0.2017408795147261,1.097891883767535
0.21656638,0.027378121,54725.441,0.8573627519187461,-0.1930028762913519,1.0967022244488978
0.21656638,0.029639605,54671.199,0.8573627519187461,-0.18402599463178665,1.0956152104208416
0.21656638,0.031901088,54624.434,0.8573627519187461,-0.17504911694168646,1.0946780360721442
0.21656638,0.03416257,54585.594,0.8573627519187461,-0.16607224322105127,1.0938996793587175
0.21656638,0.036424056,54554.691,0.8573627519187461,-0.15709535362255597,1.093280380761523
0.21656638,0.038685534,54531.496,0.8573627519187461,-0.14811849577978095,1.0928155511022044
0.21656638,0.04094702,54515.285,0.8573627519187461,-0.13914160618128565,1.0924906813627255
0.21656638,0.043208499,54505.176,0.8573627519187461,-0.1301647443690456,1.0922880961923846
0.21656638,0.045469984,54499.969,0.8573627519187461,-0.12118785874001532,1.09218374749499
0.21656638,0.047731467,54498.629,0.8573627519187461,-0.11221098104991512,1.0921568937875752
0.21656638,0.049992949,54499.844,0.8573627519187461,-0.10323410732927994,1.09218124248497
0.21656638,0.052254431,54503.098,0.8573627519187461,-0.0942572336086448,1.0922464529058116
0.21656638,0.054515913,54507.531,0.8573627519187461,-0.08528035988800962,1.0923352905811623
0.21656638,0.056777395,54512.918,0.8573627519187461,-0.07630348616737444,1.0924432464929859
0.21656638,0.059038881,54518.387,0.8573627519187461,-0.06732659656887914,1.092552845691383
0.21656638,0.061300363,54523.922,0.8573627519187461,-0.058349722848243996,1.09266376753507
0.21656638,0.063561842,54529.082,0.8573627519187461,-0.04937286103600394,1.0927671743486975
0.21656638,0.065823324,54534.059,0.8573627519187461,-0.04039598731536873,1.0928669138276554
0.21656638,0.068084806,54538.512,0.8573627519187461,-0.03141911359473359,1.0929561523046092
0.21656638,0.070346296,54542.391,0.8573627519187461,-0.02244220811837814,1.0930338877755512
0.21656638,0.072607778,54545.508,0.8573627519187461,-0.013465334397742989,1.093096352705411
0.21656638,0.07486926,54547.777,0.8573627519187461,-0.0044884606771077844,1.0931418236472947
0.21656638,0.077130742,54548.98,0.8573627519187461,0.004488413043527364,1.0931659318637275
0.21656638,0.079392225,54549.148,0.8573627519187461,0.013465290733627544,1.0931692985971944
0.21656638,0.081653707,54548.449,0.8573627519187461,0.02244216445426275,1.0931552905811623
0.21656638,0.083915189,54546.961,0.8573627519187461,0.0314190381748979,1.0931254709418838
0.21656638,0.086176664,54544.91,0.8573627519187461,0.04039588410927783,1.093084368737475
0.21656638,0.088438153,54542.344,0.8573627519187461,0.04937278561616825,1.0930329458917836
0.21656638,0.090699635,54539.602,0.8573627519187461,0.058349659336803396,1.0929779959919839
0.21656638,0.092961118,54536.543,0.8573627519187461,0.06732653702690358,1.0929166933867736
0.21656638,0.0952226,54533.527,0.8573627519187461,0.07630341074753878,1.09285625250501
0.21656638,0.097484089,54530.668,0.8573627519187461,0.08528031225442914,1.0927989579158317
0.21656638,0.099745572,54528.777,0.8573627519187461,0.09425718994452938,1.0927610621242485
0.21656638,0.10200705,54528.152,0.8573627519187461,0.10323404778730441,1.0927485370741483
0.21656638,0.10426854,54529.566,0.8573627519187461,0.11221095326365985,1.092776873747495
0.21656638,0.10653002,54533.602,0.8573627519187461,0.12118781904536494,1.092857755511022
0.21656638,0.1087915,54541.508,0.8573627519187461,0.13016468482707003,1.0930161923847697
0.21656638,0.11105298,54554.199,0.8573627519187461,0.13914155060877512,1.093270521042084
0.21656638,0.11331446,54572.801,0.8573627519187461,0.14811841639048026,1.0936433066132265
0.21656638,0.11557595,54598.215,0.8573627519187461,0.15709532186683564,1.0941526052104207
0.21656638,0.11783743,54631.055,0.8573627519187461,0.1660721876485408,1.0948107214428857
0.21656638,0.12009891,54671.562,0.8573627519187461,0.17504905343024588,1.0956224849699399
0.21656638,0.12236039,54719.645,0.8573627519187461,0.18402591921195097,1.0965860721442886
0.21656638,0.12462188,54774.824,0.8573627519187461,0.19300282468830643,1.0976918637274549
0.21656638,0.12682319,54834.652,0.8573627519187461,0.2017408477590058,1.0988908216432867
0.21656638,0.12882468,54893.73,0.8573627519187461,0.2096856923269104,1.100074749498998
0.21656638,0.13056511,54948.16,0.8573627519187461,0.21659426835342982,1.1011655310621242
0.21656638,0.13207851,54997.289,0.8573627519187461,0.22260165673362,1.1021500801603206
0.21656638,0.13339452,55041.191,0.8573627519187461,0.22782551241104432,1.103029879759519
0.21656638,0.13453889,55080.074,0.8573627519187461,0.2323680491102899,1.1038090981963928
0.21656638,0.13553399,55114.336,0.8573627519187461,0.23631806376413375,1.1044957114228457
0.21656638,0.1363993,55144.414,0.8573627519187461,0.23975288155140903,1.1050984769539078
0.21656638,0.13715172,55170.711,0.8573627519187461,0.24273958643116503,1.1056254709418838
0.21656638,0.13780601,55193.688,0.8573627519187461,0.24533676770728147,1.1060859318637275
0.21656638,0.13837495,55213.703,0.8573627519187461,0.24759515514287375,1.1064870340681363
0.21656638,0.1388697,55231.156,0.8573627519187461,0.24955904796770473,1.1068367935871744
0.21656638,0.1392999,55246.312,0.8573627519187461,0.2512667118246875,1.1071405210420842
0.22067754,0.012700099,53600.113,0.8736818577817715,-0.2512667713666631,1.0741505611222444
0.22067754,0.013130313,53583.465,0.8736818577817715,-0.24955905193716976,1.0738169338677355
0.22067754,0.013625057,53564.316,0.8736818577817715,-0.24759518292912908,1.0734331863727455
0.22067754,0.014194014,53542.258,0.8736818577817715,-0.2453367280126312,1.0729911422845693
0.22067754,0.014848312,53516.844,0.8736818577817715,-0.24273951498079446,1.0724818436873746
0.22067754,0.015600758,53487.594,0.8736818577817715,-0.23975270689494765,1.0718956713426853
0.22067754,0.01646607,53453.945,0.8736818577817715,-0.23631788116874233,1.0712213426853707
0.22067754,0.017461179,53415.262,0.8736818577817715,-0.2323678307897132,1.0704461322645291
0.22067754,0.018605553,53370.926,0.8736818577817715,-0.22782527821260753,1.0695576352705412
0.22067754,0.019921582,53320.164,0.8736818577817715,-0.2226013471153475,1.0685403607214428
0.22067754,0.02143502,53262.352,0.8736818577817715,-0.21659380789548607,1.0673818036072145
0.22067754,0.023175471,53196.902,0.8736818577817715,-0.209685148510201,1.0660701803607215
0.22067754,0.025176989,53123.75,0.8736818577817715,-0.2017401927972755,1.0646042084168337
0.22067754,0.027378306,53046.703,0.8736818577817715,-0.19300214194032086,1.0630601803607214
0.22067754,0.029639782,52972.273,0.8736818577817715,-0.18402529203647588,1.061568597194389
0.22067754,0.031901255,52903.652,0.8736818577817715,-0.175048454041026,1.0601934268537074
0.22067754,0.03416273,52841.852,0.8736818577817715,-0.1660716081066461,1.0589549498997997
0.22067754,0.036424205,52787.484,0.8736818577817715,-0.15709476217226614,1.0578654108216432
0.22067754,0.038685679,52740.828,0.8736818577817715,-0.14811792020735123,1.0569304208416834
0.22067754,0.04094715,52701.758,0.8736818577817715,-0.13914109015083143,1.0561474549098198
0.22067754,0.043208625,52669.938,0.8736818577817715,-0.13016424421645148,1.0555097795591182
0.22067754,0.045470096,52644.457,0.8736818577817715,-0.12118741415993167,1.0549991382765531
0.22067754,0.047731578,52624.578,0.8736818577817715,-0.11221054043929653,1.0546007615230462
0.22067754,0.049993049,52609.051,0.8736818577817715,-0.1032337103827767,1.0542895991983967
0.22067754,0.05225452,52597.316,0.8736818577817715,-0.0942568803262569,1.0540544288577154
0.22067754,0.054515999,52588.473,0.8736818577817715,-0.08528001851401681,1.0538772144288577
0.22067754,0.05677747,52582.152,0.8736818577817715,-0.07630318845749702,1.0537505410821644
0.22067754,0.059038945,52577.391,0.8736818577817715,-0.06732634252311706,1.053655130260521
0.22067754,0.061300419,52574.145,0.8736818577817715,-0.05834950055820216,1.0535900801603206
0.22067754,0.063561894,52571.898,0.8736818577817715,-0.049372654623822246,1.0535450501002004
0.22067754,0.065823369,52570.738,0.8736818577817715,-0.04039580868944225,1.0535218036072145
0.22067754,0.068084836,52570.312,0.8736818577817715,-0.031418994510782616,1.053513266533066
0.22067754,0.070346311,52570.59,0.8736818577817715,-0.02244214857640268,1.0535188376753506
0.22067754,0.072607785,52571.273,0.8736818577817715,-0.013465306611487775,1.0535325250501002
0.22067754,0.07486926,52572.309,0.8736818577817715,-0.0044884606771077844,1.0535532865731463
0.22067754,0.077130735,52573.516,0.8736818577817715,0.004488385257272152,1.0535774749498998
0.22067754,0.07939221,52574.859,0.8736818577817715,0.013465231191652088,1.053604388777555
0.22067754,0.081653684,52576.547,0.8736818577817715,0.022442073156566992,1.0536382164328657
0.22067754,0.083915159,52578.648,0.8736818577817715,0.03141891909094693,1.0536803206412826
0.22067754,0.086176634,52581.426,0.8736818577817715,0.040395765025326866,1.053735991983968
0.22067754,0.088438109,52584.934,0.8736818577817715,0.049372610959706804,1.0538062925851703
0.22067754,0.090699583,52589.57,0.8736818577817715,0.05834945292462171,1.0538991983967936
0.22067754,0.092961058,52595.215,0.8736818577817715,0.06732629885900164,1.0540123246492985
0.22067754,0.095222533,52602.336,0.8736818577817715,0.07630314479338157,1.0541550300601203
0.22067754,0.097484007,52611.074,0.8736818577817715,0.08527998675829648,1.0543301402805612
0.22067754,0.099745482,52622.336,0.8736818577817715,0.09425683269267641,1.0545558316633268
0.22067754,0.10200695,52636.477,0.8736818577817715,0.10323365084080115,1.0548392184368738
0.22067754,0.10426842,52654.418,0.8736818577817715,0.11221047692785593,1.0551987575150301
0.22067754,0.1065299,52676.75,0.8736818577817715,0.12118734270956101,1.0556462925851704
0.22067754,0.10879137,52704.629,0.8736818577817715,0.1301641687966158,1.05620498997996
0.22067754,0.11105285,52738.727,0.8736818577817715,0.1391410345783209,1.0568883166332665
0.22067754,0.11331432,52779.855,0.8736818577817715,0.14811786066537566,1.0577125250501003
0.22067754,0.11557579,52828.379,0.8736818577817715,0.15709468675243046,1.0586849498997997
0.22067754,0.11783727,52884.32,0.8736818577817715,0.16607155253413555,1.059806012024048
0.22067754,0.12009875,52947.406,0.8736818577817715,0.1750484183158407,1.061070260521042
0.22067754,0.12236021,53016.949,0.8736818577817715,0.1840252047082451,1.0624639078156313
0.22067754,0.12462169,53091.945,0.8736818577817715,0.1930020704899502,1.0639668336673347
0.22067754,0.12682301,53169.125,0.8736818577817715,0.2017401332553,1.0655135270541083
0.22067754,0.12882453,53242.141,0.8736818577817715,0.2096850969071555,1.0669767735470943
0.22067754,0.13056499,53307.238,0.8736818577817715,0.21659379201762585,1.0682813226452905
0.22067754,0.13207841,53364.582,0.8736818577817715,0.22260125978711676,1.069430501002004
0.22067754,0.13339445,53414.816,0.8736818577817715,0.22782523454849207,1.0704371943887776
0.22067754,0.13453883,53458.66,0.8736818577817715,0.23236781094238798,1.0713158316633267
0.22067754,0.13553393,53496.824,0.8736818577817715,0.2363178255962318,1.0720806412825652
0.22067754,0.13639924,53529.969,0.8736818577817715,0.2397526433835071,1.0727448697394788
0.22067754,0.13715167,53558.801,0.8736818577817715,0.2427393879579134,1.0733226653306613
0.22067754,0.13780598,53583.84,0.8736818577817715,0.24533664862333046,1.0738244488977955
0.22067754,0.13837495,53605.539,0.8736818577817715,0.24759515514287375,1.0742592985971944
0.22067754,0.13886969,53624.391,0.8736818577817715,0.2495590082730543,1.0746370941883767
0.22067754,0.1392999,53640.742,0.8736818577817715,0.2512667118246875,1.074964769539078
0.2247887,0.012700101,52041.609,0.890000963644797,-0.25126676342773296,1.0429180160320641
0.2247887,0.01313032,52024.418,0.890000963644797,-0.24955902415091455,1.042573507014028
0.2247887,0.013625072,52004.551,0.890000963644797,-0.24759512338715356,1.042175370741483
0.2247887,0.014194037,51981.602,0.890000963644797,-0.24533663671493544,1.0417154709418837
0.2247887,0.014848346,51955.102,0.890000963644797,-0.24273938001898338,1.0411844088176352
0.2247887,0.015600801,51924.449,0.890000963644797,-0.23975253620795128,1.040570120240481
0.2247887,0.016466124,51889.004,0.890000963644797,-0.23631766681763058,1.0398597995991985
0.2247887,0.017461248,51848.051,0.890000963644797,-0.23236755689662597,1.0390390981963928
0.2247887,0.018605638,51800.629,0.890000963644797,-0.22782494080807975,1.0380887575150302
0.2247887,0.019921687,51745.816,0.890000963644797,-0.2226009303215191,1.0369903006012025
0.2247887,0.021435142,51682.527,0.890000963644797,-0.2165933236207521,1.035721983967936
0.2247887,0.023175616,51609.648,0.890000963644797,-0.20968457293777132,1.0342614829659318
0.2247887,0.025177164,51526.285,0.890000963644797,-0.2017394981408948,1.0325908817635272
0.2247887,0.027378492,51436.07,0.890000963644797,-0.19300140361982482,1.0307829659318637
0.2247887,0.029639957,51345.977,0.890000963644797,-0.18402459738009522,1.02897749498998
0.2247887,0.031901423,51259.754,0.890000963644797,-0.17504778717090058,1.0272495791583167
0.2247887,0.034162886,51178.668,0.890000963644797,-0.166070988870101,1.025624609218437
0.2247887,0.036424354,51103.816,0.890000963644797,-0.15709417072197632,1.0241245691382765
0.2247887,0.038685817,51036.031,0.890000963644797,-0.14811737242117676,1.0227661523046092
0.2247887,0.040947285,50975.723,0.890000963644797,-0.13914055427305205,1.0215575751503005
0.2247887,0.043208748,50923.086,0.890000963644797,-0.1301637559722525,1.0205027254509018
0.2247887,0.045470215,50877.738,0.890000963644797,-0.12118694179359281,1.0195939478957916
0.2247887,0.047731683,50839.266,0.890000963644797,-0.1122101236454681,1.0188229659318637
0.2247887,0.049993146,50806.762,0.890000963644797,-0.10323332534466854,1.0181715831663327
0.2247887,0.05225461,50779.734,0.890000963644797,-0.09425652307440396,1.0176299398797595
0.2247887,0.054516077,50757.324,0.890000963644797,-0.08527970889574427,1.0171808416833668
0.2247887,0.056777544,50739.102,0.890000963644797,-0.07630289471708461,1.0168156713426852
0.2247887,0.059039008,50724.105,0.890000963644797,-0.06732609244682003,1.016515130260521
0.2247887,0.061300475,50712.148,0.890000963644797,-0.05834927826816034,1.016275511022044
0.2247887,0.063561939,50702.625,0.890000963644797,-0.049372475997895765,1.0160846693386774
0.2247887,0.065823406,50695.496,0.890000963644797,-0.040395661819236074,1.0159418036072143
0.2247887,0.068084866,50690.371,0.890000963644797,-0.03141887542683165,1.0158390981963927
0.2247887,0.070346341,50687.148,0.890000963644797,-0.022442029492451658,1.0157745090180361
0.2247887,0.0726078,50685.516,0.890000963644797,-0.013465247069512264,1.0157418036072146
0.2247887,0.07486926,50685.387,0.890000963644797,-0.0044884606771077844,1.0157392184368739
0.2247887,0.077130735,50686.582,0.890000963644797,0.004488385257272152,1.0157631663326654
0.2247887,0.079392202,50689.078,0.890000963644797,0.01346519943593179,1.0158131863727455
0.2247887,0.081653669,50693.098,0.890000963644797,0.022442013614591482,1.0158937474949898
0.2247887,0.083915129,50698.656,0.890000963644797,0.03141880000699596,1.016005130260521
0.2247887,0.086176589,50706.105,0.890000963644797,0.040395586399400385,1.0161544088176353
0.2247887,0.088438064,50715.551,0.890000963644797,0.049372432333780324,1.0163437074148296
0.2247887,0.090699524,50727.43,0.890000963644797,0.0583492187261848,1.0165817635270542
0.2247887,0.092960991,50741.73,0.890000963644797,0.0673260329048445,1.0168683366733469
0.2247887,0.095222458,50759.039,0.890000963644797,0.07630284708350413,1.0172152104208416
0.2247887,0.097483926,50779.559,0.890000963644797,0.08527966523162886,1.0176264328657314
0.2247887,0.099745385,50804.238,0.890000963644797,0.09425644765456831,1.018121002004008
0.2247887,0.10200685,50833.496,0.890000963644797,0.10323325389429788,1.0187073346693387
0.2247887,0.10426832,50868.188,0.890000963644797,0.11221007998135267,1.0194025651302605
0.2247887,0.10652978,50908.82,0.890000963644797,0.12118686637375714,1.0202168336673347
0.2247887,0.10879125,50956.242,0.890000963644797,0.13016369246081194,1.0211671743486974
0.2247887,0.11105271,51010.797,0.890000963644797,0.13914047885321634,1.0222604609218437
0.2247887,0.11331418,51072.754,0.890000963644797,0.14811730494027114,1.0235020841683367
0.2247887,0.11557564,51141.977,0.890000963644797,0.15709409133267557,1.0248893186372745
0.2247887,0.11783712,51217.977,0.890000963644797,0.16607095711438072,1.026412364729459
0.2247887,0.12009858,51299.902,0.890000963644797,0.17504774350678512,1.0280541482965933
0.2247887,0.12236004,51386.625,0.890000963644797,0.1840245298991896,1.0297920841683366
0.2247887,0.12462151,51476.898,0.890000963644797,0.1930013559862444,1.0316011623246493
0.2247887,0.12682283,51566.969,0.890000963644797,0.2017394187515941,1.0334061923847695
0.2247887,0.12882438,51649.934,0.890000963644797,0.20968450148740062,1.0350688176352705
0.2247887,0.13056487,51722.316,0.890000963644797,0.21659331568182197,1.0365193587174348
0.2247887,0.1320783,51785.055,0.890000963644797,0.2226008231459632,1.0377766533066133
0.2247887,0.13339436,51839.301,0.890000963644797,0.22782487729663914,1.03886374749499
0.2247887,0.13453874,51886.168,0.890000963644797,0.23236745369053502,1.0398029659318637
0.2247887,0.13553387,51926.625,0.890000963644797,0.23631758742832987,1.0406137274549099
0.2247887,0.13639919,51961.574,0.890000963644797,0.23975244491025546,1.0413141082164328
0.2247887,0.13715166,51991.809,0.890000963644797,0.2427393482632631,1.0419200200400802
0.2247887,0.13780597,52017.898,0.890000963644797,0.24533660892868014,1.0424428456913828
0.2247887,0.13837492,52040.473,0.890000963644797,0.24759503605892283,1.042895250501002
0.2247887,0.13886967,52060.008,0.890000963644797,0.2495589288837537,1.0432867334669338
0.2247887,0.1392999,52076.93,0.890000963644797,0.2512667118246875,1.0436258517034067
0.22889982,0.012700104,50527.859,0.906319910729221,-0.25126675151933786,1.0125823446893787
0.22889982,0.01313033,50510.465,0.906319910729221,-0.24955898445626423,1.01223376753507
0.22889982,0.013625088,50490.387,0.906319910729221,-0.24759505987571304,1.0118314028056112
0.22889982,0.014194059,50467.117,0.906319910729221,-0.2453365493867047,1.0113650701402805
0.22889982,0.014848378,50440.18,0.906319910729221,-0.24273925299610233,1.010825250501002
0.22889982,0.015600843,50409.0,0.906319910729221,-0.2397523694904199,1.0102004008016032
0.22889982,0.01646618,50372.77,0.906319910729221,-0.23631744452758877,1.0094743486973947
0.22889982,0.017461315,50330.68,0.906319910729221,-0.23236729094246877,1.008630861723447
0.22889982,0.018605722,50281.738,0.906319910729221,-0.227824607373017,1.0076500601202405
0.22889982,0.019921787,50224.762,0.906319910729221,-0.22260053337501584,1.0065082565130261
0.22889982,0.021435266,50158.371,0.906319910729221,-0.21659283140708807,1.0051777755511022
0.22889982,0.023175765,50081.059,0.906319910729221,-0.20968398148748146,1.0036284368737476
0.22889982,0.025177339,49991.266,0.906319910729221,-0.20173880348451412,1.001828977955912
0.22889982,0.027378676,49892.164,0.906319910729221,-0.19300067323825884,0.9998429659318636
0.22889982,0.029640134,49790.879,0.906319910729221,-0.18402389478478448,0.9978132064128257
0.22889982,0.031901591,49691.262,0.906319910729221,-0.1750471203007751,0.9958168737474951
0.22889982,0.034163047,49594.73,0.906319910729221,-0.16607034978623078,0.993882364729459
0.22889982,0.036424503,49502.645,0.906319910729221,-0.15709357927168646,0.9920369739478957
0.22889982,0.038685963,49416.301,0.906319910729221,-0.14811679287928203,0.990306633266533
0.22889982,0.040947419,49336.676,0.906319910729221,-0.1391400223647377,0.9887109418837675
0.22889982,0.043208875,49264.547,0.906319910729221,-0.13016325185019337,0.9872654709418838
0.22889982,0.045470331,49200.043,0.906319910729221,-0.12118648133564904,0.9859728056112224
0.22889982,0.047731787,49143.312,0.906319910729221,-0.11220971082110473,0.9848359118236473
0.22889982,0.049993247,49093.871,0.906319910729221,-0.10323292442870027,0.9838451102204409
0.22889982,0.052254703,49051.449,0.906319910729221,-0.09425615391415594,0.9829949699398798
0.22889982,0.054516159,49015.316,0.906319910729221,-0.08527938339961161,0.9822708617234469
0.22889982,0.056777615,48985.027,0.906319910729221,-0.07630261288506732,0.981663867735471
0.22889982,0.059039075,48959.617,0.906319910729221,-0.06732582649266283,0.9811546492985972
0.22889982,0.061300527,48938.766,0.906319910729221,-0.05834907185597865,0.9807367935871744
0.22889982,0.063561983,48921.844,0.906319910729221,-0.04937230134143432,0.9803976753507013
0.22889982,0.065823451,48908.637,0.906319910729221,-0.04039548319330959,0.9801330060120241
0.22889982,0.068084903,48898.723,0.906319910729221,-0.03141872855662541,0.9799343286573146
0.22889982,0.070346363,48891.949,0.906319910729221,-0.02244194216422099,0.9797985771543086
0.22889982,0.072607815,48887.934,0.906319910729221,-0.013465187527536754,0.979718116232465
0.22889982,0.074869275,48886.605,0.906319910729221,-0.0044884011351323284,0.9796914829659319
0.22889982,0.077130727,48887.793,0.906319910729221,0.0044883535015518535,0.9797152905811622
0.22889982,0.079392187,48891.473,0.906319910729221,0.013465139893956334,0.9797890380761523
0.22889982,0.08165364,48897.848,0.906319910729221,0.022441898500105546,0.9799167935871743
0.22889982,0.0839151,48906.973,0.906319910729221,0.031418684892510026,0.9800996593186372
0.22889982,0.086176552,48919.191,0.906319910729221,0.04039543952919421,0.980344509018036
0.22889982,0.088438012,48934.691,0.906319910729221,0.04937222592159863,0.980655130260521
0.22889982,0.090699472,48953.941,0.906319910729221,0.058349012314003114,0.9810409018036071
0.22889982,0.092960924,48977.082,0.906319910729221,0.06732576695068729,0.9815046492985973
0.22889982,0.095222384,49004.723,0.906319910729221,0.07630255334309172,0.9820585771543086
0.22889982,0.097483836,49037.215,0.906319910729221,0.08527930797977595,0.9827097194388776
0.22889982,0.099745296,49075.488,0.906319910729221,0.09425609437218038,0.9834767134268536
0.22889982,0.10200676,49119.949,0.906319910729221,0.10323289664244498,0.9843677154308618
0.22889982,0.10426822,49171.336,0.906319910729221,0.1122096830348494,0.9853975150300602
0.22889982,0.10652967,49229.906,0.906319910729221,0.12118642973260357,0.9865712625250501
0.22889982,0.10879113,49296.059,0.906319910729221,0.130163216125008,0.9878969739478958
0.22889982,0.11105259,49369.691,0.906319910729221,0.1391400025174125,0.9893725651302605
0.22889982,0.11331405,49450.5,0.906319910729221,0.14811678890981692,0.9909919839679359
0.22889982,0.11557549,49537.832,0.906319910729221,0.15709349591292074,0.9927421242484971
0.22889982,0.11783696,49630.586,0.906319910729221,0.1660703219999755,0.9946009218436874
0.22889982,0.12009841,49727.535,0.906319910729221,0.17504706869772962,0.9965437875751504
0.22889982,0.12235987,49827.281,0.906319910729221,0.18402385509013405,0.9985427054108217
0.22889982,0.12462132,49928.441,0.906319910729221,0.19300060178788817,1.0005699599198397
0.22889982,0.12682267,50027.152,0.906319910729221,0.2017387836371889,1.002548136272545
0.22889982,0.12882423,50116.422,0.906319910729221,0.20968390606764584,1.004337114228457
0.22889982,0.13056473,50193.195,0.906319910729221,0.2165927599567174,1.0058756513026053
0.22889982,0.1320782,50259.004,0.906319910729221,0.2226004261994599,1.0071944689378758
0.22889982,0.13339429,50315.426,0.906319910729221,0.2278245994340869,1.0083251703406813
0.22889982,0.13453868,50363.797,0.906319910729221,0.2323672155226331,1.0092945290581161
0.22889982,0.13553382,50405.395,0.906319910729221,0.23631738895507823,1.0101281563126252
0.22889982,0.13639915,50441.152,0.906319910729221,0.23975228613165414,1.0108447294589178
0.22889982,0.13715163,50471.941,0.906319910729221,0.24273922917931207,1.011461743486974
0.22889982,0.13780594,50498.488,0.906319910729221,0.24533648984472914,1.0119937474949898
0.22889982,0.13837491,50521.41,0.906319910729221,0.24759499636427243,1.012453106212425
0.22889982,0.13886967,50541.227,0.906319910729221,0.2495589288837537,1.0128502404809618
0.22889982,0.1392999,50558.332,0.906319910729221,0.2512667118246875,1.0131930260521043
0.23301098,0.012700107,49058.91,0.9226390165922466,-0.2512667396109428,0.983144488977956
0.23301098,0.013130338,49041.523,0.9226390165922466,-0.24955895270054393,0.9827960521042084
0.23301098,0.013625103,49021.418,0.9226390165922466,-0.24759500033373757,0.9823931462925851
0.23301098,0.014194082,48998.145,0.9226390165922466,-0.245336458089009,0.981926753507014
0.23301098,0.01484841,48971.152,0.9226390165922466,-0.2427391259732213,0.9813858116232466
0.23301098,0.015600886,48939.812,0.9226390165922466,-0.2397521988034235,0.980757755511022
0.23301098,0.016466234,48903.391,0.9226390165922466,-0.23631723017647702,0.9800278757515031
0.23301098,0.017461386,48861.027,0.9226390165922466,-0.2323670091104515,0.9791788977955912
0.23301098,0.018605806,48811.605,0.9226390165922466,-0.2278242739379543,0.9781884769539079
0.23301098,0.019921891,48753.852,0.9226390165922466,-0.22260012055065245,0.9770311022044088
0.23301098,0.021435387,48686.211,0.9226390165922466,-0.21659235110181915,0.9756755711422846
0.23301098,0.02317591,48606.941,0.9226390165922466,-0.20968340591505175,0.9740869939879759
0.23301098,0.025177514,48513.926,0.9226390165922466,-0.20173810882813345,0.9722229659318637
0.23301098,0.027378863,48409.859,0.9226390165922466,-0.19299993094829776,0.9701374549098196
0.23301098,0.029640311,48301.688,0.9226390165922466,-0.1840231921894737,0.9679696993987976
0.23301098,0.031901754,48193.145,0.9226390165922466,-0.17504647327797482,0.9657944889779558
0.23301098,0.034163207,48085.5,0.9226390165922466,-0.16606971467182557,0.9636372745490982
0.23301098,0.036424655,47980.18,0.9226390165922466,-0.15709297591300153,0.9615266533066132
0.23301098,0.038686104,47878.672,0.9226390165922466,-0.14811623318471243,0.9594924248496993
0.23301098,0.040947549,47782.398,0.9226390165922466,-0.13913950633428346,0.9575630861723448
0.23301098,0.043208998,47692.664,0.9226390165922466,-0.13016276360599438,0.9557648096192384
0.23301098,0.045470446,47610.242,0.9226390165922466,-0.12118602484717031,0.9541130661322645
0.23301098,0.047731899,47535.879,0.9226390165922466,-0.11220926624102108,0.9526228256513026
0.23301098,0.049993344,47469.656,0.9226390165922466,-0.1032325393905921,0.9512957114228457
0.23301098,0.052254792,47411.711,0.9226390165922466,-0.09425580063176804,0.9501344889779559
0.23301098,0.054516241,47361.559,0.9226390165922466,-0.08527905790347895,0.9491294388777556
0.23301098,0.05677769,47318.875,0.9226390165922466,-0.07630231517518986,0.9482740480961924
0.23301098,0.059039138,47282.68,0.9226390165922466,-0.0673255764163658,0.9475486973947895
0.23301098,0.061300587,47252.594,0.9226390165922466,-0.058348833688076716,0.9469457715430861
0.23301098,0.063562036,47227.902,0.9226390165922466,-0.0493720909597876,0.9464509418837675
0.23301098,0.06582348,47208.324,0.9226390165922466,-0.04039536807882366,0.9460585971943888
0.23301098,0.068084933,47193.344,0.9226390165922466,-0.03141860947267445,0.9457583967935871
0.23301098,0.070346385,47182.766,0.9226390165922466,-0.022441854835990264,0.9455464128256513
0.23301098,0.072607823,47176.223,0.9226390165922466,-0.01346515577181651,0.9454152905811622
0.23301098,0.074869275,47173.637,0.9226390165922466,-0.0044884011351323284,0.9453634669338677
0.23301098,0.07713072,47174.82,0.9226390165922466,0.00448832571529664,0.9453871743486973
0.23301098,0.079392165,47179.762,0.9226390165922466,0.013465052565725609,0.9454862124248498
0.23301098,0.081653617,47188.656,0.9226390165922466,0.02244180720240979,0.9456644488977957
0.23301098,0.08391507,47201.566,0.9226390165922466,0.031418565808559,0.9459231663326653
0.23301098,0.086176515,47218.855,0.9226390165922466,0.04039529265898797,0.9462696392785572
0.23301098,0.088437974,47240.699,0.9226390165922466,0.04937207508192742,0.9467073947895792
0.23301098,0.090699419,47267.676,0.9226390165922466,0.058348801932356385,0.9472480160320641
0.23301098,0.092960857,47299.98,0.9226390165922466,0.06732550099653009,0.9478953907815632
0.23301098,0.095222309,47338.312,0.9226390165922466,0.07630225563321433,0.9486635671342685
0.23301098,0.097483762,47383.09,0.9226390165922466,0.08527901423936354,0.9495609218436873
0.23301098,0.099745214,47435.172,0.9226390165922466,0.09425576887604772,0.9506046492985971
0.23301098,0.10200666,47494.949,0.9226390165922466,0.10323249969594171,0.9518025851703407
0.23301098,0.1042681,47562.801,0.9226390165922466,0.11220920669904554,0.9531623446893788
0.23301098,0.10652956,47638.664,0.9226390165922466,0.12118599309144996,0.9546826452905811
0.23301098,0.10879099,47722.332,0.9226390165922466,0.13016266039990348,0.9563593587174349
0.23301098,0.11105245,47813.121,0.9226390165922466,0.13913944679230789,0.9581787775551102
0.23301098,0.1133139,47910.148,0.9226390165922466,0.14811619349006203,0.9601232064128257
0.23301098,0.11557535,48012.176,0.9226390165922466,0.15709294018781614,0.9621678557114228
0.23301098,0.11783679,48117.762,0.9226390165922466,0.16606964719091996,0.9642838076152305
0.23301098,0.12009824,48225.434,0.9226390165922466,0.17504639388867407,0.9664415631262525
0.23301098,0.12235969,48333.777,0.9226390165922466,0.18402314058642819,0.9686127655310621
0.23301098,0.12462114,48441.586,0.9226390165922466,0.19299988728418238,0.9707732665330662
0.23301098,0.12682249,48545.117,0.9226390165922466,0.20173806913348308,0.9728480360721442
0.23301098,0.1288241,48637.559,0.9226390165922466,0.20968339003719155,0.9747005811623247
0.23301098,0.13056462,48716.246,0.9226390165922466,0.21659232331556383,0.9762774749498998
0.23301098,0.13207811,48783.289,0.9226390165922466,0.22260006894760695,0.9776210220440881
0.23301098,0.1333942,48840.508,0.9226390165922466,0.22782424218223393,0.9787676953907816
0.23301098,0.13453862,48889.438,0.9226390165922466,0.23236697735473116,0.9797482565130261
0.23301098,0.13553376,48931.352,0.9226390165922466,0.2363171507871763,0.9805882164328658
0.23301098,0.13639911,48967.324,0.9226390165922466,0.23975212735305282,0.9813090981963928
0.23301098,0.13715158,48998.277,0.9226390165922466,0.24273903070606043,0.9819293987975952
0.23301098,0.13780592,49024.93,0.9226390165922466,0.24533641045542853,0.9824635270541082
0.23301098,0.13837489,49047.895,0.9226390165922466,0.24759491697497182,0.9829237474949899
0.23301098,0.13886967,49067.699,0.9226390165922466,0.2495589288837537,0.983320621242485
0.23301098,0.1392999,49084.832,0.9226390165922466,0.2512667118246875,0.9836639679358717
0.23712212,0.01270011,47633.246,0.9389580430659712,-0.2512667277025477,0.9545740681362725
0.23712212,0.013130346,47615.902,0.9389580430659712,-0.24955892094482368,0.954226492985972
0.23712212,0.013625118,47595.852,0.9389580430659712,-0.24759494079176209,0.9538246893787575
0.23712212,0.014194107,47572.598,0.9389580430659712,-0.24533635885238317,0.9533586773547094
0.23712212,0.014848443,47545.668,0.9389580430659712,-0.2427389949808752,0.9528189979959919
0.23712212,0.015600929,47514.355,0.9389580430659712,-0.2397520281164271,0.9521914829659319
0.23712212,0.01646629,47478.004,0.9389580430659712,-0.23631700788643517,0.951463006012024
0.23712212,0.017461453,47435.68,0.9389580430659712,-0.2323667431562943,0.9506148296593186
0.23712212,0.01860589,47386.297,0.9389580430659712,-0.22782394050289156,0.9496251903807615
0.23712212,0.019921992,47328.543,0.9389580430659712,-0.22259971963468417,0.9484677955911823
0.23712212,0.021435512,47260.82,0.9389580430659712,-0.21659185491869007,0.947110621242485
0.23712212,0.023176059,47181.184,0.9389580430659712,-0.20968281446476192,0.9455147094188378
0.23712212,0.025177689,47087.223,0.9389580430659712,-0.20173741417175273,0.9436317234468937
0.23712212,0.027379047,46981.32,0.9389580430659712,-0.19299920056673178,0.9415094188376754
0.23712212,0.029640486,46869.949,0.9389580430659712,-0.18402249753309302,0.9392775350701403
0.23712212,0.031901926,46756.641,0.9389580430659712,-0.17504579052998923,0.9370068336673347
0.23712212,0.034163367,46642.379,0.9389580430659712,-0.1660690795574204,0.9347170140280562
0.23712212,0.036424808,46528.457,0.9389580430659712,-0.15709236858485154,0.9324340080160322
0.23712212,0.038686246,46416.277,0.9389580430659712,-0.1481156695206778,0.9301859118236473
0.23712212,0.040947683,46307.391,0.9389580430659712,-0.13913897442596912,0.9280038276553106
0.23712212,0.043209128,46203.484,0.9389580430659712,-0.13016224757554015,0.9259215230460921
0.23712212,0.045470566,46105.797,0.9389580430659712,-0.12118554851136641,0.9239638677354709
0.23712212,0.047732003,46015.664,0.9389580430659712,-0.11220885341665769,0.9221575951903807
0.23712212,0.049993441,45933.711,0.9389580430659712,-0.10323215435248397,0.920515250501002
0.23712212,0.052254882,45860.625,0.9389580430659712,-0.09425544337991512,0.9190506012024048
0.23712212,0.054516323,45796.34,0.9389580430659712,-0.08527873240734629,0.9177623246492985
0.23712212,0.05677776,45740.785,0.9389580430659712,-0.0763020373126376,0.9166489979959921
0.23712212,0.059039202,45693.203,0.9389580430659712,-0.06732532237060372,0.9156954509018036
0.23712212,0.061300643,45653.25,0.9389580430659712,-0.05834861139803487,0.9148947895791583
0.23712212,0.06356208,45620.219,0.9389580430659712,-0.04937191630332615,0.9142328456913827
0.23712212,0.065823525,45593.766,0.9389580430659712,-0.04039518945289723,0.9137027254509019
0.23712212,0.068084955,45573.289,0.9389580430659712,-0.031418522144443725,0.9132923647294588
0.23712212,0.0703464,45558.605,0.9389580430659712,-0.022441795294014754,0.9129980961923848
0.23712212,0.072607838,45549.324,0.9389580430659712,-0.013465096229841053,0.9128121042084169
0.23712212,0.074869275,45545.379,0.9389580430659712,-0.0044884011351323284,0.9127330460921844
0.23712212,0.07713072,45546.574,0.9389580430659712,0.00448832571529664,0.9127569939879759
0.23712212,0.079392157,45552.887,0.9389580430659712,0.013465020810005366,0.9128835070140281
0.23712212,0.081653602,45564.535,0.9389580430659712,0.022441747660434334,0.9131169338677355
0.23712212,0.08391504,45581.543,0.9389580430659712,0.031418446724608036,0.9134577755511022
0.23712212,0.086176477,45604.301,0.9389580430659712,0.04039514181931676,0.9139138476953907
0.23712212,0.088437922,45633.023,0.9389580430659712,0.04937186866974573,0.9144894388777556
0.23712212,0.09069936,45668.273,0.9389580430659712,0.058348567733919485,0.9151958517034068
0.23712212,0.092960797,45710.352,0.9389580430659712,0.06732526282862815,0.9160391182364729
0.23712212,0.095222235,45759.965,0.9389580430659712,0.0763019618928019,0.9170333667334669
0.23712212,0.09748368,45817.402,0.9389580430659712,0.08527868874323088,0.9181844088176353
0.23712212,0.099745125,45883.422,0.9389580430659712,0.09425541559365985,0.9195074549098197
0.23712212,0.10200656,45958.031,0.9389580430659712,0.10323210274943846,0.921002625250501
0.23712212,0.104268,46041.277,0.9389580430659712,0.11220880975254227,0.9226708817635271
0.23712212,0.10652944,46132.512,0.9389580430659712,0.1211855167556461,0.9244992384769539
0.23712212,0.10879087,46231.062,0.9389580430659712,0.13016218406409955,0.9264741883767534
0.23712212,0.11105231,46335.613,0.9389580430659712,0.13913889106720337,0.9285693987975951
0.23712212,0.11331376,46444.816,0.9389580430659712,0.14811563776495748,0.9307578356713426
0.23712212,0.11557519,46557.125,0.9389580430659712,0.15709230507341093,0.9330085170340682
0.23712212,0.11783663,46670.996,0.9389580430659712,0.16606901207651475,0.935290501002004
0.23712212,0.12009808,46784.953,0.9389580430659712,0.17504575877426887,0.9375742084168337
0.23712212,0.12235951,46897.844,0.9389580430659712,0.1840224260827224,0.9398365531062124
0.23712212,0.12462096,47008.691,0.9389580430659712,0.1929991727804765,0.9420579358717435
0.23712212,0.12682232,47113.949,0.9389580430659712,0.20173739432442747,0.9441673146292585
0.23712212,0.12882395,47207.258,0.9389580430659712,0.20968279461743666,0.946037234468938
0.23712212,0.1305645,47286.34,0.9389580430659712,0.21659184697975994,0.9476220440881763
0.23712212,0.13207801,47353.488,0.9389580430659712,0.2225996720011037,0.9489676953907815
0.23712212,0.13339411,47410.719,0.9389580430659712,0.22782388493038108,0.9501146092184368
0.23712212,0.13453856,47459.629,0.9389580430659712,0.2323667391868292,0.9510947695390781
0.23712212,0.13553371,47501.535,0.9389580430659712,0.23631695231392466,0.9519345691382767
0.23712212,0.13639906,47537.492,0.9389580430659712,0.23975192887980118,0.9526551503006012
0.23712212,0.13715155,47568.414,0.9389580430659712,0.24273891162210953,0.9532748296593185
0.23712212,0.13780589,47595.035,0.9389580430659712,0.2453362913714775,0.9538083166332666
0.23712212,0.13837488,47617.992,0.9389580430659712,0.2475948772803215,0.954268376753507
0.23712212,0.13886964,47637.801,0.9389580430659712,0.2495588097998027,0.9546653507014028
0.23712212,0.1392999,47654.887,0.9389580430659712,0.2512667118246875,0.9550077555110221
0.24123327,0.012700113,46250.055,0.9552771092343464,-0.2512667157941526,0.9268548096192385
0.24123327,0.013130355,46232.793,0.9552771092343464,-0.24955888521963843,0.9265088777555109
0.24123327,0.013625134,46212.793,0.9552771092343464,-0.24759487728032156,0.9261080761523046
0.24123327,0.01419413,46189.637,0.9552771092343464,-0.24533626755468743,0.9256440280561122
0.24123327,0.014848474,46162.773,0.9552771092343464,-0.24273887192745922,0.9251056713426854
0.24123327,0.015600972,46131.621,0.9552771092343464,-0.2397518574294307,0.924481382765531
0.24123327,0.016466342,46095.379,0.9552771092343464,-0.23631680147425352,0.9237550901803607
0.24123327,0.01746152,46053.188,0.9552771092343464,-0.23236647720213713,0.9229095791583166
0.24123327,0.018605974,46004.012,0.9552771092343464,-0.22782360706782884,0.9219240881763527
0.24123327,0.019922093,45946.496,0.9552771092343464,-0.22259931871871588,0.9207714629258517
0.24123327,0.021435633,45879.098,0.9552771092343464,-0.21659137461342118,0.9194208016032064
0.24123327,0.023176204,45799.766,0.9552771092343464,-0.2096822388923322,0.9178309819639279
0.24123327,0.025177862,45706.129,0.9552771092343464,-0.20173672745430213,0.915954488977956
0.24123327,0.02737923,45600.105,0.9552771092343464,-0.19299847415463084,0.9138297595190381
0.24123327,0.029640663,45487.988,0.9552771092343464,-0.18402179493778228,0.9115829258517033
0.24123327,0.031902097,45373.004,0.9552771092343464,-0.17504511175146867,0.9092786372745492
0.24123327,0.034163523,45255.832,0.9552771092343464,-0.1660684603208753,0.906930501002004
0.24123327,0.036424957,45137.48,0.9552771092343464,-0.1570917771345617,0.9045587174348698
0.24123327,0.038686387,45019.16,0.9552771092343464,-0.1481151098261082,0.9021875751503007
0.24123327,0.040947817,44902.387,0.9552771092343464,-0.13913844251765475,0.8998474348697395
0.24123327,0.043209247,44788.852,0.9552771092343464,-0.13016177520920127,0.8975721843687374
0.24123327,0.045470677,44680.0,0.9552771092343464,-0.1211851079007478,0.8953907815631262
0.24123327,0.047732111,44577.516,0.9552771092343464,-0.11220842471443418,0.8933369939879761
0.24123327,0.049993541,44482.469,0.9552771092343464,-0.1032317574059807,0.891432244488978
0.24123327,0.052254975,44395.934,0.9552771092343464,-0.0942550742196671,0.8896980761523047
0.24123327,0.054516405,44318.418,0.9552771092343464,-0.08527840691121363,0.8881446492985972
0.24123327,0.056777835,44250.258,0.9552771092343464,-0.07630173960276015,0.8867787174348698
0.24123327,0.059039269,44191.09,0.9552771092343464,-0.06732505641644654,0.8855929859719438
0.24123327,0.061300699,44140.828,0.9552771092343464,-0.05834838910799306,0.8845857314629259
0.24123327,0.063562132,44098.895,0.9552771092343464,-0.04937170989114451,0.8837453907815631
0.24123327,0.065823555,44065.004,0.9552771092343464,-0.04039507036894621,0.8830662124248497
0.24123327,0.068084992,44038.66,0.9552771092343464,-0.03141837527423754,0.8825382765531062
0.24123327,0.070346422,44019.559,0.9552771092343464,-0.02244170796578403,0.882155490981964
0.24123327,0.07260786,44007.367,0.9552771092343464,-0.013465008901610329,0.8819111623246493
0.24123327,0.07486929,44001.957,0.9552771092343464,-0.004488341593156817,0.881802745490982
0.24123327,0.077130713,44003.164,0.9552771092343464,0.004488297929041428,0.8818269338677354
0.24123327,0.079392143,44010.977,0.9552771092343464,0.013464965237494884,0.8819835070140281
0.24123327,0.081653573,44025.535,0.9552771092343464,0.02244163254594834,0.8822752505010021
0.24123327,0.08391501,44046.965,0.9552771092343464,0.031418327640657065,0.8827047094188376
0.24123327,0.08617644,44075.598,0.9552771092343464,0.04039499494911058,0.8832785170340681
0.24123327,0.088437878,44111.672,0.9552771092343464,0.04937169401328428,0.8840014428857715
0.24123327,0.0906993,44155.738,0.9552771092343464,0.058348329566017494,0.8848845290581162
0.24123327,0.09296073,44208.008,0.9552771092343464,0.06732499687447101,0.8859320240480962
0.24123327,0.09522216,44269.0,0.9552771092343464,0.07630166418292446,0.8871543086172344
0.24123327,0.09748359,44338.848,0.9552771092343464,0.08527833149137792,0.8885540681362725
0.24123327,0.099745028,44417.824,0.9552771092343464,0.09425503055555168,0.890136753507014
0.24123327,0.10200646,44505.543,0.9552771092343464,0.1032317058029352,0.8918946492985972
0.24123327,0.10426789,44601.559,0.9552771092343464,0.1122083731113887,0.8938188176352706
0.24123327,0.10652932,44704.793,0.9552771092343464,0.12118504041984217,0.895887635270541
0.24123327,0.10879075,44814.121,0.9552771092343464,0.1301617077282957,0.8980785771543086
0.24123327,0.11105219,44927.918,0.9552771092343464,0.13913841473139943,0.9003590781563126
0.24123327,0.11331362,45044.691,0.9552771092343464,0.14811508203985296,0.9026992184368737
0.24123327,0.11557505,45162.816,0.9552771092343464,0.15709174934830641,0.9050664529058116
0.24123327,0.11783648,45280.832,0.9552771092343464,0.16606841665675987,0.907431503006012
0.24123327,0.12009791,45397.492,0.9552771092343464,0.17504508396521337,0.909769378757515
0.24123327,0.12235934,45511.898,0.9552771092343464,0.18402175127366682,0.9120620841683367
0.24123327,0.12462077,45623.324,0.9552771092343464,0.19299841858212036,0.9142950701402806
0.24123327,0.12682214,45728.66,0.9552771092343464,0.20173667982072166,0.9164060120240481
0.24123327,0.1288238,45821.664,0.9552771092343464,0.20968219919768177,0.9182698196392785
0.24123327,0.13056436,45900.367,0.9552771092343464,0.21659129125465537,0.9198470340681363
0.24123327,0.1320779,45967.246,0.9552771092343464,0.22259923535995013,0.9211872945891784
0.24123327,0.13339403,46024.27,0.9552771092343464,0.22782356737317844,0.9223300601202404
0.24123327,0.13453847,46072.988,0.9552771092343464,0.23236638193497625,0.9233063727454909
0.24123327,0.13553366,46114.734,0.9552771092343464,0.23631675384067305,0.9241429659318636
0.24123327,0.13639903,46150.59,0.9552771092343464,0.23975180979585026,0.9248615230460921
0.24123327,0.13715152,46181.422,0.9552771092343464,0.2427387925381585,0.9254793987975951
0.24123327,0.13780586,46207.977,0.9552771092343464,0.24533617228752658,0.9260115631262524
0.24123327,0.13837487,46230.863,0.9552771092343464,0.24759483758567122,0.9264702004008015
0.24123327,0.13886964,46250.605,0.9552771092343464,0.2495588097998027,0.9268658316633267
0.24123327,0.1392999,46267.645,0.9552771092343464,0.2512667118246875,0.9272073146292584
0.24534443,0.012700115,44909.047,0.9715962150973718,-0.25126670785522254,0.8999809018036072
0.24534443,0.013130364,44891.871,0.9715962150973718,-0.2495588494944531,0.8996366933867735
0.24534443,0.013625151,44871.996,0.9715962150973718,-0.247594809799416,0.8992383967935872
0.24534443,0.014194153,44848.949,0.9715962150973718,-0.24533617625699167,0.8987765330661323
0.24534443,0.014848507,44822.227,0.9715962150973718,-0.24273874093511316,0.8982410220440882
0.24534443,0.015601014,44791.211,0.9715962150973718,-0.23975169071189936,0.8976194589178357
0.24534443,0.016466398,44755.172,0.9715962150973718,-0.23631657918421167,0.8968972344689379
0.24534443,0.017461589,44713.191,0.9715962150973718,-0.2323662033090499,0.8960559318637275
0.24534443,0.018606057,44664.242,0.9715962150973718,-0.22782327760223114,0.8950749899799599
0.24534443,0.019922197,44607.043,0.9715962150973718,-0.2225989058943525,0.8939287174348697
0.24534443,0.021435758,44540.02,0.9715962150973718,-0.2165908784302921,0.8925855711422845
0.24534443,0.023176353,44461.215,0.9715962150973718,-0.20968164744204237,0.8910063126252504
0.24534443,0.025178038,44368.25,0.9715962150973718,-0.2017360288284564,0.8891432865731463
0.24534443,0.027379418,44262.992,0.9715962150973718,-0.19299772789520472,0.8870339078156312
0.24534443,0.029640839,44151.512,0.9715962150973718,-0.18402109631193653,0.8847998396793587
0.24534443,0.031902261,44036.715,0.9715962150973718,-0.17504446075920332,0.8824992985971943
0.24534443,0.034163684,43919.098,0.9715962150973718,-0.1660678212370051,0.8801422444889779
0.24534443,0.036425106,43799.332,0.9715962150973718,-0.15709118568427186,0.8777421242484971
0.24534443,0.038686529,43678.5,0.9715962150973718,-0.14811454616207362,0.8753206412825651
0.24534443,0.040947951,43557.859,0.9715962150973718,-0.1391379106093404,0.8729029859719438
0.24534443,0.043209374,43438.914,0.9715962150973718,-0.13016127108714215,0.8705193186372745
0.24534443,0.0454708,43323.133,0.9715962150973718,-0.12118461965654881,0.8681990581162325
0.24534443,0.047732219,43212.184,0.9715962150973718,-0.11220799601221068,0.8659756312625251
0.24534443,0.049993642,43107.434,0.9715962150973718,-0.10323135649001243,0.8638764328657315
0.24534443,0.052255064,43010.289,0.9715962150973718,-0.09425472093727923,0.861929639278557
0.24534443,0.054516487,42921.656,0.9715962150973718,-0.08527808141508095,0.8601534268537074
0.24534443,0.056777909,42842.285,0.9715962150973718,-0.07630144586234773,0.8585628256513027
0.24534443,0.059039332,42772.324,0.9715962150973718,-0.06732480634014949,0.8571608016032064
0.24534443,0.061300755,42712.035,0.9715962150973718,-0.05834816681795125,0.8559526052104209
0.24534443,0.06356217,42661.184,0.9715962150973718,-0.049371559051473245,0.8549335470941885
0.24534443,0.065823592,42619.703,0.9715962150973718,-0.040394923498740035,0.8541022645290581
0.24534443,0.068085022,42587.203,0.9715962150973718,-0.03141825619028658,0.8534509619238477
0.24534443,0.070346445,42563.508,0.9715962150973718,-0.02244161666808833,0.8529761122244489
0.24534443,0.072607867,42548.242,0.9715962150973718,-0.013464981115355061,0.8526701803607214
0.24534443,0.07486929,42541.309,0.9715962150973718,-0.004488341593156817,0.8525312424849699
0.24534443,0.077130713,42542.516,0.9715962150973718,0.004488297929041428,0.8525554308617235
0.24534443,0.079392135,42551.852,0.9715962150973718,0.013464933481774641,0.8527425250501002
0.24534443,0.081653558,42569.504,0.9715962150973718,0.022441573003972884,0.8530962725450902
0.24534443,0.08391498,42595.512,0.9715962150973718,0.0314182085567061,0.8536174749498998
0.24534443,0.086176395,42630.215,0.9715962150973718,0.0403948163231841,0.8543129258517034
0.24534443,0.088437818,42673.816,0.9715962150973718,0.04937145584538234,0.8551866933867736
0.24534443,0.090699241,42726.652,0.9715962150973718,0.05834809536758059,0.8562455310621243
0.24534443,0.092960671,42788.77,0.9715962150973718,0.06732476267603404,0.857490380761523
0.24534443,0.095222093,42860.352,0.9715962150973718,0.07630139822876726,0.858924889779559
0.24534443,0.097483516,42941.117,0.9715962150973718,0.08527803775096555,0.8605434268537073
0.24534443,0.099744938,43030.922,0.9715962150973718,0.09425467330369877,0.862343126252505
0.24534443,0.10200636,43128.957,0.9715962150973718,0.10323130885643199,0.8643077555110221
0.24534443,0.10426779,43234.355,0.9715962150973718,0.11220797616488544,0.8664199398797596
0.24534443,0.10652921,43345.715,0.9715962150973718,0.1211846037786886,0.8686516032064128
0.24534443,0.10879062,43461.676,0.9715962150973718,0.13016119169784146,0.8709754709418838
0.24534443,0.11105205,43580.574,0.9715962150973718,0.1391378590062949,0.8733581963927856
0.24534443,0.11331347,43700.949,0.9715962150973718,0.14811448662009805,0.8757705210420842
0.24534443,0.1155749,43821.355,0.9715962150973718,0.15709115392855152,0.8781834669338678
0.24534443,0.11783632,43940.559,0.9715962150973718,0.16606778154235466,0.8805723246492986
0.24534443,0.12009774,44057.547,0.9715962150973718,0.17504440915615782,0.8829167735470942
0.24534443,0.12235916,44171.621,0.9715962150973718,0.18402103676996098,0.8852028256513026
0.24534443,0.12462059,44282.406,0.9715962150973718,0.1929977040784145,0.8874229659318638
0.24534443,0.12682196,44386.898,0.9715962150973718,0.20173596531701585,0.889516993987976
0.24534443,0.12882365,44479.168,0.9715962150973718,0.209681603777927,0.8913660921843687
0.24534443,0.13056424,44557.391,0.9715962150973718,0.2165908149188515,0.8929336873747495
0.24534443,0.13207781,44623.879,0.9715962150973718,0.22259887810809717,0.894266112224449
0.24534443,0.13339394,44680.578,0.9715962150973718,0.22782321012132548,0.895402364729459
0.24534443,0.13453841,44729.078,0.9715962150973718,0.23236614376707432,0.8963743086172345
0.24534443,0.1355336,44770.641,0.9715962150973718,0.23631651567277112,0.8972072344689379
0.24534443,0.13639899,44806.332,0.9715962150973718,0.23975165101724893,0.8979224849699399
0.24534443,0.13715149,44837.031,0.9715962150973718,0.24273867345420747,0.8985376953907817
0.24534443,0.13780585,44863.445,0.9715962150973718,0.2453361325928763,0.8990670340681363
0.24534443,0.13837485,44886.23,0.9715962150973718,0.2475947581963705,0.8995236472945892
0.24534443,0.13886964,44905.875,0.9715962150973718,0.2495588097998027,0.8999173346693387
0.24534443,0.13929988,44922.832,0.9715962150973718,0.2512666324353868,0.9002571543086173
0.24919999,0.012700118,43690.16,0.9869007256980895,-0.25126669594682743,0.8755543086172345
0.24919999,0.013130372,43673.109,0.9869007256980895,-0.24955881773873284,0.8752126052104208
0.24919999,0.013625165,43653.332,0.9869007256980895,-0.24759475422690555,0.8748162725450902
0.24919999,0.014194175,43630.434,0.9869007256980895,-0.24533608892876094,0.8743573947895792
0.24919999,0.014848538,43603.859,0.9869007256980895,-0.24273861788169712,0.8738248296593186
0.24919999,0.015601054,43573.004,0.9869007256980895,-0.239751531933298,0.873206492985972
0.24919999,0.016466448,43537.141,0.9869007256980895,-0.23631638071096003,0.8724877955911824
0.24919999,0.017461652,43495.41,0.9869007256980895,-0.23236595323275283,0.8716515030060121
0.24919999,0.018606137,43446.723,0.9869007256980895,-0.22782296004502856,0.8706758116232465
0.24919999,0.019922294,43389.867,0.9869007256980895,-0.22259852085624435,0.8695364128256513
0.24919999,0.021435872,43323.23,0.9869007256980895,-0.2165904259112784,0.8682010020040081
0.24919999,0.023176491,43244.984,0.9869007256980895,-0.20968109965586787,0.8666329458917835
0.24919999,0.0251782,43152.758,0.9869007256980895,-0.20173538577512115,0.8647847294589178
0.24919999,0.027379589,43048.473,0.9869007256980895,-0.1929970491166842,0.8626948496993988
0.24919999,0.029641004,42938.098,0.9869007256980895,-0.1840204413502062,0.8604829258517034
0.24919999,0.031902418,42824.395,0.9869007256980895,-0.17504383755319322,0.8582043086172344
0.24919999,0.034163833,42707.691,0.9869007256980895,-0.16606722978671526,0.8558655511022044
0.24919999,0.036425248,42588.449,0.9869007256980895,-0.15709062202023724,0.8534759318637275
0.24919999,0.038686659,42467.453,0.9869007256980895,-0.1481140301316194,0.8510511623246493
0.24919999,0.040948078,42345.734,0.9869007256980895,-0.13913740648728126,0.8486119038076152
0.24919999,0.043209493,42224.559,0.9869007256980895,-0.13016079872080327,0.8461835470941884
0.24919999,0.045470905,42105.254,0.9869007256980895,-0.12118420286272039,0.8437926653306613
0.24919999,0.04773232,41989.422,0.9869007256980895,-0.11220759509624238,0.841471382765531
0.24919999,0.049993735,41878.543,0.9869007256980895,-0.10323098732976442,0.8392493587174348
0.24919999,0.052255146,41774.121,0.9869007256980895,-0.09425439544114654,0.8371567334669339
0.24919999,0.054516561,41677.348,0.9869007256980895,-0.08527778767466856,0.8352173947895791
0.24919999,0.056777976,41589.363,0.9869007256980895,-0.07630117990819056,0.8334541683366733
0.24919999,0.059039392,41510.703,0.9869007256980895,-0.06732456817224752,0.8318778156312625
0.24919999,0.061300803,41442.004,0.9869007256980895,-0.05834797628362968,0.8305010821643287
0.24919999,0.063562222,41383.426,0.9869007256980895,-0.04937135263929156,0.8293271743486974
0.24919999,0.065823637,41335.148,0.9869007256980895,-0.040394744872813554,0.8283596793587175
0.24919999,0.068085045,41297.055,0.9869007256980895,-0.03141816489259082,0.8275962925851703
0.24919999,0.07034646,41269.039,0.9869007256980895,-0.02244155712611282,0.8270348496993988
0.24919999,0.072607875,41250.891,0.9869007256980895,-0.013464949359634819,0.8266711623246493
0.24919999,0.07486929,41242.488,0.9869007256980895,-0.004488341593156817,0.8265027655310621
0.24919999,0.077130705,41243.676,0.9869007256980895,0.004488266173321129,0.8265265731462925
0.24919999,0.07939212,41254.461,0.9869007256980895,0.01346487393979913,0.8267427054108217
0.24919999,0.081653535,41274.934,0.9869007256980895,0.02244148170627713,0.8271529859719439
0.24919999,0.08391495,41305.18,0.9869007256980895,0.03141808947275513,0.827759118236473
0.24919999,0.086176366,41345.426,0.9869007256980895,0.04039470120869816,0.8285656513026052
0.24919999,0.088437781,41395.688,0.9869007256980895,0.04937130897517611,0.8295729058116232
0.24919999,0.090699196,41456.102,0.9869007256980895,0.05834791674165411,0.8307836072144288
0.24919999,0.092960611,41526.438,0.9869007256980895,0.06732452450813212,0.8321931462925852
0.24919999,0.095222026,41606.5,0.9869007256980895,0.0763011322746101,0.8337975951903808
0.24919999,0.097483434,41695.637,0.9869007256980895,0.08527771225483284,0.8355839078156313
0.24919999,0.099744849,41793.285,0.9869007256980895,0.09425432002131084,0.8375407815631263
0.24919999,0.10200627,41898.336,0.9869007256980895,0.10323095160457903,0.8396460120240482
0.24919999,0.10426768,42009.598,0.9869007256980895,0.11220753952373187,0.8418757114228457
0.24919999,0.10652909,42125.555,0.9869007256980895,0.12118412744288473,0.844199498997996
0.24919999,0.10879051,42244.793,0.9869007256980895,0.1301607550566879,0.8465890380761523
0.24919999,0.11105192,42365.715,0.9869007256980895,0.13913734297584068,0.8490123246492985
0.24919999,0.11331333,42486.996,0.9869007256980895,0.14811393089499353,0.8514428056112224
0.24919999,0.11557475,42607.418,0.9869007256980895,0.1570905585087967,0.8538560721442885
0.24919999,0.11783617,42725.992,0.9869007256980895,0.16606718612259982,0.8562323046092184
0.24919999,0.12009758,42841.977,0.9869007256980895,0.17504377404175261,0.8585566533066132
0.24919999,0.122359,42954.906,0.9869007256980895,0.18402040165555578,0.8608197595190381
0.24919999,0.12462041,43064.547,0.9869007256980895,0.19299698957470862,0.8630169739478958
0.24919999,0.1268218,43168.055,0.9869007256980895,0.20173533020261067,0.8650912825651302
0.24919999,0.12882352,43259.598,0.9869007256980895,0.2096810877474727,0.8669258116232464
0.24919999,0.13056412,43337.199,0.9869007256980895,0.21659033858304763,0.8684809418837676
0.24919999,0.13207771,43403.305,0.9869007256980895,0.22259848116159392,0.8698057114228457
0.24919999,0.13339387,43459.672,0.9869007256980895,0.22782293225877323,0.8709353106212424
0.24919999,0.13453835,43507.918,0.9869007256980895,0.2323659055991724,0.8719021643286573
0.24919999,0.13553356,43549.27,0.9869007256980895,0.23631635689416977,0.8727308617234468
0.24919999,0.13639894,43584.77,0.9869007256980895,0.2397514525439973,0.8734422845691382
0.24919999,0.13715146,43615.301,0.9869007256980895,0.24273855437025657,0.874054128256513
0.24919999,0.13780582,43641.578,0.9869007256980895,0.24533601350892525,0.8745807214428858
0.24919999,0.13837484,43664.246,0.9869007256980895,0.24759471850172018,0.8750349899799599
0.24919999,0.13886963,43683.793,0.9869007256980895,0.24955877010515237,0.8754267134268536
0.24919999,0.13929988,43700.676,0.9869007256980895,0.2512666324353868,0.8757650501002003
0.2525,0.012700121,42675.855,1.0,-0.2512666840384324,0.8552275551102205
0.2525,0.01313038,42658.895,1.0,-0.2495587859830126,0.8548876753507013
0.2525,0.013625177,42639.227,1.0,-0.24759470659332514,0.8544935270541082
0.2525,0.014194194,42616.426,1.0,-0.24533601350892534,0.8540365931863727
0.2525,0.014848564,42589.98,1.0,-0.24273851467560628,0.8535066132264529
0.2525,0.015601088,42559.262,1.0,-0.23975139697148692,0.8528910220440882
0.2525,0.016466493,42523.555,1.0,-0.2363162020850336,0.8521754509018036
0.2525,0.017461706,42481.988,1.0,-0.23236573888164108,0.8513424448897795
0.2525,0.018606203,42433.543,1.0,-0.2278226980603364,0.8503716032064128
0.2525,0.019922376,42376.98,1.0,-0.2225981953601117,0.8492380761523046
0.2525,0.021435972,42310.766,1.0,-0.21659002896477514,0.8479111422845692
0.2525,0.023176609,42233.043,1.0,-0.20968063125899403,0.8463535671342685
0.2525,0.025178339,42141.539,1.0,-0.2017348340194816,0.8445198196392785
0.2525,0.027379736,42038.266,1.0,-0.19299646560532438,0.8424502204408818
0.2525,0.029641146,41929.152,1.0,-0.18401987768617156,0.8402635671342685
0.2525,0.031902552,41816.918,1.0,-0.17504330564487888,0.8380143887775551
0.2525,0.034163959,41701.746,1.0,-0.16606672963412114,0.8357063326653307
0.2525,0.036425367,41583.953,1.0,-0.1570901496538984,0.833345751503006
0.2525,0.038686775,41464.066,1.0,-0.14811356967367562,0.8309432064128256
0.2525,0.040948182,41342.875,1.0,-0.1391369936629179,0.8285145290581162
0.2525,0.04320959,41221.43,1.0,-0.13016041368269513,0.8260807615230461
0.2525,0.045470998,41100.934,1.0,-0.12118383370247236,0.8236660120240481
0.2525,0.047732405,40982.828,1.0,-0.11220725769171463,0.8212991583166332
0.2525,0.049993813,40868.582,1.0,-0.10323067771149187,0.8190096593186373
0.2525,0.052255221,40759.809,1.0,-0.09425409773126911,0.8168298396793587
0.2525,0.054516628,40657.871,1.0,-0.08527752172051138,0.8147869939879759
0.2525,0.056778036,40564.066,1.0,-0.07630094174028862,0.812907134268537
0.2525,0.059039444,40479.246,1.0,-0.06732436176006584,0.8112073346693387
0.2525,0.061300855,40404.398,1.0,-0.058347769871447984,0.809707374749499
0.2525,0.063562259,40339.949,1.0,-0.04937120576908537,0.8084158116232465
0.2525,0.065823667,40286.371,1.0,-0.04039462578886258,0.8073421042084168
0.2525,0.068085074,40243.754,1.0,-0.03141804977810488,0.8064880561122245
0.2525,0.070346482,40212.23,1.0,-0.022441469797882096,0.8058563126252506
0.2525,0.07260789,40191.656,1.0,-0.013464889817659361,0.8054440080160321
0.2525,0.07486929,40182.016,1.0,-0.004488341593156817,0.8052508216432867
0.2525,0.077130705,40183.172,1.0,0.004488266173321129,0.8052739879759518
0.2525,0.079392113,40195.125,1.0,0.013464846153543916,0.8055135270541082
0.2525,0.08165352,40217.977,1.0,0.02244142216430162,0.8059714829659318
0.2525,0.083914928,40251.656,1.0,0.03141800214452441,0.8066464128256513
0.2525,0.086176336,40296.293,1.0,0.0403945821247472,0.8075409418837675
0.2525,0.088437736,40351.738,1.0,0.049371130349249684,0.8086520641282564
0.2525,0.090699151,40417.871,1.0,0.05834773811572769,0.8099773747494989
0.2525,0.092960559,40494.18,1.0,0.06732431809595042,0.8115066132264529
0.2525,0.095221967,40580.191,1.0,0.07630089807617321,0.8132302805611222
0.2525,0.097483367,40674.938,1.0,0.0852774463006757,0.8151290180360722
0.2525,0.099744782,40777.551,1.0,0.0942540540671537,0.8171853907815632
0.2525,0.10200619,40886.719,1.0,0.10323063404737644,0.8193731262525049
0.2525,0.10426759,41001.125,1.0,0.11220718227187892,0.8216658316633266
0.2525,0.106529,41119.152,1.0,0.12118377019103177,0.8240311022044089
0.2525,0.10879041,41239.441,1.0,0.13016035811018462,0.8264417034068136
0.2525,0.11105181,41360.473,1.0,0.13913690633468712,0.8288671943887775
0.2525,0.11331323,41481.133,1.0,0.14811353394849025,0.8312852304609218
0.2525,0.11557464,41600.383,1.0,0.15709012186764312,0.8336750100200401
0.2525,0.11783604,41717.48,1.0,0.1660666700921456,0.8360216432865732
0.2525,0.12009744,41831.914,1.0,0.1750432183166481,0.8383149098196392
0.2525,0.12235886,41943.348,1.0,0.18401984593045123,0.8405480561122244
0.2525,0.12462026,42051.688,1.0,0.19299639415495373,0.8427191983967937
0.2525,0.12682167,42154.184,1.0,0.20173481417215638,0.8447732264529059
0.2525,0.1288234,42244.969,1.0,0.20968061141166883,0.8465925651302605
0.2525,0.13056403,42322.051,1.0,0.21658998133119467,0.8481372945891783
0.2525,0.13207763,42387.715,1.0,0.22259816360439136,0.8494532064128256
0.2525,0.13339379,42443.797,1.0,0.2278226147015707,0.8505770941883767
0.2525,0.13453829,42491.793,1.0,0.23236566743127046,0.8515389378757514
0.2525,0.1355335,42532.973,1.0,0.23631611872626784,0.8523641883767534
0.2525,0.13639891,42568.34,1.0,0.2397513334600464,0.8530729458917835
0.2525,0.13715144,42598.734,1.0,0.24273847498095596,0.8536820440881763
0.2525,0.1378058,42624.902,1.0,0.24533593411962465,0.8542064529058117
0.2525,0.13837482,42647.434,1.0,0.24759463911241958,0.854657995991984
0.2525,0.13886961,42666.898,1.0,0.24955869071585177,0.8550480561122245
0.2525,0.13929988,42683.668,1.0,0.2512666324353868,0.855384128256513
