x,y,z,pressure
0.23495001,0.018698405,0.131,52735.449
0.21717,0.01275,0.131,52740.094
0.23495001,0.020128164,0.131,52722.672
0.23241,0.018698405,0.131,52734.742
0.22986999,0.017455135,0.131,52743.219
0.21717,0.0132875,0.131,52740.938
0.21463001,0.01275,0.131,52732.395
0.25272998,0.032373562,0.131,52631.477
0.24765,0.029312057,0.131,52640.504
0.24257,0.026250554,0.131,52662.395
0.24002999,0.024719801,0.131,52677.137
0.23749,0.023189049,0.131,52693.293
0.23495001,0.021658298,0.131,52708.887
0.23241,0.020128164,0.131,52723.543
0.22986999,0.018698405,0.131,52735.363
0.22733,0.017455135,0.131,52743.332
0.22478999,0.016374029,0.131,52747.902
0.22225,0.01543394,0.131,52749.016
0.21971001,0.014616469,0.131,52746.914
0.21717,0.013905625,0.131,52741.773
0.21463001,0.0132875,0.131,52733.797
0.21209,0.01275,0.131,52723.242
0.25272998,0.033904314,0.131,52619.863
0.25018999,0.032373562,0.131,52621.82
0.24765,0.030842811,0.131,52626.926
0.24510999,0.029312057,0.131,52635.469
0.24257,0.027781306,0.131,52647.348
0.24002999,0.026250554,0.131,52662.184
0.23749,0.024719801,0.131,52678.5
0.23495001,0.023189049,0.131,52695.434
0.23241,0.021658298,0.131,52711.312
0.22986999,0.020128164,0.131,52725.785
0.22733,0.018698405,0.131,52737.0
0.22478999,0.017455135,0.131,52744.008
0.22225,0.016374029,0.131,52747.246
0.21971001,0.01543394,0.131,52746.688
0.21717,0.014616469,0.131,52742.574
0.21463001,0.013905625,0.131,52735.316
0.21209,0.0132875,0.131,52725.156
0.20954999,0.01275,0.131,52712.285
0.25272998,0.035435066,0.131,52609.578
0.25018999,0.033904314,0.131,52610.531
0.24765,0.032373562,0.131,52614.719
0.24510999,0.030842811,0.131,52622.184
0.24257,0.029312057,0.131,52633.453
0.24002999,0.027781306,0.131,52647.734
0.23749,0.026250554,0.131,52664.383
0.23495001,0.024719801,0.131,52681.789
0.23241,0.023189049,0.131,52699.199
0.22986999,0.021658298,0.131,52715.133
0.22733,0.020128164,0.131,52729.078
0.22478999,0.018698405,0.131,52739.219
0.22225,0.017455135,0.131,52744.781
0.21971001,0.016374029,0.131,52746.113
0.21717,0.01543394,0.131,52743.367
0.21463001,0.014616469,0.131,52736.93
0.21209,0.013905625,0.131,52727.301
0.20954999,0.0132875,0.131,52714.668
0.20701,0.01275,0.131,52699.172
0.25272998,0.036965817,0.131,52600.469
0.25018999,0.035435066,0.131,52600.57
0.24765,0.033904314,0.131,52603.676
0.24510999,0.032373562,0.131,52610.195
0.24257,0.030842811,0.131,52620.453
0.24002999,0.029312057,0.131,52634.258
0.23749,0.027781306,0.131,52650.594
0.23495001,0.026250554,0.131,52668.57
0.23241,0.024719801,0.131,52686.734
0.22986999,0.023189049,0.131,52704.371
0.22733,0.021658298,0.131,52720.043
0.22478999,0.020128164,0.131,52732.984
0.22225,0.018698405,0.131,52741.516
0.21971001,0.017455135,0.131,52745.113
0.21717,0.016374029,0.131,52743.926
0.21463001,0.01543394,0.131,52738.625
0.21209,0.014616469,0.131,52729.609
0.20954999,0.013905625,0.131,52717.379
0.20701,0.0132875,0.131,52701.988
0.20446999,0.01275,0.131,52683.59
0.25272998,0.038496573,0.131,52592.582
0.25018999,0.036965817,0.131,52591.797
0.24765,0.035435066,0.131,52593.941
0.24510999,0.033904314,0.131,52599.32
0.24257,0.032373562,0.131,52608.625
0.24002999,0.030842811,0.131,52621.535
0.23749,0.029312057,0.131,52637.562
0.23495001,0.027781306,0.131,52655.496
0.23241,0.026250554,0.131,52674.449
0.22986999,0.024719801,0.131,52693.105
0.22733,0.023189049,0.131,52710.648
0.22478999,0.021658298,0.131,52725.59
0.22225,0.020128164,0.131,52736.973
0.21971001,0.018698405,0.131,52743.34
0.21717,0.017455135,0.131,52744.293
0.21463001,0.016374029,0.131,52740.277
0.21209,0.01543394,0.131,52732.156
0.20954999,0.014616469,0.131,52720.32
0.20701,0.013905625,0.131,52705.211
0.20446999,0.0132875,0.131,52686.793
0.20193,0.01275,0.131,52665.312
0.25272998,0.040027324,0.131,52585.785
0.25018999,0.038496573,0.131,52584.238
0.24765,0.036965817,0.131,52585.371
0.24510999,0.035435066,0.131,52589.688
0.24257,0.033904314,0.131,52597.824
0.24002999,0.032373562,0.131,52609.824
0.23749,0.030842811,0.131,52625.113
0.23495001,0.029312057,0.131,52642.922
0.23241,0.027781306,0.131,52662.105
0.22986999,0.026250554,0.131,52681.762
0.22733,0.024719801,0.131,52700.598
0.22478999,0.023189049,0.131,52717.598
0.22225,0.021658298,0.131,52731.25
0.21971001,0.020128164,0.131,52740.484
0.21717,0.018698405,0.131,52744.051
0.21463001,0.017455135,0.131,52741.816
0.21209,0.016374029,0.131,52734.773
0.20954999,0.01543394,0.131,52723.652
0.20701,0.014616469,0.131,52708.742
0.20446999,0.013905625,0.131,52690.484
0.20193,0.0132875,0.131,52668.855
0.19938999,0.01275,0.131,52644.281
0.25272998,0.041558076,0.131,52580.074
0.25018999,0.040027324,0.131,52577.773
0.24765,0.038496573,0.131,52577.984
0.24510999,0.036965817,0.131,52581.176
0.24257,0.035435066,0.131,52588.164
0.24002999,0.033904314,0.131,52599.012
0.23749,0.032373562,0.131,52613.477
0.23495001,0.030842811,0.131,52630.742
0.23241,0.029312057,0.131,52650.008
0.22986999,0.027781306,0.131,52670.164
0.22733,0.026250554,0.131,52690.207
0.22478999,0.024719801,0.131,52708.777
0.22225,0.023189049,0.131,52724.703
0.21971001,0.021658298,0.131,52736.441
0.21717,0.020128164,0.131,52742.953
0.21463001,0.018698405,0.131,52743.0
0.21209,0.017455135,0.131,52737.473
0.20954999,0.016374029,0.131,52727.145
0.20701,0.01543394,0.131,52712.805
0.20446999,0.014616469,0.131,52694.562
0.20193,0.013905625,0.131,52672.957
0.19938999,0.0132875,0.131,52648.102
0.19685,0.01275,0.131,52620.598
0.25272998,0.043088827,0.131,52575.332
0.25018999,0.041558076,0.131,52572.379
0.24765,0.040027324,0.131,52571.688
0.24510999,0.038496573,0.131,52573.805
0.24257,0.036965817,0.131,52579.551
0.24002999,0.035435066,0.131,52589.207
0.23749,0.033904314,0.131,52602.582
0.23495001,0.032373562,0.131,52619.148
0.23241,0.030842811,0.131,52638.086
0.22986999,0.029312057,0.131,52658.547
0.22733,0.027781306,0.131,52679.363
0.22478999,0.026250554,0.131,52699.367
0.22225,0.024719801,0.131,52717.168
0.21971001,0.023189049,0.131,52731.406
0.21717,0.021658298,0.131,52740.574
0.21463001,0.020128164,0.131,52743.613
0.21209,0.018698405,0.131,52739.988
0.20954999,0.017455135,0.131,52730.961
0.20701,0.016374029,0.131,52717.145
0.20446999,0.01543394,0.131,52699.305
0.20193,0.014616469,0.131,52677.531
0.19938999,0.013905625,0.131,52652.551
0.19685,0.0132875,0.131,52624.637
0.19431001,0.01275,0.131,52594.473
0.25272998,0.044619579,0.131,52571.516
0.25018999,0.043088827,0.131,52567.941
0.24765,0.041558076,0.131,52566.418
0.24510999,0.040027324,0.131,52567.48
0.24257,0.038496573,0.131,52572.008
0.24002999,0.036965817,0.131,52580.344
0.23749,0.035435066,0.131,52592.531
0.23495001,0.033904314,0.131,52608.113
0.23241,0.032373562,0.131,52626.512
0.22986999,0.030842811,0.131,52646.887
0.22733,0.029312057,0.131,52668.246
0.22478999,0.027781306,0.131,52689.312
0.22225,0.026250554,0.131,52708.793
0.21971001,0.024719801,0.131,52725.262
0.21717,0.023189049,0.131,52737.086
0.21463001,0.021658298,0.131,52743.219
0.21209,0.020128164,0.131,52741.996
0.20954999,0.018698405,0.131,52734.676
0.20701,0.017455135,0.131,52721.992
0.20446999,0.016374029,0.131,52704.441
0.20193,0.01543394,0.131,52682.895
0.19938999,0.014616469,0.131,52657.543
0.19685,0.013905625,0.131,52629.359
0.19431001,0.0132875,0.131,52598.684
0.19177,0.01275,0.131,52566.102
0.25272998,0.046150334,0.131,52568.531
0.25018999,0.044619579,0.131,52564.402
0.24765,0.043088827,0.131,52562.094
0.24510999,0.041558076,0.131,52562.145
0.24257,0.040027324,0.131,52565.445
0.24002999,0.038496573,0.131,52572.449
0.23749,0.036965817,0.131,52583.297
0.23495001,0.035435066,0.131,52597.738
0.23241,0.033904314,0.131,52615.297
0.22986999,0.032373562,0.131,52635.324
0.22733,0.030842811,0.131,52656.875
0.22478999,0.029312057,0.131,52678.738
0.22225,0.027781306,0.131,52699.598
0.21971001,0.026250554,0.131,52718.027
0.21717,0.024719801,0.131,52732.488
0.21463001,0.023189049,0.131,52741.184
0.21209,0.021658298,0.131,52743.395
0.20954999,0.020128164,0.131,52738.355
0.20701,0.018698405,0.131,52726.949
0.20446999,0.017455135,0.131,52710.309
0.20193,0.016374029,0.131,52688.773
0.19938999,0.01543394,0.131,52663.445
0.19685,0.014616469,0.131,52634.695
0.19431001,0.013905625,0.131,52603.625
0.19177,0.0132875,0.131,52570.453
0.18923,0.01275,0.131,52535.582
0.25272998,0.047681086,0.131,52566.309
0.25018999,0.046150334,0.131,52561.664
0.24765,0.044619579,0.131,52558.641
0.24510999,0.043088827,0.131,52557.73
0.24257,0.041558076,0.131,52559.836
0.24002999,0.040027324,0.131,52565.461
0.23749,0.038496573,0.131,52574.895
0.23495001,0.036965817,0.131,52588.02
0.23241,0.035435066,0.131,52604.531
0.22986999,0.033904314,0.131,52623.918
0.22733,0.032373562,0.131,52645.355
0.22478999,0.030842811,0.131,52667.711
0.22225,0.029312057,0.131,52689.645
0.21971001,0.027781306,0.131,52709.82
0.21717,0.026250554,0.131,52726.551
0.21463001,0.024719801,0.131,52738.191
0.21209,0.023189049,0.131,52743.438
0.20954999,0.021658298,0.131,52741.172
0.20701,0.020128164,0.131,52732.102
0.20446999,0.018698405,0.131,52716.453
0.20193,0.017455135,0.131,52695.602
0.19938999,0.016374029,0.131,52669.992
0.19685,0.01543394,0.131,52641.051
0.19431001,0.014616469,0.131,52609.238
0.19177,0.013905625,0.131,52575.57
0.18923,0.0132875,0.131,52540.043
0.18669,0.01275,0.131,52502.914
0.25272998,0.049211837,0.131,52564.766
0.25018999,0.047681086,0.131,52559.652
0.24765,0.046150334,0.131,52555.953
0.24510999,0.044619579,0.131,52554.137
0.24257,0.043088827,0.131,52555.09
0.24002999,0.041558076,0.131,52559.352
0.23749,0.040027324,0.131,52567.309
0.23495001,0.038496573,0.131,52578.992
0.23241,0.036965817,0.131,52594.254
0.22986999,0.035435066,0.131,52612.738
0.22733,0.033904314,0.131,52633.781
0.22478999,0.032373562,0.131,52656.301
0.22225,0.030842811,0.131,52679.047
0.21971001,0.029312057,0.131,52700.617
0.21717,0.027781306,0.131,52719.516
0.21463001,0.026250554,0.131,52733.781
0.21209,0.024719801,0.131,52741.883
0.20954999,0.023189049,0.131,52742.914
0.20701,0.021658298,0.131,52736.758
0.20446999,0.020128164,0.131,52723.148
0.20193,0.018698405,0.131,52702.914
0.19938999,0.017455135,0.131,52677.695
0.19685,0.016374029,0.131,52648.164
0.19431001,0.01543394,0.131,52615.961
0.19177,0.014616469,0.131,52581.414
0.18923,0.013905625,0.131,52545.301
0.18669,0.0132875,0.131,52507.449
0.18415,0.01275,0.131,52468.125
0.25272998,0.050742589,0.131,52563.836
0.25018999,0.049211837,0.131,52558.281
0.24765,0.047681086,0.131,52553.961
0.24510999,0.046150334,0.131,52551.293
0.24257,0.044619579,0.131,52551.137
0.24002999,0.043088827,0.131,52554.059
0.23749,0.041558076,0.131,52560.508
0.23495001,0.040027324,0.131,52570.66
0.23241,0.038496573,0.131,52584.508
0.22986999,0.036965817,0.131,52601.871
0.22733,0.035435066,0.131,52622.219
0.22478999,0.033904314,0.131,52644.633
0.22225,0.032373562,0.131,52667.852
0.21971001,0.030842811,0.131,52690.602
0.21717,0.029312057,0.131,52711.281
0.21463001,0.027781306,0.131,52728.117
0.21209,0.026250554,0.131,52739.215
0.20954999,0.024719801,0.131,52743.527
0.20701,0.023189049,0.131,52740.047
0.20446999,0.021658298,0.131,52729.504
0.20193,0.020128164,0.131,52711.109
0.19938999,0.018698405,0.131,52686.102
0.19685,0.017455135,0.131,52656.641
0.19431001,0.016374029,0.131,52623.551
0.19177,0.01543394,0.131,52588.438
0.18923,0.014616469,0.131,52551.328
0.18669,0.013905625,0.131,52512.809
0.18415,0.0132875,0.131,52472.688
0.18161,0.01275,0.131,52431.293
0.25272998,0.052273341,0.131,52563.434
0.25018999,0.050742589,0.131,52557.473
0.24765,0.049211837,0.131,52552.57
0.24510999,0.047681086,0.131,52549.113
0.24257,0.046150334,0.131,52547.902
0.24002999,0.044619579,0.131,52549.52
0.23749,0.043088827,0.131,52554.465
0.23495001,0.041558076,0.131,52563.016
0.23241,0.040027324,0.131,52575.328
0.22986999,0.038496573,0.131,52591.363
0.22733,0.036965817,0.131,52610.785
0.22478999,0.035435066,0.131,52632.77
0.22225,0.033904314,0.131,52656.215
0.21971001,0.032373562,0.131,52679.777
0.21717,0.030842811,0.131,52702.055
0.21463001,0.029312057,0.131,52721.137
0.21209,0.027781306,0.131,52735.105
0.20954999,0.026250554,0.131,52742.496
0.20701,0.024719801,0.131,52742.469
0.20446999,0.023189049,0.131,52734.691
0.20193,0.021658298,0.131,52719.246
0.19938999,0.020128164,0.131,52695.742
0.19685,0.018698405,0.131,52666.02
0.19431001,0.017455135,0.131,52632.676
0.19177,0.016374029,0.131,52596.418
0.18923,0.01543394,0.131,52558.594
0.18669,0.014616469,0.131,52518.969
0.18415,0.013905625,0.131,52478.078
0.18161,0.0132875,0.131,52435.805
0.17907001,0.01275,0.131,52392.582
0.25272998,0.053804092,0.131,52563.492
0.25018999,0.052273341,0.131,52557.152
0.24765,0.050742589,0.131,52551.707
0.24510999,0.049211837,0.131,52547.504
0.24257,0.047681086,0.131,52545.301
0.24002999,0.046150334,0.131,52545.664
0.23749,0.044619579,0.131,52549.121
0.23495001,0.043088827,0.131,52556.055
0.23241,0.041558076,0.131,52566.727
0.22986999,0.040027324,0.131,52581.285
0.22733,0.038496573,0.131,52599.531
0.22478999,0.036965817,0.131,52620.848
0.22225,0.035435066,0.131,52644.18
0.21971001,0.033904314,0.131,52668.34
0.21717,0.032373562,0.131,52691.844
0.21463001,0.030842811,0.131,52712.973
0.21209,0.029312057,0.131,52729.656
0.20954999,0.027781306,0.131,52740.168
0.20701,0.026250554,0.131,52743.488
0.20446999,0.024719801,0.131,52739.082
0.20193,0.023189049,0.131,52726.34
0.19938999,0.021658298,0.131,52705.625
0.19685,0.020128164,0.131,52677.0
0.19431001,0.018698405,0.131,52642.902
0.19177,0.017455135,0.131,52606.086
0.18923,0.016374029,0.131,52566.895
0.18669,0.01543394,0.131,52526.414
0.18415,0.014616469,0.131,52484.305
0.18161,0.013905625,0.131,52441.148
0.17907001,0.0132875,0.131,52396.957
0.17653,0.01275,0.131,52352.25
0.25272998,0.055334844,0.131,52563.945
0.25018999,0.053804092,0.131,52557.246
0.24765,0.052273341,0.131,52551.289
0.24510999,0.050742589,0.131,52546.391
0.24257,0.049211837,0.131,52543.25
0.24002999,0.047681086,0.131,52542.418
0.23749,0.046150334,0.131,52544.434
0.23495001,0.044619579,0.131,52549.734
0.23241,0.043088827,0.131,52558.719
0.22986999,0.041558076,0.131,52571.66
0.22733,0.040027324,0.131,52588.562
0.22478999,0.038496573,0.131,52608.93
0.22225,0.036965817,0.131,52631.914
0.21971001,0.035435066,0.131,52656.32
0.21717,0.033904314,0.131,52680.832
0.21463001,0.032373562,0.131,52703.672
0.21209,0.030842811,0.131,52722.883
0.20954999,0.029312057,0.131,52736.441
0.20701,0.027781306,0.131,52743.246
0.20446999,0.026250554,0.131,52741.98
0.20193,0.024719801,0.131,52732.781
0.19938999,0.023189049,0.131,52714.648
0.19685,0.021658298,0.131,52688.531
0.19431001,0.020128164,0.131,52655.062
0.19177,0.018698405,0.131,52617.02
0.18923,0.017455135,0.131,52576.996
0.18669,0.016374029,0.131,52534.957
0.18415,0.01543394,0.131,52491.84
0.18161,0.014616469,0.131,52447.336
0.17907001,0.013905625,0.131,52402.156
0.17653,0.0132875,0.131,52356.414
0.17399001,0.01275,0.131,52310.648
0.25272998,0.056865599,0.131,52564.719
0.25018999,0.055334844,0.131,52557.684
0.24765,0.053804092,0.131,52551.242
0.24510999,0.052273341,0.131,52545.688
0.24257,0.050742589,0.131,52541.672
0.24002999,0.049211837,0.131,52539.711
0.23749,0.047681086,0.131,52540.336
0.23495001,0.046150334,0.131,52544.035
0.23241,0.044619579,0.131,52551.293
0.22986999,0.043088827,0.131,52562.539
0.22733,0.041558076,0.131,52577.914
0.22478999,0.040027324,0.131,52597.148
0.22225,0.038496573,0.131,52619.477
0.21971001,0.036965817,0.131,52643.906
0.21717,0.035435066,0.131,52669.082
0.21463001,0.033904314,0.131,52693.402
0.21209,0.032373562,0.131,52714.824
0.20954999,0.030842811,0.131,52731.414
0.20701,0.029312057,0.131,52741.32
0.20446999,0.027781306,0.131,52743.973
0.20193,0.026250554,0.131,52737.938
0.19938999,0.024719801,0.131,52723.211
0.19685,0.023189049,0.131,52699.402
0.19431001,0.021658298,0.131,52668.07
0.19177,0.020128164,0.131,52630.176
0.18923,0.018698405,0.131,52588.508
0.18669,0.017455135,0.131,52545.387
0.18415,0.016374029,0.131,52500.52
0.18161,0.01543394,0.131,52454.844
0.17907001,0.014616469,0.131,52408.188
0.17653,0.013905625,0.131,52361.359
0.17399001,0.0132875,0.131,52314.512
0.17144999,0.01275,0.131,52268.168
0.25272998,0.058396351,0.131,52565.75
0.25018999,0.056865599,0.131,52558.398
0.24765,0.055334844,0.131,52551.508
0.24510999,0.053804092,0.131,52545.328
0.24257,0.052273341,0.131,52540.492
0.24002999,0.050742589,0.131,52537.465
0.23749,0.049211837,0.131,52536.77
0.23495001,0.047681086,0.131,52538.906
0.23241,0.046150334,0.131,52544.445
0.22986999,0.044619579,0.131,52553.922
0.22733,0.043088827,0.131,52567.672
0.22478999,0.041558076,0.131,52585.551
0.22225,0.040027324,0.131,52607.023
0.21971001,0.038496573,0.131,52631.16
0.21717,0.036965817,0.131,52656.773
0.21463001,0.035435066,0.131,52682.227
0.21209,0.033904314,0.131,52705.664
0.20954999,0.032373562,0.131,52724.918
0.20701,0.030842811,0.131,52738.301
0.20446999,0.029312057,0.131,52744.398
0.20193,0.027781306,0.131,52742.195
0.19938999,0.026250554,0.131,52730.668
0.19685,0.024719801,0.131,52710.062
0.19431001,0.023189049,0.131,52680.625
0.19177,0.021658298,0.131,52644.449
0.18923,0.020128164,0.131,52602.469
0.18669,0.018698405,0.131,52557.344
0.18415,0.017455135,0.131,52511.148
0.18161,0.016374029,0.131,52463.523
0.17907001,0.01543394,0.131,52415.523
0.17653,0.014616469,0.131,52367.117
0.17399001,0.013905625,0.131,52319.117
0.17144999,0.0132875,0.131,52271.668
0.16891,0.01275,0.131,52225.23
0.25272998,0.059927102,0.131,52566.973
0.25018999,0.058396351,0.131,52559.336
0.24765,0.056865599,0.131,52552.016
0.24510999,0.055334844,0.131,52545.25
0.24257,0.053804092,0.131,52539.633
0.24002999,0.052273341,0.131,52535.613
0.23749,0.050742589,0.131,52533.668
0.23495001,0.049211837,0.131,52534.305
0.23241,0.047681086,0.131,52538.145
0.22986999,0.046150334,0.131,52545.844
0.22733,0.044619579,0.131,52557.859
0.22478999,0.043088827,0.131,52574.254
0.22225,0.041558076,0.131,52594.625
0.21971001,0.040027324,0.131,52618.246
0.21717,0.038496573,0.131,52643.98
0.21463001,0.036965817,0.131,52670.34
0.21209,0.035435066,0.131,52695.426
0.20954999,0.033904314,0.131,52717.254
0.20701,0.032373562,0.131,52733.758
0.20446999,0.030842811,0.131,52743.363
0.20193,0.029312057,0.131,52744.926
0.19938999,0.027781306,0.131,52737.355
0.19685,0.026250554,0.131,52719.824
0.19431001,0.024719801,0.131,52693.238
0.19177,0.023189049,0.131,52658.465
0.18923,0.021658298,0.131,52617.793
0.18669,0.020128164,0.131,52571.93
0.18415,0.018698405,0.131,52523.398
0.18161,0.017455135,0.131,52474.18
0.17907001,0.016374029,0.131,52424.031
0.17653,0.01543394,0.131,52374.129
0.17399001,0.014616469,0.131,52324.488
0.17144999,0.013905625,0.131,52275.852
0.16891,0.0132875,0.131,52228.32
0.16636999,0.01275,0.131,52182.254
0.25272998,0.061457854,0.131,52568.332
0.25018999,0.059927102,0.131,52560.426
0.24765,0.058396351,0.131,52552.711
0.24510999,0.056865599,0.131,52545.387
0.24257,0.055334844,0.131,52539.043
0.24002999,0.053804092,0.131,52534.082
0.23749,0.052273341,0.131,52530.969
0.23495001,0.050742589,0.131,52530.18
0.23241,0.049211837,0.131,52532.375
0.22986999,0.047681086,0.131,52538.289
0.22733,0.046150334,0.131,52548.531
0.22478999,0.044619579,0.131,52563.301
0.22225,0.043088827,0.131,52582.402
0.21971001,0.041558076,0.131,52605.246
0.21717,0.040027324,0.131,52630.879
0.21463001,0.038496573,0.131,52657.82
0.21209,0.036965817,0.131,52684.34
0.20954999,0.035435066,0.131,52708.375
0.20701,0.033904314,0.131,52727.926
0.20446999,0.032373562,0.131,52741.203
0.20193,0.030842811,0.131,52746.672
0.19938999,0.029312057,0.131,52742.746
0.19685,0.027781306,0.131,52728.984
0.19431001,0.026250554,0.131,52705.172
0.19177,0.024719801,0.131,52672.812
0.18923,0.023189049,0.131,52633.027
0.18669,0.021658298,0.131,52588.07
0.18415,0.020128164,0.131,52538.398
0.18161,0.018698405,0.131,52486.512
0.17907001,0.017455135,0.131,52434.508
0.17653,0.016374029,0.131,52382.297
0.17399001,0.01543394,0.131,52331.043
0.17144999,0.014616469,0.131,52280.746
0.16891,0.013905625,0.131,52232.02
0.16636999,0.0132875,0.131,52184.906
0.16383,0.01275,0.131,52139.645
0.25272998,0.062988609,0.131,52569.758
0.25018999,0.061457854,0.131,52561.621
0.24765,0.059927102,0.131,52553.539
0.24510999,0.058396351,0.131,52545.695
0.24257,0.056865599,0.131,52538.656
0.24002999,0.055334844,0.131,52532.824
0.23749,0.053804092,0.131,52528.609
0.23495001,0.052273341,0.131,52526.48
0.23241,0.050742589,0.131,52527.094
0.22986999,0.049211837,0.131,52531.262
0.22733,0.047681086,0.131,52539.691
0.22478999,0.046150334,0.131,52552.77
0.22225,0.044619579,0.131,52570.43
0.21971001,0.043088827,0.131,52592.309
0.21717,0.041558076,0.131,52617.555
0.21463001,0.040027324,0.131,52644.859
0.21209,0.038496573,0.131,52672.469
0.20954999,0.036965817,0.131,52698.492
0.20701,0.035435066,0.131,52720.828
0.20446999,0.033904314,0.131,52737.496
0.20193,0.032373562,0.131,52746.875
0.19938999,0.030842811,0.131,52747.086
0.19685,0.029312057,0.131,52737.113
0.19431001,0.027781306,0.131,52716.754
0.19177,0.026250554,0.131,52686.691
0.18923,0.024719801,0.131,52648.828
0.18669,0.023189049,0.131,52604.262
0.18415,0.021658298,0.131,52555.105
0.18161,0.020128164,0.131,52501.68
0.17907001,0.018698405,0.131,52446.684
0.17653,0.017455135,0.131,52392.375
0.17399001,0.016374029,0.131,52338.707
0.17144999,0.01543394,0.131,52286.73
0.16891,0.014616469,0.131,52236.367
0.16636999,0.013905625,0.131,52188.078
0.16383,0.0132875,0.131,52141.84
0.16128999,0.01275,0.131,52097.812
0.25272998,0.064519361,0.131,52571.199
0.25018999,0.062988609,0.131,52562.867
0.24765,0.061457854,0.131,52554.449
0.24510999,0.059927102,0.131,52546.113
0.24257,0.058396351,0.131,52538.43
0.24002999,0.056865599,0.131,52531.773
0.23749,0.055334844,0.131,52526.539
0.23495001,0.053804092,0.131,52523.156
0.23241,0.052273341,0.131,52522.273
0.22986999,0.050742589,0.131,52524.738
0.22733,0.049211837,0.131,52531.379
0.22478999,0.047681086,0.131,52542.688
0.22225,0.046150334,0.131,52558.812
0.21971001,0.044619579,0.131,52579.516
0.21717,0.043088827,0.131,52604.176
0.21463001,0.041558076,0.131,52631.547
0.21209,0.040027324,0.131,52660.016
0.20954999,0.038496573,0.131,52687.695
0.20701,0.036965817,0.131,52712.562
0.20446999,0.035435066,0.131,52732.574
0.20193,0.033904314,0.131,52745.684
0.19938999,0.032373562,0.131,52750.102
0.19685,0.030842811,0.131,52744.195
0.19431001,0.029312057,0.131,52727.488
0.19177,0.027781306,0.131,52700.484
0.18923,0.026250554,0.131,52664.367
0.18669,0.024719801,0.131,52621.227
0.18415,0.023189049,0.131,52571.988
0.18161,0.021658298,0.131,52518.656
0.17907001,0.020128164,0.131,52461.715
0.17653,0.018698405,0.131,52404.133
0.17399001,0.017455135,0.131,52348.184
0.17144999,0.016374029,0.131,52293.754
0.16891,0.01543394,0.131,52241.695
0.16636999,0.014616469,0.131,52191.832
0.16383,0.013905625,0.131,52144.465
0.16128999,0.0132875,0.131,52099.543
0.15875,0.01275,0.131,52057.195
0.25272998,0.066050112,0.131,52572.594
0.25018999,0.064519361,0.131,52564.113
0.24765,0.062988609,0.131,52555.398
0.24510999,0.061457854,0.131,52546.613
0.24257,0.059927102,0.131,52538.316
0.24002999,0.058396351,0.131,52530.895
0.23749,0.056865599,0.131,52524.707
0.23495001,0.055334844,0.131,52520.16
0.23241,0.053804092,0.131,52517.867
0.22986999,0.052273341,0.131,52518.707
0.22733,0.050742589,0.131,52523.578
0.22478999,0.049211837,0.131,52533.117
0.22225,0.047681086,0.131,52547.602
0.21971001,0.046150334,0.131,52566.996
0.21717,0.044619579,0.131,52590.832
0.21463001,0.043088827,0.131,52618.055
0.21209,0.041558076,0.131,52647.09
0.20954999,0.040027324,0.131,52676.164
0.20701,0.038496573,0.131,52703.289
0.20446999,0.036965817,0.131,52726.348
0.20193,0.035435066,0.131,52743.25
0.19938999,0.033904314,0.131,52751.832
0.19685,0.032373562,0.131,52750.242
0.19431001,0.030842811,0.131,52737.484
0.19177,0.029312057,0.131,52713.625
0.18923,0.027781306,0.131,52680.074
0.18669,0.026250554,0.131,52638.105
0.18415,0.024719801,0.131,52589.789
0.18161,0.023189049,0.131,52535.914
0.17907001,0.021658298,0.131,52478.621
0.17653,0.020128164,0.131,52418.711
0.17399001,0.018698405,0.131,52359.297
0.17144999,0.017455135,0.131,52302.469
0.16891,0.016374029,0.131,52247.977
0.16636999,0.01543394,0.131,52196.438
0.16383,0.014616469,0.131,52147.594
0.16128999,0.013905625,0.131,52101.617
0.15875,0.0132875,0.131,52058.461
0.15621001,0.01275,0.131,52018.238
0.25272998,0.067580864,0.131,52573.898
0.25018999,0.066050112,0.131,52565.316
0.24765,0.064519361,0.131,52556.348
0.24510999,0.062988609,0.131,52547.148
0.24257,0.061457854,0.131,52538.293
0.24002999,0.059927102,0.131,52530.145
0.23749,0.058396351,0.131,52523.078
0.23495001,0.056865599,0.131,52517.441
0.23241,0.055334844,0.131,52513.844
0.22986999,0.053804092,0.131,52513.141
0.22733,0.052273341,0.131,52516.305
0.22478999,0.050742589,0.131,52524.07
0.22225,0.049211837,0.131,52536.875
0.21971001,0.047681086,0.131,52554.824
0.21717,0.046150334,0.131,52577.668
0.21463001,0.044619579,0.131,52604.492
0.21209,0.043088827,0.131,52633.863
0.20954999,0.041558076,0.131,52664.035
0.20701,0.040027324,0.131,52693.129
0.20446999,0.038496573,0.131,52719.031
0.20193,0.036965817,0.131,52739.52
0.19938999,0.035435066,0.131,52752.215
0.19685,0.033904314,0.131,52754.969
0.19431001,0.032373562,0.131,52746.41
0.19177,0.030842811,0.131,52726.293
0.18923,0.029312057,0.131,52695.336
0.18669,0.027781306,0.131,52655.375
0.18415,0.026250554,0.131,52607.68
0.18161,0.024719801,0.131,52554.219
0.17907001,0.023189049,0.131,52495.902
0.17653,0.021658298,0.131,52435.184
0.17399001,0.020128164,0.131,52373.125
0.17144999,0.018698405,0.131,52312.734
0.16891,0.017455135,0.131,52255.797
0.16636999,0.016374029,0.131,52201.902
0.16383,0.01543394,0.131,52151.445
0.16128999,0.014616469,0.131,52104.113
0.15875,0.013905625,0.131,52059.992
0.15621001,0.0132875,0.131,52019.051
0.15367,0.01275,0.131,51981.332
0.25272998,0.069111615,0.131,52575.062
0.25018999,0.067580864,0.131,52566.43
0.24765,0.066050112,0.131,52557.258
0.24510999,0.064519361,0.131,52547.695
0.24257,0.062988609,0.131,52538.316
0.24002999,0.061457854,0.131,52529.504
0.23749,0.059927102,0.131,52521.609
0.23495001,0.058396351,0.131,52514.977
0.23241,0.056865599,0.131,52510.16
0.22986999,0.055334844,0.131,52508.02
0.22733,0.053804092,0.131,52509.543
0.22478999,0.052273341,0.131,52515.578
0.22225,0.050742589,0.131,52526.668
0.21971001,0.049211837,0.131,52543.102
0.21717,0.047681086,0.131,52564.781
0.21463001,0.046150334,0.131,52591.016
0.21209,0.044619579,0.131,52620.457
0.20954999,0.043088827,0.131,52651.484
0.20701,0.041558076,0.131,52682.242
0.20446999,0.040027324,0.131,52710.711
0.20193,0.038496573,0.131,52734.57
0.19938999,0.036965817,0.131,52751.391
0.19685,0.035435066,0.131,52758.566
0.19431001,0.033904314,0.131,52754.301
0.19177,0.032373562,0.131,52738.086
0.18923,0.030842811,0.131,52710.363
0.18669,0.029312057,0.131,52672.41
0.18415,0.027781306,0.131,52626.141
0.18161,0.026250554,0.131,52572.754
0.17907001,0.024719801,0.131,52514.324
0.17653,0.023189049,0.131,52452.121
0.17399001,0.021658298,0.131,52388.82
0.17144999,0.020128164,0.131,52325.551
0.16891,0.018698405,0.131,52265.051
0.16636999,0.017455135,0.131,52208.727
0.16383,0.016374029,0.131,52156.043
0.16128999,0.01543394,0.131,52107.199
0.15875,0.014616469,0.131,52061.859
0.15621001,0.013905625,0.131,52020.066
0.15367,0.0132875,0.131,51981.734
0.15112999,0.01275,0.131,51946.762
0.25272998,0.070642367,0.131,52576.043
0.25018999,0.069111615,0.131,52567.422
0.24765,0.067580864,0.131,52558.102
0.24510999,0.066050112,0.131,52548.223
0.24257,0.064519361,0.131,52538.375
0.24002999,0.062988609,0.131,52528.938
0.23749,0.061457854,0.131,52520.285
0.23495001,0.059927102,0.131,52512.727
0.23241,0.058396351,0.131,52506.801
0.22986999,0.056865599,0.131,52503.309
0.22733,0.055334844,0.131,52503.289
0.22478999,0.053804092,0.131,52507.645
0.22225,0.052273341,0.131,52517.039
0.21971001,0.050742589,0.131,52531.887
0.21717,0.049211837,0.131,52552.293
0.21463001,0.047681086,0.131,52577.727
0.21209,0.046150334,0.131,52607.035
0.20954999,0.044619579,0.131,52638.641
0.20701,0.043088827,0.131,52670.801
0.20446999,0.041558076,0.131,52701.52
0.20193,0.040027324,0.131,52728.543
0.19938999,0.038496573,0.131,52749.176
0.19685,0.036965817,0.131,52760.824
0.19431001,0.035435066,0.131,52761.078
0.19177,0.033904314,0.131,52749.0
0.18923,0.032373562,0.131,52724.734
0.18669,0.030842811,0.131,52689.441
0.18415,0.029312057,0.131,52644.566
0.18161,0.027781306,0.131,52592.012
0.17907001,0.026250554,0.131,52533.109
0.17653,0.024719801,0.131,52470.25
0.17399001,0.023189049,0.131,52405.039
0.17144999,0.021658298,0.131,52340.168
0.16891,0.020128164,0.131,52276.648
0.16636999,0.018698405,0.131,52216.844
0.16383,0.017455135,0.131,52161.812
0.16128999,0.016374029,0.131,52110.918
0.15875,0.01543394,0.131,52064.195
0.15621001,0.014616469,0.131,52021.32
0.15367,0.013905625,0.131,51982.266
0.15112999,0.0132875,0.131,51946.801
0.14859,0.01275,0.131,51914.703
0.25272998,0.072173119,0.131,52576.809
0.25018999,0.070642367,0.131,52568.254
0.24765,0.069111615,0.131,52558.848
0.24510999,0.067580864,0.131,52548.715
0.24257,0.066050112,0.131,52538.445
0.24002999,0.064519361,0.131,52528.445
0.23749,0.062988609,0.131,52519.086
0.23495001,0.061457854,0.131,52510.684
0.23241,0.059927102,0.131,52503.719
0.22986999,0.058396351,0.131,52499.008
0.22733,0.056865599,0.131,52497.535
0.22478999,0.055334844,0.131,52500.285
0.22225,0.053804092,0.131,52508.004
0.21971001,0.052273341,0.131,52521.254
0.21717,0.050742589,0.131,52540.277
0.21463001,0.049211837,0.131,52564.77
0.21209,0.047681086,0.131,52593.707
0.20954999,0.046150334,0.131,52625.672
0.20701,0.044619579,0.131,52658.938
0.20446999,0.043088827,0.131,52691.645
0.20193,0.041558076,0.131,52721.492
0.19938999,0.040027324,0.131,52745.863
0.19685,0.038496573,0.131,52761.711
0.19431001,0.036965817,0.131,52766.531
0.19177,0.035435066,0.131,52758.879
0.18923,0.033904314,0.131,52738.484
0.18669,0.032373562,0.131,52706.004
0.18415,0.030842811,0.131,52663.195
0.18161,0.029312057,0.131,52611.418
0.17907001,0.027781306,0.131,52552.734
0.17653,0.026250554,0.131,52488.855
0.17399001,0.024719801,0.131,52422.477
0.17144999,0.023189049,0.131,52355.34
0.16891,0.021658298,0.131,52289.93
0.16636999,0.020128164,0.131,52227.062
0.16383,0.018698405,0.131,52168.719
0.16128999,0.017455135,0.131,52115.609
0.15875,0.016374029,0.131,52067.039
0.15621001,0.01543394,0.131,52022.926
0.15367,0.014616469,0.131,51982.953
0.15112999,0.013905625,0.131,51946.898
0.14859,0.0132875,0.131,51914.434
0.14604999,0.01275,0.131,51885.191
0.25272998,0.07370387,0.131,52577.332
0.25018999,0.072173119,0.131,52568.902
0.24765,0.070642367,0.131,52559.477
0.24510999,0.069111615,0.131,52549.148
0.24257,0.067580864,0.131,52538.52
0.24002999,0.066050112,0.131,52528.012
0.23749,0.064519361,0.131,52518.012
0.23495001,0.062988609,0.131,52508.82
0.23241,0.061457854,0.131,52500.922
0.22986999,0.059927102,0.131,52495.062
0.22733,0.058396351,0.131,52492.258
0.22478999,0.056865599,0.131,52493.488
0.22225,0.055334844,0.131,52499.598
0.21971001,0.053804092,0.131,52511.242
0.21717,0.052273341,0.131,52528.832
0.21463001,0.050742589,0.131,52552.23
0.21209,0.049211837,0.131,52580.629
0.20954999,0.047681086,0.131,52612.695
0.20701,0.046150334,0.131,52646.84
0.20446999,0.044619579,0.131,52681.199
0.20193,0.043088827,0.131,52713.637
0.19938999,0.041558076,0.131,52741.371
0.19685,0.040027324,0.131,52761.445
0.19431001,0.038496573,0.131,52770.828
0.19177,0.036965817,0.131,52767.613
0.18923,0.035435066,0.131,52751.293
0.18669,0.033904314,0.131,52722.191
0.18415,0.032373562,0.131,52681.574
0.18161,0.030842811,0.131,52631.207
0.17907001,0.029312057,0.131,52572.672
0.17653,0.027781306,0.131,52508.391
0.17399001,0.026250554,0.131,52440.465
0.17144999,0.024719801,0.131,52371.707
0.16891,0.023189049,0.131,52303.773
0.16636999,0.021658298,0.131,52238.816
0.16383,0.020128164,0.131,52177.453
0.16128999,0.018698405,0.131,52121.27
0.15875,0.017455135,0.131,52070.668
0.15621001,0.016374029,0.131,52024.93
0.15367,0.01543394,0.131,51983.879
0.15112999,0.014616469,0.131,51947.086
0.14859,0.013905625,0.131,51914.16
0.14604999,0.0132875,0.131,51884.676
0.14351,0.01275,0.131,51858.199
0.25272998,0.075234622,0.131,52577.598
0.25018999,0.07370387,0.131,52569.344
0.24765,0.072173119,0.131,52559.961
0.24510999,0.070642367,0.131,52549.512
0.24257,0.069111615,0.131,52538.586
0.24002999,0.067580864,0.131,52527.633
0.23749,0.066050112,0.131,52517.047
0.23495001,0.064519361,0.131,52507.148
0.23241,0.062988609,0.131,52498.375
0.22986999,0.061457854,0.131,52491.496
0.22733,0.059927102,0.131,52487.438
0.22478999,0.058396351,0.131,52487.262
0.22225,0.056865599,0.131,52491.82
0.21971001,0.055334844,0.131,52501.898
0.21717,0.053804092,0.131,52518.016
0.21463001,0.052273341,0.131,52540.234
0.21209,0.050742589,0.131,52567.891
0.20954999,0.049211837,0.131,52599.871
0.20701,0.047681086,0.131,52634.613
0.20446999,0.046150334,0.131,52670.387
0.20193,0.044619579,0.131,52705.039
0.19938999,0.043088827,0.131,52735.957
0.19685,0.041558076,0.131,52759.887
0.19431001,0.040027324,0.131,52773.82
0.19177,0.038496573,0.131,52775.262
0.18923,0.036965817,0.131,52763.168
0.18669,0.035435066,0.131,52737.656
0.18415,0.033904314,0.131,52699.766
0.18161,0.032373562,0.131,52650.945
0.17907001,0.030842811,0.131,52593.137
0.17653,0.029312057,0.131,52528.363
0.17399001,0.027781306,0.131,52459.434
0.17144999,0.026250554,0.131,52388.672
0.16891,0.024719801,0.131,52318.754
0.16636999,0.023189049,0.131,52251.121
0.16383,0.021658298,0.131,52187.555
0.16128999,0.020128164,0.131,52128.477
0.15875,0.018698405,0.131,52075.098
0.15621001,0.017455135,0.131,52027.543
0.15367,0.016374029,0.131,51985.098
0.15112999,0.01543394,0.131,51947.418
0.14859,0.014616469,0.131,51913.93
0.14604999,0.013905625,0.131,51884.109
0.14351,0.0132875,0.131,51857.496
0.14096999,0.01275,0.131,51833.629
0.25272998,0.076765373,0.131,52577.594
0.25018999,0.075234622,0.131,52569.57
0.24765,0.07370387,0.131,52560.293
0.24510999,0.072173119,0.131,52549.793
0.24257,0.070642367,0.131,52538.648
0.24002999,0.069111615,0.131,52527.309
0.23749,0.067580864,0.131,52516.203
0.23495001,0.066050112,0.131,52505.652
0.23241,0.064519361,0.131,52496.102
0.22986999,0.062988609,0.131,52488.258
0.22733,0.061457854,0.131,52483.094
0.22478999,0.059927102,0.131,52481.586
0.22225,0.058396351,0.131,52484.695
0.21971001,0.056865599,0.131,52493.238
0.21717,0.055334844,0.131,52507.891
0.21463001,0.053804092,0.131,52528.844
0.21209,0.052273341,0.131,52555.637
0.20954999,0.050742589,0.131,52587.301
0.20701,0.049211837,0.131,52622.441
0.20446999,0.047681086,0.131,52659.312
0.20193,0.046150334,0.131,52695.938
0.19938999,0.044619579,0.131,52729.641
0.19685,0.043088827,0.131,52757.305
0.19431001,0.041558076,0.131,52775.48
0.19177,0.040027324,0.131,52781.477
0.18923,0.038496573,0.131,52773.91
0.18669,0.036965817,0.131,52752.348
0.18415,0.035435066,0.131,52717.434
0.18161,0.033904314,0.131,52670.695
0.17907001,0.032373562,0.131,52613.738
0.17653,0.030842811,0.131,52548.984
0.17399001,0.029312057,0.131,52478.938
0.17144999,0.027781306,0.131,52406.625
0.16891,0.026250554,0.131,52334.355
0.16636999,0.024719801,0.131,52264.484
0.16383,0.023189049,0.131,52198.184
0.16128999,0.021658298,0.131,52136.875
0.15875,0.020128164,0.131,52080.797
0.15621001,0.018698405,0.131,52030.793
0.15367,0.017455135,0.131,51986.758
0.15112999,0.016374029,0.131,51947.938
0.14859,0.01543394,0.131,51913.75
0.14604999,0.014616469,0.131,51883.539
0.14351,0.013905625,0.131,51856.707
0.14096999,0.0132875,0.131,51832.793
0.13843,0.01275,0.131,51811.332
0.25272998,0.078296125,0.131,52577.324
0.25018999,0.076765373,0.131,52569.566
0.24765,0.075234622,0.131,52560.461
0.24510999,0.07370387,0.131,52549.984
0.24257,0.072173119,0.131,52538.691
0.24002999,0.070642367,0.131,52527.043
0.23749,0.069111615,0.131,52515.48
0.23495001,0.067580864,0.131,52504.348
0.23241,0.066050112,0.131,52494.078
0.22986999,0.064519361,0.131,52485.383
0.22733,0.062988609,0.131,52479.172
0.22478999,0.061457854,0.131,52476.469
0.22225,0.059927102,0.131,52478.207
0.21971001,0.058396351,0.131,52485.293
0.21717,0.056865599,0.131,52498.484
0.21463001,0.055334844,0.131,52518.145
0.21209,0.053804092,0.131,52543.941
0.20954999,0.052273341,0.131,52575.129
0.20701,0.050742589,0.131,52610.41
0.20446999,0.049211837,0.131,52648.172
0.20193,0.047681086,0.131,52686.414
0.19938999,0.046150334,0.131,52722.66
0.19685,0.044619579,0.131,52753.66
0.19431001,0.043088827,0.131,52776.031
0.19177,0.041558076,0.131,52786.656
0.18923,0.040027324,0.131,52783.512
0.18669,0.038496573,0.131,52766.035
0.18415,0.036965817,0.131,52734.52
0.18161,0.035435066,0.131,52690.113
0.17907001,0.033904314,0.131,52634.523
0.17653,0.032373562,0.131,52569.902
0.17399001,0.030842811,0.131,52499.18
0.17144999,0.029312057,0.131,52425.188
0.16891,0.027781306,0.131,52350.918
0.16636999,0.026250554,0.131,52278.457
0.16383,0.024719801,0.131,52209.773
0.16128999,0.023189049,0.131,52145.773
0.15875,0.021658298,0.131,52087.512
0.15621001,0.020128164,0.131,52035.059
0.15367,0.018698405,0.131,51988.922
0.15112999,0.017455135,0.131,51948.754
0.14859,0.016374029,0.131,51913.68
0.14604999,0.01543394,0.131,51882.945
0.14351,0.014616469,0.131,51855.879
0.14096999,0.013905625,0.131,51831.848
0.13843,0.0132875,0.131,51810.41
0.13589001,0.01275,0.131,51791.133
0.25272998,0.079826877,0.131,52576.797
0.25018999,0.078296125,0.131,52569.34
0.24765,0.076765373,0.131,52560.461
0.24510999,0.075234622,0.131,52550.082
0.24257,0.07370387,0.131,52538.723
0.24002999,0.072173119,0.131,52526.836
0.23749,0.070642367,0.131,52514.891
0.23495001,0.069111615,0.131,52503.234
0.23241,0.067580864,0.131,52492.328
0.22986999,0.066050112,0.131,52482.832
0.22733,0.064519361,0.131,52475.699
0.22478999,0.062988609,0.131,52471.867
0.22225,0.061457854,0.131,52472.367
0.21971001,0.059927102,0.131,52478.062
0.21717,0.058396351,0.131,52489.844
0.21463001,0.056865599,0.131,52508.18
0.21209,0.055334844,0.131,52532.91
0.20954999,0.053804092,0.131,52563.441
0.20701,0.052273341,0.131,52598.68
0.20446999,0.050742589,0.131,52637.047
0.20193,0.049211837,0.131,52676.68
0.19938999,0.047681086,0.131,52715.078
0.19685,0.046150334,0.131,52749.176
0.19431001,0.044619579,0.131,52775.359
0.19177,0.043088827,0.131,52790.453
0.18923,0.041558076,0.131,52791.891
0.18669,0.040027324,0.131,52778.688
0.18415,0.038496573,0.131,52750.797
0.18161,0.036965817,0.131,52709.145
0.17907001,0.035435066,0.131,52655.172
0.17653,0.033904314,0.131,52591.148
0.17399001,0.032373562,0.131,52519.84
0.17144999,0.030842811,0.131,52444.531
0.16891,0.029312057,0.131,52368.121
0.16636999,0.027781306,0.131,52293.336
0.16383,0.026250554,0.131,52221.953
0.16128999,0.024719801,0.131,52155.523
0.15875,0.023189049,0.131,52094.699
0.15621001,0.021658298,0.131,52040.172
0.15367,0.020128164,0.131,51991.863
0.15112999,0.018698405,0.131,51949.941
0.14859,0.017455135,0.131,51913.785
0.14604999,0.016374029,0.131,51882.406
0.14351,0.01543394,0.131,51854.969
0.14096999,0.014616469,0.131,51830.828
0.13843,0.013905625,0.131,51809.355
0.13589001,0.0132875,0.131,51790.152
0.13335,0.01275,0.131,51772.848
0.12827,0.01275,0.131,51741.289
0.25272998,0.081357636,0.131,52576.027
0.25018999,0.079826877,0.131,52568.891
0.24765,0.078296125,0.131,52560.289
0.24510999,0.076765373,0.131,52550.082
0.24257,0.075234622,0.131,52538.734
0.24002999,0.07370387,0.131,52526.695
0.23749,0.072173119,0.131,52514.434
0.23495001,0.070642367,0.131,52502.332
0.23241,0.069111615,0.131,52490.84
0.22986999,0.067580864,0.131,52480.645
0.22733,0.066050112,0.131,52472.641
0.22478999,0.064519361,0.131,52467.812
0.22225,0.062988609,0.131,52467.145
0.21971001,0.061457854,0.131,52471.559
0.21717,0.059927102,0.131,52481.969
0.21463001,0.058396351,0.131,52499.004
0.21209,0.056865599,0.131,52522.594
0.20954999,0.055334844,0.131,52552.355
0.20701,0.053804092,0.131,52587.336
0.20446999,0.052273341,0.131,52626.113
0.20193,0.050742589,0.131,52666.82
0.19938999,0.049211837,0.131,52707.121
0.19685,0.047681086,0.131,52743.906
0.19431001,0.046150334,0.131,52773.699
0.19177,0.044619579,0.131,52792.891
0.18923,0.043088827,0.131,52798.852
0.18669,0.041558076,0.131,52790.062
0.18415,0.040027324,0.131,52766.18
0.18161,0.038496573,0.131,52727.52
0.17907001,0.036965817,0.131,52675.621
0.17653,0.035435066,0.131,52612.438
0.17399001,0.033904314,0.131,52540.953
0.17144999,0.032373562,0.131,52464.391
0.16891,0.030842811,0.131,52386.121
0.16636999,0.029312057,0.131,52308.867
0.16383,0.027781306,0.131,52234.969
0.16128999,0.026250554,0.131,52165.84
0.15875,0.024719801,0.131,52102.633
0.15621001,0.023189049,0.131,52045.734
0.15367,0.021658298,0.131,51995.508
0.15112999,0.020128164,0.131,51951.707
0.14859,0.018698405,0.131,51914.141
0.14604999,0.017455135,0.131,51881.926
0.14351,0.016374029,0.131,51854.059
0.14096999,0.01543394,0.131,51829.691
0.13843,0.014616469,0.131,51808.207
0.13589001,0.013905625,0.131,51789.023
0.13335,0.0132875,0.131,51771.832
0.13080999,0.01275,0.131,51756.293
0.12827,0.0132875,0.131,51740.273
0.25272998,0.082888387,0.131,52575.039
0.25018999,0.081357636,0.131,52568.238
0.24765,0.079826877,0.131,52559.953
0.24510999,0.078296125,0.131,52549.98
0.24257,0.076765373,0.131,52538.734
0.24002999,0.075234622,0.131,52526.621
0.23749,0.07370387,0.131,52514.125
0.23495001,0.072173119,0.131,52501.641
0.23241,0.070642367,0.131,52489.641
0.22986999,0.069111615,0.131,52478.801
0.22733,0.067580864,0.131,52470.031
0.22478999,0.066050112,0.131,52464.273
0.22225,0.064519361,0.131,52462.551
0.21971001,0.062988609,0.131,52465.762
0.21717,0.061457854,0.131,52474.879
0.21463001,0.059927102,0.131,52490.633
0.21209,0.058396351,0.131,52513.066
0.20954999,0.056865599,0.131,52541.938
0.20701,0.055334844,0.131,52576.512
0.20446999,0.053804092,0.131,52615.449
0.20193,0.052273341,0.131,52657.012
0.19938999,0.050742589,0.131,52698.867
0.19685,0.049211837,0.131,52738.078
0.19431001,0.047681086,0.131,52771.043
0.19177,0.046150334,0.131,52794.312
0.18923,0.044619579,0.131,52804.668
0.18669,0.043088827,0.131,52800.305
0.18415,0.041558076,0.131,52780.402
0.18161,0.040027324,0.131,52745.133
0.17907001,0.038496573,0.131,52695.594
0.17653,0.036965817,0.131,52633.691
0.17399001,0.035435066,0.131,52562.262
0.17144999,0.033904314,0.131,52484.793
0.16891,0.032373562,0.131,52404.699
0.16636999,0.030842811,0.131,52325.18
0.16383,0.029312057,0.131,52248.621
0.16128999,0.027781306,0.131,52176.914
0.15875,0.026250554,0.131,52111.102
0.15621001,0.024719801,0.131,52051.949
0.15367,0.023189049,0.131,51999.586
0.15112999,0.021658298,0.131,51954.043
0.14859,0.020128164,0.131,51914.898
0.14604999,0.018698405,0.131,51881.613
0.14351,0.017455135,0.131,51853.129
0.14096999,0.016374029,0.131,51828.508
0.13843,0.01543394,0.131,51806.91
0.13589001,0.014616469,0.131,51787.789
0.13335,0.013905625,0.131,51770.66
0.13080999,0.0132875,0.131,51755.262
0.12827,0.013905625,0.131,51739.109
0.25272998,0.084419131,0.131,52573.875
0.25018999,0.082888387,0.131,52567.402
0.24765,0.081357636,0.131,52559.461
0.24510999,0.079826877,0.131,52549.785
0.24257,0.078296125,0.131,52538.715
0.24002999,0.076765373,0.131,52526.621
0.23749,0.075234622,0.131,52513.969
0.23495001,0.07370387,0.131,52501.176
0.23241,0.072173119,0.131,52488.73
0.22986999,0.070642367,0.131,52477.328
0.22733,0.069111615,0.131,52467.836
0.22478999,0.067580864,0.131,52461.273
0.22225,0.066050112,0.131,52458.551
0.21971001,0.064519361,0.131,52460.68
0.21717,0.062988609,0.131,52468.57
0.21463001,0.061457854,0.131,52483.086
0.21209,0.059927102,0.131,52504.352
0.20954999,0.058396351,0.131,52532.273
0.20701,0.056865599,0.131,52566.27
0.20446999,0.055334844,0.131,52605.188
0.20193,0.053804092,0.131,52647.336
0.19938999,0.052273341,0.131,52690.5
0.19685,0.050742589,0.131,52731.742
0.19431001,0.049211837,0.131,52767.652
0.19177,0.047681086,0.131,52794.484
0.18923,0.046150334,0.131,52809.316
0.18669,0.044619579,0.131,52809.137
0.18415,0.043088827,0.131,52793.438
0.18161,0.041558076,0.131,52761.758
0.17907001,0.040027324,0.131,52714.965
0.17653,0.038496573,0.131,52654.668
0.17399001,0.036965817,0.131,52583.695
0.17144999,0.035435066,0.131,52505.523
0.16891,0.033904314,0.131,52423.883
0.16636999,0.032373562,0.131,52342.102
0.16383,0.030842811,0.131,52263.023
0.16128999,0.029312057,0.131,52188.598
0.15875,0.027781306,0.131,52120.25
0.15621001,0.026250554,0.131,52058.668
0.15367,0.024719801,0.131,52004.234
0.15112999,0.023189049,0.131,51956.805
0.14859,0.021658298,0.131,51916.117
0.14604999,0.020128164,0.131,51881.539
0.14351,0.018698405,0.131,51852.293
0.14096999,0.017455135,0.131,51827.242
0.13843,0.016374029,0.131,51805.531
0.13589001,0.01543394,0.131,51786.387
0.13335,0.014616469,0.131,51769.371
0.13080999,0.013905625,0.131,51754.074
0.12827,0.014616469,0.131,51737.82
0.25272998,0.08594989,0.131,52572.566
0.25018999,0.084419131,0.131,52566.41
0.24765,0.082888387,0.131,52558.832
0.24510999,0.081357636,0.131,52549.5
0.24257,0.079826877,0.131,52538.684
0.24002999,0.078296125,0.131,52526.688
0.23749,0.076765373,0.131,52513.969
0.23495001,0.075234622,0.131,52500.941
0.23241,0.07370387,0.131,52488.121
0.22986999,0.072173119,0.131,52476.203
0.22733,0.070642367,0.131,52466.094
0.22478999,0.069111615,0.131,52458.723
0.22225,0.067580864,0.131,52455.148
0.21971001,0.066050112,0.131,52456.273
0.21717,0.064519361,0.131,52463.039
0.21463001,0.062988609,0.131,52476.363
0.21209,0.061457854,0.131,52496.48
0.20954999,0.059927102,0.131,52523.398
0.20701,0.058396351,0.131,52556.711
0.20446999,0.056865599,0.131,52595.402
0.20193,0.055334844,0.131,52637.934
0.19938999,0.053804092,0.131,52682.098
0.19685,0.052273341,0.131,52725.109
0.19431001,0.050742589,0.131,52763.5
0.19177,0.049211837,0.131,52793.734
0.18923,0.047681086,0.131,52812.359
0.18669,0.046150334,0.131,52816.719
0.18415,0.044619579,0.131,52805.148
0.18161,0.043088827,0.131,52777.277
0.17907001,0.041558076,0.131,52733.512
0.17653,0.040027324,0.131,52675.223
0.17399001,0.038496573,0.131,52605.023
0.17144999,0.036965817,0.131,52526.508
0.16891,0.035435066,0.131,52443.492
0.16636999,0.033904314,0.131,52359.664
0.16383,0.032373562,0.131,52278.047
0.16128999,0.030842811,0.131,52200.984
0.15875,0.029312057,0.131,52129.98
0.15621001,0.027781306,0.131,52066.0
0.15367,0.026250554,0.131,52009.359
0.15112999,0.024719801,0.131,51960.07
0.14859,0.023189049,0.131,51917.754
0.14604999,0.021658298,0.131,51881.848
0.14351,0.020128164,0.131,51851.57
0.14096999,0.018698405,0.131,51826.0
0.13843,0.017455135,0.131,51804.027
0.13589001,0.016374029,0.131,51784.879
0.13335,0.01543394,0.131,51767.906
0.13080999,0.014616469,0.131,51752.762
0.12827,0.01543394,0.131,51736.375
0.25272998,0.087480649,0.131,52571.168
0.25018999,0.08594989,0.131,52565.289
0.24765,0.084419131,0.131,52558.082
0.24510999,0.082888387,0.131,52549.133
0.24257,0.081357636,0.131,52538.633
0.24002999,0.079826877,0.131,52526.824
0.23749,0.078296125,0.131,52514.121
0.23495001,0.076765373,0.131,52500.941
0.23241,0.075234622,0.131,52487.812
0.22986999,0.07370387,0.131,52475.453
0.22733,0.072173119,0.131,52464.77
0.22478999,0.070642367,0.131,52456.727
0.22225,0.069111615,0.131,52452.246
0.21971001,0.067580864,0.131,52452.562
0.21717,0.066050112,0.131,52458.27
0.21463001,0.064519361,0.131,52470.469
0.21209,0.062988609,0.131,52489.457
0.20954999,0.061457854,0.131,52515.359
0.20701,0.059927102,0.131,52547.883
0.20446999,0.058396351,0.131,52586.195
0.20193,0.056865599,0.131,52628.871
0.19938999,0.055334844,0.131,52673.812
0.19685,0.053804092,0.131,52718.238
0.19431001,0.052273341,0.131,52758.859
0.19177,0.050742589,0.131,52792.023
0.18923,0.049211837,0.131,52814.305
0.18669,0.047681086,0.131,52822.781
0.18415,0.046150334,0.131,52815.535
0.18161,0.044619579,0.131,52791.551
0.17907001,0.043088827,0.131,52751.086
0.17653,0.041558076,0.131,52695.133
0.17399001,0.040027324,0.131,52626.109
0.17144999,0.038496573,0.131,52547.551
0.16891,0.036965817,0.131,52463.473
0.16636999,0.035435066,0.131,52377.73
0.16383,0.033904314,0.131,52293.719
0.16128999,0.032373562,0.131,52213.988
0.15875,0.030842811,0.131,52140.363
0.15621001,0.029312057,0.131,52073.883
0.15367,0.027781306,0.131,52015.043
0.15112999,0.026250554,0.131,51963.805
0.14859,0.024719801,0.131,51919.84
0.14604999,0.023189049,0.131,51882.543
0.14351,0.021658298,0.131,51851.141
0.14096999,0.020128164,0.131,51824.785
0.13843,0.018698405,0.131,51802.5
0.13589001,0.017455135,0.131,51783.219
0.13335,0.016374029,0.131,51766.324
0.13080999,0.01543394,0.131,51751.281
0.12827,0.016374029,0.131,51734.812
0.25272998,0.089011393,0.131,52569.727
0.25018999,0.087480649,0.131,52564.086
0.24765,0.08594989,0.131,52557.234
0.24510999,0.084419131,0.131,52548.695
0.24257,0.082888387,0.131,52538.57
0.24002999,0.081357636,0.131,52527.027
0.23749,0.079826877,0.131,52514.426
0.23495001,0.078296125,0.131,52501.172
0.23241,0.076765373,0.131,52487.812
0.22986999,0.075234622,0.131,52475.074
0.22733,0.07370387,0.131,52463.887
0.22478999,0.072173119,0.131,52455.199
0.22225,0.070642367,0.131,52450.016
0.21971001,0.069111615,0.131,52449.445
0.21717,0.067580864,0.131,52454.277
0.21463001,0.066050112,0.131,52465.375
0.21209,0.064519361,0.131,52483.285
0.20954999,0.062988609,0.131,52508.16
0.20701,0.061457854,0.131,52539.84
0.20446999,0.059927102,0.131,52577.625
0.20193,0.058396351,0.131,52620.262
0.19938999,0.056865599,0.131,52665.715
0.19685,0.055334844,0.131,52711.312
0.19431001,0.053804092,0.131,52753.781
0.19177,0.052273341,0.131,52789.57
0.18923,0.050742589,0.131,52815.293
0.18669,0.049211837,0.131,52827.816
0.18415,0.047681086,0.131,52824.496
0.18161,0.046150334,0.131,52804.504
0.17907001,0.044619579,0.131,52767.52
0.17653,0.043088827,0.131,52714.242
0.17399001,0.041558076,0.131,52646.742
0.17144999,0.040027324,0.131,52568.527
0.16891,0.038496573,0.131,52483.652
0.16636999,0.036965817,0.131,52396.25
0.16383,0.035435066,0.131,52309.941
0.16128999,0.033904314,0.131,52227.633
0.15875,0.032373562,0.131,52151.348
0.15621001,0.030842811,0.131,52082.363
0.15367,0.029312057,0.131,52021.246
0.15112999,0.027781306,0.131,51968.039
0.14859,0.026250554,0.131,51922.379
0.14604999,0.024719801,0.131,51883.652
0.14351,0.023189049,0.131,51851.098
0.14096999,0.021658298,0.131,51823.801
0.13843,0.020128164,0.131,51800.938
0.13589001,0.018698405,0.131,51781.508
0.13335,0.017455135,0.131,51764.582
0.13080999,0.016374029,0.131,51749.68
0.12827,0.017455135,0.131,51733.125
0.25272998,0.090542138,0.131,52568.297
0.25018999,0.089011393,0.131,52562.836
0.24765,0.087480649,0.131,52556.32
0.24510999,0.08594989,0.131,52548.199
0.24257,0.084419131,0.131,52538.5
0.24002999,0.082888387,0.131,52527.289
0.23749,0.081357636,0.131,52514.875
0.23495001,0.079826877,0.131,52501.633
0.23241,0.078296125,0.131,52488.113
0.22986999,0.076765373,0.131,52475.074
0.22733,0.075234622,0.131,52463.434
0.22478999,0.07370387,0.131,52454.211
0.22225,0.072173119,0.131,52448.273
0.21971001,0.070642367,0.131,52447.023
0.21717,0.069111615,0.131,52451.012
0.21463001,0.067580864,0.131,52461.074
0.21209,0.066050112,0.131,52477.945
0.20954999,0.064519361,0.131,52501.816
0.20701,0.062988609,0.131,52532.605
0.20446999,0.061457854,0.131,52569.754
0.20193,0.059927102,0.131,52612.16
0.19938999,0.058396351,0.131,52657.926
0.19685,0.056865599,0.131,52704.398
0.19431001,0.055334844,0.131,52748.422
0.19177,0.053804092,0.131,52786.508
0.18923,0.052273341,0.131,52815.141
0.18669,0.050742589,0.131,52831.539
0.18415,0.049211837,0.131,52832.051
0.18161,0.047681086,0.131,52816.035
0.17907001,0.046150334,0.131,52782.688
0.17653,0.044619579,0.131,52732.352
0.17399001,0.043088827,0.131,52666.754
0.17144999,0.041558076,0.131,52589.234
0.16891,0.040027324,0.131,52503.922
0.16636999,0.038496573,0.131,52415.098
0.16383,0.036965817,0.131,52326.684
0.16128999,0.035435066,0.131,52241.863
0.15875,0.033904314,0.131,52162.957
0.15621001,0.032373562,0.131,52091.434
0.15367,0.030842811,0.131,52028.016
0.15112999,0.029312057,0.131,51972.785
0.14859,0.027781306,0.131,51925.387
0.14604999,0.026250554,0.131,51885.203
0.14351,0.024719801,0.131,51851.426
0.14096999,0.023189049,0.131,51823.207
0.13843,0.021658298,0.131,51799.57
0.13589001,0.020128164,0.131,51779.734
0.13335,0.018698405,0.131,51762.781
0.13080999,0.017455135,0.131,51747.926
0.12827,0.018698405,0.131,51731.418
0.25272998,0.092072897,0.131,52566.941
0.25018999,0.090542138,0.131,52561.59
0.24765,0.089011393,0.131,52555.367
0.24510999,0.087480649,0.131,52547.672
0.24257,0.08594989,0.131,52538.422
0.24002999,0.084419131,0.131,52527.613
0.23749,0.082888387,0.131,52515.465
0.23495001,0.081357636,0.131,52502.32
0.23241,0.079826877,0.131,52488.723
0.22986999,0.078296125,0.131,52475.449
0.22733,0.076765373,0.131,52463.434
0.22478999,0.075234622,0.131,52453.691
0.22225,0.07370387,0.131,52447.211
0.21971001,0.072173119,0.131,52445.078
0.21717,0.070642367,0.131,52448.465
0.21463001,0.069111615,0.131,52457.547
0.21209,0.067580864,0.131,52473.422
0.20954999,0.066050112,0.131,52496.316
0.20701,0.064519361,0.131,52526.199
0.20446999,0.062988609,0.131,52562.621
0.20193,0.061457854,0.131,52604.648
0.19938999,0.059927102,0.131,52650.5
0.19685,0.058396351,0.131,52697.625
0.19431001,0.056865599,0.131,52742.879
0.19177,0.055334844,0.131,52782.895
0.18923,0.053804092,0.131,52814.211
0.18669,0.052273341,0.131,52833.715
0.18415,0.050742589,0.131,52838.258
0.18161,0.049211837,0.131,52826.047
0.17907001,0.047681086,0.131,52796.473
0.17653,0.046150334,0.131,52749.32
0.17399001,0.044619579,0.131,52685.953
0.17144999,0.043088827,0.131,52609.52
0.16891,0.041558076,0.131,52524.109
0.16636999,0.040027324,0.131,52434.172
0.16383,0.038496573,0.131,52343.855
0.16128999,0.036965817,0.131,52256.656
0.15875,0.035435066,0.131,52175.172
0.15621001,0.033904314,0.131,52101.113
0.15367,0.032373562,0.131,52035.355
0.15112999,0.030842811,0.131,51978.062
0.14859,0.029312057,0.131,51928.898
0.14604999,0.027781306,0.131,51887.211
0.14351,0.026250554,0.131,51852.207
0.14096999,0.024719801,0.131,51822.961
0.13843,0.023189049,0.131,51798.598
0.13589001,0.021658298,0.131,51778.145
0.13335,0.020128164,0.131,51760.918
0.13080999,0.018698405,0.131,51746.129
0.12827,0.020128164,0.131,51729.727
0.25272998,0.093603656,0.131,52565.715
0.25018999,0.092072897,0.131,52560.391
0.24765,0.090542138,0.131,52554.414
0.24510999,0.089011393,0.131,52547.121
0.24257,0.087480649,0.131,52538.348
0.24002999,0.08594989,0.131,52527.988
0.23749,0.084419131,0.131,52516.184
0.23495001,0.082888387,0.131,52503.219
0.23241,0.081357636,0.131,52489.633
0.22986999,0.079826877,0.131,52476.195
0.22733,0.078296125,0.131,52463.887
0.22478999,0.076765373,0.131,52453.691
0.22225,0.075234622,0.131,52446.656
0.21971001,0.07370387,0.131,52443.93
0.21717,0.072173119,0.131,52446.559
0.21463001,0.070642367,0.131,52454.766
0.21209,0.069111615,0.131,52469.688
0.20954999,0.067580864,0.131,52491.648
0.20701,0.066050112,0.131,52520.621
0.20446999,0.064519361,0.131,52556.27
0.20193,0.062988609,0.131,52597.773
0.19938999,0.061457854,0.131,52643.535
0.19685,0.059927102,0.131,52691.062
0.19431001,0.058396351,0.131,52737.281
0.19177,0.056865599,0.131,52778.875
0.18923,0.055334844,0.131,52812.477
0.18669,0.053804092,0.131,52834.875
0.18415,0.052273341,0.131,52843.055
0.18161,0.050742589,0.131,52834.641
0.17907001,0.049211837,0.131,52808.793
0.17653,0.047681086,0.131,52764.996
0.17399001,0.046150334,0.131,52704.188
0.17144999,0.044619579,0.131,52629.199
0.16891,0.043088827,0.131,52544.074
0.16636999,0.041558076,0.131,52453.336
0.16383,0.040027324,0.131,52361.379
0.16128999,0.038496573,0.131,52271.961
0.15875,0.036965817,0.131,52187.984
0.15621001,0.035435066,0.131,52111.406
0.15367,0.033904314,0.131,52043.293
0.15112999,0.032373562,0.131,51983.91
0.14859,0.030842811,0.131,51932.938
0.14604999,0.029312057,0.131,51889.727
0.14351,0.027781306,0.131,51853.438
0.14096999,0.026250554,0.131,51823.188
0.13843,0.024719801,0.131,51797.988
0.13589001,0.023189049,0.131,51776.977
0.13335,0.021658298,0.131,51759.258
0.13080999,0.020128164,0.131,51744.293
0.12827,0.021658298,0.131,51728.344
0.25272998,0.0951344,0.131,52564.688
0.25018999,0.093603656,0.131,52559.297
0.24765,0.092072897,0.131,52553.5
0.24510999,0.090542138,0.131,52546.582
0.24257,0.089011393,0.131,52538.285
0.24002999,0.087480649,0.131,52528.422
0.23749,0.08594989,0.131,52517.023
0.23495001,0.084419131,0.131,52504.328
0.23241,0.082888387,0.131,52490.824
0.22986999,0.081357636,0.131,52477.316
0.22733,0.079826877,0.131,52464.766
0.22478999,0.078296125,0.131,52454.207
0.22225,0.076765373,0.131,52446.656
0.21971001,0.075234622,0.131,52443.184
0.21717,0.07370387,0.131,52445.277
0.21463001,0.072173119,0.131,52452.707
0.21209,0.070642367,0.131,52466.727
0.20954999,0.069111615,0.131,52487.797
0.20701,0.067580864,0.131,52515.879
0.20446999,0.066050112,0.131,52550.711
0.20193,0.064519361,0.131,52591.602
0.19938999,0.062988609,0.131,52637.09
0.19685,0.061457854,0.131,52684.816
0.19431001,0.059927102,0.131,52731.738
0.19177,0.058396351,0.131,52774.605
0.18923,0.056865599,0.131,52810.141
0.18669,0.055334844,0.131,52835.105
0.18415,0.053804092,0.131,52846.715
0.18161,0.052273341,0.131,52841.758
0.17907001,0.050742589,0.131,52819.582
0.17653,0.049211837,0.131,52779.297
0.17399001,0.047681086,0.131,52721.309
0.17144999,0.046150334,0.131,52648.121
0.16891,0.044619579,0.131,52563.652
0.16636999,0.043088827,0.131,52472.473
0.16383,0.041558076,0.131,52379.156
0.16128999,0.040027324,0.131,52287.727
0.15875,0.038496573,0.131,52201.375
0.15621001,0.036965817,0.131,52122.324
0.15367,0.035435066,0.131,52051.855
0.15112999,0.033904314,0.131,51990.352
0.14859,0.032373562,0.131,51937.547
0.14604999,0.030842811,0.131,51892.777
0.14351,0.029312057,0.131,51855.203
0.14096999,0.027781306,0.131,51823.879
0.13843,0.026250554,0.131,51797.875
0.13589001,0.024719801,0.131,51776.195
0.13335,0.023189049,0.131,51758.051
0.13080999,0.021658298,0.131,51742.707
0.12827,0.023189049,0.131,51727.504
0.25272998,0.096665144,0.131,52563.914
0.25018999,0.0951344,0.131,52558.363
0.24765,0.093603656,0.131,52552.672
0.24510999,0.092072897,0.131,52546.078
0.24257,0.090542138,0.131,52538.258
0.24002999,0.089011393,0.131,52528.91
0.23749,0.087480649,0.131,52517.984
0.23495001,0.08594989,0.131,52505.629
0.23241,0.084419131,0.131,52492.309
0.22986999,0.082888387,0.131,52478.789
0.22733,0.081357636,0.131,52466.086
0.22478999,0.079826877,0.131,52455.195
0.22225,0.078296125,0.131,52447.207
0.21971001,0.076765373,0.131,52443.184
0.21717,0.075234622,0.131,52444.629
0.21463001,0.07370387,0.131,52451.344
0.21209,0.072173119,0.131,52464.516
0.20954999,0.070642367,0.131,52484.742
0.20701,0.069111615,0.131,52511.953
0.20446999,0.067580864,0.131,52545.965
0.20193,0.066050112,0.131,52586.16
0.19938999,0.064519361,0.131,52631.234
0.19685,0.062988609,0.131,52678.953
0.19431001,0.061457854,0.131,52726.355
0.19177,0.059927102,0.131,52770.199
0.18923,0.058396351,0.131,52807.336
0.18669,0.056865599,0.131,52834.625
0.18415,0.055334844,0.131,52849.43
0.18161,0.053804092,0.131,52847.52
0.17907001,0.052273341,0.131,52828.84
0.17653,0.050742589,0.131,52792.145
0.17399001,0.049211837,0.131,52737.199
0.17144999,0.047681086,0.131,52666.129
0.16891,0.046150334,0.131,52582.695
0.16636999,0.044619579,0.131,52491.441
0.16383,0.043088827,0.131,52397.078
0.16128999,0.041558076,0.131,52303.883
0.15875,0.040027324,0.131,52215.312
0.15621001,0.038496573,0.131,52133.875
0.15367,0.036965817,0.131,52061.066
0.15112999,0.035435066,0.131,51997.438
0.14859,0.033904314,0.131,51942.77
0.14604999,0.032373562,0.131,51896.426
0.14351,0.030842811,0.131,51857.527
0.14096999,0.029312057,0.131,51825.141
0.13843,0.027781306,0.131,51798.262
0.13589001,0.026250554,0.131,51775.949
0.13335,0.024719801,0.131,51757.281
0.13080999,0.023189049,0.131,51741.617
0.12827,0.024719801,0.131,51727.223
0.25272998,0.09819591,0.131,52563.465
0.25018999,0.096665144,0.131,52557.645
0.24765,0.0951344,0.131,52551.977
0.24510999,0.093603656,0.131,52545.656
0.24257,0.092072897,0.131,52538.281
0.24002999,0.090542138,0.131,52529.469
0.23749,0.089011393,0.131,52519.059
0.23495001,0.087480649,0.131,52507.121
0.23241,0.08594989,0.131,52494.055
0.22986999,0.084419131,0.131,52480.629
0.22733,0.082888387,0.131,52467.82
0.22478999,0.081357636,0.131,52456.719
0.22225,0.079826877,0.131,52448.273
0.21971001,0.078296125,0.131,52443.93
0.21717,0.076765373,0.131,52444.633
0.21463001,0.075234622,0.131,52450.68
0.21209,0.07370387,0.131,52463.055
0.20954999,0.072173119,0.131,52482.469
0.20701,0.070642367,0.131,52508.836
0.20446999,0.069111615,0.131,52542.02
0.20193,0.067580864,0.131,52581.48
0.19938999,0.066050112,0.131,52626.02
0.19685,0.064519361,0.131,52673.559
0.19431001,0.062988609,0.131,52721.211
0.19177,0.061457854,0.131,52765.781
0.18923,0.059927102,0.131,52804.184
0.18669,0.058396351,0.131,52833.391
0.18415,0.056865599,0.131,52850.668
0.18161,0.055334844,0.131,52851.965
0.17907001,0.053804092,0.131,52836.547
0.17653,0.052273341,0.131,52803.504
0.17399001,0.050742589,0.131,52751.77
0.17144999,0.049211837,0.131,52683.098
0.16891,0.047681086,0.131,52601.059
0.16636999,0.046150334,0.131,52510.102
0.16383,0.044619579,0.131,52415.039
0.16128999,0.043088827,0.131,52320.352
0.15875,0.041558076,0.131,52229.766
0.15621001,0.040027324,0.131,52146.055
0.15367,0.038496573,0.131,52070.961
0.15112999,0.036965817,0.131,52005.203
0.14859,0.035435066,0.131,51948.668
0.14604999,0.033904314,0.131,51900.719
0.14351,0.032373562,0.131,51860.492
0.14096999,0.030842811,0.131,51827.004
0.13843,0.029312057,0.131,51799.266
0.13589001,0.027781306,0.131,51776.254
0.13335,0.026250554,0.131,51757.094
0.13080999,0.024719801,0.131,51741.02
0.12827,0.026250554,0.131,51727.613
0.25272998,0.099726662,0.131,52563.402
0.25018999,0.09819591,0.131,52557.207
0.24765,0.096665144,0.131,52551.469
0.24510999,0.0951344,0.131,52545.344
0.24257,0.093603656,0.131,52538.391
0.24002999,0.092072897,0.131,52530.109
0.23749,0.090542138,0.131,52520.254
0.23495001,0.089011393,0.131,52508.789
0.23241,0.087480649,0.131,52496.074
0.22986999,0.08594989,0.131,52482.812
0.22733,0.084419131,0.131,52470.016
0.22478999,0.082888387,0.131,52458.711
0.22225,0.081357636,0.131,52450.012
0.21971001,0.079826877,0.131,52445.078
0.21717,0.078296125,0.131,52445.281
0.21463001,0.076765373,0.131,52450.68
0.21209,0.075234622,0.131,52462.332
0.20954999,0.07370387,0.131,52480.965
0.20701,0.072173119,0.131,52506.512
0.20446999,0.070642367,0.131,52538.887
0.20193,0.069111615,0.131,52577.578
0.19938999,0.067580864,0.131,52621.492
0.19685,0.066050112,0.131,52668.684
0.19431001,0.064519361,0.131,52716.387
0.19177,0.062988609,0.131,52761.426
0.18923,0.061457854,0.131,52800.801
0.18669,0.059927102,0.131,52831.551
0.18415,0.058396351,0.131,52850.934
0.18161,0.056865599,0.131,52855.141
0.17907001,0.055334844,0.131,52842.824
0.17653,0.053804092,0.131,52813.383
0.17399001,0.052273341,0.131,52764.953
0.17144999,0.050742589,0.131,52698.926
0.16891,0.049211837,0.131,52618.609
0.16636999,0.047681086,0.131,52528.324
0.16383,0.046150334,0.131,52432.918
0.16128999,0.044619579,0.131,52337.051
0.15875,0.043088827,0.131,52244.688
0.15621001,0.041558076,0.131,52158.859
0.15367,0.040027324,0.131,52081.555
0.15112999,0.038496573,0.131,52013.699
0.14859,0.036965817,0.131,51955.281
0.14604999,0.035435066,0.131,51905.73
0.14351,0.033904314,0.131,51864.148
0.14096999,0.032373562,0.131,51829.562
0.13843,0.030842811,0.131,51800.922
0.13589001,0.029312057,0.131,51777.223
0.13335,0.027781306,0.131,51757.512
0.13080999,0.026250554,0.131,51741.051
0.12827,0.027781306,0.131,51728.723
0.25272998,0.10125741,0.131,52563.805
0.25018999,0.099726662,0.131,52557.113
0.24765,0.09819591,0.131,52551.203
0.24510999,0.096665144,0.131,52545.207
0.24257,0.0951344,0.131,52538.613
0.24002999,0.093603656,0.131,52530.855
0.23749,0.092072897,0.131,52521.57
0.23495001,0.090542138,0.131,52510.648
0.23241,0.089011393,0.131,52498.344
0.22986999,0.087480649,0.131,52485.355
0.22733,0.08594989,0.131,52472.621
0.22478999,0.084419131,0.131,52461.258
0.22225,0.082888387,0.131,52452.238
0.21971001,0.081357636,0.131,52447.02
0.21717,0.079826877,0.131,52446.562
0.21463001,0.078296125,0.131,52451.348
0.21209,0.076765373,0.131,52462.336
0.20954999,0.075234622,0.131,52480.215
0.20701,0.07370387,0.131,52504.973
0.20446999,0.072173119,0.131,52536.547
0.20193,0.070642367,0.131,52574.461
0.19938999,0.069111615,0.131,52617.684
0.19685,0.067580864,0.131,52664.391
0.19431001,0.066050112,0.131,52711.941
0.19177,0.064519361,0.131,52757.242
0.18923,0.062988609,0.131,52797.285
0.18669,0.061457854,0.131,52829.266
0.18415,0.059927102,0.131,52850.41
0.18161,0.058396351,0.131,52857.254
0.17907001,0.056865599,0.131,52847.832
0.17653,0.055334844,0.131,52821.789
0.17399001,0.053804092,0.131,52776.73
0.17144999,0.052273341,0.131,52713.535
0.16891,0.050742589,0.131,52635.23
0.16636999,0.049211837,0.131,52545.977
0.16383,0.047681086,0.131,52450.594
0.16128999,0.046150334,0.131,52353.883
0.15875,0.044619579,0.131,52260.02
0.15621001,0.043088827,0.131,52172.266
0.15367,0.041558076,0.131,52092.875
0.15112999,0.040027324,0.131,52022.965
0.14859,0.038496573,0.131,51962.688
0.14604999,0.036965817,0.131,51911.512
0.14351,0.035435066,0.131,51868.578
0.14096999,0.033904314,0.131,51832.863
0.13843,0.032373562,0.131,51803.324
0.13589001,0.030842811,0.131,51778.895
0.13335,0.029312057,0.131,51758.637
0.13080999,0.027781306,0.131,51741.746
0.12827,0.029312057,0.131,51730.617
0.25272998,0.10278817,0.131,52564.738
0.25018999,0.10125741,0.131,52557.438
0.24765,0.099726662,0.131,52551.242
0.24510999,0.09819591,0.131,52545.281
0.24257,0.096665144,0.131,52538.996
0.24002999,0.0951344,0.131,52531.73
0.23749,0.093603656,0.131,52523.035
0.23495001,0.092072897,0.131,52512.688
0.23241,0.090542138,0.131,52500.887
0.22986999,0.089011393,0.131,52488.227
0.22733,0.087480649,0.131,52475.676
0.22478999,0.08594989,0.131,52464.258
0.22225,0.084419131,0.131,52455.145
0.21971001,0.082888387,0.131,52449.445
0.21717,0.081357636,0.131,52448.469
0.21463001,0.079826877,0.131,52452.711
0.21209,0.078296125,0.131,52463.059
0.20954999,0.076765373,0.131,52480.215
0.20701,0.075234622,0.131,52504.203
0.20446999,0.07370387,0.131,52534.992
0.20193,0.072173119,0.131,52572.121
0.19938999,0.070642367,0.131,52614.613
0.19685,0.069111615,0.131,52660.723
0.19431001,0.067580864,0.131,52707.961
0.19177,0.066050112,0.131,52753.305
0.18923,0.064519361,0.131,52793.777
0.18669,0.062988609,0.131,52826.648
0.18415,0.061457854,0.131,52849.23
0.18161,0.059927102,0.131,52858.516
0.17907001,0.058396351,0.131,52851.621
0.17653,0.056865599,0.131,52828.797
0.17399001,0.055334844,0.131,52787.102
0.17144999,0.053804092,0.131,52726.879
0.16891,0.052273341,0.131,52650.828
0.16636999,0.050742589,0.131,52562.941
0.16383,0.049211837,0.131,52467.953
0.16128999,0.047681086,0.131,52370.746
0.15875,0.046150334,0.131,52275.684
0.15621001,0.044619579,0.131,52186.25
0.15367,0.043088827,0.131,52104.91
0.15112999,0.041558076,0.131,52033.039
0.14859,0.040027324,0.131,51970.926
0.14604999,0.038496573,0.131,51918.141
0.14351,0.036965817,0.131,51873.832
0.14096999,0.035435066,0.131,51836.992
0.13843,0.033904314,0.131,51806.527
0.13589001,0.032373562,0.131,51781.367
0.13335,0.030842811,0.131,51760.52
0.13080999,0.029312057,0.131,51743.191
0.12827,0.030842811,0.131,51733.352
0.25272998,0.10431892,0.131,52566.285
0.25018999,0.10278817,0.131,52558.242
0.24765,0.10125741,0.131,52551.664
0.24510999,0.099726662,0.131,52545.641
0.24257,0.09819591,0.131,52539.586
0.24002999,0.096665144,0.131,52532.777
0.23749,0.0951344,0.131,52524.66
0.23495001,0.093603656,0.131,52514.934
0.23241,0.092072897,0.131,52503.68
0.22986999,0.090542138,0.131,52491.461
0.22733,0.089011393,0.131,52479.145
0.22478999,0.087480649,0.131,52467.797
0.22225,0.08594989,0.131,52458.543
0.21971001,0.084419131,0.131,52452.562
0.21717,0.082888387,0.131,52451.016
0.21463001,0.081357636,0.131,52454.773
0.21209,0.079826877,0.131,52464.52
0.20954999,0.078296125,0.131,52480.969
0.20701,0.076765373,0.131,52504.203
0.20446999,0.075234622,0.131,52534.219
0.20193,0.07370387,0.131,52570.566
0.19938999,0.072173119,0.131,52612.297
0.19685,0.070642367,0.131,52657.734
0.19431001,0.069111615,0.131,52704.504
0.19177,0.067580864,0.131,52749.723
0.18923,0.066050112,0.131,52790.41
0.18669,0.064519361,0.131,52823.898
0.18415,0.062988609,0.131,52847.645
0.18161,0.061457854,0.131,52859.277
0.17907001,0.059927102,0.131,52854.348
0.17653,0.058396351,0.131,52834.484
0.17399001,0.056865599,0.131,52796.109
0.17144999,0.055334844,0.131,52738.922
0.16891,0.053804092,0.131,52665.332
0.16636999,0.052273341,0.131,52579.105
0.16383,0.050742589,0.131,52484.875
0.16128999,0.049211837,0.131,52387.531
0.15875,0.047681086,0.131,52291.602
0.15621001,0.046150334,0.131,52200.754
0.15367,0.044619579,0.131,52117.668
0.15112999,0.043088827,0.131,52043.938
0.14859,0.041558076,0.131,51980.047
0.14604999,0.040027324,0.131,51925.664
0.14351,0.038496573,0.131,51879.992
0.14096999,0.036965817,0.131,51842.0
0.13843,0.035435066,0.131,51810.605
0.13589001,0.033904314,0.131,51784.68
0.13335,0.032373562,0.131,51763.238
0.13080999,0.030842811,0.131,51745.441
0.12827,0.032373562,0.131,51736.941
0.25272998,0.10584967,0.131,52568.504
0.25018999,0.10431892,0.131,52559.617
0.24765,0.10278817,0.131,52552.527
0.24510999,0.10125741,0.131,52546.34
0.24257,0.099726662,0.131,52540.441
0.24002999,0.09819591,0.131,52534.031
0.23749,0.096665144,0.131,52526.488
0.23495001,0.0951344,0.131,52517.395
0.23241,0.093603656,0.131,52506.758
0.22986999,0.092072897,0.131,52495.027
0.22733,0.090542138,0.131,52483.066
0.22478999,0.089011393,0.131,52471.848
0.22225,0.087480649,0.131,52462.543
0.21971001,0.08594989,0.131,52456.273
0.21717,0.084419131,0.131,52454.285
0.21463001,0.082888387,0.131,52457.555
0.21209,0.081357636,0.131,52466.734
0.20954999,0.079826877,0.131,52482.477
0.20701,0.078296125,0.131,52504.973
0.20446999,0.076765373,0.131,52534.219
0.20193,0.075234622,0.131,52569.793
0.19938999,0.07370387,0.131,52610.746
0.19685,0.072173119,0.131,52655.457
0.19431001,0.070642367,0.131,52701.648
0.19177,0.069111615,0.131,52746.559
0.18923,0.067580864,0.131,52787.309
0.18669,0.066050112,0.131,52821.168
0.18415,0.064519361,0.131,52845.832
0.18161,0.062988609,0.131,52859.266
0.17907001,0.061457854,0.131,52856.211
0.17653,0.059927102,0.131,52838.977
0.17399001,0.058396351,0.131,52803.805
0.17144999,0.056865599,0.131,52749.672
0.16891,0.055334844,0.131,52678.691
0.16636999,0.053804092,0.131,52594.383
0.16383,0.052273341,0.131,52501.242
0.16128999,0.050742589,0.131,52404.129
0.15875,0.049211837,0.131,52307.676
0.15621001,0.047681086,0.131,52215.723
0.15367,0.046150334,0.131,52131.113
0.15112999,0.044619579,0.131,52055.672
0.14859,0.043088827,0.131,51990.078
0.14604999,0.041558076,0.131,51934.137
0.14351,0.040027324,0.131,51887.094
0.14096999,0.038496573,0.131,51847.957
0.13843,0.036965817,0.131,51815.602
0.13589001,0.035435066,0.131,51788.906
0.13335,0.033904314,0.131,51766.832
0.13080999,0.032373562,0.131,51748.547
0.12827,0.033904314,0.131,51741.426
0.25272998,0.10738042,0.131,52571.492
0.25018999,0.10584967,0.131,52561.629
0.24765,0.10431892,0.131,52553.918
0.24510999,0.10278817,0.131,52547.453
0.24257,0.10125741,0.131,52541.621
0.24002999,0.099726662,0.131,52535.559
0.23749,0.09819591,0.131,52528.555
0.23495001,0.096665144,0.131,52520.109
0.23241,0.0951344,0.131,52510.113
0.22986999,0.093603656,0.131,52498.969
0.22733,0.092072897,0.131,52487.406
0.22478999,0.090542138,0.131,52476.449
0.22225,0.089011393,0.131,52467.137
0.21971001,0.087480649,0.131,52460.684
0.21717,0.08594989,0.131,52458.281
0.21463001,0.084419131,0.131,52461.086
0.21209,0.082888387,0.131,52469.699
0.20954999,0.081357636,0.131,52484.75
0.20701,0.079826877,0.131,52506.516
0.20446999,0.078296125,0.131,52534.992
0.20193,0.076765373,0.131,52569.789
0.19938999,0.075234622,0.131,52609.969
0.19685,0.07370387,0.131,52653.922
0.19431001,0.072173119,0.131,52699.449
0.19177,0.070642367,0.131,52743.922
0.18923,0.069111615,0.131,52784.543
0.18669,0.067580864,0.131,52818.617
0.18415,0.066050112,0.131,52843.875
0.18161,0.064519361,0.131,52858.703
0.17907001,0.062988609,0.131,52857.254
0.17653,0.061457854,0.131,52842.355
0.17399001,0.059927102,0.131,52810.285
0.17144999,0.058396351,0.131,52759.148
0.16891,0.056865599,0.131,52690.879
0.16636999,0.055334844,0.131,52608.695
0.16383,0.053804092,0.131,52516.949
0.16128999,0.052273341,0.131,52420.426
0.15875,0.050742589,0.131,52323.805
0.15621001,0.049211837,0.131,52231.062
0.15367,0.047681086,0.131,52145.203
0.15112999,0.046150334,0.131,52068.23
0.14859,0.044619579,0.131,52001.047
0.14604999,0.043088827,0.131,51943.586
0.14351,0.041558076,0.131,51895.195
0.14096999,0.040027324,0.131,51854.891
0.13843,0.038496573,0.131,51821.57
0.13589001,0.036965817,0.131,51794.07
0.13335,0.035435066,0.131,51771.352
0.13080999,0.033904314,0.131,51752.539
0.12827,0.035435066,0.131,51746.793
0.25272998,0.10891117,0.131,52575.309
0.25018999,0.10738042,0.131,52564.371
0.24765,0.10584967,0.131,52555.906
0.24510999,0.10431892,0.131,52549.062
0.24257,0.10278817,0.131,52543.195
0.24002999,0.10125741,0.131,52537.406
0.23749,0.099726662,0.131,52530.914
0.23495001,0.09819591,0.131,52523.102
0.23241,0.096665144,0.131,52513.797
0.22986999,0.0951344,0.131,52503.27
0.22733,0.093603656,0.131,52492.223
0.22478999,0.092072897,0.131,52481.566
0.22225,0.090542138,0.131,52472.359
0.21971001,0.089011393,0.131,52465.762
0.21717,0.087480649,0.131,52463.047
0.21463001,0.08594989,0.131,52465.387
0.21209,0.084419131,0.131,52473.434
0.20954999,0.082888387,0.131,52487.805
0.20701,0.081357636,0.131,52508.84
0.20446999,0.079826877,0.131,52536.543
0.20193,0.078296125,0.131,52570.566
0.19938999,0.076765373,0.131,52609.969
0.19685,0.075234622,0.131,52653.145
0.19431001,0.07370387,0.131,52697.953
0.19177,0.072173119,0.131,52741.871
0.18923,0.070642367,0.131,52782.219
0.18669,0.069111615,0.131,52816.332
0.18415,0.067580864,0.131,52841.91
0.18161,0.066050112,0.131,52857.848
0.17907001,0.064519361,0.131,52857.695
0.17653,0.062988609,0.131,52844.863
0.17399001,0.061457854,0.131,52815.629
0.17144999,0.059927102,0.131,52767.402
0.16891,0.058396351,0.131,52701.891
0.16636999,0.056865599,0.131,52621.992
0.16383,0.055334844,0.131,52531.902
0.16128999,0.053804092,0.131,52436.305
0.15875,0.052273341,0.131,52339.871
0.15621001,0.050742589,0.131,52246.684
0.15367,0.049211837,0.131,52159.859
0.15112999,0.047681086,0.131,52081.574
0.14859,0.046150334,0.131,52012.934
0.14604999,0.044619579,0.131,51954.035
0.14351,0.043088827,0.131,51904.316
0.14096999,0.041558076,0.131,51862.852
0.13843,0.040027324,0.131,51828.539
0.13589001,0.038496573,0.131,51800.219
0.13335,0.036965817,0.131,51776.816
0.13080999,0.035435066,0.131,51757.461
0.12827,0.036965817,0.131,51753.031
0.25272998,0.11044192,0.131,52580.051
0.25018999,0.10891117,0.131,52567.906
0.24765,0.10738042,0.131,52558.598
0.24510999,0.10584967,0.131,52551.238
0.24257,0.10431892,0.131,52545.242
0.24002999,0.10278817,0.131,52539.652
0.23749,0.10125741,0.131,52533.609
0.23495001,0.099726662,0.131,52526.426
0.23241,0.09819591,0.131,52517.816
0.22986999,0.096665144,0.131,52507.973
0.22733,0.0951344,0.131,52497.5
0.22478999,0.093603656,0.131,52487.238
0.22225,0.092072897,0.131,52478.199
0.21971001,0.090542138,0.131,52471.562
0.21717,0.089011393,0.131,52468.582
0.21463001,0.087480649,0.131,52470.484
0.21209,0.08594989,0.131,52477.957
0.20954999,0.084419131,0.131,52491.66
0.20701,0.082888387,0.131,52511.957
0.20446999,0.081357636,0.131,52538.883
0.20193,0.079826877,0.131,52572.117
0.19938999,0.078296125,0.131,52610.742
0.19685,0.076765373,0.131,52653.145
0.19431001,0.075234622,0.131,52697.199
0.19177,0.07370387,0.131,52740.473
0.18923,0.072173119,0.131,52780.402
0.18669,0.070642367,0.131,52814.391
0.18415,0.069111615,0.131,52840.145
0.18161,0.067580864,0.131,52856.59
0.17907001,0.066050112,0.131,52857.742
0.17653,0.064519361,0.131,52846.641
0.17399001,0.062988609,0.131,52819.969
0.17144999,0.061457854,0.131,52774.496
0.16891,0.059927102,0.131,52711.734
0.16636999,0.058396351,0.131,52634.227
0.16383,0.056865599,0.131,52546.012
0.16128999,0.055334844,0.131,52451.645
0.15875,0.053804092,0.131,52355.75
0.15621001,0.052273341,0.131,52262.457
0.15367,0.050742589,0.131,52174.996
0.15112999,0.049211837,0.131,52095.645
0.14859,0.047681086,0.131,52025.715
0.14604999,0.046150334,0.131,51965.473
0.14351,0.044619579,0.131,51914.477
0.14096999,0.043088827,0.131,51871.848
0.13843,0.041558076,0.131,51836.531
0.13589001,0.040027324,0.131,51807.355
0.13335,0.038496573,0.131,51783.246
0.13080999,0.036965817,0.131,51763.301
0.12827,0.038496573,0.131,51760.141
0.25272998,0.11197267,0.131,52585.766
0.25018999,0.11044192,0.131,52572.348
0.24765,0.10891117,0.131,52562.051
0.24510999,0.10738042,0.131,52554.086
0.24257,0.10584967,0.131,52547.844
0.24002999,0.10431892,0.131,52542.355
0.23749,0.10278817,0.131,52536.707
0.23495001,0.10125741,0.131,52530.121
0.23241,0.099726662,0.131,52522.219
0.22986999,0.09819591,0.131,52513.098
0.22733,0.096665144,0.131,52503.254
0.22478999,0.0951344,0.131,52493.465
0.22225,0.093603656,0.131,52484.688
0.21971001,0.092072897,0.131,52478.066
0.21717,0.090542138,0.131,52474.895
0.21463001,0.089011393,0.131,52476.383
0.21209,0.087480649,0.131,52483.301
0.20954999,0.08594989,0.131,52496.328
0.20701,0.084419131,0.131,52515.883
0.20446999,0.082888387,0.131,52542.02
0.20193,0.081357636,0.131,52574.453
0.19938999,0.079826877,0.131,52612.289
0.19685,0.078296125,0.131,52653.918
0.19431001,0.076765373,0.131,52697.195
0.19177,0.075234622,0.131,52739.766
0.18923,0.07370387,0.131,52779.16
0.18669,0.072173119,0.131,52812.871
0.18415,0.070642367,0.131,52838.637
0.18161,0.069111615,0.131,52855.223
0.17907001,0.067580864,0.131,52857.605
0.17653,0.066050112,0.131,52847.836
0.17399001,0.064519361,0.131,52823.398
0.17144999,0.062988609,0.131,52780.508
0.16891,0.061457854,0.131,52720.441
0.16636999,0.059927102,0.131,52645.375
0.16383,0.058396351,0.131,52559.211
0.16128999,0.056865599,0.131,52466.344
0.15875,0.055334844,0.131,52371.316
0.15621001,0.053804092,0.131,52278.262
0.15367,0.052273341,0.131,52190.484
0.15112999,0.050742589,0.131,52110.355
0.14859,0.049211837,0.131,52039.328
0.14604999,0.047681086,0.131,51977.867
0.14351,0.046150334,0.131,51925.648
0.14096999,0.044619579,0.131,51881.879
0.13843,0.043088827,0.131,51845.539
0.13589001,0.041558076,0.131,51815.492
0.13335,0.040027324,0.131,51790.633
0.13080999,0.038496573,0.131,51770.07
0.12827,0.040027324,0.131,51768.039
0.25272998,0.11350343,0.131,52592.562
0.25018999,0.11197267,0.131,52577.742
0.24765,0.11044192,0.131,52566.375
0.24510999,0.10891117,0.131,52557.68
0.24257,0.10738042,0.131,52551.078
0.24002999,0.10584967,0.131,52545.602
0.23749,0.10431892,0.131,52540.273
0.23495001,0.10278817,0.131,52534.246
0.23241,0.10125741,0.131,52527.039
0.22986999,0.099726662,0.131,52518.66
0.22733,0.09819591,0.131,52509.508
0.22478999,0.096665144,0.131,52500.262
0.22225,0.0951344,0.131,52491.812
0.21971001,0.093603656,0.131,52485.297
0.21717,0.092072897,0.131,52481.98
0.21463001,0.090542138,0.131,52483.105
0.21209,0.089011393,0.131,52489.473
0.20954999,0.087480649,0.131,52501.828
0.20701,0.08594989,0.131,52520.625
0.20446999,0.084419131,0.131,52545.961
0.20193,0.082888387,0.131,52577.566
0.19938999,0.081357636,0.131,52614.602
0.19685,0.079826877,0.131,52655.449
0.19431001,0.078296125,0.131,52697.953
0.19177,0.076765373,0.131,52739.766
0.18923,0.075234622,0.131,52778.531
0.18669,0.07370387,0.131,52811.82
0.18415,0.072173119,0.131,52837.422
0.18161,0.070642367,0.131,52853.988
0.17907001,0.069111615,0.131,52857.316
0.17653,0.067580864,0.131,52848.633
0.17399001,0.066050112,0.131,52826.055
0.17144999,0.064519361,0.131,52785.527
0.16891,0.062988609,0.131,52728.043
0.16636999,0.061457854,0.131,52655.434
0.16383,0.059927102,0.131,52571.438
0.16128999,0.058396351,0.131,52480.285
0.15875,0.056865599,0.131,52386.43
0.15621001,0.055334844,0.131,52293.953
0.15367,0.053804092,0.131,52206.195
0.15112999,0.052273341,0.131,52125.582
0.14859,0.050742589,0.131,52053.691
0.14604999,0.049211837,0.131,51991.156
0.14351,0.047681086,0.131,51937.805
0.14096999,0.046150334,0.131,51892.922
0.13843,0.044619579,0.131,51855.559
0.13589001,0.043088827,0.131,51824.598
0.13335,0.041558076,0.131,51798.961
0.13080999,0.040027324,0.131,51777.723
0.12827,0.041558076,0.131,51776.668
0.25272998,0.11503418,0.131,52600.449
0.25018999,0.11350343,0.131,52584.207
0.24765,0.11197267,0.131,52571.645
0.24510999,0.11044192,0.131,52562.094
0.24257,0.10891117,0.131,52555.031
0.24002999,0.10738042,0.131,52549.457
0.23749,0.10584967,0.131,52544.371
0.23495001,0.10431892,0.131,52538.844
0.23241,0.10278817,0.131,52532.32
0.22986999,0.10125741,0.131,52524.691
0.22733,0.099726662,0.131,52516.27
0.22478999,0.09819591,0.131,52507.621
0.22225,0.096665144,0.131,52499.586
0.21971001,0.0951344,0.131,52493.242
0.21717,0.093603656,0.131,52489.855
0.21463001,0.092072897,0.131,52490.648
0.21209,0.090542138,0.131,52496.496
0.20954999,0.089011393,0.131,52508.172
0.20701,0.087480649,0.131,52526.203
0.20446999,0.08594989,0.131,52550.707
0.20193,0.084419131,0.131,52581.469
0.19938999,0.082888387,0.131,52617.668
0.19685,0.081357636,0.131,52657.727
0.19431001,0.079826877,0.131,52699.445
0.19177,0.078296125,0.131,52740.477
0.18923,0.076765373,0.131,52778.535
0.18669,0.075234622,0.131,52811.281
0.18415,0.07370387,0.131,52836.57
0.18161,0.072173119,0.131,52852.988
0.17907001,0.070642367,0.131,52856.965
0.17653,0.069111615,0.131,52849.137
0.17399001,0.067580864,0.131,52828.0
0.17144999,0.066050112,0.131,52789.648
0.16891,0.064519361,0.131,52734.59
0.16636999,0.062988609,0.131,52664.402
0.16383,0.061457854,0.131,52582.641
0.16128999,0.059927102,0.131,52493.383
0.15875,0.058396351,0.131,52400.961
0.15621001,0.056865599,0.131,52309.379
0.15367,0.055334844,0.131,52221.965
0.15112999,0.053804092,0.131,52141.184
0.14859,0.052273341,0.131,52068.68
0.14604999,0.050742589,0.131,52005.254
0.14351,0.049211837,0.131,51950.871
0.14096999,0.047681086,0.131,51904.934
0.13843,0.046150334,0.131,51866.543
0.13589001,0.044619579,0.131,51834.652
0.13335,0.043088827,0.131,51808.191
0.13080999,0.041558076,0.131,51786.234
0.12827,0.043088827,0.131,51785.977
0.25272998,0.11656493,0.131,52609.562
0.25018999,0.11503418,0.131,52591.77
0.24765,0.11350343,0.131,52577.945
0.24510999,0.11197267,0.131,52567.426
0.24257,0.11044192,0.131,52559.777
0.24002999,0.10891117,0.131,52553.996
0.23749,0.10738042,0.131,52549.055
0.23495001,0.10584967,0.131,52543.973
0.23241,0.10431892,0.131,52538.09
0.22986999,0.10278817,0.131,52531.215
0.22733,0.10125741,0.131,52523.543
0.22478999,0.099726662,0.131,52515.555
0.22225,0.09819591,0.131,52507.992
0.21971001,0.096665144,0.131,52501.898
0.21717,0.0951344,0.131,52498.496
0.21463001,0.093603656,0.131,52499.02
0.21209,0.092072897,0.131,52504.367
0.20954999,0.090542138,0.131,52515.371
0.20701,0.089011393,0.131,52532.605
0.20446999,0.087480649,0.131,52556.266
0.20193,0.08594989,0.131,52586.145
0.19938999,0.084419131,0.131,52621.48
0.19685,0.082888387,0.131,52660.711
0.19431001,0.081357636,0.131,52701.645
0.19177,0.079826877,0.131,52741.875
0.18923,0.078296125,0.131,52779.168
0.18669,0.076765373,0.131,52811.285
0.18415,0.075234622,0.131,52836.129
0.18161,0.07370387,0.131,52852.301
0.17907001,0.072173119,0.131,52856.629
0.17653,0.070642367,0.131,52849.422
0.17399001,0.069111615,0.131,52829.406
0.17144999,0.067580864,0.131,52792.961
0.16891,0.066050112,0.131,52740.137
0.16636999,0.064519361,0.131,52672.297
0.16383,0.062988609,0.131,52592.793
0.16128999,0.061457854,0.131,52505.543
0.15875,0.059927102,0.131,52414.777
0.15621001,0.058396351,0.131,52324.375
0.15367,0.056865599,0.131,52237.621
0.15112999,0.055334844,0.131,52156.992
0.14859,0.053804092,0.131,52084.156
0.14604999,0.052273341,0.131,52020.035
0.14351,0.050742589,0.131,51964.766
0.14096999,0.049211837,0.131,51917.832
0.13843,0.047681086,0.131,51878.441
0.13589001,0.046150334,0.131,51845.594
0.13335,0.044619579,0.131,51818.273
0.13080999,0.043088827,0.131,51795.555
0.12827,0.044619579,0.131,51795.871
0.25272998,0.11809569,0.131,52619.848
0.25018999,0.11656493,0.131,52600.543
0.24765,0.11503418,0.131,52585.332
0.24510999,0.11350343,0.131,52573.754
0.24257,0.11197267,0.131,52565.387
0.24002999,0.11044192,0.131,52559.289
0.23749,0.10891117,0.131,52554.398
0.23495001,0.10738042,0.131,52549.672
0.23241,0.10584967,0.131,52544.387
0.22986999,0.10431892,0.131,52538.242
0.22733,0.10278817,0.131,52531.34
0.22478999,0.10125741,0.131,52524.047
0.22225,0.099726662,0.131,52517.027
0.21971001,0.09819591,0.131,52511.242
0.21717,0.096665144,0.131,52507.898
0.21463001,0.0951344,0.131,52508.191
0.21209,0.093603656,0.131,52513.078
0.20954999,0.092072897,0.131,52523.406
0.20701,0.090542138,0.131,52539.84
0.20446999,0.089011393,0.131,52562.613
0.20193,0.087480649,0.131,52591.59
0.19938999,0.08594989,0.131,52626.004
0.19685,0.084419131,0.131,52664.375
0.19431001,0.082888387,0.131,52704.5
0.19177,0.081357636,0.131,52743.926
0.18923,0.079826877,0.131,52780.414
0.18669,0.078296125,0.131,52811.828
0.18415,0.076765373,0.131,52836.129
0.18161,0.075234622,0.131,52851.957
0.17907001,0.07370387,0.131,52856.355
0.17653,0.072173119,0.131,52849.547
0.17399001,0.070642367,0.131,52830.387
0.17144999,0.069111615,0.131,52795.559
0.16891,0.067580864,0.131,52744.742
0.16636999,0.066050112,0.131,52679.129
0.16383,0.064519361,0.131,52601.855
0.16128999,0.062988609,0.131,52516.695
0.15875,0.061457854,0.131,52427.746
0.15621001,0.059927102,0.131,52338.785
0.15367,0.058396351,0.131,52252.992
0.15112999,0.056865599,0.131,52172.816
0.14859,0.055334844,0.131,52099.941
0.14604999,0.053804092,0.131,52035.359
0.14351,0.052273341,0.131,51979.352
0.14096999,0.050742589,0.131,51931.527
0.13843,0.049211837,0.131,51891.168
0.13589001,0.047681086,0.131,51857.363
0.13335,0.046150334,0.131,51829.133
0.13080999,0.044619579,0.131,51805.602
0.12827,0.046150334,0.131,51806.277
0.25272998,0.11962645,0.131,52631.461
0.25018999,0.11809569,0.131,52610.504
0.24765,0.11656493,0.131,52593.902
0.24510999,0.11503418,0.131,52581.125
0.24257,0.11350343,0.131,52571.949
0.24002999,0.11197267,0.131,52565.398
0.23749,0.11044192,0.131,52560.441
0.23495001,0.10891117,0.131,52555.988
0.23241,0.10738042,0.131,52551.234
0.22986999,0.10584967,0.131,52545.797
0.22733,0.10431892,0.131,52539.656
0.22478999,0.10278817,0.131,52533.094
0.22225,0.10125741,0.131,52526.656
0.21971001,0.099726662,0.131,52521.254
0.21717,0.09819591,0.131,52518.02
0.21463001,0.096665144,0.131,52518.152
0.21209,0.0951344,0.131,52522.602
0.20954999,0.093603656,0.131,52532.281
0.20701,0.092072897,0.131,52547.883
0.20446999,0.090542138,0.131,52569.746
0.20193,0.089011393,0.131,52597.762
0.19938999,0.087480649,0.131,52631.219
0.19685,0.08594989,0.131,52668.668
0.19431001,0.084419131,0.131,52707.957
0.19177,0.082888387,0.131,52746.566
0.18923,0.081357636,0.131,52782.23
0.18669,0.079826877,0.131,52812.883
0.18415,0.078296125,0.131,52836.578
0.18161,0.076765373,0.131,52851.957
0.17907001,0.075234622,0.131,52856.199
0.17653,0.07370387,0.131,52849.586
0.17399001,0.072173119,0.131,52831.051
0.17144999,0.070642367,0.131,52797.523
0.16891,0.069111615,0.131,52748.465
0.16636999,0.067580864,0.131,52684.93
0.16383,0.066050112,0.131,52609.812
0.16128999,0.064519361,0.131,52526.762
0.15875,0.062988609,0.131,52439.754
0.15621001,0.061457854,0.131,52352.438
0.15367,0.059927102,0.131,52267.879
0.15112999,0.058396351,0.131,52188.457
0.14859,0.056865599,0.131,52115.844
0.14604999,0.055334844,0.131,52051.051
0.14351,0.053804092,0.131,51994.488
0.14096999,0.052273341,0.131,51945.891
0.13843,0.050742589,0.131,51904.629
0.13589001,0.049211837,0.131,51869.863
0.13335,0.047681086,0.131,51840.703
0.13080999,0.046150334,0.131,51816.297
0.12827,0.047681086,0.131,51817.109
0.25272998,0.12115719,0.131,52644.23
0.25018999,0.11962645,0.131,52621.793
0.24765,0.11809569,0.131,52603.641
0.24510999,0.11656493,0.131,52589.641
0.24257,0.11503418,0.131,52579.492
0.24002999,0.11350343,0.131,52572.387
0.23749,0.11197267,0.131,52567.242
0.23495001,0.11044192,0.131,52562.953
0.23241,0.10891117,0.131,52558.66
0.22986999,0.10738042,0.131,52553.875
0.22733,0.10584967,0.131,52548.496
0.22478999,0.10431892,0.131,52542.664
0.22225,0.10278817,0.131,52536.859
0.21971001,0.10125741,0.131,52531.883
0.21717,0.099726662,0.131,52528.836
0.21463001,0.09819591,0.131,52528.848
0.21209,0.096665144,0.131,52532.914
0.20954999,0.0951344,0.131,52541.941
0.20701,0.093603656,0.131,52556.711
0.20446999,0.092072897,0.131,52577.613
0.20193,0.090542138,0.131,52604.633
0.19938999,0.089011393,0.131,52637.07
0.19685,0.087480649,0.131,52673.547
0.19431001,0.08594989,0.131,52711.938
0.19177,0.084419131,0.131,52749.727
0.18923,0.082888387,0.131,52784.562
0.18669,0.081357636,0.131,52814.41
0.18415,0.079826877,0.131,52837.43
0.18161,0.078296125,0.131,52852.305
0.17907001,0.076765373,0.131,52856.199
0.17653,0.075234622,0.131,52849.586
0.17399001,0.07370387,0.131,52831.453
0.17144999,0.072173119,0.131,52798.926
0.16891,0.070642367,0.131,52751.359
0.16636999,0.069111615,0.131,52689.719
0.16383,0.067580864,0.131,52616.652
0.16128999,0.066050112,0.131,52535.691
0.15875,0.064519361,0.131,52450.695
0.15621001,0.062988609,0.131,52365.188
0.15367,0.061457854,0.131,52282.098
0.15112999,0.059927102,0.131,52203.711
0.14859,0.058396351,0.131,52131.645
0.14604999,0.056865599,0.131,52066.918
0.14351,0.055334844,0.131,52010.008
0.14096999,0.053804092,0.131,51960.785
0.13843,0.052273341,0.131,51918.695
0.13589001,0.050742589,0.131,51883.008
0.13335,0.049211837,0.131,51852.891
0.13080999,0.047681086,0.131,51827.566
0.12827,0.049211837,0.131,51828.281
0.25272998,0.12268794,0.131,52658.395
0.25018999,0.12115719,0.131,52634.266
0.24765,0.11962645,0.131,52614.684
0.24510999,0.11809569,0.131,52599.273
0.24257,0.11656493,0.131,52588.109
0.24002999,0.11503418,0.131,52580.281
0.23749,0.11350343,0.131,52574.828
0.23495001,0.11197267,0.131,52570.594
0.23241,0.11044192,0.131,52566.668
0.22986999,0.10891117,0.131,52562.488
0.22733,0.10738042,0.131,52557.824
0.22478999,0.10584967,0.131,52552.742
0.22225,0.10431892,0.131,52547.586
0.21971001,0.10278817,0.131,52543.098
0.21717,0.10125741,0.131,52540.277
0.21463001,0.099726662,0.131,52540.238
0.21209,0.09819591,0.131,52543.945
0.20954999,0.096665144,0.131,52552.359
0.20701,0.0951344,0.131,52566.266
0.20446999,0.093603656,0.131,52586.188
0.20193,0.092072897,0.131,52612.145
0.19938999,0.090542138,0.131,52643.52
0.19685,0.089011393,0.131,52678.941
0.19431001,0.087480649,0.131,52716.383
0.19177,0.08594989,0.131,52753.312
0.18923,0.084419131,0.131,52787.328
0.18669,0.082888387,0.131,52816.352
0.18415,0.081357636,0.131,52838.648
0.18161,0.079826877,0.131,52852.996
0.17907001,0.078296125,0.131,52856.348
0.17653,0.076765373,0.131,52849.578
0.17399001,0.075234622,0.131,52831.648
0.17144999,0.07370387,0.131,52799.824
0.16891,0.072173119,0.131,52753.48
0.16636999,0.070642367,0.131,52693.516
0.16383,0.069111615,0.131,52622.363
0.16128999,0.067580864,0.131,52543.434
0.15875,0.066050112,0.131,52460.473
0.15621001,0.064519361,0.131,52376.887
0.15367,0.062988609,0.131,52295.465
0.15112999,0.061457854,0.131,52218.363
0.14859,0.059927102,0.131,52147.129
0.14604999,0.058396351,0.131,52082.738
0.14351,0.056865599,0.131,52025.715
0.14096999,0.055334844,0.131,51976.031
0.13843,0.053804092,0.131,51933.234
0.13589001,0.052273341,0.131,51896.668
0.13335,0.050742589,0.131,51865.602
0.13080999,0.049211837,0.131,51839.316
0.12827,0.050742589,0.131,51839.711
0.25272998,0.12421869,0.131,52673.574
0.25018999,0.12268794,0.131,52648.145
0.24765,0.12115719,0.131,52626.891
0.24510999,0.11962645,0.131,52610.148
0.24257,0.11809569,0.131,52597.77
0.24002999,0.11656493,0.131,52589.145
0.23749,0.11503418,0.131,52583.23
0.23495001,0.11350343,0.131,52578.926
0.23241,0.11197267,0.131,52575.27
0.22986999,0.11044192,0.131,52571.609
0.22733,0.10891117,0.131,52567.637
0.22478999,0.10738042,0.131,52563.273
0.22225,0.10584967,0.131,52558.797
0.21971001,0.10431892,0.131,52554.816
0.21717,0.10278817,0.131,52552.289
0.21463001,0.10125741,0.131,52552.23
0.21209,0.099726662,0.131,52555.637
0.20954999,0.09819591,0.131,52563.438
0.20701,0.096665144,0.131,52576.508
0.20446999,0.0951344,0.131,52595.391
0.20193,0.093603656,0.131,52620.246
0.19938999,0.092072897,0.131,52650.488
0.19685,0.090542138,0.131,52684.805
0.19431001,0.089011393,0.131,52721.207
0.19177,0.087480649,0.131,52757.25
0.18923,0.08594989,0.131,52790.426
0.18669,0.084419131,0.131,52818.637
0.18415,0.082888387,0.131,52840.16
0.18161,0.081357636,0.131,52853.996
0.17907001,0.079826877,0.131,52856.609
0.17653,0.078296125,0.131,52849.57
0.17399001,0.076765373,0.131,52831.641
0.17144999,0.075234622,0.131,52800.258
0.16891,0.07370387,0.131,52754.867
0.16636999,0.072173119,0.131,52696.344
0.16383,0.070642367,0.131,52626.938
0.16128999,0.069111615,0.131,52549.945
0.15875,0.067580864,0.131,52469.0
0.15621001,0.066050112,0.131,52387.402
0.15367,0.064519361,0.131,52307.805
0.15112999,0.062988609,0.131,52232.215
0.14859,0.061457854,0.131,52162.07
0.14604999,0.059927102,0.131,52098.297
0.14351,0.058396351,0.131,52041.406
0.14096999,0.056865599,0.131,51991.453
0.13843,0.055334844,0.131,51948.086
0.13589001,0.053804092,0.131,51910.723
0.13335,0.052273341,0.131,51878.727
0.13080999,0.050742589,0.131,51851.457
0.12827,0.052273341,0.131,51851.309
0.25272998,0.12574944,0.131,52690.125
0.25018999,0.12421869,0.131,52663.074
0.24765,0.12268794,0.131,52640.473
0.24510999,0.12115719,0.131,52622.141
0.24257,0.11962645,0.131,52608.574
0.24002999,0.11809569,0.131,52598.949
0.23749,0.11656493,0.131,52592.469
0.23495001,0.11503418,0.131,52587.953
0.23241,0.11350343,0.131,52584.449
0.22986999,0.11197267,0.131,52581.234
0.22733,0.11044192,0.131,52577.875
0.22478999,0.10891117,0.131,52574.227
0.22225,0.10738042,0.131,52570.414
0.21971001,0.10584967,0.131,52566.984
0.21717,0.10431892,0.131,52564.773
0.21463001,0.10278817,0.131,52564.766
0.21209,0.10125741,0.131,52567.887
0.20954999,0.099726662,0.131,52575.125
0.20701,0.09819591,0.131,52587.332
0.20446999,0.096665144,0.131,52605.18
0.20193,0.0951344,0.131,52628.859
0.19938999,0.093603656,0.131,52657.914
0.19685,0.092072897,0.131,52691.055
0.19431001,0.090542138,0.131,52726.355
0.19177,0.089011393,0.131,52761.434
0.18923,0.087480649,0.131,52793.797
0.18669,0.08594989,0.131,52821.188
0.18415,0.084419131,0.131,52841.926
0.18161,0.082888387,0.131,52855.227
0.17907001,0.081357636,0.131,52856.941
0.17653,0.079826877,0.131,52849.523
0.17399001,0.078296125,0.131,52831.441
0.17144999,0.076765373,0.131,52800.254
0.16891,0.075234622,0.131,52755.551
0.16636999,0.07370387,0.131,52698.215
0.16383,0.072173119,0.131,52630.371
0.16128999,0.070642367,0.131,52555.191
0.15875,0.069111615,0.131,52476.215
0.15621001,0.067580864,0.131,52396.629
0.15367,0.066050112,0.131,52318.961
0.15112999,0.064519361,0.131,52245.066
0.14859,0.062988609,0.131,52176.25
0.14604999,0.061457854,0.131,52113.359
0.14351,0.059927102,0.131,52056.863
0.14096999,0.058396351,0.131,52006.859
0.13843,0.056865599,0.131,51963.078
0.13589001,0.055334844,0.131,51925.027
0.13335,0.053804092,0.131,51892.148
0.13080999,0.052273341,0.131,51863.895
0.12827,0.053804092,0.131,51862.992
0.25272998,0.12728021,0.131,52707.391
0.25018999,0.12574944,0.131,52679.406
0.24765,0.12421869,0.131,52655.102
0.24510999,0.12268794,0.131,52635.43
0.24257,0.12115719,0.131,52620.406
0.24002999,0.11962645,0.131,52609.766
0.23749,0.11809569,0.131,52602.52
0.23495001,0.11656493,0.131,52597.672
0.23241,0.11503418,0.131,52594.195
0.22986999,0.11350343,0.131,52591.312
0.22733,0.11197267,0.131,52588.52
0.22478999,0.11044192,0.131,52585.523
0.22225,0.10891117,0.131,52582.383
0.21971001,0.10738042,0.131,52579.504
0.21717,0.10584967,0.131,52577.66
0.21463001,0.10431892,0.131,52577.719
0.21209,0.10278817,0.131,52580.621
0.20954999,0.10125741,0.131,52587.293
0.20701,0.099726662,0.131,52598.672
0.20446999,0.09819591,0.131,52615.438
0.20193,0.096665144,0.131,52637.922
0.19938999,0.0951344,0.131,52665.707
0.19685,0.093603656,0.131,52697.617
0.19431001,0.092072897,0.131,52731.742
0.19177,0.090542138,0.131,52765.789
0.18923,0.089011393,0.131,52797.301
0.18669,0.087480649,0.131,52823.918
0.18415,0.08594989,0.131,52843.891
0.18161,0.084419131,0.131,52856.586
0.17907001,0.082888387,0.131,52857.289
0.17653,0.081357636,0.131,52849.387
0.17399001,0.079826877,0.131,52831.023
0.17144999,0.078296125,0.131,52799.809
0.16891,0.076765373,0.131,52755.547
0.16636999,0.075234622,0.131,52699.145
0.16383,0.07370387,0.131,52632.66
0.16128999,0.072173119,0.131,52559.148
0.15875,0.070642367,0.131,52482.051
0.15621001,0.069111615,0.131,52404.465
0.15367,0.067580864,0.131,52328.789
0.15112999,0.066050112,0.131,52256.73
0.14859,0.064519361,0.131,52189.453
0.14604999,0.062988609,0.131,52127.695
0.14351,0.061457854,0.131,52071.855
0.14096999,0.059927102,0.131,52022.035
0.13843,0.058396351,0.131,51978.035
0.13589001,0.056865599,0.131,51939.426
0.13335,0.055334844,0.131,51905.738
0.13080999,0.053804092,0.131,51876.523
0.12827,0.055334844,0.131,51874.66
0.25272998,0.12881094,0.131,52725.918
0.25018999,0.12728021,0.131,52696.508
0.24765,0.12574944,0.131,52671.105
0.24510999,0.12421869,0.131,52649.707
0.24257,0.12268794,0.131,52633.406
0.24002999,0.12115719,0.131,52621.48
0.23749,0.11962645,0.131,52613.414
0.23495001,0.11809569,0.131,52608.051
0.23241,0.11656493,0.131,52604.469
0.22986999,0.11503418,0.131,52601.82
0.22733,0.11350343,0.131,52599.488
0.22478999,0.11197267,0.131,52597.117
0.22225,0.11044192,0.131,52594.602
0.21971001,0.10891117,0.131,52592.293
0.21717,0.10738042,0.131,52590.82
0.21463001,0.10584967,0.131,52591.008
0.21209,0.10431892,0.131,52593.699
0.20954999,0.10278817,0.131,52599.863
0.20701,0.10125741,0.131,52610.398
0.20446999,0.099726662,0.131,52626.102
0.20193,0.09819591,0.131,52647.328
0.19938999,0.096665144,0.131,52673.805
0.19685,0.0951344,0.131,52704.395
0.19431001,0.093603656,0.131,52737.285
0.19177,0.092072897,0.131,52770.211
0.18923,0.090542138,0.131,52800.816
0.18669,0.089011393,0.131,52826.668
0.18415,0.087480649,0.131,52845.84
0.18161,0.08594989,0.131,52857.836
0.17907001,0.084419131,0.131,52857.574
0.17653,0.082888387,0.131,52849.098
0.17399001,0.081357636,0.131,52830.355
0.17144999,0.079826877,0.131,52798.902
0.16891,0.078296125,0.131,52754.859
0.16636999,0.076765373,0.131,52699.145
0.16383,0.075234622,0.131,52633.812
0.16128999,0.07370387,0.131,52561.797
0.15875,0.072173119,0.131,52486.473
0.15621001,0.070642367,0.131,52410.828
0.15367,0.069111615,0.131,52337.164
0.15112999,0.067580864,0.131,52267.047
0.14859,0.066050112,0.131,52201.484
0.14604999,0.064519361,0.131,52141.078
0.14351,0.062988609,0.131,52086.156
0.14096999,0.061457854,0.131,52036.77
0.13843,0.059927102,0.131,51992.754
0.13589001,0.058396351,0.131,51953.754
0.13335,0.056865599,0.131,51919.367
0.13080999,0.055334844,0.131,51889.234
0.12827,0.056865599,0.131,51886.207
0.25272998,0.13034171,0.131,52744.648
0.25018999,0.12881094,0.131,52714.926
0.24765,0.12728021,0.131,52687.883
0.24510999,0.12574944,0.131,52665.281
0.24257,0.12421869,0.131,52647.305
0.24002999,0.12268794,0.131,52634.203
0.23749,0.12115719,0.131,52625.055
0.23495001,0.11962645,0.131,52619.086
0.23241,0.11809569,0.131,52615.234
0.22986999,0.11656493,0.131,52612.688
0.22733,0.11503418,0.131,52610.742
0.22478999,0.11350343,0.131,52608.898
0.22225,0.11197267,0.131,52607.0
0.21971001,0.11044192,0.131,52605.23
0.21717,0.10891117,0.131,52604.164
0.21463001,0.10738042,0.131,52604.48
0.21209,0.10584967,0.131,52607.023
0.20954999,0.10431892,0.131,52612.684
0.20701,0.10278817,0.131,52622.43
0.20446999,0.10125741,0.131,52637.035
0.20193,0.099726662,0.131,52657.004
0.19938999,0.09819591,0.131,52682.09
0.19685,0.096665144,0.131,52711.312
0.19431001,0.0951344,0.131,52742.883
0.19177,0.093603656,0.131,52774.613
0.18923,0.092072897,0.131,52804.195
0.18669,0.090542138,0.131,52829.277
0.18415,0.089011393,0.131,52847.648
0.18161,0.087480649,0.131,52858.684
0.17907001,0.08594989,0.131,52857.703
0.17653,0.084419131,0.131,52848.586
0.17399001,0.082888387,0.131,52829.363
0.17144999,0.081357636,0.131,52797.492
0.16891,0.079826877,0.131,52753.469
0.16636999,0.078296125,0.131,52698.211
0.16383,0.076765373,0.131,52633.812
0.16128999,0.075234622,0.131,52563.125
0.15875,0.07370387,0.131,52489.434
0.15621001,0.072173119,0.131,52415.656
0.15367,0.070642367,0.131,52343.992
0.15112999,0.069111615,0.131,52275.871
0.14859,0.067580864,0.131,52212.156
0.14604999,0.066050112,0.131,52153.309
0.14351,0.064519361,0.131,52099.539
0.14096999,0.062988609,0.131,52050.836
0.13843,0.061457854,0.131,52007.039
0.13589001,0.059927102,0.131,51967.832
0.13335,0.058396351,0.131,51932.879
0.13080999,0.056865599,0.131,51901.91
0.12827,0.058396351,0.131,51897.535
0.25272998,0.13187183,0.131,52764.34
0.25018999,0.13034171,0.131,52733.617
0.24765,0.12881094,0.131,52705.969
0.24510999,0.12728021,0.131,52681.582
0.24257,0.12574944,0.131,52662.355
0.24002999,0.12421869,0.131,52647.688
0.23749,0.12268794,0.131,52637.504
0.23495001,0.12115719,0.131,52630.68
0.23241,0.11962645,0.131,52626.449
0.22986999,0.11809569,0.131,52623.863
0.22733,0.11656493,0.131,52622.176
0.22478999,0.11503418,0.131,52620.816
0.22225,0.11350343,0.131,52619.453
0.21971001,0.11197267,0.131,52618.23
0.21717,0.11044192,0.131,52617.543
0.21463001,0.10891117,0.131,52618.043
0.21209,0.10738042,0.131,52620.445
0.20954999,0.10584967,0.131,52625.656
0.20701,0.10431892,0.131,52634.602
0.20446999,0.10278817,0.131,52648.16
0.20193,0.10125741,0.131,52666.812
0.19938999,0.099726662,0.131,52690.496
0.19685,0.09819591,0.131,52718.238
0.19431001,0.096665144,0.131,52748.426
0.19177,0.0951344,0.131,52778.883
0.18923,0.093603656,0.131,52807.344
0.18669,0.092072897,0.131,52831.555
0.18415,0.090542138,0.131,52849.227
0.18161,0.089011393,0.131,52859.242
0.17907001,0.087480649,0.131,52857.656
0.17653,0.08594989,0.131,52847.789
0.17399001,0.084419131,0.131,52827.949
0.17144999,0.082888387,0.131,52795.523
0.16891,0.081357636,0.131,52751.34
0.16636999,0.079826877,0.131,52696.336
0.16383,0.078296125,0.131,52632.664
0.16128999,0.076765373,0.131,52563.129
0.15875,0.075234622,0.131,52490.922
0.15621001,0.07370387,0.131,52418.902
0.15367,0.072173119,0.131,52349.18
0.15112999,0.070642367,0.131,52283.078
0.14859,0.069111615,0.131,52221.305
0.14604999,0.067580864,0.131,52164.18
0.14351,0.066050112,0.131,52111.785
0.14096999,0.064519361,0.131,52064.023
0.13843,0.062988609,0.131,52020.684
0.13589001,0.061457854,0.131,51981.477
0.13335,0.059927102,0.131,51946.121
0.13080999,0.058396351,0.131,51914.418
0.12827,0.059927102,0.131,51908.527
0.25272998,0.13330159,0.131,52782.941
0.25018999,0.13187183,0.131,52753.355
0.24765,0.13034171,0.131,52724.355
0.24510999,0.12881094,0.131,52699.121
0.24257,0.12728021,0.131,52678.043
0.24002999,0.12574944,0.131,52662.141
0.23749,0.12421869,0.131,52650.543
0.23495001,0.12268794,0.131,52642.867
0.23241,0.12115719,0.131,52638.027
0.22986999,0.11962645,0.131,52635.27
0.22733,0.11809569,0.131,52633.734
0.22478999,0.11656493,0.131,52632.734
0.22225,0.11503418,0.131,52631.887
0.21971001,0.11350343,0.131,52631.141
0.21717,0.11197267,0.131,52630.863
0.21463001,0.11044192,0.131,52631.531
0.21209,0.10891117,0.131,52633.848
0.20954999,0.10738042,0.131,52638.625
0.20701,0.10584967,0.131,52646.824
0.20446999,0.10431892,0.131,52659.301
0.20193,0.10278817,0.131,52676.672
0.19938999,0.10125741,0.131,52698.863
0.19685,0.099726662,0.131,52725.109
0.19431001,0.09819591,0.131,52753.785
0.19177,0.096665144,0.131,52782.898
0.18923,0.0951344,0.131,52810.145
0.18669,0.093603656,0.131,52833.391
0.18415,0.092072897,0.131,52850.402
0.18161,0.090542138,0.131,52859.246
0.17907001,0.089011393,0.131,52857.211
0.17653,0.087480649,0.131,52846.59
0.17399001,0.08594989,0.131,52826.0
0.17144999,0.084419131,0.131,52792.918
0.16891,0.082888387,0.131,52748.441
0.16636999,0.081357636,0.131,52693.508
0.16383,0.079826877,0.131,52630.371
0.16128999,0.078296125,0.131,52561.801
0.15875,0.076765373,0.131,52490.926
0.15621001,0.075234622,0.131,52420.531
0.15367,0.07370387,0.131,52352.676
0.15112999,0.072173119,0.131,52288.574
0.14859,0.070642367,0.131,52228.797
0.14604999,0.069111615,0.131,52173.52
0.14351,0.067580864,0.131,52122.699
0.14096999,0.066050112,0.131,52076.109
0.13843,0.064519361,0.131,52033.473
0.13589001,0.062988609,0.131,51994.496
0.13335,0.061457854,0.131,51958.926
0.13080999,0.059927102,0.131,51926.625
0.12827,0.061457854,0.131,51919.066
0.25272998,0.13454486,0.131,52798.734
0.25018999,0.13330159,0.131,52772.074
0.24765,0.13187183,0.131,52743.812
0.24510999,0.13034171,0.131,52716.941
0.24257,0.12881094,0.131,52694.832
0.24002999,0.12728021,0.131,52677.094
0.23749,0.12574944,0.131,52664.332
0.23495001,0.12421869,0.131,52655.441
0.23241,0.12268794,0.131,52649.949
0.22986999,0.12115719,0.131,52646.832
0.22733,0.11962645,0.131,52645.309
0.22478999,0.11809569,0.131,52644.598
0.22225,0.11656493,0.131,52644.148
0.21971001,0.11503418,0.131,52643.887
0.21717,0.11350343,0.131,52643.961
0.21463001,0.11197267,0.131,52644.84
0.21209,0.11044192,0.131,52647.07
0.20954999,0.10891117,0.131,52651.469
0.20701,0.10738042,0.131,52658.922
0.20446999,0.10584967,0.131,52670.375
0.20193,0.10431892,0.131,52686.402
0.19938999,0.10278817,0.131,52707.117
0.19685,0.10125741,0.131,52731.742
0.19431001,0.099726662,0.131,52758.859
0.19177,0.09819591,0.131,52786.508
0.18923,0.096665144,0.131,52812.473
0.18669,0.0951344,0.131,52834.617
0.18415,0.093603656,0.131,52850.918
0.18161,0.092072897,0.131,52858.484
0.17907001,0.090542138,0.131,52856.164
0.17653,0.089011393,0.131,52844.809
0.17399001,0.087480649,0.131,52823.34
0.17144999,0.08594989,0.131,52789.598
0.16891,0.084419131,0.131,52744.715
0.16636999,0.082888387,0.131,52689.711
0.16383,0.081357636,0.131,52626.938
0.16128999,0.079826877,0.131,52559.156
0.15875,0.078296125,0.131,52489.438
0.15621001,0.076765373,0.131,52420.535
0.15367,0.075234622,0.131,52354.434
0.15112999,0.07370387,0.131,52292.277
0.14859,0.072173119,0.131,52234.516
0.14604999,0.070642367,0.131,52181.184
0.14351,0.069111615,0.131,52132.094
0.14096999,0.067580864,0.131,52086.895
0.13843,0.066050112,0.131,52045.207
0.13589001,0.064519361,0.131,52006.695
0.13335,0.062988609,0.131,51971.121
0.13080999,0.061457854,0.131,51938.387
0.12827,0.062988609,0.131,51929.027
0.25272998,0.13562597,0.131,52812.773
0.25018999,0.13454486,0.131,52788.043
0.24765,0.13330159,0.131,52762.297
0.24510999,0.13187183,0.131,52735.785
0.24257,0.13034171,0.131,52711.832
0.24002999,0.12881094,0.131,52692.957
0.23749,0.12728021,0.131,52678.453
0.23495001,0.12574944,0.131,52668.52
0.23241,0.12421869,0.131,52662.051
0.22986999,0.12268794,0.131,52658.492
0.22733,0.12115719,0.131,52656.828
0.22478999,0.11962645,0.131,52656.262
0.22225,0.11809569,0.131,52656.184
0.21971001,0.11656493,0.131,52656.301
0.21717,0.11503418,0.131,52656.754
0.21463001,0.11350343,0.131,52657.801
0.21209,0.11197267,0.131,52659.996
0.20954999,0.11044192,0.131,52664.016
0.20701,0.10891117,0.131,52670.781
0.20446999,0.10738042,0.131,52681.184
0.20193,0.10584967,0.131,52695.926
0.19938999,0.10431892,0.131,52715.074
0.19685,0.10278817,0.131,52738.078
0.19431001,0.10125741,0.131,52763.5
0.19177,0.099726662,0.131,52789.566
0.18923,0.09819591,0.131,52814.199
0.18669,0.096665144,0.131,52835.086
0.18415,0.0951344,0.131,52850.645
0.18161,0.093603656,0.131,52857.219
0.17907001,0.092072897,0.131,52854.297
0.17653,0.090542138,0.131,52842.297
0.17399001,0.089011393,0.131,52819.91
0.17144999,0.087480649,0.131,52785.477
0.16891,0.08594989,0.131,52740.109
0.16636999,0.084419131,0.131,52684.918
0.16383,0.082888387,0.131,52622.367
0.16128999,0.081357636,0.131,52555.199
0.15875,0.079826877,0.131,52486.477
0.15621001,0.078296125,0.131,52418.906
0.15367,0.076765373,0.131,52354.434
0.15112999,0.075234622,0.131,52294.141
0.14859,0.07370387,0.131,52238.375
0.14604999,0.072173119,0.131,52187.039
0.14351,0.070642367,0.131,52139.809
0.14096999,0.069111615,0.131,52096.195
0.13843,0.067580864,0.131,52055.688
0.13589001,0.066050112,0.131,52017.883
0.13335,0.064519361,0.131,51982.527
0.13080999,0.062988609,0.131,51949.555
0.12827,0.064519361,0.131,51938.289
0.25272998,0.13656607,0.131,52824.488
0.25018999,0.13562597,0.131,52802.27
0.24765,0.13454486,0.131,52778.117
0.24510999,0.13330159,0.131,52753.688
0.24257,0.13187183,0.131,52729.742
0.24002999,0.13034171,0.131,52708.914
0.23749,0.12881094,0.131,52693.25
0.23495001,0.12728021,0.131,52681.738
0.23241,0.12574944,0.131,52674.395
0.22986999,0.12421869,0.131,52670.109
0.22733,0.12268794,0.131,52668.195
0.22478999,0.12115719,0.131,52667.668
0.22225,0.11962645,0.131,52667.816
0.21971001,0.11809569,0.131,52668.312
0.21717,0.11656493,0.131,52669.062
0.21463001,0.11503418,0.131,52670.32
0.21209,0.11350343,0.131,52672.445
0.20954999,0.11197267,0.131,52676.145
0.20701,0.11044192,0.131,52682.223
0.20446999,0.10891117,0.131,52691.629
0.20193,0.10738042,0.131,52705.023
0.19938999,0.10584967,0.131,52722.652
0.19685,0.10431892,0.131,52743.902
0.19431001,0.10278817,0.131,52767.648
0.19177,0.10125741,0.131,52792.016
0.18923,0.099726662,0.131,52815.125
0.18669,0.09819591,0.131,52834.855
0.18415,0.096665144,0.131,52849.398
0.18161,0.0951344,0.131,52855.098
0.17907001,0.093603656,0.131,52851.57
0.17653,0.092072897,0.131,52838.914
0.17399001,0.090542138,0.131,52815.566
0.17144999,0.089011393,0.131,52780.457
0.16891,0.087480649,0.131,52734.555
0.16636999,0.08594989,0.131,52679.117
0.16383,0.084419131,0.131,52616.656
0.16128999,0.082888387,0.131,52549.953
0.15875,0.081357636,0.131,52482.062
0.15621001,0.079826877,0.131,52415.66
0.15367,0.078296125,0.131,52352.676
0.15112999,0.076765373,0.131,52294.141
0.14859,0.075234622,0.131,52240.316
0.14604999,0.07370387,0.131,52190.996
0.14351,0.072173119,0.131,52145.715
0.14096999,0.070642367,0.131,52103.844
0.13843,0.069111615,0.131,52064.734
0.13589001,0.067580864,0.131,52027.871
0.13335,0.066050112,0.131,51992.973
0.13080999,0.064519361,0.131,51959.977
0.12827,0.066050112,0.131,51946.73
0.25272998,0.13738354,0.131,52834.703
0.25018999,0.13656607,0.131,52814.207
0.24765,0.13562597,0.131,52792.223
0.24510999,0.13454486,0.131,52769.023
0.24257,0.13330159,0.131,52746.711
0.24002999,0.13187183,0.131,52725.617
0.23749,0.13034171,0.131,52708.004
0.23495001,0.12881094,0.131,52695.387
0.23241,0.12728021,0.131,52686.684
0.22986999,0.12574944,0.131,52681.711
0.22733,0.12421869,0.131,52679.312
0.22478999,0.12268794,0.131,52678.695
0.22225,0.12115719,0.131,52679.012
0.21971001,0.11962645,0.131,52679.75
0.21717,0.11809569,0.131,52680.812
0.21463001,0.11656493,0.131,52682.203
0.21209,0.11503418,0.131,52684.316
0.20954999,0.11350343,0.131,52687.672
0.20701,0.11197267,0.131,52693.105
0.20446999,0.11044192,0.131,52701.5
0.20193,0.10891117,0.131,52713.621
0.19938999,0.10738042,0.131,52729.629
0.19685,0.10584967,0.131,52749.172
0.19431001,0.10431892,0.131,52771.035
0.19177,0.10278817,0.131,52793.723
0.18923,0.10125741,0.131,52815.277
0.18669,0.099726662,0.131,52833.688
0.18415,0.09819591,0.131,52846.676
0.18161,0.096665144,0.131,52851.918
0.17907001,0.0951344,0.131,52847.777
0.17653,0.093603656,0.131,52834.422
0.17399001,0.092072897,0.131,52810.219
0.17144999,0.090542138,0.131,52774.441
0.16891,0.089011393,0.131,52728.008
0.16636999,0.087480649,0.131,52672.281
0.16383,0.08594989,0.131,52609.816
0.16128999,0.084419131,0.131,52543.441
0.15875,0.082888387,0.131,52476.227
0.15621001,0.081357636,0.131,52410.836
0.15367,0.079826877,0.131,52349.184
0.15112999,0.078296125,0.131,52292.273
0.14859,0.076765373,0.131,52240.316
0.14604999,0.075234622,0.131,52192.992
0.14351,0.07370387,0.131,52149.707
0.14096999,0.072173119,0.131,52109.703
0.13843,0.070642367,0.131,52072.18
0.13589001,0.069111615,0.131,52036.5
0.13335,0.067580864,0.131,52002.297
0.13080999,0.066050112,0.131,51969.5
0.12827,0.067580864,0.131,51954.227
0.25272998,0.13809437,0.131,52843.199
0.25018999,0.13738354,0.131,52824.625
0.24765,0.13656607,0.131,52804.098
0.24510999,0.13562597,0.131,52782.691
0.24257,0.13454486,0.131,52761.23
0.24002999,0.13330159,0.131,52741.359
0.23749,0.13187183,0.131,52723.301
0.23495001,0.13034171,0.131,52708.84
0.23241,0.12881094,0.131,52699.148
0.22986999,0.12728021,0.131,52693.055
0.22733,0.12574944,0.131,52690.152
0.22478999,0.12421869,0.131,52689.266
0.22225,0.12268794,0.131,52689.605
0.21971001,0.12115719,0.131,52690.57
0.21717,0.11962645,0.131,52691.816
0.21463001,0.11809569,0.131,52693.379
0.21209,0.11656493,0.131,52695.402
0.20954999,0.11503418,0.131,52698.465
0.20701,0.11350343,0.131,52703.262
0.20446999,0.11197267,0.131,52710.688
0.20193,0.11044192,0.131,52721.473
0.19938999,0.10891117,0.131,52735.945
0.19685,0.10738042,0.131,52753.645
0.19431001,0.10584967,0.131,52773.688
0.19177,0.10431892,0.131,52794.465
0.18923,0.10278817,0.131,52814.281
0.18669,0.10125741,0.131,52831.504
0.18415,0.099726662,0.131,52843.016
0.18161,0.09819591,0.131,52847.469
0.17907001,0.096665144,0.131,52842.766
0.17653,0.0951344,0.131,52828.734
0.17399001,0.093603656,0.131,52803.742
0.17144999,0.092072897,0.131,52767.348
0.16891,0.090542138,0.131,52720.402
0.16636999,0.089011393,0.131,52664.387
0.16383,0.087480649,0.131,52601.855
0.16128999,0.08594989,0.131,52535.703
0.15875,0.084419131,0.131,52469.012
0.15621001,0.082888387,0.131,52404.473
0.15367,0.081357636,0.131,52343.992
0.15112999,0.079826877,0.131,52288.57
0.14859,0.078296125,0.131,52238.371
0.14604999,0.076765373,0.131,52192.988
0.14351,0.075234622,0.131,52151.719
0.14096999,0.07370387,0.131,52113.668
0.13843,0.072173119,0.131,52077.891
0.13589001,0.070642367,0.131,52043.602
0.13335,0.069111615,0.131,52010.34
0.13080999,0.067580864,0.131,51977.984
0.12827,0.069111615,0.131,51960.668
0.25272998,0.1387125,0.131,52850.539
0.25018999,0.13809437,0.131,52833.328
0.24765,0.13738354,0.131,52814.465
0.24510999,0.13656607,0.131,52794.223
0.24257,0.13562597,0.131,52774.148
0.24002999,0.13454486,0.131,52754.789
0.23749,0.13330159,0.131,52737.613
0.23495001,0.13187183,0.131,52722.629
0.23241,0.13034171,0.131,52711.266
0.22986999,0.12881094,0.131,52704.32
0.22733,0.12728021,0.131,52700.543
0.22478999,0.12574944,0.131,52699.316
0.22225,0.12421869,0.131,52699.555
0.21971001,0.12268794,0.131,52700.582
0.21717,0.12115719,0.131,52702.027
0.21463001,0.11962645,0.131,52703.645
0.21209,0.11809569,0.131,52705.633
0.20954999,0.11656493,0.131,52708.344
0.20701,0.11503418,0.131,52712.531
0.20446999,0.11350343,0.131,52719.004
0.20193,0.11197267,0.131,52728.52
0.19938999,0.11044192,0.131,52741.352
0.19685,0.10891117,0.131,52757.285
0.19431001,0.10738042,0.131,52775.34
0.19177,0.10584967,0.131,52794.293
0.18923,0.10431892,0.131,52812.328
0.18669,0.10278817,0.131,52827.777
0.18415,0.10125741,0.131,52838.207
0.18161,0.099726662,0.131,52841.703
0.17907001,0.09819591,0.131,52836.488
0.17653,0.096665144,0.131,52821.723
0.17399001,0.0951344,0.131,52796.047
0.17144999,0.093603656,0.131,52759.094
0.16891,0.092072897,0.131,52711.699
0.16636999,0.090542138,0.131,52655.418
0.16383,0.089011393,0.131,52592.789
0.16128999,0.087480649,0.131,52526.773
0.15875,0.08594989,0.131,52460.484
0.15621001,0.084419131,0.131,52396.637
0.15367,0.082888387,0.131,52337.168
0.15112999,0.081357636,0.131,52283.078
0.14859,0.079826877,0.131,52234.512
0.14604999,0.078296125,0.131,52190.992
0.14351,0.076765373,0.131,52151.715
0.14096999,0.075234622,0.131,52115.668
0.13843,0.07370387,0.131,52081.762
0.13589001,0.072173119,0.131,52049.051
0.13335,0.070642367,0.131,52016.957
0.13080999,0.069111615,0.131,51985.293
0.12827,0.070642367,0.131,51965.949
0.25272998,0.13925001,0.131,52856.703
0.25018999,0.1387125,0.131,52840.852
0.24765,0.13809437,0.131,52823.156
0.24510999,0.13738354,0.131,52804.281
0.24257,0.13656607,0.131,52785.059
0.24002999,0.13562597,0.131,52766.703
0.23749,0.13454486,0.131,52749.766
0.23495001,0.13330159,0.131,52735.41
0.23241,0.13187183,0.131,52723.496
0.22986999,0.13034171,0.131,52715.082
0.22733,0.12881094,0.131,52710.598
0.22478999,0.12728021,0.131,52708.727
0.22225,0.12574944,0.131,52708.75
0.21971001,0.12421869,0.131,52709.781
0.21717,0.12268794,0.131,52711.25
0.21463001,0.12115719,0.131,52712.941
0.21209,0.11962645,0.131,52714.793
0.20954999,0.11809569,0.131,52717.223
0.20701,0.11656493,0.131,52720.789
0.20446999,0.11503418,0.131,52726.312
0.20193,0.11350343,0.131,52734.535
0.19938999,0.11197267,0.131,52745.836
0.19685,0.11044192,0.131,52759.863
0.19431001,0.10891117,0.131,52776.008
0.19177,0.10738042,0.131,52792.867
0.18923,0.10584967,0.131,52809.281
0.18669,0.10431892,0.131,52822.738
0.18415,0.10278817,0.131,52832.0
0.18161,0.10125741,0.131,52834.582
0.17907001,0.099726662,0.131,52828.773
0.17653,0.09819591,0.131,52813.316
0.17399001,0.096665144,0.131,52787.035
0.17144999,0.0951344,0.131,52749.617
0.16891,0.093603656,0.131,52701.852
0.16636999,0.092072897,0.131,52645.355
0.16383,0.090542138,0.131,52582.641
0.16128999,0.089011393,0.131,52516.703
0.15875,0.087480649,0.131,52450.707
0.15621001,0.08594989,0.131,52387.414
0.15367,0.084419131,0.131,52328.793
0.15112999,0.082888387,0.131,52275.871
0.14859,0.081357636,0.131,52228.789
0.14604999,0.079826877,0.131,52187.031
0.14351,0.078296125,0.131,52149.699
0.14096999,0.076765373,0.131,52115.664
0.13843,0.075234622,0.131,52083.711
0.13589001,0.07370387,0.131,52052.746
0.13335,0.072173119,0.131,52022.035
0.13080999,0.070642367,0.131,51991.301
0.12827,0.072173119,0.131,51969.992
0.25018999,0.13925001,0.131,52847.195
0.24765,0.1387125,0.131,52830.664
0.24510999,0.13809437,0.131,52812.742
0.24257,0.13738354,0.131,52794.562
0.24002999,0.13656607,0.131,52776.766
0.23749,0.13562597,0.131,52760.508
0.23495001,0.13454486,0.131,52746.184
0.23241,0.13330159,0.131,52734.695
0.22986999,0.13187183,0.131,52725.734
0.22733,0.13034171,0.131,52719.988
0.22478999,0.12881094,0.131,52717.543
0.22225,0.12728021,0.131,52717.117
0.21971001,0.12574944,0.131,52717.984
0.21717,0.12421869,0.131,52719.48
0.21463001,0.12268794,0.131,52721.102
0.21209,0.12115719,0.131,52722.848
0.20954999,0.11962645,0.131,52724.879
0.20701,0.11809569,0.131,52727.883
0.20446999,0.11656493,0.131,52732.531
0.20193,0.11503418,0.131,52739.484
0.19938999,0.11350343,0.131,52749.141
0.19685,0.11197267,0.131,52761.418
0.19431001,0.11044192,0.131,52775.453
0.19177,0.10891117,0.131,52790.422
0.18923,0.10738042,0.131,52804.633
0.18669,0.10584967,0.131,52816.676
0.18415,0.10431892,0.131,52824.438
0.18161,0.10278817,0.131,52825.98
0.17907001,0.10125741,0.131,52819.516
0.17653,0.099726662,0.131,52803.438
0.17399001,0.09819591,0.131,52776.664
0.17144999,0.096665144,0.131,52738.867
0.16891,0.0951344,0.131,52690.84
0.16636999,0.093603656,0.131,52634.203
0.16383,0.092072897,0.131,52571.434
0.16128999,0.090542138,0.131,52505.551
0.15875,0.089011393,0.131,52439.766
0.15621001,0.087480649,0.131,52376.895
0.15367,0.08594989,0.131,52318.965
0.15112999,0.084419131,0.131,52267.047
0.14859,0.082888387,0.131,52221.297
0.14604999,0.081357636,0.131,52181.172
0.14351,0.079826877,0.131,52145.703
0.14096999,0.078296125,0.131,52113.66
0.13843,0.076765373,0.131,52083.711
0.13589001,0.075234622,0.131,52054.609
0.13335,0.07370387,0.131,52025.473
0.13080999,0.072173119,0.131,51995.902
0.12827,0.07370387,0.131,51972.727
0.24765,0.13925001,0.131,52837.02
0.24510999,0.1387125,0.131,52820.039
0.24257,0.13809437,0.131,52802.578
0.24002999,0.13738354,0.131,52785.523
0.23749,0.13656607,0.131,52769.57
0.23495001,0.13562597,0.131,52755.652
0.23241,0.13454486,0.131,52744.035
0.22986999,0.13330159,0.131,52735.312
0.22733,0.13187183,0.131,52729.023
0.22478999,0.13034171,0.131,52725.535
0.22225,0.12881094,0.131,52724.648
0.21971001,0.12728021,0.131,52725.211
0.21717,0.12574944,0.131,52726.508
0.21463001,0.12421869,0.131,52728.078
0.21209,0.12268794,0.131,52729.617
0.20954999,0.12115719,0.131,52731.371
0.20701,0.11962645,0.131,52733.711
0.20446999,0.11809569,0.131,52737.449
0.20193,0.11656493,0.131,52743.207
0.19938999,0.11503418,0.131,52751.348
0.19685,0.11350343,0.131,52761.676
0.19431001,0.11197267,0.131,52773.785
0.19177,0.11044192,0.131,52786.617
0.18923,0.10891117,0.131,52798.812
0.18669,0.10738042,0.131,52809.086
0.18415,0.10584967,0.131,52815.477
0.18161,0.10431892,0.131,52815.969
0.17907001,0.10278817,0.131,52808.723
0.17653,0.10125741,0.131,52792.078
0.17399001,0.099726662,0.131,52764.891
0.17144999,0.09819591,0.131,52726.82
0.16891,0.096665144,0.131,52678.648
0.16636999,0.0951344,0.131,52621.969
0.16383,0.093603656,0.131,52559.203
0.16128999,0.092072897,0.131,52493.387
0.15875,0.090542138,0.131,52427.758
0.15621001,0.089011393,0.131,52365.199
0.15367,0.087480649,0.131,52307.809
0.15112999,0.08594989,0.131,52256.727
0.14859,0.084419131,0.131,52212.145
0.14604999,0.082888387,0.131,52173.508
0.14351,0.081357636,0.131,52139.793
0.14096999,0.079826877,0.131,52109.691
0.13843,0.078296125,0.131,52081.754
0.13589001,0.076765373,0.131,52054.605
0.13335,0.075234622,0.131,52027.211
0.13080999,0.07370387,0.131,51999.02
0.12827,0.075234622,0.131,51974.102
0.24510999,0.13925001,0.131,52826.242
0.24257,0.1387125,0.131,52809.477
0.24002999,0.13809437,0.131,52792.922
0.23749,0.13738354,0.131,52777.438
0.23495001,0.13656607,0.131,52763.613
0.23241,0.13562597,0.131,52752.168
0.22986999,0.13454486,0.131,52743.164
0.22733,0.13330159,0.131,52736.941
0.22478999,0.13187183,0.131,52732.922
0.22225,0.13034171,0.131,52731.191
0.21971001,0.12881094,0.131,52731.352
0.21717,0.12728021,0.131,52732.438
0.21463001,0.12574944,0.131,52733.734
0.21209,0.12421869,0.131,52735.059
0.20954999,0.12268794,0.131,52736.391
0.20701,0.12115719,0.131,52738.25
0.20446999,0.11962645,0.131,52741.148
0.20193,0.11809569,0.131,52745.633
0.19938999,0.11656493,0.131,52752.168
0.19685,0.11503418,0.131,52760.777
0.19431001,0.11350343,0.131,52770.785
0.19177,0.11197267,0.131,52781.434
0.18923,0.11044192,0.131,52791.844
0.18669,0.10891117,0.131,52800.254
0.18415,0.10738042,0.131,52805.086
0.18161,0.10584967,0.131,52804.438
0.17907001,0.10431892,0.131,52796.402
0.17653,0.10278817,0.131,52779.227
0.17399001,0.10125741,0.131,52751.703
0.17144999,0.099726662,0.131,52713.48
0.16891,0.09819591,0.131,52665.289
0.16636999,0.096665144,0.131,52608.672
0.16383,0.0951344,0.131,52546.004
0.16128999,0.093603656,0.131,52480.289
0.15875,0.092072897,0.131,52414.785
0.15621001,0.090542138,0.131,52352.449
0.15367,0.089011393,0.131,52295.469
0.15112999,0.087480649,0.131,52245.059
0.14859,0.08594989,0.131,52201.473
0.14604999,0.084419131,0.131,52164.16
0.14351,0.082888387,0.131,52132.074
0.14096999,0.081357636,0.131,52103.824
0.13843,0.079826877,0.131,52077.879
0.13589001,0.078296125,0.131,52052.738
0.13335,0.076765373,0.131,52027.207
0.13080999,0.075234622,0.131,52000.59
0.12827,0.076765373,0.131,51974.102
0.24257,0.13925001,0.131,52815.367
0.24002999,0.1387125,0.131,52799.281
0.23749,0.13809437,0.131,52784.094
0.23495001,0.13738354,0.131,52770.5
0.23241,0.13656607,0.131,52758.953
0.22986999,0.13562597,0.131,52749.91
0.22733,0.13454486,0.131,52743.273
0.22478999,0.13330159,0.131,52739.152
0.22225,0.13187183,0.131,52736.906
0.21971001,0.13034171,0.131,52736.379
0.21717,0.12881094,0.131,52737.031
0.21463001,0.12728021,0.131,52738.141
0.21209,0.12574944,0.131,52739.16
0.20954999,0.12421869,0.131,52740.113
0.20701,0.12268794,0.131,52741.262
0.20446999,0.12115719,0.131,52743.305
0.20193,0.11962645,0.131,52746.816
0.19938999,0.11809569,0.131,52751.781
0.19685,0.11656493,0.131,52758.516
0.19431001,0.11503418,0.131,52766.484
0.19177,0.11350343,0.131,52775.215
0.18923,0.11197267,0.131,52783.461
0.18669,0.11044192,0.131,52790.008
0.18415,0.10891117,0.131,52793.375
0.18161,0.10738042,0.131,52791.48
0.17907001,0.10584967,0.131,52782.613
0.17653,0.10431892,0.131,52764.926
0.17399001,0.10278817,0.131,52737.133
0.17144999,0.10125741,0.131,52698.867
0.16891,0.099726662,0.131,52650.781
0.16636999,0.09819591,0.131,52594.355
0.16383,0.096665144,0.131,52531.891
0.16128999,0.0951344,0.131,52466.344
0.15875,0.093603656,0.131,52400.973
0.15621001,0.092072897,0.131,52338.793
0.15367,0.090542138,0.131,52282.102
0.15112999,0.089011393,0.131,52232.211
0.14859,0.087480649,0.131,52189.441
0.14604999,0.08594989,0.131,52153.285
0.14351,0.084419131,0.131,52122.676
0.14096999,0.082888387,0.131,52096.172
0.13843,0.081357636,0.131,52072.16
0.13589001,0.079826877,0.131,52049.039
0.13335,0.078296125,0.131,52025.469
0.13080999,0.076765373,0.131,52000.59
0.12827,0.078296125,0.131,51972.723
0.24002999,0.13925001,0.131,52804.73
0.23749,0.1387125,0.131,52789.809
0.23495001,0.13809437,0.131,52776.316
0.23241,0.13738354,0.131,52764.789
0.22986999,0.13656607,0.131,52755.465
0.22733,0.13562597,0.131,52748.598
0.22478999,0.13454486,0.131,52743.941
0.22225,0.13330159,0.131,52741.445
0.21971001,0.13187183,0.131,52740.418
0.21717,0.13034171,0.131,52740.512
0.21463001,0.12881094,0.131,52741.121
0.21209,0.12728021,0.131,52741.824
0.20954999,0.12574944,0.131,52742.438
0.20701,0.12421869,0.131,52743.184
0.20446999,0.12268794,0.131,52744.336
0.20193,0.12115719,0.131,52746.609
0.19938999,0.11962645,0.131,52750.039
0.19685,0.11809569,0.131,52754.914
0.19431001,0.11656493,0.131,52761.027
0.19177,0.11503418,0.131,52767.562
0.18923,0.11350343,0.131,52773.859
0.18669,0.11197267,0.131,52778.633
0.18415,0.11044192,0.131,52780.34
0.18161,0.10891117,0.131,52777.211
0.17907001,0.10738042,0.131,52767.445
0.17653,0.10584967,0.131,52749.246
0.17399001,0.10431892,0.131,52721.238
0.17144999,0.10278817,0.131,52683.039
0.16891,0.10125741,0.131,52635.184
0.16636999,0.099726662,0.131,52579.074
0.16383,0.09819591,0.131,52516.938
0.16128999,0.096665144,0.131,52451.648
0.15875,0.0951344,0.131,52386.438
0.15621001,0.093603656,0.131,52324.383
0.15367,0.092072897,0.131,52267.883
0.15112999,0.090542138,0.131,52218.355
0.14859,0.089011393,0.131,52176.234
0.14604999,0.087480649,0.131,52141.059
0.14351,0.08594989,0.131,52111.762
0.14096999,0.084419131,0.131,52086.871
0.13843,0.082888387,0.131,52064.711
0.13589001,0.081357636,0.131,52043.586
0.13335,0.079826877,0.131,52022.023
0.13080999,0.078296125,0.131,51999.012
0.12827,0.079826877,0.131,51969.988
0.23749,0.13925001,0.131,52794.707
0.23495001,0.1387125,0.131,52781.297
0.23241,0.13809437,0.131,52769.688
0.22986999,0.13738354,0.131,52760.203
0.22733,0.13656607,0.131,52752.891
0.22478999,0.13562597,0.131,52747.832
0.22225,0.13454486,0.131,52744.703
0.21971001,0.13330159,0.131,52743.266
0.21717,0.13187183,0.131,52742.879
0.21463001,0.13034171,0.131,52743.152
0.21209,0.12881094,0.131,52743.371
0.20954999,0.12728021,0.131,52743.461
0.20701,0.12574944,0.131,52743.422
0.20446999,0.12421869,0.131,52743.906
0.20193,0.12268794,0.131,52744.859
0.19938999,0.12115719,0.131,52747.02
0.19685,0.11962645,0.131,52750.184
0.19431001,0.11809569,0.131,52754.246
0.19177,0.11656493,0.131,52758.824
0.18923,0.11503418,0.131,52763.113
0.18669,0.11350343,0.131,52765.98
0.18415,0.11197267,0.131,52766.117
0.18161,0.11044192,0.131,52761.688
0.17907001,0.10891117,0.131,52751.012
0.17653,0.10738042,0.131,52732.277
0.17399001,0.10584967,0.131,52704.113
0.17144999,0.10431892,0.131,52666.066
0.16891,0.10278817,0.131,52618.559
0.16636999,0.10125741,0.131,52562.906
0.16383,0.099726662,0.131,52501.227
0.16128999,0.09819591,0.131,52436.301
0.15875,0.096665144,0.131,52371.32
0.15621001,0.0951344,0.131,52309.387
0.15367,0.093603656,0.131,52252.992
0.15112999,0.092072897,0.131,52203.703
0.14859,0.090542138,0.131,52162.051
0.14604999,0.089011393,0.131,52127.668
0.14351,0.087480649,0.131,52099.508
0.14096999,0.08594989,0.131,52076.082
0.13843,0.084419131,0.131,52055.66
0.13589001,0.082888387,0.131,52036.477
0.13335,0.081357636,0.131,52016.941
0.13080999,0.079826877,0.131,51995.895
0.12827,0.081357636,0.131,51965.941
0.23495001,0.13925001,0.131,52785.57
0.23241,0.1387125,0.131,52773.875
0.22986999,0.13809437,0.131,52764.129
0.22733,0.13738354,0.131,52756.504
0.22478999,0.13656607,0.131,52750.859
0.22225,0.13562597,0.131,52747.164
0.21971001,0.13454486,0.131,52745.031
0.21717,0.13330159,0.131,52743.969
0.21463001,0.13187183,0.131,52743.543
0.21209,0.13034171,0.131,52743.324
0.20954999,0.12881094,0.131,52742.844
0.20701,0.12728021,0.131,52742.398
0.20446999,0.12574944,0.131,52741.91
0.20193,0.12421869,0.131,52742.125
0.19938999,0.12268794,0.131,52742.68
0.19685,0.12115719,0.131,52744.133
0.19431001,0.11962645,0.131,52746.352
0.19177,0.11809569,0.131,52748.945
0.18923,0.11656493,0.131,52751.238
0.18669,0.11503418,0.131,52752.293
0.18415,0.11350343,0.131,52750.738
0.18161,0.11197267,0.131,52745.062
0.17907001,0.11044192,0.131,52733.438
0.17653,0.10891117,0.131,52714.164
0.17399001,0.10738042,0.131,52685.879
0.17144999,0.10584967,0.131,52648.055
0.16891,0.10431892,0.131,52601.004
0.16636999,0.10278817,0.131,52545.941
0.16383,0.10125741,0.131,52484.855
0.16128999,0.099726662,0.131,52420.422
0.15875,0.09819591,0.131,52355.758
0.15621001,0.096665144,0.131,52293.961
0.15367,0.0951344,0.131,52237.625
0.15112999,0.093603656,0.131,52188.449
0.14859,0.092072897,0.131,52147.109
0.14604999,0.090542138,0.131,52113.332
0.14351,0.089011393,0.131,52086.121
0.14096999,0.087480649,0.131,52063.992
0.13843,0.08594989,0.131,52045.18
0.13589001,0.084419131,0.131,52027.848
0.13335,0.082888387,0.131,52010.32
0.13080999,0.081357636,0.131,51991.289
0.12827,0.082888387,0.131,51960.656
0.23241,0.13925001,0.131,52777.441
0.22986999,0.1387125,0.131,52767.484
0.22733,0.13809437,0.131,52759.434
0.22478999,0.13738354,0.131,52753.336
0.22225,0.13656607,0.131,52748.934
0.21971001,0.13562597,0.131,52746.031
0.21717,0.13454486,0.131,52744.211
0.21463001,0.13330159,0.131,52742.918
0.21209,0.13187183,0.131,52741.922
0.20954999,0.13034171,0.131,52741.098
0.20701,0.12881094,0.131,52739.977
0.20446999,0.12728021,0.131,52739.012
0.20193,0.12574944,0.131,52737.867
0.19938999,0.12421869,0.131,52737.281
0.19685,0.12268794,0.131,52737.043
0.19431001,0.12115719,0.131,52737.418
0.19177,0.11962645,0.131,52738.027
0.18923,0.11809569,0.131,52738.43
0.18669,0.11656493,0.131,52737.602
0.18415,0.11503418,0.131,52734.457
0.18161,0.11350343,0.131,52727.453
0.17907001,0.11197267,0.131,52714.891
0.17653,0.11044192,0.131,52695.055
0.17399001,0.10891117,0.131,52666.676
0.17144999,0.10738042,0.131,52629.133
0.16891,0.10584967,0.131,52582.641
0.16636999,0.10431892,0.131,52528.285
0.16383,0.10278817,0.131,52467.934
0.16128999,0.10125741,0.131,52404.125
0.15875,0.099726662,0.131,52339.875
0.15621001,0.09819591,0.131,52278.27
0.15367,0.096665144,0.131,52221.965
0.15112999,0.0951344,0.131,52172.809
0.14859,0.093603656,0.131,52131.625
0.14604999,0.092072897,0.131,52098.27
0.14351,0.090542138,0.131,52071.82
0.14096999,0.089011393,0.131,52050.801
0.13843,0.087480649,0.131,52033.441
0.13589001,0.08594989,0.131,52017.855
0.13335,0.084419131,0.131,52002.277
0.13080999,0.082888387,0.131,51985.281
0.12827,0.084419131,0.131,51954.215
0.22986999,0.13925001,0.131,52770.289
0.22733,0.1387125,0.131,52761.93
0.22478999,0.13809437,0.131,52755.273
0.22225,0.13738354,0.131,52750.27
0.21971001,0.13656607,0.131,52746.598
0.21717,0.13562597,0.131,52743.836
0.21463001,0.13454486,0.131,52741.734
0.21209,0.13330159,0.131,52739.91
0.20954999,0.13187183,0.131,52738.277
0.20701,0.13034171,0.131,52736.684
0.20446999,0.12881094,0.131,52734.617
0.20193,0.12728021,0.131,52732.707
0.19938999,0.12574944,0.131,52730.594
0.19685,0.12421869,0.131,52728.91
0.19431001,0.12268794,0.131,52727.422
0.19177,0.12115719,0.131,52726.23
0.18923,0.11962645,0.131,52724.672
0.18669,0.11809569,0.131,52722.133
0.18415,0.11656493,0.131,52717.371
0.18161,0.11503418,0.131,52709.074
0.17907001,0.11350343,0.131,52695.52
0.17653,0.11197267,0.131,52675.145
0.17399001,0.11044192,0.131,52646.664
0.17144999,0.10891117,0.131,52609.449
0.16891,0.10738042,0.131,52563.594
0.16636999,0.10584967,0.131,52510.062
0.16383,0.10431892,0.131,52450.574
0.16128999,0.10278817,0.131,52387.523
0.15875,0.10125741,0.131,52323.809
0.15621001,0.099726662,0.131,52262.465
0.15367,0.09819591,0.131,52206.195
0.15112999,0.096665144,0.131,52156.984
0.14859,0.0951344,0.131,52115.824
0.14604999,0.093603656,0.131,52082.711
0.14351,0.092072897,0.131,52056.824
0.14096999,0.090542138,0.131,52036.73
0.13843,0.089011393,0.131,52020.648
0.13589001,0.087480649,0.131,52006.664
0.13335,0.08594989,0.131,51992.953
0.13080999,0.084419131,0.131,51977.973
0.12827,0.08594989,0.131,51946.719
0.22733,0.13925001,0.131,52763.957
0.22478999,0.1387125,0.131,52756.902
0.22225,0.13809437,0.131,52751.234
0.21971001,0.13738354,0.131,52746.824
0.21717,0.13656607,0.131,52743.277
0.21463001,0.13562597,0.131,52740.191
0.21209,0.13454486,0.131,52737.391
0.20954999,0.13330159,0.131,52734.598
0.20701,0.13187183,0.131,52732.023
0.20446999,0.13034171,0.131,52729.43
0.20193,0.12881094,0.131,52726.266
0.19938999,0.12728021,0.131,52723.133
0.19685,0.12574944,0.131,52719.75
0.19431001,0.12421869,0.131,52716.688
0.19177,0.12268794,0.131,52713.562
0.18923,0.12115719,0.131,52710.301
0.18669,0.11962645,0.131,52705.945
0.18415,0.11809569,0.131,52699.703
0.18161,0.11656493,0.131,52690.043
0.17907001,0.11503418,0.131,52675.543
0.17653,0.11350343,0.131,52654.586
0.17399001,0.11197267,0.131,52626.031
0.17144999,0.11044192,0.131,52589.16
0.16891,0.10891117,0.131,52544.012
0.16636999,0.10738042,0.131,52491.398
0.16383,0.10584967,0.131,52432.895
0.16128999,0.10431892,0.131,52370.738
0.15875,0.10278817,0.131,52307.68
0.15621001,0.10125741,0.131,52246.691
0.15367,0.099726662,0.131,52190.488
0.15112999,0.09819591,0.131,52141.176
0.14859,0.096665144,0.131,52099.922
0.14604999,0.0951344,0.131,52066.887
0.14351,0.093603656,0.131,52041.371
0.14096999,0.092072897,0.131,52021.996
0.13843,0.090542138,0.131,52007.004
0.13589001,0.089011393,0.131,51994.469
0.13335,0.087480649,0.131,51982.504
0.13080999,0.08594989,0.131,51969.484
0.12827,0.087480649,0.131,51938.277
0.22478999,0.13925001,0.131,52758.16
0.22225,0.1387125,0.131,52752.008
0.21971001,0.13809437,0.131,52746.859
0.21717,0.13738354,0.131,52742.48
0.21463001,0.13656607,0.131,52738.535
0.21209,0.13562597,0.131,52734.688
0.20954999,0.13454486,0.131,52730.883
0.20701,0.13330159,0.131,52726.875
0.20446999,0.13187183,0.131,52723.07
0.20193,0.13034171,0.131,52719.168
0.19938999,0.12881094,0.131,52714.574
0.19685,0.12728021,0.131,52709.988
0.19431001,0.12574944,0.131,52705.102
0.19177,0.12421869,0.131,52700.418
0.18923,0.12268794,0.131,52695.273
0.18669,0.12115719,0.131,52689.379
0.18415,0.11962645,0.131,52681.512
0.18161,0.11809569,0.131,52670.625
0.17907001,0.11656493,0.131,52655.094
0.17653,0.11503418,0.131,52633.609
0.17399001,0.11350343,0.131,52604.941
0.17144999,0.11197267,0.131,52568.449
0.16891,0.11044192,0.131,52524.047
0.16636999,0.10891117,0.131,52472.43
0.16383,0.10738042,0.131,52415.012
0.16128999,0.10584967,0.131,52353.875
0.15875,0.10431892,0.131,52291.605
0.15621001,0.10278817,0.131,52231.07
0.15367,0.10125741,0.131,52175.0
0.15112999,0.099726662,0.131,52125.574
0.14859,0.09819591,0.131,52084.137
0.14604999,0.096665144,0.131,52051.02
0.14351,0.0951344,0.131,52025.68
0.14096999,0.093603656,0.131,52006.82
0.13843,0.092072897,0.131,51992.719
0.13589001,0.090542138,0.131,51981.449
0.13335,0.089011393,0.131,51971.094
0.13080999,0.087480649,0.131,51959.957
0.12827,0.089011393,0.131,51929.016
0.22225,0.13925001,0.131,52752.52
0.21971001,0.1387125,0.131,52746.809
0.21717,0.13809437,0.131,52741.68
0.21463001,0.13738354,0.131,52736.84
0.21209,0.13656607,0.131,52732.07
0.20954999,0.13562597,0.131,52727.066
0.20701,0.13454486,0.131,52721.914
0.20446999,0.13330159,0.131,52716.379
0.20193,0.13187183,0.131,52711.035
0.19938999,0.13034171,0.131,52705.551
0.19685,0.12881094,0.131,52699.328
0.19431001,0.12728021,0.131,52693.168
0.19177,0.12574944,0.131,52686.621
0.18923,0.12421869,0.131,52680.008
0.18669,0.12268794,0.131,52672.344
0.18415,0.12115719,0.131,52663.129
0.18161,0.11962645,0.131,52650.875
0.17907001,0.11809569,0.131,52634.445
0.17653,0.11656493,0.131,52612.352
0.17399001,0.11503418,0.131,52583.613
0.17144999,0.11350343,0.131,52547.477
0.16891,0.11197267,0.131,52503.855
0.16636999,0.11044192,0.131,52453.293
0.16383,0.10891117,0.131,52397.051
0.16128999,0.10738042,0.131,52337.043
0.15875,0.10584967,0.131,52275.688
0.15621001,0.10431892,0.131,52215.73
0.15367,0.10278817,0.131,52159.863
0.15112999,0.10125741,0.131,52110.352
0.14859,0.099726662,0.131,52068.66
0.14604999,0.09819591,0.131,52035.332
0.14351,0.096665144,0.131,52009.969
0.14096999,0.0951344,0.131,51991.418
0.13843,0.093603656,0.131,51978.0
0.13589001,0.092072897,0.131,51967.805
0.13335,0.090542138,0.131,51958.902
0.13080999,0.089011393,0.131,51949.535
0.12827,0.090542138,0.131,51919.051
0.21971001,0.13925001,0.131,52746.609
0.21717,0.1387125,0.131,52740.844
0.21463001,0.13809437,0.131,52735.227
0.21209,0.13738354,0.131,52729.523
0.20954999,0.13656607,0.131,52723.574
0.20701,0.13562597,0.131,52717.066
0.20446999,0.13454486,0.131,52710.234
0.20193,0.13330159,0.131,52702.84
0.19938999,0.13187183,0.131,52695.668
0.19685,0.13034171,0.131,52688.457
0.19431001,0.12881094,0.131,52680.547
0.19177,0.12728021,0.131,52672.738
0.18923,0.12574944,0.131,52664.297
0.18669,0.12421869,0.131,52655.309
0.18415,0.12268794,0.131,52644.496
0.18161,0.12115719,0.131,52631.133
0.17907001,0.11962645,0.131,52613.66
0.17653,0.11809569,0.131,52591.062
0.17399001,0.11656493,0.131,52562.176
0.17144999,0.11503418,0.131,52526.43
0.16891,0.11350343,0.131,52483.586
0.16636999,0.11197267,0.131,52434.121
0.16383,0.11044192,0.131,52379.129
0.16128999,0.10891117,0.131,52320.344
0.15875,0.10738042,0.131,52260.023
0.15621001,0.10584967,0.131,52200.766
0.15367,0.10431892,0.131,52145.207
0.15112999,0.10278817,0.131,52095.641
0.14859,0.10125741,0.131,52053.672
0.14604999,0.099726662,0.131,52020.008
0.14351,0.09819591,0.131,51994.453
0.14096999,0.096665144,0.131,51975.992
0.13843,0.0951344,0.131,51963.043
0.13589001,0.093603656,0.131,51953.723
0.13335,0.092072897,0.131,51946.098
0.13080999,0.090542138,0.131,51938.367
0.12827,0.092072897,0.131,51908.512
0.21717,0.13925001,0.131,52740.0
0.21463001,0.1387125,0.131,52733.703
0.21209,0.13809437,0.131,52727.215
0.20954999,0.13738354,0.131,52720.238
0.20701,0.13656607,0.131,52712.727
0.20446999,0.13562597,0.131,52704.367
0.20193,0.13454486,0.131,52695.527
0.19938999,0.13330159,0.131,52686.023
0.19685,0.13187183,0.131,52676.922
0.19431001,0.13034171,0.131,52667.992
0.19177,0.12881094,0.131,52658.391
0.18923,0.12728021,0.131,52648.754
0.18669,0.12574944,0.131,52638.035
0.18415,0.12421869,0.131,52626.066
0.18161,0.12268794,0.131,52611.344
0.17907001,0.12115719,0.131,52593.055
0.17653,0.11962645,0.131,52569.816
0.17399001,0.11809569,0.131,52540.867
0.17144999,0.11656493,0.131,52505.441
0.16891,0.11503418,0.131,52463.406
0.16636999,0.11350343,0.131,52415.047
0.16383,0.11197267,0.131,52361.352
0.16128999,0.11044192,0.131,52303.875
0.15875,0.10891117,0.131,52244.691
0.15621001,0.10738042,0.131,52186.262
0.15367,0.10584967,0.131,52131.121
0.15112999,0.10431892,0.131,52081.574
0.14859,0.10278817,0.131,52039.312
0.14604999,0.10125741,0.131,52005.227
0.14351,0.099726662,0.131,51979.316
0.14096999,0.09819591,0.131,51960.746
0.13843,0.096665144,0.131,51948.047
0.13589001,0.0951344,0.131,51939.395
0.13335,0.093603656,0.131,51932.855
0.13080999,0.092072897,0.131,51926.605
0.12827,0.093603656,0.131,51897.52
0.12572999,0.0951344,0.131,51871.574
0.21463001,0.13925001,0.131,52732.301
0.21209,0.1387125,0.131,52725.066
0.20954999,0.13809437,0.131,52717.301
0.20701,0.13738354,0.131,52708.668
0.20446999,0.13656607,0.131,52699.23
0.20193,0.13562597,0.131,52688.699
0.19938999,0.13454486,0.131,52677.621
0.19685,0.13330159,0.131,52665.938
0.19431001,0.13187183,0.131,52654.98
0.19177,0.13034171,0.131,52644.367
0.18923,0.12881094,0.131,52632.949
0.18669,0.12728021,0.131,52621.148
0.18415,0.12574944,0.131,52607.605
0.18161,0.12421869,0.131,52591.934
0.17907001,0.12268794,0.131,52572.59
0.17653,0.12115719,0.131,52548.902
0.17399001,0.11962645,0.131,52519.758
0.17144999,0.11809569,0.131,52484.715
0.16891,0.11656493,0.131,52443.426
0.16636999,0.11503418,0.131,52396.203
0.16383,0.11350343,0.131,52343.828
0.16128999,0.11197267,0.131,52287.719
0.15875,0.11044192,0.131,52229.773
0.15621001,0.10891117,0.131,52172.277
0.15367,0.10738042,0.131,52117.68
0.15112999,0.10584967,0.131,52068.227
0.14859,0.10431892,0.131,52025.699
0.14604999,0.10278817,0.131,51991.133
0.14351,0.10125741,0.131,51964.73
0.14096999,0.099726662,0.131,51945.855
0.13843,0.09819591,0.131,51933.199
0.13589001,0.096665144,0.131,51924.992
0.13335,0.0951344,0.131,51919.34
0.13080999,0.093603656,0.131,51914.395
0.12827,0.0951344,0.131,51886.188
0.12572999,0.096665144,0.131,51861.305
0.21209,0.13925001,0.131,52723.156
0.20954999,0.1387125,0.131,52714.59
0.20701,0.13809437,0.131,52705.137
0.20446999,0.13738354,0.131,52694.488
0.20193,0.13656607,0.131,52682.816
0.19938999,0.13562597,0.131,52669.914
0.19685,0.13454486,0.131,52656.559
0.19431001,0.13330159,0.131,52642.82
0.19177,0.13187183,0.131,52630.09
0.18923,0.13034171,0.131,52617.711
0.18669,0.12881094,0.131,52604.18
0.18415,0.12728021,0.131,52589.711
0.18161,0.12574944,0.131,52572.676
0.17907001,0.12421869,0.131,52552.656
0.17653,0.12268794,0.131,52528.277
0.17399001,0.12115719,0.131,52499.098
0.17144999,0.11962645,0.131,52464.312
0.16891,0.11809569,0.131,52423.816
0.16636999,0.11656493,0.131,52377.684
0.16383,0.11503418,0.131,52326.656
0.16128999,0.11350343,0.131,52271.953
0.15875,0.11197267,0.131,52215.316
0.15621001,0.11044192,0.131,52158.871
0.15367,0.10891117,0.131,52104.922
0.15112999,0.10738042,0.131,52055.672
0.14859,0.10584967,0.131,52012.922
0.14604999,0.10431892,0.131,51977.844
0.14351,0.10278817,0.131,51950.84
0.14096999,0.10125741,0.131,51931.492
0.13843,0.099726662,0.131,51918.66
0.13589001,0.09819591,0.131,51910.691
0.13335,0.096665144,0.131,51905.715
0.13080999,0.0951344,0.131,51901.887
0.12827,0.096665144,0.131,51874.641
0.12572999,0.09819591,0.131,51850.836
0.20954999,0.13925001,0.131,52712.203
0.20701,0.1387125,0.131,52701.91
0.20446999,0.13809437,0.131,52690.41
0.20193,0.13738354,0.131,52677.453
0.19938999,0.13656607,0.131,52663.367
0.19685,0.13562597,0.131,52648.082
0.19431001,0.13454486,0.131,52632.594
0.19177,0.13330159,0.131,52616.934
0.18923,0.13187183,0.131,52602.383
0.18669,0.13034171,0.131,52587.984
0.18415,0.12881094,0.131,52571.902
0.18161,0.12728021,0.131,52554.137
0.17907001,0.12574944,0.131,52533.027
0.17653,0.12421869,0.131,52508.309
0.17399001,0.12268794,0.131,52478.859
0.17144999,0.12115719,0.131,52444.457
0.16891,0.11962645,0.131,52404.633
0.16636999,0.11809569,0.131,52359.617
0.16383,0.11656493,0.131,52309.914
0.16128999,0.11503418,0.131,52256.648
0.15875,0.11350343,0.131,52201.379
0.15621001,0.11197267,0.131,52146.066
0.15367,0.11044192,0.131,52092.883
0.15112999,0.10891117,0.131,52043.938
0.14859,0.10738042,0.131,52001.035
0.14604999,0.10584967,0.131,51965.449
0.14351,0.10431892,0.131,51937.773
0.14096999,0.10278817,0.131,51917.797
0.13843,0.10125741,0.131,51904.594
0.13589001,0.099726662,0.131,51896.637
0.13335,0.09819591,0.131,51892.121
0.13080999,0.096665144,0.131,51889.211
0.12827,0.09819591,0.131,51862.973
0.12572999,0.099726662,0.131,51840.254
0.20701,0.13925001,0.131,52699.094
0.20446999,0.1387125,0.131,52686.715
0.20193,0.13809437,0.131,52672.883
0.19938999,0.13738354,0.131,52657.465
0.19685,0.13656607,0.131,52640.969
0.19431001,0.13562597,0.131,52623.461
0.19177,0.13454486,0.131,52605.996
0.18923,0.13330159,0.131,52588.418
0.18669,0.13187183,0.131,52571.836
0.18415,0.13034171,0.131,52555.02
0.18161,0.12881094,0.131,52535.832
0.17907001,0.12728021,0.131,52514.246
0.17653,0.12574944,0.131,52488.777
0.17399001,0.12421869,0.131,52459.355
0.17144999,0.12268794,0.131,52425.117
0.16891,0.12115719,0.131,52386.059
0.16636999,0.11962645,0.131,52342.059
0.16383,0.11809569,0.131,52293.688
0.16128999,0.11656493,0.131,52241.852
0.15875,0.11503418,0.131,52187.988
0.15621001,0.11350343,0.131,52133.887
0.15367,0.11197267,0.131,52081.566
0.15112999,0.11044192,0.131,52033.039
0.14859,0.10891117,0.131,51990.07
0.14604999,0.10738042,0.131,51954.016
0.14351,0.10584967,0.131,51925.621
0.14096999,0.10431892,0.131,51904.898
0.13843,0.10278817,0.131,51891.133
0.13589001,0.10125741,0.131,51882.977
0.13335,0.099726662,0.131,51878.699
0.13080999,0.09819591,0.131,51876.5
0.12827,0.099726662,0.131,51851.289
0.20446999,0.13925001,0.131,52683.512
0.20193,0.1387125,0.131,52668.777
0.19938999,0.13809437,0.131,52652.469
0.19685,0.13738354,0.131,52634.613
0.19431001,0.13656607,0.131,52615.871
0.19177,0.13562597,0.131,52596.324
0.18923,0.13454486,0.131,52576.898
0.18669,0.13330159,0.131,52557.25
0.18415,0.13187183,0.131,52538.312
0.18161,0.13034171,0.131,52518.574
0.17907001,0.12881094,0.131,52495.824
0.17653,0.12728021,0.131,52470.176
0.17399001,0.12574944,0.131,52440.391
0.17144999,0.12421869,0.131,52406.559
0.16891,0.12268794,0.131,52368.062
0.16636999,0.12115719,0.131,52325.133
0.16383,0.11962645,0.131,52278.02
0.16128999,0.11809569,0.131,52227.625
0.15875,0.11656493,0.131,52175.176
0.15621001,0.11503418,0.131,52122.336
0.15367,0.11350343,0.131,52070.973
0.15112999,0.11197267,0.131,52022.969
0.14859,0.11044192,0.131,51980.039
0.14604999,0.10891117,0.131,51943.566
0.14351,0.10738042,0.131,51914.449
0.14096999,0.10584967,0.131,51892.891
0.13843,0.10431892,0.131,51878.406
0.13589001,0.10278817,0.131,51869.832
0.13335,0.10125741,0.131,51865.574
0.13080999,0.099726662,0.131,51863.867
0.12827,0.10125741,0.131,51839.691
0.20193,0.13925001,0.131,52665.234
0.19938999,0.1387125,0.131,52648.02
0.19685,0.13809437,0.131,52629.273
0.19431001,0.13738354,0.131,52609.148
0.19177,0.13656607,0.131,52588.34
0.18923,0.13562597,0.131,52566.797
0.18669,0.13454486,0.131,52545.289
0.18415,0.13330159,0.131,52523.305
0.18161,0.13187183,0.131,52501.594
0.17907001,0.13034171,0.131,52478.539
0.17653,0.12881094,0.131,52452.047
0.17399001,0.12728021,0.131,52422.406
0.17144999,0.12574944,0.131,52388.609
0.16891,0.12421869,0.131,52350.859
0.16636999,0.12268794,0.131,52308.824
0.16383,0.12115719,0.131,52262.996
0.16128999,0.11962645,0.131,52213.977
0.15875,0.11809569,0.131,52162.961
0.15621001,0.11656493,0.131,52111.418
0.15367,0.11503418,0.131,52061.078
0.15112999,0.11350343,0.131,52013.703
0.14859,0.11197267,0.131,51970.918
0.14604999,0.11044192,0.131,51934.121
0.14351,0.10891117,0.131,51904.293
0.14096999,0.10738042,0.131,51881.848
0.13843,0.10584967,0.131,51866.512
0.13589001,0.10431892,0.131,51857.332
0.13335,0.10278817,0.131,51852.863
0.13080999,0.10125741,0.131,51851.434
0.12827,0.10278817,0.131,51828.258
0.19938999,0.13925001,0.131,52644.199
0.19685,0.1387125,0.131,52624.551
0.19431001,0.13809437,0.131,52603.531
0.19177,0.13738354,0.131,52581.316
0.18923,0.13656607,0.131,52558.492
0.18669,0.13562597,0.131,52534.859
0.18415,0.13454486,0.131,52511.059
0.18161,0.13330159,0.131,52486.426
0.17907001,0.13187183,0.131,52461.637
0.17653,0.13034171,0.131,52435.113
0.17399001,0.12881094,0.131,52404.977
0.17144999,0.12728021,0.131,52371.648
0.16891,0.12574944,0.131,52334.305
0.16636999,0.12421869,0.131,52293.297
0.16383,0.12268794,0.131,52248.598
0.16128999,0.12115719,0.131,52200.973
0.15875,0.11962645,0.131,52151.348
0.15621001,0.11809569,0.131,52101.121
0.15367,0.11656493,0.131,52051.867
0.15112999,0.11503418,0.131,52005.207
0.14859,0.11350343,0.131,51962.684
0.14604999,0.11197267,0.131,51925.648
0.14351,0.11044192,0.131,51895.172
0.14096999,0.10891117,0.131,51871.816
0.13843,0.10738042,0.131,51855.527
0.13589001,0.10584967,0.131,51845.562
0.13335,0.10431892,0.131,51840.676
0.13080999,0.10278817,0.131,51839.293
0.12827,0.10431892,0.131,51817.086
0.19685,0.13925001,0.131,52620.512
0.19431001,0.1387125,0.131,52598.59
0.19177,0.13809437,0.131,52575.473
0.18923,0.13738354,0.131,52551.227
0.18669,0.13656607,0.131,52526.312
0.18415,0.13562597,0.131,52500.426
0.18161,0.13454486,0.131,52474.094
0.17907001,0.13330159,0.131,52446.605
0.17653,0.13187183,0.131,52418.641
0.17399001,0.13034171,0.131,52388.762
0.17144999,0.12881094,0.131,52355.285
0.16891,0.12728021,0.131,52318.707
0.16636999,0.12574944,0.131,52278.418
0.16383,0.12421869,0.131,52234.945
0.16128999,0.12268794,0.131,52188.586
0.15875,0.12115719,0.131,52140.363
0.15621001,0.11962645,0.131,52091.441
0.15367,0.11809569,0.131,52043.301
0.15112999,0.11656493,0.131,51997.441
0.14859,0.11503418,0.131,51955.277
0.14604999,0.11350343,0.131,51918.125
0.14351,0.11197267,0.131,51887.07
0.14096999,0.11044192,0.131,51862.824
0.13843,0.10891117,0.131,51845.508
0.13589001,0.10738042,0.131,51834.621
0.13335,0.10584967,0.131,51829.105
0.13080999,0.10431892,0.131,51827.543
0.12827,0.10584967,0.131,51806.254
0.19431001,0.13925001,0.131,52594.379
0.19177,0.1387125,0.131,52570.355
0.18923,0.13809437,0.131,52545.199
0.18669,0.13738354,0.131,52518.867
0.18415,0.13656607,0.131,52491.746
0.18161,0.13562597,0.131,52463.438
0.17907001,0.13454486,0.131,52434.434
0.17653,0.13330159,0.131,52404.07
0.17399001,0.13187183,0.131,52373.066
0.17144999,0.13034171,0.131,52340.121
0.16891,0.12881094,0.131,52303.73
0.16636999,0.12728021,0.131,52264.449
0.16383,0.12574944,0.131,52221.926
0.16128999,0.12421869,0.131,52176.898
0.15875,0.12268794,0.131,52129.977
0.15621001,0.12115719,0.131,52082.367
0.15367,0.11962645,0.131,52035.359
0.15112999,0.11809569,0.131,51990.352
0.14859,0.11656493,0.131,51948.66
0.14604999,0.11503418,0.131,51911.5
0.14351,0.11350343,0.131,51879.969
0.14096999,0.11197267,0.131,51854.863
0.13843,0.11044192,0.131,51836.5
0.13589001,0.10891117,0.131,51824.566
0.13335,0.10738042,0.131,51818.246
0.13080999,0.10584967,0.131,51816.273
0.12827,0.10738042,0.131,51795.852
0.19177,0.13925001,0.131,52566.004
0.18923,0.1387125,0.131,52539.941
0.18669,0.13809437,0.131,52512.707
0.18415,0.13738354,0.131,52484.211
0.18161,0.13656607,0.131,52454.758
0.17907001,0.13562597,0.131,52423.957
0.17653,0.13454486,0.131,52392.309
0.17399001,0.13330159,0.131,52359.246
0.17144999,0.13187183,0.131,52325.508
0.16891,0.13034171,0.131,52289.891
0.16636999,0.12881094,0.131,52251.09
0.16383,0.12728021,0.131,52209.75
0.16128999,0.12574944,0.131,52165.824
0.15875,0.12421869,0.131,52120.242
0.15621001,0.12268794,0.131,52073.879
0.15367,0.12115719,0.131,52028.016
0.15112999,0.11962645,0.131,51983.91
0.14859,0.11809569,0.131,51942.762
0.14604999,0.11656493,0.131,51905.719
0.14351,0.11503418,0.131,51873.812
0.14096999,0.11350343,0.131,51847.93
0.13843,0.11197267,0.131,51828.508
0.13589001,0.11044192,0.131,51815.461
0.13335,0.10891117,0.131,51808.164
0.13080999,0.10738042,0.131,51805.578
0.12827,0.10891117,0.131,51785.957
0.18923,0.13925001,0.131,52535.477
0.18669,0.1387125,0.131,52507.352
0.18415,0.13809437,0.131,52477.984
0.18161,0.13738354,0.131,52447.25
0.17907001,0.13656607,0.131,52415.449
0.17653,0.13562597,0.131,52382.234
0.17399001,0.13454486,0.131,52348.133
0.17144999,0.13330159,0.131,52312.691
0.16891,0.13187183,0.131,52276.613
0.16636999,0.13034171,0.131,52238.789
0.16383,0.12881094,0.131,52198.16
0.16128999,0.12728021,0.131,52155.508
0.15875,0.12574944,0.131,52111.09
0.15621001,0.12421869,0.131,52065.996
0.15367,0.12268794,0.131,52021.246
0.15112999,0.12115719,0.131,51978.059
0.14859,0.11962645,0.131,51937.539
0.14604999,0.11809569,0.131,51900.703
0.14351,0.11656493,0.131,51868.559
0.14096999,0.11503418,0.131,51841.977
0.13843,0.11350343,0.131,51821.543
0.13589001,0.11197267,0.131,51807.328
0.13335,0.11044192,0.131,51798.938
0.13080999,0.10891117,0.131,51795.527
0.12827,0.11044192,0.131,51776.648
0.18669,0.13925001,0.131,52502.812
0.18415,0.1387125,0.131,52472.594
0.18161,0.13809437,0.131,52441.062
0.17907001,0.13738354,0.131,52408.117
0.17653,0.13656607,0.131,52374.07
0.17399001,0.13562597,0.131,52338.656
0.17144999,0.13454486,0.131,52302.43
0.16891,0.13330159,0.131,52265.016
0.16636999,0.13187183,0.131,52227.035
0.16383,0.13034171,0.131,52187.531
0.16128999,0.12881094,0.131,52145.754
0.15875,0.12728021,0.131,52102.621
0.15621001,0.12574944,0.131,52058.66
0.15367,0.12421869,0.131,52015.035
0.15112999,0.12268794,0.131,51972.777
0.14859,0.12115719,0.131,51932.926
0.14604999,0.11962645,0.131,51896.414
0.14351,0.11809569,0.131,51864.129
0.14096999,0.11656493,0.131,51836.969
0.13843,0.11503418,0.131,51815.574
0.13589001,0.11350343,0.131,51800.191
0.13335,0.11197267,0.131,51790.609
0.13080999,0.11044192,0.131,51786.211
0.18415,0.13925001,0.131,52468.031
0.18161,0.1387125,0.131,52435.719
0.17907001,0.13809437,0.131,52402.082
0.17653,0.13738354,0.131,52367.059
0.17399001,0.13656607,0.131,52330.996
0.17144999,0.13562597,0.131,52293.715
0.16891,0.13454486,0.131,52255.766
0.16636999,0.13330159,0.131,52216.82
0.16383,0.13187183,0.131,52177.43
0.16128999,0.13034171,0.131,52136.855
0.15875,0.12881094,0.131,52094.68
0.15621001,0.12728021,0.131,52051.938
0.15367,0.12574944,0.131,52009.348
0.15112999,0.12421869,0.131,51968.027
0.14859,0.12268794,0.131,51928.887
0.14604999,0.12115719,0.131,51892.762
0.14351,0.11962645,0.131,51860.477
0.14096999,0.11809569,0.131,51832.84
0.13843,0.11656493,0.131,51810.582
0.13589001,0.11503418,0.131,51794.047
0.13335,0.11350343,0.131,51783.223
0.13080999,0.11197267,0.131,51777.703
0.18161,0.13925001,0.131,52431.207
0.17907001,0.1387125,0.131,52396.887
0.17653,0.13809437,0.131,52361.301
0.17399001,0.13738354,0.131,52324.441
0.17144999,0.13656607,0.131,52286.695
0.16891,0.13562597,0.131,52247.949
0.16636999,0.13454486,0.131,52208.703
0.16383,0.13330159,0.131,52168.695
0.16128999,0.13187183,0.131,52128.453
0.15875,0.13034171,0.131,52087.488
0.15621001,0.12881094,0.131,52045.715
0.15367,0.12728021,0.131,52004.215
0.15112999,0.12574944,0.131,51963.789
0.14859,0.12421869,0.131,51925.375
0.14604999,0.12268794,0.131,51889.711
0.14351,0.12115719,0.131,51857.508
0.14096999,0.11962645,0.131,51829.539
0.13843,0.11809569,0.131,51806.504
0.13589001,0.11656493,0.131,51788.883
0.13335,0.11503418,0.131,51776.797
0.13080999,0.11350343,0.131,51770.051
0.17907001,0.13925001,0.131,52392.508
0.17653,0.1387125,0.131,52356.355
0.17399001,0.13809437,0.131,52319.07
0.17144999,0.13738354,0.131,52280.711
0.16891,0.13656607,0.131,52241.664
0.16636999,0.13562597,0.131,52201.879
0.16383,0.13454486,0.131,52161.789
0.16128999,0.13330159,0.131,52121.242
0.15875,0.13187183,0.131,52080.773
0.15621001,0.13034171,0.131,52040.148
0.15367,0.12881094,0.131,51999.562
0.15112999,0.12728021,0.131,51960.051
0.14859,0.12574944,0.131,51922.359
0.14604999,0.12421869,0.131,51887.195
0.14351,0.12268794,0.131,51855.188
0.14096999,0.12115719,0.131,51826.984
0.13843,0.11962645,0.131,51803.305
0.13589001,0.11809569,0.131,51784.66
0.13335,0.11656493,0.131,51771.332
0.13080999,0.11503418,0.131,51763.281
0.17653,0.13925001,0.131,52352.195
0.17399001,0.1387125,0.131,52314.469
0.17144999,0.13809437,0.131,52275.816
0.16891,0.13738354,0.131,52236.34
0.16636999,0.13656607,0.131,52196.414
0.16383,0.13562597,0.131,52156.02
0.16128999,0.13454486,0.131,52115.582
0.15875,0.13330159,0.131,52075.07
0.15621001,0.13187183,0.131,52035.031
0.15367,0.13034171,0.131,51995.484
0.15112999,0.12881094,0.131,51956.781
0.14859,0.12728021,0.131,51919.82
0.14604999,0.12574944,0.131,51885.188
0.14351,0.12421869,0.131,51853.422
0.14096999,0.12268794,0.131,51825.125
0.13843,0.12115719,0.131,51800.902
0.13589001,0.11962645,0.131,51781.352
0.13335,0.11809569,0.131,51766.812
0.13080999,0.11656493,0.131,51757.441
0.17399001,0.13925001,0.131,52310.605
0.17144999,0.1387125,0.131,52271.633
0.16891,0.13809437,0.131,52231.992
0.16636999,0.13738354,0.131,52191.805
0.16383,0.13656607,0.131,52151.422
0.16128999,0.13562597,0.131,52110.891
0.15875,0.13454486,0.131,52070.637
0.15621001,0.13330159,0.131,52030.766
0.15367,0.13187183,0.131,51991.836
0.15112999,0.13034171,0.131,51954.016
0.14859,0.12881094,0.131,51917.727
0.14604999,0.12728021,0.131,51883.629
0.14351,0.12574944,0.131,51852.191
0.14096999,0.12421869,0.131,51823.863
0.13843,0.12268794,0.131,51799.25
0.13589001,0.12115719,0.131,51778.879
0.13335,0.11962645,0.131,51763.223
0.13080999,0.11809569,0.131,51752.527
0.17144999,0.13925001,0.131,52268.133
0.16891,0.1387125,0.131,52228.293
0.16636999,0.13809437,0.131,52188.055
0.16383,0.13738354,0.131,52147.57
0.16128999,0.13656607,0.131,52107.172
0.15875,0.13562597,0.131,52067.008
0.15621001,0.13454486,0.131,52027.508
0.15367,0.13330159,0.131,51988.887
0.15112999,0.13187183,0.131,51951.676
0.14859,0.13034171,0.131,51916.09
0.14604999,0.12881094,0.131,51882.52
0.14351,0.12728021,0.131,51851.406
0.14096999,0.12574944,0.131,51823.172
0.13843,0.12421869,0.131,51798.246
0.13589001,0.12268794,0.131,51777.207
0.13335,0.12115719,0.131,51760.508
0.13080999,0.11962645,0.131,51748.531
0.12827,0.11809569,0.131,51741.41
0.16891,0.13925001,0.131,52225.199
0.16636999,0.1387125,0.131,52184.879
0.16383,0.13809437,0.131,52144.441
0.16128999,0.13738354,0.131,52104.086
0.15875,0.13656607,0.131,52064.16
0.15621001,0.13562597,0.131,52024.895
0.15367,0.13454486,0.131,51986.723
0.15112999,0.13330159,0.131,51949.906
0.14859,0.13187183,0.131,51914.867
0.14604999,0.13034171,0.131,51881.82
0.14351,0.12881094,0.131,51851.078
0.14096999,0.12728021,0.131,51822.945
0.13843,0.12574944,0.131,51797.863
0.13589001,0.12421869,0.131,51776.242
0.13335,0.12268794,0.131,51758.625
0.13080999,0.12115719,0.131,51745.43
0.12827,0.11962645,0.131,51736.93
0.16636999,0.13925001,0.131,52182.227
0.16383,0.1387125,0.131,52141.812
0.16128999,0.13809437,0.131,52101.59
0.15875,0.13738354,0.131,52061.824
0.15621001,0.13656607,0.131,52022.891
0.15367,0.13562597,0.131,51985.059
0.15112999,0.13454486,0.131,51948.719
0.14859,0.13330159,0.131,51914.105
0.14604999,0.13187183,0.131,51881.516
0.14351,0.13034171,0.131,51851.121
0.14096999,0.12881094,0.131,51823.191
0.13843,0.12728021,0.131,51797.977
0.13589001,0.12574944,0.131,51775.941
0.13335,0.12421869,0.131,51757.5
0.13080999,0.12268794,0.131,51743.184
0.12827,0.12115719,0.131,51733.34
0.16383,0.13925001,0.131,52139.617
0.16128999,0.1387125,0.131,52099.516
0.15875,0.13809437,0.131,52059.961
0.15621001,0.13738354,0.131,52021.281
0.15367,0.13656607,0.131,51983.84
0.15112999,0.13562597,0.131,51947.898
0.14859,0.13454486,0.131,51913.75
0.14604999,0.13330159,0.131,51881.586
0.14351,0.13187183,0.131,51851.547
0.14096999,0.13034171,0.131,51823.785
0.13843,0.12881094,0.131,51798.586
0.13589001,0.12728021,0.131,51776.188
0.13335,0.12574944,0.131,51757.086
0.13080999,0.12421869,0.131,51741.738
0.12827,0.12268794,0.131,51730.613
0.16128999,0.13925001,0.131,52097.781
0.15875,0.1387125,0.131,52058.426
0.15621001,0.13809437,0.131,52020.027
0.15367,0.13738354,0.131,51982.91
0.15112999,0.13656607,0.131,51947.379
0.14859,0.13562597,0.131,51913.645
0.14604999,0.13454486,0.131,51881.895
0.14351,0.13330159,0.131,51852.27
0.14096999,0.13187183,0.131,51824.773
0.13843,0.13034171,0.131,51799.562
0.13589001,0.12881094,0.131,51776.969
0.13335,0.12728021,0.131,51757.277
0.13080999,0.12574944,0.131,51741.047
0.12827,0.12421869,0.131,51728.719
0.15875,0.13925001,0.131,52057.156
0.15621001,0.1387125,0.131,52019.012
0.15367,0.13809437,0.131,51982.223
0.15112999,0.13738354,0.131,51947.047
0.14859,0.13656607,0.131,51913.711
0.14604999,0.13562597,0.131,51882.375
0.14351,0.13454486,0.131,51853.105
0.14096999,0.13330159,0.131,51825.984
0.13843,0.13187183,0.131,51800.93
0.13589001,0.13034171,0.131,51778.141
0.13335,0.12881094,0.131,51758.051
0.13080999,0.12728021,0.131,51741.02
0.12827,0.12574944,0.131,51727.609
0.15621001,0.13925001,0.131,52018.199
0.15367,0.1387125,0.131,51981.691
0.15112999,0.13809437,0.131,51946.855
0.14859,0.13738354,0.131,51913.891
0.14604999,0.13656607,0.131,51882.914
0.14351,0.13562597,0.131,51854.035
0.14096999,0.13454486,0.131,51827.227
0.13843,0.13330159,0.131,51802.492
0.13589001,0.13187183,0.131,51779.734
0.13335,0.13034171,0.131,51759.258
0.13080999,0.12881094,0.131,51741.617
0.12827,0.12728021,0.131,51727.223
0.15367,0.13925001,0.131,51981.289
0.15112999,0.1387125,0.131,51946.758
0.14859,0.13809437,0.131,51914.121
0.14604999,0.13738354,0.131,51883.504
0.14351,0.13656607,0.131,51854.945
0.14096999,0.13562597,0.131,51828.488
0.13843,0.13454486,0.131,51804.016
0.13589001,0.13330159,0.131,51781.508
0.13335,0.13187183,0.131,51760.918
0.13080999,0.13034171,0.131,51742.711
0.12827,0.12881094,0.131,51727.504
0.15112999,0.13925001,0.131,51946.723
0.14859,0.1387125,0.131,51914.391
0.14604999,0.13809437,0.131,51884.074
0.14351,0.13738354,0.131,51855.852
0.14096999,0.13656607,0.131,51829.676
0.13843,0.13562597,0.131,51805.523
0.13589001,0.13454486,0.131,51783.219
0.13335,0.13330159,0.131,51762.785
0.13080999,0.13187183,0.131,51744.301
0.12827,0.13034171,0.131,51728.348
0.14859,0.13925001,0.131,51914.664
0.14604999,0.1387125,0.131,51884.641
0.14351,0.13809437,0.131,51856.68
0.14096999,0.13738354,0.131,51830.809
0.13843,0.13656607,0.131,51806.902
0.13589001,0.13562597,0.131,51784.879
0.13335,0.13454486,0.131,51764.586
0.13080999,0.13330159,0.131,51746.137
0.12827,0.13187183,0.131,51729.734
0.14604999,0.13925001,0.131,51885.156
0.14351,0.1387125,0.131,51857.469
0.14096999,0.13809437,0.131,51831.828
0.13843,0.13738354,0.131,51808.195
0.13589001,0.13656607,0.131,51786.387
0.13335,0.13562597,0.131,51766.328
0.13080999,0.13454486,0.131,51747.934
0.12827,0.13330159,0.131,51731.426
0.14351,0.13925001,0.131,51858.168
0.14096999,0.1387125,0.131,51832.773
0.13843,0.13809437,0.131,51809.344
0.13589001,0.13738354,0.131,51787.785
0.13335,0.13656607,0.131,51767.914
0.13080999,0.13562597,0.131,51749.688
0.12827,0.13454486,0.131,51733.137
0.14096999,0.13925001,0.131,51833.609
0.13843,0.1387125,0.131,51810.398
0.13589001,0.13809437,0.131,51789.023
0.13335,0.13738354,0.131,51769.375
0.13080999,0.13656607,0.131,51751.293
0.12827,0.13562597,0.131,51734.824
0.13843,0.13925001,0.131,51811.32
0.13589001,0.1387125,0.131,51790.148
0.13335,0.13809437,0.131,51770.664
0.13080999,0.13738354,0.131,51752.773
0.12827,0.13656607,0.131,51736.387
0.13589001,0.13925001,0.131,51791.129
0.13335,0.1387125,0.131,51771.836
0.13080999,0.13809437,0.131,51754.086
0.12827,0.13738354,0.131,51737.832
0.13335,0.13925001,0.131,51772.852
0.13080999,0.1387125,0.131,51755.273
0.12827,0.13809437,0.131,51739.121
0.13080999,0.13925001,0.131,51756.305
0.12827,0.1387125,0.131,51740.289
0.12827,0.13925001,0.131,51741.305
0.21971001,0.01275,0.131,52746.703
0.22225,0.01275,0.131,52752.605
0.21971001,0.0132875,0.131,52746.898
0.22478999,0.01275,0.131,52758.238
0.22225,0.0132875,0.131,52752.094
0.21971001,0.013905625,0.131,52746.953
0.22733,0.01275,0.131,52764.027
0.22478999,0.0132875,0.131,52756.984
0.22225,0.013905625,0.131,52751.32
0.22986999,0.01275,0.131,52770.348
0.22733,0.0132875,0.131,52762.0
0.22478999,0.013905625,0.131,52755.352
0.22225,0.014616469,0.131,52750.355
0.23241,0.01275,0.131,52777.488
0.22986999,0.0132875,0.131,52767.543
0.22733,0.013905625,0.131,52759.5
0.22478999,0.014616469,0.131,52753.41
0.23495001,0.01275,0.131,52785.605
0.23241,0.0132875,0.131,52773.922
0.22986999,0.013905625,0.131,52764.188
0.22733,0.014616469,0.131,52756.57
0.22478999,0.01543394,0.131,52750.934
0.23749,0.01275,0.131,52794.738
0.23495001,0.0132875,0.131,52781.336
0.23241,0.013905625,0.131,52769.734
0.22986999,0.014616469,0.131,52760.258
0.22733,0.01543394,0.131,52752.953
0.24002999,0.01275,0.131,52804.754
0.23749,0.0132875,0.131,52789.836
0.23495001,0.013905625,0.131,52776.352
0.23241,0.014616469,0.131,52764.832
0.22986999,0.01543394,0.131,52755.52
0.22733,0.016374029,0.131,52748.66
0.24257,0.01275,0.131,52815.387
0.24002999,0.0132875,0.131,52799.305
0.23749,0.013905625,0.131,52784.121
0.23495001,0.014616469,0.131,52770.539
0.23241,0.01543394,0.131,52758.996
0.22986999,0.016374029,0.131,52749.965
0.24510999,0.01275,0.131,52826.258
0.24257,0.0132875,0.131,52809.496
0.24002999,0.013905625,0.131,52792.941
0.23749,0.014616469,0.131,52777.469
0.23495001,0.01543394,0.131,52763.652
0.23241,0.016374029,0.131,52752.211
0.24765,0.01275,0.131,52837.035
0.24510999,0.0132875,0.131,52820.055
0.24257,0.013905625,0.131,52802.598
0.24002999,0.014616469,0.131,52785.547
0.23749,0.01543394,0.131,52769.602
0.23495001,0.016374029,0.131,52755.691
0.23241,0.017455135,0.131,52744.078
0.25018999,0.01275,0.131,52847.211
0.24765,0.0132875,0.131,52830.68
0.24510999,0.013905625,0.131,52812.758
0.24257,0.014616469,0.131,52794.582
0.24002999,0.01543394,0.131,52776.789
0.23749,0.016374029,0.131,52760.539
0.23495001,0.017455135,0.131,52746.223
0.25272998,0.01275,0.131,52856.719
0.25018999,0.0132875,0.131,52840.867
0.24765,0.013905625,0.131,52823.176
0.24510999,0.014616469,0.131,52804.301
0.24257,0.01543394,0.131,52785.078
0.24002999,0.016374029,0.131,52766.727
0.23749,0.017455135,0.131,52749.801
0.25272998,0.0132875,0.131,52850.555
0.25018999,0.013905625,0.131,52833.348
0.24765,0.014616469,0.131,52814.484
0.24510999,0.01543394,0.131,52794.238
0.24257,0.016374029,0.131,52774.168
0.24002999,0.017455135,0.131,52754.812
0.23749,0.018698405,0.131,52737.648
0.25272998,0.013905625,0.131,52843.215
0.25018999,0.014616469,0.131,52824.645
0.24765,0.01543394,0.131,52804.113
0.24510999,0.016374029,0.131,52782.711
0.24257,0.017455135,0.131,52761.254
0.24002999,0.018698405,0.131,52741.387
0.23749,0.020128164,0.131,52723.336
0.25272998,0.014616469,0.131,52834.719
0.25018999,0.01543394,0.131,52814.223
0.24765,0.016374029,0.131,52792.242
0.24510999,0.017455135,0.131,52769.043
0.24257,0.018698405,0.131,52746.734
0.24002999,0.020128164,0.131,52725.648
0.23749,0.021658298,0.131,52708.043
0.25272998,0.01543394,0.131,52824.504
0.25018999,0.016374029,0.131,52802.289
0.24765,0.017455135,0.131,52778.137
0.24510999,0.018698405,0.131,52753.707
0.24257,0.020128164,0.131,52729.77
0.24002999,0.021658298,0.131,52708.949
0.25272998,0.016374029,0.131,52812.793
0.25018999,0.017455135,0.131,52788.062
0.24765,0.018698405,0.131,52762.316
0.24510999,0.020128164,0.131,52735.809
0.24257,0.021658298,0.131,52711.859
0.24002999,0.023189049,0.131,52692.996
0.25272998,0.017455135,0.131,52798.758
0.25018999,0.018698405,0.131,52772.098
0.24765,0.020128164,0.131,52743.832
0.24510999,0.021658298,0.131,52716.965
0.24257,0.023189049,0.131,52694.867
0.25272998,0.018698405,0.131,52782.965
0.25018999,0.020128164,0.131,52753.379
0.24765,0.021658298,0.131,52724.379
0.24510999,0.023189049,0.131,52699.148
0.24257,0.024719801,0.131,52678.082
0.25272998,0.020128164,0.131,52764.359
0.25018999,0.021658298,0.131,52733.641
0.24765,0.023189049,0.131,52705.996
0.24510999,0.024719801,0.131,52681.613
0.25272998,0.021658298,0.131,52744.668
0.25018999,0.023189049,0.131,52714.949
0.24765,0.024719801,0.131,52687.91
0.24510999,0.026250554,0.131,52665.316
0.25272998,0.023189049,0.131,52725.941
0.25018999,0.024719801,0.131,52696.531
0.24765,0.026250554,0.131,52671.133
0.24510999,0.027781306,0.131,52649.746
0.25272998,0.024719801,0.131,52707.41
0.25018999,0.026250554,0.131,52679.43
0.24765,0.027781306,0.131,52655.133
0.25272998,0.026250554,0.131,52690.145
0.25018999,0.027781306,0.131,52663.098
0.25272998,0.027781306,0.131,52673.594
0.25018999,0.029312057,0.131,52648.168
0.25272998,0.029312057,0.131,52658.414
0.25018999,0.030842811,0.131,52634.293
0.25272998,0.030842811,0.131,52644.25
0.12572999,0.13925001,0.131,51727.695
0.12572999,0.1387125,0.131,51726.734
0.12318999,0.13925001,0.131,51715.328
0.12572999,0.13809437,0.131,51725.633
0.12318999,0.1387125,0.131,51714.449
0.12064999,0.13925001,0.131,51704.109
0.12572999,0.13738354,0.131,51724.414
0.12318999,0.13809437,0.131,51713.449
0.12064999,0.1387125,0.131,51703.336
0.11811,0.13925001,0.131,51694.059
0.12572999,0.13656607,0.131,51723.062
0.12318999,0.13738354,0.131,51712.355
0.12064999,0.13809437,0.131,51702.473
0.11811,0.1387125,0.131,51693.426
0.11556999,0.13925001,0.131,51685.34
0.12572999,0.13562597,0.131,51721.609
0.12318999,0.13656607,0.131,51711.156
0.12064999,0.13738354,0.131,51701.539
0.11811,0.13809437,0.131,51692.734
0.11556999,0.1387125,0.131,51684.883
0.11302999,0.13925001,0.131,51678.16
0.12572999,0.13454486,0.131,51720.07
0.12318999,0.13562597,0.131,51709.883
0.12064999,0.13656607,0.131,51700.551
0.11811,0.13738354,0.131,51692.008
0.11556999,0.13809437,0.131,51684.41
0.11302999,0.1387125,0.131,51677.93
0.11049,0.13925001,0.131,51672.703
0.12572999,0.13330159,0.131,51718.547
0.12318999,0.13454486,0.131,51708.586
0.12064999,0.13562597,0.131,51699.531
0.11811,0.13656607,0.131,51691.289
0.11556999,0.13738354,0.131,51683.949
0.11302999,0.13809437,0.131,51677.723
0.11049,0.1387125,0.131,51672.738
0.10795,0.13925001,0.131,51669.074
0.12572999,0.13187183,0.131,51717.117
0.12318999,0.13330159,0.131,51707.359
0.12064999,0.13454486,0.131,51698.566
0.11811,0.13562597,0.131,51690.598
0.11556999,0.13656607,0.131,51683.566
0.11302999,0.13738354,0.131,51677.582
0.11049,0.13809437,0.131,51672.824
0.10795,0.1387125,0.131,51669.383
0.10540999,0.13925001,0.131,51667.578
0.12572999,0.13034171,0.131,51716.066
0.12318999,0.13187183,0.131,51706.32
0.12064999,0.13330159,0.131,51697.746
0.11811,0.13454486,0.131,51690.059
0.11556999,0.13562597,0.131,51683.281
0.11302999,0.13656607,0.131,51677.594
0.11049,0.13738354,0.131,51673.059
0.10795,0.13809437,0.131,51669.754
0.10540999,0.1387125,0.131,51668.152
0.10286999,0.13925001,0.131,51668.379
0.12572999,0.12881094,0.131,51715.605
0.12318999,0.13034171,0.131,51705.754
0.12064999,0.13187183,0.131,51697.242
0.11811,0.13330159,0.131,51689.754
0.11556999,0.13454486,0.131,51683.254
0.11302999,0.13562597,0.131,51677.77
0.11049,0.13656607,0.131,51673.48
0.10795,0.13738354,0.131,51670.41
0.10540999,0.13809437,0.131,51668.855
0.10286999,0.1387125,0.131,51669.145
0.10033,0.13925001,0.131,51671.293
0.12572999,0.12728021,0.131,51715.77
0.12318999,0.12881094,0.131,51705.809
0.12064999,0.13034171,0.131,51697.301
0.11811,0.13187183,0.131,51689.906
0.11556999,0.13330159,0.131,51683.547
0.11302999,0.13454486,0.131,51678.32
0.11049,0.13562597,0.131,51674.137
0.10795,0.13656607,0.131,51671.316
0.10540999,0.13738354,0.131,51669.828
0.10286999,0.13809437,0.131,51670.078
0.10033,0.1387125,0.131,51672.191
0.097790003,0.13925001,0.131,51676.605
0.12572999,0.12574944,0.131,51716.641
0.12318999,0.12728021,0.131,51706.559
0.12064999,0.12881094,0.131,51698.012
0.11811,0.13034171,0.131,51690.711
0.11556999,0.13187183,0.131,51684.445
0.11302999,0.13330159,0.131,51679.262
0.11049,0.13454486,0.131,51675.305
0.10795,0.13562597,0.131,51672.492
0.10540999,0.13656607,0.131,51671.109
0.10286999,0.13738354,0.131,51671.309
0.10033,0.13809437,0.131,51673.293
0.097790003,0.1387125,0.131,51677.578
0.095249996,0.13925001,0.131,51684.492
0.12572999,0.12421869,0.131,51718.289
0.12318999,0.12574944,0.131,51708.035
0.12064999,0.12728021,0.131,51699.465
0.11811,0.12881094,0.131,51692.168
0.11556999,0.13034171,0.131,51686.062
0.11302999,0.13187183,0.131,51680.953
0.11049,0.13330159,0.131,51676.973
0.10795,0.13454486,0.131,51674.25
0.10540999,0.13562597,0.131,51672.785
0.10286999,0.13656607,0.131,51672.883
0.10033,0.13738354,0.131,51674.715
0.097790003,0.13809437,0.131,51678.754
0.095249996,0.1387125,0.131,51685.441
0.092709996,0.13925001,0.131,51694.812
0.12572999,0.12268794,0.131,51720.73
0.12318999,0.12421869,0.131,51710.32
0.12064999,0.12574944,0.131,51701.637
0.11811,0.12728021,0.131,51694.398
0.11556999,0.12881094,0.131,51688.324
0.11302999,0.13034171,0.131,51683.434
0.11049,0.13187183,0.131,51679.426
0.10795,0.13330159,0.131,51676.543
0.10540999,0.13454486,0.131,51675.031
0.10286999,0.13562597,0.131,51674.906
0.10033,0.13656607,0.131,51676.52
0.097790003,0.13738354,0.131,51680.266
0.095249996,0.13809437,0.131,51686.574
0.092709996,0.1387125,0.131,51695.641
0.090170003,0.13925001,0.131,51707.328
0.12572999,0.12115719,0.131,51724.027
0.12318999,0.12268794,0.131,51713.383
0.12064999,0.12421869,0.131,51704.621
0.11811,0.12574944,0.131,51697.328
0.11556999,0.12728021,0.131,51691.344
0.11302999,0.12881094,0.131,51686.449
0.11049,0.13034171,0.131,51682.691
0.10795,0.13187183,0.131,51679.738
0.10540999,0.13330159,0.131,51677.887
0.10286999,0.13454486,0.131,51677.547
0.10033,0.13562597,0.131,51678.793
0.097790003,0.13656607,0.131,51682.152
0.095249996,0.13738354,0.131,51688.035
0.092709996,0.13809437,0.131,51696.617
0.090170003,0.1387125,0.131,51707.941
0.087630004,0.13925001,0.131,51721.723
0.12572999,0.11962645,0.131,51728.16
0.12318999,0.12115719,0.131,51717.293
0.12064999,0.12268794,0.131,51708.367
0.11811,0.12421869,0.131,51701.02
0.11556999,0.12574944,0.131,51694.977
0.11302999,0.12728021,0.131,51690.207
0.11049,0.12881094,0.131,51686.43
0.10795,0.13034171,0.131,51683.684
0.10540999,0.13187183,0.131,51681.676
0.10286999,0.13330159,0.131,51680.836
0.10033,0.13454486,0.131,51681.699
0.097790003,0.13562597,0.131,51684.512
0.095249996,0.13656607,0.131,51689.836
0.092709996,0.13738354,0.131,51697.898
0.090170003,0.13809437,0.131,51708.645
0.087630004,0.1387125,0.131,51722.027
0.085089996,0.13925001,0.131,51737.633
0.12827,0.11656493,0.131,51746.781
0.12572999,0.11809569,0.131,51733.156
0.12318999,0.11962645,0.131,51722.008
0.12064999,0.12115719,0.131,51712.879
0.11811,0.12268794,0.131,51705.387
0.11556999,0.12421869,0.131,51699.324
0.11302999,0.12574944,0.131,51694.465
0.11049,0.12728021,0.131,51690.801
0.10795,0.12881094,0.131,51688.027
0.10540999,0.13034171,0.131,51686.203
0.10286999,0.13187183,0.131,51685.066
0.10033,0.13330159,0.131,51685.25
0.097790003,0.13454486,0.131,51687.477
0.095249996,0.13562597,0.131,51692.09
0.092709996,0.13656607,0.131,51699.445
0.090170003,0.13738354,0.131,51709.598
0.087630004,0.13809437,0.131,51722.348
0.085089996,0.1387125,0.131,51737.555
0.082549997,0.13925001,0.131,51754.594
0.12827,0.11503418,0.131,51753.016
0.12572999,0.11656493,0.131,51738.996
0.12318999,0.11809569,0.131,51727.492
0.12064999,0.11962645,0.131,51718.113
0.11811,0.12115719,0.131,51710.449
0.11556999,0.12268794,0.131,51704.215
0.11302999,0.12421869,0.131,51699.332
0.11049,0.12574944,0.131,51695.574
0.10795,0.12728021,0.131,51692.898
0.10540999,0.12881094,0.131,51691.0
0.10286999,0.13034171,0.131,51689.988
0.10033,0.13187183,0.131,51689.707
0.097790003,0.13330159,0.131,51691.059
0.095249996,0.13454486,0.131,51694.879
0.092709996,0.13562597,0.131,51701.402
0.090170003,0.13656607,0.131,51710.73
0.087630004,0.13738354,0.131,51722.844
0.085089996,0.13809437,0.131,51737.402
0.082549997,0.1387125,0.131,51754.086
0.080009997,0.13925001,0.131,51772.035
0.12827,0.11350343,0.131,51760.121
0.12572999,0.11503418,0.131,51745.609
0.12318999,0.11656493,0.131,51733.727
0.12064999,0.11809569,0.131,51724.027
0.11811,0.11962645,0.131,51716.098
0.11556999,0.12115719,0.131,51709.699
0.11302999,0.12268794,0.131,51704.629
0.11049,0.12421869,0.131,51700.828
0.10795,0.12574944,0.131,51698.043
0.10540999,0.12728021,0.131,51696.215
0.10286999,0.12881094,0.131,51695.043
0.10033,0.13034171,0.131,51694.77
0.097790003,0.13187183,0.131,51695.469
0.095249996,0.13330159,0.131,51698.23
0.092709996,0.13454486,0.131,51703.785
0.090170003,0.13562597,0.131,51712.191
0.087630004,0.13656607,0.131,51723.398
0.085089996,0.13738354,0.131,51737.332
0.082549997,0.13809437,0.131,51753.406
0.080009997,0.1387125,0.131,51771.082
0.077470005,0.13925001,0.131,51789.379
0.12827,0.11197267,0.131,51768.02
0.12572999,0.11350343,0.131,51752.973
0.12318999,0.11503418,0.131,51740.633
0.12064999,0.11656493,0.131,51730.547
0.11811,0.11809569,0.131,51722.312
0.11556999,0.11962645,0.131,51715.633
0.11302999,0.12115719,0.131,51710.379
0.11049,0.12268794,0.131,51706.367
0.10795,0.12421869,0.131,51703.52
0.10540999,0.12574944,0.131,51701.543
0.10286999,0.12728021,0.131,51700.387
0.10033,0.12881094,0.131,51699.84
0.097790003,0.13034171,0.131,51700.375
0.095249996,0.13187183,0.131,51702.293
0.092709996,0.13330159,0.131,51706.645
0.090170003,0.13454486,0.131,51713.93
0.087630004,0.13562597,0.131,51724.176
0.085089996,0.13656607,0.131,51737.18
0.082549997,0.13738354,0.131,51752.707
0.080009997,0.13809437,0.131,51769.863
0.077470005,0.1387125,0.131,51788.0
0.074929997,0.13925001,0.131,51806.043
0.12572999,0.11197267,0.131,51761.012
0.12318999,0.11350343,0.131,51748.148
0.12064999,0.11503418,0.131,51737.613
0.11811,0.11656493,0.131,51728.992
0.11556999,0.11809569,0.131,51721.992
0.11302999,0.11962645,0.131,51716.426
0.11049,0.12115719,0.131,51712.203
0.10795,0.12268794,0.131,51709.125
0.10540999,0.12421869,0.131,51707.051
0.10286999,0.12574944,0.131,51705.691
0.10033,0.12728021,0.131,51705.059
0.097790003,0.12881094,0.131,51705.191
0.095249996,0.13034171,0.131,51706.738
0.092709996,0.13187183,0.131,51710.051
0.090170003,0.13330159,0.131,51716.039
0.087630004,0.13454486,0.131,51725.059
0.085089996,0.13562597,0.131,51737.125
0.082549997,0.13656607,0.131,51751.766
0.080009997,0.13738354,0.131,51768.508
0.077470005,0.13809437,0.131,51786.254
0.074929997,0.1387125,0.131,51804.289
0.072389998,0.13925001,0.131,51821.352
0.12572999,0.10125741,0.131,51829.645
0.12572999,0.11044192,0.131,51769.652
0.12318999,0.11197267,0.131,51756.191
0.12064999,0.11350343,0.131,51745.145
0.11811,0.11503418,0.131,51736.074
0.11556999,0.11656493,0.131,51728.66
0.11302999,0.11809569,0.131,51722.746
0.11049,0.11962645,0.131,51718.184
0.10795,0.12115719,0.131,51714.859
0.10540999,0.12268794,0.131,51712.523
0.10286999,0.12421869,0.131,51711.012
0.10033,0.12574944,0.131,51710.109
0.097790003,0.12728021,0.131,51710.027
0.095249996,0.12881094,0.131,51711.023
0.092709996,0.13034171,0.131,51713.73
0.090170003,0.13187183,0.131,51718.496
0.087630004,0.13330159,0.131,51726.164
0.085089996,0.13454486,0.131,51736.965
0.082549997,0.13562597,0.131,51750.773
0.080009997,0.13656607,0.131,51766.75
0.077470005,0.13738354,0.131,51784.266
0.074929997,0.13809437,0.131,51802.09
0.072389998,0.1387125,0.131,51819.309
0.069849998,0.13925001,0.131,51834.547
0.12572999,0.10278817,0.131,51819.07
0.12318999,0.10125741,0.131,51820.746
0.12572999,0.10891117,0.131,51778.812
0.12318999,0.11044192,0.131,51764.695
0.12064999,0.11197267,0.131,51753.059
0.11811,0.11350343,0.131,51743.461
0.11556999,0.11503418,0.131,51735.574
0.11302999,0.11656493,0.131,51729.215
0.11049,0.11809569,0.131,51724.27
0.10795,0.11962645,0.131,51720.574
0.10540999,0.12115719,0.131,51717.957
0.10286999,0.12268794,0.131,51716.145
0.10033,0.12421869,0.131,51715.027
0.097790003,0.12574944,0.131,51714.598
0.095249996,0.12728021,0.131,51715.215
0.092709996,0.12881094,0.131,51717.207
0.090170003,0.13034171,0.131,51721.102
0.087630004,0.13187183,0.131,51727.383
0.085089996,0.13330159,0.131,51736.855
0.082549997,0.13454486,0.131,51749.445
0.080009997,0.13562597,0.131,51764.785
0.077470005,0.13656607,0.131,51781.723
0.074929997,0.13738354,0.131,51799.535
0.072389998,0.13809437,0.131,51816.75
0.069849998,0.1387125,0.131,51832.309
0.067310005,0.13925001,0.131,51845.035
0.12572999,0.10431892,0.131,51808.625
0.12318999,0.10278817,0.131,51811.184
0.12064999,0.10125741,0.131,51812.496
0.12572999,0.10738042,0.131,51788.418
0.12318999,0.10891117,0.131,51773.57
0.12064999,0.11044192,0.131,51761.273
0.11811,0.11197267,0.131,51751.074
0.11556999,0.11350343,0.131,51742.637
0.11302999,0.11503418,0.131,51735.77
0.11049,0.11656493,0.131,51730.348
0.10795,0.11809569,0.131,51726.23
0.10540999,0.11962645,0.131,51723.219
0.10286999,0.12115719,0.131,51721.082
0.10033,0.12268794,0.131,51719.637
0.097790003,0.12421869,0.131,51718.906
0.095249996,0.12574944,0.131,51719.082
0.092709996,0.12728021,0.131,51720.5
0.090170003,0.12881094,0.131,51723.484
0.087630004,0.13034171,0.131,51728.617
0.085089996,0.13187183,0.131,51736.59
0.082549997,0.13330159,0.131,51747.988
0.080009997,0.13454486,0.131,51762.258
0.077470005,0.13562597,0.131,51778.82
0.074929997,0.13656607,0.131,51796.297
0.072389998,0.13738354,0.131,51813.75
0.069849998,0.13809437,0.131,51829.504
0.067310005,0.1387125,0.131,51842.684
0.064769998,0.13925001,0.131,51852.598
0.12572999,0.10584967,0.131,51798.379
0.12318999,0.10431892,0.131,51801.617
0.12064999,0.10278817,0.131,51804.082
0.11811,0.10125741,0.131,51804.41
0.12318999,0.10738042,0.131,51782.734
0.12064999,0.10891117,0.131,51769.703
0.11811,0.11044192,0.131,51758.836
0.11556999,0.11197267,0.131,51749.781
0.11302999,0.11350343,0.131,51742.328
0.11049,0.11503418,0.131,51736.359
0.10795,0.11656493,0.131,51731.734
0.10540999,0.11809569,0.131,51728.262
0.10286999,0.11962645,0.131,51725.711
0.10033,0.12115719,0.131,51723.91
0.097790003,0.12268794,0.131,51722.824
0.095249996,0.12421869,0.131,51722.59
0.092709996,0.12574944,0.131,51723.445
0.090170003,0.12728021,0.131,51725.629
0.087630004,0.12881094,0.131,51729.633
0.085089996,0.13034171,0.131,51736.195
0.082549997,0.13187183,0.131,51746.078
0.080009997,0.13330159,0.131,51759.398
0.077470005,0.13454486,0.131,51775.129
0.074929997,0.13562597,0.131,51792.543
0.072389998,0.13656607,0.131,51809.945
0.069849998,0.13738354,0.131,51826.191
0.067310005,0.13809437,0.131,51839.727
0.064769998,0.1387125,0.131,51850.195
0.062229998,0.13925001,0.131,51857.25
0.12318999,0.10584967,0.131,51792.105
0.12064999,0.10431892,0.131,51795.531
0.11811,0.10278817,0.131,51797.25
0.11556999,0.10125741,0.131,51796.062
0.12064999,0.10738042,0.131,51778.27
0.11811,0.10891117,0.131,51766.664
0.11556999,0.11044192,0.131,51756.918
0.11302999,0.11197267,0.131,51748.816
0.11049,0.11350343,0.131,51742.23
0.10795,0.11503418,0.131,51737.023
0.10540999,0.11656493,0.131,51733.016
0.10286999,0.11809569,0.131,51729.984
0.10033,0.11962645,0.131,51727.762
0.097790003,0.12115719,0.131,51726.289
0.095249996,0.12268794,0.131,51725.656
0.092709996,0.12421869,0.131,51725.949
0.090170003,0.12574944,0.131,51727.414
0.087630004,0.12728021,0.131,51730.367
0.085089996,0.12881094,0.131,51735.617
0.082549997,0.13034171,0.131,51743.898
0.080009997,0.13187183,0.131,51755.789
0.077470005,0.13330159,0.131,51770.902
0.074929997,0.13454486,0.131,51787.797
0.072389998,0.13562597,0.131,51805.496
0.069849998,0.13656607,0.131,51821.977
0.067310005,0.13738354,0.131,51836.223
0.064769998,0.13809437,0.131,51847.18
0.062229998,0.1387125,0.131,51854.855
0.059689999,0.13925001,0.131,51859.086
0.12064999,0.10584967,0.131,51786.902
0.11811,0.10431892,0.131,51789.844
0.11556999,0.10278817,0.131,51790.254
0.11302999,0.10125741,0.131,51787.184
0.11811,0.10738042,0.131,51774.488
0.11556999,0.10891117,0.131,51763.984
0.11302999,0.11044192,0.131,51755.164
0.11049,0.11197267,0.131,51747.895
0.10795,0.11350343,0.131,51742.043
0.10540999,0.11503418,0.131,51737.43
0.10286999,0.11656493,0.131,51733.855
0.10033,0.11809569,0.131,51731.141
0.097790003,0.11962645,0.131,51729.254
0.095249996,0.12115719,0.131,51728.176
0.092709996,0.12268794,0.131,51727.996
0.090170003,0.12421869,0.131,51728.727
0.087630004,0.12574944,0.131,51730.762
0.085089996,0.12728021,0.131,51734.73
0.082549997,0.12881094,0.131,51741.574
0.080009997,0.13034171,0.131,51751.766
0.077470005,0.13187183,0.131,51765.629
0.074929997,0.13330159,0.131,51782.316
0.072389998,0.13454486,0.131,51799.859
0.069849998,0.13562597,0.131,51817.012
0.067310005,0.13656607,0.131,51831.75
0.064769998,0.13738354,0.131,51843.59
0.062229998,0.13809437,0.131,51851.879
0.059689999,0.1387125,0.131,51856.805
0.057149999,0.13925001,0.131,51858.23
0.11811,0.10584967,0.131,51782.234
0.11556999,0.10431892,0.131,51784.098
0.11302999,0.10278817,0.131,51782.801
0.11049,0.10125741,0.131,51777.629
0.11556999,0.10738042,0.131,51770.91
0.11302999,0.10891117,0.131,51761.312
0.11049,0.11044192,0.131,51753.301
0.10795,0.11197267,0.131,51746.734
0.10540999,0.11350343,0.131,51741.461
0.10286999,0.11503418,0.131,51737.27
0.10033,0.11656493,0.131,51734.027
0.097790003,0.11809569,0.131,51731.66
0.095249996,0.11962645,0.131,51730.16
0.092709996,0.12115719,0.131,51729.438
0.090170003,0.12268794,0.131,51729.574
0.087630004,0.12421869,0.131,51730.707
0.085089996,0.12574944,0.131,51733.57
0.082549997,0.12728021,0.131,51738.941
0.080009997,0.12881094,0.131,51747.629
0.077470005,0.13034171,0.131,51759.781
0.074929997,0.13187183,0.131,51775.488
0.072389998,0.13330159,0.131,51793.293
0.069849998,0.13454486,0.131,51810.688
0.067310005,0.13562597,0.131,51826.441
0.064769998,0.13656607,0.131,51838.984
0.062229998,0.13738354,0.131,51848.305
0.059689999,0.13809437,0.131,51853.93
0.057149999,0.1387125,0.131,51856.098
0.054609999,0.13925001,0.131,51854.797
0.11556999,0.10584967,0.131,51777.633
0.11302999,0.10431892,0.131,51777.988
0.11049,0.10278817,0.131,51774.711
0.10795,0.10125741,0.131,51767.289
0.11302999,0.10738042,0.131,51767.199
0.11049,0.10891117,0.131,51758.387
0.10795,0.11044192,0.131,51751.062
0.10540999,0.11197267,0.131,51745.059
0.10286999,0.11350343,0.131,51740.207
0.10033,0.11503418,0.131,51736.363
0.097790003,0.11656493,0.131,51733.492
0.095249996,0.11809569,0.131,51731.512
0.092709996,0.11962645,0.131,51730.316
0.090170003,0.12115719,0.131,51729.812
0.087630004,0.12268794,0.131,51730.188
0.085089996,0.12421869,0.131,51731.969
0.082549997,0.12574944,0.131,51736.094
0.080009997,0.12728021,0.131,51743.18
0.077470005,0.12881094,0.131,51753.836
0.074929997,0.13034171,0.131,51767.898
0.072389998,0.13187183,0.131,51785.094
0.069849998,0.13330159,0.131,51803.258
0.067310005,0.13454486,0.131,51819.652
0.064769998,0.13562597,0.131,51833.484
0.062229998,0.13656607,0.131,51843.711
0.059689999,0.13738354,0.131,51850.473
0.057149999,0.13809437,0.131,51853.41
0.054609999,0.1387125,0.131,51852.859
0.052069999,0.13925001,0.131,51849.062
0.11302999,0.10584967,0.131,51772.773
0.11049,0.10431892,0.131,51771.309
0.10795,0.10278817,0.131,51765.855
0.10540999,0.10125741,0.131,51756.078
0.11049,0.10738042,0.131,51763.113
0.10795,0.10891117,0.131,51754.973
0.10540999,0.11044192,0.131,51748.199
0.10286999,0.11197267,0.131,51742.621
0.10033,0.11350343,0.131,51738.137
0.097790003,0.11503418,0.131,51734.688
0.095249996,0.11656493,0.131,51732.211
0.092709996,0.11809569,0.131,51730.516
0.090170003,0.11962645,0.131,51729.441
0.087630004,0.12115719,0.131,51729.074
0.085089996,0.12268794,0.131,51729.98
0.082549997,0.12421869,0.131,51732.863
0.080009997,0.12574944,0.131,51738.582
0.077470005,0.12728021,0.131,51747.551
0.074929997,0.12881094,0.131,51760.215
0.072389998,0.13034171,0.131,51775.93
0.069849998,0.13187183,0.131,51793.934
0.067310005,0.13330159,0.131,51811.605
0.064769998,0.13454486,0.131,51826.445
0.062229998,0.13562597,0.131,51838.203
0.059689999,0.13656607,0.131,51846.027
0.057149999,0.13738354,0.131,51850.148
0.054609999,0.13809437,0.131,51850.402
0.052069999,0.1387125,0.131,51847.344
0.049529999,0.13925001,0.131,51841.266
0.11049,0.10584967,0.131,51767.43
0.10795,0.10431892,0.131,51763.898
0.10540999,0.10278817,0.131,51756.113
0.10286999,0.10125741,0.131,51743.949
0.10795,0.10738042,0.131,51758.438
0.10540999,0.10891117,0.131,51750.848
0.10286999,0.11044192,0.131,51744.508
0.10033,0.11197267,0.131,51739.316
0.097790003,0.11350343,0.131,51735.258
0.095249996,0.11503418,0.131,51732.227
0.092709996,0.11656493,0.131,51730.02
0.090170003,0.11809569,0.131,51728.414
0.087630004,0.11962645,0.131,51727.438
0.085089996,0.12115719,0.131,51727.465
0.082549997,0.12268794,0.131,51729.312
0.080009997,0.12421869,0.131,51733.652
0.077470005,0.12574944,0.131,51741.184
0.074929997,0.12728021,0.131,51752.121
0.072389998,0.12881094,0.131,51766.641
0.069849998,0.13034171,0.131,51783.441
0.067310005,0.13187183,0.131,51801.449
0.064769998,0.13330159,0.131,51818.035
0.062229998,0.13454486,0.131,51831.094
0.059689999,0.13562597,0.131,51840.66
0.057149999,0.13656607,0.131,51845.961
0.054609999,0.13738354,0.131,51847.418
0.052069999,0.13809437,0.131,51845.172
0.049529999,0.1387125,0.131,51839.789
0.04699,0.13925001,0.131,51831.656
0.10795,0.10584967,0.131,51761.418
0.10540999,0.10431892,0.131,51755.613
0.10286999,0.10278817,0.131,51745.434
0.10033,0.10125741,0.131,51731.004
0.10540999,0.10738042,0.131,51752.98
0.10286999,0.10891117,0.131,51745.832
0.10033,0.11044192,0.131,51739.914
0.097790003,0.11197267,0.131,51735.191
0.095249996,0.11350343,0.131,51731.59
0.092709996,0.11503418,0.131,51728.852
0.090170003,0.11656493,0.131,51726.723
0.087630004,0.11809569,0.131,51725.121
0.085089996,0.11962645,0.131,51724.453
0.082549997,0.12115719,0.131,51725.316
0.080009997,0.12268794,0.131,51728.5
0.077470005,0.12421869,0.131,51734.504
0.074929997,0.12574944,0.131,51744.0
0.072389998,0.12728021,0.131,51756.855
0.069849998,0.12881094,0.131,51772.758
0.067310005,0.13034171,0.131,51789.941
0.064769998,0.13187183,0.131,51807.348
0.062229998,0.13330159,0.131,51822.586
0.059689999,0.13454486,0.131,51833.715
0.057149999,0.13562597,0.131,51840.879
0.054609999,0.13656607,0.131,51843.582
0.052069999,0.13738354,0.131,51842.531
0.049529999,0.13809437,0.131,51837.906
0.04699,0.1387125,0.131,51830.391
0.04445,0.13925001,0.131,51820.602
0.10540999,0.10584967,0.131,51754.57
0.10286999,0.10431892,0.131,51746.379
0.10033,0.10278817,0.131,51733.887
0.097790003,0.10125741,0.131,51717.469
0.10286999,0.10738042,0.131,51746.586
0.10033,0.10891117,0.131,51739.879
0.097790003,0.11044192,0.131,51734.465
0.095249996,0.11197267,0.131,51730.246
0.092709996,0.11350343,0.131,51726.984
0.090170003,0.11503418,0.131,51724.336
0.087630004,0.11656493,0.131,51722.219
0.085089996,0.11809569,0.131,51720.863
0.082549997,0.11962645,0.131,51720.922
0.080009997,0.12115719,0.131,51722.965
0.077470005,0.12268794,0.131,51727.703
0.074929997,0.12421869,0.131,51735.574
0.072389998,0.12574944,0.131,51747.059
0.069849998,0.12728021,0.131,51761.477
0.067310005,0.12881094,0.131,51778.145
0.064769998,0.13034171,0.131,51795.172
0.062229998,0.13187183,0.131,51811.688
0.059689999,0.13330159,0.131,51825.34
0.057149999,0.13454486,0.131,51834.27
0.054609999,0.13562597,0.131,51838.898
0.052069999,0.13656607,0.131,51839.09
0.049529999,0.13738354,0.131,51835.605
0.04699,0.13809437,0.131,51828.766
0.04445,0.1387125,0.131,51819.492
0.04191,0.13925001,0.131,51808.441
0.10286999,0.10584967,0.131,51746.758
0.10033,0.10431892,0.131,51736.242
0.097790003,0.10278817,0.131,51721.68
0.095249996,0.10125741,0.131,51703.527
0.10033,0.10738042,0.131,51739.25
0.097790003,0.10891117,0.131,51733.102
0.095249996,0.11044192,0.131,51728.242
0.092709996,0.11197267,0.131,51724.406
0.090170003,0.11350343,0.131,51721.27
0.087630004,0.11503418,0.131,51718.625
0.085089996,0.11656493,0.131,51716.715
0.082549997,0.11809569,0.131,51716.0
0.080009997,0.11962645,0.131,51717.129
0.077470005,0.12115719,0.131,51720.582
0.074929997,0.12268794,0.131,51727.105
0.072389998,0.12421869,0.131,51736.941
0.069849998,0.12574944,0.131,51750.16
0.067310005,0.12728021,0.131,51765.641
0.064769998,0.12881094,0.131,51782.59
0.062229998,0.13034171,0.131,51799.191
0.059689999,0.13187183,0.131,51814.547
0.057149999,0.13330159,0.131,51826.25
0.054609999,0.13454486,0.131,51832.773
0.052069999,0.13562597,0.131,51834.871
0.049529999,0.13656607,0.131,51832.586
0.04699,0.13738354,0.131,51826.781
0.04445,0.13809437,0.131,51818.074
0.04191,0.1387125,0.131,51807.438
0.03937,0.13925001,0.131,51795.344
0.10033,0.10584967,0.131,51738.035
0.097790003,0.10431892,0.131,51725.391
0.095249996,0.10278817,0.131,51708.977
0.092709996,0.10125741,0.131,51689.203
0.097790003,0.10738042,0.131,51731.133
0.095249996,0.10891117,0.131,51725.598
0.092709996,0.11044192,0.131,51721.184
0.090170003,0.11197267,0.131,51717.508
0.087630004,0.11350343,0.131,51714.383
0.085089996,0.11503418,0.131,51711.926
0.082549997,0.11656493,0.131,51710.605
0.080009997,0.11809569,0.131,51710.852
0.077470005,0.11962645,0.131,51713.273
0.074929997,0.12115719,0.131,51718.383
0.072389998,0.12268794,0.131,51726.844
0.069849998,0.12421869,0.131,51738.496
0.067310005,0.12574944,0.131,51753.031
0.064769998,0.12728021,0.131,51769.18
0.062229998,0.12881094,0.131,51786.164
0.059689999,0.13034171,0.131,51802.07
0.057149999,0.13187183,0.131,51815.844
0.054609999,0.13330159,0.131,51825.277
0.052069999,0.13454486,0.131,51829.316
0.049529999,0.13562597,0.131,51828.867
0.04699,0.13656607,0.131,51824.152
0.04445,0.13738354,0.131,51816.34
0.04191,0.13809437,0.131,51806.152
0.03937,0.1387125,0.131,51794.367
0.036830001,0.13925001,0.131,51781.5
0.097790003,0.10584967,0.131,51728.547
0.095249996,0.10431892,0.131,51713.961
0.092709996,0.10278817,0.131,51695.785
0.090170003,0.10125741,0.131,51674.457
0.095249996,0.10738042,0.131,51722.312
0.092709996,0.10891117,0.131,51717.27
0.090170003,0.11044192,0.131,51713.074
0.087630004,0.11197267,0.131,51709.465
0.085089996,0.11350343,0.131,51706.555
0.082549997,0.11503418,0.131,51704.652
0.080009997,0.11656493,0.131,51704.211
0.077470005,0.11809569,0.131,51705.621
0.074929997,0.11962645,0.131,51709.574
0.072389998,0.12115719,0.131,51716.539
0.069849998,0.12268794,0.131,51726.859
0.067310005,0.12421869,0.131,51740.016
0.064769998,0.12574944,0.131,51755.559
0.062229998,0.12728021,0.131,51772.188
0.059689999,0.12881094,0.131,51788.945
0.057149999,0.13034171,0.131,51803.695
0.054609999,0.13187183,0.131,51815.465
0.052069999,0.13330159,0.131,51822.449
0.049529999,0.13454486,0.131,51823.906
0.04699,0.13562597,0.131,51820.902
0.04445,0.13656607,0.131,51814.031
0.04191,0.13738354,0.131,51804.586
0.03937,0.13809437,0.131,51793.125
0.036830001,0.1387125,0.131,51780.43
0.034290001,0.13925001,0.131,51767.207
0.095249996,0.10584967,0.131,51718.418
0.092709996,0.10431892,0.131,51701.949
0.090170003,0.10278817,0.131,51682.051
0.092709996,0.10738042,0.131,51712.746
0.090170003,0.10891117,0.131,51707.988
0.087630004,0.11044192,0.131,51703.926
0.085089996,0.11197267,0.131,51700.555
0.082549997,0.11350343,0.131,51698.191
0.080009997,0.11503418,0.131,51697.098
0.077470005,0.11656493,0.131,51697.715
0.074929997,0.11809569,0.131,51700.52
0.072389998,0.11962645,0.131,51706.23
0.069849998,0.12115719,0.131,51715.035
0.067310005,0.12268794,0.131,51726.984
0.064769998,0.12421869,0.131,51741.43
0.062229998,0.12574944,0.131,51757.863
0.059689999,0.12728021,0.131,51774.738
0.057149999,0.12881094,0.131,51790.781
0.054609999,0.13034171,0.131,51803.887
0.052069999,0.13187183,0.131,51813.371
0.049529999,0.13330159,0.131,51817.727
0.04699,0.13454486,0.131,51816.523
0.04445,0.13562597,0.131,51811.172
0.04191,0.13656607,0.131,51802.504
0.03937,0.13738354,0.131,51791.621
0.036830001,0.13809437,0.131,51779.102
0.034290001,0.1387125,0.131,51765.93
0.031750001,0.13925001,0.131,51752.695
0.092709996,0.10584967,0.131,51707.613
0.090170003,0.10431892,0.131,51689.273
0.087630004,0.10278817,0.131,51667.836
0.090170003,0.10738042,0.131,51702.305
0.087630004,0.10891117,0.131,51697.754
0.085089996,0.11044192,0.131,51693.98
0.082549997,0.11197267,0.131,51691.168
0.080009997,0.11350343,0.131,51689.57
0.077470005,0.11503418,0.131,51689.434
0.074929997,0.11656493,0.131,51691.32
0.072389998,0.11809569,0.131,51695.754
0.069849998,0.11962645,0.131,51703.254
0.067310005,0.12115719,0.131,51713.754
0.064769998,0.12268794,0.131,51727.207
0.062229998,0.12421869,0.131,51742.902
0.059689999,0.12574944,0.131,51760.031
0.057149999,0.12728021,0.131,51776.668
0.054609999,0.12881094,0.131,51791.438
0.052069999,0.13034171,0.131,51802.531
0.049529999,0.13187183,0.131,51809.461
0.04699,0.13330159,0.131,51811.016
0.04445,0.13454486,0.131,51807.281
0.04191,0.13562597,0.131,51799.914
0.03937,0.13656607,0.131,51789.629
0.036830001,0.13738354,0.131,51777.504
0.034290001,0.13809437,0.131,51764.371
0.031750001,0.1387125,0.131,51751.145
0.029209999,0.13925001,0.131,51738.148
0.090170003,0.10584967,0.131,51696.039
0.087630004,0.10431892,0.131,51675.988
0.087630004,0.10738042,0.131,51691.016
0.085089996,0.10891117,0.131,51686.82
0.082549997,0.11044192,0.131,51683.633
0.080009997,0.11197267,0.131,51681.562
0.077470005,0.11350343,0.131,51680.848
0.074929997,0.11503418,0.131,51681.859
0.072389998,0.11656493,0.131,51685.238
0.069849998,0.11809569,0.131,51691.367
0.067310005,0.11962645,0.131,51700.562
0.064769998,0.12115719,0.131,51712.719
0.062229998,0.12268794,0.131,51727.723
0.059689999,0.12421869,0.131,51744.543
0.057149999,0.12574944,0.131,51761.891
0.054609999,0.12728021,0.131,51777.688
0.052069999,0.12881094,0.131,51790.734
0.049529999,0.13034171,0.131,51799.457
0.04699,0.13187183,0.131,51803.555
0.04445,0.13330159,0.131,51802.355
0.04191,0.13454486,0.131,51796.379
0.03937,0.13562597,0.131,51787.164
0.036830001,0.13656607,0.131,51775.43
0.034290001,0.13738354,0.131,51762.531
0.031750001,0.13809437,0.131,51749.273
0.029209999,0.1387125,0.131,51736.293
0.02667,0.13925001,0.131,51723.75
0.087630004,0.10584967,0.131,51683.734
0.085089996,0.10431892,0.131,51662.371
0.085089996,0.10738042,0.131,51679.141
0.082549997,0.10891117,0.131,51675.574
0.080009997,0.11044192,0.131,51673.129
0.077470005,0.11197267,0.131,51671.879
0.074929997,0.11350343,0.131,51672.195
0.072389998,0.11503418,0.131,51674.559
0.069849998,0.11656493,0.131,51679.508
0.067310005,0.11809569,0.131,51687.293
0.064769998,0.11962645,0.131,51698.227
0.062229998,0.12115719,0.131,51712.172
0.059689999,0.12268794,0.131,51728.68
0.057149999,0.12421869,0.131,51746.18
0.054609999,0.12574944,0.131,51763.125
0.052069999,0.12728021,0.131,51777.559
0.049529999,0.12881094,0.131,51788.441
0.04699,0.13034171,0.131,51794.41
0.04445,0.13187183,0.131,51795.613
0.04191,0.13330159,0.131,51791.883
0.03937,0.13454486,0.131,51783.816
0.036830001,0.13562597,0.131,51772.902
0.034290001,0.13656607,0.131,51760.207
0.031750001,0.13738354,0.131,51747.102
0.029209999,0.13809437,0.131,51734.082
0.02667,0.1387125,0.131,51721.57
0.02413,0.13925001,0.131,51709.578
0.085089996,0.10584967,0.131,51670.961
0.082549997,0.10431892,0.131,51648.773
0.082549997,0.10738042,0.131,51667.055
0.080009997,0.10891117,0.131,51664.246
0.077470005,0.11044192,0.131,51662.578
0.074929997,0.11197267,0.131,51662.258
0.072389998,0.11350343,0.131,51663.789
0.069849998,0.11503418,0.131,51667.582
0.067310005,0.11656493,0.131,51674.094
0.064769998,0.11809569,0.131,51683.637
0.062229998,0.11962645,0.131,51696.531
0.059689999,0.12115719,0.131,51712.312
0.057149999,0.12268794,0.131,51729.934
0.054609999,0.12421869,0.131,51747.492
0.052069999,0.12574944,0.131,51763.449
0.049529999,0.12728021,0.131,51775.996
0.04699,0.12881094,0.131,51784.223
0.04445,0.13034171,0.131,51787.258
0.04191,0.13187183,0.131,51785.707
0.03937,0.13330159,0.131,51779.574
0.036830001,0.13454486,0.131,51769.535
0.034290001,0.13562597,0.131,51757.438
0.031750001,0.13656607,0.131,51744.422
0.029209999,0.13738354,0.131,51731.535
0.02667,0.13809437,0.131,51719.012
0.02413,0.1387125,0.131,51707.066
0.02159,0.13925001,0.131,51695.406
0.082549997,0.10584967,0.131,51658.094
0.080009997,0.10431892,0.131,51635.387
0.080009997,0.10738042,0.131,51654.973
0.077470005,0.10891117,0.131,51652.914
0.074929997,0.11044192,0.131,51652.094
0.072389998,0.11197267,0.131,51652.855
0.069849998,0.11350343,0.131,51655.66
0.067310005,0.11503418,0.131,51660.895
0.064769998,0.11656493,0.131,51669.129
0.062229998,0.11809569,0.131,51680.742
0.059689999,0.11962645,0.131,51695.742
0.057149999,0.12115719,0.131,51713.039
0.054609999,0.12268794,0.131,51731.16
0.052069999,0.12421869,0.131,51748.16
0.049529999,0.12574944,0.131,51762.527
0.04699,0.12728021,0.131,51772.598
0.04445,0.12881094,0.131,51777.867
0.04191,0.13034171,0.131,51778.012
0.03937,0.13187183,0.131,51773.773
0.036830001,0.13330159,0.131,51765.348
0.034290001,0.13454486,0.131,51753.863
0.031750001,0.13562597,0.131,51741.293
0.029209999,0.13656607,0.131,51728.457
0.02667,0.13738354,0.131,51716.066
0.02413,0.13809437,0.131,51704.164
0.02159,0.1387125,0.131,51692.598
0.01905,0.13925001,0.131,51680.949
0.080009997,0.10584967,0.131,51645.328
0.077470005,0.10431892,0.131,51622.219
0.077470005,0.10738042,0.131,51642.949
0.074929997,0.10891117,0.131,51641.672
0.072389998,0.11044192,0.131,51641.809
0.069849998,0.11197267,0.131,51643.688
0.067310005,0.11350343,0.131,51647.781
0.064769998,0.11503418,0.131,51654.656
0.062229998,0.11656493,0.131,51665.008
0.059689999,0.11809569,0.131,51678.934
0.057149999,0.11962645,0.131,51695.801
0.054609999,0.12115719,0.131,51714.043
0.052069999,0.12268794,0.131,51732.035
0.049529999,0.12421869,0.131,51747.809
0.04699,0.12574944,0.131,51759.906
0.04445,0.12728021,0.131,51767.07
0.04191,0.12881094,0.131,51769.336
0.03937,0.13034171,0.131,51766.582
0.036830001,0.13187183,0.131,51759.727
0.034290001,0.13330159,0.131,51749.535
0.031750001,0.13454486,0.131,51737.379
0.029209999,0.13562597,0.131,51724.906
0.02667,0.13656607,0.131,51712.562
0.02413,0.13738354,0.131,51700.809
0.02159,0.13809437,0.131,51689.375
0.01905,0.1387125,0.131,51677.906
0.01651,0.13925001,0.131,51666.422
0.077470005,0.10584967,0.131,51632.691
0.074929997,0.10431892,0.131,51609.305
0.074929997,0.10738042,0.131,51631.047
0.072389998,0.10891117,0.131,51630.625
0.069849998,0.11044192,0.131,51631.723
0.067310005,0.11197267,0.131,51634.727
0.064769998,0.11350343,0.131,51640.34
0.062229998,0.11503418,0.131,51649.316
0.059689999,0.11656493,0.131,51662.125
0.057149999,0.11809569,0.131,51678.223
0.054609999,0.11962645,0.131,51696.441
0.052069999,0.12115719,0.131,51715.008
0.049529999,0.12268794,0.131,51732.16
0.04699,0.12421869,0.131,51745.93
0.04445,0.12574944,0.131,51755.215
0.04191,0.12728021,0.131,51759.34
0.03937,0.12881094,0.131,51758.52
0.036830001,0.13034171,0.131,51752.871
0.034290001,0.13187183,0.131,51743.898
0.031750001,0.13330159,0.131,51732.762
0.029209999,0.13454486,0.131,51720.57
0.02667,0.13562597,0.131,51708.543
0.02413,0.13656607,0.131,51696.859
0.02159,0.13738354,0.131,51685.645
0.01905,0.13809437,0.131,51674.422
0.01651,0.1387125,0.131,51663.223
0.01397,0.13925001,0.131,51652.266
0.074929997,0.10584967,0.131,51620.234
0.072389998,0.10431892,0.131,51596.672
0.072389998,0.10738042,0.131,51619.352
0.069849998,0.10891117,0.131,51619.75
0.067310005,0.11044192,0.131,51621.801
0.064769998,0.11197267,0.131,51626.172
0.062229998,0.11350343,0.131,51633.824
0.059689999,0.11503418,0.131,51645.336
0.057149999,0.11656493,0.131,51660.555
0.054609999,0.11809569,0.131,51678.387
0.052069999,0.11962645,0.131,51697.367
0.049529999,0.12115719,0.131,51715.52
0.04699,0.12268794,0.131,51730.969
0.04445,0.12421869,0.131,51742.09
0.04191,0.12574944,0.131,51748.332
0.03937,0.12728021,0.131,51749.25
0.036830001,0.12881094,0.131,51745.293
0.034290001,0.13034171,0.131,51737.195
0.031750001,0.13187183,0.131,51726.938
0.029209999,0.13330159,0.131,51715.562
0.02667,0.13454486,0.131,51703.734
0.02413,0.13562597,0.131,51692.355
0.02159,0.13656607,0.131,51681.297
0.01905,0.13738354,0.131,51670.395
0.01651,0.13809437,0.131,51659.566
0.01397,0.1387125,0.131,51649.023
0.01143,0.13925001,0.131,51638.609
0.072389998,0.10584967,0.131,51608.012
0.069849998,0.10431892,0.131,51584.219
0.069849998,0.10738042,0.131,51607.82
0.067310005,0.10891117,0.131,51608.992
0.064769998,0.11044192,0.131,51612.242
0.062229998,0.11197267,0.131,51618.551
0.059689999,0.11350343,0.131,51628.754
0.057149999,0.11503418,0.131,51642.863
0.054609999,0.11656493,0.131,51660.145
0.052069999,0.11809569,0.131,51679.164
0.049529999,0.11962645,0.131,51698.164
0.04699,0.12115719,0.131,51714.965
0.04445,0.12268794,0.131,51727.977
0.04191,0.12421869,0.131,51736.129
0.03937,0.12574944,0.131,51739.086
0.036830001,0.12728021,0.131,51736.664
0.034290001,0.12881094,0.131,51729.957
0.031750001,0.13034171,0.131,51720.219
0.029209999,0.13187183,0.131,51709.426
0.02667,0.13330159,0.131,51698.262
0.02413,0.13454486,0.131,51687.047
0.02159,0.13562597,0.131,51676.348
0.01905,0.13656607,0.131,51665.723
0.01651,0.13738354,0.131,51655.34
0.01397,0.13809437,0.131,51645.316
0.01143,0.1387125,0.131,51635.453
0.0088900002,0.13925001,0.131,51625.41
0.069849998,0.10584967,0.131,51595.953
0.067310005,0.10431892,0.131,51571.828
0.067310005,0.10738042,0.131,51596.375
0.064769998,0.10891117,0.131,51598.566
0.062229998,0.11044192,0.131,51603.609
0.059689999,0.11197267,0.131,51612.438
0.057149999,0.11350343,0.131,51625.355
0.054609999,0.11503418,0.131,51641.805
0.052069999,0.11656493,0.131,51660.664
0.049529999,0.11809569,0.131,51680.145
0.04699,0.11962645,0.131,51698.18
0.04445,0.12115719,0.131,51712.816
0.04191,0.12268794,0.131,51722.973
0.03937,0.12421869,0.131,51727.828
0.036830001,0.12574944,0.131,51727.293
0.034290001,0.12728021,0.131,51721.852
0.031750001,0.12881094,0.131,51713.164
0.029209999,0.13034171,0.131,51702.547
0.02667,0.13187183,0.131,51691.734
0.02413,0.13330159,0.131,51681.094
0.02159,0.13454486,0.131,51670.578
0.01905,0.13562597,0.131,51660.418
0.01651,0.13656607,0.131,51650.453
0.01397,0.13738354,0.131,51641.023
0.01143,0.13809437,0.131,51631.84
0.0088900002,0.1387125,0.131,51622.469
0.0063499999,0.13925001,0.131,51612.883
0.067310005,0.10584967,0.131,51583.965
0.064769998,0.10738042,0.131,51585.223
0.062229998,0.10891117,0.131,51589.047
0.059689999,0.11044192,0.131,51596.523
0.057149999,0.11197267,0.131,51608.121
0.054609999,0.11350343,0.131,51623.598
0.052069999,0.11503418,0.131,51641.984
0.049529999,0.11656493,0.131,51661.73
0.04699,0.11809569,0.131,51680.672
0.04445,0.11962645,0.131,51696.852
0.04191,0.12115719,0.131,51708.816
0.03937,0.12268794,0.131,51715.707
0.036830001,0.12421869,0.131,51716.957
0.034290001,0.12574944,0.131,51713.172
0.031750001,0.12728021,0.131,51705.441
0.029209999,0.12881094,0.131,51695.562
0.02667,0.13034171,0.131,51684.621
0.02413,0.13187183,0.131,51674.141
0.02159,0.13330159,0.131,51664.172
0.01905,0.13454486,0.131,51654.289
0.01651,0.13562597,0.131,51644.914
0.01397,0.13656607,0.131,51636.074
0.01143,0.13738354,0.131,51627.645
0.0088900002,0.13809437,0.131,51619.105
0.0063499999,0.1387125,0.131,51610.309
0.0038099999,0.13925001,0.131,51601.281
0.064769998,0.10584967,0.131,51572.234
0.062229998,0.10738042,0.131,51574.945
0.059689999,0.10891117,0.131,51581.082
0.057149999,0.11044192,0.131,51591.324
0.054609999,0.11197267,0.131,51605.641
0.052069999,0.11350343,0.131,51623.359
0.049529999,0.11503418,0.131,51643.047
0.04699,0.11656493,0.131,51662.684
0.04445,0.11809569,0.131,51680.129
0.04191,0.11962645,0.131,51693.871
0.03937,0.12115719,0.131,51702.668
0.036830001,0.12268794,0.131,51705.902
0.034290001,0.12421869,0.131,51703.715
0.031750001,0.12574944,0.131,51697.363
0.029209999,0.12728021,0.131,51688.113
0.02667,0.12881094,0.131,51677.617
0.02413,0.13034171,0.131,51666.746
0.02159,0.13187183,0.131,51656.816
0.01905,0.13330159,0.131,51647.52
0.01651,0.13454486,0.131,51638.547
0.01397,0.13562597,0.131,51630.449
0.01143,0.13656607,0.131,51622.816
0.0088900002,0.13738354,0.131,51615.195
0.0063499999,0.13809437,0.131,51607.359
0.0038099999,0.1387125,0.131,51599.258
0.00127,0.13925001,0.131,51590.426
0.062229998,0.10584967,0.131,51561.348
0.059689999,0.10738042,0.131,51566.215
0.057149999,0.10891117,0.131,51575.062
0.054609999,0.11044192,0.131,51588.117
0.052069999,0.11197267,0.131,51604.934
0.049529999,0.11350343,0.131,51624.324
0.04699,0.11503418,0.131,51644.336
0.04445,0.11656493,0.131,51662.875
0.04191,0.11809569,0.131,51678.172
0.03937,0.11962645,0.131,51688.895
0.036830001,0.12115719,0.131,51694.039
0.034290001,0.12268794,0.131,51693.699
0.031750001,0.12421869,0.131,51688.703
0.029209999,0.12574944,0.131,51680.539
0.02667,0.12728021,0.131,51670.371
0.02413,0.12881094,0.131,51659.684
0.02159,0.13034171,0.131,51649.156
0.01905,0.13187183,0.131,51639.852
0.01651,0.13330159,0.131,51631.543
0.01397,0.13454486,0.131,51624.02
0.01143,0.13562597,0.131,51617.316
0.0088900002,0.13656607,0.131,51610.707
0.0063499999,0.13738354,0.131,51603.934
0.0038099999,0.13809437,0.131,51596.918
0.00127,0.1387125,0.131,51589.148
0.059689999,0.10584967,0.131,51551.977
0.057149999,0.10738042,0.131,51559.453
0.054609999,0.10891117,0.131,51571.152
0.052069999,0.11044192,0.131,51586.906
0.049529999,0.11197267,0.131,51605.727
0.04699,0.11350343,0.131,51625.863
0.04445,0.11503418,0.131,51645.199
0.04191,0.11656493,0.131,51661.922
0.03937,0.11809569,0.131,51674.414
0.036830001,0.11962645,0.131,51681.535
0.034290001,0.12115719,0.131,51683.02
0.031750001,0.12268794,0.131,51679.676
0.029209999,0.12421869,0.131,51672.602
0.02667,0.12574944,0.131,51663.23
0.02413,0.12728021,0.131,51652.582
0.02159,0.12881094,0.131,51642.012
0.01905,0.13034171,0.131,51631.977
0.01651,0.13187183,0.131,51623.684
0.01397,0.13330159,0.131,51616.953
0.01143,0.13454486,0.131,51611.055
0.0088900002,0.13562597,0.131,51605.59
0.0063499999,0.13656607,0.131,51600.004
0.0038099999,0.13738354,0.131,51594.195
0.00127,0.13809437,0.131,51587.652
0.057149999,0.10584967,0.131,51544.574
0.054609999,0.10738042,0.131,51554.875
0.052069999,0.10891117,0.131,51569.406
0.049529999,0.11044192,0.131,51587.453
0.04699,0.11197267,0.131,51607.418
0.04445,0.11350343,0.131,51627.316
0.04191,0.11503418,0.131,51645.219
0.03937,0.11656493,0.131,51659.391
0.036830001,0.11809569,0.131,51668.402
0.034290001,0.11962645,0.131,51671.84
0.031750001,0.12115719,0.131,51670.164
0.029209999,0.12268794,0.131,51664.504
0.02667,0.12421869,0.131,51655.949
0.02413,0.12574944,0.131,51645.809
0.02159,0.12728021,0.131,51635.027
0.01905,0.12881094,0.131,51624.789
0.01651,0.13034171,0.131,51615.707
0.01397,0.13187183,0.131,51609.098
0.01143,0.13330159,0.131,51604.188
0.0088900002,0.13454486,0.131,51599.797
0.0063499999,0.13562597,0.131,51595.527
0.0038099999,0.13656607,0.131,51591.066
0.00127,0.13738354,0.131,51585.879
0.057149999,0.10431892,0.131,51530.5
0.054609999,0.10584967,0.131,51539.383
0.052069999,0.10738042,0.131,51552.594
0.049529999,0.10891117,0.131,51569.66
0.04699,0.11044192,0.131,51589.207
0.04445,0.11197267,0.131,51609.371
0.04191,0.11350343,0.131,51628.238
0.03937,0.11503418,0.131,51643.906
0.036830001,0.11656493,0.131,51654.773
0.034290001,0.11809569,0.131,51660.129
0.031750001,0.11962645,0.131,51660.301
0.029209999,0.12115719,0.131,51656.117
0.02667,0.12268794,0.131,51648.719
0.02413,0.12421869,0.131,51639.117
0.02159,0.12574944,0.131,51628.57
0.01905,0.12728021,0.131,51617.926
0.01651,0.12881094,0.131,51608.555
0.01397,0.13034171,0.131,51601.195
0.01143,0.13187183,0.131,51596.613
0.0088900002,0.13330159,0.131,51593.441
0.0063499999,0.13454486,0.131,51590.477
0.0038099999,0.13562597,0.131,51587.496
0.00127,0.13656607,0.131,51583.832
0.054609999,0.10431892,0.131,51524.762
0.052069999,0.10584967,0.131,51536.57
0.049529999,0.10738042,0.131,51552.496
0.04699,0.10891117,0.131,51571.383
0.04445,0.11044192,0.131,51591.543
0.04191,0.11197267,0.131,51611.109
0.03937,0.11350343,0.131,51628.102
0.036830001,0.11503418,0.131,51640.699
0.034290001,0.11656493,0.131,51647.996
0.031750001,0.11809569,0.131,51650.039
0.029209999,0.11962645,0.131,51647.543
0.02667,0.12115719,0.131,51641.395
0.02413,0.12268794,0.131,51632.68
0.02159,0.12421869,0.131,51622.402
0.01905,0.12574944,0.131,51611.773
0.01651,0.12728021,0.131,51601.871
0.01397,0.12881094,0.131,51594.223
0.01143,0.13034171,0.131,51589.062
0.0088900002,0.13187183,0.131,51586.48
0.0063499999,0.13330159,0.131,51584.926
0.0038099999,0.13454486,0.131,51583.445
0.00127,0.13562597,0.131,51581.438
0.054609999,0.10278817,0.131,51511.059
0.052069999,0.10431892,0.131,51521.438
0.049529999,0.10584967,0.131,51536.078
0.04699,0.10738042,0.131,51554.098
0.04445,0.10891117,0.131,51573.984
0.04191,0.11044192,0.131,51593.984
0.03937,0.11197267,0.131,51612.074
0.036830001,0.11350343,0.131,51626.285
0.034290001,0.11503418,0.131,51635.461
0.031750001,0.11656493,0.131,51639.449
0.029209999,0.11809569,0.131,51638.711
0.02667,0.11962645,0.131,51634.055
0.02413,0.12115719,0.131,51626.348
0.02159,0.12268794,0.131,51616.68
0.01905,0.12421869,0.131,51606.094
0.01651,0.12574944,0.131,51596.047
0.01397,0.12728021,0.131,51587.82
0.01143,0.12881094,0.131,51582.484
0.0088900002,0.13034171,0.131,51579.594
0.0063499999,0.13187183,0.131,51578.914
0.0038099999,0.13330159,0.131,51579.016
0.00127,0.13454486,0.131,51578.723
0.052069999,0.10278817,0.131,51507.246
0.049529999,0.10431892,0.131,51520.516
0.04699,0.10584967,0.131,51537.477
0.04445,0.10738042,0.131,51556.844
0.04191,0.10891117,0.131,51577.0
0.03937,0.11044192,0.131,51595.949
0.036830001,0.11197267,0.131,51611.598
0.034290001,0.11350343,0.131,51622.586
0.031750001,0.11503418,0.131,51628.516
0.029209999,0.11656493,0.131,51629.664
0.02667,0.11809569,0.131,51626.613
0.02413,0.11962645,0.131,51620.168
0.02159,0.12115719,0.131,51611.258
0.01905,0.12268794,0.131,51601.023
0.01651,0.12421869,0.131,51590.855
0.01397,0.12574944,0.131,51582.398
0.01143,0.12728021,0.131,51576.539
0.0088900002,0.12881094,0.131,51573.676
0.0063499999,0.13034171,0.131,51573.0
0.0038099999,0.13187183,0.131,51574.227
0.00127,0.13330159,0.131,51575.699
0.052069999,0.10125741,0.131,51494.051
0.049529999,0.10278817,0.131,51505.871
0.04699,0.10431892,0.131,51521.621
0.04445,0.10584967,0.131,51540.238
0.04191,0.10738042,0.131,51560.285
0.03937,0.10891117,0.131,51579.836
0.036830001,0.11044192,0.131,51596.727
0.034290001,0.11197267,0.131,51609.414
0.031750001,0.11350343,0.131,51617.281
0.029209999,0.11503418,0.131,51620.359
0.02667,0.11656493,0.131,51619.074
0.02413,0.11809569,0.131,51614.043
0.02159,0.11962645,0.131,51606.152
0.01905,0.12115719,0.131,51596.441
0.01651,0.12268794,0.131,51586.406
0.01397,0.12421869,0.131,51577.719
0.01143,0.12574944,0.131,51571.629
0.0088900002,0.12728021,0.131,51568.395
0.0063499999,0.12881094,0.131,51567.988
0.0038099999,0.13034171,0.131,51569.535
0.00127,0.13187183,0.131,51572.426
0.049529999,0.10125741,0.131,51492.207
0.04699,0.10278817,0.131,51506.617
0.04445,0.10431892,0.131,51524.285
0.04191,0.10584967,0.131,51543.961
0.03937,0.10738042,0.131,51563.844
0.036830001,0.10891117,0.131,51581.754
0.034290001,0.11044192,0.131,51596.0
0.031750001,0.11197267,0.131,51605.742
0.029209999,0.11350343,0.131,51610.801
0.02667,0.11503418,0.131,51611.379
0.02413,0.11656493,0.131,51607.949
0.02159,0.11809569,0.131,51601.262
0.01905,0.11962645,0.131,51592.32
0.01651,0.12115719,0.131,51582.602
0.01397,0.12268794,0.131,51573.906
0.01143,0.12421869,0.131,51567.531
0.0088900002,0.12574944,0.131,51564.152
0.0063499999,0.12728021,0.131,51563.605
0.0038099999,0.12881094,0.131,51565.617
0.00127,0.13034171,0.131,51569.246
0.049529999,0.099726662,0.131,51479.539
0.04699,0.10125741,0.131,51492.523
0.04445,0.10278817,0.131,51509.066
0.04191,0.10431892,0.131,51528.133
0.03937,0.10584967,0.131,51548.074
0.036830001,0.10738042,0.131,51566.762
0.034290001,0.10891117,0.131,51582.391
0.031750001,0.11044192,0.131,51593.926
0.029209999,0.11197267,0.131,51600.969
0.02667,0.11350343,0.131,51603.508
0.02413,0.11503418,0.131,51601.824
0.02159,0.11656493,0.131,51596.543
0.01905,0.11809569,0.131,51588.59
0.01651,0.11962645,0.131,51579.379
0.01397,0.12115719,0.131,51570.859
0.01143,0.12268794,0.131,51564.402
0.0088900002,0.12421869,0.131,51560.715
0.0063499999,0.12574944,0.131,51560.246
0.0038099999,0.12728021,0.131,51562.32
0.00127,0.12881094,0.131,51566.625
0.049529999,0.09819591,0.131,51467.883
0.04699,0.099726662,0.131,51479.387
0.04445,0.10125741,0.131,51494.656
0.04191,0.10278817,0.131,51512.898
0.03937,0.10431892,0.131,51532.633
0.036830001,0.10584967,0.131,51551.836
0.034290001,0.10738042,0.131,51568.645
0.031750001,0.10891117,0.131,51581.859
0.029209999,0.11044192,0.131,51590.859
0.02667,0.11197267,0.131,51595.414
0.02413,0.11350343,0.131,51595.609
0.02159,0.11503418,0.131,51591.914
0.01905,0.11656493,0.131,51585.16
0.01651,0.11809569,0.131,51576.746
0.01397,0.11962645,0.131,51568.48
0.01143,0.12115719,0.131,51562.117
0.0088900002,0.12268794,0.131,51558.297
0.0063499999,0.12421869,0.131,51557.652
0.0038099999,0.12574944,0.131,51559.992
0.00127,0.12728021,0.131,51564.621
0.049529999,0.096665144,0.131,51457.227
0.04699,0.09819591,0.131,51467.227
0.04445,0.099726662,0.131,51481.113
0.04191,0.10125741,0.131,51498.336
0.03937,0.10278817,0.131,51517.617
0.036830001,0.10431892,0.131,51537.066
0.034290001,0.10584967,0.131,51554.832
0.031750001,0.10738042,0.131,51569.574
0.029209999,0.10891117,0.131,51580.473
0.02667,0.11044192,0.131,51587.074
0.02413,0.11197267,0.131,51589.258
0.02159,0.11350343,0.131,51587.32
0.01905,0.11503418,0.131,51581.957
0.01651,0.11656493,0.131,51574.512
0.01397,0.11809569,0.131,51566.855
0.01143,0.11962645,0.131,51560.648
0.0088900002,0.12115719,0.131,51556.641
0.0063499999,0.12268794,0.131,51556.133
0.0038099999,0.12421869,0.131,51558.523
0.00127,0.12574944,0.131,51563.309
0.049529999,0.0951344,0.131,51447.559
0.04699,0.096665144,0.131,51456.047
0.04445,0.09819591,0.131,51468.473
0.04191,0.099726662,0.131,51484.516
0.03937,0.10125741,0.131,51503.113
0.036830001,0.10278817,0.131,51522.547
0.034290001,0.10431892,0.131,51541.02
0.031750001,0.10584967,0.131,51557.117
0.029209999,0.10738042,0.131,51569.824
0.02667,0.10891117,0.131,51578.473
0.02413,0.11044192,0.131,51582.723
0.02159,0.11197267,0.131,51582.688
0.01905,0.11350343,0.131,51578.938
0.01651,0.11503418,0.131,51572.684
0.01397,0.11656493,0.131,51565.727
0.01143,0.11809569,0.131,51559.879
0.0088900002,0.11962645,0.131,51555.977
0.0063499999,0.12115719,0.131,51555.566
0.0038099999,0.12268794,0.131,51557.855
0.00127,0.12421869,0.131,51562.922
0.049529999,0.093603656,0.131,51438.832
0.04699,0.0951344,0.131,51445.855
0.04445,0.096665144,0.131,51456.77
0.04191,0.09819591,0.131,51471.5
0.03937,0.099726662,0.131,51489.211
0.036830001,0.10125741,0.131,51508.367
0.034290001,0.10278817,0.131,51527.297
0.031750001,0.10431892,0.131,51544.543
0.029209999,0.10584967,0.131,51558.938
0.02667,0.10738042,0.131,51569.602
0.02413,0.10891117,0.131,51575.973
0.02159,0.11044192,0.131,51577.973
0.01905,0.11197267,0.131,51575.988
0.01651,0.11350343,0.131,51571.16
0.01397,0.11503418,0.131,51565.27
0.01143,0.11656493,0.131,51559.766
0.0088900002,0.11809569,0.131,51556.609
0.0063499999,0.11962645,0.131,51555.988
0.0038099999,0.12115719,0.131,51558.395
0.00127,0.12268794,0.131,51563.316
0.049529999,0.092072897,0.131,51431.023
0.04699,0.093603656,0.131,51436.625
0.04445,0.0951344,0.131,51446.016
0.04191,0.096665144,0.131,51459.332
0.03937,0.09819591,0.131,51475.977
0.036830001,0.099726662,0.131,51494.621
0.034290001,0.10125741,0.131,51513.742
0.031750001,0.10278817,0.131,51531.914
0.029209999,0.10431892,0.131,51547.848
0.02667,0.10584967,0.131,51560.465
0.02413,0.10738042,0.131,51568.988
0.02159,0.10891117,0.131,51573.125
0.01905,0.11044192,0.131,51573.09
0.01651,0.11197267,0.131,51569.863
0.01397,0.11350343,0.131,51565.117
0.01143,0.11503418,0.131,51560.574
0.0088900002,0.11656493,0.131,51557.727
0.0063499999,0.11809569,0.131,51557.48
0.0038099999,0.11962645,0.131,51559.73
0.00127,0.12115719,0.131,51564.754
0.04699,0.092072897,0.131,51428.336
0.04445,0.093603656,0.131,51436.215
0.04191,0.0951344,0.131,51448.055
0.03937,0.096665144,0.131,51463.484
0.036830001,0.09819591,0.131,51481.398
0.034290001,0.099726662,0.131,51500.461
0.031750001,0.10125741,0.131,51519.312
0.029209999,0.10278817,0.131,51536.609
0.02667,0.10431892,0.131,51551.086
0.02413,0.10584967,0.131,51561.758
0.02159,0.10738042,0.131,51568.102
0.01905,0.10891117,0.131,51570.152
0.01651,0.11044192,0.131,51568.758
0.01397,0.11197267,0.131,51565.379
0.01143,0.11350343,0.131,51562.02
0.0088900002,0.11503418,0.131,51559.785
0.0063499999,0.11656493,0.131,51559.652
0.0038099999,0.11809569,0.131,51562.09
0.00127,0.11962645,0.131,51567.145
0.04699,0.090542138,0.131,51420.957
0.04445,0.092072897,0.131,51427.367
0.04191,0.093603656,0.131,51437.691
0.03937,0.0951344,0.131,51451.789
0.036830001,0.096665144,0.131,51468.785
0.034290001,0.09819591,0.131,51487.535
0.031750001,0.099726662,0.131,51506.824
0.029209999,0.10125741,0.131,51525.285
0.02667,0.10278817,0.131,51541.5
0.02413,0.10431892,0.131,51554.277
0.02159,0.10584967,0.131,51562.883
0.01905,0.10738042,0.131,51567.145
0.01651,0.10891117,0.131,51567.699
0.01397,0.11044192,0.131,51566.129
0.01143,0.11197267,0.131,51563.871
0.0088900002,0.11350343,0.131,51562.488
0.0063499999,0.11503418,0.131,51562.895
0.0038099999,0.11656493,0.131,51565.414
0.00127,0.11809569,0.131,51570.68
0.04699,0.089011393,0.131,51414.461
0.04445,0.090542138,0.131,51419.449
0.04191,0.092072897,0.131,51428.254
0.03937,0.093603656,0.131,51440.938
0.036830001,0.0951344,0.131,51456.852
0.034290001,0.096665144,0.131,51475.074
0.031750001,0.09819591,0.131,51494.547
0.029209999,0.099726662,0.131,51513.945
0.02667,0.10125741,0.131,51531.758
0.02413,0.10278817,0.131,51546.582
0.02159,0.10431892,0.131,51557.465
0.01905,0.10584967,0.131,51564.055
0.01651,0.10738042,0.131,51566.766
0.01397,0.10891117,0.131,51567.016
0.01143,0.11044192,0.131,51566.312
0.0088900002,0.11197267,0.131,51565.941
0.0063499999,0.11350343,0.131,51566.812
0.0038099999,0.11503418,0.131,51569.766
0.00127,0.11656493,0.131,51575.152
0.04699,0.087480649,0.131,51408.801
0.04445,0.089011393,0.131,51412.445
0.04191,0.090542138,0.131,51419.754
0.03937,0.092072897,0.131,51430.969
0.036830001,0.093603656,0.131,51445.676
0.034290001,0.0951344,0.131,51463.164
0.031750001,0.096665144,0.131,51482.578
0.029209999,0.09819591,0.131,51502.688
0.02667,0.099726662,0.131,51521.914
0.02413,0.10125741,0.131,51538.699
0.02159,0.10278817,0.131,51551.871
0.01905,0.10431892,0.131,51560.828
0.01651,0.10584967,0.131,51565.934
0.01397,0.10738042,0.131,51568.227
0.01143,0.10891117,0.131,51569.141
0.0088900002,0.11044192,0.131,51569.945
0.0063499999,0.11197267,0.131,51571.656
0.0038099999,0.11350343,0.131,51575.02
0.00127,0.11503418,0.131,51580.711
0.04699,0.08594989,0.131,51403.953
0.04445,0.087480649,0.131,51406.328
0.04191,0.089011393,0.131,51412.184
0.03937,0.090542138,0.131,51421.91
0.036830001,0.092072897,0.131,51435.301
0.034290001,0.093603656,0.131,51451.895
0.031750001,0.0951344,0.131,51471.02
0.029209999,0.096665144,0.131,51491.598
0.02667,0.09819591,0.131,51512.055
0.02413,0.099726662,0.131,51530.68
0.02159,0.10125741,0.131,51546.086
0.01905,0.10278817,0.131,51557.504
0.01651,0.10431892,0.131,51564.98
0.01397,0.10584967,0.131,51569.531
0.01143,0.10738042,0.131,51572.348
0.0088900002,0.10891117,0.131,51574.582
0.0063499999,0.11044192,0.131,51577.188
0.0038099999,0.11197267,0.131,51581.207
0.00127,0.11350343,0.131,51587.195
0.04699,0.084419131,0.131,51399.871
0.04445,0.08594989,0.131,51401.066
0.04191,0.087480649,0.131,51405.535
0.03937,0.089011393,0.131,51413.777
0.036830001,0.090542138,0.131,51425.789
0.034290001,0.092072897,0.131,51441.336
0.031750001,0.093603656,0.131,51459.969
0.029209999,0.0951344,0.131,51480.785
0.02667,0.096665144,0.131,51502.254
0.02413,0.09819591,0.131,51522.566
0.02159,0.099726662,0.131,51540.16
0.01905,0.10125741,0.131,51554.004
0.01651,0.10278817,0.131,51564.02
0.01397,0.10431892,0.131,51570.895
0.01143,0.10584967,0.131,51575.809
0.0088900002,0.10738042,0.131,51579.633
0.0063499999,0.10891117,0.131,51583.457
0.0038099999,0.11044192,0.131,51588.195
0.00127,0.11197267,0.131,51594.66
0.04699,0.082888387,0.131,51396.527
0.04445,0.084419131,0.131,51396.625
0.04191,0.08594989,0.131,51399.781
0.03937,0.087480649,0.131,51406.578
0.036830001,0.089011393,0.131,51417.172
0.034290001,0.090542138,0.131,51431.57
0.031750001,0.092072897,0.131,51449.52
0.029209999,0.093603656,0.131,51470.348
0.02667,0.0951344,0.131,51492.602
0.02413,0.096665144,0.131,51514.438
0.02159,0.09819591,0.131,51534.105
0.01905,0.099726662,0.131,51550.387
0.01651,0.10125741,0.131,51562.934
0.01397,0.10278817,0.131,51572.336
0.01143,0.10431892,0.131,51579.43
0.0088900002,0.10584967,0.131,51585.145
0.0063499999,0.10738042,0.131,51590.316
0.0038099999,0.10891117,0.131,51595.992
0.00127,0.11044192,0.131,51602.977
0.04699,0.081357636,0.131,51393.895
0.04445,0.082888387,0.131,51392.984
0.04191,0.084419131,0.131,51394.914
0.03937,0.08594989,0.131,51400.309
0.036830001,0.087480649,0.131,51409.488
0.034290001,0.089011393,0.131,51422.637
0.031750001,0.090542138,0.131,51439.781
0.029209999,0.092072897,0.131,51460.383
0.02667,0.093603656,0.131,51483.203
0.02413,0.0951344,0.131,51506.359
0.02159,0.096665144,0.131,51527.988
0.01905,0.09819591,0.131,51546.629
0.01651,0.099726662,0.131,51561.773
0.01397,0.10125741,0.131,51573.742
0.01143,0.10278817,0.131,51583.219
0.0088900002,0.10431892,0.131,51590.961
0.0063499999,0.10584967,0.131,51597.734
0.0038099999,0.10738042,0.131,51604.473
0.00127,0.10891117,0.131,51612.137
0.04699,0.079826877,0.131,51391.945
0.04445,0.081357636,0.131,51390.102
0.04191,0.082888387,0.131,51390.887
0.03937,0.084419131,0.131,51394.973
0.036830001,0.08594989,0.131,51402.75
0.034290001,0.087480649,0.131,51414.605
0.031750001,0.089011393,0.131,51430.805
0.029209999,0.090542138,0.131,51451.008
0.02667,0.092072897,0.131,51474.148
0.02413,0.093603656,0.131,51498.422
0.02159,0.0951344,0.131,51521.84
0.01905,0.096665144,0.131,51542.781
0.01651,0.09819591,0.131,51560.465
0.01397,0.099726662,0.131,51575.066
0.01143,0.10125741,0.131,51587.043
0.0088900002,0.10278817,0.131,51597.059
0.0063499999,0.10431892,0.131,51605.582
0.0038099999,0.10584967,0.131,51613.586
0.00127,0.10738042,0.131,51622.027
0.04699,0.078296125,0.131,51390.652
0.04445,0.079826877,0.131,51387.961
0.04191,0.081357636,0.131,51387.707
0.03937,0.082888387,0.131,51390.547
0.036830001,0.084419131,0.131,51396.977
0.034290001,0.08594989,0.131,51407.52
0.031750001,0.087480649,0.131,51422.664
0.029209999,0.089011393,0.131,51442.301
0.02667,0.090542138,0.131,51465.547
0.02413,0.092072897,0.131,51490.703
0.02159,0.093603656,0.131,51515.738
0.01905,0.0951344,0.131,51538.84
0.01651,0.096665144,0.131,51559.039
0.01397,0.09819591,0.131,51576.297
0.01143,0.099726662,0.131,51590.922
0.0088900002,0.10125741,0.131,51603.289
0.0063499999,0.10278817,0.131,51613.785
0.0038099999,0.10431892,0.131,51623.215
0.00127,0.10584967,0.131,51632.59
0.04445,0.078296125,0.131,51386.566
0.04191,0.079826877,0.131,51385.312
0.03937,0.081357636,0.131,51387.047
0.036830001,0.082888387,0.131,51392.168
0.034290001,0.084419131,0.131,51401.426
0.031750001,0.08594989,0.131,51415.43
0.029209999,0.087480649,0.131,51434.352
0.02667,0.089011393,0.131,51457.488
0.02413,0.090542138,0.131,51483.301
0.02159,0.092072897,0.131,51509.738
0.01905,0.093603656,0.131,51534.855
0.01651,0.0951344,0.131,51557.488
0.01397,0.096665144,0.131,51577.406
0.01143,0.09819591,0.131,51594.719
0.0088900002,0.099726662,0.131,51609.59
0.0063499999,0.10125741,0.131,51622.223
0.0038099999,0.10278817,0.131,51633.277
0.00127,0.10431892,0.131,51643.711
0.04191,0.078296125,0.131,51383.75
0.03937,0.079826877,0.131,51384.375
0.036830001,0.081357636,0.131,51388.305
0.034290001,0.082888387,0.131,51396.32
0.031750001,0.084419131,0.131,51409.145
0.029209999,0.08594989,0.131,51427.223
0.02667,0.087480649,0.131,51450.074
0.02413,0.089011393,0.131,51476.301
0.02159,0.090542138,0.131,51503.922
0.01905,0.092072897,0.131,51530.879
0.01651,0.093603656,0.131,51555.84
0.01397,0.0951344,0.131,51578.371
0.01143,0.096665144,0.131,51598.406
0.0088900002,0.09819591,0.131,51615.863
0.0063499999,0.099726662,0.131,51630.801
0.0038099999,0.10125741,0.131,51643.645
0.00127,0.10278817,0.131,51655.309
0.04191,0.076765373,0.131,51382.891
0.03937,0.078296125,0.131,51382.688
0.036830001,0.079826877,0.131,51385.492
0.034290001,0.081357636,0.131,51392.203
0.031750001,0.082888387,0.131,51403.855
0.029209999,0.084419131,0.131,51420.996
0.02667,0.08594989,0.131,51443.383
0.02413,0.087480649,0.131,51469.809
0.02159,0.089011393,0.131,51498.363
0.01905,0.090542138,0.131,51526.961
0.01651,0.092072897,0.131,51554.105
0.01397,0.093603656,0.131,51579.18
0.01143,0.0951344,0.131,51601.922
0.0088900002,0.096665144,0.131,51622.051
0.0063499999,0.09819591,0.131,51639.402
0.0038099999,0.099726662,0.131,51654.215
0.00127,0.10125741,0.131,51667.258
0.04191,0.075234622,0.131,51382.891
0.03937,0.076765373,0.131,51381.645
0.036830001,0.078296125,0.131,51383.598
0.034290001,0.079826877,0.131,51389.133
0.031750001,0.081357636,0.131,51399.582
0.029209999,0.082888387,0.131,51415.711
0.02667,0.084419131,0.131,51437.496
0.02413,0.08594989,0.131,51463.898
0.02159,0.087480649,0.131,51493.152
0.01905,0.089011393,0.131,51523.164
0.01651,0.090542138,0.131,51552.316
0.01397,0.092072897,0.131,51579.82
0.01143,0.093603656,0.131,51605.234
0.0088900002,0.0951344,0.131,51628.066
0.0063499999,0.096665144,0.131,51647.93
0.0038099999,0.09819591,0.131,51664.855
0.00127,0.099726662,0.131,51679.453
0.04191,0.07370387,0.131,51383.746
0.03937,0.075234622,0.131,51381.641
0.036830001,0.076765373,0.131,51382.605
0.034290001,0.078296125,0.131,51387.082
0.031750001,0.079826877,0.131,51396.355
0.029209999,0.081357636,0.131,51411.43
0.02667,0.082888387,0.131,51432.477
0.02413,0.084419131,0.131,51458.672
0.02159,0.08594989,0.131,51488.375
0.01905,0.087480649,0.131,51519.555
0.01651,0.089011393,0.131,51550.508
0.01397,0.090542138,0.131,51580.297
0.01143,0.092072897,0.131,51608.309
0.0088900002,0.093603656,0.131,51633.844
0.0063499999,0.0951344,0.131,51656.281
0.0038099999,0.096665144,0.131,51675.445
0.00127,0.09819591,0.131,51691.754
0.04191,0.072173119,0.131,51385.305
0.03937,0.07370387,0.131,51382.684
0.036830001,0.075234622,0.131,51382.605
0.034290001,0.076765373,0.131,51386.051
0.031750001,0.078296125,0.131,51394.18
0.029209999,0.079826877,0.131,51408.184
0.02667,0.081357636,0.131,51428.395
0.02413,0.082888387,0.131,51454.188
0.02159,0.084419131,0.131,51484.113
0.01905,0.08594989,0.131,51516.203
0.01651,0.087480649,0.131,51548.727
0.01397,0.089011393,0.131,51580.621
0.01143,0.090542138,0.131,51611.113
0.0088900002,0.092072897,0.131,51639.324
0.0063499999,0.093603656,0.131,51664.363
0.0038099999,0.0951344,0.131,51685.859
0.00127,0.096665144,0.131,51704.031
0.04191,0.070642367,0.131,51387.699
0.03937,0.072173119,0.131,51384.367
0.036830001,0.07370387,0.131,51383.598
0.034290001,0.075234622,0.131,51386.051
0.031750001,0.076765373,0.131,51393.094
0.029209999,0.078296125,0.131,51406.008
0.02667,0.079826877,0.131,51425.285
0.02413,0.081357636,0.131,51450.527
0.02159,0.082888387,0.131,51480.434
0.01905,0.084419131,0.131,51513.176
0.01651,0.08594989,0.131,51547.02
0.01397,0.087480649,0.131,51580.809
0.01143,0.089011393,0.131,51613.633
0.0088900002,0.090542138,0.131,51644.438
0.0063499999,0.092072897,0.131,51672.09
0.0038099999,0.093603656,0.131,51695.98
0.00127,0.0951344,0.131,51716.133
0.04191,0.069111615,0.131,51390.875
0.03937,0.070642367,0.131,51387.035
0.036830001,0.072173119,0.131,51385.484
0.034290001,0.07370387,0.131,51387.078
0.031750001,0.075234622,0.131,51393.094
0.029209999,0.076765373,0.131,51404.91
0.02667,0.078296125,0.131,51423.195
0.02413,0.079826877,0.131,51447.727
0.02159,0.081357636,0.131,51477.41
0.01905,0.082888387,0.131,51510.535
0.01651,0.084419131,0.131,51545.434
0.01397,0.08594989,0.131,51580.879
0.01143,0.087480649,0.131,51615.855
0.0088900002,0.089011393,0.131,51649.141
0.0063499999,0.090542138,0.131,51679.375
0.0038099999,0.092072897,0.131,51705.691
0.00127,0.093603656,0.131,51727.922
0.04191,0.067580864,0.131,51394.898
0.03937,0.069111615,0.131,51390.531
0.036830001,0.070642367,0.131,51388.297
0.034290001,0.072173119,0.131,51389.129
0.031750001,0.07370387,0.131,51394.18
0.029209999,0.075234622,0.131,51404.91
0.02667,0.076765373,0.131,51422.141
0.02413,0.078296125,0.131,51445.844
0.02159,0.079826877,0.131,51475.09
0.01905,0.081357636,0.131,51508.344
0.01651,0.082888387,0.131,51544.016
0.01397,0.084419131,0.131,51580.863
0.01143,0.08594989,0.131,51617.773
0.0088900002,0.087480649,0.131,51653.391
0.0063499999,0.089011393,0.131,51686.145
0.0038099999,0.090542138,0.131,51714.891
0.00127,0.092072897,0.131,51739.262
0.04191,0.066050112,0.131,51399.762
0.03937,0.067580864,0.131,51394.957
0.036830001,0.069111615,0.131,51392.156
0.034290001,0.070642367,0.131,51392.199
0.031750001,0.072173119,0.131,51396.355
0.029209999,0.07370387,0.131,51406.008
0.02667,0.075234622,0.131,51422.141
0.02413,0.076765373,0.131,51444.887
0.02159,0.078296125,0.131,51473.523
0.01905,0.079826877,0.131,51506.648
0.01651,0.081357636,0.131,51542.816
0.01397,0.082888387,0.131,51580.785
0.01143,0.084419131,0.131,51619.391
0.0088900002,0.08594989,0.131,51657.156
0.0063499999,0.087480649,0.131,51692.328
0.0038099999,0.089011393,0.131,51723.484
0.00127,0.090542138,0.131,51750.031
0.04191,0.064519361,0.131,51405.516
0.03937,0.066050112,0.131,51400.293
0.036830001,0.067580864,0.131,51396.965
0.034290001,0.069111615,0.131,51396.312
0.031750001,0.070642367,0.131,51399.582
0.029209999,0.072173119,0.131,51408.184
0.02667,0.07370387,0.131,51423.195
0.02413,0.075234622,0.131,51444.887
0.02159,0.076765373,0.131,51472.727
0.01905,0.078296125,0.131,51505.5
0.01651,0.079826877,0.131,51541.867
0.01397,0.081357636,0.131,51580.68
0.01143,0.082888387,0.131,51620.715
0.0088900002,0.084419131,0.131,51660.414
0.0063499999,0.08594989,0.131,51697.867
0.0038099999,0.087480649,0.131,51731.383
0.00127,0.089011393,0.131,51760.125
0.04191,0.062988609,0.131,51412.168
0.03937,0.064519361,0.131,51406.562
0.036830001,0.066050112,0.131,51402.738
0.034290001,0.067580864,0.131,51401.422
0.031750001,0.069111615,0.131,51403.855
0.029209999,0.070642367,0.131,51411.43
0.02667,0.072173119,0.131,51425.285
0.02413,0.07370387,0.131,51445.844
0.02159,0.075234622,0.131,51472.727
0.01905,0.076765373,0.131,51504.914
0.01651,0.078296125,0.131,51541.219
0.01397,0.079826877,0.131,51580.566
0.01143,0.081357636,0.131,51621.758
0.0088900002,0.082888387,0.131,51663.145
0.0063499999,0.084419131,0.131,51702.703
0.0038099999,0.08594989,0.131,51738.504
0.00127,0.087480649,0.131,51769.434
0.04191,0.061457854,0.131,51419.738
0.03937,0.062988609,0.131,51413.758
0.036830001,0.064519361,0.131,51409.477
0.034290001,0.066050112,0.131,51407.512
0.031750001,0.067580864,0.131,51409.145
0.029209999,0.069111615,0.131,51415.711
0.02667,0.070642367,0.131,51428.395
0.02413,0.072173119,0.131,51447.727
0.02159,0.07370387,0.131,51473.523
0.01905,0.075234622,0.131,51504.914
0.01651,0.076765373,0.131,51540.883
0.01397,0.078296125,0.131,51580.484
0.01143,0.079826877,0.131,51622.523
0.0088900002,0.081357636,0.131,51665.348
0.0063499999,0.082888387,0.131,51706.797
0.0038099999,0.084419131,0.131,51744.762
0.00127,0.08594989,0.131,51777.855
0.04191,0.059927102,0.131,51428.238
0.03937,0.061457854,0.131,51421.891
0.036830001,0.062988609,0.131,51417.16
0.034290001,0.064519361,0.131,51414.602
0.031750001,0.066050112,0.131,51415.43
0.029209999,0.067580864,0.131,51420.996
0.02667,0.069111615,0.131,51432.477
0.02413,0.070642367,0.131,51450.523
0.02159,0.072173119,0.131,51475.09
0.01905,0.07370387,0.131,51505.5
0.01651,0.075234622,0.131,51540.883
0.01397,0.076765373,0.131,51580.43
0.01143,0.078296125,0.131,51623.035
0.0088900002,0.079826877,0.131,51667.0
0.0063499999,0.081357636,0.131,51710.109
0.0038099999,0.082888387,0.131,51750.086
0.00127,0.084419131,0.131,51785.285
0.04191,0.058396351,0.131,51437.672
0.03937,0.059927102,0.131,51430.953
0.036830001,0.061457854,0.131,51425.777
0.034290001,0.062988609,0.131,51422.633
0.031750001,0.064519361,0.131,51422.66
0.029209999,0.066050112,0.131,51427.223
0.02667,0.067580864,0.131,51437.496
0.02413,0.069111615,0.131,51454.188
0.02159,0.070642367,0.131,51477.41
0.01905,0.072173119,0.131,51506.652
0.01651,0.07370387,0.131,51541.223
0.01397,0.075234622,0.131,51580.434
0.01143,0.076765373,0.131,51623.281
0.0088900002,0.078296125,0.131,51668.113
0.0063499999,0.079826877,0.131,51712.621
0.0038099999,0.081357636,0.131,51754.414
0.00127,0.082888387,0.131,51791.641
0.03937,0.058396351,0.131,51440.926
0.036830001,0.059927102,0.131,51435.289
0.034290001,0.061457854,0.131,51431.562
0.031750001,0.062988609,0.131,51430.805
0.029209999,0.064519361,0.131,51434.352
0.02667,0.066050112,0.131,51443.379
0.02413,0.067580864,0.131,51458.672
0.02159,0.069111615,0.131,51480.434
0.01905,0.070642367,0.131,51508.348
0.01651,0.072173119,0.131,51541.875
0.01397,0.07370387,0.131,51580.488
0.01143,0.075234622,0.131,51623.281
0.0088900002,0.076765373,0.131,51668.664
0.0063499999,0.078296125,0.131,51714.309
0.0038099999,0.079826877,0.131,51757.703
0.00127,0.081357636,0.131,51796.832
0.036830001,0.058396351,0.131,51445.664
0.034290001,0.059927102,0.131,51441.332
0.031750001,0.061457854,0.131,51439.781
0.029209999,0.062988609,0.131,51442.301
0.02667,0.064519361,0.131,51450.074
0.02413,0.066050112,0.131,51463.898
0.02159,0.067580864,0.131,51484.113
0.01905,0.069111615,0.131,51510.539
0.01651,0.070642367,0.131,51542.82
0.01397,0.072173119,0.131,51580.574
0.01143,0.07370387,0.131,51623.039
0.0088900002,0.075234622,0.131,51668.668
0.0063499999,0.076765373,0.131,51715.152
0.0038099999,0.078296125,0.131,51759.918
0.00127,0.079826877,0.131,51800.781
0.02667,0.047681086,0.131,51551.094
0.036830001,0.056865599,0.131,51456.844
0.034290001,0.058396351,0.131,51451.891
0.031750001,0.059927102,0.131,51449.52
0.029209999,0.061457854,0.131,51451.012
0.02667,0.062988609,0.131,51457.488
0.02413,0.064519361,0.131,51469.809
0.02159,0.066050112,0.131,51488.375
0.01905,0.067580864,0.131,51513.18
0.01651,0.069111615,0.131,51544.023
0.01397,0.070642367,0.131,51580.691
0.01143,0.072173119,0.131,51622.531
0.0088900002,0.07370387,0.131,51668.117
0.0063499999,0.075234622,0.131,51715.152
0.0038099999,0.076765373,0.131,51761.027
0.00127,0.078296125,0.131,51803.438
0.02667,0.049211837,0.131,51541.504
0.02413,0.047681086,0.131,51554.285
0.034290001,0.056865599,0.131,51463.16
0.031750001,0.058396351,0.131,51459.969
0.029209999,0.059927102,0.131,51460.383
0.02667,0.061457854,0.131,51465.547
0.02413,0.062988609,0.131,51476.301
0.02159,0.064519361,0.131,51493.156
0.01905,0.066050112,0.131,51516.207
0.01651,0.067580864,0.131,51545.445
0.01397,0.069111615,0.131,51580.797
0.01143,0.070642367,0.131,51621.766
0.0088900002,0.072173119,0.131,51667.008
0.0063499999,0.07370387,0.131,51714.312
0.0038099999,0.075234622,0.131,51761.027
0.00127,0.076765373,0.131,51804.766
0.031750001,0.053804092,0.131,51494.547
0.02667,0.050742589,0.131,51531.758
0.02413,0.049211837,0.131,51546.59
0.02159,0.047681086,0.131,51557.473
0.01905,0.046150334,0.131,51564.066
0.031750001,0.056865599,0.131,51471.02
0.029209999,0.058396351,0.131,51470.348
0.02667,0.059927102,0.131,51474.148
0.02413,0.061457854,0.131,51483.301
0.02159,0.062988609,0.131,51498.363
0.01905,0.064519361,0.131,51519.562
0.01651,0.066050112,0.131,51547.027
0.01397,0.067580864,0.131,51580.879
0.01143,0.069111615,0.131,51620.727
0.0088900002,0.070642367,0.131,51665.355
0.0063499999,0.072173119,0.131,51712.621
0.0038099999,0.07370387,0.131,51759.918
0.00127,0.075234622,0.131,51804.766
0.031750001,0.055334844,0.131,51482.578
0.029209999,0.053804092,0.131,51502.688
0.02667,0.052273341,0.131,51521.918
0.02413,0.050742589,0.131,51538.703
0.02159,0.049211837,0.131,51551.879
0.01905,0.047681086,0.131,51560.84
0.01651,0.046150334,0.131,51565.945
0.029209999,0.056865599,0.131,51480.785
0.02667,0.058396351,0.131,51483.203
0.02413,0.059927102,0.131,51490.703
0.02159,0.061457854,0.131,51503.922
0.01905,0.062988609,0.131,51523.172
0.01651,0.064519361,0.131,51548.738
0.01397,0.066050112,0.131,51580.895
0.01143,0.067580864,0.131,51619.406
0.0088900002,0.069111615,0.131,51663.156
0.0063499999,0.070642367,0.131,51710.117
0.0038099999,0.072173119,0.131,51757.703
0.00127,0.07370387,0.131,51803.438
0.029209999,0.055334844,0.131,51491.598
0.02667,0.053804092,0.131,51512.055
0.02413,0.052273341,0.131,51530.684
0.02159,0.050742589,0.131,51546.094
0.01905,0.049211837,0.131,51557.516
0.01651,0.047681086,0.131,51564.992
0.01397,0.046150334,0.131,51569.547
0.02667,0.056865599,0.131,51492.602
0.02413,0.058396351,0.131,51498.422
0.02159,0.059927102,0.131,51509.742
0.01905,0.061457854,0.131,51526.969
0.01651,0.062988609,0.131,51550.52
0.01397,0.064519361,0.131,51580.824
0.01143,0.066050112,0.131,51617.789
0.0088900002,0.067580864,0.131,51660.426
0.0063499999,0.069111615,0.131,51706.801
0.0038099999,0.070642367,0.131,51754.414
0.00127,0.072173119,0.131,51800.777
0.02667,0.055334844,0.131,51502.254
0.02413,0.053804092,0.131,51522.566
0.02159,0.052273341,0.131,51540.168
0.01905,0.050742589,0.131,51554.012
0.01651,0.049211837,0.131,51564.035
0.01397,0.047681086,0.131,51570.906
0.01143,0.046150334,0.131,51575.82
0.02413,0.056865599,0.131,51506.363
0.02159,0.058396351,0.131,51515.742
0.01905,0.059927102,0.131,51530.887
0.01651,0.061457854,0.131,51552.328
0.01397,0.062988609,0.131,51580.637
0.01143,0.064519361,0.131,51615.871
0.0088900002,0.066050112,0.131,51657.168
0.0063499999,0.067580864,0.131,51702.711
0.0038099999,0.069111615,0.131,51750.086
0.00127,0.070642367,0.131,51796.828
0.02413,0.055334844,0.131,51514.438
0.02159,0.053804092,0.131,51534.113
0.01905,0.052273341,0.131,51550.398
0.01651,0.050742589,0.131,51562.949
0.01397,0.049211837,0.131,51572.348
0.01143,0.047681086,0.131,51579.441
0.0088900002,0.046150334,0.131,51585.152
0.02159,0.056865599,0.131,51521.844
0.01905,0.058396351,0.131,51534.867
0.01651,0.059927102,0.131,51554.117
0.01397,0.061457854,0.131,51580.312
0.01143,0.062988609,0.131,51613.652
0.0088900002,0.064519361,0.131,51653.402
0.0063499999,0.066050112,0.131,51697.875
0.0038099999,0.067580864,0.131,51744.762
0.00127,0.069111615,0.131,51791.637
0.02159,0.055334844,0.131,51527.992
0.01905,0.053804092,0.131,51546.641
0.01651,0.052273341,0.131,51561.785
0.01397,0.050742589,0.131,51573.754
0.01143,0.049211837,0.131,51583.23
0.0088900002,0.047681086,0.131,51590.969
0.0063499999,0.046150334,0.131,51597.738
0.01905,0.056865599,0.131,51538.848
0.01651,0.058396351,0.131,51555.855
0.01397,0.059927102,0.131,51579.836
0.01143,0.061457854,0.131,51611.133
0.0088900002,0.062988609,0.131,51649.156
0.0063499999,0.064519361,0.131,51692.336
0.0038099999,0.066050112,0.131,51738.504
0.00127,0.067580864,0.131,51785.277
0.01905,0.055334844,0.131,51542.789
0.01651,0.053804092,0.131,51560.477
0.01397,0.052273341,0.131,51575.086
0.01143,0.050742589,0.131,51587.059
0.0088900002,0.049211837,0.131,51597.07
0.0063499999,0.047681086,0.131,51605.586
0.01651,0.056865599,0.131,51557.504
0.01397,0.058396351,0.131,51579.199
0.01143,0.059927102,0.131,51608.324
0.0088900002,0.061457854,0.131,51644.449
0.0063499999,0.062988609,0.131,51686.152
0.0038099999,0.064519361,0.131,51731.383
0.00127,0.066050112,0.131,51777.848
0.01651,0.055334844,0.131,51559.055
0.01397,0.053804092,0.131,51576.312
0.01143,0.052273341,0.131,51590.938
0.0088900002,0.050742589,0.131,51603.301
0.0063499999,0.049211837,0.131,51613.789
0.0038099999,0.047681086,0.131,51623.219
0.01397,0.056865599,0.131,51578.391
0.01143,0.058396351,0.131,51605.254
0.0088900002,0.059927102,0.131,51639.336
0.0063499999,0.061457854,0.131,51679.383
0.0038099999,0.062988609,0.131,51723.484
0.00127,0.064519361,0.131,51769.426
0.01397,0.055334844,0.131,51577.426
0.01143,0.053804092,0.131,51594.734
0.0088900002,0.052273341,0.131,51609.602
0.0063499999,0.050742589,0.131,51622.23
0.0038099999,0.049211837,0.131,51633.277
0.00127,0.047681086,0.131,51643.711
0.01143,0.056865599,0.131,51601.938
0.0088900002,0.058396351,0.131,51633.855
0.0063499999,0.059927102,0.131,51672.098
0.0038099999,0.061457854,0.131,51714.891
0.00127,0.062988609,0.131,51760.121
0.01143,0.055334844,0.131,51598.422
0.0088900002,0.053804092,0.131,51615.879
0.0063499999,0.052273341,0.131,51630.809
0.0038099999,0.050742589,0.131,51643.648
0.00127,0.049211837,0.131,51655.309
0.0088900002,0.056865599,0.131,51628.082
0.0063499999,0.058396351,0.131,51664.371
0.0038099999,0.059927102,0.131,51705.691
0.00127,0.061457854,0.131,51750.027
0.0088900002,0.055334844,0.131,51622.066
0.0063499999,0.053804092,0.131,51639.41
0.0038099999,0.052273341,0.131,51654.219
0.00127,0.050742589,0.131,51667.258
0.0063499999,0.056865599,0.131,51656.289
0.0038099999,0.058396351,0.131,51695.98
0.00127,0.059927102,0.131,51739.258
0.0063499999,0.055334844,0.131,51647.938
0.0038099999,0.053804092,0.131,51664.859
0.00127,0.052273341,0.131,51679.453
0.0038099999,0.056865599,0.131,51685.863
0.00127,0.058396351,0.131,51727.918
0.0038099999,0.055334844,0.131,51675.449
0.00127,0.053804092,0.131,51691.754
0.00127,0.056865599,0.131,51716.129
0.00127,0.055334844,0.131,51704.027
0.059689999,0.10431892,0.131,51538.445
0.057149999,0.10278817,0.131,51517.277
0.054609999,0.10125741,0.131,51498.316
0.052069999,0.099726662,0.131,51481.855
0.062229998,0.10431892,0.131,51548.324
0.059689999,0.10278817,0.131,51525.652
0.057149999,0.10125741,0.131,51504.938
0.054609999,0.099726662,0.131,51486.539
0.052069999,0.09819591,0.131,51470.664
0.064769998,0.10431892,0.131,51559.676
0.062229998,0.10278817,0.131,51535.902
0.059689999,0.10125741,0.131,51513.641
0.057149999,0.099726662,0.131,51493.484
0.054609999,0.09819591,0.131,51475.727
0.052069999,0.096665144,0.131,51460.461
0.064769998,0.10278817,0.131,51547.574
0.062229998,0.10125741,0.131,51524.141
0.059689999,0.099726662,0.131,51502.414
0.057149999,0.09819591,0.131,51482.93
0.054609999,0.096665144,0.131,51465.848
0.052069999,0.0951344,0.131,51451.211
0.067310005,0.10278817,0.131,51560.008
0.064769998,0.10125741,0.131,51535.992
0.062229998,0.099726662,0.131,51513.043
0.059689999,0.09819591,0.131,51491.992
0.057149999,0.096665144,0.131,51473.238
0.054609999,0.0951344,0.131,51456.883
0.052069999,0.093603656,0.131,51442.875
0.069849998,0.10278817,0.131,51572.656
0.067310005,0.10125741,0.131,51548.566
0.064769998,0.099726662,0.131,51524.953
0.062229998,0.09819591,0.131,51502.645
0.059689999,0.096665144,0.131,51482.355
0.057149999,0.0951344,0.131,51464.406
0.054609999,0.093603656,0.131,51448.785
0.052069999,0.092072897,0.131,51435.414
0.049529999,0.090542138,0.131,51424.086
0.072389998,0.10278817,0.131,51585.375
0.069849998,0.10125741,0.131,51561.344
0.067310005,0.099726662,0.131,51537.551
0.064769998,0.09819591,0.131,51514.508
0.062229998,0.096665144,0.131,51492.949
0.059689999,0.0951344,0.131,51473.5
0.057149999,0.093603656,0.131,51456.379
0.054609999,0.092072897,0.131,51441.516
0.052069999,0.090542138,0.131,51428.781
0.049529999,0.089011393,0.131,51417.984
0.074929997,0.10278817,0.131,51598.312
0.072389998,0.10125741,0.131,51574.215
0.069849998,0.099726662,0.131,51550.344
0.067310005,0.09819591,0.131,51527.02
0.064769998,0.096665144,0.131,51504.676
0.062229998,0.0951344,0.131,51483.965
0.059689999,0.093603656,0.131,51465.406
0.057149999,0.092072897,0.131,51449.137
0.054609999,0.090542138,0.131,51435.027
0.052069999,0.089011393,0.131,51422.938
0.049529999,0.087480649,0.131,51412.676
0.077470005,0.10278817,0.131,51611.59
0.074929997,0.10125741,0.131,51587.344
0.072389998,0.099726662,0.131,51563.254
0.069849998,0.09819591,0.131,51539.73
0.067310005,0.096665144,0.131,51517.02
0.064769998,0.0951344,0.131,51495.488
0.062229998,0.093603656,0.131,51475.684
0.059689999,0.092072897,0.131,51458.051
0.057149999,0.090542138,0.131,51442.641
0.054609999,0.089011393,0.131,51429.289
0.052069999,0.087480649,0.131,51417.832
0.049529999,0.08594989,0.131,51408.121
0.080009997,0.10278817,0.131,51625.203
0.077470005,0.10125741,0.131,51600.895
0.074929997,0.099726662,0.131,51576.48
0.072389998,0.09819591,0.131,51552.586
0.069849998,0.096665144,0.131,51529.562
0.067310005,0.0951344,0.131,51507.598
0.064769998,0.093603656,0.131,51486.957
0.062229998,0.092072897,0.131,51468.109
0.059689999,0.090542138,0.131,51451.41
0.057149999,0.089011393,0.131,51436.863
0.054609999,0.087480649,0.131,51424.258
0.052069999,0.08594989,0.131,51413.449
0.049529999,0.084419131,0.131,51404.285
0.082549997,0.10278817,0.131,51639.148
0.080009997,0.10125741,0.131,51614.879
0.077470005,0.099726662,0.131,51590.211
0.074929997,0.09819591,0.131,51565.828
0.072389998,0.096665144,0.131,51542.293
0.069849998,0.0951344,0.131,51519.918
0.067310005,0.093603656,0.131,51498.789
0.064769998,0.092072897,0.131,51479.098
0.062229998,0.090542138,0.131,51461.227
0.059689999,0.089011393,0.131,51445.469
0.057149999,0.087480649,0.131,51431.77
0.054609999,0.08594989,0.131,51419.906
0.052069999,0.084419131,0.131,51409.738
0.049529999,0.082888387,0.131,51401.141
0.085089996,0.10278817,0.131,51653.418
0.082549997,0.10125741,0.131,51629.309
0.080009997,0.099726662,0.131,51604.492
0.077470005,0.09819591,0.131,51579.664
0.074929997,0.096665144,0.131,51555.473
0.072389998,0.0951344,0.131,51532.461
0.069849998,0.093603656,0.131,51510.844
0.067310005,0.092072897,0.131,51490.629
0.064769998,0.090542138,0.131,51471.922
0.062229998,0.089011393,0.131,51455.039
0.059689999,0.087480649,0.131,51440.211
0.057149999,0.08594989,0.131,51427.348
0.054609999,0.084419131,0.131,51416.211
0.052069999,0.082888387,0.131,51406.688
0.049529999,0.081357636,0.131,51398.66
0.085089996,0.10125741,0.131,51644.199
0.082549997,0.099726662,0.131,51619.348
0.080009997,0.09819591,0.131,51594.16
0.077470005,0.096665144,0.131,51569.34
0.074929997,0.0951344,0.131,51545.52
0.072389998,0.093603656,0.131,51523.156
0.069849998,0.092072897,0.131,51502.395
0.067310005,0.090542138,0.131,51483.145
0.064769998,0.089011393,0.131,51465.441
0.062229998,0.087480649,0.131,51449.539
0.059689999,0.08594989,0.131,51435.621
0.057149999,0.084419131,0.131,51423.57
0.054609999,0.082888387,0.131,51413.156
0.052069999,0.081357636,0.131,51404.266
0.049529999,0.079826877,0.131,51396.82
0.04445,0.076765373,0.131,51385.859
0.087630004,0.10125741,0.131,51659.363
0.085089996,0.099726662,0.131,51634.789
0.082549997,0.09819591,0.131,51609.367
0.080009997,0.096665144,0.131,51583.988
0.077470005,0.0951344,0.131,51559.355
0.074929997,0.093603656,0.131,51536.051
0.072389998,0.092072897,0.131,51514.461
0.069849998,0.090542138,0.131,51494.613
0.067310005,0.089011393,0.131,51476.355
0.064769998,0.087480649,0.131,51459.656
0.062229998,0.08594989,0.131,51444.723
0.059689999,0.084419131,0.131,51431.691
0.057149999,0.082888387,0.131,51420.438
0.054609999,0.081357636,0.131,51410.723
0.052069999,0.079826877,0.131,51402.469
0.049529999,0.078296125,0.131,51395.598
0.04699,0.076765373,0.131,51390.02
0.04445,0.075234622,0.131,51385.855
0.087630004,0.099726662,0.131,51650.645
0.085089996,0.09819591,0.131,51625.305
0.082549997,0.096665144,0.131,51599.477
0.080009997,0.0951344,0.131,51574.09
0.077470005,0.093603656,0.131,51549.809
0.074929997,0.092072897,0.131,51527.16
0.072389998,0.090542138,0.131,51506.418
0.069849998,0.089011393,0.131,51487.539
0.067310005,0.087480649,0.131,51470.281
0.064769998,0.08594989,0.131,51454.578
0.062229998,0.084419131,0.131,51440.586
0.059689999,0.082888387,0.131,51428.418
0.057149999,0.081357636,0.131,51417.93
0.054609999,0.079826877,0.131,51408.91
0.052069999,0.078296125,0.131,51401.273
0.049529999,0.076765373,0.131,51394.996
0.04699,0.075234622,0.131,51390.02
0.04445,0.07370387,0.131,51386.562
0.090170003,0.099726662,0.131,51666.562
0.087630004,0.09819591,0.131,51641.789
0.085089996,0.096665144,0.131,51615.836
0.082549997,0.0951344,0.131,51589.793
0.080009997,0.093603656,0.131,51564.57
0.077470005,0.092072897,0.131,51540.805
0.074929997,0.090542138,0.131,51518.91
0.072389998,0.089011393,0.131,51499.09
0.069849998,0.087480649,0.131,51481.191
0.067310005,0.08594989,0.131,51464.941
0.064769998,0.084419131,0.131,51450.211
0.062229998,0.082888387,0.131,51437.133
0.059689999,0.081357636,0.131,51425.797
0.057149999,0.079826877,0.131,51416.055
0.054609999,0.078296125,0.131,51407.699
0.052069999,0.076765373,0.131,51400.68
0.049529999,0.075234622,0.131,51394.996
0.04699,0.07370387,0.131,51390.652
0.04445,0.072173119,0.131,51387.957
0.00127,0.046150334,0.131,51632.59
0.092709996,0.099726662,0.131,51682.262
0.090170003,0.09819591,0.131,51658.465
0.087630004,0.096665144,0.131,51632.879
0.085089996,0.0951344,0.131,51606.504
0.082549997,0.093603656,0.131,51580.422
0.080009997,0.092072897,0.131,51555.539
0.077470005,0.090542138,0.131,51532.414
0.074929997,0.089011393,0.131,51511.375
0.072389998,0.087480649,0.131,51492.508
0.069849998,0.08594989,0.131,51475.605
0.067310005,0.084419131,0.131,51460.344
0.064769998,0.082888387,0.131,51446.562
0.062229998,0.081357636,0.131,51434.367
0.059689999,0.079826877,0.131,51423.828
0.057149999,0.078296125,0.131,51414.801
0.054609999,0.076765373,0.131,51407.098
0.052069999,0.075234622,0.131,51400.68
0.049529999,0.07370387,0.131,51395.598
0.04699,0.072173119,0.131,51391.941
0.04445,0.070642367,0.131,51390.094
0.0038099999,0.046150334,0.131,51613.59
0.00127,0.044619579,0.131,51622.023
0.095249996,0.099726662,0.131,51697.664
0.092709996,0.09819591,0.131,51675.051
0.090170003,0.096665144,0.131,51650.246
0.087630004,0.0951344,0.131,51624.035
0.085089996,0.093603656,0.131,51597.41
0.082549997,0.092072897,0.131,51571.477
0.080009997,0.090542138,0.131,51547.09
0.077470005,0.089011393,0.131,51524.723
0.074929997,0.087480649,0.131,51504.59
0.072389998,0.08594989,0.131,51486.703
0.069849998,0.084419131,0.131,51470.793
0.067310005,0.082888387,0.131,51456.5
0.064769998,0.081357636,0.131,51443.637
0.062229998,0.079826877,0.131,51432.289
0.059689999,0.078296125,0.131,51422.512
0.057149999,0.076765373,0.131,51414.176
0.054609999,0.075234622,0.131,51407.098
0.052069999,0.07370387,0.131,51401.273
0.049529999,0.072173119,0.131,51396.82
0.04699,0.070642367,0.131,51393.891
0.04445,0.069111615,0.131,51392.973
0.0038099999,0.044619579,0.131,51604.473
0.00127,0.043088827,0.131,51612.137
0.097790003,0.099726662,0.131,51712.797
0.095249996,0.09819591,0.131,51691.465
0.092709996,0.096665144,0.131,51667.652
0.090170003,0.0951344,0.131,51642.02
0.087630004,0.093603656,0.131,51615.352
0.085089996,0.092072897,0.131,51588.672
0.082549997,0.090542138,0.131,51563.059
0.080009997,0.089011393,0.131,51539.305
0.077470005,0.087480649,0.131,51517.781
0.074929997,0.08594989,0.131,51498.602
0.072389998,0.084419131,0.131,51481.695
0.069849998,0.082888387,0.131,51466.766
0.067310005,0.081357636,0.131,51453.414
0.064769998,0.079826877,0.131,51441.441
0.062229998,0.078296125,0.131,51430.898
0.059689999,0.076765373,0.131,51421.855
0.057149999,0.075234622,0.131,51414.176
0.054609999,0.07370387,0.131,51407.699
0.052069999,0.072173119,0.131,51402.469
0.049529999,0.070642367,0.131,51398.66
0.04699,0.069111615,0.131,51396.523
0.04445,0.067580864,0.131,51396.613
0.0063499999,0.044619579,0.131,51590.32
0.0038099999,0.043088827,0.131,51595.992
0.00127,0.041558076,0.131,51602.977
0.10033,0.099726662,0.131,51727.625
0.097790003,0.09819591,0.131,51707.734
0.095249996,0.096665144,0.131,51685.008
0.092709996,0.0951344,0.131,51660.164
0.090170003,0.093603656,0.131,51633.871
0.087630004,0.092072897,0.131,51606.945
0.085089996,0.090542138,0.131,51580.391
0.082549997,0.089011393,0.131,51555.262
0.080009997,0.087480649,0.131,51532.258
0.077470005,0.08594989,0.131,51511.641
0.074929997,0.084419131,0.131,51493.43
0.072389998,0.082888387,0.131,51477.508
0.069849998,0.081357636,0.131,51463.535
0.067310005,0.079826877,0.131,51451.098
0.064769998,0.078296125,0.131,51439.969
0.062229998,0.076765373,0.131,51430.203
0.059689999,0.075234622,0.131,51421.855
0.057149999,0.07370387,0.131,51414.801
0.054609999,0.072173119,0.131,51408.91
0.052069999,0.070642367,0.131,51404.27
0.049529999,0.069111615,0.131,51401.141
0.04699,0.067580864,0.131,51399.863
0.04445,0.066050112,0.131,51401.051
0.0088900002,0.044619579,0.131,51579.641
0.0063499999,0.043088827,0.131,51583.461
0.0038099999,0.041558076,0.131,51588.195
0.00127,0.040027324,0.131,51594.656
0.10286999,0.099726662,0.131,51741.945
0.10033,0.09819591,0.131,51723.805
0.097790003,0.096665144,0.131,51702.34
0.095249996,0.0951344,0.131,51678.383
0.092709996,0.093603656,0.131,51652.68
0.090170003,0.092072897,0.131,51625.926
0.087630004,0.090542138,0.131,51598.922
0.085089996,0.089011393,0.131,51572.672
0.082549997,0.087480649,0.131,51548.164
0.080009997,0.08594989,0.131,51526.0
0.077470005,0.084419131,0.131,51506.328
0.074929997,0.082888387,0.131,51489.102
0.072389998,0.081357636,0.131,51474.148
0.069849998,0.079826877,0.131,51461.109
0.067310005,0.078296125,0.131,51449.547
0.064769998,0.076765373,0.131,51439.234
0.062229998,0.075234622,0.131,51430.203
0.059689999,0.07370387,0.131,51422.516
0.057149999,0.072173119,0.131,51416.055
0.054609999,0.070642367,0.131,51410.727
0.052069999,0.069111615,0.131,51406.691
0.049529999,0.067580864,0.131,51404.285
0.04699,0.066050112,0.131,51403.945
0.04445,0.064519361,0.131,51406.312
0.01143,0.044619579,0.131,51572.359
0.0088900002,0.043088827,0.131,51574.59
0.0063499999,0.041558076,0.131,51577.188
0.0038099999,0.040027324,0.131,51581.203
0.00127,0.038496573,0.131,51587.188
0.10540999,0.099726662,0.131,51755.508
0.10286999,0.09819591,0.131,51739.457
0.10033,0.096665144,0.131,51719.59
0.097790003,0.0951344,0.131,51696.699
0.095249996,0.093603656,0.131,51671.68
0.092709996,0.092072897,0.131,51645.309
0.090170003,0.090542138,0.131,51618.277
0.087630004,0.089011393,0.131,51591.387
0.085089996,0.087480649,0.131,51565.605
0.082549997,0.08594989,0.131,51541.84
0.080009997,0.084419131,0.131,51520.582
0.077470005,0.082888387,0.131,51501.883
0.074929997,0.081357636,0.131,51485.629
0.072389998,0.079826877,0.131,51471.621
0.069849998,0.078296125,0.131,51459.484
0.067310005,0.076765373,0.131,51448.773
0.064769998,0.075234622,0.131,51439.234
0.062229998,0.07370387,0.131,51430.898
0.059689999,0.072173119,0.131,51423.828
0.057149999,0.070642367,0.131,51417.934
0.054609999,0.069111615,0.131,51413.16
0.052069999,0.067580864,0.131,51409.742
0.049529999,0.066050112,0.131,51408.121
0.04699,0.064519361,0.131,51408.793
0.04445,0.062988609,0.131,51412.43
0.01397,0.044619579,0.131,51568.238
0.01143,0.043088827,0.131,51569.148
0.0088900002,0.041558076,0.131,51569.949
0.0063499999,0.040027324,0.131,51571.656
0.0038099999,0.038496573,0.131,51575.016
0.00127,0.036965817,0.131,51580.703
0.10795,0.099726662,0.131,51768.199
0.10540999,0.09819591,0.131,51754.434
0.10286999,0.096665144,0.131,51736.527
0.10033,0.0951344,0.131,51715.059
0.097790003,0.093603656,0.131,51690.898
0.095249996,0.092072897,0.131,51665.0
0.092709996,0.090542138,0.131,51638.148
0.090170003,0.089011393,0.131,51611.039
0.087630004,0.087480649,0.131,51584.438
0.085089996,0.08594989,0.131,51559.273
0.082549997,0.084419131,0.131,51536.34
0.080009997,0.082888387,0.131,51516.031
0.077470005,0.081357636,0.131,51498.305
0.074929997,0.079826877,0.131,51483.016
0.072389998,0.078296125,0.131,51469.934
0.069849998,0.076765373,0.131,51458.676
0.067310005,0.075234622,0.131,51448.773
0.064769998,0.07370387,0.131,51439.973
0.062229998,0.072173119,0.131,51432.289
0.059689999,0.070642367,0.131,51425.797
0.057149999,0.069111615,0.131,51420.438
0.054609999,0.067580864,0.131,51416.215
0.052069999,0.066050112,0.131,51413.453
0.049529999,0.064519361,0.131,51412.672
0.04699,0.062988609,0.131,51414.453
0.04445,0.061457854,0.131,51419.434
0.034290001,0.055334844,0.131,51475.074
0.029209999,0.052273341,0.131,51513.949
0.01651,0.044619579,0.131,51566.777
0.01397,0.043088827,0.131,51567.027
0.01143,0.041558076,0.131,51566.32
0.0088900002,0.040027324,0.131,51565.945
0.0063499999,0.038496573,0.131,51566.812
0.0038099999,0.036965817,0.131,51569.762
0.00127,0.035435066,0.131,51575.145
0.11049,0.099726662,0.131,51780.043
0.10795,0.09819591,0.131,51768.598
0.10540999,0.096665144,0.131,51752.883
0.10286999,0.0951344,0.131,51733.219
0.10033,0.093603656,0.131,51710.281
0.097790003,0.092072897,0.131,51685.031
0.095249996,0.090542138,0.131,51658.445
0.092709996,0.089011393,0.131,51631.312
0.090170003,0.087480649,0.131,51604.309
0.087630004,0.08594989,0.131,51578.172
0.085089996,0.084419131,0.131,51553.738
0.082549997,0.082888387,0.131,51531.711
0.080009997,0.081357636,0.131,51512.367
0.077470005,0.079826877,0.131,51495.617
0.074929997,0.078296125,0.131,51481.27
0.072389998,0.076765373,0.131,51469.09
0.069849998,0.075234622,0.131,51458.676
0.067310005,0.07370387,0.131,51449.551
0.064769998,0.072173119,0.131,51441.441
0.062229998,0.070642367,0.131,51434.367
0.059689999,0.069111615,0.131,51428.418
0.057149999,0.067580864,0.131,51423.574
0.054609999,0.066050112,0.131,51419.91
0.052069999,0.064519361,0.131,51417.836
0.049529999,0.062988609,0.131,51417.984
0.04699,0.061457854,0.131,51420.949
0.04445,0.059927102,0.131,51427.352
0.03937,0.056865599,0.131,51451.777
0.036830001,0.055334844,0.131,51468.777
0.034290001,0.053804092,0.131,51487.535
0.031750001,0.052273341,0.131,51506.828
0.029209999,0.050742589,0.131,51525.285
0.02159,0.046150334,0.131,51562.895
0.01905,0.044619579,0.131,51567.156
0.01651,0.043088827,0.131,51567.711
0.01397,0.041558076,0.131,51566.141
0.01143,0.040027324,0.131,51563.879
0.0088900002,0.038496573,0.131,51562.488
0.0063499999,0.036965817,0.131,51562.891
0.0038099999,0.035435066,0.131,51565.406
0.00127,0.033904314,0.131,51570.668
0.11302999,0.099726662,0.131,51791.109
0.11049,0.09819591,0.131,51781.957
0.10795,0.096665144,0.131,51768.504
0.10540999,0.0951344,0.131,51750.906
0.10286999,0.093603656,0.131,51729.594
0.10033,0.092072897,0.131,51705.352
0.097790003,0.090542138,0.131,51679.199
0.095249996,0.089011393,0.131,51652.125
0.092709996,0.087480649,0.131,51624.906
0.090170003,0.08594989,0.131,51598.191
0.087630004,0.084419131,0.131,51572.66
0.085089996,0.082888387,0.131,51549.059
0.082549997,0.081357636,0.131,51527.977
0.080009997,0.079826877,0.131,51509.613
0.077470005,0.078296125,0.131,51493.82
0.074929997,0.076765373,0.131,51480.398
0.072389998,0.075234622,0.131,51469.09
0.069849998,0.07370387,0.131,51459.484
0.067310005,0.072173119,0.131,51451.098
0.064769998,0.070642367,0.131,51443.641
0.062229998,0.069111615,0.131,51437.137
0.059689999,0.067580864,0.131,51431.691
0.057149999,0.066050112,0.131,51427.348
0.054609999,0.064519361,0.131,51424.262
0.052069999,0.062988609,0.131,51422.938
0.049529999,0.061457854,0.131,51424.086
0.04699,0.059927102,0.131,51428.328
0.04445,0.058396351,0.131,51436.203
0.04191,0.056865599,0.131,51448.039
0.03937,0.055334844,0.131,51463.473
0.036830001,0.053804092,0.131,51481.395
0.034290001,0.052273341,0.131,51500.457
0.031750001,0.050742589,0.131,51519.316
0.029209999,0.049211837,0.131,51536.613
0.02413,0.046150334,0.131,51561.766
0.02159,0.044619579,0.131,51568.113
0.01905,0.043088827,0.131,51570.168
0.01651,0.041558076,0.131,51568.77
0.01397,0.040027324,0.131,51565.387
0.01143,0.038496573,0.131,51562.027
0.0088900002,0.036965817,0.131,51559.785
0.0063499999,0.035435066,0.131,51559.648
0.0038099999,0.033904314,0.131,51562.082
0.00127,0.032373562,0.131,51567.133
0.11556999,0.099726662,0.131,51801.477
0.11302999,0.09819591,0.131,51794.57
0.11049,0.096665144,0.131,51783.383
0.10795,0.0951344,0.131,51767.953
0.10540999,0.093603656,0.131,51748.551
0.10286999,0.092072897,0.131,51725.738
0.10033,0.090542138,0.131,51700.367
0.097790003,0.089011393,0.131,51673.508
0.095249996,0.087480649,0.131,51646.141
0.092709996,0.08594989,0.131,51619.031
0.090170003,0.084419131,0.131,51592.77
0.087630004,0.082888387,0.131,51567.977
0.085089996,0.081357636,0.131,51545.273
0.082549997,0.079826877,0.131,51525.164
0.080009997,0.078296125,0.131,51507.77
0.077470005,0.076765373,0.131,51492.922
0.074929997,0.075234622,0.131,51480.398
0.072389998,0.07370387,0.131,51469.934
0.069849998,0.072173119,0.131,51461.109
0.067310005,0.070642367,0.131,51453.414
0.064769998,0.069111615,0.131,51446.566
0.062229998,0.067580864,0.131,51440.586
0.059689999,0.066050112,0.131,51435.625
0.057149999,0.064519361,0.131,51431.773
0.054609999,0.062988609,0.131,51429.293
0.052069999,0.061457854,0.131,51428.785
0.049529999,0.059927102,0.131,51431.02
0.04699,0.058396351,0.131,51436.613
0.04445,0.056865599,0.131,51446.0
0.04191,0.055334844,0.131,51459.32
0.03937,0.053804092,0.131,51475.969
0.036830001,0.052273341,0.131,51494.617
0.034290001,0.050742589,0.131,51513.742
0.031750001,0.049211837,0.131,51531.914
0.029209999,0.047681086,0.131,51547.852
0.02667,0.046150334,0.131,51560.473
0.02413,0.044619579,0.131,51569.0
0.02159,0.043088827,0.131,51573.137
0.01905,0.041558076,0.131,51573.102
0.01651,0.040027324,0.131,51569.875
0.01397,0.038496573,0.131,51565.125
0.01143,0.036965817,0.131,51560.578
0.0088900002,0.035435066,0.131,51557.727
0.0063499999,0.033904314,0.131,51557.477
0.0038099999,0.032373562,0.131,51559.719
0.00127,0.030842811,0.131,51564.738
0.11811,0.099726662,0.131,51811.266
0.11556999,0.09819591,0.131,51806.48
0.11302999,0.096665144,0.131,51797.555
0.11049,0.0951344,0.131,51784.34
0.10795,0.093603656,0.131,51766.98
0.10540999,0.092072897,0.131,51745.895
0.10286999,0.090542138,0.131,51721.734
0.10033,0.089011393,0.131,51695.438
0.097790003,0.087480649,0.131,51668.066
0.095249996,0.08594989,0.131,51640.613
0.092709996,0.084419131,0.131,51613.785
0.090170003,0.082888387,0.131,51588.133
0.087630004,0.081357636,0.131,51564.168
0.085089996,0.079826877,0.131,51542.414
0.082549997,0.078296125,0.131,51523.277
0.080009997,0.076765373,0.131,51506.848
0.077470005,0.075234622,0.131,51492.922
0.074929997,0.07370387,0.131,51481.27
0.072389998,0.072173119,0.131,51471.621
0.069849998,0.070642367,0.131,51463.535
0.067310005,0.069111615,0.131,51456.5
0.064769998,0.067580864,0.131,51450.215
0.062229998,0.066050112,0.131,51444.723
0.059689999,0.064519361,0.131,51440.211
0.057149999,0.062988609,0.131,51436.867
0.054609999,0.061457854,0.131,51435.031
0.052069999,0.059927102,0.131,51435.414
0.049529999,0.058396351,0.131,51438.828
0.04699,0.056865599,0.131,51445.844
0.04445,0.055334844,0.131,51456.754
0.04191,0.053804092,0.131,51471.488
0.03937,0.052273341,0.131,51489.203
0.036830001,0.050742589,0.131,51508.367
0.034290001,0.049211837,0.131,51527.297
0.031750001,0.047681086,0.131,51544.543
0.029209999,0.046150334,0.131,51558.945
0.02667,0.044619579,0.131,51569.609
0.02413,0.043088827,0.131,51575.984
0.02159,0.041558076,0.131,51577.984
0.01905,0.040027324,0.131,51576.004
0.01651,0.038496573,0.131,51571.172
0.01397,0.036965817,0.131,51565.277
0.01143,0.035435066,0.131,51559.77
0.0088900002,0.033904314,0.131,51556.609
0.0063499999,0.032373562,0.131,51555.98
0.0038099999,0.030842811,0.131,51558.383
0.00127,0.029312057,0.131,51563.301
0.12064999,0.099726662,0.131,51820.719
0.11811,0.09819591,0.131,51817.785
0.11556999,0.096665144,0.131,51811.051
0.11302999,0.0951344,0.131,51800.082
0.11049,0.093603656,0.131,51784.852
0.10795,0.092072897,0.131,51765.652
0.10540999,0.090542138,0.131,51743.016
0.10286999,0.089011393,0.131,51717.699
0.10033,0.087480649,0.131,51690.66
0.097790003,0.08594989,0.131,51662.992
0.095249996,0.084419131,0.131,51635.633
0.092709996,0.082888387,0.131,51609.266
0.090170003,0.081357636,0.131,51584.344
0.087630004,0.079826877,0.131,51561.277
0.085089996,0.078296125,0.131,51540.492
0.082549997,0.076765373,0.131,51522.336
0.080009997,0.075234622,0.131,51506.848
0.077470005,0.07370387,0.131,51493.82
0.074929997,0.072173119,0.131,51483.012
0.072389998,0.070642367,0.131,51474.145
0.069849998,0.069111615,0.131,51466.766
0.067310005,0.067580864,0.131,51460.344
0.064769998,0.066050112,0.131,51454.582
0.062229998,0.064519361,0.131,51449.539
0.059689999,0.062988609,0.131,51445.473
0.057149999,0.061457854,0.131,51442.645
0.054609999,0.059927102,0.131,51441.52
0.052069999,0.058396351,0.131,51442.875
0.049529999,0.056865599,0.131,51447.551
0.04699,0.055334844,0.131,51456.039
0.04445,0.053804092,0.131,51468.461
0.04191,0.052273341,0.131,51484.508
0.03937,0.050742589,0.131,51503.109
0.036830001,0.049211837,0.131,51522.547
0.034290001,0.047681086,0.131,51541.023
0.031750001,0.046150334,0.131,51557.121
0.029209999,0.044619579,0.131,51569.832
0.02667,0.043088827,0.131,51578.48
0.02413,0.041558076,0.131,51582.734
0.02159,0.040027324,0.131,51582.703
0.01905,0.038496573,0.131,51578.949
0.01651,0.036965817,0.131,51572.695
0.01397,0.035435066,0.131,51565.73
0.01143,0.033904314,0.131,51559.879
0.0088900002,0.032373562,0.131,51555.969
0.0063499999,0.030842811,0.131,51555.559
0.0038099999,0.029312057,0.131,51557.84
0.00127,0.027781306,0.131,51562.906
0.12318999,0.099726662,0.131,51830.223
0.12064999,0.09819591,0.131,51828.691
0.11811,0.096665144,0.131,51823.93
0.11556999,0.0951344,0.131,51815.188
0.11302999,0.093603656,0.131,51802.156
0.11049,0.092072897,0.131,51784.965
0.10795,0.090542138,0.131,51764.035
0.10540999,0.089011393,0.131,51740.012
0.10286999,0.087480649,0.131,51713.723
0.10033,0.08594989,0.131,51686.16
0.097790003,0.084419131,0.131,51658.383
0.095249996,0.082888387,0.131,51631.312
0.092709996,0.081357636,0.131,51605.547
0.090170003,0.079826877,0.131,51581.453
0.087630004,0.078296125,0.131,51559.332
0.085089996,0.076765373,0.131,51539.531
0.082549997,0.075234622,0.131,51522.336
0.080009997,0.07370387,0.131,51507.77
0.077470005,0.072173119,0.131,51495.617
0.074929997,0.070642367,0.131,51485.625
0.072389998,0.069111615,0.131,51477.508
0.069849998,0.067580864,0.131,51470.789
0.067310005,0.066050112,0.131,51464.941
0.064769998,0.064519361,0.131,51459.656
0.062229998,0.062988609,0.131,51455.039
0.059689999,0.061457854,0.131,51451.41
0.057149999,0.059927102,0.131,51449.141
0.054609999,0.058396351,0.131,51448.785
0.052069999,0.056865599,0.131,51451.207
0.049529999,0.055334844,0.131,51457.223
0.04699,0.053804092,0.131,51467.215
0.04445,0.052273341,0.131,51481.102
0.04191,0.050742589,0.131,51498.328
0.03937,0.049211837,0.131,51517.613
0.036830001,0.047681086,0.131,51537.066
0.034290001,0.046150334,0.131,51554.832
0.031750001,0.044619579,0.131,51569.582
0.029209999,0.043088827,0.131,51580.484
0.02667,0.041558076,0.131,51587.086
0.02413,0.040027324,0.131,51589.27
0.02159,0.038496573,0.131,51587.332
0.01905,0.036965817,0.131,51581.973
0.01651,0.035435066,0.131,51574.523
0.01397,0.033904314,0.131,51566.863
0.01143,0.032373562,0.131,51560.648
0.0088900002,0.030842811,0.131,51556.633
0.0063499999,0.029312057,0.131,51556.121
0.0038099999,0.027781306,0.131,51558.504
0.00127,0.026250554,0.131,51563.285
0.12318999,0.09819591,0.131,51839.562
0.12064999,0.096665144,0.131,51836.367
0.11811,0.0951344,0.131,51829.68
0.11556999,0.093603656,0.131,51818.879
0.11302999,0.092072897,0.131,51803.812
0.11049,0.090542138,0.131,51784.734
0.10795,0.089011393,0.131,51762.211
0.10540999,0.087480649,0.131,51736.98
0.10286999,0.08594989,0.131,51709.926
0.10033,0.084419131,0.131,51682.035
0.097790003,0.082888387,0.131,51654.355
0.095249996,0.081357636,0.131,51627.734
0.092709996,0.079826877,0.131,51602.699
0.090170003,0.078296125,0.131,51579.504
0.087630004,0.076765373,0.131,51558.355
0.085089996,0.075234622,0.131,51539.531
0.082549997,0.07370387,0.131,51523.277
0.080009997,0.072173119,0.131,51509.609
0.077470005,0.070642367,0.131,51498.301
0.074929997,0.069111615,0.131,51489.098
0.072389998,0.067580864,0.131,51481.691
0.069849998,0.066050112,0.131,51475.605
0.067310005,0.064519361,0.131,51470.281
0.064769998,0.062988609,0.131,51465.441
0.062229998,0.061457854,0.131,51461.227
0.059689999,0.059927102,0.131,51458.051
0.057149999,0.058396351,0.131,51456.379
0.054609999,0.056865599,0.131,51456.883
0.052069999,0.055334844,0.131,51460.457
0.049529999,0.053804092,0.131,51467.875
0.04699,0.052273341,0.131,51479.375
0.04445,0.050742589,0.131,51494.648
0.04191,0.049211837,0.131,51512.895
0.03937,0.047681086,0.131,51532.633
0.036830001,0.046150334,0.131,51551.84
0.034290001,0.044619579,0.131,51568.652
0.031750001,0.043088827,0.131,51581.867
0.029209999,0.041558076,0.131,51590.871
0.02667,0.040027324,0.131,51595.426
0.02413,0.038496573,0.131,51595.625
0.02159,0.036965817,0.131,51591.93
0.01905,0.035435066,0.131,51585.172
0.01651,0.033904314,0.131,51576.754
0.01397,0.032373562,0.131,51568.484
0.01143,0.030842811,0.131,51562.117
0.0088900002,0.029312057,0.131,51558.289
0.0063499999,0.027781306,0.131,51557.637
0.0038099999,0.026250554,0.131,51559.973
0.00127,0.024719801,0.131,51564.598
0.12318999,0.096665144,0.131,51848.688
0.12064999,0.0951344,0.131,51843.703
0.11811,0.093603656,0.131,51835.008
0.11556999,0.092072897,0.131,51822.137
0.11302999,0.090542138,0.131,51805.074
0.11049,0.089011393,0.131,51784.227
0.10795,0.087480649,0.131,51760.266
0.10540999,0.08594989,0.131,51734.027
0.10286999,0.084419131,0.131,51706.41
0.10033,0.082888387,0.131,51678.406
0.097790003,0.081357636,0.131,51651.0
0.095249996,0.079826877,0.131,51624.977
0.092709996,0.078296125,0.131,51600.77
0.090170003,0.076765373,0.131,51578.523
0.087630004,0.075234622,0.131,51558.355
0.085089996,0.07370387,0.131,51540.492
0.082549997,0.072173119,0.131,51525.16
0.080009997,0.070642367,0.131,51512.363
0.077470005,0.069111615,0.131,51501.875
0.074929997,0.067580864,0.131,51493.426
0.072389998,0.066050112,0.131,51486.695
0.069849998,0.064519361,0.131,51481.191
0.067310005,0.062988609,0.131,51476.355
0.064769998,0.061457854,0.131,51471.922
0.062229998,0.059927102,0.131,51468.105
0.059689999,0.058396351,0.131,51465.406
0.057149999,0.056865599,0.131,51464.406
0.054609999,0.055334844,0.131,51465.848
0.052069999,0.053804092,0.131,51470.66
0.049529999,0.052273341,0.131,51479.527
0.04699,0.050742589,0.131,51492.516
0.04445,0.049211837,0.131,51509.059
0.04191,0.047681086,0.131,51528.133
0.03937,0.046150334,0.131,51548.074
0.036830001,0.044619579,0.131,51566.766
0.034290001,0.043088827,0.131,51582.395
0.031750001,0.041558076,0.131,51593.938
0.029209999,0.040027324,0.131,51600.98
0.02667,0.038496573,0.131,51603.523
0.02413,0.036965817,0.131,51601.84
0.02159,0.035435066,0.131,51596.559
0.01905,0.033904314,0.131,51588.605
0.01651,0.032373562,0.131,51579.387
0.01397,0.030842811,0.131,51570.863
0.01143,0.029312057,0.131,51564.398
0.0088900002,0.027781306,0.131,51560.707
0.0063499999,0.026250554,0.131,51560.23
0.0038099999,0.024719801,0.131,51562.301
0.00127,0.023189049,0.131,51566.602
0.12318999,0.0951344,0.131,51857.543
0.12064999,0.093603656,0.131,51850.652
0.11811,0.092072897,0.131,51839.906
0.11556999,0.090542138,0.131,51824.977
0.11302999,0.089011393,0.131,51805.996
0.11049,0.087480649,0.131,51783.504
0.10795,0.08594989,0.131,51758.293
0.10540999,0.084419131,0.131,51731.254
0.10286999,0.082888387,0.131,51703.293
0.10033,0.081357636,0.131,51675.363
0.097790003,0.079826877,0.131,51648.402
0.095249996,0.078296125,0.131,51623.105
0.092709996,0.076765373,0.131,51599.793
0.090170003,0.075234622,0.131,51578.52
0.087630004,0.07370387,0.131,51559.328
0.085089996,0.072173119,0.131,51542.406
0.082549997,0.070642367,0.131,51527.973
0.080009997,0.069111615,0.131,51516.023
0.077470005,0.067580864,0.131,51506.324
0.074929997,0.066050112,0.131,51498.594
0.072389998,0.064519361,0.131,51492.5
0.069849998,0.062988609,0.131,51487.531
0.067310005,0.061457854,0.131,51483.141
0.064769998,0.059927102,0.131,51479.098
0.062229998,0.058396351,0.131,51475.684
0.059689999,0.056865599,0.131,51473.5
0.057149999,0.055334844,0.131,51473.238
0.054609999,0.053804092,0.131,51475.723
0.052069999,0.052273341,0.131,51481.848
0.049529999,0.050742589,0.131,51492.195
0.04699,0.049211837,0.131,51506.605
0.04445,0.047681086,0.131,51524.277
0.04191,0.046150334,0.131,51543.957
0.03937,0.044619579,0.131,51563.844
0.036830001,0.043088827,0.131,51581.758
0.034290001,0.041558076,0.131,51596.008
0.031750001,0.040027324,0.131,51605.754
0.029209999,0.038496573,0.131,51610.816
0.02667,0.036965817,0.131,51611.398
0.02413,0.035435066,0.131,51607.969
0.02159,0.033904314,0.131,51601.277
0.01905,0.032373562,0.131,51592.332
0.01651,0.030842811,0.131,51582.609
0.01397,0.029312057,0.131,51573.91
0.01143,0.027781306,0.131,51567.523
0.0088900002,0.026250554,0.131,51564.141
0.0063499999,0.024719801,0.131,51563.586
0.0038099999,0.023189049,0.131,51565.594
0.00127,0.021658298,0.131,51569.219
0.12318999,0.093603656,0.131,51866.062
0.12064999,0.092072897,0.131,51857.188
0.11811,0.090542138,0.131,51844.363
0.11556999,0.089011393,0.131,51827.418
0.11302999,0.087480649,0.131,51806.621
0.11049,0.08594989,0.131,51782.652
0.10795,0.084419131,0.131,51756.391
0.10540999,0.082888387,0.131,51728.762
0.10286999,0.081357636,0.131,51700.664
0.10033,0.079826877,0.131,51673.0
0.097790003,0.078296125,0.131,51646.629
0.095249996,0.076765373,0.131,51622.156
0.092709996,0.075234622,0.131,51599.793
0.090170003,0.07370387,0.131,51579.5
0.087630004,0.072173119,0.131,51561.273
0.085089996,0.070642367,0.131,51545.27
0.082549997,0.069111615,0.131,51531.707
0.080009997,0.067580864,0.131,51520.574
0.077470005,0.066050112,0.131,51511.633
0.074929997,0.064519361,0.131,51504.582
0.072389998,0.062988609,0.131,51499.082
0.069849998,0.061457854,0.131,51494.605
0.067310005,0.059927102,0.131,51490.625
0.064769998,0.058396351,0.131,51486.953
0.062229998,0.056865599,0.131,51483.961
0.059689999,0.055334844,0.131,51482.352
0.057149999,0.053804092,0.131,51482.926
0.054609999,0.052273341,0.131,51486.531
0.052069999,0.050742589,0.131,51494.039
0.049529999,0.049211837,0.131,51505.859
0.04699,0.047681086,0.131,51521.609
0.04445,0.046150334,0.131,51540.234
0.04191,0.044619579,0.131,51560.285
0.03937,0.043088827,0.131,51579.836
0.036830001,0.041558076,0.131,51596.734
0.034290001,0.040027324,0.131,51609.426
0.031750001,0.038496573,0.131,51617.293
0.029209999,0.036965817,0.131,51620.379
0.02667,0.035435066,0.131,51619.094
0.02413,0.033904314,0.131,51614.059
0.02159,0.032373562,0.131,51606.168
0.01905,0.030842811,0.131,51596.453
0.01651,0.029312057,0.131,51586.41
0.01397,0.027781306,0.131,51577.719
0.01143,0.026250554,0.131,51571.625
0.0088900002,0.024719801,0.131,51568.383
0.0063499999,0.023189049,0.131,51567.969
0.0038099999,0.021658298,0.131,51569.508
0.00127,0.020128164,0.131,51572.398
0.12572999,0.093603656,0.131,51881.562
0.12318999,0.092072897,0.131,51874.184
0.12064999,0.090542138,0.131,51863.266
0.11811,0.089011393,0.131,51848.375
0.11556999,0.087480649,0.131,51829.48
0.11302999,0.08594989,0.131,51807.004
0.11049,0.084419131,0.131,51781.742
0.10795,0.082888387,0.131,51754.645
0.10540999,0.081357636,0.131,51726.645
0.10286999,0.079826877,0.131,51698.609
0.10033,0.078296125,0.131,51671.379
0.097790003,0.076765373,0.131,51645.73
0.095249996,0.075234622,0.131,51622.156
0.092709996,0.07370387,0.131,51600.766
0.090170003,0.072173119,0.131,51581.449
0.087630004,0.070642367,0.131,51564.16
0.085089996,0.069111615,0.131,51549.055
0.082549997,0.067580864,0.131,51536.336
0.080009997,0.066050112,0.131,51525.992
0.077470005,0.064519361,0.131,51517.773
0.074929997,0.062988609,0.131,51511.367
0.072389998,0.061457854,0.131,51506.41
0.069849998,0.059927102,0.131,51502.387
0.067310005,0.058396351,0.131,51498.781
0.064769998,0.056865599,0.131,51495.484
0.062229998,0.055334844,0.131,51492.945
0.059689999,0.053804092,0.131,51491.988
0.057149999,0.052273341,0.131,51493.48
0.054609999,0.050742589,0.131,51498.309
0.052069999,0.049211837,0.131,51507.234
0.049529999,0.047681086,0.131,51520.5
0.04699,0.046150334,0.131,51537.465
0.04445,0.044619579,0.131,51556.836
0.04191,0.043088827,0.131,51577.0
0.03937,0.041558076,0.131,51595.953
0.036830001,0.040027324,0.131,51611.605
0.034290001,0.038496573,0.131,51622.602
0.031750001,0.036965817,0.131,51628.531
0.029209999,0.035435066,0.131,51629.684
0.02667,0.033904314,0.131,51626.633
0.02413,0.032373562,0.131,51620.188
0.02159,0.030842811,0.131,51611.273
0.01905,0.029312057,0.131,51601.035
0.01651,0.027781306,0.131,51590.859
0.01397,0.026250554,0.131,51582.395
0.01143,0.024719801,0.131,51576.531
0.0088900002,0.023189049,0.131,51573.66
0.0063499999,0.021658298,0.131,51572.977
0.0038099999,0.020128164,0.131,51574.203
0.00127,0.018698405,0.131,51575.668
0.12572999,0.092072897,0.131,51891.184
0.12318999,0.090542138,0.131,51881.844
0.12064999,0.089011393,0.131,51868.855
0.11811,0.087480649,0.131,51851.934
0.11556999,0.08594989,0.131,51831.199
0.11302999,0.084419131,0.131,51807.203
0.11049,0.082888387,0.131,51780.852
0.10795,0.081357636,0.131,51753.133
0.10540999,0.079826877,0.131,51724.98
0.10286999,0.078296125,0.131,51697.199
0.10033,0.076765373,0.131,51670.559
0.097790003,0.075234622,0.131,51645.73
0.095249996,0.07370387,0.131,51623.102
0.092709996,0.072173119,0.131,51602.695
0.090170003,0.070642367,0.131,51584.336
0.087630004,0.069111615,0.131,51567.969
0.085089996,0.067580864,0.131,51553.73
0.082549997,0.066050112,0.131,51541.832
0.080009997,0.064519361,0.131,51532.25
0.077470005,0.062988609,0.131,51524.715
0.074929997,0.061457854,0.131,51518.902
0.072389998,0.059927102,0.131,51514.449
0.069849998,0.058396351,0.131,51510.832
0.067310005,0.056865599,0.131,51507.59
0.064769998,0.055334844,0.131,51504.672
0.062229998,0.053804092,0.131,51502.641
0.059689999,0.052273341,0.131,51502.406
0.057149999,0.050742589,0.131,51504.93
0.054609999,0.049211837,0.131,51511.051
0.052069999,0.047681086,0.131,51521.422
0.049529999,0.046150334,0.131,51536.066
0.04699,0.044619579,0.131,51554.09
0.04445,0.043088827,0.131,51573.98
0.04191,0.041558076,0.131,51593.984
0.03937,0.040027324,0.131,51612.078
0.036830001,0.038496573,0.131,51626.293
0.034290001,0.036965817,0.131,51635.473
0.031750001,0.035435066,0.131,51639.469
0.029209999,0.033904314,0.131,51638.734
0.02667,0.032373562,0.131,51634.078
0.02413,0.030842811,0.131,51626.367
0.02159,0.029312057,0.131,51616.695
0.01905,0.027781306,0.131,51606.105
0.01651,0.026250554,0.131,51596.055
0.01397,0.024719801,0.131,51587.82
0.01143,0.023189049,0.131,51582.477
0.0088900002,0.021658298,0.131,51579.578
0.0063499999,0.020128164,0.131,51578.891
0.0038099999,0.018698405,0.131,51578.988
0.00127,0.017455135,0.131,51578.691
0.12572999,0.090542138,0.131,51900.344
0.12318999,0.089011393,0.131,51888.984
0.12064999,0.087480649,0.131,51873.926
0.11811,0.08594989,0.131,51855.047
0.11556999,0.084419131,0.131,51832.598
0.11302999,0.082888387,0.131,51807.273
0.11049,0.081357636,0.131,51780.047
0.10795,0.079826877,0.131,51751.938
0.10540999,0.078296125,0.131,51723.832
0.10286999,0.076765373,0.131,51696.48
0.10033,0.075234622,0.131,51670.559
0.097790003,0.07370387,0.131,51646.629
0.095249996,0.072173119,0.131,51624.977
0.092709996,0.070642367,0.131,51605.543
0.090170003,0.069111615,0.131,51588.125
0.087630004,0.067580864,0.131,51572.652
0.085089996,0.066050112,0.131,51559.266
0.082549997,0.064519361,0.131,51548.156
0.080009997,0.062988609,0.131,51539.297
0.077470005,0.061457854,0.131,51532.402
0.074929997,0.059927102,0.131,51527.148
0.072389998,0.058396351,0.131,51523.148
0.069849998,0.056865599,0.131,51519.906
0.067310005,0.055334844,0.131,51517.008
0.064769998,0.053804092,0.131,51514.5
0.062229998,0.052273341,0.131,51513.035
0.059689999,0.050742589,0.131,51513.633
0.057149999,0.049211837,0.131,51517.266
0.054609999,0.047681086,0.131,51524.75
0.052069999,0.046150334,0.131,51536.559
0.049529999,0.044619579,0.131,51552.484
0.04699,0.043088827,0.131,51571.375
0.04445,0.041558076,0.131,51591.539
0.04191,0.040027324,0.131,51611.109
0.03937,0.038496573,0.131,51628.109
0.036830001,0.036965817,0.131,51640.711
0.034290001,0.035435066,0.131,51648.016
0.031750001,0.033904314,0.131,51650.059
0.029209999,0.032373562,0.131,51647.562
0.02667,0.030842811,0.131,51641.418
0.02413,0.029312057,0.131,51632.699
0.02159,0.027781306,0.131,51622.418
0.01905,0.026250554,0.131,51611.785
0.01651,0.024719801,0.131,51601.875
0.01397,0.023189049,0.131,51594.219
0.01143,0.021658298,0.131,51589.051
0.0088900002,0.020128164,0.131,51586.461
0.0063499999,0.018698405,0.131,51584.902
0.0038099999,0.017455135,0.131,51583.418
0.00127,0.016374029,0.131,51581.406
0.12572999,0.089011393,0.131,51908.953
0.12318999,0.087480649,0.131,51895.535
0.12064999,0.08594989,0.131,51878.445
0.11811,0.084419131,0.131,51857.703
0.11556999,0.082888387,0.131,51833.711
0.11302999,0.081357636,0.131,51807.262
0.11049,0.079826877,0.131,51779.387
0.10795,0.078296125,0.131,51751.102
0.10540999,0.076765373,0.131,51723.246
0.10286999,0.075234622,0.131,51696.48
0.10033,0.07370387,0.131,51671.379
0.097790003,0.072173119,0.131,51648.398
0.095249996,0.070642367,0.131,51627.73
0.092709996,0.069111615,0.131,51609.258
0.090170003,0.067580864,0.131,51592.762
0.087630004,0.066050112,0.131,51578.16
0.085089996,0.064519361,0.131,51565.598
0.082549997,0.062988609,0.131,51555.25
0.080009997,0.061457854,0.131,51547.078
0.077470005,0.059927102,0.131,51540.793
0.074929997,0.058396351,0.131,51536.039
0.072389998,0.056865599,0.131,51532.449
0.069849998,0.055334844,0.131,51529.551
0.067310005,0.053804092,0.131,51527.008
0.064769998,0.052273341,0.131,51524.945
0.062229998,0.050742589,0.131,51524.129
0.059689999,0.049211837,0.131,51525.645
0.057149999,0.047681086,0.131,51530.488
0.054609999,0.046150334,0.131,51539.367
0.052069999,0.044619579,0.131,51552.582
0.049529999,0.043088827,0.131,51569.645
0.04699,0.041558076,0.131,51589.199
0.04445,0.040027324,0.131,51609.367
0.04191,0.038496573,0.131,51628.242
0.03937,0.036965817,0.131,51643.914
0.036830001,0.035435066,0.131,51654.789
0.034290001,0.033904314,0.131,51660.148
0.031750001,0.032373562,0.131,51660.324
0.029209999,0.030842811,0.131,51656.141
0.02667,0.029312057,0.131,51648.742
0.02413,0.027781306,0.131,51639.137
0.02159,0.026250554,0.131,51628.586
0.01905,0.024719801,0.131,51617.938
0.01651,0.023189049,0.131,51608.559
0.01397,0.021658298,0.131,51601.191
0.01143,0.020128164,0.131,51596.602
0.0088900002,0.018698405,0.131,51593.422
0.0063499999,0.017455135,0.131,51590.449
0.0038099999,0.016374029,0.131,51587.469
0.00127,0.01543394,0.131,51583.801
0.12572999,0.087480649,0.131,51916.918
0.12318999,0.08594989,0.131,51901.438
0.12064999,0.084419131,0.131,51882.383
0.11811,0.082888387,0.131,51859.914
0.11556999,0.081357636,0.131,51834.562
0.11302999,0.079826877,0.131,51807.211
0.11049,0.078296125,0.131,51778.922
0.10795,0.076765373,0.131,51750.676
0.10540999,0.075234622,0.131,51723.246
0.10286999,0.07370387,0.131,51697.195
0.10033,0.072173119,0.131,51672.996
0.097790003,0.070642367,0.131,51650.996
0.095249996,0.069111615,0.131,51631.309
0.092709996,0.067580864,0.131,51613.777
0.090170003,0.066050112,0.131,51598.18
0.087630004,0.064519361,0.131,51584.43
0.085089996,0.062988609,0.131,51572.664
0.082549997,0.061457854,0.131,51563.047
0.080009997,0.059927102,0.131,51555.531
0.077470005,0.058396351,0.131,51549.797
0.074929997,0.056865599,0.131,51545.504
0.072389998,0.055334844,0.131,51542.281
0.069849998,0.053804092,0.131,51539.719
0.067310005,0.052273341,0.131,51537.539
0.064769998,0.050742589,0.131,51535.98
0.062229998,0.049211837,0.131,51535.895
0.059689999,0.047681086,0.131,51538.434
0.057149999,0.046150334,0.131,51544.559
0.054609999,0.044619579,0.131,51554.859
0.052069999,0.043088827,0.131,51569.391
0.049529999,0.041558076,0.131,51587.441
0.04699,0.040027324,0.131,51607.41
0.04445,0.038496573,0.131,51627.316
0.04191,0.036965817,0.131,51645.223
0.03937,0.035435066,0.131,51659.402
0.036830001,0.033904314,0.131,51668.418
0.034290001,0.032373562,0.131,51671.859
0.031750001,0.030842811,0.131,51670.188
0.029209999,0.029312057,0.131,51664.531
0.02667,0.027781306,0.131,51655.973
0.02413,0.026250554,0.131,51645.832
0.02159,0.024719801,0.131,51635.043
0.01905,0.023189049,0.131,51624.797
0.01651,0.021658298,0.131,51615.707
0.01397,0.020128164,0.131,51609.09
0.01143,0.018698405,0.131,51604.176
0.0088900002,0.017455135,0.131,51599.773
0.0063499999,0.016374029,0.131,51595.5
0.0038099999,0.01543394,0.131,51591.035
0.00127,0.014616469,0.131,51585.848
0.12572999,0.08594989,0.131,51924.141
0.12318999,0.084419131,0.131,51906.629
0.12064999,0.082888387,0.131,51885.711
0.11811,0.081357636,0.131,51861.68
0.11556999,0.079826877,0.131,51835.18
0.11302999,0.078296125,0.131,51807.156
0.11049,0.076765373,0.131,51778.68
0.10795,0.075234622,0.131,51750.676
0.10540999,0.07370387,0.131,51723.828
0.10286999,0.072173119,0.131,51698.605
0.10033,0.070642367,0.131,51675.363
0.097790003,0.069111615,0.131,51654.352
0.095249996,0.067580864,0.131,51635.629
0.092709996,0.066050112,0.131,51619.02
0.090170003,0.064519361,0.131,51604.297
0.087630004,0.062988609,0.131,51591.375
0.085089996,0.061457854,0.131,51580.379
0.082549997,0.059927102,0.131,51571.469
0.080009997,0.058396351,0.131,51564.559
0.077470005,0.056865599,0.131,51559.344
0.074929997,0.055334844,0.131,51555.457
0.072389998,0.053804092,0.131,51552.574
0.069849998,0.052273341,0.131,51550.332
0.067310005,0.050742589,0.131,51548.555
0.064769998,0.049211837,0.131,51547.562
0.062229998,0.047681086,0.131,51548.312
0.059689999,0.046150334,0.131,51551.965
0.057149999,0.044619579,0.131,51559.438
0.054609999,0.043088827,0.131,51571.133
0.052069999,0.041558076,0.131,51586.891
0.049529999,0.040027324,0.131,51605.715
0.04699,0.038496573,0.131,51625.855
0.04445,0.036965817,0.131,51645.199
0.04191,0.035435066,0.131,51661.926
0.03937,0.033904314,0.131,51674.426
0.036830001,0.032373562,0.131,51681.551
0.034290001,0.030842811,0.131,51683.043
0.031750001,0.029312057,0.131,51679.699
0.029209999,0.027781306,0.131,51672.629
0.02667,0.026250554,0.131,51663.254
0.02413,0.024719801,0.131,51652.605
0.02159,0.023189049,0.131,51642.027
0.01905,0.021658298,0.131,51631.984
0.01651,0.020128164,0.131,51623.684
0.01397,0.018698405,0.131,51616.949
0.01143,0.017455135,0.131,51611.039
0.0088900002,0.016374029,0.131,51605.566
0.0063499999,0.01543394,0.131,51599.977
0.0038099999,0.014616469,0.131,51594.164
0.00127,0.013905625,0.131,51587.617
0.12572999,0.084419131,0.131,51930.527
0.12318999,0.082888387,0.131,51911.055
0.12064999,0.081357636,0.131,51888.406
0.11811,0.079826877,0.131,51863.004
0.11556999,0.078296125,0.131,51835.578
0.11302999,0.076765373,0.131,51807.125
0.11049,0.075234622,0.131,51778.676
0.10795,0.07370387,0.131,51751.102
0.10540999,0.072173119,0.131,51724.977
0.10286999,0.070642367,0.131,51700.66
0.10033,0.069111615,0.131,51678.402
0.097790003,0.067580864,0.131,51658.379
0.095249996,0.066050112,0.131,51640.602
0.092709996,0.064519361,0.131,51624.895
0.090170003,0.062988609,0.131,51611.023
0.087630004,0.061457854,0.131,51598.906
0.085089996,0.059927102,0.131,51588.66
0.082549997,0.058396351,0.131,51580.41
0.080009997,0.056865599,0.131,51574.078
0.077470005,0.055334844,0.131,51569.324
0.074929997,0.053804092,0.131,51565.812
0.072389998,0.052273341,0.131,51563.238
0.069849998,0.050742589,0.131,51561.332
0.067310005,0.049211837,0.131,51559.996
0.064769998,0.047681086,0.131,51559.664
0.062229998,0.046150334,0.131,51561.332
0.059689999,0.044619579,0.131,51566.199
0.057149999,0.043088827,0.131,51575.047
0.054609999,0.041558076,0.131,51588.102
0.052069999,0.040027324,0.131,51604.918
0.049529999,0.038496573,0.131,51624.312
0.04699,0.036965817,0.131,51644.328
0.04445,0.035435066,0.131,51662.871
0.04191,0.033904314,0.131,51678.18
0.03937,0.032373562,0.131,51688.906
0.036830001,0.030842811,0.131,51694.059
0.034290001,0.029312057,0.131,51693.723
0.031750001,0.027781306,0.131,51688.734
0.029209999,0.026250554,0.131,51680.566
0.02667,0.024719801,0.131,51670.398
0.02413,0.023189049,0.131,51659.707
0.02159,0.021658298,0.131,51649.172
0.01905,0.020128164,0.131,51639.859
0.01651,0.018698405,0.131,51631.547
0.01397,0.017455135,0.131,51624.012
0.01143,0.016374029,0.131,51617.297
0.0088900002,0.01543394,0.131,51610.684
0.0063499999,0.014616469,0.131,51603.902
0.0038099999,0.013905625,0.131,51596.883
0.00127,0.0132875,0.131,51589.117
0.12572999,0.082888387,0.131,51936.0
0.12318999,0.081357636,0.131,51914.66
0.12064999,0.079826877,0.131,51890.445
0.11811,0.078296125,0.131,51863.883
0.11556999,0.076765373,0.131,51835.777
0.11302999,0.075234622,0.131,51807.125
0.11049,0.07370387,0.131,51778.918
0.10795,0.072173119,0.131,51751.93
0.10540999,0.070642367,0.131,51726.637
0.10286999,0.069111615,0.131,51703.289
0.10033,0.067580864,0.131,51682.031
0.097790003,0.066050112,0.131,51662.984
0.095249996,0.064519361,0.131,51646.133
0.092709996,0.062988609,0.131,51631.301
0.090170003,0.061457854,0.131,51618.262
0.087630004,0.059927102,0.131,51606.934
0.085089996,0.058396351,0.131,51597.398
0.082549997,0.056865599,0.131,51589.781
0.080009997,0.055334844,0.131,51583.973
0.077470005,0.053804092,0.131,51579.648
0.074929997,0.052273341,0.131,51576.465
0.072389998,0.050742589,0.131,51574.199
0.069849998,0.049211837,0.131,51572.641
0.067310005,0.047681086,0.131,51571.816
0.064769998,0.046150334,0.131,51572.223
0.062229998,0.044619579,0.131,51574.93
0.059689999,0.043088827,0.131,51581.066
0.057149999,0.041558076,0.131,51591.305
0.054609999,0.040027324,0.131,51605.621
0.052069999,0.038496573,0.131,51623.344
0.049529999,0.036965817,0.131,51643.031
0.04699,0.035435066,0.131,51662.676
0.04445,0.033904314,0.131,51680.129
0.04191,0.032373562,0.131,51693.879
0.03937,0.030842811,0.131,51702.684
0.036830001,0.029312057,0.131,51705.922
0.034290001,0.027781306,0.131,51703.742
0.031750001,0.026250554,0.131,51697.395
0.029209999,0.024719801,0.131,51688.145
0.02667,0.023189049,0.131,51677.645
0.02413,0.021658298,0.131,51666.773
0.02159,0.020128164,0.131,51656.836
0.01905,0.018698405,0.131,51647.531
0.01651,0.017455135,0.131,51638.551
0.01397,0.016374029,0.131,51630.441
0.01143,0.01543394,0.131,51622.797
0.0088900002,0.014616469,0.131,51615.172
0.0063499999,0.013905625,0.131,51607.332
0.0038099999,0.0132875,0.131,51599.223
0.00127,0.01275,0.131,51590.395
0.12572999,0.081357636,0.131,51940.477
0.12318999,0.079826877,0.131,51917.406
0.12064999,0.078296125,0.131,51891.812
0.11811,0.076765373,0.131,51864.324
0.11556999,0.075234622,0.131,51835.777
0.11302999,0.07370387,0.131,51807.156
0.11049,0.072173119,0.131,51779.383
0.10795,0.070642367,0.131,51753.129
0.10540999,0.069111615,0.131,51728.754
0.10286999,0.067580864,0.131,51706.406
0.10033,0.066050112,0.131,51686.152
0.097790003,0.064519361,0.131,51668.059
0.095249996,0.062988609,0.131,51652.113
0.092709996,0.061457854,0.131,51638.133
0.090170003,0.059927102,0.131,51625.91
0.087630004,0.058396351,0.131,51615.336
0.085089996,0.056865599,0.131,51606.492
0.082549997,0.055334844,0.131,51599.465
0.080009997,0.053804092,0.131,51594.148
0.077470005,0.052273341,0.131,51590.195
0.074929997,0.050742589,0.131,51587.328
0.072389998,0.049211837,0.131,51585.359
0.069849998,0.047681086,0.131,51584.203
0.067310005,0.046150334,0.131,51583.953
0.064769998,0.044619579,0.131,51585.207
0.062229998,0.043088827,0.131,51589.031
0.059689999,0.041558076,0.131,51596.504
0.057149999,0.040027324,0.131,51608.102
0.054609999,0.038496573,0.131,51623.578
0.052069999,0.036965817,0.131,51641.969
0.049529999,0.035435066,0.131,51661.719
0.04699,0.033904314,0.131,51680.664
0.04445,0.032373562,0.131,51696.852
0.04191,0.030842811,0.131,51708.824
0.03937,0.029312057,0.131,51715.723
0.036830001,0.027781306,0.131,51716.98
0.034290001,0.026250554,0.131,51713.199
0.031750001,0.024719801,0.131,51705.473
0.029209999,0.023189049,0.131,51695.594
0.02667,0.021658298,0.131,51684.648
0.02413,0.020128164,0.131,51674.164
0.02159,0.018698405,0.131,51664.191
0.01905,0.017455135,0.131,51654.301
0.01651,0.016374029,0.131,51644.914
0.01397,0.01543394,0.131,51636.062
0.01143,0.014616469,0.131,51627.625
0.0088900002,0.013905625,0.131,51619.082
0.0063499999,0.0132875,0.131,51610.281
0.0038099999,0.01275,0.131,51601.246
0.12572999,0.079826877,0.131,51943.895
0.12318999,0.078296125,0.131,51919.254
0.12064999,0.076765373,0.131,51892.5
0.11811,0.075234622,0.131,51864.324
0.11556999,0.07370387,0.131,51835.578
0.11302999,0.072173119,0.131,51807.207
0.11049,0.070642367,0.131,51780.039
0.10795,0.069111615,0.131,51754.633
0.10540999,0.067580864,0.131,51731.246
0.10286999,0.066050112,0.131,51709.918
0.10033,0.064519361,0.131,51690.656
0.097790003,0.062988609,0.131,51673.5
0.095249996,0.061457854,0.131,51658.43
0.092709996,0.059927102,0.131,51645.293
0.090170003,0.058396351,0.131,51633.859
0.087630004,0.056865599,0.131,51624.02
0.085089996,0.055334844,0.131,51615.824
0.082549997,0.053804092,0.131,51609.355
0.080009997,0.052273341,0.131,51604.477
0.077470005,0.050742589,0.131,51600.875
0.074929997,0.049211837,0.131,51598.297
0.072389998,0.047681086,0.131,51596.656
0.069849998,0.046150334,0.131,51595.938
0.067310005,0.044619579,0.131,51596.359
0.064769998,0.043088827,0.131,51598.551
0.062229998,0.041558076,0.131,51603.594
0.059689999,0.040027324,0.131,51612.418
0.057149999,0.038496573,0.131,51625.336
0.054609999,0.036965817,0.131,51641.785
0.052069999,0.035435066,0.131,51660.648
0.049529999,0.033904314,0.131,51680.133
0.04699,0.032373562,0.131,51698.176
0.04445,0.030842811,0.131,51712.82
0.04191,0.029312057,0.131,51722.984
0.03937,0.027781306,0.131,51727.848
0.036830001,0.026250554,0.131,51727.316
0.034290001,0.024719801,0.131,51721.879
0.031750001,0.023189049,0.131,51713.195
0.029209999,0.021658298,0.131,51702.582
0.02667,0.020128164,0.131,51691.766
0.02413,0.018698405,0.131,51681.117
0.02159,0.017455135,0.131,51670.598
0.01905,0.016374029,0.131,51660.43
0.01651,0.01543394,0.131,51650.453
0.01397,0.014616469,0.131,51641.012
0.01143,0.013905625,0.131,51631.82
0.0088900002,0.0132875,0.131,51622.441
0.0063499999,0.01275,0.131,51612.852
0.12572999,0.078296125,0.131,51946.199
0.12318999,0.076765373,0.131,51920.184
0.12064999,0.075234622,0.131,51892.5
0.11811,0.07370387,0.131,51863.883
0.11556999,0.072173119,0.131,51835.176
0.11302999,0.070642367,0.131,51807.254
0.11049,0.069111615,0.131,51780.844
0.10795,0.067580864,0.131,51756.379
0.10540999,0.066050112,0.131,51734.02
0.10286999,0.064519361,0.131,51713.715
0.10033,0.062988609,0.131,51695.43
0.097790003,0.061457854,0.131,51679.188
0.095249996,0.059927102,0.131,51664.984
0.092709996,0.058396351,0.131,51652.664
0.090170003,0.056865599,0.131,51642.004
0.087630004,0.055334844,0.131,51632.867
0.085089996,0.053804092,0.131,51625.293
0.082549997,0.052273341,0.131,51619.332
0.080009997,0.050742589,0.131,51614.859
0.077470005,0.049211837,0.131,51611.57
0.074929997,0.047681086,0.131,51609.289
0.072389998,0.046150334,0.131,51607.996
0.069849998,0.044619579,0.131,51607.805
0.067310005,0.043088827,0.131,51608.98
0.064769998,0.041558076,0.131,51612.223
0.062229998,0.040027324,0.131,51618.531
0.059689999,0.038496573,0.131,51628.734
0.057149999,0.036965817,0.131,51642.844
0.054609999,0.035435066,0.131,51660.125
0.052069999,0.033904314,0.131,51679.148
0.049529999,0.032373562,0.131,51698.152
0.04699,0.030842811,0.131,51714.961
0.04445,0.029312057,0.131,51727.98
0.04191,0.027781306,0.131,51736.141
0.03937,0.026250554,0.131,51739.105
0.036830001,0.024719801,0.131,51736.691
0.034290001,0.023189049,0.131,51729.988
0.031750001,0.021658298,0.131,51720.25
0.029209999,0.020128164,0.131,51709.461
0.02667,0.018698405,0.131,51698.297
0.02413,0.017455135,0.131,51687.074
0.02159,0.016374029,0.131,51676.367
0.01905,0.01543394,0.131,51665.73
0.01651,0.014616469,0.131,51655.34
0.01397,0.013905625,0.131,51645.309
0.01143,0.0132875,0.131,51635.434
0.0088900002,0.01275,0.131,51625.383
0.12572999,0.076765373,0.131,51947.363
0.12318999,0.075234622,0.131,51920.184
0.12064999,0.07370387,0.131,51891.812
0.11811,0.072173119,0.131,51863.0
0.11556999,0.070642367,0.131,51834.559
0.11302999,0.069111615,0.131,51807.266
0.11049,0.067580864,0.131,51781.73
0.10795,0.066050112,0.131,51758.285
0.10540999,0.064519361,0.131,51736.973
0.10286999,0.062988609,0.131,51717.691
0.10033,0.061457854,0.131,51700.359
0.097790003,0.059927102,0.131,51685.02
0.095249996,0.058396351,0.131,51671.664
0.092709996,0.056865599,0.131,51660.148
0.090170003,0.055334844,0.131,51650.23
0.087630004,0.053804092,0.131,51641.773
0.085089996,0.052273341,0.131,51634.777
0.082549997,0.050742589,0.131,51629.293
0.080009997,0.049211837,0.131,51625.184
0.077470005,0.047681086,0.131,51622.203
0.074929997,0.046150334,0.131,51620.219
0.072389998,0.044619579,0.131,51619.336
0.069849998,0.043088827,0.131,51619.734
0.067310005,0.041558076,0.131,51621.785
0.064769998,0.040027324,0.131,51626.152
0.062229998,0.038496573,0.131,51633.805
0.059689999,0.036965817,0.131,51645.316
0.057149999,0.035435066,0.131,51660.531
0.054609999,0.033904314,0.131,51678.367
0.052069999,0.032373562,0.131,51697.352
0.049529999,0.030842811,0.131,51715.508
0.04699,0.029312057,0.131,51730.965
0.04445,0.027781306,0.131,51742.098
0.04191,0.026250554,0.131,51748.344
0.03937,0.024719801,0.131,51749.27
0.036830001,0.023189049,0.131,51745.32
0.034290001,0.021658298,0.131,51737.227
0.031750001,0.020128164,0.131,51726.977
0.029209999,0.018698405,0.131,51715.598
0.02667,0.017455135,0.131,51703.766
0.02413,0.016374029,0.131,51692.387
0.02159,0.01543394,0.131,51681.316
0.01905,0.014616469,0.131,51670.402
0.01651,0.013905625,0.131,51659.566
0.01397,0.0132875,0.131,51649.016
0.01143,0.01275,0.131,51638.59
0.12572999,0.075234622,0.131,51947.363
0.12318999,0.07370387,0.131,51919.254
0.12064999,0.072173119,0.131,51890.441
0.11811,0.070642367,0.131,51861.68
0.11556999,0.069111615,0.131,51833.707
0.11302999,0.067580864,0.131,51807.195
0.11049,0.066050112,0.131,51782.641
0.10795,0.064519361,0.131,51760.254
0.10540999,0.062988609,0.131,51740.004
0.10286999,0.061457854,0.131,51721.727
0.10033,0.059927102,0.131,51705.344
0.097790003,0.058396351,0.131,51690.883
0.095249996,0.056865599,0.131,51678.367
0.092709996,0.055334844,0.131,51667.633
0.090170003,0.053804092,0.131,51658.449
0.087630004,0.052273341,0.131,51650.633
0.085089996,0.050742589,0.131,51644.184
0.082549997,0.049211837,0.131,51639.129
0.080009997,0.047681086,0.131,51635.367
0.077470005,0.046150334,0.131,51632.672
0.074929997,0.044619579,0.131,51631.031
0.072389998,0.043088827,0.131,51630.609
0.069849998,0.041558076,0.131,51631.707
0.067310005,0.040027324,0.131,51634.711
0.064769998,0.038496573,0.131,51640.32
0.062229998,0.036965817,0.131,51649.297
0.059689999,0.035435066,0.131,51662.102
0.057149999,0.033904314,0.131,51678.199
0.054609999,0.032373562,0.131,51696.422
0.052069999,0.030842811,0.131,51714.992
0.049529999,0.029312057,0.131,51732.152
0.04699,0.027781306,0.131,51745.926
0.04445,0.026250554,0.131,51755.219
0.04191,0.024719801,0.131,51759.355
0.03937,0.023189049,0.131,51758.543
0.036830001,0.021658298,0.131,51752.898
0.034290001,0.020128164,0.131,51743.93
0.031750001,0.018698405,0.131,51732.801
0.029209999,0.017455135,0.131,51720.609
0.02667,0.016374029,0.131,51708.578
0.02413,0.01543394,0.131,51696.891
0.02159,0.014616469,0.131,51685.668
0.01905,0.013905625,0.131,51674.434
0.01651,0.0132875,0.131,51663.223
0.01397,0.01275,0.131,51652.258
0.12572999,0.07370387,0.131,51946.203
0.12318999,0.072173119,0.131,51917.406
0.12064999,0.070642367,0.131,51888.402
0.11811,0.069111615,0.131,51859.914
0.11556999,0.067580864,0.131,51832.59
0.11302999,0.066050112,0.131,51806.996
0.11049,0.064519361,0.131,51783.492
0.10795,0.062988609,0.131,51762.199
0.10540999,0.061457854,0.131,51743.008
0.10286999,0.059927102,0.131,51725.727
0.10033,0.058396351,0.131,51710.27
0.097790003,0.056865599,0.131,51696.688
0.095249996,0.055334844,0.131,51684.992
0.092709996,0.053804092,0.131,51675.035
0.090170003,0.052273341,0.131,51666.547
0.087630004,0.050742589,0.131,51659.348
0.085089996,0.049211837,0.131,51653.398
0.082549997,0.047681086,0.131,51648.754
0.080009997,0.046150334,0.131,51645.309
0.077470005,0.044619579,0.131,51642.93
0.074929997,0.043088827,0.131,51641.656
0.072389998,0.041558076,0.131,51641.793
0.069849998,0.040027324,0.131,51643.672
0.067310005,0.038496573,0.131,51647.766
0.064769998,0.036965817,0.131,51654.637
0.062229998,0.035435066,0.131,51664.984
0.059689999,0.033904314,0.131,51678.91
0.057149999,0.032373562,0.131,51695.777
0.054609999,0.030842811,0.131,51714.02
0.052069999,0.029312057,0.131,51732.02
0.049529999,0.027781306,0.131,51747.801
0.04699,0.026250554,0.131,51759.902
0.04445,0.024719801,0.131,51767.078
0.04191,0.023189049,0.131,51769.352
0.03937,0.021658298,0.131,51766.602
0.036830001,0.020128164,0.131,51759.754
0.034290001,0.018698405,0.131,51749.57
0.031750001,0.017455135,0.131,51737.418
0.029209999,0.016374029,0.131,51724.941
0.02667,0.01543394,0.131,51712.598
0.02413,0.014616469,0.131,51700.84
0.02159,0.013905625,0.131,51689.398
0.01905,0.0132875,0.131,51677.918
0.01651,0.01275,0.131,51666.422
0.12572999,0.072173119,0.131,51943.895
0.12318999,0.070642367,0.131,51914.664
0.12064999,0.069111615,0.131,51885.711
0.11811,0.067580864,0.131,51857.699
0.11556999,0.066050112,0.131,51831.191
0.11302999,0.064519361,0.131,51806.609
0.11049,0.062988609,0.131,51784.211
0.10795,0.061457854,0.131,51764.023
0.10540999,0.059927102,0.131,51745.887
0.10286999,0.058396351,0.131,51729.586
0.10033,0.056865599,0.131,51715.047
0.097790003,0.055334844,0.131,51702.324
0.095249996,0.053804092,0.131,51691.449
0.092709996,0.052273341,0.131,51682.246
0.090170003,0.050742589,0.131,51674.441
0.087630004,0.049211837,0.131,51667.82
0.085089996,0.047681086,0.131,51662.352
0.082549997,0.046150334,0.131,51658.074
0.080009997,0.044619579,0.131,51654.953
0.077470005,0.043088827,0.131,51652.895
0.074929997,0.041558076,0.131,51652.078
0.072389998,0.040027324,0.131,51652.84
0.069849998,0.038496573,0.131,51655.645
0.067310005,0.036965817,0.131,51660.875
0.064769998,0.035435066,0.131,51669.105
0.062229998,0.033904314,0.131,51680.719
0.059689999,0.032373562,0.131,51695.715
0.057149999,0.030842811,0.131,51713.012
0.054609999,0.029312057,0.131,51731.137
0.052069999,0.027781306,0.131,51748.145
0.049529999,0.026250554,0.131,51762.52
0.04699,0.024719801,0.131,51772.594
0.04445,0.023189049,0.131,51777.871
0.04191,0.021658298,0.131,51778.027
0.03937,0.020128164,0.131,51773.797
0.036830001,0.018698405,0.131,51765.375
0.034290001,0.017455135,0.131,51753.898
0.031750001,0.016374029,0.131,51741.332
0.029209999,0.01543394,0.131,51728.496
0.02667,0.014616469,0.131,51716.105
0.02413,0.013905625,0.131,51704.195
0.02159,0.0132875,0.131,51692.621
0.01905,0.01275,0.131,51680.961
0.12572999,0.070642367,0.131,51940.48
0.12318999,0.069111615,0.131,51911.059
0.12064999,0.067580864,0.131,51882.383
0.11811,0.066050112,0.131,51855.043
0.11556999,0.064519361,0.131,51829.473
0.11302999,0.062988609,0.131,51805.984
0.11049,0.061457854,0.131,51784.723
0.10795,0.059927102,0.131,51765.641
0.10540999,0.058396351,0.131,51748.539
0.10286999,0.056865599,0.131,51733.211
0.10033,0.055334844,0.131,51719.578
0.097790003,0.053804092,0.131,51707.719
0.095249996,0.052273341,0.131,51697.645
0.092709996,0.050742589,0.131,51689.188
0.090170003,0.049211837,0.131,51682.035
0.087630004,0.047681086,0.131,51675.973
0.085089996,0.046150334,0.131,51670.945
0.082549997,0.044619579,0.131,51667.035
0.080009997,0.043088827,0.131,51664.227
0.077470005,0.041558076,0.131,51662.559
0.074929997,0.040027324,0.131,51662.242
0.072389998,0.038496573,0.131,51663.773
0.069849998,0.036965817,0.131,51667.562
0.067310005,0.035435066,0.131,51674.074
0.064769998,0.033904314,0.131,51683.613
0.062229998,0.032373562,0.131,51696.508
0.059689999,0.030842811,0.131,51712.285
0.057149999,0.029312057,0.131,51729.906
0.054609999,0.027781306,0.131,51747.469
0.052069999,0.026250554,0.131,51763.434
0.049529999,0.024719801,0.131,51775.984
0.04699,0.023189049,0.131,51784.219
0.04445,0.021658298,0.131,51787.266
0.04191,0.020128164,0.131,51785.723
0.03937,0.018698405,0.131,51779.594
0.036830001,0.017455135,0.131,51769.566
0.034290001,0.016374029,0.131,51757.473
0.031750001,0.01543394,0.131,51744.461
0.029209999,0.014616469,0.131,51731.574
0.02667,0.013905625,0.131,51719.051
0.02413,0.0132875,0.131,51707.098
0.02159,0.01275,0.131,51695.426
0.12572999,0.069111615,0.131,51936.004
0.12318999,0.067580864,0.131,51906.633
0.12064999,0.066050112,0.131,51878.449
0.11811,0.064519361,0.131,51851.934
0.11556999,0.062988609,0.131,51827.41
0.11302999,0.061457854,0.131,51805.062
0.11049,0.059927102,0.131,51784.953
0.10795,0.058396351,0.131,51766.973
0.10540999,0.056865599,0.131,51750.898
0.10286999,0.055334844,0.131,51736.52
0.10033,0.053804092,0.131,51723.793
0.097790003,0.052273341,0.131,51712.781
0.095249996,0.050742589,0.131,51703.512
0.092709996,0.049211837,0.131,51695.77
0.090170003,0.047681086,0.131,51689.258
0.087630004,0.046150334,0.131,51683.715
0.085089996,0.044619579,0.131,51679.121
0.082549997,0.043088827,0.131,51675.555
0.080009997,0.041558076,0.131,51673.109
0.077470005,0.040027324,0.131,51671.859
0.074929997,0.038496573,0.131,51672.18
0.072389998,0.036965817,0.131,51674.543
0.069849998,0.035435066,0.131,51679.492
0.067310005,0.033904314,0.131,51687.273
0.064769998,0.032373562,0.131,51698.199
0.062229998,0.030842811,0.131,51712.145
0.059689999,0.029312057,0.131,51728.652
0.057149999,0.027781306,0.131,51746.156
0.054609999,0.026250554,0.131,51763.102
0.052069999,0.024719801,0.131,51777.543
0.049529999,0.023189049,0.131,51788.43
0.04699,0.021658298,0.131,51794.41
0.04445,0.020128164,0.131,51795.617
0.04191,0.018698405,0.131,51791.898
0.03937,0.017455135,0.131,51783.84
0.036830001,0.016374029,0.131,51772.934
0.034290001,0.01543394,0.131,51760.242
0.031750001,0.014616469,0.131,51747.141
0.029209999,0.013905625,0.131,51734.121
0.02667,0.0132875,0.131,51721.609
0.02413,0.01275,0.131,51709.609
0.12572999,0.067580864,0.131,51930.535
0.12318999,0.066050112,0.131,51901.445
0.12064999,0.064519361,0.131,51873.93
0.11811,0.062988609,0.131,51848.375
0.11556999,0.061457854,0.131,51824.969
0.11302999,0.059927102,0.131,51803.801
0.11049,0.058396351,0.131,51784.84
0.10795,0.056865599,0.131,51767.941
0.10540999,0.055334844,0.131,51752.875
0.10286999,0.053804092,0.131,51739.449
0.10033,0.052273341,0.131,51727.613
0.097790003,0.050742589,0.131,51717.453
0.095249996,0.049211837,0.131,51708.961
0.092709996,0.047681086,0.131,51701.934
0.090170003,0.046150334,0.131,51696.023
0.087630004,0.044619579,0.131,51690.996
0.085089996,0.043088827,0.131,51686.801
0.082549997,0.041558076,0.131,51683.613
0.080009997,0.040027324,0.131,51681.543
0.077470005,0.038496573,0.131,51680.832
0.074929997,0.036965817,0.131,51681.84
0.072389998,0.035435066,0.131,51685.223
0.069849998,0.033904314,0.131,51691.348
0.067310005,0.032373562,0.131,51700.539
0.064769998,0.030842811,0.131,51712.691
0.062229998,0.029312057,0.131,51727.695
0.059689999,0.027781306,0.131,51744.512
0.057149999,0.026250554,0.131,51761.863
0.054609999,0.024719801,0.131,51777.664
0.052069999,0.023189049,0.131,51790.719
0.049529999,0.021658298,0.131,51799.445
0.04699,0.020128164,0.131,51803.555
0.04445,0.018698405,0.131,51802.363
0.04191,0.017455135,0.131,51796.395
0.03937,0.016374029,0.131,51787.188
0.036830001,0.01543394,0.131,51775.461
0.034290001,0.014616469,0.131,51762.566
0.031750001,0.013905625,0.131,51749.312
0.029209999,0.0132875,0.131,51736.332
0.02667,0.01275,0.131,51723.789
0.12572999,0.066050112,0.131,51924.148
0.12318999,0.064519361,0.131,51895.543
0.12064999,0.062988609,0.131,51868.859
0.11811,0.061457854,0.131,51844.363
0.11556999,0.059927102,0.131,51822.133
0.11302999,0.058396351,0.131,51802.148
0.11049,0.056865599,0.131,51784.332
0.10795,0.055334844,0.131,51768.496
0.10540999,0.053804092,0.131,51754.43
0.10286999,0.052273341,0.131,51741.938
0.10033,0.050742589,0.131,51730.992
0.097790003,0.049211837,0.131,51721.664
0.095249996,0.047681086,0.131,51713.945
0.092709996,0.046150334,0.131,51707.598
0.090170003,0.044619579,0.131,51702.285
0.087630004,0.043088827,0.131,51697.734
0.085089996,0.041558076,0.131,51693.961
0.082549997,0.040027324,0.131,51691.145
0.080009997,0.038496573,0.131,51689.551
0.077470005,0.036965817,0.131,51689.418
0.074929997,0.035435066,0.131,51691.305
0.072389998,0.033904314,0.131,51695.738
0.069849998,0.032373562,0.131,51703.234
0.067310005,0.030842811,0.131,51713.73
0.064769998,0.029312057,0.131,51727.18
0.062229998,0.027781306,0.131,51742.875
0.059689999,0.026250554,0.131,51760.0
0.057149999,0.024719801,0.131,51776.641
0.054609999,0.023189049,0.131,51791.414
0.052069999,0.021658298,0.131,51802.512
0.049529999,0.020128164,0.131,51809.449
0.04699,0.018698405,0.131,51811.016
0.04445,0.017455135,0.131,51807.285
0.04191,0.016374029,0.131,51799.926
0.03937,0.01543394,0.131,51789.652
0.036830001,0.014616469,0.131,51777.531
0.034290001,0.013905625,0.131,51764.406
0.031750001,0.0132875,0.131,51751.184
0.029209999,0.01275,0.131,51738.188
0.12572999,0.064519361,0.131,51916.926
0.12318999,0.062988609,0.131,51888.992
0.12064999,0.061457854,0.131,51863.27
0.11811,0.059927102,0.131,51839.906
0.11556999,0.058396351,0.131,51818.871
0.11302999,0.056865599,0.131,51800.074
0.11049,0.055334844,0.131,51783.375
0.10795,0.053804092,0.131,51768.594
0.10540999,0.052273341,0.131,51755.504
0.10286999,0.050742589,0.131,51743.941
0.10033,0.049211837,0.131,51733.875
0.097790003,0.047681086,0.131,51725.375
0.095249996,0.046150334,0.131,51718.406
0.092709996,0.044619579,0.131,51712.73
0.090170003,0.043088827,0.131,51707.973
0.087630004,0.041558076,0.131,51703.906
0.085089996,0.040027324,0.131,51700.535
0.082549997,0.038496573,0.131,51698.172
0.080009997,0.036965817,0.131,51697.078
0.077470005,0.035435066,0.131,51697.695
0.074929997,0.033904314,0.131,51700.504
0.072389998,0.032373562,0.131,51706.211
0.069849998,0.030842811,0.131,51715.012
0.067310005,0.029312057,0.131,51726.961
0.064769998,0.027781306,0.131,51741.402
0.062229998,0.026250554,0.131,51757.832
0.059689999,0.024719801,0.131,51774.711
0.057149999,0.023189049,0.131,51790.754
0.054609999,0.021658298,0.131,51803.863
0.052069999,0.020128164,0.131,51813.355
0.049529999,0.018698405,0.131,51817.715
0.04699,0.017455135,0.131,51816.52
0.04445,0.016374029,0.131,51811.176
0.04191,0.01543394,0.131,51802.516
0.03937,0.014616469,0.131,51791.645
0.036830001,0.013905625,0.131,51779.129
0.034290001,0.0132875,0.131,51765.961
0.031750001,0.01275,0.131,51752.734
0.12572999,0.062988609,0.131,51908.969
0.12318999,0.061457854,0.131,51881.855
0.12064999,0.059927102,0.131,51857.191
0.11811,0.058396351,0.131,51835.008
0.11556999,0.056865599,0.131,51815.184
0.11302999,0.055334844,0.131,51797.551
0.11049,0.053804092,0.131,51781.953
0.10795,0.052273341,0.131,51768.195
0.10540999,0.050742589,0.131,51756.074
0.10286999,0.049211837,0.131,51745.426
0.10033,0.047681086,0.131,51736.23
0.097790003,0.046150334,0.131,51728.535
0.095249996,0.044619579,0.131,51722.301
0.092709996,0.043088827,0.131,51717.254
0.090170003,0.041558076,0.131,51713.059
0.087630004,0.040027324,0.131,51709.445
0.085089996,0.038496573,0.131,51706.535
0.082549997,0.036965817,0.131,51704.637
0.080009997,0.035435066,0.131,51704.195
0.077470005,0.033904314,0.131,51705.605
0.074929997,0.032373562,0.131,51709.559
0.072389998,0.030842811,0.131,51716.52
0.069849998,0.029312057,0.131,51726.836
0.067310005,0.027781306,0.131,51739.988
0.064769998,0.026250554,0.131,51755.531
0.062229998,0.024719801,0.131,51772.16
0.059689999,0.023189049,0.131,51788.914
0.057149999,0.021658298,0.131,51803.668
0.054609999,0.020128164,0.131,51815.441
0.052069999,0.018698405,0.131,51822.434
0.049529999,0.017455135,0.131,51823.898
0.04699,0.016374029,0.131,51820.898
0.04445,0.01543394,0.131,51814.035
0.04191,0.014616469,0.131,51804.602
0.03937,0.013905625,0.131,51793.148
0.036830001,0.0132875,0.131,51780.457
0.034290001,0.01275,0.131,51767.242
0.12572999,0.061457854,0.131,51900.359
0.12318999,0.059927102,0.131,51874.195
0.12064999,0.058396351,0.131,51850.66
0.11811,0.056865599,0.131,51829.68
0.11556999,0.055334844,0.131,51811.051
0.11302999,0.053804092,0.131,51794.566
0.11049,0.052273341,0.131,51780.039
0.10795,0.050742589,0.131,51767.285
0.10540999,0.049211837,0.131,51756.109
0.10286999,0.047681086,0.131,51746.371
0.10033,0.046150334,0.131,51738.023
0.097790003,0.044619579,0.131,51731.121
0.095249996,0.043088827,0.131,51725.582
0.092709996,0.041558076,0.131,51721.168
0.090170003,0.040027324,0.131,51717.488
0.087630004,0.038496573,0.131,51714.363
0.085089996,0.036965817,0.131,51711.906
0.082549997,0.035435066,0.131,51710.59
0.080009997,0.033904314,0.131,51710.836
0.077470005,0.032373562,0.131,51713.258
0.074929997,0.030842811,0.131,51718.367
0.072389998,0.029312057,0.131,51726.828
0.069849998,0.027781306,0.131,51738.473
0.067310005,0.026250554,0.131,51753.008
0.064769998,0.024719801,0.131,51769.152
0.062229998,0.023189049,0.131,51786.137
0.059689999,0.021658298,0.131,51802.043
0.057149999,0.020128164,0.131,51815.816
0.054609999,0.018698405,0.131,51825.254
0.052069999,0.017455135,0.131,51829.297
0.049529999,0.016374029,0.131,51828.855
0.04699,0.01543394,0.131,51824.148
0.04445,0.014616469,0.131,51816.344
0.04191,0.013905625,0.131,51806.164
0.03937,0.0132875,0.131,51794.387
0.036830001,0.01275,0.131,51781.527
0.12572999,0.059927102,0.131,51891.199
0.12318999,0.058396351,0.131,51866.074
0.12064999,0.056865599,0.131,51843.711
0.11811,0.055334844,0.131,51823.934
0.11556999,0.053804092,0.131,51806.48
0.11302999,0.052273341,0.131,51791.109
0.11049,0.050742589,0.131,51777.629
0.10795,0.049211837,0.131,51765.855
0.10540999,0.047681086,0.131,51755.613
0.10286999,0.046150334,0.131,51746.754
0.10033,0.044619579,0.131,51739.242
0.097790003,0.043088827,0.131,51733.09
0.095249996,0.041558076,0.131,51728.23
0.092709996,0.040027324,0.131,51724.395
0.090170003,0.038496573,0.131,51721.254
0.087630004,0.036965817,0.131,51718.605
0.085089996,0.035435066,0.131,51716.695
0.082549997,0.033904314,0.131,51715.984
0.080009997,0.032373562,0.131,51717.113
0.077470005,0.030842811,0.131,51720.566
0.074929997,0.029312057,0.131,51727.094
0.072389998,0.027781306,0.131,51736.926
0.069849998,0.026250554,0.131,51750.141
0.067310005,0.024719801,0.131,51765.613
0.064769998,0.023189049,0.131,51782.559
0.062229998,0.021658298,0.131,51799.16
0.059689999,0.020128164,0.131,51814.52
0.057149999,0.018698405,0.131,51826.223
0.054609999,0.017455135,0.131,51832.746
0.052069999,0.016374029,0.131,51834.852
0.049529999,0.01543394,0.131,51832.574
0.04699,0.014616469,0.131,51826.777
0.04445,0.013905625,0.131,51818.078
0.04191,0.0132875,0.131,51807.449
0.03937,0.01275,0.131,51795.363
0.12572999,0.058396351,0.131,51881.578
0.12318999,0.056865599,0.131,51857.559
0.12064999,0.055334844,0.131,51836.375
0.11811,0.053804092,0.131,51817.789
0.11556999,0.052273341,0.131,51801.48
0.11302999,0.050742589,0.131,51787.188
0.11049,0.049211837,0.131,51774.715
0.10795,0.047681086,0.131,51763.902
0.10540999,0.046150334,0.131,51754.566
0.10286999,0.044619579,0.131,51746.582
0.10033,0.043088827,0.131,51739.875
0.097790003,0.041558076,0.131,51734.457
0.095249996,0.040027324,0.131,51730.234
0.092709996,0.038496573,0.131,51726.973
0.090170003,0.036965817,0.131,51724.32
0.087630004,0.035435066,0.131,51722.203
0.085089996,0.033904314,0.131,51720.848
0.082549997,0.032373562,0.131,51720.91
0.080009997,0.030842811,0.131,51722.953
0.077470005,0.029312057,0.131,51727.691
0.074929997,0.027781306,0.131,51735.559
0.072389998,0.026250554,0.131,51747.043
0.069849998,0.024719801,0.131,51761.457
0.067310005,0.023189049,0.131,51778.117
0.064769998,0.021658298,0.131,51795.145
0.062229998,0.020128164,0.131,51811.66
0.059689999,0.018698405,0.131,51825.309
0.057149999,0.017455135,0.131,51834.242
0.054609999,0.016374029,0.131,51838.875
0.052069999,0.01543394,0.131,51839.07
0.049529999,0.014616469,0.131,51835.594
0.04699,0.013905625,0.131,51828.762
0.04445,0.0132875,0.131,51819.5
0.04191,0.01275,0.131,51808.453
0.12572999,0.056865599,0.131,51871.59
0.12318999,0.055334844,0.131,51848.703
0.12064999,0.053804092,0.131,51828.703
0.11811,0.052273341,0.131,51811.273
0.11556999,0.050742589,0.131,51796.066
0.11302999,0.049211837,0.131,51782.805
0.11049,0.047681086,0.131,51771.312
0.10795,0.046150334,0.131,51761.422
0.10540999,0.044619579,0.131,51752.98
0.10286999,0.043088827,0.131,51745.828
0.10033,0.041558076,0.131,51739.91
0.097790003,0.040027324,0.131,51735.184
0.095249996,0.038496573,0.131,51731.578
0.092709996,0.036965817,0.131,51728.84
0.090170003,0.035435066,0.131,51726.707
0.087630004,0.033904314,0.131,51725.105
0.085089996,0.032373562,0.131,51724.441
0.082549997,0.030842811,0.131,51725.305
0.080009997,0.029312057,0.131,51728.488
0.077470005,0.027781306,0.131,51734.492
0.074929997,0.026250554,0.131,51743.988
0.072389998,0.024719801,0.131,51756.836
0.069849998,0.023189049,0.131,51772.738
0.067310005,0.021658298,0.131,51789.914
0.064769998,0.020128164,0.131,51807.32
0.062229998,0.018698405,0.131,51822.559
0.059689999,0.017455135,0.131,51833.684
0.057149999,0.016374029,0.131,51840.852
0.054609999,0.01543394,0.131,51843.559
0.052069999,0.014616469,0.131,51842.512
0.049529999,0.013905625,0.131,51837.895
0.04699,0.0132875,0.131,51830.387
0.04445,0.01275,0.131,51820.605
0.12572999,0.055334844,0.131,51861.32
0.12318999,0.053804092,0.131,51839.578
0.12064999,0.052273341,0.131,51820.727
0.11811,0.050742589,0.131,51804.414
0.11556999,0.049211837,0.131,51790.262
0.11302999,0.047681086,0.131,51777.996
0.11049,0.046150334,0.131,51767.434
0.10795,0.044619579,0.131,51758.441
0.10540999,0.043088827,0.131,51750.848
0.10286999,0.041558076,0.131,51744.508
0.10033,0.040027324,0.131,51739.312
0.097790003,0.038496573,0.131,51735.25
0.095249996,0.036965817,0.131,51732.219
0.092709996,0.035435066,0.131,51730.008
0.090170003,0.033904314,0.131,51728.402
0.087630004,0.032373562,0.131,51727.426
0.085089996,0.030842811,0.131,51727.457
0.082549997,0.029312057,0.131,51729.305
0.080009997,0.027781306,0.131,51733.645
0.077470005,0.026250554,0.131,51741.172
0.074929997,0.024719801,0.131,51752.109
0.072389998,0.023189049,0.131,51766.625
0.069849998,0.021658298,0.131,51783.422
0.067310005,0.020128164,0.131,51801.426
0.064769998,0.018698405,0.131,51818.008
0.062229998,0.017455135,0.131,51831.066
0.059689999,0.016374029,0.131,51840.633
0.057149999,0.01543394,0.131,51845.934
0.054609999,0.014616469,0.131,51847.395
0.052069999,0.013905625,0.131,51845.152
0.049529999,0.0132875,0.131,51839.777
0.04699,0.01275,0.131,51831.648
0.12572999,0.053804092,0.131,51850.855
0.12318999,0.052273341,0.131,51830.238
0.12064999,0.050742589,0.131,51812.508
0.11811,0.049211837,0.131,51797.258
0.11556999,0.047681086,0.131,51784.105
0.11302999,0.046150334,0.131,51772.781
0.11049,0.044619579,0.131,51763.121
0.10795,0.043088827,0.131,51754.977
0.10540999,0.041558076,0.131,51748.203
0.10286999,0.040027324,0.131,51742.621
0.10033,0.038496573,0.131,51738.133
0.097790003,0.036965817,0.131,51734.684
0.095249996,0.035435066,0.131,51732.203
0.092709996,0.033904314,0.131,51730.504
0.090170003,0.032373562,0.131,51729.43
0.087630004,0.030842811,0.131,51729.066
0.085089996,0.029312057,0.131,51729.969
0.082549997,0.027781306,0.131,51732.855
0.080009997,0.026250554,0.131,51738.574
0.077470005,0.024719801,0.131,51747.543
0.074929997,0.023189049,0.131,51760.203
0.072389998,0.021658298,0.131,51775.918
0.069849998,0.020128164,0.131,51793.914
0.067310005,0.018698405,0.131,51811.582
0.064769998,0.017455135,0.131,51826.418
0.062229998,0.016374029,0.131,51838.176
0.059689999,0.01543394,0.131,51845.996
0.057149999,0.014616469,0.131,51850.125
0.054609999,0.013905625,0.131,51850.379
0.052069999,0.0132875,0.131,51847.324
0.049529999,0.01275,0.131,51841.254
0.12572999,0.052273341,0.131,51840.273
0.12318999,0.050742589,0.131,51820.758
0.12064999,0.049211837,0.131,51804.09
0.11811,0.047681086,0.131,51789.852
0.11556999,0.046150334,0.131,51777.641
0.11302999,0.044619579,0.131,51767.211
0.11049,0.043088827,0.131,51758.395
0.10795,0.041558076,0.131,51751.07
0.10540999,0.040027324,0.131,51745.062
0.10286999,0.038496573,0.131,51740.211
0.10033,0.036965817,0.131,51736.363
0.097790003,0.035435066,0.131,51733.488
0.095249996,0.033904314,0.131,51731.504
0.092709996,0.032373562,0.131,51730.309
0.090170003,0.030842811,0.131,51729.805
0.087630004,0.029312057,0.131,51730.18
0.085089996,0.027781306,0.131,51731.965
0.082549997,0.026250554,0.131,51736.09
0.080009997,0.024719801,0.131,51743.176
0.077470005,0.023189049,0.131,51753.828
0.074929997,0.021658298,0.131,51767.891
0.072389998,0.020128164,0.131,51785.082
0.069849998,0.018698405,0.131,51803.238
0.067310005,0.017455135,0.131,51819.633
0.064769998,0.016374029,0.131,51833.461
0.062229998,0.01543394,0.131,51843.684
0.059689999,0.014616469,0.131,51850.445
0.057149999,0.013905625,0.131,51853.383
0.054609999,0.0132875,0.131,51852.832
0.052069999,0.01275,0.131,51849.043
0.12572999,0.050742589,0.131,51829.66
0.12318999,0.049211837,0.131,51811.199
0.12064999,0.047681086,0.131,51795.543
0.11811,0.046150334,0.131,51782.242
0.11556999,0.044619579,0.131,51770.922
0.11302999,0.043088827,0.131,51761.324
0.11049,0.041558076,0.131,51753.309
0.10795,0.040027324,0.131,51746.742
0.10540999,0.038496573,0.131,51741.469
0.10286999,0.036965817,0.131,51737.273
0.10033,0.035435066,0.131,51734.031
0.097790003,0.033904314,0.131,51731.656
0.095249996,0.032373562,0.131,51730.156
0.092709996,0.030842811,0.131,51729.434
0.090170003,0.029312057,0.131,51729.566
0.087630004,0.027781306,0.131,51730.703
0.085089996,0.026250554,0.131,51733.566
0.082549997,0.024719801,0.131,51738.938
0.080009997,0.023189049,0.131,51747.629
0.077470005,0.021658298,0.131,51759.777
0.074929997,0.020128164,0.131,51775.48
0.072389998,0.018698405,0.131,51793.281
0.069849998,0.017455135,0.131,51810.672
0.067310005,0.016374029,0.131,51826.422
0.064769998,0.01543394,0.131,51838.961
0.062229998,0.014616469,0.131,51848.277
0.059689999,0.013905625,0.131,51853.902
0.057149999,0.0132875,0.131,51856.07
0.054609999,0.01275,0.131,51854.773
0.12572999,0.049211837,0.131,51819.09
0.12318999,0.047681086,0.131,51801.633
0.12064999,0.046150334,0.131,51786.914
0.11811,0.044619579,0.131,51774.5
0.11556999,0.043088827,0.131,51763.996
0.11302999,0.041558076,0.131,51755.18
0.11049,0.040027324,0.131,51747.906
0.10795,0.038496573,0.131,51742.051
0.10540999,0.036965817,0.131,51737.438
0.10286999,0.035435066,0.131,51733.859
0.10033,0.033904314,0.131,51731.145
0.097790003,0.032373562,0.131,51729.254
0.095249996,0.030842811,0.131,51728.172
0.092709996,0.029312057,0.131,51727.992
0.090170003,0.027781306,0.131,51728.723
0.087630004,0.026250554,0.131,51730.762
0.085089996,0.024719801,0.131,51734.73
0.082549997,0.023189049,0.131,51741.578
0.080009997,0.021658298,0.131,51751.766
0.077470005,0.020128164,0.131,51765.629
0.074929997,0.018698405,0.131,51782.312
0.072389998,0.017455135,0.131,51799.852
0.069849998,0.016374029,0.131,51816.996
0.067310005,0.01543394,0.131,51831.73
0.064769998,0.014616469,0.131,51843.57
0.062229998,0.013905625,0.131,51851.852
0.059689999,0.0132875,0.131,51856.777
0.057149999,0.01275,0.131,51858.203
0.12572999,0.047681086,0.131,51808.645
0.12318999,0.046150334,0.131,51792.121
0.12064999,0.044619579,0.131,51778.285
0.11811,0.043088827,0.131,51766.676
0.11556999,0.041558076,0.131,51756.934
0.11302999,0.040027324,0.131,51748.828
0.11049,0.038496573,0.131,51742.242
0.10795,0.036965817,0.131,51737.031
0.10540999,0.035435066,0.131,51733.023
0.10286999,0.033904314,0.131,51729.992
0.10033,0.032373562,0.131,51727.766
0.097790003,0.030842811,0.131,51726.289
0.095249996,0.029312057,0.131,51725.656
0.092709996,0.027781306,0.131,51725.949
0.090170003,0.026250554,0.131,51727.414
0.087630004,0.024719801,0.131,51730.367
0.085089996,0.023189049,0.131,51735.621
0.082549997,0.021658298,0.131,51743.906
0.080009997,0.020128164,0.131,51755.793
0.077470005,0.018698405,0.131,51770.906
0.074929997,0.017455135,0.131,51787.797
0.072389998,0.016374029,0.131,51805.492
0.069849998,0.01543394,0.131,51821.965
0.067310005,0.014616469,0.131,51836.207
0.064769998,0.013905625,0.131,51847.16
0.062229998,0.0132875,0.131,51854.832
0.059689999,0.01275,0.131,51859.059
0.12572999,0.046150334,0.131,51798.398
0.12318999,0.044619579,0.131,51782.75
0.12064999,0.043088827,0.131,51769.715
0.11811,0.041558076,0.131,51758.852
0.11556999,0.040027324,0.131,51749.793
0.11302999,0.038496573,0.131,51742.344
0.11049,0.036965817,0.131,51736.371
0.10795,0.035435066,0.131,51731.742
0.10540999,0.033904314,0.131,51728.27
0.10286999,0.032373562,0.131,51725.719
0.10033,0.030842811,0.131,51723.914
0.097790003,0.029312057,0.131,51722.824
0.095249996,0.027781306,0.131,51722.59
0.092709996,0.026250554,0.131,51723.445
0.090170003,0.024719801,0.131,51725.633
0.087630004,0.023189049,0.131,51729.637
0.085089996,0.021658298,0.131,51736.203
0.082549997,0.020128164,0.131,51746.086
0.080009997,0.018698405,0.131,51759.406
0.077470005,0.017455135,0.131,51775.133
0.074929997,0.016374029,0.131,51792.543
0.072389998,0.01543394,0.131,51809.941
0.069849998,0.014616469,0.131,51826.184
0.067310005,0.013905625,0.131,51839.715
0.064769998,0.0132875,0.131,51850.176
0.062229998,0.01275,0.131,51857.227
0.12572999,0.044619579,0.131,51788.434
0.12318999,0.043088827,0.131,51773.586
0.12064999,0.041558076,0.131,51761.285
0.11811,0.040027324,0.131,51751.09
0.11556999,0.038496573,0.131,51742.652
0.11302999,0.036965817,0.131,51735.785
0.11049,0.035435066,0.131,51730.359
0.10795,0.033904314,0.131,51726.242
0.10540999,0.032373562,0.131,51723.227
0.10286999,0.030842811,0.131,51721.09
0.10033,0.029312057,0.131,51719.641
0.097790003,0.027781306,0.131,51718.91
0.095249996,0.026250554,0.131,51719.086
0.092709996,0.024719801,0.131,51720.504
0.090170003,0.023189049,0.131,51723.492
0.087630004,0.021658298,0.131,51728.621
0.085089996,0.020128164,0.131,51736.598
0.082549997,0.018698405,0.131,51747.996
0.080009997,0.017455135,0.131,51762.266
0.077470005,0.016374029,0.131,51778.824
0.074929997,0.01543394,0.131,51796.301
0.072389998,0.014616469,0.131,51813.75
0.069849998,0.013905625,0.131,51829.496
0.067310005,0.0132875,0.131,51842.668
0.064769998,0.01275,0.131,51852.578
0.12572999,0.043088827,0.131,51778.828
0.12318999,0.041558076,0.131,51764.711
0.12064999,0.040027324,0.131,51753.074
0.11811,0.038496573,0.131,51743.473
0.11556999,0.036965817,0.131,51735.59
0.11302999,0.035435066,0.131,51729.227
0.11049,0.033904314,0.131,51724.281
0.10795,0.032373562,0.131,51720.59
0.10540999,0.030842811,0.131,51717.969
0.10286999,0.029312057,0.131,51716.156
0.10033,0.027781306,0.131,51715.031
0.097790003,0.026250554,0.131,51714.602
0.095249996,0.024719801,0.131,51715.219
0.092709996,0.023189049,0.131,51717.211
0.090170003,0.021658298,0.131,51721.109
0.087630004,0.020128164,0.131,51727.395
0.085089996,0.018698405,0.131,51736.863
0.082549997,0.017455135,0.131,51749.457
0.080009997,0.016374029,0.131,51764.797
0.077470005,0.01543394,0.131,51781.73
0.074929997,0.014616469,0.131,51799.539
0.072389998,0.013905625,0.131,51816.75
0.069849998,0.0132875,0.131,51832.305
0.067310005,0.01275,0.131,51845.023
0.12572999,0.041558076,0.131,51769.668
0.12318999,0.040027324,0.131,51756.207
0.12064999,0.038496573,0.131,51745.16
0.11811,0.036965817,0.131,51736.09
0.11556999,0.035435066,0.131,51728.672
0.11302999,0.033904314,0.131,51722.758
0.11049,0.032373562,0.131,51718.199
0.10795,0.030842811,0.131,51714.871
0.10540999,0.029312057,0.131,51712.535
0.10286999,0.027781306,0.131,51711.02
0.10033,0.026250554,0.131,51710.117
0.097790003,0.024719801,0.131,51710.031
0.095249996,0.023189049,0.131,51711.027
0.092709996,0.021658298,0.131,51713.738
0.090170003,0.020128164,0.131,51718.508
0.087630004,0.018698405,0.131,51726.176
0.085089996,0.017455135,0.131,51736.977
0.082549997,0.016374029,0.131,51750.785
0.080009997,0.01543394,0.131,51766.762
0.077470005,0.014616469,0.131,51784.273
0.074929997,0.013905625,0.131,51802.098
0.072389998,0.0132875,0.131,51819.309
0.069849998,0.01275,0.131,51834.543
0.12572999,0.040027324,0.131,51761.027
0.12318999,0.038496573,0.131,51748.164
0.12064999,0.036965817,0.131,51737.629
0.11811,0.035435066,0.131,51729.008
0.11556999,0.033904314,0.131,51722.008
0.11302999,0.032373562,0.131,51716.441
0.11049,0.030842811,0.131,51712.219
0.10795,0.029312057,0.131,51709.141
0.10540999,0.027781306,0.131,51707.062
0.10286999,0.026250554,0.131,51705.699
0.10033,0.024719801,0.131,51705.066
0.097790003,0.023189049,0.131,51705.199
0.095249996,0.021658298,0.131,51706.746
0.092709996,0.020128164,0.131,51710.062
0.090170003,0.018698405,0.131,51716.051
0.087630004,0.017455135,0.131,51725.074
0.085089996,0.016374029,0.131,51737.137
0.082549997,0.01543394,0.131,51751.781
0.080009997,0.014616469,0.131,51768.52
0.077470005,0.013905625,0.131,51786.266
0.074929997,0.0132875,0.131,51804.297
0.072389998,0.01275,0.131,51821.355
0.12572999,0.038496573,0.131,51752.992
0.12318999,0.036965817,0.131,51740.645
0.12064999,0.035435066,0.131,51730.562
0.11811,0.033904314,0.131,51722.328
0.11556999,0.032373562,0.131,51715.648
0.11302999,0.030842811,0.131,51710.391
0.11049,0.029312057,0.131,51706.383
0.10795,0.027781306,0.131,51703.531
0.10540999,0.026250554,0.131,51701.555
0.10286999,0.024719801,0.131,51700.395
0.10033,0.023189049,0.131,51699.848
0.097790003,0.021658298,0.131,51700.383
0.095249996,0.020128164,0.131,51702.301
0.092709996,0.018698405,0.131,51706.656
0.090170003,0.017455135,0.131,51713.945
0.087630004,0.016374029,0.131,51724.191
0.085089996,0.01543394,0.131,51737.195
0.082549997,0.014616469,0.131,51752.723
0.080009997,0.013905625,0.131,51769.879
0.077470005,0.0132875,0.131,51788.012
0.074929997,0.01275,0.131,51806.055
0.12572999,0.036965817,0.131,51745.625
0.12318999,0.035435066,0.131,51733.742
0.12064999,0.033904314,0.131,51724.039
0.11811,0.032373562,0.131,51716.113
0.11556999,0.030842811,0.131,51709.715
0.11302999,0.029312057,0.131,51704.645
0.11049,0.027781306,0.131,51700.84
0.10795,0.026250554,0.131,51698.055
0.10540999,0.024719801,0.131,51696.227
0.10286999,0.023189049,0.131,51695.055
0.10033,0.021658298,0.131,51694.777
0.097790003,0.020128164,0.131,51695.477
0.095249996,0.018698405,0.131,51698.242
0.092709996,0.017455135,0.131,51703.797
0.090170003,0.016374029,0.131,51712.203
0.087630004,0.01543394,0.131,51723.414
0.085089996,0.014616469,0.131,51737.348
0.082549997,0.013905625,0.131,51753.422
0.080009997,0.0132875,0.131,51771.098
0.077470005,0.01275,0.131,51789.391
0.12572999,0.035435066,0.131,51739.012
0.12318999,0.033904314,0.131,51727.504
0.12064999,0.032373562,0.131,51718.125
0.11811,0.030842811,0.131,51710.465
0.11556999,0.029312057,0.131,51704.23
0.11302999,0.027781306,0.131,51699.348
0.11049,0.026250554,0.131,51695.586
0.10795,0.024719801,0.131,51692.914
0.10540999,0.023189049,0.131,51691.012
0.10286999,0.021658298,0.131,51689.996
0.10033,0.020128164,0.131,51689.715
0.097790003,0.018698405,0.131,51691.07
0.095249996,0.017455135,0.131,51694.891
0.092709996,0.016374029,0.131,51701.414
0.090170003,0.01543394,0.131,51710.742
0.087630004,0.014616469,0.131,51722.859
0.085089996,0.013905625,0.131,51737.418
0.082549997,0.0132875,0.131,51754.102
0.080009997,0.01275,0.131,51772.051
0.12572999,0.033904314,0.131,51733.172
0.12318999,0.032373562,0.131,51722.02
0.12064999,0.030842811,0.131,51712.891
0.11811,0.029312057,0.131,51705.398
0.11556999,0.027781306,0.131,51699.336
0.11302999,0.026250554,0.131,51694.477
0.11049,0.024719801,0.131,51690.812
0.10795,0.023189049,0.131,51688.039
0.10540999,0.021658298,0.131,51686.215
0.10286999,0.020128164,0.131,51685.074
0.10033,0.018698405,0.131,51685.258
0.097790003,0.017455135,0.131,51687.484
0.095249996,0.016374029,0.131,51692.102
0.092709996,0.01543394,0.131,51699.461
0.090170003,0.014616469,0.131,51709.613
0.087630004,0.013905625,0.131,51722.363
0.085089996,0.0132875,0.131,51737.57
0.082549997,0.01275,0.131,51754.609
0.12572999,0.032373562,0.131,51728.172
0.12318999,0.030842811,0.131,51717.305
0.12064999,0.029312057,0.131,51708.379
0.11811,0.027781306,0.131,51701.027
0.11556999,0.026250554,0.131,51694.988
0.11302999,0.024719801,0.131,51690.219
0.11049,0.023189049,0.131,51686.438
0.10795,0.021658298,0.131,51683.695
0.10540999,0.020128164,0.131,51681.684
0.10286999,0.018698405,0.131,51680.844
0.10033,0.017455135,0.131,51681.707
0.097790003,0.016374029,0.131,51684.523
0.095249996,0.01543394,0.131,51689.848
0.092709996,0.014616469,0.131,51697.91
0.090170003,0.013905625,0.131,51708.66
0.087630004,0.0132875,0.131,51722.043
0.085089996,0.01275,0.131,51737.648
0.12572999,0.030842811,0.131,51724.039
0.12318999,0.029312057,0.131,51713.391
0.12064999,0.027781306,0.131,51704.629
0.11811,0.026250554,0.131,51697.34
0.11556999,0.024719801,0.131,51691.355
0.11302999,0.023189049,0.131,51686.461
0.11049,0.021658298,0.131,51682.703
0.10795,0.020128164,0.131,51679.75
0.10540999,0.018698405,0.131,51677.898
0.10286999,0.017455135,0.131,51677.559
0.10033,0.016374029,0.131,51678.805
0.097790003,0.01543394,0.131,51682.16
0.095249996,0.014616469,0.131,51688.047
0.092709996,0.013905625,0.131,51696.633
0.090170003,0.0132875,0.131,51707.957
0.087630004,0.01275,0.131,51721.738
0.12572999,0.029312057,0.131,51720.738
0.12318999,0.027781306,0.131,51710.324
0.12064999,0.026250554,0.131,51701.641
0.11811,0.024719801,0.131,51694.402
0.11556999,0.023189049,0.131,51688.332
0.11302999,0.021658298,0.131,51683.441
0.11049,0.020128164,0.131,51679.434
0.10795,0.018698405,0.131,51676.551
0.10540999,0.017455135,0.131,51675.039
0.10286999,0.016374029,0.131,51674.914
0.10033,0.01543394,0.131,51676.531
0.097790003,0.014616469,0.131,51680.277
0.095249996,0.013905625,0.131,51686.586
0.092709996,0.0132875,0.131,51695.656
0.090170003,0.01275,0.131,51707.34
0.12572999,0.027781306,0.131,51718.293
0.12318999,0.026250554,0.131,51708.039
0.12064999,0.024719801,0.131,51699.469
0.11811,0.023189049,0.131,51692.176
0.11556999,0.021658298,0.131,51686.066
0.11302999,0.020128164,0.131,51680.957
0.11049,0.018698405,0.131,51676.977
0.10795,0.017455135,0.131,51674.258
0.10540999,0.016374029,0.131,51672.793
0.10286999,0.01543394,0.131,51672.891
0.10033,0.014616469,0.131,51674.723
0.097790003,0.013905625,0.131,51678.766
0.095249996,0.0132875,0.131,51685.453
0.092709996,0.01275,0.131,51694.824
0.12572999,0.026250554,0.131,51716.645
0.12318999,0.024719801,0.131,51706.559
0.12064999,0.023189049,0.131,51698.012
0.11811,0.021658298,0.131,51690.715
0.11556999,0.020128164,0.131,51684.449
0.11302999,0.018698405,0.131,51679.266
0.11049,0.017455135,0.131,51675.312
0.10795,0.016374029,0.131,51672.496
0.10540999,0.01543394,0.131,51671.113
0.10286999,0.014616469,0.131,51671.316
0.10033,0.013905625,0.131,51673.301
0.097790003,0.0132875,0.131,51677.59
0.095249996,0.01275,0.131,51684.504
0.12572999,0.024719801,0.131,51715.77
0.12318999,0.023189049,0.131,51705.809
0.12064999,0.021658298,0.131,51697.301
0.11811,0.020128164,0.131,51689.91
0.11556999,0.018698405,0.131,51683.551
0.11302999,0.017455135,0.131,51678.324
0.11049,0.016374029,0.131,51674.141
0.10795,0.01543394,0.131,51671.32
0.10540999,0.014616469,0.131,51669.832
0.10286999,0.013905625,0.131,51670.086
0.10033,0.0132875,0.131,51672.199
0.097790003,0.01275,0.131,51676.617
0.12572999,0.023189049,0.131,51715.602
0.12318999,0.021658298,0.131,51705.75
0.12064999,0.020128164,0.131,51697.242
0.11811,0.018698405,0.131,51689.754
0.11556999,0.017455135,0.131,51683.254
0.11302999,0.016374029,0.131,51677.773
0.11049,0.01543394,0.131,51673.484
0.10795,0.014616469,0.131,51670.414
0.10540999,0.013905625,0.131,51668.859
0.10286999,0.0132875,0.131,51669.152
0.10033,0.01275,0.131,51671.305
0.12572999,0.021658298,0.131,51716.062
0.12318999,0.020128164,0.131,51706.316
0.12064999,0.018698405,0.131,51697.742
0.11811,0.017455135,0.131,51690.055
0.11556999,0.016374029,0.131,51683.281
0.11302999,0.01543394,0.131,51677.598
0.11049,0.014616469,0.131,51673.059
0.10795,0.013905625,0.131,51669.758
0.10540999,0.0132875,0.131,51668.16
0.10286999,0.01275,0.131,51668.383
0.12572999,0.020128164,0.131,51717.109
0.12318999,0.018698405,0.131,51707.352
0.12064999,0.017455135,0.131,51698.562
0.11811,0.016374029,0.131,51690.594
0.11556999,0.01543394,0.131,51683.566
0.11302999,0.014616469,0.131,51677.582
0.11049,0.013905625,0.131,51672.824
0.10795,0.0132875,0.131,51669.387
0.10540999,0.01275,0.131,51667.582
0.12572999,0.018698405,0.131,51718.539
0.12318999,0.017455135,0.131,51708.578
0.12064999,0.016374029,0.131,51699.523
0.11811,0.01543394,0.131,51691.285
0.11556999,0.014616469,0.131,51683.949
0.11302999,0.013905625,0.131,51677.723
0.11049,0.0132875,0.131,51672.742
0.10795,0.01275,0.131,51669.078
0.12572999,0.017455135,0.131,51720.059
0.12318999,0.016374029,0.131,51709.875
0.12064999,0.01543394,0.131,51700.543
0.11811,0.014616469,0.131,51692.004
0.11556999,0.013905625,0.131,51684.406
0.11302999,0.0132875,0.131,51677.93
0.11049,0.01275,0.131,51672.703
0.12572999,0.016374029,0.131,51721.598
0.12318999,0.01543394,0.131,51711.145
0.12064999,0.014616469,0.131,51701.531
0.11811,0.013905625,0.131,51692.73
0.11556999,0.0132875,0.131,51684.879
0.11302999,0.01275,0.131,51678.16
0.12572999,0.01543394,0.131,51723.051
0.12318999,0.014616469,0.131,51712.344
0.12064999,0.013905625,0.131,51702.465
0.11811,0.0132875,0.131,51693.418
0.11556999,0.01275,0.131,51685.336
0.12572999,0.014616469,0.131,51724.402
0.12318999,0.013905625,0.131,51713.438
0.12064999,0.0132875,0.131,51703.328
0.11811,0.01275,0.131,51694.055
0.12572999,0.013905625,0.131,51725.617
0.12318999,0.0132875,0.131,51714.434
0.12064999,0.01275,0.131,51704.098
0.12572999,0.0132875,0.131,51726.719
0.12318999,0.01275,0.131,51715.312
0.12572999,0.01275,0.131,51727.68
