x,y,pressure,x_over_Lp,y_over_Lp,p_over_pinf
0.00127,0.01275,51590.395,0.0,-0.25153109850720584,1.033875651302605
0.00127,0.0132875,51589.117,0.0,-0.24939358143590085,1.0338500400801602
0.00127,0.013905625,51587.617,0.0,-0.24693543680390018,1.0338199799599197
0.00127,0.014616469,51585.848,0.0,-0.2441085694829054,1.0337845290581162
0.00127,0.01543394,51583.801,0.0,-0.24085767047305104,1.033743507014028
0.00127,0.016374029,51581.406,0.0,-0.23711914715017476,1.033695511022044
0.00127,0.017455135,51578.691,0.0,-0.23281983081363486,1.0336411022044087
0.00127,0.018698405,51575.668,0.0,-0.22787562458248825,1.033580521042084
0.00127,0.020128164,51572.398,0.0,-0.22218979338183356,1.0335149899799598
0.00127,0.021658298,51569.219,0.0,-0.21610479329553753,1.0334512825651303
0.00127,0.023189049,51566.602,0.0,-0.21001733953848242,1.0333988376753507
0.00127,0.024719801,51564.598,0.0,-0.2039298818046514,1.0333586773547094
0.00127,0.026250554,51563.285,0.0,-0.19784242009404443,1.033332364729459
0.00127,0.027781306,51562.906,0.0,-0.19175496236021336,1.0333247695390781
0.00127,0.029312057,51563.301,0.0,-0.18566750860315825,1.0333326853707414
0.00127,0.030842811,51564.738,0.0,-0.17958004291577534,1.0333614829659319
0.00127,0.032373562,51567.133,0.0,-0.1734925891587202,1.0334094789579158
0.00127,0.033904314,51570.668,0.0,-0.1674051314248892,1.0334803206412826
0.00127,0.035435066,51575.145,0.0,-0.16131767369105812,1.0335700400801602
0.00127,0.036965817,51580.703,0.0,-0.15523021993400304,1.0336814228456914
0.00127,0.038496573,51587.188,0.0,-0.1491427462930682,1.033811382765531
0.00127,0.040027324,51594.656,0.0,-0.1430552925360131,1.0339610420841683
0.00127,0.041558076,51602.977,0.0,-0.13696783480218205,1.0341277955911823
0.00127,0.043088827,51612.137,0.0,-0.13088038104512695,1.034311362725451
0.00127,0.044619579,51622.023,0.0,-0.12479292331129592,1.034509478957916
0.00127,0.046150334,51632.59,0.0,-0.11870545364713703,1.0347212424849699
0.00127,0.047681086,51643.711,0.0,-0.112617995913306,1.034944108216433
0.00127,0.049211837,51655.309,0.0,-0.1065305421562509,1.0351765330661322
0.00127,0.050742589,51667.258,0.0,-0.10044308442241985,1.035415991983968
0.00127,0.052273341,51679.453,0.0,-0.0943556266885888,1.035660380761523
0.00127,0.053804092,51691.754,0.0,-0.08826817293153372,1.035906893787575
0.00127,0.055334844,51704.027,0.0,-0.08218071519770266,1.0361528456913829
0.00127,0.056865599,51716.129,0.0,-0.07609324553354377,1.036395370741483
0.00127,0.058396351,51727.918,0.0,-0.07000578779971274,1.036631623246493
0.00127,0.059927102,51739.258,0.0,-0.06391833404265762,1.036858877755511
0.00127,0.061457854,51750.027,0.0,-0.05783087630882659,1.0370746893787575
0.00127,0.062988609,51760.121,0.0,-0.0517434066446677,1.0372769739478958
0.00127,0.064519361,51769.426,0.0,-0.04565594891083667,1.0374634468937876
0.00127,0.066050112,51777.848,0.0,-0.03956849515378159,1.0376322244488978
0.00127,0.067580864,51785.277,0.0,-0.033481037419950496,1.0377811022044088
0.00127,0.069111615,51791.637,0.0,-0.027393583662895415,1.0379085571142286
0.00127,0.070642367,51796.828,0.0,-0.021306125929064383,1.0380125851703408
0.00127,0.072173119,51800.777,0.0,-0.015218668195233353,1.0380917234468938
0.00127,0.07370387,51803.438,0.0,-0.009131214438178213,1.0381450501002005
0.00127,0.075234622,51804.766,0.0,-0.003043756704347182,1.0381716633266533
0.00127,0.076765373,51804.766,0.0,0.0030436970527079037,1.0381716633266533
0.00127,0.078296125,51803.438,0.0,0.009131154786538934,1.0381450501002005
0.00127,0.079826877,51800.781,0.0,0.015218612520370019,1.0380918036072144
0.00127,0.081357636,51796.832,0.0,0.021306098091632662,1.0380126653306614
0.00127,0.082888387,51791.641,0.0,0.027393551848687747,1.0379086372745492
0.00127,0.084419131,51785.285,0.0,0.03348097776831122,1.0377812625250502
0.00127,0.08594989,51777.855,0.0,0.039568463339573916,1.037632364729459
0.00127,0.087480649,51769.434,0.0,0.04565594891083656,1.037463607214429
0.00127,0.089011393,51760.125,0.0,0.051743374830460036,1.0372770541082164
0.00127,0.090542138,51750.031,0.0,0.057830804726859454,1.0370747695390783
0.00127,0.092072897,51739.262,0.0,0.06391829029812215,1.0368589579158316
0.00127,0.093603656,51727.922,0.0,0.07000577586938479,1.0366317034068135
0.00127,0.0951344,51716.133,0.0,0.07609320178900826,1.0363954509018036
0.00127,0.096665144,51704.031,0.0,0.08218062770863174,1.0361529258517035
0.00127,0.09819591,51691.754,0.0,0.08826814111732605,1.035906893787575
0.00127,0.099726662,51679.453,0.0,0.09435559885115707,1.035660380761523
0.00127,0.10125741,51667.258,0.0,0.10044304067788438,1.035415991983968
0.00127,0.10278817,51655.309,0.0,0.10653053022592297,1.0351765330661322
0.00127,0.10431892,51643.711,0.0,0.11261798000620211,1.034944108216433
0.00127,0.10584967,51632.59,0.0,0.11870542978648131,1.0347212424849699
0.00127,0.10738042,51622.027,0.0,0.12479287956676045,1.0345095591182365
0.00127,0.10891117,51612.137,0.0,0.13088032934703958,1.034311362725451
0.00127,0.11044192,51602.977,0.0,0.13696777912731872,1.0341277955911823
0.00127,0.11197267,51594.66,0.0,0.14305522890759786,1.033961122244489
0.00127,0.11350343,51587.195,0.0,0.1491427184556365,1.0338115230460923
0.00127,0.11503418,51580.711,0.0,0.15523016823591565,1.0336815831663326
0.00127,0.11656493,51575.152,0.0,0.1613176180161948,1.0335701803607216
0.00127,0.11809569,51570.68,0.0,0.16740510756423344,1.0334805611222444
0.00127,0.11962645,51567.145,0.0,0.17349259711227202,1.0334097194388776
0.00127,0.12115719,51564.754,0.0,0.17958000712479172,1.0333618036072145
0.00127,0.12268794,51563.316,0.0,0.18566745690507086,1.0333329859719438
0.00127,0.12421869,51562.922,0.0,0.19175490668535006,1.0333250901803608
0.00127,0.12574944,51563.309,0.0,0.19784235646562914,1.0333328456913828
0.00127,0.12728021,51564.621,0.0,0.2039298857814273,1.033359138276553
0.00127,0.12881094,51566.625,0.0,0.21001725602618754,1.0333992985971945
0.00127,0.13034171,51569.246,0.0,0.21610478534198557,1.0334518236472945
0.00127,0.13187183,51572.426,0.0,0.22218972975341833,1.0335155511022045
0.00127,0.13330159,51575.699,0.0,0.22787556493084896,1.033581142284569
0.00127,0.13454486,51578.723,0.0,0.23281977116199554,1.033641743486974
0.00127,0.13562597,51581.438,0.0,0.23711910340563933,1.0336961523046093
0.00127,0.13656607,51583.832,0.0,0.240857670473051,1.033744128256513
0.00127,0.13738354,51585.879,0.0,0.2441085655061294,1.0337851503006013
0.00127,0.13809437,51587.652,0.0,0.24693537715226088,1.0338206813627255
0.00127,0.1387125,51589.148,0.0,0.2493935416681413,1.0338506613226452
0.00127,0.13925001,51590.426,0.0,0.2515310985072058,1.03387627254509
0.0038099999,0.01275,51601.246,0.010101010506721585,-0.25153109850720584,1.0340931062124248
0.0038099999,0.0132875,51599.223,0.010101010506721585,-0.24939358143590085,1.0340525651302606
0.0038099999,0.013905625,51596.883,0.010101010506721585,-0.24693543680390018,1.0340056713426855
0.0038099999,0.014616469,51594.164,0.010101010506721585,-0.2441085694829054,1.0339511823647294
0.0038099999,0.01543394,51591.035,0.010101010506721585,-0.24085767047305104,1.0338884769539078
0.0038099999,0.016374029,51587.469,0.010101010506721585,-0.23711914715017476,1.033817014028056
0.0038099999,0.017455135,51583.418,0.010101010506721585,-0.23281983081363486,1.0337358316633267
0.0038099999,0.018698405,51578.988,0.010101010506721585,-0.22787562458248825,1.0336470541082163
0.0038099999,0.020128164,51574.203,0.010101010506721585,-0.22218979338183356,1.0335511623246494
0.0038099999,0.021658298,51569.508,0.010101010506721585,-0.21610479329553753,1.0334570741482967
0.0038099999,0.023189049,51565.594,0.010101010506721585,-0.21001733953848242,1.033378637274549
0.0038099999,0.024719801,51562.301,0.010101010506721585,-0.2039298818046514,1.0333126452905812
0.0038099999,0.026250554,51559.973,0.010101010506721585,-0.19784242009404443,1.033265991983968
0.0038099999,0.027781306,51558.504,0.010101010506721585,-0.19175496236021336,1.0332365531062124
0.0038099999,0.029312057,51557.84,0.010101010506721585,-0.18566750860315825,1.0332232464929858
0.0038099999,0.030842811,51558.383,0.010101010506721585,-0.17958004291577534,1.033234128256513
0.0038099999,0.032373562,51559.719,0.010101010506721585,-0.1734925891587202,1.0332609018036072
0.0038099999,0.033904314,51562.082,0.010101010506721585,-0.1674051314248892,1.033308256513026
0.0038099999,0.035435066,51565.406,0.010101010506721585,-0.16131767369105812,1.0333748697394791
0.0038099999,0.036965817,51569.762,0.010101010506721585,-0.15523021993400304,1.0334621643286575
0.0038099999,0.038496573,51575.016,0.010101010506721585,-0.1491427462930682,1.0335674549098197
0.0038099999,0.040027324,51581.203,0.010101010506721585,-0.1430552925360131,1.0336914428857715
0.0038099999,0.041558076,51588.195,0.010101010506721585,-0.13696783480218205,1.0338315631262525
0.0038099999,0.043088827,51595.992,0.010101010506721585,-0.13088038104512695,1.0339878156312625
0.0038099999,0.044619579,51604.473,0.010101010506721585,-0.12479292331129592,1.0341577755511022
0.0038099999,0.046150334,51613.59,0.010101010506721585,-0.11870545364713703,1.0343404809619239
0.0038099999,0.047681086,51623.219,0.010101010506721585,-0.112617995913306,1.0345334468937875
0.0038099999,0.049211837,51633.277,0.010101010506721585,-0.1065305421562509,1.03473501002004
0.0038099999,0.050742589,51643.648,0.010101010506721585,-0.10044308442241985,1.0349428456913827
0.0038099999,0.052273341,51654.219,0.010101010506721585,-0.0943556266885888,1.0351546893787575
0.0038099999,0.053804092,51664.859,0.010101010506721585,-0.08826817293153372,1.0353679158316633
0.0038099999,0.055334844,51675.449,0.010101010506721585,-0.08218071519770266,1.0355801402805611
0.0038099999,0.056865599,51685.863,0.010101010506721585,-0.07609324553354377,1.0357888376753506
0.0038099999,0.058396351,51695.98,0.010101010506721585,-0.07000578779971274,1.0359915831663327
0.0038099999,0.059927102,51705.691,0.010101010506721585,-0.06391833404265762,1.0361861923847695
0.0038099999,0.061457854,51714.891,0.010101010506721585,-0.05783087630882659,1.0363705611222445
0.0038099999,0.062988609,51723.484,0.010101010506721585,-0.0517434066446677,1.036542765531062
0.0038099999,0.064519361,51731.383,0.010101010506721585,-0.04565594891083667,1.0367010621242485
0.0038099999,0.066050112,51738.504,0.010101010506721585,-0.03956849515378159,1.0368437675350701
0.0038099999,0.067580864,51744.762,0.010101010506721585,-0.033481037419950496,1.0369691783567134
0.0038099999,0.069111615,51750.086,0.010101010506721585,-0.027393583662895415,1.0370758717434871
0.0038099999,0.070642367,51754.414,0.010101010506721585,-0.021306125929064383,1.0371626052104208
0.0038099999,0.072173119,51757.703,0.010101010506721585,-0.015218668195233353,1.0372285170340683
0.0038099999,0.07370387,51759.918,0.010101010506721585,-0.009131214438178213,1.0372729058116232
0.0038099999,0.075234622,51761.027,0.010101010506721585,-0.003043756704347182,1.0372951302605211
0.0038099999,0.076765373,51761.027,0.010101010506721585,0.0030436970527079037,1.0372951302605211
0.0038099999,0.078296125,51759.918,0.010101010506721585,0.009131154786538934,1.0372729058116232
0.0038099999,0.079826877,51757.703,0.010101010506721585,0.015218612520370019,1.0372285170340683
0.0038099999,0.081357636,51754.414,0.010101010506721585,0.021306098091632662,1.0371626052104208
0.0038099999,0.082888387,51750.086,0.010101010506721585,0.027393551848687747,1.0370758717434871
0.0038099999,0.084419131,51744.762,0.010101010506721585,0.03348097776831122,1.0369691783567134
0.0038099999,0.08594989,51738.504,0.010101010506721585,0.039568463339573916,1.0368437675350701
0.0038099999,0.087480649,51731.383,0.010101010506721585,0.04565594891083656,1.0367010621242485
0.0038099999,0.089011393,51723.484,0.010101010506721585,0.051743374830460036,1.036542765531062
0.0038099999,0.090542138,51714.891,0.010101010506721585,0.057830804726859454,1.0363705611222445
0.0038099999,0.092072897,51705.691,0.010101010506721585,0.06391829029812215,1.0361861923847695
0.0038099999,0.093603656,51695.98,0.010101010506721585,0.07000577586938479,1.0359915831663327
0.0038099999,0.0951344,51685.859,0.010101010506721585,0.07609320178900826,1.03578875751503
0.0038099999,0.096665144,51675.445,0.010101010506721585,0.08218062770863174,1.0355800601202405
0.0038099999,0.09819591,51664.855,0.010101010506721585,0.08826814111732605,1.0353678356713427
0.0038099999,0.099726662,51654.215,0.010101010506721585,0.09435559885115707,1.0351546092184367
0.0038099999,0.10125741,51643.645,0.010101010506721585,0.10044304067788438,1.0349427855711422
0.0038099999,0.10278817,51633.277,0.010101010506721585,0.10653053022592297,1.03473501002004
0.0038099999,0.10431892,51623.215,0.010101010506721585,0.11261798000620211,1.0345333667334669
0.0038099999,0.10584967,51613.586,0.010101010506721585,0.11870542978648131,1.0343404008016033
0.0038099999,0.10738042,51604.473,0.010101010506721585,0.12479287956676045,1.0341577755511022
0.0038099999,0.10891117,51595.992,0.010101010506721585,0.13088032934703958,1.0339878156312625
0.0038099999,0.11044192,51588.195,0.010101010506721585,0.13696777912731872,1.0338315631262525
0.0038099999,0.11197267,51581.207,0.010101010506721585,0.14305522890759786,1.0336915230460921
0.0038099999,0.11350343,51575.02,0.010101010506721585,0.1491427184556365,1.0335675350701403
0.0038099999,0.11503418,51569.766,0.010101010506721585,0.15523016823591565,1.033462244488978
0.0038099999,0.11656493,51565.414,0.010101010506721585,0.1613176180161948,1.03337503006012
0.0038099999,0.11809569,51562.09,0.010101010506721585,0.16740510756423344,1.0333084168336673
0.0038099999,0.11962645,51559.73,0.010101010506721585,0.17349259711227202,1.033261122244489
0.0038099999,0.12115719,51558.395,0.010101010506721585,0.17958000712479172,1.033234368737475
0.0038099999,0.12268794,51557.855,0.010101010506721585,0.18566745690507086,1.0332235470941884
0.0038099999,0.12421869,51558.523,0.010101010506721585,0.19175490668535006,1.0332369338677354
0.0038099999,0.12574944,51559.992,0.010101010506721585,0.19784235646562914,1.033266372745491
0.0038099999,0.12728021,51562.32,0.010101010506721585,0.2039298857814273,1.0333130260521042
0.0038099999,0.12881094,51565.617,0.010101010506721585,0.21001725602618754,1.0333790981963928
0.0038099999,0.13034171,51569.535,0.010101010506721585,0.21610478534198557,1.033457615230461
0.0038099999,0.13187183,51574.227,0.010101010506721585,0.22218972975341833,1.0335516432865732
0.0038099999,0.13330159,51579.016,0.010101010506721585,0.22787556493084896,1.033647615230461
0.0038099999,0.13454486,51583.445,0.010101010506721585,0.23281977116199554,1.033736372745491
0.0038099999,0.13562597,51587.496,0.010101010506721585,0.23711910340563933,1.0338175551102204
0.0038099999,0.13656607,51591.066,0.010101010506721585,0.240857670473051,1.0338890981963929
0.0038099999,0.13738354,51594.195,0.010101010506721585,0.2441085655061294,1.0339518036072144
0.0038099999,0.13809437,51596.918,0.010101010506721585,0.24693537715226088,1.034006372745491
0.0038099999,0.1387125,51599.258,0.010101010506721585,0.2493935416681413,1.0340532665330662
0.0038099999,0.13925001,51601.281,0.010101010506721585,0.2515310985072058,1.0340938076152306
0.0063499999,0.01275,51612.852,0.020202021411120766,-0.25153109850720584,1.0343256913827654
0.0063499999,0.0132875,51610.281,0.020202021411120766,-0.24939358143590085,1.0342741683366734
0.0063499999,0.013905625,51607.332,0.020202021411120766,-0.24693543680390018,1.0342150701402806
0.0063499999,0.014616469,51603.902,0.020202021411120766,-0.2441085694829054,1.0341463326653306
0.0063499999,0.01543394,51599.977,0.020202021411120766,-0.24085767047305104,1.0340676753507014
0.0063499999,0.016374029,51595.5,0.020202021411120766,-0.23711914715017476,1.0339779559118236
0.0063499999,0.017455135,51590.449,0.020202021411120766,-0.23281983081363486,1.0338767334669339
0.0063499999,0.018698405,51584.902,0.020202021411120766,-0.22787562458248825,1.0337655711422846
0.0063499999,0.020128164,51578.891,0.020202021411120766,-0.22218979338183356,1.033645110220441
0.0063499999,0.021658298,51572.977,0.020202021411120766,-0.21610479329553753,1.0335265931863726
0.0063499999,0.023189049,51567.969,0.020202021411120766,-0.21001733953848242,1.0334262324649297
0.0063499999,0.024719801,51563.586,0.020202021411120766,-0.2039298818046514,1.0333383967935872
0.0063499999,0.026250554,51560.23,0.020202021411120766,-0.19784242009404443,1.0332711422845693
0.0063499999,0.027781306,51557.637,0.020202021411120766,-0.19175496236021336,1.0332191783567135
0.0063499999,0.029312057,51556.121,0.020202021411120766,-0.18566750860315825,1.0331887975951903
0.0063499999,0.030842811,51555.559,0.020202021411120766,-0.17958004291577534,1.0331775350701402
0.0063499999,0.032373562,51555.98,0.020202021411120766,-0.1734925891587202,1.0331859719438878
0.0063499999,0.033904314,51557.477,0.020202021411120766,-0.1674051314248892,1.0332159719438878
0.0063499999,0.035435066,51559.648,0.020202021411120766,-0.16131767369105812,1.033259478957916
0.0063499999,0.036965817,51562.891,0.020202021411120766,-0.15523021993400304,1.0333244689378758
0.0063499999,0.038496573,51566.812,0.020202021411120766,-0.1491427462930682,1.0334030460921844
0.0063499999,0.040027324,51571.656,0.020202021411120766,-0.1430552925360131,1.033500120240481
0.0063499999,0.041558076,51577.188,0.020202021411120766,-0.13696783480218205,1.0336109819639279
0.0063499999,0.043088827,51583.461,0.020202021411120766,-0.13088038104512695,1.0337366933867735
0.0063499999,0.044619579,51590.32,0.020202021411120766,-0.12479292331129592,1.0338741482965932
0.0063499999,0.046150334,51597.738,0.020202021411120766,-0.11870545364713703,1.0340228056112224
0.0063499999,0.047681086,51605.586,0.020202021411120766,-0.112617995913306,1.0341800801603207
0.0063499999,0.049211837,51613.789,0.020202021411120766,-0.1065305421562509,1.0343444689378758
0.0063499999,0.050742589,51622.23,0.020202021411120766,-0.10044308442241985,1.034513627254509
0.0063499999,0.052273341,51630.809,0.020202021411120766,-0.0943556266885888,1.0346855511022044
0.0063499999,0.053804092,51639.41,0.020202021411120766,-0.08826817293153372,1.0348579158316633
0.0063499999,0.055334844,51647.938,0.020202021411120766,-0.08218071519770266,1.0350288176352707
0.0063499999,0.056865599,51656.289,0.020202021411120766,-0.07609324553354377,1.0351961723446894
0.0063499999,0.058396351,51664.371,0.020202021411120766,-0.07000578779971274,1.035358136272545
0.0063499999,0.059927102,51672.098,0.020202021411120766,-0.06391833404265762,1.0355129859719439
0.0063499999,0.061457854,51679.383,0.020202021411120766,-0.05783087630882659,1.0356589779559118
0.0063499999,0.062988609,51686.152,0.020202021411120766,-0.0517434066446677,1.0357946292585172
0.0063499999,0.064519361,51692.336,0.020202021411120766,-0.04565594891083667,1.0359185571142284
0.0063499999,0.066050112,51697.875,0.020202021411120766,-0.03956849515378159,1.0360295591182365
0.0063499999,0.067580864,51702.711,0.020202021411120766,-0.033481037419950496,1.0361264729458919
0.0063499999,0.069111615,51706.801,0.020202021411120766,-0.027393583662895415,1.0362084368737474
0.0063499999,0.070642367,51710.117,0.020202021411120766,-0.021306125929064383,1.036274889779559
0.0063499999,0.072173119,51712.621,0.020202021411120766,-0.015218668195233353,1.0363250701402806
0.0063499999,0.07370387,51714.312,0.020202021411120766,-0.009131214438178213,1.0363589579158317
0.0063499999,0.075234622,51715.152,0.020202021411120766,-0.003043756704347182,1.0363757915831664
0.0063499999,0.076765373,51715.152,0.020202021411120766,0.0030436970527079037,1.0363757915831664
0.0063499999,0.078296125,51714.309,0.020202021411120766,0.009131154786538934,1.036358897795591
0.0063499999,0.079826877,51712.621,0.020202021411120766,0.015218612520370019,1.0363250701402806
0.0063499999,0.081357636,51710.109,0.020202021411120766,0.021306098091632662,1.0362747294589179
0.0063499999,0.082888387,51706.797,0.020202021411120766,0.027393551848687747,1.0362083567134268
0.0063499999,0.084419131,51702.703,0.020202021411120766,0.03348097776831122,1.0361263126252505
0.0063499999,0.08594989,51697.867,0.020202021411120766,0.039568463339573916,1.0360293987975953
0.0063499999,0.087480649,51692.328,0.020202021411120766,0.04565594891083656,1.0359183967935872
0.0063499999,0.089011393,51686.145,0.020202021411120766,0.051743374830460036,1.0357944889779558
0.0063499999,0.090542138,51679.375,0.020202021411120766,0.057830804726859454,1.0356588176352706
0.0063499999,0.092072897,51672.09,0.020202021411120766,0.06391829029812215,1.0355128256513024
0.0063499999,0.093603656,51664.363,0.020202021411120766,0.07000577586938479,1.0353579759519038
0.0063499999,0.0951344,51656.281,0.020202021411120766,0.07609320178900826,1.0351960120240482
0.0063499999,0.096665144,51647.93,0.020202021411120766,0.08218062770863174,1.0350286573146292
0.0063499999,0.09819591,51639.402,0.020202021411120766,0.08826814111732605,1.034857755511022
0.0063499999,0.099726662,51630.801,0.020202021411120766,0.09435559885115707,1.0346853907815632
0.0063499999,0.10125741,51622.223,0.020202021411120766,0.10044304067788438,1.0345134869739478
0.0063499999,0.10278817,51613.785,0.020202021411120766,0.10653053022592297,1.0343443887775552
0.0063499999,0.10431892,51605.582,0.020202021411120766,0.11261798000620211,1.03418
0.0063499999,0.10584967,51597.734,0.020202021411120766,0.11870542978648131,1.0340227254509018
0.0063499999,0.10738042,51590.316,0.020202021411120766,0.12479287956676045,1.0338740681362726
0.0063499999,0.10891117,51583.457,0.020202021411120766,0.13088032934703958,1.033736613226453
0.0063499999,0.11044192,51577.188,0.020202021411120766,0.13696777912731872,1.0336109819639279
0.0063499999,0.11197267,51571.656,0.020202021411120766,0.14305522890759786,1.033500120240481
0.0063499999,0.11350343,51566.812,0.020202021411120766,0.1491427184556365,1.0334030460921844
0.0063499999,0.11503418,51562.895,0.020202021411120766,0.15523016823591565,1.0333245490981964
0.0063499999,0.11656493,51559.652,0.020202021411120766,0.1613176180161948,1.0332595591182365
0.0063499999,0.11809569,51557.48,0.020202021411120766,0.16740510756423344,1.0332160320641284
0.0063499999,0.11962645,51555.988,0.020202021411120766,0.17349259711227202,1.033186132264529
0.0063499999,0.12115719,51555.566,0.020202021411120766,0.17958000712479172,1.0331776753507014
0.0063499999,0.12268794,51556.133,0.020202021411120766,0.18566745690507086,1.0331890380761524
0.0063499999,0.12421869,51557.652,0.020202021411120766,0.19175490668535006,1.0332194789579159
0.0063499999,0.12574944,51560.246,0.020202021411120766,0.19784235646562914,1.0332714629258517
0.0063499999,0.12728021,51563.605,0.020202021411120766,0.2039298857814273,1.0333387775551104
0.0063499999,0.12881094,51567.988,0.020202021411120766,0.21001725602618754,1.033426613226453
0.0063499999,0.13034171,51573.0,0.020202021411120766,0.21610478534198557,1.0335270541082164
0.0063499999,0.13187183,51578.914,0.020202021411120766,0.22218972975341833,1.0336455711422845
0.0063499999,0.13330159,51584.926,0.020202021411120766,0.22787556493084896,1.0337660521042085
0.0063499999,0.13454486,51590.477,0.020202021411120766,0.23281977116199554,1.0338772945891783
0.0063499999,0.13562597,51595.527,0.020202021411120766,0.23711910340563933,1.033978496993988
0.0063499999,0.13656607,51600.004,0.020202021411120766,0.240857670473051,1.0340682164328658
0.0063499999,0.13738354,51603.934,0.020202021411120766,0.2441085655061294,1.034146973947896
0.0063499999,0.13809437,51607.359,0.020202021411120766,0.24693537715226088,1.0342156112224448
0.0063499999,0.1387125,51610.309,0.020202021411120766,0.2493935416681413,1.0342747294589179
0.0063499999,0.13925001,51612.883,0.020202021411120766,0.2515310985072058,1.0343263126252504
0.0088900002,0.01275,51625.383,0.030303033508552728,-0.25153109850720584,1.0345768136272546
0.0088900002,0.0132875,51622.441,0.030303033508552728,-0.24939358143590085,1.0345178557114227
0.0088900002,0.013905625,51619.082,0.030303033508552728,-0.24693543680390018,1.0344505410821643
0.0088900002,0.014616469,51615.172,0.030303033508552728,-0.2441085694829054,1.0343721843687375
0.0088900002,0.01543394,51610.684,0.030303033508552728,-0.24085767047305104,1.0342822444889779
0.0088900002,0.016374029,51605.566,0.030303033508552728,-0.23711914715017476,1.0341796793587175
0.0088900002,0.017455135,51599.773,0.030303033508552728,-0.23281983081363486,1.0340635871743487
0.0088900002,0.018698405,51593.422,0.030303033508552728,-0.22787562458248825,1.0339363126252505
0.0088900002,0.020128164,51586.461,0.030303033508552728,-0.22218979338183356,1.0337968136272546
0.0088900002,0.021658298,51579.578,0.030303033508552728,-0.21610479329553753,1.0336588777555111
0.0088900002,0.023189049,51573.66,0.030303033508552728,-0.21001733953848242,1.0335402805611222
0.0088900002,0.024719801,51568.383,0.030303033508552728,-0.2039298818046514,1.0334345290581162
0.0088900002,0.026250554,51564.141,0.030303033508552728,-0.19784242009404443,1.0333495190380761
0.0088900002,0.027781306,51560.707,0.030303033508552728,-0.19175496236021336,1.0332807014028056
0.0088900002,0.029312057,51558.289,0.030303033508552728,-0.18566750860315825,1.0332322444889779
0.0088900002,0.030842811,51556.633,0.030303033508552728,-0.17958004291577534,1.0331990581162325
0.0088900002,0.032373562,51555.969,0.030303033508552728,-0.1734925891587202,1.033185751503006
0.0088900002,0.033904314,51556.609,0.030303033508552728,-0.1674051314248892,1.0331985771543086
0.0088900002,0.035435066,51557.727,0.030303033508552728,-0.16131767369105812,1.0332209819639278
0.0088900002,0.036965817,51559.785,0.030303033508552728,-0.15523021993400304,1.0332622244488978
0.0088900002,0.038496573,51562.488,0.030303033508552728,-0.1491427462930682,1.033316392785571
0.0088900002,0.040027324,51565.945,0.030303033508552728,-0.1430552925360131,1.0333856713426854
0.0088900002,0.041558076,51569.949,0.030303033508552728,-0.13696783480218205,1.0334659118236473
0.0088900002,0.043088827,51574.59,0.030303033508552728,-0.13088038104512695,1.0335589178356712
0.0088900002,0.044619579,51579.641,0.030303033508552728,-0.12479292331129592,1.0336601402805612
0.0088900002,0.046150334,51585.152,0.030303033508552728,-0.11870545364713703,1.0337705811623248
0.0088900002,0.047681086,51590.969,0.030303033508552728,-0.112617995913306,1.0338871543086172
0.0088900002,0.049211837,51597.07,0.030303033508552728,-0.1065305421562509,1.0340094188376754
0.0088900002,0.050742589,51603.301,0.030303033508552728,-0.10044308442241985,1.0341342885771543
0.0088900002,0.052273341,51609.602,0.030303033508552728,-0.0943556266885888,1.0342605611222444
0.0088900002,0.053804092,51615.879,0.030303033508552728,-0.08826817293153372,1.034386352705411
0.0088900002,0.055334844,51622.066,0.030303033508552728,-0.08218071519770266,1.0345103406813627
0.0088900002,0.056865599,51628.082,0.030303033508552728,-0.07609324553354377,1.0346309018036073
0.0088900002,0.058396351,51633.855,0.030303033508552728,-0.07000578779971274,1.0347465931863729
0.0088900002,0.059927102,51639.336,0.030303033508552728,-0.06391833404265762,1.0348564328657315
0.0088900002,0.061457854,51644.449,0.030303033508552728,-0.05783087630882659,1.0349588977955912
0.0088900002,0.062988609,51649.156,0.030303033508552728,-0.0517434066446677,1.0350532264529058
0.0088900002,0.064519361,51653.402,0.030303033508552728,-0.04565594891083667,1.0351383166332666
0.0088900002,0.066050112,51657.168,0.030303033508552728,-0.03956849515378159,1.0352137875751504
0.0088900002,0.067580864,51660.426,0.030303033508552728,-0.033481037419950496,1.0352790781563126
0.0088900002,0.069111615,51663.156,0.030303033508552728,-0.027393583662895415,1.0353337875751503
0.0088900002,0.070642367,51665.355,0.030303033508552728,-0.021306125929064383,1.0353778557114228
0.0088900002,0.072173119,51667.008,0.030303033508552728,-0.015218668195233353,1.035410981963928
0.0088900002,0.07370387,51668.117,0.030303033508552728,-0.009131214438178213,1.0354332064128255
0.0088900002,0.075234622,51668.668,0.030303033508552728,-0.003043756704347182,1.035444248496994
0.0088900002,0.076765373,51668.664,0.030303033508552728,0.0030436970527079037,1.0354441683366733
0.0088900002,0.078296125,51668.113,0.030303033508552728,0.009131154786538934,1.035433126252505
0.0088900002,0.079826877,51667.0,0.030303033508552728,0.015218612520370019,1.0354108216432867
0.0088900002,0.081357636,51665.348,0.030303033508552728,0.021306098091632662,1.0353777154308617
0.0088900002,0.082888387,51663.145,0.030303033508552728,0.027393551848687747,1.0353335671342685
0.0088900002,0.084419131,51660.414,0.030303033508552728,0.03348097776831122,1.0352788376753506
0.0088900002,0.08594989,51657.156,0.030303033508552728,0.039568463339573916,1.0352135470941883
0.0088900002,0.087480649,51653.391,0.030303033508552728,0.04565594891083656,1.0351380961923848
0.0088900002,0.089011393,51649.141,0.030303033508552728,0.051743374830460036,1.0350529258517034
0.0088900002,0.090542138,51644.438,0.030303033508552728,0.057830804726859454,1.0349586773547095
0.0088900002,0.092072897,51639.324,0.030303033508552728,0.06391829029812215,1.0348561923847694
0.0088900002,0.093603656,51633.844,0.030303033508552728,0.07000577586938479,1.0347463727454909
0.0088900002,0.0951344,51628.066,0.030303033508552728,0.07609320178900826,1.0346305811623246
0.0088900002,0.096665144,51622.051,0.030303033508552728,0.08218062770863174,1.0345100400801603
0.0088900002,0.09819591,51615.863,0.030303033508552728,0.08826814111732605,1.0343860320641283
0.0088900002,0.099726662,51609.59,0.030303033508552728,0.09435559885115707,1.0342603206412826
0.0088900002,0.10125741,51603.289,0.030303033508552728,0.10044304067788438,1.0341340480961922
0.0088900002,0.10278817,51597.059,0.030303033508552728,0.10653053022592297,1.0340091983967936
0.0088900002,0.10431892,51590.961,0.030303033508552728,0.11261798000620211,1.033886993987976
0.0088900002,0.10584967,51585.145,0.030303033508552728,0.11870542978648131,1.0337704408817634
0.0088900002,0.10738042,51579.633,0.030303033508552728,0.12479287956676045,1.0336599799599198
0.0088900002,0.10891117,51574.582,0.030303033508552728,0.13088032934703958,1.03355875751503
0.0088900002,0.11044192,51569.945,0.030303033508552728,0.13696777912731872,1.0334658316633267
0.0088900002,0.11197267,51565.941,0.030303033508552728,0.14305522890759786,1.0333855911823646
0.0088900002,0.11350343,51562.488,0.030303033508552728,0.1491427184556365,1.033316392785571
0.0088900002,0.11503418,51559.785,0.030303033508552728,0.15523016823591565,1.0332622244488978
0.0088900002,0.11656493,51557.727,0.030303033508552728,0.1613176180161948,1.0332209819639278
0.0088900002,0.11809569,51556.609,0.030303033508552728,0.16740510756423344,1.0331985771543086
0.0088900002,0.11962645,51555.977,0.030303033508552728,0.17349259711227202,1.0331859118236473
0.0088900002,0.12115719,51556.641,0.030303033508552728,0.17958000712479172,1.033199218436874
0.0088900002,0.12268794,51558.297,0.030303033508552728,0.18566745690507086,1.0332324048096193
0.0088900002,0.12421869,51560.715,0.030303033508552728,0.19175490668535006,1.0332808617234468
0.0088900002,0.12574944,51564.152,0.030303033508552728,0.19784235646562914,1.033349739478958
0.0088900002,0.12728021,51568.395,0.030303033508552728,0.2039298857814273,1.0334347695390782
0.0088900002,0.12881094,51573.676,0.030303033508552728,0.21001725602618754,1.0335406012024049
0.0088900002,0.13034171,51579.594,0.030303033508552728,0.21610478534198557,1.0336591983967935
0.0088900002,0.13187183,51586.48,0.030303033508552728,0.22218972975341833,1.0337971943887776
0.0088900002,0.13330159,51593.441,0.030303033508552728,0.22787556493084896,1.0339366933867735
0.0088900002,0.13454486,51599.797,0.030303033508552728,0.23281977116199554,1.0340640681362725
0.0088900002,0.13562597,51605.59,0.030303033508552728,0.23711910340563933,1.0341801603206413
0.0088900002,0.13656607,51610.707,0.030303033508552728,0.240857670473051,1.0342827054108217
0.0088900002,0.13738354,51615.195,0.030303033508552728,0.2441085655061294,1.0343726452905813
0.0088900002,0.13809437,51619.105,0.030303033508552728,0.24693537715226088,1.034451002004008
0.0088900002,0.1387125,51622.469,0.030303033508552728,0.2493935416681413,1.0345184168336672
0.0088900002,0.13925001,51625.41,0.030303033508552728,0.2515310985072058,1.0345773547094188
0.01143,0.01275,51638.59,0.04040404361759672,-0.25153109850720584,1.0348414829659318
0.01143,0.0132875,51635.434,0.04040404361759672,-0.24939358143590085,1.0347782364729459
0.01143,0.013905625,51631.82,0.04040404361759672,-0.24693543680390018,1.0347058116232466
0.01143,0.014616469,51627.625,0.04040404361759672,-0.2441085694829054,1.034621743486974
0.01143,0.01543394,51622.797,0.04040404361759672,-0.24085767047305104,1.0345249899799598
0.01143,0.016374029,51617.297,0.04040404361759672,-0.23711914715017476,1.0344147695390782
0.01143,0.017455135,51611.039,0.04040404361759672,-0.23281983081363486,1.0342893587174349
0.01143,0.018698405,51604.176,0.04040404361759672,-0.22787562458248825,1.0341518236472946
0.01143,0.020128164,51596.602,0.04040404361759672,-0.22218979338183356,1.0340000400801603
0.01143,0.021658298,51589.051,0.04040404361759672,-0.21610479329553753,1.0338487174348698
0.01143,0.023189049,51582.477,0.04040404361759672,-0.21001733953848242,1.0337169739478957
0.01143,0.024719801,51576.531,0.04040404361759672,-0.2039298818046514,1.0335978156312626
0.01143,0.026250554,51571.625,0.04040404361759672,-0.19784242009404443,1.033499498997996
0.01143,0.027781306,51567.523,0.04040404361759672,-0.19175496236021336,1.0334172945891784
0.01143,0.029312057,51564.398,0.04040404361759672,-0.18566750860315825,1.0333546693386775
0.01143,0.030842811,51562.117,0.04040404361759672,-0.17958004291577534,1.0333089579158317
0.01143,0.032373562,51560.648,0.04040404361759672,-0.1734925891587202,1.0332795190380761
0.01143,0.033904314,51559.879,0.04040404361759672,-0.1674051314248892,1.0332641082164329
0.01143,0.035435066,51559.77,0.04040404361759672,-0.16131767369105812,1.0332619238476952
0.01143,0.036965817,51560.578,0.04040404361759672,-0.15523021993400304,1.033278116232465
0.01143,0.038496573,51562.027,0.04040404361759672,-0.1491427462930682,1.0333071543086172
0.01143,0.040027324,51563.879,0.04040404361759672,-0.1430552925360131,1.0333442685370742
0.01143,0.041558076,51566.32,0.04040404361759672,-0.13696783480218205,1.0333931863727455
0.01143,0.043088827,51569.148,0.04040404361759672,-0.13088038104512695,1.0334498597194388
0.01143,0.044619579,51572.359,0.04040404361759672,-0.12479292331129592,1.0335142084168336
0.01143,0.046150334,51575.82,0.04040404361759672,-0.11870545364713703,1.0335835671342686
0.01143,0.047681086,51579.441,0.04040404361759672,-0.112617995913306,1.033656132264529
0.01143,0.049211837,51583.23,0.04040404361759672,-0.1065305421562509,1.0337320641282566
0.01143,0.050742589,51587.059,0.04040404361759672,-0.10044308442241985,1.0338087975951904
0.01143,0.052273341,51590.938,0.04040404361759672,-0.0943556266885888,1.0338865330661322
0.01143,0.053804092,51594.734,0.04040404361759672,-0.08826817293153372,1.0339626052104207
0.01143,0.055334844,51598.422,0.04040404361759672,-0.08218071519770266,1.034036513026052
0.01143,0.056865599,51601.938,0.04040404361759672,-0.07609324553354377,1.0341069739478959
0.01143,0.058396351,51605.254,0.04040404361759672,-0.07000578779971274,1.0341734268537075
0.01143,0.059927102,51608.324,0.04040404361759672,-0.06391833404265762,1.0342349498997996
0.01143,0.061457854,51611.133,0.04040404361759672,-0.05783087630882659,1.03429124248497
0.01143,0.062988609,51613.652,0.04040404361759672,-0.0517434066446677,1.034341723446894
0.01143,0.064519361,51615.871,0.04040404361759672,-0.04565594891083667,1.0343861923847695
0.01143,0.066050112,51617.789,0.04040404361759672,-0.03956849515378159,1.034424629258517
0.01143,0.067580864,51619.406,0.04040404361759672,-0.033481037419950496,1.0344570340681363
0.01143,0.069111615,51620.727,0.04040404361759672,-0.027393583662895415,1.0344835070140281
0.01143,0.070642367,51621.766,0.04040404361759672,-0.021306125929064383,1.0345043286573148
0.01143,0.072173119,51622.531,0.04040404361759672,-0.015218668195233353,1.0345196593186374
0.01143,0.07370387,51623.039,0.04040404361759672,-0.009131214438178213,1.0345298396793587
0.01143,0.075234622,51623.281,0.04040404361759672,-0.003043756704347182,1.0345346893787575
0.01143,0.076765373,51623.281,0.04040404361759672,0.0030436970527079037,1.0345346893787575
0.01143,0.078296125,51623.035,0.04040404361759672,0.009131154786538934,1.0345297595190381
0.01143,0.079826877,51622.523,0.04040404361759672,0.015218612520370019,1.034519498997996
0.01143,0.081357636,51621.758,0.04040404361759672,0.021306098091632662,1.0345041683366734
0.01143,0.082888387,51620.715,0.04040404361759672,0.027393551848687747,1.034483266533066
0.01143,0.084419131,51619.391,0.04040404361759672,0.03348097776831122,1.034456733466934
0.01143,0.08594989,51617.773,0.04040404361759672,0.039568463339573916,1.0344243086172344
0.01143,0.087480649,51615.855,0.04040404361759672,0.04565594891083656,1.034385871743487
0.01143,0.089011393,51613.633,0.04040404361759672,0.051743374830460036,1.0343413426853707
0.01143,0.090542138,51611.113,0.04040404361759672,0.057830804726859454,1.0342908416833667
0.01143,0.092072897,51608.309,0.04040404361759672,0.06391829029812215,1.0342346492985972
0.01143,0.093603656,51605.234,0.04040404361759672,0.07000577586938479,1.034173026052104
0.01143,0.0951344,51601.922,0.04040404361759672,0.07609320178900826,1.0341066533066132
0.01143,0.096665144,51598.406,0.04040404361759672,0.08218062770863174,1.0340361923847696
0.01143,0.09819591,51594.719,0.04040404361759672,0.08826814111732605,1.0339623046092183
0.01143,0.099726662,51590.922,0.04040404361759672,0.09435559885115707,1.0338862124248496
0.01143,0.10125741,51587.043,0.04040404361759672,0.10044304067788438,1.0338084769539078
0.01143,0.10278817,51583.219,0.04040404361759672,0.10653053022592297,1.0337318436873746
0.01143,0.10431892,51579.43,0.04040404361759672,0.11261798000620211,1.0336559118236472
0.01143,0.10584967,51575.809,0.04040404361759672,0.11870542978648131,1.0335833466933868
0.01143,0.10738042,51572.348,0.04040404361759672,0.12479287956676045,1.0335139879759518
0.01143,0.10891117,51569.141,0.04040404361759672,0.13088032934703958,1.0334497194388779
0.01143,0.11044192,51566.312,0.04040404361759672,0.13696777912731872,1.0333930260521043
0.01143,0.11197267,51563.871,0.04040404361759672,0.14305522890759786,1.0333441082164327
0.01143,0.11350343,51562.02,0.04040404361759672,0.1491427184556365,1.033307014028056
0.01143,0.11503418,51560.574,0.04040404361759672,0.15523016823591565,1.0332780360721443
0.01143,0.11656493,51559.766,0.04040404361759672,0.1613176180161948,1.0332618436873748
0.01143,0.11809569,51559.879,0.04040404361759672,0.16740510756423344,1.0332641082164329
0.01143,0.11962645,51560.648,0.04040404361759672,0.17349259711227202,1.0332795190380761
0.01143,0.12115719,51562.117,0.04040404361759672,0.17958000712479172,1.0333089579158317
0.01143,0.12268794,51564.402,0.04040404361759672,0.18566745690507086,1.033354749498998
0.01143,0.12421869,51567.531,0.04040404361759672,0.19175490668535006,1.0334174549098196
0.01143,0.12574944,51571.629,0.04040404361759672,0.19784235646562914,1.0334995791583166
0.01143,0.12728021,51576.539,0.04040404361759672,0.2039298857814273,1.0335979759519038
0.01143,0.12881094,51582.484,0.04040404361759672,0.21001725602618754,1.033717114228457
0.01143,0.13034171,51589.062,0.04040404361759672,0.21610478534198557,1.0338489378757514
0.01143,0.13187183,51596.613,0.04040404361759672,0.22218972975341833,1.034000260521042
0.01143,0.13330159,51604.188,0.04040404361759672,0.22787556493084896,1.0341520641282564
0.01143,0.13454486,51611.055,0.04040404361759672,0.23281977116199554,1.0342896793587175
0.01143,0.13562597,51617.316,0.04040404361759672,0.23711910340563933,1.0344151503006012
0.01143,0.13656607,51622.816,0.04040404361759672,0.240857670473051,1.034525370741483
0.01143,0.13738354,51627.645,0.04040404361759672,0.2441085655061294,1.034622144288577
0.01143,0.13809437,51631.84,0.04040404361759672,0.24693537715226088,1.0347062124248496
0.01143,0.1387125,51635.453,0.04040404361759672,0.2493935416681413,1.034778617234469
0.01143,0.13925001,51638.609,0.04040404361759672,0.2515310985072058,1.0348418637274548
0.01397,0.01275,51652.258,0.0505050545219959,-0.25153109850720584,1.0351153907815631
0.01397,0.0132875,51649.016,0.0505050545219959,-0.24939358143590085,1.0350504208416835
0.01397,0.013905625,51645.309,0.0505050545219959,-0.24693543680390018,1.034976132264529
0.01397,0.014616469,51641.012,0.0505050545219959,-0.2441085694829054,1.0348900200400801
0.01397,0.01543394,51636.062,0.0505050545219959,-0.24085767047305104,1.0347908216432866
0.01397,0.016374029,51630.441,0.0505050545219959,-0.23711914715017476,1.0346781763527053
0.01397,0.017455135,51624.012,0.0505050545219959,-0.23281983081363486,1.0345493386773548
0.01397,0.018698405,51616.949,0.0505050545219959,-0.22787562458248825,1.0344077955911823
0.01397,0.020128164,51609.09,0.0505050545219959,-0.22218979338183356,1.0342503006012023
0.01397,0.021658298,51601.191,0.0505050545219959,-0.21610479329553753,1.034092004008016
0.01397,0.023189049,51594.219,0.0505050545219959,-0.21001733953848242,1.0339522845691382
0.01397,0.024719801,51587.82,0.0505050545219959,-0.2039298818046514,1.0338240480961924
0.01397,0.026250554,51582.395,0.0505050545219959,-0.19784242009404443,1.0337153306613225
0.01397,0.027781306,51577.719,0.0505050545219959,-0.19175496236021336,1.033621623246493
0.01397,0.029312057,51573.91,0.0505050545219959,-0.18566750860315825,1.0335452905811624
0.01397,0.030842811,51570.863,0.0505050545219959,-0.17958004291577534,1.0334842284569137
0.01397,0.032373562,51568.484,0.0505050545219959,-0.1734925891587202,1.0334365531062124
0.01397,0.033904314,51566.863,0.0505050545219959,-0.1674051314248892,1.0334040681362724
0.01397,0.035435066,51565.73,0.0505050545219959,-0.16131767369105812,1.033381362725451
0.01397,0.036965817,51565.277,0.0505050545219959,-0.15523021993400304,1.0333722845691382
0.01397,0.038496573,51565.125,0.0505050545219959,-0.1491427462930682,1.033369238476954
0.01397,0.040027324,51565.387,0.0505050545219959,-0.1430552925360131,1.033374488977956
0.01397,0.041558076,51566.141,0.0505050545219959,-0.13696783480218205,1.0333895991983968
0.01397,0.043088827,51567.027,0.0505050545219959,-0.13088038104512695,1.033407354709419
0.01397,0.044619579,51568.238,0.0505050545219959,-0.12479292331129592,1.0334316232464928
0.01397,0.046150334,51569.547,0.0505050545219959,-0.11870545364713703,1.033457855711423
0.01397,0.047681086,51570.906,0.0505050545219959,-0.112617995913306,1.0334850901803607
0.01397,0.049211837,51572.348,0.0505050545219959,-0.1065305421562509,1.0335139879759518
0.01397,0.050742589,51573.754,0.0505050545219959,-0.10044308442241985,1.0335421643286573
0.01397,0.052273341,51575.086,0.0505050545219959,-0.0943556266885888,1.033568857715431
0.01397,0.053804092,51576.312,0.0505050545219959,-0.08826817293153372,1.0335934268537075
0.01397,0.055334844,51577.426,0.0505050545219959,-0.08218071519770266,1.033615751503006
0.01397,0.056865599,51578.391,0.0505050545219959,-0.07609324553354377,1.0336350901803608
0.01397,0.058396351,51579.199,0.0505050545219959,-0.07000578779971274,1.0336512825651303
0.01397,0.059927102,51579.836,0.0505050545219959,-0.06391833404265762,1.0336640480961925
0.01397,0.061457854,51580.312,0.0505050545219959,-0.05783087630882659,1.0336735871743488
0.01397,0.062988609,51580.637,0.0505050545219959,-0.0517434066446677,1.0336801002004008
0.01397,0.064519361,51580.824,0.0505050545219959,-0.04565594891083667,1.033683847695391
0.01397,0.066050112,51580.895,0.0505050545219959,-0.03956849515378159,1.0336852705410822
0.01397,0.067580864,51580.879,0.0505050545219959,-0.033481037419950496,1.0336849498997995
0.01397,0.069111615,51580.797,0.0505050545219959,-0.027393583662895415,1.0336833066132265
0.01397,0.070642367,51580.691,0.0505050545219959,-0.021306125929064383,1.0336811823647294
0.01397,0.072173119,51580.574,0.0505050545219959,-0.015218668195233353,1.0336788376753507
0.01397,0.07370387,51580.488,0.0505050545219959,-0.009131214438178213,1.0336771142284569
0.01397,0.075234622,51580.434,0.0505050545219959,-0.003043756704347182,1.0336760320641283
0.01397,0.076765373,51580.43,0.0505050545219959,0.0030436970527079037,1.0336759519038077
0.01397,0.078296125,51580.484,0.0505050545219959,0.009131154786538934,1.0336770340681363
0.01397,0.079826877,51580.566,0.0505050545219959,0.015218612520370019,1.0336786773547093
0.01397,0.081357636,51580.68,0.0505050545219959,0.021306098091632662,1.0336809619238476
0.01397,0.082888387,51580.785,0.0505050545219959,0.027393551848687747,1.0336830661322647
0.01397,0.084419131,51580.863,0.0505050545219959,0.03348097776831122,1.033684629258517
0.01397,0.08594989,51580.879,0.0505050545219959,0.039568463339573916,1.0336849498997995
0.01397,0.087480649,51580.809,0.0505050545219959,0.04565594891083656,1.0336835470941883
0.01397,0.089011393,51580.621,0.0505050545219959,0.051743374830460036,1.0336797795591182
0.01397,0.090542138,51580.297,0.0505050545219959,0.057830804726859454,1.0336732865731462
0.01397,0.092072897,51579.82,0.0505050545219959,0.06391829029812215,1.0336637274549099
0.01397,0.093603656,51579.18,0.0505050545219959,0.07000577586938479,1.0336509018036073
0.01397,0.0951344,51578.371,0.0505050545219959,0.07609320178900826,1.0336346893787576
0.01397,0.096665144,51577.406,0.0505050545219959,0.08218062770863174,1.0336153507014028
0.01397,0.09819591,51576.297,0.0505050545219959,0.08826814111732605,1.0335931262525049
0.01397,0.099726662,51575.066,0.0505050545219959,0.09435559885115707,1.0335684569138277
0.01397,0.10125741,51573.742,0.0505050545219959,0.10044304067788438,1.0335419238476953
0.01397,0.10278817,51572.336,0.0505050545219959,0.10653053022592297,1.03351374749499
0.01397,0.10431892,51570.895,0.0505050545219959,0.11261798000620211,1.033484869739479
0.01397,0.10584967,51569.531,0.0505050545219959,0.11870542978648131,1.0334575350701403
0.01397,0.10738042,51568.227,0.0505050545219959,0.12479287956676045,1.0334314028056113
0.01397,0.10891117,51567.016,0.0505050545219959,0.13088032934703958,1.0334071342685371
0.01397,0.11044192,51566.129,0.0505050545219959,0.13696777912731872,1.033389358717435
0.01397,0.11197267,51565.379,0.0505050545219959,0.14305522890759786,1.0333743286573147
0.01397,0.11350343,51565.117,0.0505050545219959,0.1491427184556365,1.0333690781563125
0.01397,0.11503418,51565.27,0.0505050545219959,0.15523016823591565,1.033372144288577
0.01397,0.11656493,51565.727,0.0505050545219959,0.1613176180161948,1.0333813026052103
0.01397,0.11809569,51566.855,0.0505050545219959,0.16740510756423344,1.0334039078156314
0.01397,0.11962645,51568.48,0.0505050545219959,0.17349259711227202,1.0334364729458918
0.01397,0.12115719,51570.859,0.0505050545219959,0.17958000712479172,1.033484148296593
0.01397,0.12268794,51573.906,0.0505050545219959,0.18566745690507086,1.0335452104208418
0.01397,0.12421869,51577.719,0.0505050545219959,0.19175490668535006,1.033621623246493
0.01397,0.12574944,51582.398,0.0505050545219959,0.19784235646562914,1.033715390781563
0.01397,0.12728021,51587.82,0.0505050545219959,0.2039298857814273,1.0338240480961924
0.01397,0.12881094,51594.223,0.0505050545219959,0.21001725602618754,1.0339523647294588
0.01397,0.13034171,51601.195,0.0505050545219959,0.21610478534198557,1.0340920841683368
0.01397,0.13187183,51609.098,0.0505050545219959,0.22218972975341833,1.0342504609218437
0.01397,0.13330159,51616.953,0.0505050545219959,0.22787556493084896,1.034407875751503
0.01397,0.13454486,51624.02,0.0505050545219959,0.23281977116199554,1.034549498997996
0.01397,0.13562597,51630.449,0.0505050545219959,0.23711910340563933,1.0346783366733467
0.01397,0.13656607,51636.074,0.0505050545219959,0.240857670473051,1.0347910621242484
0.01397,0.13738354,51641.023,0.0505050545219959,0.2441085655061294,1.034890240480962
0.01397,0.13809437,51645.316,0.0505050545219959,0.24693537715226088,1.0349762725450902
0.01397,0.1387125,51649.023,0.0505050545219959,0.2493935416681413,1.0350505611222445
0.01397,0.13925001,51652.266,0.0505050545219959,0.2515310985072058,1.0351155511022045
0.01651,0.01275,51666.422,0.06060606542639508,-0.25153109850720584,1.035399238476954
0.01651,0.0132875,51663.223,0.06060606542639508,-0.24939358143590085,1.035335130260521
0.01651,0.013905625,51659.566,0.06060606542639508,-0.24693543680390018,1.0352618436873746
0.01651,0.014616469,51655.34,0.06060606542639508,-0.2441085694829054,1.0351771543086172
0.01651,0.01543394,51650.453,0.06060606542639508,-0.24085767047305104,1.0350792184368738
0.01651,0.016374029,51644.914,0.06060606542639508,-0.23711914715017476,1.0349682164328657
0.01651,0.017455135,51638.551,0.06060606542639508,-0.23281983081363486,1.0348407014028056
0.01651,0.018698405,51631.547,0.06060606542639508,-0.22787562458248825,1.0347003406813626
0.01651,0.020128164,51623.684,0.06060606542639508,-0.22218979338183356,1.0345427655310622
0.01651,0.021658298,51615.707,0.06060606542639508,-0.21610479329553753,1.0343829058116234
0.01651,0.023189049,51608.559,0.06060606542639508,-0.21001733953848242,1.0342396593186374
0.01651,0.024719801,51601.875,0.06060606542639508,-0.2039298818046514,1.0341057114228458
0.01651,0.026250554,51596.055,0.06060606542639508,-0.19784242009404443,1.0339890781563126
0.01651,0.027781306,51590.859,0.06060606542639508,-0.19175496236021336,1.0338849498997995
0.01651,0.029312057,51586.41,0.06060606542639508,-0.18566750860315825,1.0337957915831664
0.01651,0.030842811,51582.609,0.06060606542639508,-0.17958004291577534,1.033719619238477
0.01651,0.032373562,51579.387,0.06060606542639508,-0.1734925891587202,1.0336550501002004
0.01651,0.033904314,51576.754,0.06060606542639508,-0.1674051314248892,1.0336022845691384
0.01651,0.035435066,51574.523,0.06060606542639508,-0.16131767369105812,1.0335575751503006
0.01651,0.036965817,51572.695,0.06060606542639508,-0.15523021993400304,1.0335209418837674
0.01651,0.038496573,51571.172,0.06060606542639508,-0.1491427462930682,1.0334904208416833
0.01651,0.040027324,51569.875,0.06060606542639508,-0.1430552925360131,1.0334644288577155
0.01651,0.041558076,51568.77,0.06060606542639508,-0.13696783480218205,1.0334422845691382
0.01651,0.043088827,51567.711,0.06060606542639508,-0.13088038104512695,1.0334210621242486
0.01651,0.044619579,51566.777,0.06060606542639508,-0.12479292331129592,1.0334023446893787
0.01651,0.046150334,51565.945,0.06060606542639508,-0.11870545364713703,1.0333856713426854
0.01651,0.047681086,51564.992,0.06060606542639508,-0.112617995913306,1.0333665731462927
0.01651,0.049211837,51564.035,0.06060606542639508,-0.1065305421562509,1.0333473947895793
0.01651,0.050742589,51562.949,0.06060606542639508,-0.10044308442241985,1.033325631262525
0.01651,0.052273341,51561.785,0.06060606542639508,-0.0943556266885888,1.0333023046092185
0.01651,0.053804092,51560.477,0.06060606542639508,-0.08826817293153372,1.0332760921843687
0.01651,0.055334844,51559.055,0.06060606542639508,-0.08218071519770266,1.0332475951903808
0.01651,0.056865599,51557.504,0.06060606542639508,-0.07609324553354377,1.0332165130260522
0.01651,0.058396351,51555.855,0.06060606542639508,-0.07000578779971274,1.0331834669338678
0.01651,0.059927102,51554.117,0.06060606542639508,-0.06391833404265762,1.033148637274549
0.01651,0.061457854,51552.328,0.06060606542639508,-0.05783087630882659,1.0331127855711424
0.01651,0.062988609,51550.52,0.06060606542639508,-0.0517434066446677,1.0330765531062123
0.01651,0.064519361,51548.738,0.06060606542639508,-0.04565594891083667,1.0330408416833667
0.01651,0.066050112,51547.027,0.06060606542639508,-0.03956849515378159,1.0330065531062125
0.01651,0.067580864,51545.445,0.06060606542639508,-0.033481037419950496,1.032974849699399
0.01651,0.069111615,51544.023,0.06060606542639508,-0.027393583662895415,1.0329463527054108
0.01651,0.070642367,51542.82,0.06060606542639508,-0.021306125929064383,1.0329222444889778
0.01651,0.072173119,51541.875,0.06060606542639508,-0.015218668195233353,1.0329033066132265
0.01651,0.07370387,51541.223,0.06060606542639508,-0.009131214438178213,1.032890240480962
0.01651,0.075234622,51540.883,0.06060606542639508,-0.003043756704347182,1.0328834268537075
0.01651,0.076765373,51540.883,0.06060606542639508,0.0030436970527079037,1.0328834268537075
0.01651,0.078296125,51541.219,0.06060606542639508,0.009131154786538934,1.0328901603206413
0.01651,0.079826877,51541.867,0.06060606542639508,0.015218612520370019,1.032903146292585
0.01651,0.081357636,51542.816,0.06060606542639508,0.021306098091632662,1.0329221643286572
0.01651,0.082888387,51544.016,0.06060606542639508,0.027393551848687747,1.0329462124248499
0.01651,0.084419131,51545.434,0.06060606542639508,0.03348097776831122,1.0329746292585171
0.01651,0.08594989,51547.02,0.06060606542639508,0.039568463339573916,1.0330064128256513
0.01651,0.087480649,51548.727,0.06060606542639508,0.04565594891083656,1.033040621242485
0.01651,0.089011393,51550.508,0.06060606542639508,0.051743374830460036,1.0330763126252505
0.01651,0.090542138,51552.316,0.06060606542639508,0.057830804726859454,1.0331125450901804
0.01651,0.092072897,51554.105,0.06060606542639508,0.06391829029812215,1.0331483967935873
0.01651,0.093603656,51555.84,0.06060606542639508,0.07000577586938479,1.0331831663326652
0.01651,0.0951344,51557.488,0.06060606542639508,0.07609320178900826,1.0332161923847696
0.01651,0.096665144,51559.039,0.06060606542639508,0.08218062770863174,1.0332472745490981
0.01651,0.09819591,51560.465,0.06060606542639508,0.08826814111732605,1.0332758517034066
0.01651,0.099726662,51561.773,0.06060606542639508,0.09435559885115707,1.0333020641282564
0.01651,0.10125741,51562.934,0.06060606542639508,0.10044304067788438,1.0333253306613226
0.01651,0.10278817,51564.02,0.06060606542639508,0.10653053022592297,1.0333470941883767
0.01651,0.10431892,51564.98,0.06060606542639508,0.11261798000620211,1.0333663326653306
0.01651,0.10584967,51565.934,0.06060606542639508,0.11870542978648131,1.0333854509018037
0.01651,0.10738042,51566.766,0.06060606542639508,0.12479287956676045,1.033402124248497
0.01651,0.10891117,51567.699,0.06060606542639508,0.13088032934703958,1.0334208216432865
0.01651,0.11044192,51568.758,0.06060606542639508,0.13696777912731872,1.0334420440881764
0.01651,0.11197267,51569.863,0.06060606542639508,0.14305522890759786,1.0334641883767535
0.01651,0.11350343,51571.16,0.06060606542639508,0.1491427184556365,1.0334901803607215
0.01651,0.11503418,51572.684,0.06060606542639508,0.15523016823591565,1.0335207214428859
0.01651,0.11656493,51574.512,0.06060606542639508,0.1613176180161948,1.0335573547094188
0.01651,0.11809569,51576.746,0.06060606542639508,0.16740510756423344,1.033602124248497
0.01651,0.11962645,51579.379,0.06060606542639508,0.17349259711227202,1.0336548897795592
0.01651,0.12115719,51582.602,0.06060606542639508,0.17958000712479172,1.0337194789579158
0.01651,0.12268794,51586.406,0.06060606542639508,0.18566745690507086,1.0337957114228458
0.01651,0.12421869,51590.855,0.06060606542639508,0.19175490668535006,1.0338848697394791
0.01651,0.12574944,51596.047,0.06060606542639508,0.19784235646562914,1.0339889178356714
0.01651,0.12728021,51601.871,0.06060606542639508,0.2039298857814273,1.034105631262525
0.01651,0.12881094,51608.555,0.06060606542639508,0.21001725602618754,1.0342395791583165
0.01651,0.13034171,51615.707,0.06060606542639508,0.21610478534198557,1.0343829058116234
0.01651,0.13187183,51623.684,0.06060606542639508,0.22218972975341833,1.0345427655310622
0.01651,0.13330159,51631.543,0.06060606542639508,0.22787556493084896,1.034700260521042
0.01651,0.13454486,51638.547,0.06060606542639508,0.23281977116199554,1.034840621242485
0.01651,0.13562597,51644.914,0.06060606542639508,0.23711910340563933,1.0349682164328657
0.01651,0.13656607,51650.453,0.06060606542639508,0.240857670473051,1.0350792184368738
0.01651,0.13738354,51655.34,0.06060606542639508,0.2441085655061294,1.0351771543086172
0.01651,0.13809437,51659.566,0.06060606542639508,0.24693537715226088,1.0352618436873746
0.01651,0.1387125,51663.223,0.06060606542639508,0.2493935416681413,1.035335130260521
0.01651,0.13925001,51666.422,0.06060606542639508,0.2515310985072058,1.035399238476954
0.01905,0.01275,51680.961,0.07070707633079426,-0.25153109850720584,1.035690601202405
0.01905,0.0132875,51677.918,0.07070707633079426,-0.24939358143590085,1.0356296192384769
0.01905,0.013905625,51674.434,0.07070707633079426,-0.24693543680390018,1.0355597995991985
0.01905,0.014616469,51670.402,0.07070707633079426,-0.2441085694829054,1.035478997995992
0.01905,0.01543394,51665.73,0.07070707633079426,-0.24085767047305104,1.035385370741483
0.01905,0.016374029,51660.43,0.07070707633079426,-0.23711914715017476,1.0352791583166332
0.01905,0.017455135,51654.301,0.07070707633079426,-0.23281983081363486,1.0351563326653306
0.01905,0.018698405,51647.531,0.07070707633079426,-0.22787562458248825,1.0350206613226454
0.01905,0.020128164,51639.859,0.07070707633079426,-0.22218979338183356,1.0348669138276552
0.01905,0.021658298,51631.984,0.07070707633079426,-0.21610479329553753,1.0347090981963927
0.01905,0.023189049,51624.797,0.07070707633079426,-0.21001733953848242,1.0345650701402804
0.01905,0.024719801,51617.938,0.07070707633079426,-0.2039298818046514,1.034427615230461
0.01905,0.026250554,51611.785,0.07070707633079426,-0.19784242009404443,1.0343043086172345
0.01905,0.027781306,51606.105,0.07070707633079426,-0.19175496236021336,1.034190480961924
0.01905,0.029312057,51601.035,0.07070707633079426,-0.18566750860315825,1.034088877755511
0.01905,0.030842811,51596.453,0.07070707633079426,-0.17958004291577534,1.0339970541082164
0.01905,0.032373562,51592.332,0.07070707633079426,-0.1734925891587202,1.0339144689378759
0.01905,0.033904314,51588.605,0.07070707633079426,-0.1674051314248892,1.0338397795591183
0.01905,0.035435066,51585.172,0.07070707633079426,-0.16131767369105812,1.0337709819639278
0.01905,0.036965817,51581.973,0.07070707633079426,-0.15523021993400304,1.033706873747495
0.01905,0.038496573,51578.949,0.07070707633079426,-0.1491427462930682,1.0336462725450901
0.01905,0.040027324,51576.004,0.07070707633079426,-0.1430552925360131,1.0335872545090181
0.01905,0.041558076,51573.102,0.07070707633079426,-0.13696783480218205,1.0335290981963927
0.01905,0.043088827,51570.168,0.07070707633079426,-0.13088038104512695,1.0334703006012023
0.01905,0.044619579,51567.156,0.07070707633079426,-0.12479292331129592,1.0334099398797596
0.01905,0.046150334,51564.066,0.07070707633079426,-0.11870545364713703,1.033348016032064
0.01905,0.047681086,51560.84,0.07070707633079426,-0.112617995913306,1.0332833667334669
0.01905,0.049211837,51557.516,0.07070707633079426,-0.1065305421562509,1.033216753507014
0.01905,0.050742589,51554.012,0.07070707633079426,-0.10044308442241985,1.0331465330661322
0.01905,0.052273341,51550.398,0.07070707633079426,-0.0943556266885888,1.033074108216433
0.01905,0.053804092,51546.641,0.07070707633079426,-0.08826817293153372,1.0329988176352707
0.01905,0.055334844,51542.789,0.07070707633079426,-0.08218071519770266,1.0329216232464928
0.01905,0.056865599,51538.848,0.07070707633079426,-0.07609324553354377,1.0328426452905812
0.01905,0.058396351,51534.867,0.07070707633079426,-0.07000578779971274,1.032762865731463
0.01905,0.059927102,51530.887,0.07070707633079426,-0.06391833404265762,1.0326831062124249
0.01905,0.061457854,51526.969,0.07070707633079426,-0.05783087630882659,1.0326045891783566
0.01905,0.062988609,51523.172,0.07070707633079426,-0.0517434066446677,1.0325284969939879
0.01905,0.064519361,51519.562,0.07070707633079426,-0.04565594891083667,1.0324561523046092
0.01905,0.066050112,51516.207,0.07070707633079426,-0.03956849515378159,1.0323889178356713
0.01905,0.067580864,51513.18,0.07070707633079426,-0.033481037419950496,1.032328256513026
0.01905,0.069111615,51510.539,0.07070707633079426,-0.027393583662895415,1.0322753306613226
0.01905,0.070642367,51508.348,0.07070707633079426,-0.021306125929064383,1.0322314228456912
0.01905,0.072173119,51506.652,0.07070707633079426,-0.015218668195233353,1.0321974348697396
0.01905,0.07370387,51505.5,0.07070707633079426,-0.009131214438178213,1.0321743486973949
0.01905,0.075234622,51504.914,0.07070707633079426,-0.003043756704347182,1.0321626052104207
0.01905,0.076765373,51504.914,0.07070707633079426,0.0030436970527079037,1.0321626052104207
0.01905,0.078296125,51505.5,0.07070707633079426,0.009131154786538934,1.0321743486973949
0.01905,0.079826877,51506.648,0.07070707633079426,0.015218612520370019,1.0321973547094188
0.01905,0.081357636,51508.344,0.07070707633079426,0.021306098091632662,1.0322313426853706
0.01905,0.082888387,51510.535,0.07070707633079426,0.027393551848687747,1.032275250501002
0.01905,0.084419131,51513.176,0.07070707633079426,0.03348097776831122,1.0323281763527055
0.01905,0.08594989,51516.203,0.07070707633079426,0.039568463339573916,1.0323888376753507
0.01905,0.087480649,51519.555,0.07070707633079426,0.04565594891083656,1.032456012024048
0.01905,0.089011393,51523.164,0.07070707633079426,0.051743374830460036,1.0325283366733466
0.01905,0.090542138,51526.961,0.07070707633079426,0.057830804726859454,1.0326044288577154
0.01905,0.092072897,51530.879,0.07070707633079426,0.06391829029812215,1.0326829458917837
0.01905,0.093603656,51534.855,0.07070707633079426,0.07000577586938479,1.032762625250501
0.01905,0.0951344,51538.84,0.07070707633079426,0.07609320178900826,1.0328424849699398
0.01905,0.096665144,51542.781,0.07070707633079426,0.08218062770863174,1.0329214629258519
0.01905,0.09819591,51546.629,0.07070707633079426,0.08826814111732605,1.0329985771543087
0.01905,0.099726662,51550.387,0.07070707633079426,0.09435559885115707,1.0330738877755512
0.01905,0.10125741,51554.004,0.07070707633079426,0.10044304067788438,1.033146372745491
0.01905,0.10278817,51557.504,0.07070707633079426,0.10653053022592297,1.0332165130260522
0.01905,0.10431892,51560.828,0.07070707633079426,0.11261798000620211,1.033283126252505
0.01905,0.10584967,51564.055,0.07070707633079426,0.11870542978648131,1.0333477955911823
0.01905,0.10738042,51567.145,0.07070707633079426,0.12479287956676045,1.0334097194388776
0.01905,0.10891117,51570.152,0.07070707633079426,0.13088032934703958,1.0334699799599198
0.01905,0.11044192,51573.09,0.07070707633079426,0.13696777912731872,1.0335288577154307
0.01905,0.11197267,51575.988,0.07070707633079426,0.14305522890759786,1.0335869338677355
0.01905,0.11350343,51578.938,0.07070707633079426,0.1491427184556365,1.0336460521042083
0.01905,0.11503418,51581.957,0.07070707633079426,0.15523016823591565,1.0337065531062124
0.01905,0.11656493,51585.16,0.07070707633079426,0.1613176180161948,1.033770741482966
0.01905,0.11809569,51588.59,0.07070707633079426,0.16740510756423344,1.0338394789579157
0.01905,0.11962645,51592.32,0.07070707633079426,0.17349259711227202,1.0339142284569138
0.01905,0.12115719,51596.441,0.07070707633079426,0.17958000712479172,1.0339968136272546
0.01905,0.12268794,51601.023,0.07070707633079426,0.18566745690507086,1.034088637274549
0.01905,0.12421869,51606.094,0.07070707633079426,0.19175490668535006,1.034190260521042
0.01905,0.12574944,51611.773,0.07070707633079426,0.19784235646562914,1.0343040681362725
0.01905,0.12728021,51617.926,0.07070707633079426,0.2039298857814273,1.034427374749499
0.01905,0.12881094,51624.789,0.07070707633079426,0.21001725602618754,1.0345649098196392
0.01905,0.13034171,51631.977,0.07070707633079426,0.21610478534198557,1.0347089579158317
0.01905,0.13187183,51639.852,0.07070707633079426,0.22218972975341833,1.0348667735470942
0.01905,0.13330159,51647.52,0.07070707633079426,0.22787556493084896,1.0350204408817634
0.01905,0.13454486,51654.289,0.07070707633079426,0.23281977116199554,1.0351560921843688
0.01905,0.13562597,51660.418,0.07070707633079426,0.23711910340563933,1.0352789178356714
0.01905,0.13656607,51665.723,0.07070707633079426,0.240857670473051,1.035385230460922
0.01905,0.13738354,51670.395,0.07070707633079426,0.2441085655061294,1.0354788577154308
0.01905,0.13809437,51674.422,0.07070707633079426,0.24693537715226088,1.0355595591182365
0.01905,0.1387125,51677.906,0.07070707633079426,0.2493935416681413,1.035629378757515
0.01905,0.13925001,51680.949,0.07070707633079426,0.2515310985072058,1.035690360721443
0.02159,0.01275,51695.426,0.08080808723519345,-0.25153109850720584,1.0359804809619237
0.02159,0.0132875,51692.621,0.08080808723519345,-0.24939358143590085,1.0359242685370742
0.02159,0.013905625,51689.398,0.08080808723519345,-0.24693543680390018,1.0358596793587174
0.02159,0.014616469,51685.668,0.08080808723519345,-0.2441085694829054,1.0357849298597195
0.02159,0.01543394,51681.316,0.08080808723519345,-0.24085767047305104,1.0356977154308618
0.02159,0.016374029,51676.367,0.08080808723519345,-0.23711914715017476,1.0355985370741483
0.02159,0.017455135,51670.598,0.08080808723519345,-0.23281983081363486,1.0354829258517033
0.02159,0.018698405,51664.191,0.08080808723519345,-0.22787562458248825,1.0353545290581163
0.02159,0.020128164,51656.836,0.08080808723519345,-0.22218979338183356,1.0352071342685372
0.02159,0.021658298,51649.172,0.08080808723519345,-0.21610479329553753,1.0350535470941884
0.02159,0.023189049,51642.027,0.08080808723519345,-0.21001733953848242,1.034910360721443
0.02159,0.024719801,51635.043,0.08080808723519345,-0.2039298818046514,1.0347704008016032
0.02159,0.026250554,51628.586,0.08080808723519345,-0.19784242009404443,1.034641002004008
0.02159,0.027781306,51622.418,0.08080808723519345,-0.19175496236021336,1.0345173947895792
0.02159,0.029312057,51616.695,0.08080808723519345,-0.18566750860315825,1.0344027054108216
0.02159,0.030842811,51611.273,0.08080808723519345,-0.17958004291577534,1.0342940480961924
0.02159,0.032373562,51606.168,0.08080808723519345,-0.1734925891587202,1.0341917434869738
0.02159,0.033904314,51601.277,0.08080808723519345,-0.1674051314248892,1.0340937274549098
0.02159,0.035435066,51596.559,0.08080808723519345,-0.16131767369105812,1.0339991783567135
0.02159,0.036965817,51591.93,0.08080808723519345,-0.15523021993400304,1.0339064128256512
0.02159,0.038496573,51587.332,0.08080808723519345,-0.1491427462930682,1.0338142685370741
0.02159,0.040027324,51582.703,0.08080808723519345,-0.1430552925360131,1.033721503006012
0.02159,0.041558076,51577.984,0.08080808723519345,-0.13696783480218205,1.0336269338677353
0.02159,0.043088827,51573.137,0.08080808723519345,-0.13088038104512695,1.0335297995991986
0.02159,0.044619579,51568.113,0.08080808723519345,-0.12479292331129592,1.033429118236473
0.02159,0.046150334,51562.895,0.08080808723519345,-0.11870545364713703,1.0333245490981964
0.02159,0.047681086,51557.473,0.08080808723519345,-0.112617995913306,1.033215891783567
0.02159,0.049211837,51551.879,0.08080808723519345,-0.1065305421562509,1.0331037875751503
0.02159,0.050742589,51546.094,0.08080808723519345,-0.10044308442241985,1.0329878557114227
0.02159,0.052273341,51540.168,0.08080808723519345,-0.0943556266885888,1.0328690981963928
0.02159,0.053804092,51534.113,0.08080808723519345,-0.08826817293153372,1.032747755511022
0.02159,0.055334844,51527.992,0.08080808723519345,-0.08218071519770266,1.0326250901803606
0.02159,0.056865599,51521.844,0.08080808723519345,-0.07609324553354377,1.032501883767535
0.02159,0.058396351,51515.742,0.08080808723519345,-0.07000578779971274,1.0323795991983968
0.02159,0.059927102,51509.742,0.08080808723519345,-0.06391833404265762,1.032259358717435
0.02159,0.061457854,51503.922,0.08080808723519345,-0.05783087630882659,1.0321427254509017
0.02159,0.062988609,51498.363,0.08080808723519345,-0.0517434066446677,1.0320313226452906
0.02159,0.064519361,51493.156,0.08080808723519345,-0.04565594891083667,1.0319269739478958
0.02159,0.066050112,51488.375,0.08080808723519345,-0.03956849515378159,1.0318311623246492
0.02159,0.067580864,51484.113,0.08080808723519345,-0.033481037419950496,1.031745751503006
0.02159,0.069111615,51480.434,0.08080808723519345,-0.027393583662895415,1.0316720240480963
0.02159,0.070642367,51477.41,0.08080808723519345,-0.021306125929064383,1.0316114228456914
0.02159,0.072173119,51475.09,0.08080808723519345,-0.015218668195233353,1.0315649298597194
0.02159,0.07370387,51473.523,0.08080808723519345,-0.009131214438178213,1.0315335270541082
0.02159,0.075234622,51472.727,0.08080808723519345,-0.003043756704347182,1.0315175751503005
0.02159,0.076765373,51472.727,0.08080808723519345,0.0030436970527079037,1.0315175751503005
0.02159,0.078296125,51473.523,0.08080808723519345,0.009131154786538934,1.0315335270541082
0.02159,0.079826877,51475.09,0.08080808723519345,0.015218612520370019,1.0315649298597194
0.02159,0.081357636,51477.41,0.08080808723519345,0.021306098091632662,1.0316114228456914
0.02159,0.082888387,51480.434,0.08080808723519345,0.027393551848687747,1.0316720240480963
0.02159,0.084419131,51484.113,0.08080808723519345,0.03348097776831122,1.031745751503006
0.02159,0.08594989,51488.375,0.08080808723519345,0.039568463339573916,1.0318311623246492
0.02159,0.087480649,51493.152,0.08080808723519345,0.04565594891083656,1.0319268937875752
0.02159,0.089011393,51498.363,0.08080808723519345,0.051743374830460036,1.0320313226452906
0.02159,0.090542138,51503.922,0.08080808723519345,0.057830804726859454,1.0321427254509017
0.02159,0.092072897,51509.738,0.08080808723519345,0.06391829029812215,1.032259278557114
0.02159,0.093603656,51515.738,0.08080808723519345,0.07000577586938479,1.032379519038076
0.02159,0.0951344,51521.84,0.08080808723519345,0.07609320178900826,1.0325018036072144
0.02159,0.096665144,51527.988,0.08080808723519345,0.08218062770863174,1.03262501002004
0.02159,0.09819591,51534.105,0.08080808723519345,0.08826814111732605,1.0327475951903808
0.02159,0.099726662,51540.16,0.08080808723519345,0.09435559885115707,1.0328689378757516
0.02159,0.10125741,51546.086,0.08080808723519345,0.10044304067788438,1.0329876953907817
0.02159,0.10278817,51551.871,0.08080808723519345,0.10653053022592297,1.033103627254509
0.02159,0.10431892,51557.465,0.08080808723519345,0.11261798000620211,1.0332157314629258
0.02159,0.10584967,51562.883,0.08080808723519345,0.11870542978648131,1.0333243086172346
0.02159,0.10738042,51568.102,0.08080808723519345,0.12479287956676045,1.0334288977955912
0.02159,0.10891117,51573.125,0.08080808723519345,0.13088032934703958,1.0335295591182365
0.02159,0.11044192,51577.973,0.08080808723519345,0.13696777912731872,1.0336267134268537
0.02159,0.11197267,51582.688,0.08080808723519345,0.14305522890759786,1.0337212024048097
0.02159,0.11350343,51587.32,0.08080808723519345,0.1491427184556365,1.033814028056112
0.02159,0.11503418,51591.914,0.08080808723519345,0.15523016823591565,1.0339060921843686
0.02159,0.11656493,51596.543,0.08080808723519345,0.1613176180161948,1.0339988577154309
0.02159,0.11809569,51601.262,0.08080808723519345,0.16740510756423344,1.0340934268537074
0.02159,0.11962645,51606.152,0.08080808723519345,0.17349259711227202,1.0341914228456914
0.02159,0.12115719,51611.258,0.08080808723519345,0.17958000712479172,1.03429374749499
0.02159,0.12268794,51616.68,0.08080808723519345,0.18566745690507086,1.0344024048096192
0.02159,0.12421869,51622.402,0.08080808723519345,0.19175490668535006,1.0345170741482965
0.02159,0.12574944,51628.57,0.08080808723519345,0.19784235646562914,1.0346406813627254
0.02159,0.12728021,51635.027,0.08080808723519345,0.2039298857814273,1.0347700801603206
0.02159,0.12881094,51642.012,0.08080808723519345,0.21001725602618754,1.0349100601202406
0.02159,0.13034171,51649.156,0.08080808723519345,0.21610478534198557,1.0350532264529058
0.02159,0.13187183,51656.816,0.08080808723519345,0.22218972975341833,1.035206733466934
0.02159,0.13330159,51664.172,0.08080808723519345,0.22787556493084896,1.0353541482965931
0.02159,0.13454486,51670.578,0.08080808723519345,0.23281977116199554,1.0354825250501003
0.02159,0.13562597,51676.348,0.08080808723519345,0.23711910340563933,1.0355981563126253
0.02159,0.13656607,51681.297,0.08080808723519345,0.240857670473051,1.0356973346693386
0.02159,0.13738354,51685.645,0.08080808723519345,0.2441085655061294,1.0357844689378757
0.02159,0.13809437,51689.375,0.08080808723519345,0.24693537715226088,1.0358592184368738
0.02159,0.1387125,51692.598,0.08080808723519345,0.2493935416681413,1.0359238076152304
0.02159,0.13925001,51695.406,0.08080808723519345,0.2515310985072058,1.0359800801603207
0.02413,0.01275,51709.609,0.09090909813959261,-0.25153109850720584,1.0362647094188375
0.02413,0.0132875,51707.098,0.09090909813959261,-0.24939358143590085,1.036214388777555
0.02413,0.013905625,51704.195,0.09090909813959261,-0.24693543680390018,1.0361562124248498
0.02413,0.014616469,51700.84,0.09090909813959261,-0.2441085694829054,1.0360889779559117
0.02413,0.01543394,51696.891,0.09090909813959261,-0.24085767047305104,1.036009839679359
0.02413,0.016374029,51692.387,0.09090909813959261,-0.23711914715017476,1.0359195791583167
0.02413,0.017455135,51687.074,0.09090909813959261,-0.23281983081363486,1.035813106212425
0.02413,0.018698405,51681.117,0.09090909813959261,-0.22787562458248825,1.0356937274549098
0.02413,0.020128164,51674.164,0.09090909813959261,-0.22218979338183356,1.0355543887775551
0.02413,0.021658298,51666.773,0.09090909813959261,-0.21610479329553753,1.03540627254509
0.02413,0.023189049,51659.707,0.09090909813959261,-0.21001733953848242,1.0352646693386773
0.02413,0.024719801,51652.605,0.09090909813959261,-0.2039298818046514,1.035122344689379
0.02413,0.026250554,51645.832,0.09090909813959261,-0.19784242009404443,1.034986613226453
0.02413,0.027781306,51639.137,0.09090909813959261,-0.19175496236021336,1.0348524448897796
0.02413,0.029312057,51632.699,0.09090909813959261,-0.18566750860315825,1.0347234268537073
0.02413,0.030842811,51626.367,0.09090909813959261,-0.17958004291577534,1.0345965330661322
0.02413,0.032373562,51620.188,0.09090909813959261,-0.1734925891587202,1.0344727054108216
0.02413,0.033904314,51614.059,0.09090909813959261,-0.1674051314248892,1.034349879759519
0.02413,0.035435066,51607.969,0.09090909813959261,-0.16131767369105812,1.0342278356713426
0.02413,0.036965817,51601.84,0.09090909813959261,-0.15523021993400304,1.03410501002004
0.02413,0.038496573,51595.625,0.09090909813959261,-0.1491427462930682,1.0339804609218437
0.02413,0.040027324,51589.27,0.09090909813959261,-0.1430552925360131,1.0338531062124248
0.02413,0.041558076,51582.734,0.09090909813959261,-0.13696783480218205,1.0337221242484969
0.02413,0.043088827,51575.984,0.09090909813959261,-0.13088038104512695,1.0335868537074147
0.02413,0.044619579,51569.0,0.09090909813959261,-0.12479292331129592,1.0334468937875751
0.02413,0.046150334,51561.766,0.09090909813959261,-0.11870545364713703,1.0333019238476955
0.02413,0.047681086,51554.285,0.09090909813959261,-0.112617995913306,1.0331520040080162
0.02413,0.049211837,51546.59,0.09090909813959261,-0.1065305421562509,1.0329977955911822
0.02413,0.050742589,51538.703,0.09090909813959261,-0.10044308442241985,1.032839739478958
0.02413,0.052273341,51530.684,0.09090909813959261,-0.0943556266885888,1.0326790380761524
0.02413,0.053804092,51522.566,0.09090909813959261,-0.08826817293153372,1.0325163527054109
0.02413,0.055334844,51514.438,0.09090909813959261,-0.08218071519770266,1.0323534669338679
0.02413,0.056865599,51506.363,0.09090909813959261,-0.07609324553354377,1.0321916432865732
0.02413,0.058396351,51498.422,0.09090909813959261,-0.07000578779971274,1.03203250501002
0.02413,0.059927102,51490.703,0.09090909813959261,-0.06391833404265762,1.0318778156312625
0.02413,0.061457854,51483.301,0.09090909813959261,-0.05783087630882659,1.031729478957916
0.02413,0.062988609,51476.301,0.09090909813959261,-0.0517434066446677,1.0315891983967935
0.02413,0.064519361,51469.809,0.09090909813959261,-0.04565594891083667,1.0314590981963927
0.02413,0.066050112,51463.898,0.09090909813959261,-0.03956849515378159,1.0313406412825652
0.02413,0.067580864,51458.672,0.09090909813959261,-0.033481037419950496,1.0312359118236474
0.02413,0.069111615,51454.188,0.09090909813959261,-0.027393583662895415,1.0311460521042084
0.02413,0.070642367,51450.523,0.09090909813959261,-0.021306125929064383,1.0310726052104209
0.02413,0.072173119,51447.727,0.09090909813959261,-0.015218668195233353,1.0310165731462926
0.02413,0.07370387,51445.844,0.09090909813959261,-0.009131214438178213,1.0309788376753506
0.02413,0.075234622,51444.887,0.09090909813959261,-0.003043756704347182,1.0309596593186374
0.02413,0.076765373,51444.887,0.09090909813959261,0.0030436970527079037,1.0309596593186374
0.02413,0.078296125,51445.844,0.09090909813959261,0.009131154786538934,1.0309788376753506
0.02413,0.079826877,51447.727,0.09090909813959261,0.015218612520370019,1.0310165731462926
0.02413,0.081357636,51450.527,0.09090909813959261,0.021306098091632662,1.0310726853707415
0.02413,0.082888387,51454.188,0.09090909813959261,0.027393551848687747,1.0311460521042084
0.02413,0.084419131,51458.672,0.09090909813959261,0.03348097776831122,1.0312359118236474
0.02413,0.08594989,51463.898,0.09090909813959261,0.039568463339573916,1.0313406412825652
0.02413,0.087480649,51469.809,0.09090909813959261,0.04565594891083656,1.0314590981963927
0.02413,0.089011393,51476.301,0.09090909813959261,0.051743374830460036,1.0315891983967935
0.02413,0.090542138,51483.301,0.09090909813959261,0.057830804726859454,1.031729478957916
0.02413,0.092072897,51490.703,0.09090909813959261,0.06391829029812215,1.0318778156312625
0.02413,0.093603656,51498.422,0.09090909813959261,0.07000577586938479,1.03203250501002
0.02413,0.0951344,51506.359,0.09090909813959261,0.07609320178900826,1.0321915631262524
0.02413,0.096665144,51514.438,0.09090909813959261,0.08218062770863174,1.0323534669338679
0.02413,0.09819591,51522.566,0.09090909813959261,0.08826814111732605,1.0325163527054109
0.02413,0.099726662,51530.68,0.09090909813959261,0.09435559885115707,1.0326789579158318
0.02413,0.10125741,51538.699,0.09090909813959261,0.10044304067788438,1.0328396593186373
0.02413,0.10278817,51546.582,0.09090909813959261,0.10653053022592297,1.0329976352705412
0.02413,0.10431892,51554.277,0.09090909813959261,0.11261798000620211,1.0331518436873748
0.02413,0.10584967,51561.758,0.09090909813959261,0.11870542978648131,1.033301763527054
0.02413,0.10738042,51568.988,0.09090909813959261,0.12479287956676045,1.0334466533066131
0.02413,0.10891117,51575.973,0.09090909813959261,0.13088032934703958,1.033586633266533
0.02413,0.11044192,51582.723,0.09090909813959261,0.13696777912731872,1.033721903807615
0.02413,0.11197267,51589.258,0.09090909813959261,0.14305522890759786,1.033852865731463
0.02413,0.11350343,51595.609,0.09090909813959261,0.1491427184556365,1.033980140280561
0.02413,0.11503418,51601.824,0.09090909813959261,0.15523016823591565,1.0341046893787575
0.02413,0.11656493,51607.949,0.09090909813959261,0.1613176180161948,1.0342274348697396
0.02413,0.11809569,51614.043,0.09090909813959261,0.16740510756423344,1.0343495591182363
0.02413,0.11962645,51620.168,0.09090909813959261,0.17349259711227202,1.0344723046092184
0.02413,0.12115719,51626.348,0.09090909813959261,0.17958000712479172,1.0345961523046092
0.02413,0.12268794,51632.68,0.09090909813959261,0.18566745690507086,1.0347230460921844
0.02413,0.12421869,51639.117,0.09090909813959261,0.19175490668535006,1.0348520440881763
0.02413,0.12574944,51645.809,0.09090909813959261,0.19784235646562914,1.0349861523046093
0.02413,0.12728021,51652.582,0.09090909813959261,0.2039298857814273,1.0351218837675351
0.02413,0.12881094,51659.684,0.09090909813959261,0.21001725602618754,1.0352642084168338
0.02413,0.13034171,51666.746,0.09090909813959261,0.21610478534198557,1.035405731462926
0.02413,0.13187183,51674.141,0.09090909813959261,0.22218972975341833,1.0355539278557115
0.02413,0.13330159,51681.094,0.09090909813959261,0.22787556493084896,1.035693266533066
0.02413,0.13454486,51687.047,0.09090909813959261,0.23281977116199554,1.0358125651302605
0.02413,0.13562597,51692.355,0.09090909813959261,0.23711910340563933,1.0359189378757516
0.02413,0.13656607,51696.859,0.09090909813959261,0.240857670473051,1.0360091983967936
0.02413,0.13738354,51700.809,0.09090909813959261,0.2441085655061294,1.036088356713427
0.02413,0.13809437,51704.164,0.09090909813959261,0.24693537715226088,1.0361555911823648
0.02413,0.1387125,51707.066,0.09090909813959261,0.2493935416681413,1.03621374749499
0.02413,0.13925001,51709.578,0.09090909813959261,0.2515310985072058,1.0362640881763527
0.02667,0.01275,51723.789,0.1010101090439918,-0.25153109850720584,1.036548877755511
0.02667,0.0132875,51721.609,0.1010101090439918,-0.24939358143590085,1.0365051903807614
0.02667,0.013905625,51719.051,0.1010101090439918,-0.24693543680390018,1.0364539278557114
0.02667,0.014616469,51716.105,0.1010101090439918,-0.2441085694829054,1.0363948897795592
0.02667,0.01543394,51712.598,0.1010101090439918,-0.24085767047305104,1.0363246092184368
0.02667,0.016374029,51708.578,0.1010101090439918,-0.23711914715017476,1.0362440480961923
0.02667,0.017455135,51703.766,0.1010101090439918,-0.23281983081363486,1.036147615230461
0.02667,0.018698405,51698.297,0.1010101090439918,-0.22787562458248825,1.0360380160320641
0.02667,0.020128164,51691.766,0.1010101090439918,-0.22218979338183356,1.035907134268537
0.02667,0.021658298,51684.648,0.1010101090439918,-0.21610479329553753,1.035764488977956
0.02667,0.023189049,51677.645,0.1010101090439918,-0.21001733953848242,1.035624148296593
0.02667,0.024719801,51670.398,0.1010101090439918,-0.2039298818046514,1.0354789178356714
0.02667,0.026250554,51663.254,0.1010101090439918,-0.19784242009404443,1.035335751503006
0.02667,0.027781306,51655.973,0.1010101090439918,-0.19175496236021336,1.0351898396793586
0.02667,0.029312057,51648.742,0.1010101090439918,-0.18566750860315825,1.0350449298597193
0.02667,0.030842811,51641.418,0.1010101090439918,-0.17958004291577534,1.0348981563126252
0.02667,0.032373562,51634.078,0.1010101090439918,-0.1734925891587202,1.0347510621242486
0.02667,0.033904314,51626.633,0.1010101090439918,-0.1674051314248892,1.034601863727455
0.02667,0.035435066,51619.094,0.1010101090439918,-0.16131767369105812,1.0344507815631263
0.02667,0.036965817,51611.398,0.1010101090439918,-0.15523021993400304,1.0342965531062125
0.02667,0.038496573,51603.523,0.1010101090439918,-0.1491427462930682,1.03413873747495
0.02667,0.040027324,51595.426,0.1010101090439918,-0.1430552925360131,1.0339764729458918
0.02667,0.041558076,51587.086,0.1010101090439918,-0.13696783480218205,1.0338093386773548
0.02667,0.043088827,51578.48,0.1010101090439918,-0.13088038104512695,1.033636873747495
0.02667,0.044619579,51569.609,0.1010101090439918,-0.12479292331129592,1.0334590981963927
0.02667,0.046150334,51560.473,0.1010101090439918,-0.11870545364713703,1.033276012024048
0.02667,0.047681086,51551.094,0.1010101090439918,-0.112617995913306,1.0330880561122244
0.02667,0.049211837,51541.504,0.1010101090439918,-0.1065305421562509,1.032895871743487
0.02667,0.050742589,51531.758,0.1010101090439918,-0.10044308442241985,1.0327005611222446
0.02667,0.052273341,51521.918,0.1010101090439918,-0.0943556266885888,1.0325033667334669
0.02667,0.053804092,51512.055,0.1010101090439918,-0.08826817293153372,1.0323057114228458
0.02667,0.055334844,51502.254,0.1010101090439918,-0.08218071519770266,1.0321092985971945
0.02667,0.056865599,51492.602,0.1010101090439918,-0.07609324553354377,1.0319158717434869
0.02667,0.058396351,51483.203,0.1010101090439918,-0.07000578779971274,1.0317275150300602
0.02667,0.059927102,51474.148,0.1010101090439918,-0.06391833404265762,1.0315460521042084
0.02667,0.061457854,51465.547,0.1010101090439918,-0.05783087630882659,1.0313736873747494
0.02667,0.062988609,51457.488,0.1010101090439918,-0.0517434066446677,1.0312121843687374
0.02667,0.064519361,51450.074,0.1010101090439918,-0.04565594891083667,1.0310636072144288
0.02667,0.066050112,51443.379,0.1010101090439918,-0.03956849515378159,1.0309294388777555
0.02667,0.067580864,51437.496,0.1010101090439918,-0.033481037419950496,1.0308115430861724
0.02667,0.069111615,51432.477,0.1010101090439918,-0.027393583662895415,1.0307109619238477
0.02667,0.070642367,51428.395,0.1010101090439918,-0.021306125929064383,1.0306291583166332
0.02667,0.072173119,51425.285,0.1010101090439918,-0.015218668195233353,1.0305668336673348
0.02667,0.07370387,51423.195,0.1010101090439918,-0.009131214438178213,1.0305249498997997
0.02667,0.075234622,51422.141,0.1010101090439918,-0.003043756704347182,1.0305038276553107
0.02667,0.076765373,51422.141,0.1010101090439918,0.0030436970527079037,1.0305038276553107
0.02667,0.078296125,51423.195,0.1010101090439918,0.009131154786538934,1.0305249498997997
0.02667,0.079826877,51425.285,0.1010101090439918,0.015218612520370019,1.0305668336673348
0.02667,0.081357636,51428.395,0.1010101090439918,0.021306098091632662,1.0306291583166332
0.02667,0.082888387,51432.477,0.1010101090439918,0.027393551848687747,1.0307109619238477
0.02667,0.084419131,51437.496,0.1010101090439918,0.03348097776831122,1.0308115430861724
0.02667,0.08594989,51443.383,0.1010101090439918,0.039568463339573916,1.0309295190380763
0.02667,0.087480649,51450.074,0.1010101090439918,0.04565594891083656,1.0310636072144288
0.02667,0.089011393,51457.488,0.1010101090439918,0.051743374830460036,1.0312121843687374
0.02667,0.090542138,51465.547,0.1010101090439918,0.057830804726859454,1.0313736873747494
0.02667,0.092072897,51474.148,0.1010101090439918,0.06391829029812215,1.0315460521042084
0.02667,0.093603656,51483.203,0.1010101090439918,0.07000577586938479,1.0317275150300602
0.02667,0.0951344,51492.602,0.1010101090439918,0.07609320178900826,1.0319158717434869
0.02667,0.096665144,51502.254,0.1010101090439918,0.08218062770863174,1.0321092985971945
0.02667,0.09819591,51512.055,0.1010101090439918,0.08826814111732605,1.0323057114228458
0.02667,0.099726662,51521.914,0.1010101090439918,0.09435559885115707,1.0325032865731463
0.02667,0.10125741,51531.758,0.1010101090439918,0.10044304067788438,1.0327005611222446
0.02667,0.10278817,51541.5,0.1010101090439918,0.10653053022592297,1.0328957915831662
0.02667,0.10431892,51551.086,0.1010101090439918,0.11261798000620211,1.0330878957915832
0.02667,0.10584967,51560.465,0.1010101090439918,0.11870542978648131,1.0332758517034066
0.02667,0.10738042,51569.602,0.1010101090439918,0.12479287956676045,1.0334589579158315
0.02667,0.10891117,51578.473,0.1010101090439918,0.13088032934703958,1.0336367334669339
0.02667,0.11044192,51587.074,0.1010101090439918,0.13696777912731872,1.0338090981963928
0.02667,0.11197267,51595.414,0.1010101090439918,0.14305522890759786,1.0339762324649298
0.02667,0.11350343,51603.508,0.1010101090439918,0.1491427184556365,1.0341384368737476
0.02667,0.11503418,51611.379,0.1010101090439918,0.15523016823591565,1.0342961723446893
0.02667,0.11656493,51619.074,0.1010101090439918,0.1613176180161948,1.034450380761523
0.02667,0.11809569,51626.613,0.1010101090439918,0.16740510756423344,1.0346014629258518
0.02667,0.11962645,51634.055,0.1010101090439918,0.17349259711227202,1.0347506012024048
0.02667,0.12115719,51641.395,0.1010101090439918,0.17958000712479172,1.0348976953907816
0.02667,0.12268794,51648.719,0.1010101090439918,0.18566745690507086,1.0350444689378757
0.02667,0.12421869,51655.949,0.1010101090439918,0.19175490668535006,1.0351893587174348
0.02667,0.12574944,51663.23,0.1010101090439918,0.19784235646562914,1.0353352705410823
0.02667,0.12728021,51670.371,0.1010101090439918,0.2039298857814273,1.035478376753507
0.02667,0.12881094,51677.617,0.1010101090439918,0.21001725602618754,1.0356235871743487
0.02667,0.13034171,51684.621,0.1010101090439918,0.21610478534198557,1.0357639478957916
0.02667,0.13187183,51691.734,0.1010101090439918,0.22218972975341833,1.0359064929859718
0.02667,0.13330159,51698.262,0.1010101090439918,0.22787556493084896,1.0360373146292585
0.02667,0.13454486,51703.734,0.1010101090439918,0.23281977116199554,1.0361469739478957
0.02667,0.13562597,51708.543,0.1010101090439918,0.23711910340563933,1.0362433466933867
0.02667,0.13656607,51712.562,0.1010101090439918,0.240857670473051,1.036323887775551
0.02667,0.13738354,51716.066,0.1010101090439918,0.2441085655061294,1.0363941082164327
0.02667,0.13809437,51719.012,0.1010101090439918,0.24693537715226088,1.0364531462925852
0.02667,0.1387125,51721.57,0.1010101090439918,0.2493935416681413,1.0365044088176352
0.02667,0.13925001,51723.75,0.1010101090439918,0.2515310985072058,1.0365480961923847
0.029209999,0.01275,51738.188,0.11111111597161503,-0.25153109850720584,1.0368374348697396
0.029209999,0.0132875,51736.332,0.11111111597161503,-0.24939358143590085,1.036800240480962
0.029209999,0.013905625,51734.121,0.11111111597161503,-0.24693543680390018,1.0367559318637274
0.029209999,0.014616469,51731.574,0.11111111597161503,-0.2441085694829054,1.0367048897795592
0.029209999,0.01543394,51728.496,0.11111111597161503,-0.24085767047305104,1.0366432064128257
0.029209999,0.016374029,51724.941,0.11111111597161503,-0.23711914715017476,1.0365719639278557
0.029209999,0.017455135,51720.609,0.11111111597161503,-0.23281983081363486,1.0364851503006012
0.029209999,0.018698405,51715.598,0.11111111597161503,-0.22787562458248825,1.036384729458918
0.029209999,0.020128164,51709.461,0.11111111597161503,-0.22218979338183356,1.036261743486974
0.029209999,0.021658298,51702.582,0.11111111597161503,-0.21610479329553753,1.0361238877755512
0.029209999,0.023189049,51695.594,0.11111111597161503,-0.21001733953848242,1.0359838476953906
0.029209999,0.024719801,51688.145,0.11111111597161503,-0.2039298818046514,1.0358345691382764
0.029209999,0.026250554,51680.566,0.11111111597161503,-0.19784242009404443,1.0356826853707415
0.029209999,0.027781306,51672.629,0.11111111597161503,-0.19175496236021336,1.035523627254509
0.029209999,0.029312057,51664.531,0.11111111597161503,-0.18566750860315825,1.0353613426853707
0.029209999,0.030842811,51656.141,0.11111111597161503,-0.17958004291577534,1.0351932064128258
0.029209999,0.032373562,51647.562,0.11111111597161503,-0.1734925891587202,1.0350212825651302
0.029209999,0.033904314,51638.734,0.11111111597161503,-0.1674051314248892,1.0348443687374749
0.029209999,0.035435066,51629.684,0.11111111597161503,-0.16131767369105812,1.034663006012024
0.029209999,0.036965817,51620.379,0.11111111597161503,-0.15523021993400304,1.0344765330661323
0.029209999,0.038496573,51610.816,0.11111111597161503,-0.1491427462930682,1.0342848897795591
0.029209999,0.040027324,51600.98,0.11111111597161503,-0.1430552925360131,1.0340877755511022
0.029209999,0.041558076,51590.871,0.11111111597161503,-0.13696783480218205,1.0338851903807615
0.029209999,0.043088827,51580.484,0.11111111597161503,-0.13088038104512695,1.0336770340681363
0.029209999,0.044619579,51569.832,0.11111111597161503,-0.12479292331129592,1.0334635671342687
0.029209999,0.046150334,51558.945,0.11111111597161503,-0.11870545364713703,1.033245390781563
0.029209999,0.047681086,51547.852,0.11111111597161503,-0.112617995913306,1.0330230861723446
0.029209999,0.049211837,51536.613,0.11111111597161503,-0.1065305421562509,1.0327978557114228
0.029209999,0.050742589,51525.285,0.11111111597161503,-0.10044308442241985,1.0325708416833668
0.029209999,0.052273341,51513.949,0.11111111597161503,-0.0943556266885888,1.0323436673346693
0.029209999,0.053804092,51502.688,0.11111111597161503,-0.08826817293153372,1.032117995991984
0.029209999,0.055334844,51491.598,0.11111111597161503,-0.08218071519770266,1.031895751503006
0.029209999,0.056865599,51480.785,0.11111111597161503,-0.07609324553354377,1.0316790581162325
0.029209999,0.058396351,51470.348,0.11111111597161503,-0.07000578779971274,1.0314698997995992
0.029209999,0.059927102,51460.383,0.11111111597161503,-0.06391833404265762,1.0312702004008016
0.029209999,0.061457854,51451.012,0.11111111597161503,-0.05783087630882659,1.0310824048096192
0.029209999,0.062988609,51442.301,0.11111111597161503,-0.0517434066446677,1.0309078356713426
0.029209999,0.064519361,51434.352,0.11111111597161503,-0.04565594891083667,1.0307485370741483
0.029209999,0.066050112,51427.223,0.11111111597161503,-0.03956849515378159,1.0306056713426854
0.029209999,0.067580864,51420.996,0.11111111597161503,-0.033481037419950496,1.0304808817635271
0.029209999,0.069111615,51415.711,0.11111111597161503,-0.027393583662895415,1.0303749699398799
0.029209999,0.070642367,51411.43,0.11111111597161503,-0.021306125929064383,1.0302891783567134
0.029209999,0.072173119,51408.184,0.11111111597161503,-0.015218668195233353,1.030224128256513
0.029209999,0.07370387,51406.008,0.11111111597161503,-0.009131214438178213,1.0301805210420842
0.029209999,0.075234622,51404.91,0.11111111597161503,-0.003043756704347182,1.0301585170340681
0.029209999,0.076765373,51404.91,0.11111111597161503,0.0030436970527079037,1.0301585170340681
0.029209999,0.078296125,51406.008,0.11111111597161503,0.009131154786538934,1.0301805210420842
0.029209999,0.079826877,51408.184,0.11111111597161503,0.015218612520370019,1.030224128256513
0.029209999,0.081357636,51411.43,0.11111111597161503,0.021306098091632662,1.0302891783567134
0.029209999,0.082888387,51415.711,0.11111111597161503,0.027393551848687747,1.0303749699398799
0.029209999,0.084419131,51420.996,0.11111111597161503,0.03348097776831122,1.0304808817635271
0.029209999,0.08594989,51427.223,0.11111111597161503,0.039568463339573916,1.0306056713426854
0.029209999,0.087480649,51434.352,0.11111111597161503,0.04565594891083656,1.0307485370741483
0.029209999,0.089011393,51442.301,0.11111111597161503,0.051743374830460036,1.0309078356713426
0.029209999,0.090542138,51451.008,0.11111111597161503,0.057830804726859454,1.0310823246492986
0.029209999,0.092072897,51460.383,0.11111111597161503,0.06391829029812215,1.0312702004008016
0.029209999,0.093603656,51470.348,0.11111111597161503,0.07000577586938479,1.0314698997995992
0.029209999,0.0951344,51480.785,0.11111111597161503,0.07609320178900826,1.0316790581162325
0.029209999,0.096665144,51491.598,0.11111111597161503,0.08218062770863174,1.031895751503006
0.029209999,0.09819591,51502.688,0.11111111597161503,0.08826814111732605,1.032117995991984
0.029209999,0.099726662,51513.945,0.11111111597161503,0.09435559885115707,1.0323435871743487
0.029209999,0.10125741,51525.285,0.11111111597161503,0.10044304067788438,1.0325708416833668
0.029209999,0.10278817,51536.609,0.11111111597161503,0.10653053022592297,1.0327977755511022
0.029209999,0.10431892,51547.848,0.11111111597161503,0.11261798000620211,1.033023006012024
0.029209999,0.10584967,51558.938,0.11111111597161503,0.11870542978648131,1.0332452505010021
0.029209999,0.10738042,51569.824,0.11111111597161503,0.12479287956676045,1.0334634068136273
0.029209999,0.10891117,51580.473,0.11111111597161503,0.13088032934703958,1.0336768136272545
0.029209999,0.11044192,51590.859,0.11111111597161503,0.13696777912731872,1.0338849498997995
0.029209999,0.11197267,51600.969,0.11111111597161503,0.14305522890759786,1.0340875551102204
0.029209999,0.11350343,51610.801,0.11111111597161503,0.1491427184556365,1.0342845891783568
0.029209999,0.11503418,51620.359,0.11111111597161503,0.15523016823591565,1.034476132264529
0.029209999,0.11656493,51629.664,0.11111111597161503,0.1613176180161948,1.0346626052104209
0.029209999,0.11809569,51638.711,0.11111111597161503,0.16740510756423344,1.0348439078156313
0.029209999,0.11962645,51647.543,0.11111111597161503,0.17349259711227202,1.0350209018036072
0.029209999,0.12115719,51656.117,0.11111111597161503,0.17958000712479172,1.0351927254509017
0.029209999,0.12268794,51664.504,0.11111111597161503,0.18566745690507086,1.0353608016032065
0.029209999,0.12421869,51672.602,0.11111111597161503,0.19175490668535006,1.0355230861723446
0.029209999,0.12574944,51680.539,0.11111111597161503,0.19784235646562914,1.035682144288577
0.029209999,0.12728021,51688.113,0.11111111597161503,0.2039298857814273,1.0358339278557114
0.029209999,0.12881094,51695.562,0.11111111597161503,0.21001725602618754,1.0359832064128256
0.029209999,0.13034171,51702.547,0.11111111597161503,0.21610478534198557,1.0361231863727454
0.029209999,0.13187183,51709.426,0.11111111597161503,0.22218972975341833,1.0362610420841682
0.029209999,0.13330159,51715.562,0.11111111597161503,0.22787556493084896,1.036384008016032
0.029209999,0.13454486,51720.57,0.11111111597161503,0.23281977116199554,1.036484368737475
0.029209999,0.13562597,51724.906,0.11111111597161503,0.23711910340563933,1.03657126252505
0.029209999,0.13656607,51728.457,0.11111111597161503,0.240857670473051,1.0366424248496995
0.029209999,0.13738354,51731.535,0.11111111597161503,0.2441085655061294,1.036704108216433
0.029209999,0.13809437,51734.082,0.11111111597161503,0.24693537715226088,1.0367551503006012
0.029209999,0.1387125,51736.293,0.11111111597161503,0.2493935416681413,1.0367994589178355
0.029209999,0.13925001,51738.148,0.11111111597161503,0.2515310985072058,1.036836633266533
0.031750001,0.01275,51752.734,0.12121213482956611,-0.25153109850720584,1.0371289378757513
0.031750001,0.0132875,51751.184,0.12121213482956611,-0.24939358143590085,1.037097875751503
0.031750001,0.013905625,51749.312,0.12121213482956611,-0.24693543680390018,1.0370603607214428
0.031750001,0.014616469,51747.141,0.12121213482956611,-0.2441085694829054,1.037016853707415
0.031750001,0.01543394,51744.461,0.12121213482956611,-0.24085767047305104,1.0369631462925852
0.031750001,0.016374029,51741.332,0.12121213482956611,-0.23711914715017476,1.0369004408817635
0.031750001,0.017455135,51737.418,0.12121213482956611,-0.23281983081363486,1.036822004008016
0.031750001,0.018698405,51732.801,0.12121213482956611,-0.22787562458248825,1.0367294789579158
0.031750001,0.020128164,51726.977,0.12121213482956611,-0.22218979338183356,1.0366127655310622
0.031750001,0.021658298,51720.25,0.12121213482956611,-0.21610479329553753,1.0364779559118236
0.031750001,0.023189049,51713.195,0.12121213482956611,-0.21001733953848242,1.0363365731462926
0.031750001,0.024719801,51705.473,0.12121213482956611,-0.2039298818046514,1.0361818236472946
0.031750001,0.026250554,51697.395,0.12121213482956611,-0.19784242009404443,1.0360199398797594
0.031750001,0.027781306,51688.734,0.12121213482956611,-0.19175496236021336,1.035846372745491
0.031750001,0.029312057,51679.699,0.12121213482956611,-0.18566750860315825,1.0356653106212426
0.031750001,0.030842811,51670.188,0.12121213482956611,-0.17958004291577534,1.0354747094188377
0.031750001,0.032373562,51660.324,0.12121213482956611,-0.1734925891587202,1.0352770340681363
0.031750001,0.033904314,51650.059,0.12121213482956611,-0.1674051314248892,1.0350713226452906
0.031750001,0.035435066,51639.469,0.12121213482956611,-0.16131767369105812,1.0348590981963928
0.031750001,0.036965817,51628.531,0.12121213482956611,-0.15523021993400304,1.0346398997995994
0.031750001,0.038496573,51617.293,0.12121213482956611,-0.1491427462930682,1.0344146893787576
0.031750001,0.040027324,51605.754,0.12121213482956611,-0.1430552925360131,1.0341834468937876
0.031750001,0.041558076,51593.938,0.12121213482956611,-0.13696783480218205,1.0339466533066133
0.031750001,0.043088827,51581.867,0.12121213482956611,-0.13088038104512695,1.033704749498998
0.031750001,0.044619579,51569.582,0.12121213482956611,-0.12479292331129592,1.0334585571142285
0.031750001,0.046150334,51557.121,0.12121213482956611,-0.11870545364713703,1.0332088376753508
0.031750001,0.047681086,51544.543,0.12121213482956611,-0.112617995913306,1.0329567735470941
0.031750001,0.049211837,51531.914,0.12121213482956611,-0.1065305421562509,1.0327036873747495
0.031750001,0.050742589,51519.316,0.12121213482956611,-0.10044308442241985,1.0324512224448898
0.031750001,0.052273341,51506.828,0.12121213482956611,-0.0943556266885888,1.0322009619238477
0.031750001,0.053804092,51494.547,0.12121213482956611,-0.08826817293153372,1.0319548496993989
0.031750001,0.055334844,51482.578,0.12121213482956611,-0.08218071519770266,1.03171498997996
0.031750001,0.056865599,51471.02,0.12121213482956611,-0.07609324553354377,1.0314833667334669
0.031750001,0.058396351,51459.969,0.12121213482956611,-0.07000578779971274,1.0312619038076152
0.031750001,0.059927102,51449.52,0.12121213482956611,-0.06391833404265762,1.0310525050100199
0.031750001,0.061457854,51439.781,0.12121213482956611,-0.05783087630882659,1.0308573346693388
0.031750001,0.062988609,51430.805,0.12121213482956611,-0.0517434066446677,1.0306774549098197
0.031750001,0.064519361,51422.66,0.12121213482956611,-0.04565594891083667,1.030514228456914
0.031750001,0.066050112,51415.43,0.12121213482956611,-0.03956849515378159,1.0303693386773547
0.031750001,0.067580864,51409.145,0.12121213482956611,-0.033481037419950496,1.030243386773547
0.031750001,0.069111615,51403.855,0.12121213482956611,-0.027393583662895415,1.030137374749499
0.031750001,0.070642367,51399.582,0.12121213482956611,-0.021306125929064383,1.030051743486974
0.031750001,0.072173119,51396.355,0.12121213482956611,-0.015218668195233353,1.0299870741482966
0.031750001,0.07370387,51394.18,0.12121213482956611,-0.009131214438178213,1.0299434869739479
0.031750001,0.075234622,51393.094,0.12121213482956611,-0.003043756704347182,1.0299217234468938
0.031750001,0.076765373,51393.094,0.12121213482956611,0.0030436970527079037,1.0299217234468938
0.031750001,0.078296125,51394.18,0.12121213482956611,0.009131154786538934,1.0299434869739479
0.031750001,0.079826877,51396.355,0.12121213482956611,0.015218612520370019,1.0299870741482966
0.031750001,0.081357636,51399.582,0.12121213482956611,0.021306098091632662,1.030051743486974
0.031750001,0.082888387,51403.855,0.12121213482956611,0.027393551848687747,1.030137374749499
0.031750001,0.084419131,51409.145,0.12121213482956611,0.03348097776831122,1.030243386773547
0.031750001,0.08594989,51415.43,0.12121213482956611,0.039568463339573916,1.0303693386773547
0.031750001,0.087480649,51422.664,0.12121213482956611,0.04565594891083656,1.0305143086172344
0.031750001,0.089011393,51430.805,0.12121213482956611,0.051743374830460036,1.0306774549098197
0.031750001,0.090542138,51439.781,0.12121213482956611,0.057830804726859454,1.0308573346693388
0.031750001,0.092072897,51449.52,0.12121213482956611,0.06391829029812215,1.0310525050100199
0.031750001,0.093603656,51459.969,0.12121213482956611,0.07000577586938479,1.0312619038076152
0.031750001,0.0951344,51471.02,0.12121213482956611,0.07609320178900826,1.0314833667334669
0.031750001,0.096665144,51482.578,0.12121213482956611,0.08218062770863174,1.03171498997996
0.031750001,0.09819591,51494.547,0.12121213482956611,0.08826814111732605,1.0319548496993989
0.031750001,0.099726662,51506.824,0.12121213482956611,0.09435559885115707,1.032200881763527
0.031750001,0.10125741,51519.312,0.12121213482956611,0.10044304067788438,1.032451142284569
0.031750001,0.10278817,51531.914,0.12121213482956611,0.10653053022592297,1.0327036873747495
0.031750001,0.10431892,51544.543,0.12121213482956611,0.11261798000620211,1.0329567735470941
0.031750001,0.10584967,51557.117,0.12121213482956611,0.11870542978648131,1.03320875751503
0.031750001,0.10738042,51569.574,0.12121213482956611,0.12479287956676045,1.033458396793587
0.031750001,0.10891117,51581.859,0.12121213482956611,0.13088032934703958,1.0337045891783567
0.031750001,0.11044192,51593.926,0.12121213482956611,0.13696777912731872,1.0339464128256513
0.031750001,0.11197267,51605.742,0.12121213482956611,0.14305522890759786,1.0341832064128256
0.031750001,0.11350343,51617.281,0.12121213482956611,0.1491427184556365,1.0344144488977955
0.031750001,0.11503418,51628.516,0.12121213482956611,0.15523016823591565,1.0346395991983968
0.031750001,0.11656493,51639.449,0.12121213482956611,0.1613176180161948,1.0348586973947895
0.031750001,0.11809569,51650.039,0.12121213482956611,0.16740510756423344,1.0350709218436873
0.031750001,0.11962645,51660.301,0.12121213482956611,0.17349259711227202,1.0352765731462925
0.031750001,0.12115719,51670.164,0.12121213482956611,0.17958000712479172,1.0354742284569138
0.031750001,0.12268794,51679.676,0.12121213482956611,0.18566745690507086,1.0356648496993988
0.031750001,0.12421869,51688.703,0.12121213482956611,0.19175490668535006,1.035845751503006
0.031750001,0.12574944,51697.363,0.12121213482956611,0.19784235646562914,1.0360192985971943
0.031750001,0.12728021,51705.441,0.12121213482956611,0.2039298857814273,1.0361811823647293
0.031750001,0.12881094,51713.164,0.12121213482956611,0.21001725602618754,1.0363359519038076
0.031750001,0.13034171,51720.219,0.12121213482956611,0.21610478534198557,1.0364773346693386
0.031750001,0.13187183,51726.938,0.12121213482956611,0.22218972975341833,1.036611983967936
0.031750001,0.13330159,51732.762,0.12121213482956611,0.22787556493084896,1.0367286973947896
0.031750001,0.13454486,51737.379,0.12121213482956611,0.23281977116199554,1.0368212224448898
0.031750001,0.13562597,51741.293,0.12121213482956611,0.23711910340563933,1.0368996593186373
0.031750001,0.13656607,51744.422,0.12121213482956611,0.240857670473051,1.0369623647294588
0.031750001,0.13738354,51747.102,0.12121213482956611,0.2441085655061294,1.0370160721442885
0.031750001,0.13809437,51749.273,0.12121213482956611,0.24693537715226088,1.0370595791583166
0.031750001,0.1387125,51751.145,0.12121213482956611,0.2493935416681413,1.0370970941883766
0.031750001,0.13925001,51752.695,0.12121213482956611,0.2515310985072058,1.0371281563126253
0.034290001,0.01275,51767.242,0.1313131457339653,-0.25153109850720584,1.0374196793587174
0.034290001,0.0132875,51765.961,0.1313131457339653,-0.24939358143590085,1.0373940080160322
0.034290001,0.013905625,51764.406,0.1313131457339653,-0.24693543680390018,1.0373628456913828
0.034290001,0.014616469,51762.566,0.1313131457339653,-0.2441085694829054,1.0373259719438876
0.034290001,0.01543394,51760.242,0.1313131457339653,-0.24085767047305104,1.0372793987975952
0.034290001,0.016374029,51757.473,0.1313131457339653,-0.23711914715017476,1.0372239078156311
0.034290001,0.017455135,51753.898,0.1313131457339653,-0.23281983081363486,1.037152264529058
0.034290001,0.018698405,51749.57,0.1313131457339653,-0.22787562458248825,1.0370655310621242
0.034290001,0.020128164,51743.93,0.1313131457339653,-0.22218979338183356,1.0369525050100201
0.034290001,0.021658298,51737.227,0.1313131457339653,-0.21610479329553753,1.0368181763527053
0.034290001,0.023189049,51729.988,0.1313131457339653,-0.21001733953848242,1.0366731062124248
0.034290001,0.024719801,51721.879,0.1313131457339653,-0.2039298818046514,1.0365106012024048
0.034290001,0.026250554,51713.199,0.1313131457339653,-0.19784242009404443,1.0363366533066132
0.034290001,0.027781306,51703.742,0.1313131457339653,-0.19175496236021336,1.036147134268537
0.034290001,0.029312057,51693.723,0.1313131457339653,-0.18566750860315825,1.0359463527054107
0.034290001,0.030842811,51683.043,0.1313131457339653,-0.17958004291577534,1.0357323246492987
0.034290001,0.032373562,51671.859,0.1313131457339653,-0.1734925891587202,1.0355081963927855
0.034290001,0.033904314,51660.148,0.1313131457339653,-0.1674051314248892,1.035273507014028
0.034290001,0.035435066,51648.016,0.1313131457339653,-0.16131767369105812,1.035030380761523
0.034290001,0.036965817,51635.473,0.1313131457339653,-0.15523021993400304,1.034779018036072
0.034290001,0.038496573,51622.602,0.1313131457339653,-0.1491427462930682,1.0345210821643287
0.034290001,0.040027324,51609.426,0.1313131457339653,-0.1430552925360131,1.0342570340681363
0.034290001,0.041558076,51596.008,0.1313131457339653,-0.13696783480218205,1.0339881362725452
0.034290001,0.043088827,51582.395,0.1313131457339653,-0.13088038104512695,1.0337153306613225
0.034290001,0.044619579,51568.652,0.1313131457339653,-0.12479292331129592,1.0334399198396793
0.034290001,0.046150334,51554.832,0.1313131457339653,-0.11870545364713703,1.0331629659318637
0.034290001,0.047681086,51541.023,0.1313131457339653,-0.112617995913306,1.03288623246493
0.034290001,0.049211837,51527.297,0.1313131457339653,-0.1065305421562509,1.0326111623246492
0.034290001,0.050742589,51513.742,0.1313131457339653,-0.10044308442241985,1.0323395190380762
0.034290001,0.052273341,51500.457,0.1313131457339653,-0.0943556266885888,1.0320732865731463
0.034290001,0.053804092,51487.535,0.1313131457339653,-0.08826817293153372,1.0318143286573147
0.034290001,0.055334844,51475.074,0.1313131457339653,-0.08218071519770266,1.031564609218437
0.034290001,0.056865599,51463.16,0.1313131457339653,-0.07609324553354377,1.031325851703407
0.034290001,0.058396351,51451.891,0.1313131457339653,-0.07000578779971274,1.0311000200400802
0.034290001,0.059927102,51441.332,0.1313131457339653,-0.06391833404265762,1.0308884168336674
0.034290001,0.061457854,51431.562,0.1313131457339653,-0.05783087630882659,1.0306926252505009
0.034290001,0.062988609,51422.633,0.1313131457339653,-0.0517434066446677,1.0305136873747496
0.034290001,0.064519361,51414.602,0.1313131457339653,-0.04565594891083667,1.030352745490982
0.034290001,0.066050112,51407.512,0.1313131457339653,-0.03956849515378159,1.0302106613226454
0.034290001,0.067580864,51401.422,0.1313131457339653,-0.033481037419950496,1.030088617234469
0.034290001,0.069111615,51396.312,0.1313131457339653,-0.027393583662895415,1.0299862124248496
0.034290001,0.070642367,51392.199,0.1313131457339653,-0.021306125929064383,1.0299037875751502
0.034290001,0.072173119,51389.129,0.1313131457339653,-0.015218668195233353,1.0298422645290581
0.034290001,0.07370387,51387.078,0.1313131457339653,-0.009131214438178213,1.0298011623246492
0.034290001,0.075234622,51386.051,0.1313131457339653,-0.003043756704347182,1.0297805811623246
0.034290001,0.076765373,51386.051,0.1313131457339653,0.0030436970527079037,1.0297805811623246
0.034290001,0.078296125,51387.082,0.1313131457339653,0.009131154786538934,1.02980124248497
0.034290001,0.079826877,51389.133,0.1313131457339653,0.015218612520370019,1.0298423446893787
0.034290001,0.081357636,51392.203,0.1313131457339653,0.021306098091632662,1.029903867735471
0.034290001,0.082888387,51396.32,0.1313131457339653,0.027393551848687747,1.029986372745491
0.034290001,0.084419131,51401.426,0.1313131457339653,0.03348097776831122,1.0300886973947896
0.034290001,0.08594989,51407.52,0.1313131457339653,0.039568463339573916,1.0302108216432866
0.034290001,0.087480649,51414.605,0.1313131457339653,0.04565594891083656,1.0303528056112226
0.034290001,0.089011393,51422.637,0.1313131457339653,0.051743374830460036,1.0305137675350702
0.034290001,0.090542138,51431.57,0.1313131457339653,0.057830804726859454,1.0306927855711423
0.034290001,0.092072897,51441.336,0.1313131457339653,0.06391829029812215,1.030888496993988
0.034290001,0.093603656,51451.895,0.1313131457339653,0.07000577586938479,1.0311001002004008
0.034290001,0.0951344,51463.164,0.1313131457339653,0.07609320178900826,1.0313259318637273
0.034290001,0.096665144,51475.074,0.1313131457339653,0.08218062770863174,1.031564609218437
0.034290001,0.09819591,51487.535,0.1313131457339653,0.08826814111732605,1.0318143286573147
0.034290001,0.099726662,51500.461,0.1313131457339653,0.09435559885115707,1.032073366733467
0.034290001,0.10125741,51513.742,0.1313131457339653,0.10044304067788438,1.0323395190380762
0.034290001,0.10278817,51527.297,0.1313131457339653,0.10653053022592297,1.0326111623246492
0.034290001,0.10431892,51541.02,0.1313131457339653,0.11261798000620211,1.0328861723446894
0.034290001,0.10584967,51554.832,0.1313131457339653,0.11870542978648131,1.0331629659318637
0.034290001,0.10738042,51568.645,0.1313131457339653,0.12479287956676045,1.0334397795591181
0.034290001,0.10891117,51582.391,0.1313131457339653,0.13088032934703958,1.033715250501002
0.034290001,0.11044192,51596.0,0.1313131457339653,0.13696777912731872,1.0339879759519037
0.034290001,0.11197267,51609.414,0.1313131457339653,0.14305522890759786,1.0342567935871743
0.034290001,0.11350343,51622.586,0.1313131457339653,0.1491427184556365,1.034520761523046
0.034290001,0.11503418,51635.461,0.1313131457339653,0.15523016823591565,1.0347787775551103
0.034290001,0.11656493,51647.996,0.1313131457339653,0.1613176180161948,1.0350299799599199
0.034290001,0.11809569,51660.129,0.1313131457339653,0.16740510756423344,1.035273126252505
0.034290001,0.11962645,51671.84,0.1313131457339653,0.17349259711227202,1.0355078156312625
0.034290001,0.12115719,51683.02,0.1313131457339653,0.17958000712479172,1.0357318637274548
0.034290001,0.12268794,51693.699,0.1313131457339653,0.18566745690507086,1.035945871743487
0.034290001,0.12421869,51703.715,0.1313131457339653,0.19175490668535006,1.0361465931863727
0.034290001,0.12574944,51713.172,0.1313131457339653,0.19784235646562914,1.0363361122244488
0.034290001,0.12728021,51721.852,0.1313131457339653,0.2039298857814273,1.0365100601202404
0.034290001,0.12881094,51729.957,0.1313131457339653,0.21001725602618754,1.03667248496994
0.034290001,0.13034171,51737.195,0.1313131457339653,0.21610478534198557,1.0368175350701403
0.034290001,0.13187183,51743.898,0.1313131457339653,0.22218972975341833,1.0369518637274548
0.034290001,0.13330159,51749.535,0.1313131457339653,0.22787556493084896,1.0370648296593188
0.034290001,0.13454486,51753.863,0.1313131457339653,0.23281977116199554,1.0371515631262525
0.034290001,0.13562597,51757.438,0.1313131457339653,0.23711910340563933,1.0372232064128257
0.034290001,0.13656607,51760.207,0.1313131457339653,0.240857670473051,1.0372786973947896
0.034290001,0.13738354,51762.531,0.1313131457339653,0.2441085655061294,1.0373252705410823
0.034290001,0.13809437,51764.371,0.1313131457339653,0.24693537715226088,1.0373621442885772
0.034290001,0.1387125,51765.93,0.1313131457339653,0.2493935416681413,1.0373933867735472
0.034290001,0.13925001,51767.207,0.1313131457339653,0.2515310985072058,1.0374189779559118
0.036830001,0.01275,51781.527,0.14141415663836446,-0.25153109850720584,1.0377059519038077
0.036830001,0.0132875,51780.457,0.14141415663836446,-0.24939358143590085,1.0376845090180362
0.036830001,0.013905625,51779.129,0.14141415663836446,-0.24693543680390018,1.0376578957915832
0.036830001,0.014616469,51777.531,0.14141415663836446,-0.2441085694829054,1.037625871743487
0.036830001,0.01543394,51775.461,0.14141415663836446,-0.24085767047305104,1.037584388777555
0.036830001,0.016374029,51772.934,0.14141415663836446,-0.23711914715017476,1.03753374749499
0.036830001,0.017455135,51769.566,0.14141415663836446,-0.23281983081363486,1.03746625250501
0.036830001,0.018698405,51765.375,0.14141415663836446,-0.22787562458248825,1.037382264529058
0.036830001,0.020128164,51759.754,0.14141415663836446,-0.22218979338183356,1.037269619238477
0.036830001,0.021658298,51752.898,0.14141415663836446,-0.21610479329553753,1.0371322244488979
0.036830001,0.023189049,51745.32,0.14141415663836446,-0.21001733953848242,1.036980360721443
0.036830001,0.024719801,51736.691,0.14141415663836446,-0.2039298818046514,1.0368074348697394
0.036830001,0.026250554,51727.316,0.14141415663836446,-0.19784242009404443,1.0366195591182366
0.036830001,0.027781306,51716.98,0.14141415663836446,-0.19175496236021336,1.0364124248496995
0.036830001,0.029312057,51705.922,0.14141415663836446,-0.18566750860315825,1.0361908216432865
0.036830001,0.030842811,51694.059,0.14141415663836446,-0.17958004291577534,1.0359530861723447
0.036830001,0.032373562,51681.551,0.14141415663836446,-0.1734925891587202,1.0357024248496993
0.036830001,0.033904314,51668.418,0.14141415663836446,-0.1674051314248892,1.035439238476954
0.036830001,0.035435066,51654.789,0.14141415663836446,-0.16131767369105812,1.0351661122244489
0.036830001,0.036965817,51640.711,0.14141415663836446,-0.15523021993400304,1.034883987975952
0.036830001,0.038496573,51626.293,0.14141415663836446,-0.1491427462930682,1.0345950501002004
0.036830001,0.040027324,51611.605,0.14141415663836446,-0.1430552925360131,1.0343007014028056
0.036830001,0.041558076,51596.734,0.14141415663836446,-0.13696783480218205,1.0340026853707414
0.036830001,0.043088827,51581.758,0.14141415663836446,-0.13088038104512695,1.0337025651302605
0.036830001,0.044619579,51566.766,0.14141415663836446,-0.12479292331129592,1.033402124248497
0.036830001,0.046150334,51551.84,0.14141415663836446,-0.11870545364713703,1.0331030060120239
0.036830001,0.047681086,51537.066,0.14141415663836446,-0.112617995913306,1.0328069338677355
0.036830001,0.049211837,51522.547,0.14141415663836446,-0.1065305421562509,1.0325159719438877
0.036830001,0.050742589,51508.367,0.14141415663836446,-0.10044308442241985,1.0322318036072144
0.036830001,0.052273341,51494.617,0.14141415663836446,-0.0943556266885888,1.0319562525050099
0.036830001,0.053804092,51481.395,0.14141415663836446,-0.08826817293153372,1.03169128256513
0.036830001,0.055334844,51468.777,0.14141415663836446,-0.08218071519770266,1.0314384168336674
0.036830001,0.056865599,51456.844,0.14141415663836446,-0.07609324553354377,1.0311992785571142
0.036830001,0.058396351,51445.664,0.14141415663836446,-0.07000578779971274,1.0309752304609219
0.036830001,0.059927102,51435.289,0.14141415663836446,-0.06391833404265762,1.0307673146292584
0.036830001,0.061457854,51425.777,0.14141415663836446,-0.05783087630882659,1.0305766933867735
0.036830001,0.062988609,51417.16,0.14141415663836446,-0.0517434066446677,1.0304040080160322
0.036830001,0.064519361,51409.477,0.14141415663836446,-0.04565594891083667,1.0302500400801602
0.036830001,0.066050112,51402.738,0.14141415663836446,-0.03956849515378159,1.0301149899799598
0.036830001,0.067580864,51396.965,0.14141415663836446,-0.033481037419950496,1.0299992985971944
0.036830001,0.069111615,51392.156,0.14141415663836446,-0.027393583662895415,1.0299029258517034
0.036830001,0.070642367,51388.297,0.14141415663836446,-0.021306125929064383,1.0298255911823646
0.036830001,0.072173119,51385.484,0.14141415663836446,-0.015218668195233353,1.0297692184368736
0.036830001,0.07370387,51383.598,0.14141415663836446,-0.009131214438178213,1.0297314228456913
0.036830001,0.075234622,51382.605,0.14141415663836446,-0.003043756704347182,1.0297115230460923
0.036830001,0.076765373,51382.605,0.14141415663836446,0.0030436970527079037,1.0297115230460923
0.036830001,0.078296125,51383.598,0.14141415663836446,0.009131154786538934,1.0297314228456913
0.036830001,0.079826877,51385.492,0.14141415663836446,0.015218612520370019,1.029769378757515
0.036830001,0.081357636,51388.305,0.14141415663836446,0.021306098091632662,1.029825751503006
0.036830001,0.082888387,51392.168,0.14141415663836446,0.027393551848687747,1.0299031663326652
0.036830001,0.084419131,51396.977,0.14141415663836446,0.03348097776831122,1.0299995390781562
0.036830001,0.08594989,51402.75,0.14141415663836446,0.039568463339573916,1.0301152304609218
0.036830001,0.087480649,51409.488,0.14141415663836446,0.04565594891083656,1.030250260521042
0.036830001,0.089011393,51417.172,0.14141415663836446,0.051743374830460036,1.030404248496994
0.036830001,0.090542138,51425.789,0.14141415663836446,0.057830804726859454,1.0305769338677353
0.036830001,0.092072897,51435.301,0.14141415663836446,0.06391829029812215,1.0307675551102204
0.036830001,0.093603656,51445.676,0.14141415663836446,0.07000577586938479,1.0309754709418837
0.036830001,0.0951344,51456.852,0.14141415663836446,0.07609320178900826,1.0311994388777554
0.036830001,0.096665144,51468.785,0.14141415663836446,0.08218062770863174,1.0314385771543086
0.036830001,0.09819591,51481.398,0.14141415663836446,0.08826814111732605,1.0316913426853707
0.036830001,0.099726662,51494.621,0.14141415663836446,0.09435559885115707,1.0319563326653307
0.036830001,0.10125741,51508.367,0.14141415663836446,0.10044304067788438,1.0322318036072144
0.036830001,0.10278817,51522.547,0.14141415663836446,0.10653053022592297,1.0325159719438877
0.036830001,0.10431892,51537.066,0.14141415663836446,0.11261798000620211,1.0328069338677355
0.036830001,0.10584967,51551.836,0.14141415663836446,0.11870542978648131,1.0331029258517035
0.036830001,0.10738042,51566.762,0.14141415663836446,0.12479287956676045,1.0334020440881764
0.036830001,0.10891117,51581.754,0.14141415663836446,0.13088032934703958,1.0337024849699399
0.036830001,0.11044192,51596.727,0.14141415663836446,0.13696777912731872,1.0340025450901804
0.036830001,0.11197267,51611.598,0.14141415663836446,0.14305522890759786,1.0343005611222444
0.036830001,0.11350343,51626.285,0.14141415663836446,0.1491427184556365,1.0345948897795592
0.036830001,0.11503418,51640.699,0.14141415663836446,0.15523016823591565,1.03488374749499
0.036830001,0.11656493,51654.773,0.14141415663836446,0.1613176180161948,1.0351657915831665
0.036830001,0.11809569,51668.402,0.14141415663836446,0.16740510756423344,1.0354389178356713
0.036830001,0.11962645,51681.535,0.14141415663836446,0.17349259711227202,1.035702104208417
0.036830001,0.12115719,51694.039,0.14141415663836446,0.17958000712479172,1.0359526853707415
0.036830001,0.12268794,51705.902,0.14141415663836446,0.18566745690507086,1.0361904208416834
0.036830001,0.12421869,51716.957,0.14141415663836446,0.19175490668535006,1.0364119639278557
0.036830001,0.12574944,51727.293,0.14141415663836446,0.19784235646562914,1.0366190981963928
0.036830001,0.12728021,51736.664,0.14141415663836446,0.2039298857814273,1.0368068937875752
0.036830001,0.12881094,51745.293,0.14141415663836446,0.21001725602618754,1.0369798196392785
0.036830001,0.13034171,51752.871,0.14141415663836446,0.21610478534198557,1.0371316833667334
0.036830001,0.13187183,51759.727,0.14141415663836446,0.22218972975341833,1.0372690781563125
0.036830001,0.13330159,51765.348,0.14141415663836446,0.22787556493084896,1.0373817234468938
0.036830001,0.13454486,51769.535,0.14141415663836446,0.23281977116199554,1.0374656312625252
0.036830001,0.13562597,51772.902,0.14141415663836446,0.23711910340563933,1.037533106212425
0.036830001,0.13656607,51775.43,0.14141415663836446,0.240857670473051,1.03758376753507
0.036830001,0.13738354,51777.504,0.14141415663836446,0.2441085655061294,1.0376253306613226
0.036830001,0.13809437,51779.102,0.14141415663836446,0.24693537715226088,1.0376573547094188
0.036830001,0.1387125,51780.43,0.14141415663836446,0.2493935416681413,1.0376839679358718
0.036830001,0.13925001,51781.5,0.14141415663836446,0.2515310985072058,1.0377054108216432
0.03937,0.01275,51795.363,0.1515151635659877,-0.25153109850720584,1.0379832264529059
0.03937,0.0132875,51794.387,0.1515151635659877,-0.24939358143590085,1.0379636673346695
0.03937,0.013905625,51793.148,0.1515151635659877,-0.24693543680390018,1.0379388376753507
0.03937,0.014616469,51791.645,0.1515151635659877,-0.2441085694829054,1.0379087174348696
0.03937,0.01543394,51789.652,0.1515151635659877,-0.24085767047305104,1.0378687775551103
0.03937,0.016374029,51787.188,0.1515151635659877,-0.23711914715017476,1.0378193987975952
0.03937,0.017455135,51783.84,0.1515151635659877,-0.23281983081363486,1.0377523046092183
0.03937,0.018698405,51779.594,0.1515151635659877,-0.22787562458248825,1.0376672144288577
0.03937,0.020128164,51773.797,0.1515151635659877,-0.22218979338183356,1.0375510420841683
0.03937,0.021658298,51766.602,0.1515151635659877,-0.21610479329553753,1.0374068537074148
0.03937,0.023189049,51758.543,0.1515151635659877,-0.21001733953848242,1.0372453507014028
0.03937,0.024719801,51749.27,0.1515151635659877,-0.2039298818046514,1.037059519038076
0.03937,0.026250554,51739.105,0.1515151635659877,-0.19784242009404443,1.0368558116232465
0.03937,0.027781306,51727.848,0.1515151635659877,-0.19175496236021336,1.0366302204408817
0.03937,0.029312057,51715.723,0.1515151635659877,-0.18566750860315825,1.0363872344689378
0.03937,0.030842811,51702.684,0.1515151635659877,-0.17958004291577534,1.0361259318637275
0.03937,0.032373562,51688.906,0.1515151635659877,-0.1734925891587202,1.0358498196392787
0.03937,0.033904314,51674.426,0.1515151635659877,-0.1674051314248892,1.035559639278557
0.03937,0.035435066,51659.402,0.1515151635659877,-0.16131767369105812,1.0352585571142285
0.03937,0.036965817,51643.914,0.1515151635659877,-0.15523021993400304,1.0349481763527053
0.03937,0.038496573,51628.109,0.1515151635659877,-0.1491427462930682,1.0346314428857715
0.03937,0.040027324,51612.078,0.1515151635659877,-0.1430552925360131,1.0343101803607215
0.03937,0.041558076,51595.953,0.1515151635659877,-0.13696783480218205,1.0339870340681363
0.03937,0.043088827,51579.836,0.1515151635659877,-0.13088038104512695,1.0336640480961925
0.03937,0.044619579,51563.844,0.1515151635659877,-0.12479292331129592,1.0333435671342686
0.03937,0.046150334,51548.074,0.1515151635659877,-0.11870545364713703,1.0330275350701403
0.03937,0.047681086,51532.633,0.1515151635659877,-0.112617995913306,1.0327180961923847
0.03937,0.049211837,51517.613,0.1515151635659877,-0.1065305421562509,1.0324170941883768
0.03937,0.050742589,51503.109,0.1515151635659877,-0.10044308442241985,1.0321264328657314
0.03937,0.052273341,51489.203,0.1515151635659877,-0.0943556266885888,1.0318477555110221
0.03937,0.053804092,51475.969,0.1515151635659877,-0.08826817293153372,1.0315825450901803
0.03937,0.055334844,51463.473,0.1515151635659877,-0.08218071519770266,1.031332124248497
0.03937,0.056865599,51451.777,0.1515151635659877,-0.07609324553354377,1.0310977354709419
0.03937,0.058396351,51440.926,0.1515151635659877,-0.07000578779971274,1.0308802805611221
0.03937,0.059927102,51430.953,0.1515151635659877,-0.06391833404265762,1.0306804208416833
0.03937,0.061457854,51421.891,0.1515151635659877,-0.05783087630882659,1.0304988176352705
0.03937,0.062988609,51413.758,0.1515151635659877,-0.0517434066446677,1.0303358316633267
0.03937,0.064519361,51406.562,0.1515151635659877,-0.04565594891083667,1.030191623246493
0.03937,0.066050112,51400.293,0.1515151635659877,-0.03956849515378159,1.0300659919839679
0.03937,0.067580864,51394.957,0.1515151635659877,-0.033481037419950496,1.0299590581162326
0.03937,0.069111615,51390.531,0.1515151635659877,-0.027393583662895415,1.029870360721443
0.03937,0.070642367,51387.035,0.1515151635659877,-0.021306125929064383,1.0298003006012024
0.03937,0.072173119,51384.367,0.1515151635659877,-0.015218668195233353,1.0297468336673345
0.03937,0.07370387,51382.684,0.1515151635659877,-0.009131214438178213,1.029713106212425
0.03937,0.075234622,51381.641,0.1515151635659877,-0.003043756704347182,1.0296922044088177
0.03937,0.076765373,51381.645,0.1515151635659877,0.0030436970527079037,1.0296922845691383
0.03937,0.078296125,51382.688,0.1515151635659877,0.009131154786538934,1.0297131863727456
0.03937,0.079826877,51384.375,0.1515151635659877,0.015218612520370019,1.029746993987976
0.03937,0.081357636,51387.047,0.1515151635659877,0.021306098091632662,1.0298005410821642
0.03937,0.082888387,51390.547,0.1515151635659877,0.027393551848687747,1.0298706813627254
0.03937,0.084419131,51394.973,0.1515151635659877,0.03348097776831122,1.029959378757515
0.03937,0.08594989,51400.309,0.1515151635659877,0.039568463339573916,1.0300663126252505
0.03937,0.087480649,51406.578,0.1515151635659877,0.04565594891083656,1.0301919438877756
0.03937,0.089011393,51413.777,0.1515151635659877,0.051743374830460036,1.0303362124248496
0.03937,0.090542138,51421.91,0.1515151635659877,0.057830804726859454,1.0304991983967937
0.03937,0.092072897,51430.969,0.1515151635659877,0.06391829029812215,1.030680741482966
0.03937,0.093603656,51440.938,0.1515151635659877,0.07000577586938479,1.0308805210420842
0.03937,0.0951344,51451.789,0.1515151635659877,0.07609320178900826,1.0310979759519037
0.03937,0.096665144,51463.484,0.1515151635659877,0.08218062770863174,1.0313323446893787
0.03937,0.09819591,51475.977,0.1515151635659877,0.08826814111732605,1.0315827054108215
0.03937,0.099726662,51489.211,0.1515151635659877,0.09435559885115707,1.0318479158316634
0.03937,0.10125741,51503.113,0.1515151635659877,0.10044304067788438,1.032126513026052
0.03937,0.10278817,51517.617,0.1515151635659877,0.10653053022592297,1.0324171743486974
0.03937,0.10431892,51532.633,0.1515151635659877,0.11261798000620211,1.0327180961923847
0.03937,0.10584967,51548.074,0.1515151635659877,0.11870542978648131,1.0330275350701403
0.03937,0.10738042,51563.844,0.1515151635659877,0.12479287956676045,1.0333435671342686
0.03937,0.10891117,51579.836,0.1515151635659877,0.13088032934703958,1.0336640480961925
0.03937,0.11044192,51595.949,0.1515151635659877,0.13696777912731872,1.0339869539078157
0.03937,0.11197267,51612.074,0.1515151635659877,0.14305522890759786,1.0343101002004007
0.03937,0.11350343,51628.102,0.1515151635659877,0.1491427184556365,1.0346313026052103
0.03937,0.11503418,51643.906,0.1515151635659877,0.15523016823591565,1.034948016032064
0.03937,0.11656493,51659.391,0.1515151635659877,0.1613176180161948,1.0352583366733468
0.03937,0.11809569,51674.414,0.1515151635659877,0.16740510756423344,1.035559398797595
0.03937,0.11962645,51688.895,0.1515151635659877,0.17349259711227202,1.0358495991983967
0.03937,0.12115719,51702.668,0.1515151635659877,0.17958000712479172,1.0361256112224448
0.03937,0.12268794,51715.707,0.1515151635659877,0.18566745690507086,1.0363869138276554
0.03937,0.12421869,51727.828,0.1515151635659877,0.19175490668535006,1.0366298196392787
0.03937,0.12574944,51739.086,0.1515151635659877,0.19784235646562914,1.0368554308617235
0.03937,0.12728021,51749.25,0.1515151635659877,0.2039298857814273,1.037059118236473
0.03937,0.12881094,51758.52,0.1515151635659877,0.21001725602618754,1.037244889779559
0.03937,0.13034171,51766.582,0.1515151635659877,0.21610478534198557,1.0374064529058116
0.03937,0.13187183,51773.773,0.1515151635659877,0.22218972975341833,1.0375505611222444
0.03937,0.13330159,51779.574,0.1515151635659877,0.22787556493084896,1.0376668136272544
0.03937,0.13454486,51783.816,0.1515151635659877,0.23281977116199554,1.0377518236472945
0.03937,0.13562597,51787.164,0.1515151635659877,0.23711910340563933,1.0378189178356714
0.03937,0.13656607,51789.629,0.1515151635659877,0.240857670473051,1.0378683166332665
0.03937,0.13738354,51791.621,0.1515151635659877,0.2441085655061294,1.037908236472946
0.03937,0.13809437,51793.125,0.1515151635659877,0.24693537715226088,1.037938376753507
0.03937,0.1387125,51794.367,0.1515151635659877,0.2493935416681413,1.037963266533066
0.03937,0.13925001,51795.344,0.1515151635659877,0.2515310985072058,1.0379828456913827
0.04191,0.01275,51808.453,0.1616161744703869,-0.25153109850720584,1.0382455511022044
0.04191,0.0132875,51807.449,0.1616161744703869,-0.24939358143590085,1.0382254308617234
0.04191,0.013905625,51806.164,0.1616161744703869,-0.24693543680390018,1.0381996793587174
0.04191,0.014616469,51804.602,0.1616161744703869,-0.2441085694829054,1.038168376753507
0.04191,0.01543394,51802.516,0.1616161744703869,-0.24085767047305104,1.0381265731462928
0.04191,0.016374029,51799.926,0.1616161744703869,-0.23711914715017476,1.0380746693386773
0.04191,0.017455135,51796.395,0.1616161744703869,-0.23281983081363486,1.0380039078156311
0.04191,0.018698405,51791.898,0.1616161744703869,-0.22787562458248825,1.0379137875751503
0.04191,0.020128164,51785.723,0.1616161744703869,-0.22218979338183356,1.0377900400801603
0.04191,0.021658298,51778.027,0.1616161744703869,-0.21610479329553753,1.0376358116232465
0.04191,0.023189049,51769.352,0.1616161744703869,-0.21001733953848242,1.0374619639278557
0.04191,0.024719801,51759.355,0.1616161744703869,-0.2039298818046514,1.037261623246493
0.04191,0.026250554,51748.344,0.1616161744703869,-0.19784242009404443,1.0370409619238476
0.04191,0.027781306,51736.141,0.1616161744703869,-0.19175496236021336,1.0367964128256513
0.04191,0.029312057,51722.984,0.1616161744703869,-0.18566750860315825,1.0365327454909818
0.04191,0.030842811,51708.824,0.1616161744703869,-0.17958004291577534,1.0362489779559119
0.04191,0.032373562,51693.879,0.1616161744703869,-0.1734925891587202,1.0359494789579158
0.04191,0.033904314,51678.18,0.1616161744703869,-0.1674051314248892,1.035634869739479
0.04191,0.035435066,51661.926,0.1616161744703869,-0.16131767369105812,1.0353091382765531
0.04191,0.036965817,51645.223,0.1616161744703869,-0.15523021993400304,1.0349744088176351
0.04191,0.038496573,51628.242,0.1616161744703869,-0.1491427462930682,1.0346341082164328
0.04191,0.040027324,51611.109,0.1616161744703869,-0.1430552925360131,1.034290761523046
0.04191,0.041558076,51593.984,0.1616161744703869,-0.13696783480218205,1.0339475751503004
0.04191,0.043088827,51577.0,0.1616161744703869,-0.13088038104512695,1.0336072144288577
0.04191,0.044619579,51560.285,0.1616161744703869,-0.12479292331129592,1.033272244488978
0.04191,0.046150334,51543.957,0.1616161744703869,-0.11870545364713703,1.0329450300601202
0.04191,0.047681086,51528.133,0.1616161744703869,-0.112617995913306,1.0326279158316634
0.04191,0.049211837,51512.895,0.1616161744703869,-0.1065305421562509,1.0323225450901803
0.04191,0.050742589,51498.328,0.1616161744703869,-0.10044308442241985,1.032030621242485
0.04191,0.052273341,51484.508,0.1616161744703869,-0.0943556266885888,1.0317536673346694
0.04191,0.053804092,51471.488,0.1616161744703869,-0.08826817293153372,1.031492745490982
0.04191,0.055334844,51459.32,0.1616161744703869,-0.08218071519770266,1.0312488977955911
0.04191,0.056865599,51448.039,0.1616161744703869,-0.07609324553354377,1.0310228256513025
0.04191,0.058396351,51437.672,0.1616161744703869,-0.07000578779971274,1.0308150701402805
0.04191,0.059927102,51428.238,0.1616161744703869,-0.06391833404265762,1.030626012024048
0.04191,0.061457854,51419.738,0.1616161744703869,-0.05783087630882659,1.0304556713426853
0.04191,0.062988609,51412.168,0.1616161744703869,-0.0517434066446677,1.0303039679358716
0.04191,0.064519361,51405.516,0.1616161744703869,-0.04565594891083667,1.0301706613226453
0.04191,0.066050112,51399.762,0.1616161744703869,-0.03956849515378159,1.0300553507014027
0.04191,0.067580864,51394.898,0.1616161744703869,-0.033481037419950496,1.029957875751503
0.04191,0.069111615,51390.875,0.1616161744703869,-0.027393583662895415,1.029877254509018
0.04191,0.070642367,51387.699,0.1616161744703869,-0.021306125929064383,1.0298136072144288
0.04191,0.072173119,51385.305,0.1616161744703869,-0.015218668195233353,1.029765631262525
0.04191,0.07370387,51383.746,0.1616161744703869,-0.009131214438178213,1.0297343887775552
0.04191,0.075234622,51382.891,0.1616161744703869,-0.003043756704347182,1.029717254509018
0.04191,0.076765373,51382.891,0.1616161744703869,0.0030436970527079037,1.029717254509018
0.04191,0.078296125,51383.75,0.1616161744703869,0.009131154786538934,1.0297344689378758
0.04191,0.079826877,51385.312,0.1616161744703869,0.015218612520370019,1.0297657715430861
0.04191,0.081357636,51387.707,0.1616161744703869,0.021306098091632662,1.0298137675350703
0.04191,0.082888387,51390.887,0.1616161744703869,0.027393551848687747,1.02987749498998
0.04191,0.084419131,51394.914,0.1616161744703869,0.03348097776831122,1.0299581963927855
0.04191,0.08594989,51399.781,0.1616161744703869,0.039568463339573916,1.030055731462926
0.04191,0.087480649,51405.535,0.1616161744703869,0.04565594891083656,1.0301710420841683
0.04191,0.089011393,51412.184,0.1616161744703869,0.051743374830460036,1.0303042885771543
0.04191,0.090542138,51419.754,0.1616161744703869,0.057830804726859454,1.030455991983968
0.04191,0.092072897,51428.254,0.1616161744703869,0.06391829029812215,1.0306263326653307
0.04191,0.093603656,51437.691,0.1616161744703869,0.07000577586938479,1.0308154509018035
0.04191,0.0951344,51448.055,0.1616161744703869,0.07609320178900826,1.0310231462925852
0.04191,0.096665144,51459.332,0.1616161744703869,0.08218062770863174,1.0312491382765532
0.04191,0.09819591,51471.5,0.1616161744703869,0.08826814111732605,1.031492985971944
0.04191,0.099726662,51484.516,0.1616161744703869,0.09435559885115707,1.0317538276553107
0.04191,0.10125741,51498.336,0.1616161744703869,0.10044304067788438,1.0320307815631262
0.04191,0.10278817,51512.898,0.1616161744703869,0.10653053022592297,1.0323226052104209
0.04191,0.10431892,51528.133,0.1616161744703869,0.11261798000620211,1.0326279158316634
0.04191,0.10584967,51543.961,0.1616161744703869,0.11870542978648131,1.032945110220441
0.04191,0.10738042,51560.285,0.1616161744703869,0.12479287956676045,1.033272244488978
0.04191,0.10891117,51577.0,0.1616161744703869,0.13088032934703958,1.0336072144288577
0.04191,0.11044192,51593.984,0.1616161744703869,0.13696777912731872,1.0339475751503004
0.04191,0.11197267,51611.109,0.1616161744703869,0.14305522890759786,1.034290761523046
0.04191,0.11350343,51628.238,0.1616161744703869,0.1491427184556365,1.0346340280561122
0.04191,0.11503418,51645.219,0.1616161744703869,0.15523016823591565,1.0349743286573145
0.04191,0.11656493,51661.922,0.1616161744703869,0.1613176180161948,1.0353090581162325
0.04191,0.11809569,51678.172,0.1616161744703869,0.16740510756423344,1.0356347094188376
0.04191,0.11962645,51693.871,0.1616161744703869,0.17349259711227202,1.0359493186372746
0.04191,0.12115719,51708.816,0.1616161744703869,0.17958000712479172,1.0362488176352704
0.04191,0.12268794,51722.973,0.1616161744703869,0.18566745690507086,1.0365325250501
0.04191,0.12421869,51736.129,0.1616161744703869,0.19175490668535006,1.0367961723446895
0.04191,0.12574944,51748.332,0.1616161744703869,0.19784235646562914,1.0370407214428858
0.04191,0.12728021,51759.34,0.1616161744703869,0.2039298857814273,1.0372613226452905
0.04191,0.12881094,51769.336,0.1616161744703869,0.21001725602618754,1.0374616432865733
0.04191,0.13034171,51778.012,0.1616161744703869,0.21610478534198557,1.037635511022044
0.04191,0.13187183,51785.707,0.1616161744703869,0.22218972975341833,1.0377897194388779
0.04191,0.13330159,51791.883,0.1616161744703869,0.22787556493084896,1.037913486973948
0.04191,0.13454486,51796.379,0.1616161744703869,0.23281977116199554,1.0380035871743487
0.04191,0.13562597,51799.914,0.1616161744703869,0.23711910340563933,1.0380744288577153
0.04191,0.13656607,51802.504,0.1616161744703869,0.240857670473051,1.0381263326653307
0.04191,0.13738354,51804.586,0.1616161744703869,0.2441085655061294,1.0381680561122244
0.04191,0.13809437,51806.152,0.1616161744703869,0.24693537715226088,1.0381994388777556
0.04191,0.1387125,51807.438,0.1616161744703869,0.2493935416681413,1.0382252104208418
0.04191,0.13925001,51808.441,0.1616161744703869,0.2515310985072058,1.0382453106212424
0.04445,0.01275,51820.605,0.17171718537478609,-0.25153109850720584,1.0384890781563128
0.04445,0.0132875,51819.5,0.17171718537478609,-0.24939358143590085,1.0384669338677355
0.04445,0.013905625,51818.078,0.17171718537478609,-0.24693543680390018,1.0384384368737476
0.04445,0.014616469,51816.344,0.17171718537478609,-0.2441085694829054,1.0384036873747495
0.04445,0.01543394,51814.035,0.17171718537478609,-0.24085767047305104,1.0383574148296595
0.04445,0.016374029,51811.176,0.17171718537478609,-0.23711914715017476,1.038300120240481
0.04445,0.017455135,51807.285,0.17171718537478609,-0.23281983081363486,1.0382221442885773
0.04445,0.018698405,51802.363,0.17171718537478609,-0.22787562458248825,1.038123507014028
0.04445,0.020128164,51795.617,0.17171718537478609,-0.22218979338183356,1.0379883166332664
0.04445,0.021658298,51787.266,0.17171718537478609,-0.21610479329553753,1.0378209619238477
0.04445,0.023189049,51777.871,0.17171718537478609,-0.21001733953848242,1.0376326853707414
0.04445,0.024719801,51767.078,0.17171718537478609,-0.2039298818046514,1.037416392785571
0.04445,0.026250554,51755.219,0.17171718537478609,-0.19784242009404443,1.03717873747495
0.04445,0.027781306,51742.098,0.17171718537478609,-0.19175496236021336,1.0369157915831664
0.04445,0.029312057,51727.98,0.17171718537478609,-0.18566750860315825,1.036632865731463
0.04445,0.030842811,51712.82,0.17171718537478609,-0.17958004291577534,1.0363290581162325
0.04445,0.032373562,51696.852,0.17171718537478609,-0.1734925891587202,1.0360090581162325
0.04445,0.033904314,51680.129,0.17171718537478609,-0.1674051314248892,1.0356739278557114
0.04445,0.035435066,51662.871,0.17171718537478609,-0.16131767369105812,1.0353280761523045
0.04445,0.036965817,51645.199,0.17171718537478609,-0.15523021993400304,1.0349739278557115
0.04445,0.038496573,51627.316,0.17171718537478609,-0.1491427462930682,1.0346155511022044
0.04445,0.040027324,51609.367,0.17171718537478609,-0.1430552925360131,1.0342558517034068
0.04445,0.041558076,51591.539,0.17171718537478609,-0.13696783480218205,1.0338985771543086
0.04445,0.043088827,51573.98,0.17171718537478609,-0.13088038104512695,1.0335466933867736
0.04445,0.044619579,51556.836,0.17171718537478609,-0.12479292331129592,1.033203126252505
0.04445,0.046150334,51540.234,0.17171718537478609,-0.11870545364713703,1.0328704208416832
0.04445,0.047681086,51524.277,0.17171718537478609,-0.112617995913306,1.0325506412825651
0.04445,0.049211837,51509.059,0.17171718537478609,-0.1065305421562509,1.0322456713426853
0.04445,0.050742589,51494.648,0.17171718537478609,-0.10044308442241985,1.0319568737474951
0.04445,0.052273341,51481.102,0.17171718537478609,-0.0943556266885888,1.0316854108216433
0.04445,0.053804092,51468.461,0.17171718537478609,-0.08826817293153372,1.0314320841683366
0.04445,0.055334844,51456.754,0.17171718537478609,-0.08218071519770266,1.0311974749498998
0.04445,0.056865599,51446.0,0.17171718537478609,-0.07609324553354377,1.0309819639278557
0.04445,0.058396351,51436.203,0.17171718537478609,-0.07000578779971274,1.030785631262525
0.04445,0.059927102,51427.352,0.17171718537478609,-0.06391833404265762,1.0306082565130261
0.04445,0.061457854,51419.434,0.17171718537478609,-0.05783087630882659,1.0304495791583166
0.04445,0.062988609,51412.43,0.17171718537478609,-0.0517434066446677,1.0303092184368738
0.04445,0.064519361,51406.312,0.17171718537478609,-0.04565594891083667,1.0301866132264528
0.04445,0.066050112,51401.051,0.17171718537478609,-0.03956849515378159,1.0300811823647293
0.04445,0.067580864,51396.613,0.17171718537478609,-0.033481037419950496,1.029992244488978
0.04445,0.069111615,51392.973,0.17171718537478609,-0.027393583662895415,1.0299192985971943
0.04445,0.070642367,51390.094,0.17171718537478609,-0.021306125929064383,1.0298616032064127
0.04445,0.072173119,51387.957,0.17171718537478609,-0.015218668195233353,1.0298187775551102
0.04445,0.07370387,51386.562,0.17171718537478609,-0.009131214438178213,1.0297908216432865
0.04445,0.075234622,51385.855,0.17171718537478609,-0.003043756704347182,1.0297766533066133
0.04445,0.076765373,51385.859,0.17171718537478609,0.0030436970527079037,1.0297767334669339
0.04445,0.078296125,51386.566,0.17171718537478609,0.009131154786538934,1.029790901803607
0.04445,0.079826877,51387.961,0.17171718537478609,0.015218612520370019,1.029818857715431
0.04445,0.081357636,51390.102,0.17171718537478609,0.021306098091632662,1.0298617635270542
0.04445,0.082888387,51392.984,0.17171718537478609,0.027393551848687747,1.029919519038076
0.04445,0.084419131,51396.625,0.17171718537478609,0.03348097776831122,1.0299924849699398
0.04445,0.08594989,51401.066,0.17171718537478609,0.039568463339573916,1.030081482965932
0.04445,0.087480649,51406.328,0.17171718537478609,0.04565594891083656,1.0301869338677354
0.04445,0.089011393,51412.445,0.17171718537478609,0.051743374830460036,1.0303095190380762
0.04445,0.090542138,51419.449,0.17171718537478609,0.057830804726859454,1.030449879759519
0.04445,0.092072897,51427.367,0.17171718537478609,0.06391829029812215,1.0306085571142285
0.04445,0.093603656,51436.215,0.17171718537478609,0.07000577586938479,1.030785871743487
0.04445,0.0951344,51446.016,0.17171718537478609,0.07609320178900826,1.0309822845691383
0.04445,0.096665144,51456.77,0.17171718537478609,0.08218062770863174,1.0311977955911824
0.04445,0.09819591,51468.473,0.17171718537478609,0.08826814111732605,1.0314323246492985
0.04445,0.099726662,51481.113,0.17171718537478609,0.09435559885115707,1.031685631262525
0.04445,0.10125741,51494.656,0.17171718537478609,0.10044304067788438,1.0319570340681363
0.04445,0.10278817,51509.066,0.17171718537478609,0.10653053022592297,1.0322458116232465
0.04445,0.10431892,51524.285,0.17171718537478609,0.11261798000620211,1.0325508016032066
0.04445,0.10584967,51540.238,0.17171718537478609,0.11870542978648131,1.032870501002004
0.04445,0.10738042,51556.844,0.17171718537478609,0.12479287956676045,1.0332032865731462
0.04445,0.10891117,51573.984,0.17171718537478609,0.13088032934703958,1.0335467735470942
0.04445,0.11044192,51591.543,0.17171718537478609,0.13696777912731872,1.0338986573146292
0.04445,0.11197267,51609.371,0.17171718537478609,0.14305522890759786,1.0342559318637274
0.04445,0.11350343,51627.316,0.17171718537478609,0.1491427184556365,1.0346155511022044
0.04445,0.11503418,51645.199,0.17171718537478609,0.15523016823591565,1.0349739278557115
0.04445,0.11656493,51662.875,0.17171718537478609,0.1613176180161948,1.0353281563126253
0.04445,0.11809569,51680.129,0.17171718537478609,0.16740510756423344,1.0356739278557114
0.04445,0.11962645,51696.852,0.17171718537478609,0.17349259711227202,1.0360090581162325
0.04445,0.12115719,51712.816,0.17171718537478609,0.17958000712479172,1.0363289779559117
0.04445,0.12268794,51727.977,0.17171718537478609,0.18566745690507086,1.0366328056112224
0.04445,0.12421869,51742.09,0.17171718537478609,0.19175490668535006,1.036915631262525
0.04445,0.12574944,51755.215,0.17171718537478609,0.19784235646562914,1.037178657314629
0.04445,0.12728021,51767.07,0.17171718537478609,0.2039298857814273,1.0374162324649299
0.04445,0.12881094,51777.867,0.17171718537478609,0.21001725602618754,1.0376326052104208
0.04445,0.13034171,51787.258,0.17171718537478609,0.21610478534198557,1.0378208016032064
0.04445,0.13187183,51795.613,0.17171718537478609,0.22218972975341833,1.0379882364729458
0.04445,0.13330159,51802.355,0.17171718537478609,0.22787556493084896,1.0381233466933868
0.04445,0.13454486,51807.281,0.17171718537478609,0.23281977116199554,1.0382220641282565
0.04445,0.13562597,51811.172,0.17171718537478609,0.23711910340563933,1.0383000400801603
0.04445,0.13656607,51814.031,0.17171718537478609,0.240857670473051,1.0383573346693387
0.04445,0.13738354,51816.34,0.17171718537478609,0.2441085655061294,1.0384036072144287
0.04445,0.13809437,51818.074,0.17171718537478609,0.24693537715226088,1.0384383567134268
0.04445,0.1387125,51819.492,0.17171718537478609,0.2493935416681413,1.038466773547094
0.04445,0.13925001,51820.602,0.17171718537478609,0.2515310985072058,1.0384890180360722
0.04699,0.01275,51831.648,0.18181819627918522,-0.25153109850720584,1.038710380761523
0.04699,0.0132875,51830.387,0.18181819627918522,-0.24939358143590085,1.0386851102204409
0.04699,0.013905625,51828.762,0.18181819627918522,-0.24693543680390018,1.0386525450901805
0.04699,0.014616469,51826.777,0.18181819627918522,-0.2441085694829054,1.0386127655310622
0.04699,0.01543394,51824.148,0.18181819627918522,-0.24085767047305104,1.0385600801603208
0.04699,0.016374029,51820.898,0.18181819627918522,-0.23711914715017476,1.0384949498997995
0.04699,0.017455135,51816.52,0.18181819627918522,-0.23281983081363486,1.0384072144288576
0.04699,0.018698405,51811.016,0.18181819627918522,-0.22787562458248825,1.0382969138276554
0.04699,0.020128164,51803.555,0.18181819627918522,-0.22218979338183356,1.0381473947895792
0.04699,0.021658298,51794.41,0.18181819627918522,-0.21610479329553753,1.037964128256513
0.04699,0.023189049,51784.219,0.18181819627918522,-0.21001733953848242,1.0377598997995992
0.04699,0.024719801,51772.594,0.18181819627918522,-0.2039298818046514,1.0375269338677353
0.04699,0.026250554,51759.902,0.18181819627918522,-0.19784242009404443,1.0372725851703408
0.04699,0.027781306,51745.926,0.18181819627918522,-0.19175496236021336,1.03699250501002
0.04699,0.029312057,51730.965,0.18181819627918522,-0.18566750860315825,1.0366926853707414
0.04699,0.030842811,51714.961,0.18181819627918522,-0.17958004291577534,1.0363719639278557
0.04699,0.032373562,51698.176,0.18181819627918522,-0.1734925891587202,1.0360355911823647
0.04699,0.033904314,51680.664,0.18181819627918522,-0.1674051314248892,1.0356846492985972
0.04699,0.035435066,51662.676,0.18181819627918522,-0.16131767369105812,1.0353241683366734
0.04699,0.036965817,51644.328,0.18181819627918522,-0.15523021993400304,1.0349564729458918
0.04699,0.038496573,51625.855,0.18181819627918522,-0.1491427462930682,1.0345862725450903
0.04699,0.040027324,51607.41,0.18181819627918522,-0.1430552925360131,1.0342166332665332
0.04699,0.041558076,51589.199,0.18181819627918522,-0.13696783480218205,1.0338516833667335
0.04699,0.043088827,51571.375,0.18181819627918522,-0.13088038104512695,1.0334944889779558
0.04699,0.044619579,51554.09,0.18181819627918522,-0.12479292331129592,1.0331480961923847
0.04699,0.046150334,51537.465,0.18181819627918522,-0.11870545364713703,1.0328149298597193
0.04699,0.047681086,51521.609,0.18181819627918522,-0.112617995913306,1.0324971743486973
0.04699,0.049211837,51506.605,0.18181819627918522,-0.1065305421562509,1.032196492985972
0.04699,0.050742589,51492.516,0.18181819627918522,-0.10044308442241985,1.0319141482965932
0.04699,0.052273341,51479.375,0.18181819627918522,-0.0943556266885888,1.0316508016032064
0.04699,0.053804092,51467.215,0.18181819627918522,-0.08826817293153372,1.0314071142284569
0.04699,0.055334844,51456.039,0.18181819627918522,-0.08218071519770266,1.0311831462925851
0.04699,0.056865599,51445.844,0.18181819627918522,-0.07609324553354377,1.0309788376753506
0.04699,0.058396351,51436.613,0.18181819627918522,-0.07000578779971274,1.0307938476953908
0.04699,0.059927102,51428.328,0.18181819627918522,-0.06391833404265762,1.0306278156312625
0.04699,0.061457854,51420.949,0.18181819627918522,-0.05783087630882659,1.0304799398797595
0.04699,0.062988609,51414.453,0.18181819627918522,-0.0517434066446677,1.030349759519038
0.04699,0.064519361,51408.793,0.18181819627918522,-0.04565594891083667,1.0302363326653305
0.04699,0.066050112,51403.945,0.18181819627918522,-0.03956849515378159,1.0301391783567133
0.04699,0.067580864,51399.863,0.18181819627918522,-0.033481037419950496,1.030057374749499
0.04699,0.069111615,51396.523,0.18181819627918522,-0.027393583662895415,1.0299904408817635
0.04699,0.070642367,51393.891,0.18181819627918522,-0.021306125929064383,1.0299376953907817
0.04699,0.072173119,51391.941,0.18181819627918522,-0.015218668195233353,1.0298986172344688
0.04699,0.07370387,51390.652,0.18181819627918522,-0.009131214438178213,1.0298727855711423
0.04699,0.075234622,51390.02,0.18181819627918522,-0.003043756704347182,1.029860120240481
0.04699,0.076765373,51390.02,0.18181819627918522,0.0030436970527079037,1.029860120240481
0.04699,0.078296125,51390.652,0.18181819627918522,0.009131154786538934,1.0298727855711423
0.04699,0.079826877,51391.945,0.18181819627918522,0.015218612520370019,1.0298986973947897
0.04699,0.081357636,51393.895,0.18181819627918522,0.021306098091632662,1.029937775551102
0.04699,0.082888387,51396.527,0.18181819627918522,0.027393551848687747,1.029990521042084
0.04699,0.084419131,51399.871,0.18181819627918522,0.03348097776831122,1.0300575350701402
0.04699,0.08594989,51403.953,0.18181819627918522,0.039568463339573916,1.0301393386773547
0.04699,0.087480649,51408.801,0.18181819627918522,0.04565594891083656,1.030236492985972
0.04699,0.089011393,51414.461,0.18181819627918522,0.051743374830460036,1.0303499198396795
0.04699,0.090542138,51420.957,0.18181819627918522,0.057830804726859454,1.030480100200401
0.04699,0.092072897,51428.336,0.18181819627918522,0.06391829029812215,1.030627975951904
0.04699,0.093603656,51436.625,0.18181819627918522,0.07000577586938479,1.0307940881763527
0.04699,0.0951344,51445.855,0.18181819627918522,0.07609320178900826,1.0309790581162326
0.04699,0.096665144,51456.047,0.18181819627918522,0.08218062770863174,1.0311833066132263
0.04699,0.09819591,51467.227,0.18181819627918522,0.08826814111732605,1.031407354709419
0.04699,0.099726662,51479.387,0.18181819627918522,0.09435559885115707,1.0316510420841685
0.04699,0.10125741,51492.523,0.18181819627918522,0.10044304067788438,1.0319142885771544
0.04699,0.10278817,51506.617,0.18181819627918522,0.10653053022592297,1.0321967334669337
0.04699,0.10431892,51521.621,0.18181819627918522,0.11261798000620211,1.0324974148296593
0.04699,0.10584967,51537.477,0.18181819627918522,0.11870542978648131,1.0328151703406814
0.04699,0.10738042,51554.098,0.18181819627918522,0.12479287956676045,1.033148256513026
0.04699,0.10891117,51571.383,0.18181819627918522,0.13088032934703958,1.0334946492985972
0.04699,0.11044192,51589.207,0.18181819627918522,0.13696777912731872,1.0338518436873747
0.04699,0.11197267,51607.418,0.18181819627918522,0.14305522890759786,1.0342167935871742
0.04699,0.11350343,51625.863,0.18181819627918522,0.1491427184556365,1.0345864328657315
0.04699,0.11503418,51644.336,0.18181819627918522,0.15523016823591565,1.0349566332665332
0.04699,0.11656493,51662.684,0.18181819627918522,0.1613176180161948,1.0353243286573146
0.04699,0.11809569,51680.672,0.18181819627918522,0.16740510756423344,1.0356848096192384
0.04699,0.11962645,51698.18,0.18181819627918522,0.17349259711227202,1.0360356713426855
0.04699,0.12115719,51714.965,0.18181819627918522,0.17958000712479172,1.0363720440881763
0.04699,0.12268794,51730.969,0.18181819627918522,0.18566745690507086,1.036692765531062
0.04699,0.12421869,51745.93,0.18181819627918522,0.19175490668535006,1.0369925851703408
0.04699,0.12574944,51759.906,0.18181819627918522,0.19784235646562914,1.0372726653306614
0.04699,0.12728021,51772.598,0.18181819627918522,0.2039298857814273,1.0375270140280561
0.04699,0.12881094,51784.223,0.18181819627918522,0.21001725602618754,1.0377599799599198
0.04699,0.13034171,51794.41,0.18181819627918522,0.21610478534198557,1.037964128256513
0.04699,0.13187183,51803.555,0.18181819627918522,0.22218972975341833,1.0381473947895792
0.04699,0.13330159,51811.016,0.18181819627918522,0.22787556493084896,1.0382969138276554
0.04699,0.13454486,51816.523,0.18181819627918522,0.23281977116199554,1.0384072745490982
0.04699,0.13562597,51820.902,0.18181819627918522,0.23711910340563933,1.0384950300601203
0.04699,0.13656607,51824.152,0.18181819627918522,0.240857670473051,1.0385601603206414
0.04699,0.13738354,51826.781,0.18181819627918522,0.2441085655061294,1.0386128456913828
0.04699,0.13809437,51828.766,0.18181819627918522,0.24693537715226088,1.038652625250501
0.04699,0.1387125,51830.391,0.18181819627918522,0.2493935416681413,1.0386851903807617
0.04699,0.13925001,51831.656,0.18181819627918522,0.2515310985072058,1.0387105410821644
0.049529999,0.01275,51841.254,0.19191920320680847,-0.25153109850720584,1.038902885771543
0.049529999,0.0132875,51839.777,0.19191920320680847,-0.24939358143590085,1.0388732865731463
0.049529999,0.013905625,51837.895,0.19191920320680847,-0.24693543680390018,1.0388355711422845
0.049529999,0.014616469,51835.594,0.19191920320680847,-0.2441085694829054,1.0387894589178357
0.049529999,0.01543394,51832.574,0.19191920320680847,-0.24085767047305104,1.0387289378757516
0.049529999,0.016374029,51828.855,0.19191920320680847,-0.23711914715017476,1.0386544088176353
0.049529999,0.017455135,51823.898,0.19191920320680847,-0.23281983081363486,1.0385550701402806
0.049529999,0.018698405,51817.715,0.19191920320680847,-0.22787562458248825,1.0384311623246492
0.049529999,0.020128164,51809.449,0.19191920320680847,-0.22218979338183356,1.038265511022044
0.049529999,0.021658298,51799.445,0.19191920320680847,-0.21610479329553753,1.0380650300601202
0.049529999,0.023189049,51788.43,0.19191920320680847,-0.21001733953848242,1.0378442885771544
0.049529999,0.024719801,51775.984,0.19191920320680847,-0.2039298818046514,1.0375948697394788
0.049529999,0.026250554,51762.52,0.19191920320680847,-0.19784242009404443,1.0373250501002003
0.049529999,0.027781306,51747.801,0.19191920320680847,-0.19175496236021336,1.0370300801603207
0.049529999,0.029312057,51732.152,0.19191920320680847,-0.18566750860315825,1.0367164729458918
0.049529999,0.030842811,51715.508,0.19191920320680847,-0.17958004291577534,1.0363829258517034
0.049529999,0.032373562,51698.152,0.19191920320680847,-0.1734925891587202,1.0360351102204408
0.049529999,0.033904314,51680.133,0.19191920320680847,-0.1674051314248892,1.035674008016032
0.049529999,0.035435066,51661.719,0.19191920320680847,-0.16131767369105812,1.0353049899799598
0.049529999,0.036965817,51643.031,0.19191920320680847,-0.15523021993400304,1.034930480961924
0.049529999,0.038496573,51624.312,0.19191920320680847,-0.1491427462930682,1.0345553507014027
0.049529999,0.040027324,51605.715,0.19191920320680847,-0.1430552925360131,1.0341826653306612
0.049529999,0.041558076,51587.441,0.19191920320680847,-0.13696783480218205,1.0338164529058116
0.049529999,0.043088827,51569.645,0.19191920320680847,-0.13088038104512695,1.0334598196392786
0.049529999,0.044619579,51552.484,0.19191920320680847,-0.12479292331129592,1.0331159118236473
0.049529999,0.046150334,51536.066,0.19191920320680847,-0.11870545364713703,1.032786893787575
0.049529999,0.047681086,51520.5,0.19191920320680847,-0.112617995913306,1.0324749498997996
0.049529999,0.049211837,51505.859,0.19191920320680847,-0.1065305421562509,1.0321815430861723
0.049529999,0.050742589,51492.195,0.19191920320680847,-0.10044308442241985,1.0319077154308618
0.049529999,0.052273341,51479.527,0.19191920320680847,-0.0943556266885888,1.031653847695391
0.049529999,0.053804092,51467.875,0.19191920320680847,-0.08826817293153372,1.0314203406813627
0.049529999,0.055334844,51457.223,0.19191920320680847,-0.08218071519770266,1.0312068737474949
0.049529999,0.056865599,51447.551,0.19191920320680847,-0.07609324553354377,1.0310130460921842
0.049529999,0.058396351,51438.828,0.19191920320680847,-0.07000578779971274,1.0308382364729458
0.049529999,0.059927102,51431.02,0.19191920320680847,-0.06391833404265762,1.030681763527054
0.049529999,0.061457854,51424.086,0.19191920320680847,-0.05783087630882659,1.0305428056112225
0.049529999,0.062988609,51417.984,0.19191920320680847,-0.0517434066446677,1.030420521042084
0.049529999,0.064519361,51412.672,0.19191920320680847,-0.04565594891083667,1.0303140681362726
0.049529999,0.066050112,51408.121,0.19191920320680847,-0.03956849515378159,1.030222865731463
0.049529999,0.067580864,51404.285,0.19191920320680847,-0.033481037419950496,1.030145991983968
0.049529999,0.069111615,51401.141,0.19191920320680847,-0.027393583662895415,1.030082985971944
0.049529999,0.070642367,51398.66,0.19191920320680847,-0.021306125929064383,1.0300332665330663
0.049529999,0.072173119,51396.82,0.19191920320680847,-0.015218668195233353,1.029996392785571
0.049529999,0.07370387,51395.598,0.19191920320680847,-0.009131214438178213,1.0299719038076152
0.049529999,0.075234622,51394.996,0.19191920320680847,-0.003043756704347182,1.0299598396793588
0.049529999,0.076765373,51394.996,0.19191920320680847,0.0030436970527079037,1.0299598396793588
0.049529999,0.078296125,51395.598,0.19191920320680847,0.009131154786538934,1.0299719038076152
0.049529999,0.079826877,51396.82,0.19191920320680847,0.015218612520370019,1.029996392785571
0.049529999,0.081357636,51398.66,0.19191920320680847,0.021306098091632662,1.0300332665330663
0.049529999,0.082888387,51401.141,0.19191920320680847,0.027393551848687747,1.030082985971944
0.049529999,0.084419131,51404.285,0.19191920320680847,0.03348097776831122,1.030145991983968
0.049529999,0.08594989,51408.121,0.19191920320680847,0.039568463339573916,1.030222865731463
0.049529999,0.087480649,51412.676,0.19191920320680847,0.04565594891083656,1.0303141482965932
0.049529999,0.089011393,51417.984,0.19191920320680847,0.051743374830460036,1.030420521042084
0.049529999,0.090542138,51424.086,0.19191920320680847,0.057830804726859454,1.0305428056112225
0.049529999,0.092072897,51431.023,0.19191920320680847,0.06391829029812215,1.0306818236472945
0.049529999,0.093603656,51438.832,0.19191920320680847,0.07000577586938479,1.0308383166332666
0.049529999,0.0951344,51447.559,0.19191920320680847,0.07609320178900826,1.0310132064128257
0.049529999,0.096665144,51457.227,0.19191920320680847,0.08218062770863174,1.0312069539078157
0.049529999,0.09819591,51467.883,0.19191920320680847,0.08826814111732605,1.031420501002004
0.049529999,0.099726662,51479.539,0.19191920320680847,0.09435559885115707,1.0316540881763527
0.049529999,0.10125741,51492.207,0.19191920320680847,0.10044304067788438,1.0319079559118236
0.049529999,0.10278817,51505.871,0.19191920320680847,0.10653053022592297,1.0321817835671343
0.049529999,0.10431892,51520.516,0.19191920320680847,0.11261798000620211,1.0324752705410822
0.049529999,0.10584967,51536.078,0.19191920320680847,0.11870542978648131,1.032787134268537
0.049529999,0.10738042,51552.496,0.19191920320680847,0.12479287956676045,1.0331161523046093
0.049529999,0.10891117,51569.66,0.19191920320680847,0.13088032934703958,1.033460120240481
0.049529999,0.11044192,51587.453,0.19191920320680847,0.13696777912731872,1.0338166933867736
0.049529999,0.11197267,51605.727,0.19191920320680847,0.14305522890759786,1.0341829058116232
0.049529999,0.11350343,51624.324,0.19191920320680847,0.1491427184556365,1.0345555911823647
0.049529999,0.11503418,51643.047,0.19191920320680847,0.15523016823591565,1.0349308016032064
0.049529999,0.11656493,51661.73,0.19191920320680847,0.1613176180161948,1.0353052104208418
0.049529999,0.11809569,51680.145,0.19191920320680847,0.16740510756423344,1.0356742484969939
0.049529999,0.11962645,51698.164,0.19191920320680847,0.17349259711227202,1.0360353507014028
0.049529999,0.12115719,51715.52,0.19191920320680847,0.17958000712479172,1.0363831663326653
0.049529999,0.12268794,51732.16,0.19191920320680847,0.18566745690507086,1.0367166332665332
0.049529999,0.12421869,51747.809,0.19191920320680847,0.19175490668535006,1.037030240480962
0.049529999,0.12574944,51762.527,0.19191920320680847,0.19784235646562914,1.0373251903807617
0.049529999,0.12728021,51775.996,0.19191920320680847,0.2039298857814273,1.0375951102204408
0.049529999,0.12881094,51788.441,0.19191920320680847,0.21001725602618754,1.0378445090180362
0.049529999,0.13034171,51799.457,0.19191920320680847,0.21610478534198557,1.0380652705410822
0.049529999,0.13187183,51809.461,0.19191920320680847,0.22218972975341833,1.038265751503006
0.049529999,0.13330159,51817.727,0.19191920320680847,0.22787556493084896,1.0384314028056112
0.049529999,0.13454486,51823.906,0.19191920320680847,0.23281977116199554,1.0385552304609218
0.049529999,0.13562597,51828.867,0.19191920320680847,0.23711910340563933,1.038654649298597
0.049529999,0.13656607,51832.586,0.19191920320680847,0.240857670473051,1.0387291783567134
0.049529999,0.13738354,51835.605,0.19191920320680847,0.2441085655061294,1.0387896793587175
0.049529999,0.13809437,51837.906,0.19191920320680847,0.24693537715226088,1.0388357915831663
0.049529999,0.1387125,51839.789,0.19191920320680847,0.2493935416681413,1.038873527054108
0.049529999,0.13925001,51841.266,0.19191920320680847,0.2515310985072058,1.038903126252505
0.052069999,0.01275,51849.043,0.20202021411120766,-0.25153109850720584,1.0390589779559118
0.052069999,0.0132875,51847.324,0.20202021411120766,-0.24939358143590085,1.0390245290581162
0.052069999,0.013905625,51845.152,0.20202021411120766,-0.24693543680390018,1.038981002004008
0.052069999,0.014616469,51842.512,0.20202021411120766,-0.2441085694829054,1.0389280961923848
0.052069999,0.01543394,51839.07,0.20202021411120766,-0.24085767047305104,1.038859118236473
0.052069999,0.016374029,51834.852,0.20202021411120766,-0.23711914715017476,1.0387745891783566
0.052069999,0.017455135,51829.297,0.20202021411120766,-0.23281983081363486,1.0386632665330662
0.052069999,0.018698405,51822.434,0.20202021411120766,-0.22787562458248825,1.038525731462926
0.052069999,0.020128164,51813.355,0.20202021411120766,-0.22218979338183356,1.0383437875751504
0.052069999,0.021658298,51802.512,0.20202021411120766,-0.21610479329553753,1.038126492985972
0.052069999,0.023189049,51790.719,0.20202021411120766,-0.21001733953848242,1.0378901603206412
0.052069999,0.024719801,51777.543,0.20202021411120766,-0.2039298818046514,1.0376261122244488
0.052069999,0.026250554,51763.434,0.20202021411120766,-0.19784242009404443,1.037343366733467
0.052069999,0.027781306,51748.145,0.20202021411120766,-0.19175496236021336,1.0370369739478957
0.052069999,0.029312057,51732.02,0.20202021411120766,-0.18566750860315825,1.0367138276553105
0.052069999,0.030842811,51714.992,0.20202021411120766,-0.17958004291577534,1.0363725851703407
0.052069999,0.032373562,51697.352,0.20202021411120766,-0.1734925891587202,1.0360190781563126
0.052069999,0.033904314,51679.148,0.20202021411120766,-0.1674051314248892,1.0356542685370742
0.052069999,0.035435066,51660.648,0.20202021411120766,-0.16131767369105812,1.0352835270541083
0.052069999,0.036965817,51641.969,0.20202021411120766,-0.15523021993400304,1.0349091983967935
0.052069999,0.038496573,51623.344,0.20202021411120766,-0.1491427462930682,1.0345359519038075
0.052069999,0.040027324,51604.918,0.20202021411120766,-0.1430552925360131,1.0341666933867735
0.052069999,0.041558076,51586.891,0.20202021411120766,-0.13696783480218205,1.0338054308617235
0.052069999,0.043088827,51569.391,0.20202021411120766,-0.13088038104512695,1.0334547294589178
0.052069999,0.044619579,51552.582,0.20202021411120766,-0.12479292331129592,1.0331178757515032
0.052069999,0.046150334,51536.559,0.20202021411120766,-0.11870545364713703,1.0327967735470942
0.052069999,0.047681086,51521.422,0.20202021411120766,-0.112617995913306,1.0324934268537074
0.052069999,0.049211837,51507.234,0.20202021411120766,-0.1065305421562509,1.0322090981963927
0.052069999,0.050742589,51494.039,0.20202021411120766,-0.10044308442241985,1.0319446693386773
0.052069999,0.052273341,51481.848,0.20202021411120766,-0.0943556266885888,1.0317003607214428
0.052069999,0.053804092,51470.66,0.20202021411120766,-0.08826817293153372,1.0314761523046092
0.052069999,0.055334844,51460.457,0.20202021411120766,-0.08218071519770266,1.0312716833667335
0.052069999,0.056865599,51451.207,0.20202021411120766,-0.07609324553354377,1.0310863126252505
0.052069999,0.058396351,51442.875,0.20202021411120766,-0.07000578779971274,1.0309193386773547
0.052069999,0.059927102,51435.414,0.20202021411120766,-0.06391833404265762,1.0307698196392785
0.052069999,0.061457854,51428.785,0.20202021411120766,-0.05783087630882659,1.0306369739478958
0.052069999,0.062988609,51422.938,0.20202021411120766,-0.0517434066446677,1.0305197995991984
0.052069999,0.064519361,51417.836,0.20202021411120766,-0.04565594891083667,1.0304175551102206
0.052069999,0.066050112,51413.453,0.20202021411120766,-0.03956849515378159,1.0303297194388779
0.052069999,0.067580864,51409.742,0.20202021411120766,-0.033481037419950496,1.0302553507014027
0.052069999,0.069111615,51406.691,0.20202021411120766,-0.027393583662895415,1.0301942084168336
0.052069999,0.070642367,51404.27,0.20202021411120766,-0.021306125929064383,1.0301456913827656
0.052069999,0.072173119,51402.469,0.20202021411120766,-0.015218668195233353,1.0301095991983968
0.052069999,0.07370387,51401.273,0.20202021411120766,-0.009131214438178213,1.030085631262525
0.052069999,0.075234622,51400.68,0.20202021411120766,-0.003043756704347182,1.03007374749499
0.052069999,0.076765373,51400.68,0.20202021411120766,0.0030436970527079037,1.03007374749499
0.052069999,0.078296125,51401.273,0.20202021411120766,0.009131154786538934,1.030085631262525
0.052069999,0.079826877,51402.469,0.20202021411120766,0.015218612520370019,1.0301095991983968
0.052069999,0.081357636,51404.266,0.20202021411120766,0.021306098091632662,1.030145611222445
0.052069999,0.082888387,51406.688,0.20202021411120766,0.027393551848687747,1.0301941482965933
0.052069999,0.084419131,51409.738,0.20202021411120766,0.03348097776831122,1.0302552705410821
0.052069999,0.08594989,51413.449,0.20202021411120766,0.039568463339573916,1.030329639278557
0.052069999,0.087480649,51417.832,0.20202021411120766,0.04565594891083656,1.0304174749498998
0.052069999,0.089011393,51422.938,0.20202021411120766,0.051743374830460036,1.0305197995991984
0.052069999,0.090542138,51428.781,0.20202021411120766,0.057830804726859454,1.0306368937875752
0.052069999,0.092072897,51435.414,0.20202021411120766,0.06391829029812215,1.0307698196392785
0.052069999,0.093603656,51442.875,0.20202021411120766,0.07000577586938479,1.0309193386773547
0.052069999,0.0951344,51451.211,0.20202021411120766,0.07609320178900826,1.0310863927855711
0.052069999,0.096665144,51460.461,0.20202021411120766,0.08218062770863174,1.031271763527054
0.052069999,0.09819591,51470.664,0.20202021411120766,0.08826814111732605,1.0314762324649298
0.052069999,0.099726662,51481.855,0.20202021411120766,0.09435559885115707,1.0317005010020042
0.052069999,0.10125741,51494.051,0.20202021411120766,0.10044304067788438,1.0319449098196394
0.052069999,0.10278817,51507.246,0.20202021411120766,0.10653053022592297,1.0322093386773548
0.052069999,0.10431892,51521.438,0.20202021411120766,0.11261798000620211,1.03249374749499
0.052069999,0.10584967,51536.57,0.20202021411120766,0.11870542978648131,1.032796993987976
0.052069999,0.10738042,51552.594,0.20202021411120766,0.12479287956676045,1.033118116232465
0.052069999,0.10891117,51569.406,0.20202021411120766,0.13088032934703958,1.0334550300601202
0.052069999,0.11044192,51586.906,0.20202021411120766,0.13696777912731872,1.0338057314629259
0.052069999,0.11197267,51604.934,0.20202021411120766,0.14305522890759786,1.034167014028056
0.052069999,0.11350343,51623.359,0.20202021411120766,0.1491427184556365,1.03453625250501
0.052069999,0.11503418,51641.984,0.20202021411120766,0.15523016823591565,1.034909498997996
0.052069999,0.11656493,51660.664,0.20202021411120766,0.1613176180161948,1.0352838476953907
0.052069999,0.11809569,51679.164,0.20202021411120766,0.16740510756423344,1.0356545891783566
0.052069999,0.11962645,51697.367,0.20202021411120766,0.17349259711227202,1.036019378757515
0.052069999,0.12115719,51715.008,0.20202021411120766,0.17958000712479172,1.0363729058116233
0.052069999,0.12268794,51732.035,0.20202021411120766,0.18566745690507086,1.036714128256513
0.052069999,0.12421869,51748.16,0.20202021411120766,0.19175490668535006,1.0370372745490983
0.052069999,0.12574944,51763.449,0.20202021411120766,0.19784235646562914,1.0373436673346694
0.052069999,0.12728021,51777.559,0.20202021411120766,0.2039298857814273,1.0376264328657314
0.052069999,0.12881094,51790.734,0.20202021411120766,0.21001725602618754,1.0378904609218436
0.052069999,0.13034171,51802.531,0.20202021411120766,0.21610478534198557,1.0381268737474951
0.052069999,0.13187183,51813.371,0.20202021411120766,0.22218972975341833,1.0383441082164329
0.052069999,0.13330159,51822.449,0.20202021411120766,0.22787556493084896,1.0385260320641283
0.052069999,0.13454486,51829.316,0.20202021411120766,0.23281977116199554,1.0386636472945892
0.052069999,0.13562597,51834.871,0.20202021411120766,0.23711910340563933,1.0387749699398798
0.052069999,0.13656607,51839.09,0.20202021411120766,0.240857670473051,1.038859519038076
0.052069999,0.13738354,51842.531,0.20202021411120766,0.2441085655061294,1.0389284769539078
0.052069999,0.13809437,51845.172,0.20202021411120766,0.24693537715226088,1.0389814028056112
0.052069999,0.1387125,51847.344,0.20202021411120766,0.2493935416681413,1.0390249298597194
0.052069999,0.13925001,51849.062,0.20202021411120766,0.2515310985072058,1.0390593587174348
0.054609999,0.01275,51854.773,0.21212122501560682,-0.25153109850720584,1.0391738076152304
0.054609999,0.0132875,51852.832,0.21212122501560682,-0.24939358143590085,1.0391349098196394
0.054609999,0.013905625,51850.379,0.21212122501560682,-0.24693543680390018,1.039085751503006
0.054609999,0.014616469,51847.395,0.21212122501560682,-0.2441085694829054,1.0390259519038076
0.054609999,0.01543394,51843.559,0.21212122501560682,-0.24085767047305104,1.0389490781563127
0.054609999,0.016374029,51838.875,0.21212122501560682,-0.23711914715017476,1.0388552104208417
0.054609999,0.017455135,51832.746,0.21212122501560682,-0.23281983081363486,1.038732384769539
0.054609999,0.018698405,51825.254,0.21212122501560682,-0.22787562458248825,1.038582244488978
0.054609999,0.020128164,51815.441,0.21212122501560682,-0.22218979338183356,1.0383855911823647
0.054609999,0.021658298,51803.863,0.21212122501560682,-0.21610479329553753,1.0381535671342685
0.054609999,0.023189049,51791.414,0.21212122501560682,-0.21001733953848242,1.0379040881763526
0.054609999,0.024719801,51777.664,0.21212122501560682,-0.2039298818046514,1.0376285370741483
0.054609999,0.026250554,51763.102,0.21212122501560682,-0.19784242009404443,1.0373367134268536
0.054609999,0.027781306,51747.469,0.21212122501560682,-0.19175496236021336,1.0370234268537073
0.054609999,0.029312057,51731.137,0.21212122501560682,-0.18566750860315825,1.0366961322645292
0.054609999,0.030842811,51714.02,0.21212122501560682,-0.17958004291577534,1.0363531062124247
0.054609999,0.032373562,51696.422,0.21212122501560682,-0.1734925891587202,1.0360004408817636
0.054609999,0.033904314,51678.367,0.21212122501560682,-0.1674051314248892,1.035638617234469
0.054609999,0.035435066,51660.125,0.21212122501560682,-0.16131767369105812,1.0352730460921844
0.054609999,0.036965817,51641.785,0.21212122501560682,-0.15523021993400304,1.0349055110220442
0.054609999,0.038496573,51623.578,0.21212122501560682,-0.1491427462930682,1.034540641282565
0.054609999,0.040027324,51605.621,0.21212122501560682,-0.1430552925360131,1.0341807815631263
0.054609999,0.041558076,51588.102,0.21212122501560682,-0.13696783480218205,1.0338296993987977
0.054609999,0.043088827,51571.133,0.21212122501560682,-0.13088038104512695,1.033489639278557
0.054609999,0.044619579,51554.859,0.21212122501560682,-0.12479292331129592,1.033163507014028
0.054609999,0.046150334,51539.367,0.21212122501560682,-0.11870545364713703,1.0328530460921843
0.054609999,0.047681086,51524.75,0.21212122501560682,-0.112617995913306,1.032560120240481
0.054609999,0.049211837,51511.051,0.21212122501560682,-0.1065305421562509,1.0322855911823647
0.054609999,0.050742589,51498.309,0.21212122501560682,-0.10044308442241985,1.032030240480962
0.054609999,0.052273341,51486.531,0.21212122501560682,-0.0943556266885888,1.0317942084168337
0.054609999,0.053804092,51475.723,0.21212122501560682,-0.08826817293153372,1.031577615230461
0.054609999,0.055334844,51465.848,0.21212122501560682,-0.08218071519770266,1.0313797194388776
0.054609999,0.056865599,51456.883,0.21212122501560682,-0.07609324553354377,1.0312000601202405
0.054609999,0.058396351,51448.785,0.21212122501560682,-0.07000578779971274,1.0310377755511022
0.054609999,0.059927102,51441.52,0.21212122501560682,-0.06391833404265762,1.0308921843687373
0.054609999,0.061457854,51435.031,0.21212122501560682,-0.05783087630882659,1.0307621442885773
0.054609999,0.062988609,51429.293,0.21212122501560682,-0.0517434066446677,1.030647154308617
0.054609999,0.064519361,51424.262,0.21212122501560682,-0.04565594891083667,1.0305463326653308
0.054609999,0.066050112,51419.91,0.21212122501560682,-0.03956849515378159,1.030459118236473
0.054609999,0.067580864,51416.215,0.21212122501560682,-0.033481037419950496,1.0303850701402806
0.054609999,0.069111615,51413.16,0.21212122501560682,-0.027393583662895415,1.0303238476953909
0.054609999,0.070642367,51410.727,0.21212122501560682,-0.021306125929064383,1.0302750901803608
0.054609999,0.072173119,51408.91,0.21212122501560682,-0.015218668195233353,1.0302386773547094
0.054609999,0.07370387,51407.699,0.21212122501560682,-0.009131214438178213,1.0302144088176353
0.054609999,0.075234622,51407.098,0.21212122501560682,-0.003043756704347182,1.030202364729459
0.054609999,0.076765373,51407.098,0.21212122501560682,0.0030436970527079037,1.030202364729459
0.054609999,0.078296125,51407.699,0.21212122501560682,0.009131154786538934,1.0302144088176353
0.054609999,0.079826877,51408.91,0.21212122501560682,0.015218612520370019,1.0302386773547094
0.054609999,0.081357636,51410.723,0.21212122501560682,0.021306098091632662,1.03027501002004
0.054609999,0.082888387,51413.156,0.21212122501560682,0.027393551848687747,1.0303237675350703
0.054609999,0.084419131,51416.211,0.21212122501560682,0.03348097776831122,1.03038498997996
0.054609999,0.08594989,51419.906,0.21212122501560682,0.039568463339573916,1.0304590380761525
0.054609999,0.087480649,51424.258,0.21212122501560682,0.04565594891083656,1.03054625250501
0.054609999,0.089011393,51429.289,0.21212122501560682,0.051743374830460036,1.0306470741482965
0.054609999,0.090542138,51435.027,0.21212122501560682,0.057830804726859454,1.0307620641282567
0.054609999,0.092072897,51441.516,0.21212122501560682,0.06391829029812215,1.030892104208417
0.054609999,0.093603656,51448.785,0.21212122501560682,0.07000577586938479,1.0310377755511022
0.054609999,0.0951344,51456.883,0.21212122501560682,0.07609320178900826,1.0312000601202405
0.054609999,0.096665144,51465.848,0.21212122501560682,0.08218062770863174,1.0313797194388776
0.054609999,0.09819591,51475.727,0.21212122501560682,0.08826814111732605,1.0315776953907816
0.054609999,0.099726662,51486.539,0.21212122501560682,0.09435559885115707,1.0317943687374749
0.054609999,0.10125741,51498.316,0.21212122501560682,0.10044304067788438,1.032030380761523
0.054609999,0.10278817,51511.059,0.21212122501560682,0.10653053022592297,1.032285751503006
0.054609999,0.10431892,51524.762,0.21212122501560682,0.11261798000620211,1.0325603607214429
0.054609999,0.10584967,51539.383,0.21212122501560682,0.11870542978648131,1.032853366733467
0.054609999,0.10738042,51554.875,0.21212122501560682,0.12479287956676045,1.0331638276553106
0.054609999,0.10891117,51571.152,0.21212122501560682,0.13088032934703958,1.0334900200400803
0.054609999,0.11044192,51588.117,0.21212122501560682,0.13696777912731872,1.03383
0.054609999,0.11197267,51605.641,0.21212122501560682,0.14305522890759786,1.0341811823647296
0.054609999,0.11350343,51623.598,0.21212122501560682,0.1491427184556365,1.0345410420841683
0.054609999,0.11503418,51641.805,0.21212122501560682,0.15523016823591565,1.0349059118236472
0.054609999,0.11656493,51660.145,0.21212122501560682,0.1613176180161948,1.0352734468937874
0.054609999,0.11809569,51678.387,0.21212122501560682,0.16740510756423344,1.0356390180360722
0.054609999,0.11962645,51696.441,0.21212122501560682,0.17349259711227202,1.0360008216432866
0.054609999,0.12115719,51714.043,0.21212122501560682,0.17958000712479172,1.0363535671342685
0.054609999,0.12268794,51731.16,0.21212122501560682,0.18566745690507086,1.0366965931863728
0.054609999,0.12421869,51747.492,0.21212122501560682,0.19175490668535006,1.037023887775551
0.054609999,0.12574944,51763.125,0.21212122501560682,0.19784235646562914,1.0373371743486974
0.054609999,0.12728021,51777.688,0.21212122501560682,0.2039298857814273,1.037629018036072
0.054609999,0.12881094,51791.438,0.21212122501560682,0.21001725602618754,1.0379045691382767
0.054609999,0.13034171,51803.887,0.21212122501560682,0.21610478534198557,1.0381540480961924
0.054609999,0.13187183,51815.465,0.21212122501560682,0.22218972975341833,1.0383860721442886
0.054609999,0.13330159,51825.277,0.21212122501560682,0.22787556493084896,1.0385827054108216
0.054609999,0.13454486,51832.773,0.21212122501560682,0.23281977116199554,1.0387329258517035
0.054609999,0.13562597,51838.898,0.21212122501560682,0.23711910340563933,1.0388556713426853
0.054609999,0.13656607,51843.582,0.21212122501560682,0.240857670473051,1.0389495390781565
0.054609999,0.13738354,51847.418,0.21212122501560682,0.2441085655061294,1.0390264128256512
0.054609999,0.13809437,51850.402,0.21212122501560682,0.24693537715226088,1.0390862124248497
0.054609999,0.1387125,51852.859,0.21212122501560682,0.2493935416681413,1.0391354509018036
0.054609999,0.13925001,51854.797,0.21212122501560682,0.2515310985072058,1.0391742885771542
0.057149999,0.01275,51858.203,0.222222235920006,-0.25153109850720584,1.0392425450901803
0.057149999,0.0132875,51856.07,0.222222235920006,-0.24939358143590085,1.0391997995991984
0.057149999,0.013905625,51853.383,0.222222235920006,-0.24693543680390018,1.0391459519038075
0.057149999,0.014616469,51850.125,0.222222235920006,-0.2441085694829054,1.0390806613226453
0.057149999,0.01543394,51845.934,0.222222235920006,-0.24085767047305104,1.0389966733466933
0.057149999,0.016374029,51840.852,0.222222235920006,-0.23711914715017476,1.0388948296593186
0.057149999,0.017455135,51834.242,0.222222235920006,-0.23281983081363486,1.0387623647294588
0.057149999,0.018698405,51826.223,0.222222235920006,-0.22787562458248825,1.0386016633266533
0.057149999,0.020128164,51815.816,0.222222235920006,-0.22218979338183356,1.0383931062124248
0.057149999,0.021658298,51803.668,0.222222235920006,-0.21610479329553753,1.0381496593186372
0.057149999,0.023189049,51790.754,0.222222235920006,-0.21001733953848242,1.0378908617234468
0.057149999,0.024719801,51776.641,0.222222235920006,-0.2039298818046514,1.0376080360721442
0.057149999,0.026250554,51761.863,0.222222235920006,-0.19784242009404443,1.037311883767535
0.057149999,0.027781306,51746.156,0.222222235920006,-0.19175496236021336,1.0369971142284569
0.057149999,0.029312057,51729.906,0.222222235920006,-0.18566750860315825,1.0366714629258518
0.057149999,0.030842811,51713.012,0.222222235920006,-0.17958004291577534,1.0363329058116233
0.057149999,0.032373562,51695.777,0.222222235920006,-0.1734925891587202,1.0359875150300601
0.057149999,0.033904314,51678.199,0.222222235920006,-0.1674051314248892,1.035635250501002
0.057149999,0.035435066,51660.531,0.222222235920006,-0.16131767369105812,1.0352811823647294
0.057149999,0.036965817,51642.844,0.222222235920006,-0.15523021993400304,1.0349267334669339
0.057149999,0.038496573,51625.336,0.222222235920006,-0.1491427462930682,1.034575871743487
0.057149999,0.040027324,51608.102,0.222222235920006,-0.1430552925360131,1.034230501002004
0.057149999,0.041558076,51591.305,0.222222235920006,-0.13696783480218205,1.033893887775551
0.057149999,0.043088827,51575.047,0.222222235920006,-0.13088038104512695,1.0335680761523045
0.057149999,0.044619579,51559.438,0.222222235920006,-0.12479292331129592,1.0332552705410822
0.057149999,0.046150334,51544.559,0.222222235920006,-0.11870545364713703,1.0329570941883768
0.057149999,0.047681086,51530.488,0.222222235920006,-0.112617995913306,1.0326751102204408
0.057149999,0.049211837,51517.266,0.222222235920006,-0.1065305421562509,1.0324101402805612
0.057149999,0.050742589,51504.93,0.222222235920006,-0.10044308442241985,1.0321629258517033
0.057149999,0.052273341,51493.48,0.222222235920006,-0.0943556266885888,1.0319334669338678
0.057149999,0.053804092,51482.926,0.222222235920006,-0.08826817293153372,1.0317219639278556
0.057149999,0.055334844,51473.238,0.222222235920006,-0.08218071519770266,1.0315278156312624
0.057149999,0.056865599,51464.406,0.222222235920006,-0.07609324553354377,1.0313508216432867
0.057149999,0.058396351,51456.379,0.222222235920006,-0.07000578779971274,1.0311899599198397
0.057149999,0.059927102,51449.141,0.222222235920006,-0.06391833404265762,1.0310449098196393
0.057149999,0.061457854,51442.645,0.222222235920006,-0.05783087630882659,1.0309147294589178
0.057149999,0.062988609,51436.867,0.222222235920006,-0.0517434066446677,1.0307989378757514
0.057149999,0.064519361,51431.773,0.222222235920006,-0.04565594891083667,1.0306968537074148
0.057149999,0.066050112,51427.348,0.222222235920006,-0.03956849515378159,1.0306081763527053
0.057149999,0.067580864,51423.574,0.222222235920006,-0.033481037419950496,1.0305325450901803
0.057149999,0.069111615,51420.438,0.222222235920006,-0.027393583662895415,1.0304696993987976
0.057149999,0.070642367,51417.934,0.222222235920006,-0.021306125929064383,1.0304195190380763
0.057149999,0.072173119,51416.055,0.222222235920006,-0.015218668195233353,1.0303818637274549
0.057149999,0.07370387,51414.801,0.222222235920006,-0.009131214438178213,1.030356733466934
0.057149999,0.075234622,51414.176,0.222222235920006,-0.003043756704347182,1.0303442084168337
0.057149999,0.076765373,51414.176,0.222222235920006,0.0030436970527079037,1.0303442084168337
0.057149999,0.078296125,51414.801,0.222222235920006,0.009131154786538934,1.030356733466934
0.057149999,0.079826877,51416.055,0.222222235920006,0.015218612520370019,1.0303818637274549
0.057149999,0.081357636,51417.93,0.222222235920006,0.021306098091632662,1.0304194388777554
0.057149999,0.082888387,51420.438,0.222222235920006,0.027393551848687747,1.0304696993987976
0.057149999,0.084419131,51423.57,0.222222235920006,0.03348097776831122,1.0305324649298597
0.057149999,0.08594989,51427.348,0.222222235920006,0.039568463339573916,1.0306081763527053
0.057149999,0.087480649,51431.77,0.222222235920006,0.04565594891083656,1.0306967935871743
0.057149999,0.089011393,51436.863,0.222222235920006,0.051743374830460036,1.0307988577154308
0.057149999,0.090542138,51442.641,0.222222235920006,0.057830804726859454,1.0309146492985972
0.057149999,0.092072897,51449.137,0.222222235920006,0.06391829029812215,1.0310448296593187
0.057149999,0.093603656,51456.379,0.222222235920006,0.07000577586938479,1.0311899599198397
0.057149999,0.0951344,51464.406,0.222222235920006,0.07609320178900826,1.0313508216432867
0.057149999,0.096665144,51473.238,0.222222235920006,0.08218062770863174,1.0315278156312624
0.057149999,0.09819591,51482.93,0.222222235920006,0.08826814111732605,1.0317220440881762
0.057149999,0.099726662,51493.484,0.222222235920006,0.09435559885115707,1.0319335470941884
0.057149999,0.10125741,51504.938,0.222222235920006,0.10044304067788438,1.0321630861723448
0.057149999,0.10278817,51517.277,0.222222235920006,0.10653053022592297,1.032410360721443
0.057149999,0.10431892,51530.5,0.222222235920006,0.11261798000620211,1.0326753507014028
0.057149999,0.10584967,51544.574,0.222222235920006,0.11870542978648131,1.0329573947895792
0.057149999,0.10738042,51559.453,0.222222235920006,0.12479287956676045,1.0332555711422846
0.057149999,0.10891117,51575.062,0.222222235920006,0.13088032934703958,1.0335683767535069
0.057149999,0.11044192,51591.324,0.222222235920006,0.13696777912731872,1.0338942685370742
0.057149999,0.11197267,51608.121,0.222222235920006,0.14305522890759786,1.034230881763527
0.057149999,0.11350343,51625.355,0.222222235920006,0.1491427184556365,1.0345762525050102
0.057149999,0.11503418,51642.863,0.222222235920006,0.15523016823591565,1.0349271142284568
0.057149999,0.11656493,51660.555,0.222222235920006,0.1613176180161948,1.0352816633266533
0.057149999,0.11809569,51678.223,0.222222235920006,0.16740510756423344,1.0356357314629259
0.057149999,0.11962645,51695.801,0.222222235920006,0.17349259711227202,1.035987995991984
0.057149999,0.12115719,51713.039,0.222222235920006,0.17958000712479172,1.0363334468937875
0.057149999,0.12268794,51729.934,0.222222235920006,0.18566745690507086,1.0366720240480962
0.057149999,0.12421869,51746.18,0.222222235920006,0.19175490668535006,1.0369975951903807
0.057149999,0.12574944,51761.891,0.222222235920006,0.19784235646562914,1.0373124448897797
0.057149999,0.12728021,51776.668,0.222222235920006,0.2039298857814273,1.0376085771543087
0.057149999,0.12881094,51790.781,0.222222235920006,0.21001725602618754,1.0378914028056112
0.057149999,0.13034171,51803.695,0.222222235920006,0.21610478534198557,1.0381502004008016
0.057149999,0.13187183,51815.844,0.222222235920006,0.22218972975341833,1.0383936673346692
0.057149999,0.13330159,51826.25,0.222222235920006,0.22787556493084896,1.0386022044088177
0.057149999,0.13454486,51834.27,0.222222235920006,0.23281977116199554,1.0387629258517033
0.057149999,0.13562597,51840.879,0.222222235920006,0.23711910340563933,1.038895370741483
0.057149999,0.13656607,51845.961,0.222222235920006,0.240857670473051,1.0389972144288577
0.057149999,0.13738354,51850.148,0.222222235920006,0.2441085655061294,1.039081122244489
0.057149999,0.13809437,51853.41,0.222222235920006,0.24693537715226088,1.039146492985972
0.057149999,0.1387125,51856.098,0.222222235920006,0.2493935416681413,1.0392003607214428
0.057149999,0.13925001,51858.23,0.222222235920006,0.2515310985072058,1.0392430861723447
0.059689999,0.01275,51859.059,0.2323232468244052,-0.25153109850720584,1.0392596993987977
0.059689999,0.0132875,51856.777,0.2323232468244052,-0.24939358143590085,1.0392139679358718
0.059689999,0.013905625,51853.902,0.2323232468244052,-0.24693543680390018,1.0391563527054108
0.059689999,0.014616469,51850.445,0.2323232468244052,-0.2441085694829054,1.0390870741482965
0.059689999,0.01543394,51845.996,0.2323232468244052,-0.24085767047305104,1.0389979158316633
0.059689999,0.016374029,51840.633,0.2323232468244052,-0.23711914715017476,1.0388904408817636
0.059689999,0.017455135,51833.684,0.2323232468244052,-0.23281983081363486,1.0387511823647295
0.059689999,0.018698405,51825.309,0.2323232468244052,-0.22787562458248825,1.0385833466933867
0.059689999,0.020128164,51814.52,0.2323232468244052,-0.22218979338183356,1.038367134268537
0.059689999,0.021658298,51802.043,0.2323232468244052,-0.21610479329553753,1.0381170941883766
0.059689999,0.023189049,51788.914,0.2323232468244052,-0.21001733953848242,1.0378539879759519
0.059689999,0.024719801,51774.711,0.2323232468244052,-0.2039298818046514,1.0375693587174348
0.059689999,0.026250554,51760.0,0.2323232468244052,-0.19784242009404443,1.0372745490981965
0.059689999,0.027781306,51744.512,0.2323232468244052,-0.19175496236021336,1.0369641683366735
0.059689999,0.029312057,51728.652,0.2323232468244052,-0.18566750860315825,1.0366463326653308
0.059689999,0.030842811,51712.285,0.2323232468244052,-0.17958004291577534,1.0363183366733468
0.059689999,0.032373562,51695.715,0.2323232468244052,-0.1734925891587202,1.0359862725450901
0.059689999,0.033904314,51678.91,0.2323232468244052,-0.1674051314248892,1.035649498997996
0.059689999,0.035435066,51662.102,0.2323232468244052,-0.16131767369105812,1.0353126653306612
0.059689999,0.036965817,51645.316,0.2323232468244052,-0.15523021993400304,1.0349762725450902
0.059689999,0.038496573,51628.734,0.2323232468244052,-0.1491427462930682,1.0346439679358717
0.059689999,0.040027324,51612.418,0.2323232468244052,-0.1430552925360131,1.034316993987976
0.059689999,0.041558076,51596.504,0.2323232468244052,-0.13696783480218205,1.0339980761523047
0.059689999,0.043088827,51581.066,0.2323232468244052,-0.13088038104512695,1.0336886973947896
0.059689999,0.044619579,51566.199,0.2323232468244052,-0.12479292331129592,1.0333907615230462
0.059689999,0.046150334,51551.965,0.2323232468244052,-0.11870545364713703,1.033105511022044
0.059689999,0.047681086,51538.434,0.2323232468244052,-0.112617995913306,1.0328343486973948
0.059689999,0.049211837,51525.645,0.2323232468244052,-0.1065305421562509,1.0325780561122244
0.059689999,0.050742589,51513.633,0.2323232468244052,-0.10044308442241985,1.0323373346693387
0.059689999,0.052273341,51502.406,0.2323232468244052,-0.0943556266885888,1.0321123446893787
0.059689999,0.053804092,51491.988,0.2323232468244052,-0.08826817293153372,1.0319035671342685
0.059689999,0.055334844,51482.352,0.2323232468244052,-0.08218071519770266,1.0317104609218437
0.059689999,0.056865599,51473.5,0.2323232468244052,-0.07609324553354377,1.0315330661322646
0.059689999,0.058396351,51465.406,0.2323232468244052,-0.07000578779971274,1.031370861723447
0.059689999,0.059927102,51458.051,0.2323232468244052,-0.06391833404265762,1.0312234669338678
0.059689999,0.061457854,51451.41,0.2323232468244052,-0.05783087630882659,1.031090380761523
0.059689999,0.062988609,51445.473,0.2323232468244052,-0.0517434066446677,1.0309714028056112
0.059689999,0.064519361,51440.211,0.2323232468244052,-0.04565594891083667,1.0308659519038077
0.059689999,0.066050112,51435.625,0.2323232468244052,-0.03956849515378159,1.0307740480961924
0.059689999,0.067580864,51431.691,0.2323232468244052,-0.033481037419950496,1.0306952104208416
0.059689999,0.069111615,51428.418,0.2323232468244052,-0.027393583662895415,1.030629619238477
0.059689999,0.070642367,51425.797,0.2323232468244052,-0.021306125929064383,1.0305770941883767
0.059689999,0.072173119,51423.828,0.2323232468244052,-0.015218668195233353,1.030537635270541
0.059689999,0.07370387,51422.516,0.2323232468244052,-0.009131214438178213,1.0305113426853707
0.059689999,0.075234622,51421.855,0.2323232468244052,-0.003043756704347182,1.0304980961923849
0.059689999,0.076765373,51421.855,0.2323232468244052,0.0030436970527079037,1.0304980961923849
0.059689999,0.078296125,51422.512,0.2323232468244052,0.009131154786538934,1.03051126252505
0.059689999,0.079826877,51423.828,0.2323232468244052,0.015218612520370019,1.030537635270541
0.059689999,0.081357636,51425.797,0.2323232468244052,0.021306098091632662,1.0305770941883767
0.059689999,0.082888387,51428.418,0.2323232468244052,0.027393551848687747,1.030629619238477
0.059689999,0.084419131,51431.691,0.2323232468244052,0.03348097776831122,1.0306952104208416
0.059689999,0.08594989,51435.621,0.2323232468244052,0.039568463339573916,1.0307739679358718
0.059689999,0.087480649,51440.211,0.2323232468244052,0.04565594891083656,1.0308659519038077
0.059689999,0.089011393,51445.469,0.2323232468244052,0.051743374830460036,1.0309713226452906
0.059689999,0.090542138,51451.41,0.2323232468244052,0.057830804726859454,1.031090380761523
0.059689999,0.092072897,51458.051,0.2323232468244052,0.06391829029812215,1.0312234669338678
0.059689999,0.093603656,51465.406,0.2323232468244052,0.07000577586938479,1.031370861723447
0.059689999,0.0951344,51473.5,0.2323232468244052,0.07609320178900826,1.0315330661322646
0.059689999,0.096665144,51482.355,0.2323232468244052,0.08218062770863174,1.0317105210420843
0.059689999,0.09819591,51491.992,0.2323232468244052,0.08826814111732605,1.031903647294589
0.059689999,0.099726662,51502.414,0.2323232468244052,0.09435559885115707,1.03211250501002
0.059689999,0.10125741,51513.641,0.2323232468244052,0.10044304067788438,1.03233749498998
0.059689999,0.10278817,51525.652,0.2323232468244052,0.10653053022592297,1.0325781963927856
0.059689999,0.10431892,51538.445,0.2323232468244052,0.11261798000620211,1.0328345691382765
0.059689999,0.10584967,51551.977,0.2323232468244052,0.11870542978648131,1.033105751503006
0.059689999,0.10738042,51566.215,0.2323232468244052,0.12479287956676045,1.0333910821643286
0.059689999,0.10891117,51581.082,0.2323232468244052,0.13088032934703958,1.0336890180360723
0.059689999,0.11044192,51596.523,0.2323232468244052,0.13696777912731872,1.0339984569138276
0.059689999,0.11197267,51612.438,0.2323232468244052,0.14305522890759786,1.0343173947895792
0.059689999,0.11350343,51628.754,0.2323232468244052,0.1491427184556365,1.034644368737475
0.059689999,0.11503418,51645.336,0.2323232468244052,0.15523016823591565,1.0349766733466934
0.059689999,0.11656493,51662.125,0.2323232468244052,0.1613176180161948,1.035313126252505
0.059689999,0.11809569,51678.934,0.2323232468244052,0.16740510756423344,1.03564997995992
0.059689999,0.11962645,51695.742,0.2323232468244052,0.17349259711227202,1.0359868136272545
0.059689999,0.12115719,51712.312,0.2323232468244052,0.17958000712479172,1.036318877755511
0.059689999,0.12268794,51728.68,0.2323232468244052,0.18566745690507086,1.0366468937875752
0.059689999,0.12421869,51744.543,0.2323232468244052,0.19175490668535006,1.0369647895791583
0.059689999,0.12574944,51760.031,0.2323232468244052,0.19784235646562914,1.0372751703406815
0.059689999,0.12728021,51774.738,0.2323232468244052,0.2039298857814273,1.0375698997995992
0.059689999,0.12881094,51788.945,0.2323232468244052,0.21001725602618754,1.0378546092184369
0.059689999,0.13034171,51802.07,0.2323232468244052,0.21610478534198557,1.038117635270541
0.059689999,0.13187183,51814.547,0.2323232468244052,0.22218972975341833,1.0383676753507014
0.059689999,0.13330159,51825.34,0.2323232468244052,0.22787556493084896,1.0385839679358717
0.059689999,0.13454486,51833.715,0.2323232468244052,0.23281977116199554,1.0387518036072143
0.059689999,0.13562597,51840.66,0.2323232468244052,0.23711910340563933,1.0388909819639278
0.059689999,0.13656607,51846.027,0.2323232468244052,0.240857670473051,1.0389985370741484
0.059689999,0.13738354,51850.473,0.2323232468244052,0.2441085655061294,1.0390876352705412
0.059689999,0.13809437,51853.93,0.2323232468244052,0.24693537715226088,1.0391569138276553
0.059689999,0.1387125,51856.805,0.2323232468244052,0.2493935416681413,1.0392145290581163
0.059689999,0.13925001,51859.086,0.2323232468244052,0.2515310985072058,1.0392602404809619
0.062229998,0.01275,51857.227,0.24242425375202845,-0.25153109850720584,1.039222985971944
0.062229998,0.0132875,51854.832,0.24242425375202845,-0.24939358143590085,1.03917498997996
0.062229998,0.013905625,51851.852,0.24242425375202845,-0.24693543680390018,1.0391152705410822
0.062229998,0.014616469,51848.277,0.24242425375202845,-0.2441085694829054,1.0390436272545092
0.062229998,0.01543394,51843.684,0.24242425375202845,-0.24085767047305104,1.0389515831663327
0.062229998,0.016374029,51838.176,0.24242425375202845,-0.23711914715017476,1.0388412024048097
0.062229998,0.017455135,51831.066,0.24242425375202845,-0.23281983081363486,1.0386987174348696
0.062229998,0.018698405,51822.559,0.24242425375202845,-0.22787562458248825,1.038528236472946
0.062229998,0.020128164,51811.66,0.24242425375202845,-0.22218979338183356,1.0383098196392786
0.062229998,0.021658298,51799.16,0.24242425375202845,-0.21610479329553753,1.0380593186372746
0.062229998,0.023189049,51786.137,0.24242425375202845,-0.21001733953848242,1.0377983366733468
0.062229998,0.024719801,51772.16,0.24242425375202845,-0.2039298818046514,1.037518236472946
0.062229998,0.026250554,51757.832,0.24242425375202845,-0.19784242009404443,1.037231102204409
0.062229998,0.027781306,51742.875,0.24242425375202845,-0.19175496236021336,1.0369313627254508
0.062229998,0.029312057,51727.695,0.24242425375202845,-0.18566750860315825,1.0366271543086172
0.062229998,0.030842811,51712.145,0.24242425375202845,-0.17958004291577534,1.0363155310621242
0.062229998,0.032373562,51696.508,0.24242425375202845,-0.1734925891587202,1.0360021643286574
0.062229998,0.033904314,51680.719,0.24242425375202845,-0.1674051314248892,1.035685751503006
0.062229998,0.035435066,51664.984,0.24242425375202845,-0.16131767369105812,1.0353704208416834
0.062229998,0.036965817,51649.297,0.24242425375202845,-0.15523021993400304,1.0350560521042085
0.062229998,0.038496573,51633.805,0.24242425375202845,-0.1491427462930682,1.0347455911823646
0.062229998,0.040027324,51618.531,0.24242425375202845,-0.1430552925360131,1.0344394989979961
0.062229998,0.041558076,51603.594,0.24242425375202845,-0.13696783480218205,1.0341401603206413
0.062229998,0.043088827,51589.031,0.24242425375202845,-0.13088038104512695,1.0338483166332666
0.062229998,0.044619579,51574.93,0.24242425375202845,-0.12479292331129592,1.0335657314629259
0.062229998,0.046150334,51561.332,0.24242425375202845,-0.11870545364713703,1.0332932264529058
0.062229998,0.047681086,51548.312,0.24242425375202845,-0.112617995913306,1.0330323046092185
0.062229998,0.049211837,51535.895,0.24242425375202845,-0.1065305421562509,1.0327834669338676
0.062229998,0.050742589,51524.129,0.24242425375202845,-0.10044308442241985,1.0325476753507015
0.062229998,0.052273341,51513.035,0.24242425375202845,-0.0943556266885888,1.032325350701403
0.062229998,0.053804092,51502.641,0.24242425375202845,-0.08826817293153372,1.0321170541082165
0.062229998,0.055334844,51492.945,0.24242425375202845,-0.08218071519770266,1.031922745490982
0.062229998,0.056865599,51483.961,0.24242425375202845,-0.07609324553354377,1.0317427054108217
0.062229998,0.058396351,51475.684,0.24242425375202845,-0.07000578779971274,1.0315768336673348
0.062229998,0.059927102,51468.105,0.24242425375202845,-0.06391833404265762,1.0314249498997996
0.062229998,0.061457854,51461.227,0.24242425375202845,-0.05783087630882659,1.031287114228457
0.062229998,0.062988609,51455.039,0.24242425375202845,-0.0517434066446677,1.0311631062124247
0.062229998,0.064519361,51449.539,0.24242425375202845,-0.04565594891083667,1.031052885771543
0.062229998,0.066050112,51444.723,0.24242425375202845,-0.03956849515378159,1.030956372745491
0.062229998,0.067580864,51440.586,0.24242425375202845,-0.033481037419950496,1.0308734669338677
0.062229998,0.069111615,51437.137,0.24242425375202845,-0.027393583662895415,1.0308043486973948
0.062229998,0.070642367,51434.367,0.24242425375202845,-0.021306125929064383,1.0307488376753506
0.062229998,0.072173119,51432.289,0.24242425375202845,-0.015218668195233353,1.0307071943887776
0.062229998,0.07370387,51430.898,0.24242425375202845,-0.009131214438178213,1.0306793186372745
0.062229998,0.075234622,51430.203,0.24242425375202845,-0.003043756704347182,1.030665390781563
0.062229998,0.076765373,51430.203,0.24242425375202845,0.0030436970527079037,1.030665390781563
0.062229998,0.078296125,51430.898,0.24242425375202845,0.009131154786538934,1.0306793186372745
0.062229998,0.079826877,51432.289,0.24242425375202845,0.015218612520370019,1.0307071943887776
0.062229998,0.081357636,51434.367,0.24242425375202845,0.021306098091632662,1.0307488376753506
0.062229998,0.082888387,51437.133,0.24242425375202845,0.027393551848687747,1.0308042685370742
0.062229998,0.084419131,51440.586,0.24242425375202845,0.03348097776831122,1.0308734669338677
0.062229998,0.08594989,51444.723,0.24242425375202845,0.039568463339573916,1.030956372745491
0.062229998,0.087480649,51449.539,0.24242425375202845,0.04565594891083656,1.031052885771543
0.062229998,0.089011393,51455.039,0.24242425375202845,0.051743374830460036,1.0311631062124247
0.062229998,0.090542138,51461.227,0.24242425375202845,0.057830804726859454,1.031287114228457
0.062229998,0.092072897,51468.109,0.24242425375202845,0.06391829029812215,1.0314250300601202
0.062229998,0.093603656,51475.684,0.24242425375202845,0.07000577586938479,1.0315768336673348
0.062229998,0.0951344,51483.965,0.24242425375202845,0.07609320178900826,1.0317427855711423
0.062229998,0.096665144,51492.949,0.24242425375202845,0.08218062770863174,1.0319228256513027
0.062229998,0.09819591,51502.645,0.24242425375202845,0.08826814111732605,1.032117134268537
0.062229998,0.099726662,51513.043,0.24242425375202845,0.09435559885115707,1.032325511022044
0.062229998,0.10125741,51524.141,0.24242425375202845,0.10044304067788438,1.0325479158316635
0.062229998,0.10278817,51535.902,0.24242425375202845,0.10653053022592297,1.032783607214429
0.062229998,0.10431892,51548.324,0.24242425375202845,0.11261798000620211,1.0330325450901803
0.062229998,0.10584967,51561.348,0.24242425375202845,0.11870542978648131,1.0332935470941884
0.062229998,0.10738042,51574.945,0.24242425375202845,0.12479287956676045,1.0335660320641282
0.062229998,0.10891117,51589.047,0.24242425375202845,0.13088032934703958,1.033848637274549
0.062229998,0.11044192,51603.609,0.24242425375202845,0.13696777912731872,1.0341404609218436
0.062229998,0.11197267,51618.551,0.24242425375202845,0.14305522890759786,1.0344398997995992
0.062229998,0.11350343,51633.824,0.24242425375202845,0.1491427184556365,1.0347459719438878
0.062229998,0.11503418,51649.316,0.24242425375202845,0.15523016823591565,1.0350564328657315
0.062229998,0.11656493,51665.008,0.24242425375202845,0.1613176180161948,1.0353709018036072
0.062229998,0.11809569,51680.742,0.24242425375202845,0.16740510756423344,1.0356862124248496
0.062229998,0.11962645,51696.531,0.24242425375202845,0.17349259711227202,1.036002625250501
0.062229998,0.12115719,51712.172,0.24242425375202845,0.17958000712479172,1.0363160721442886
0.062229998,0.12268794,51727.723,0.24242425375202845,0.18566745690507086,1.0366277154308616
0.062229998,0.12421869,51742.902,0.24242425375202845,0.19175490668535006,1.0369319038076152
0.062229998,0.12574944,51757.863,0.24242425375202845,0.19784235646562914,1.0372317234468937
0.062229998,0.12728021,51772.188,0.24242425375202845,0.2039298857814273,1.0375187975951905
0.062229998,0.12881094,51786.164,0.24242425375202845,0.21001725602618754,1.037798877755511
0.062229998,0.13034171,51799.191,0.24242425375202845,0.21610478534198557,1.0380599398797594
0.062229998,0.13187183,51811.688,0.24242425375202845,0.22218972975341833,1.038310380761523
0.062229998,0.13330159,51822.586,0.24242425375202845,0.22787556493084896,1.0385287775551102
0.062229998,0.13454486,51831.094,0.24242425375202845,0.23281977116199554,1.038699278557114
0.062229998,0.13562597,51838.203,0.24242425375202845,0.23711910340563933,1.038841743486974
0.062229998,0.13656607,51843.711,0.24242425375202845,0.240857670473051,1.0389521242484971
0.062229998,0.13738354,51848.305,0.24242425375202845,0.2441085655061294,1.0390441883767536
0.062229998,0.13809437,51851.879,0.24242425375202845,0.24693537715226088,1.0391158116232464
0.062229998,0.1387125,51854.855,0.24242425375202845,0.2493935416681413,1.0391754509018036
0.062229998,0.13925001,51857.25,0.24242425375202845,0.2515310985072058,1.0392234468937875
0.064769998,0.01275,51852.578,0.2525252646564276,-0.25153109850720584,1.0391298196392786
0.064769998,0.0132875,51850.176,0.2525252646564276,-0.24939358143590085,1.0390816833667336
0.064769998,0.013905625,51847.16,0.2525252646564276,-0.24693543680390018,1.03902124248497
0.064769998,0.014616469,51843.57,0.2525252646564276,-0.2441085694829054,1.0389492985971944
0.064769998,0.01543394,51838.961,0.2525252646564276,-0.24085767047305104,1.0388569338677356
0.064769998,0.016374029,51833.461,0.2525252646564276,-0.23711914715017476,1.0387467134268538
0.064769998,0.017455135,51826.418,0.2525252646564276,-0.23281983081363486,1.0386055711422846
0.064769998,0.018698405,51818.008,0.2525252646564276,-0.22787562458248825,1.0384370340681364
0.064769998,0.020128164,51807.32,0.2525252646564276,-0.22218979338183356,1.0382228456913827
0.064769998,0.021658298,51795.145,0.2525252646564276,-0.21610479329553753,1.0379788577154307
0.064769998,0.023189049,51782.559,0.2525252646564276,-0.21001733953848242,1.0377266332665331
0.064769998,0.024719801,51769.152,0.2525252646564276,-0.2039298818046514,1.0374579559118238
0.064769998,0.026250554,51755.531,0.2525252646564276,-0.19784242009404443,1.03718498997996
0.064769998,0.027781306,51741.402,0.2525252646564276,-0.19175496236021336,1.0369018436873747
0.064769998,0.029312057,51727.18,0.2525252646564276,-0.18566750860315825,1.0366168336673347
0.064769998,0.030842811,51712.691,0.2525252646564276,-0.17958004291577534,1.0363264729458919
0.064769998,0.032373562,51698.199,0.2525252646564276,-0.1734925891587202,1.0360360521042085
0.064769998,0.033904314,51683.613,0.2525252646564276,-0.1674051314248892,1.03574374749499
0.064769998,0.035435066,51669.105,0.2525252646564276,-0.16131767369105812,1.0354530060120242
0.064769998,0.036965817,51654.637,0.2525252646564276,-0.15523021993400304,1.0351630661322646
0.064769998,0.038496573,51640.32,0.2525252646564276,-0.1491427462930682,1.0348761523046093
0.064769998,0.040027324,51626.152,0.2525252646564276,-0.1430552925360131,1.0345922244488979
0.064769998,0.041558076,51612.223,0.2525252646564276,-0.13696783480218205,1.0343130861723446
0.064769998,0.043088827,51598.551,0.2525252646564276,-0.13088038104512695,1.0340390981963927
0.064769998,0.044619579,51585.207,0.2525252646564276,-0.12479292331129592,1.0337716833667334
0.064769998,0.046150334,51572.223,0.2525252646564276,-0.11870545364713703,1.0335114829659318
0.064769998,0.047681086,51559.664,0.2525252646564276,-0.112617995913306,1.0332597995991983
0.064769998,0.049211837,51547.562,0.2525252646564276,-0.1065305421562509,1.0330172745490982
0.064769998,0.050742589,51535.98,0.2525252646564276,-0.10044308442241985,1.0327851703406814
0.064769998,0.052273341,51524.945,0.2525252646564276,-0.0943556266885888,1.0325640280561121
0.064769998,0.053804092,51514.5,0.2525252646564276,-0.08826817293153372,1.0323547094188377
0.064769998,0.055334844,51504.672,0.2525252646564276,-0.08218071519770266,1.032157755511022
0.064769998,0.056865599,51495.484,0.2525252646564276,-0.07609324553354377,1.031973627254509
0.064769998,0.058396351,51486.953,0.2525252646564276,-0.07000578779971274,1.0318026653306613
0.064769998,0.059927102,51479.098,0.2525252646564276,-0.06391833404265762,1.0316452505010019
0.064769998,0.061457854,51471.922,0.2525252646564276,-0.05783087630882659,1.0315014428857716
0.064769998,0.062988609,51465.441,0.2525252646564276,-0.0517434066446677,1.0313715631262526
0.064769998,0.064519361,51459.656,0.2525252646564276,-0.04565594891083667,1.0312556312625252
0.064769998,0.066050112,51454.582,0.2525252646564276,-0.03956849515378159,1.0311539478957916
0.064769998,0.067580864,51450.215,0.2525252646564276,-0.033481037419950496,1.0310664328657313
0.064769998,0.069111615,51446.566,0.2525252646564276,-0.027393583662895415,1.0309933066132264
0.064769998,0.070642367,51443.641,0.2525252646564276,-0.021306125929064383,1.0309346893787577
0.064769998,0.072173119,51441.441,0.2525252646564276,-0.015218668195233353,1.0308906012024048
0.064769998,0.07370387,51439.973,0.2525252646564276,-0.009131214438178213,1.0308611823647293
0.064769998,0.075234622,51439.234,0.2525252646564276,-0.003043756704347182,1.0308463727454908
0.064769998,0.076765373,51439.234,0.2525252646564276,0.0030436970527079037,1.0308463727454908
0.064769998,0.078296125,51439.969,0.2525252646564276,0.009131154786538934,1.0308611022044087
0.064769998,0.079826877,51441.441,0.2525252646564276,0.015218612520370019,1.0308906012024048
0.064769998,0.081357636,51443.637,0.2525252646564276,0.021306098091632662,1.0309346092184368
0.064769998,0.082888387,51446.562,0.2525252646564276,0.027393551848687747,1.0309932264529058
0.064769998,0.084419131,51450.211,0.2525252646564276,0.03348097776831122,1.031066352705411
0.064769998,0.08594989,51454.578,0.2525252646564276,0.039568463339573916,1.031153867735471
0.064769998,0.087480649,51459.656,0.2525252646564276,0.04565594891083656,1.0312556312625252
0.064769998,0.089011393,51465.441,0.2525252646564276,0.051743374830460036,1.0313715631262526
0.064769998,0.090542138,51471.922,0.2525252646564276,0.057830804726859454,1.0315014428857716
0.064769998,0.092072897,51479.098,0.2525252646564276,0.06391829029812215,1.0316452505010019
0.064769998,0.093603656,51486.957,0.2525252646564276,0.07000577586938479,1.031802745490982
0.064769998,0.0951344,51495.488,0.2525252646564276,0.07609320178900826,1.0319737074148296
0.064769998,0.096665144,51504.676,0.2525252646564276,0.08218062770863174,1.0321578356713428
0.064769998,0.09819591,51514.508,0.2525252646564276,0.08826814111732605,1.032354869739479
0.064769998,0.099726662,51524.953,0.2525252646564276,0.09435559885115707,1.0325641883767536
0.064769998,0.10125741,51535.992,0.2525252646564276,0.10044304067788438,1.0327854108216432
0.064769998,0.10278817,51547.574,0.2525252646564276,0.10653053022592297,1.0330175150300602
0.064769998,0.10431892,51559.676,0.2525252646564276,0.11261798000620211,1.0332600400801604
0.064769998,0.10584967,51572.234,0.2525252646564276,0.11870542978648131,1.0335117034068135
0.064769998,0.10738042,51585.223,0.2525252646564276,0.12479287956676045,1.033772004008016
0.064769998,0.10891117,51598.566,0.2525252646564276,0.13088032934703958,1.034039398797595
0.064769998,0.11044192,51612.242,0.2525252646564276,0.13696777912731872,1.0343134669338676
0.064769998,0.11197267,51626.172,0.2525252646564276,0.14305522890759786,1.0345926252505009
0.064769998,0.11350343,51640.34,0.2525252646564276,0.1491427184556365,1.0348765531062123
0.064769998,0.11503418,51654.656,0.2525252646564276,0.15523016823591565,1.0351634468937876
0.064769998,0.11656493,51669.129,0.2525252646564276,0.1613176180161948,1.035453486973948
0.064769998,0.11809569,51683.637,0.2525252646564276,0.16740510756423344,1.0357442284569138
0.064769998,0.11962645,51698.227,0.2525252646564276,0.17349259711227202,1.036036613226453
0.064769998,0.12115719,51712.719,0.2525252646564276,0.17958000712479172,1.0363270340681363
0.064769998,0.12268794,51727.207,0.2525252646564276,0.18566745690507086,1.036617374749499
0.064769998,0.12421869,51741.43,0.2525252646564276,0.19175490668535006,1.0369024048096191
0.064769998,0.12574944,51755.559,0.2525252646564276,0.19784235646562914,1.0371855511022043
0.064769998,0.12728021,51769.18,0.2525252646564276,0.2039298857814273,1.0374585170340682
0.064769998,0.12881094,51782.59,0.2525252646564276,0.21001725602618754,1.037727254509018
0.064769998,0.13034171,51795.172,0.2525252646564276,0.21610478534198557,1.0379793987975952
0.064769998,0.13187183,51807.348,0.2525252646564276,0.22218972975341833,1.0382234068136271
0.064769998,0.13330159,51818.035,0.2525252646564276,0.22787556493084896,1.0384375751503008
0.064769998,0.13454486,51826.445,0.2525252646564276,0.23281977116199554,1.038606112224449
0.064769998,0.13562597,51833.484,0.2525252646564276,0.23711910340563933,1.0387471743486973
0.064769998,0.13656607,51838.984,0.2525252646564276,0.240857670473051,1.0388573947895792
0.064769998,0.13738354,51843.59,0.2525252646564276,0.2441085655061294,1.0389496993987974
0.064769998,0.13809437,51847.18,0.2525252646564276,0.24693537715226088,1.039021643286573
0.064769998,0.1387125,51850.195,0.2525252646564276,0.2493935416681413,1.0390820641282565
0.064769998,0.13925001,51852.598,0.2525252646564276,0.2515310985072058,1.0391302204408817
0.067310005,0.01275,51845.023,0.2626263033982585,-0.25153109850720584,1.0389784168336673
0.067310005,0.0132875,51842.668,0.2626263033982585,-0.24939358143590085,1.0389312224448897
0.067310005,0.013905625,51839.715,0.2626263033982585,-0.24693543680390018,1.0388720440881762
0.067310005,0.014616469,51836.207,0.2626263033982585,-0.2441085694829054,1.038801743486974
0.067310005,0.01543394,51831.73,0.2626263033982585,-0.24085767047305104,1.0387120240480963
0.067310005,0.016374029,51826.422,0.2626263033982585,-0.23711914715017476,1.0386056513026052
0.067310005,0.017455135,51819.633,0.2626263033982585,-0.23281983081363486,1.0384695991983968
0.067310005,0.018698405,51811.582,0.2626263033982585,-0.22787562458248825,1.0383082565130262
0.067310005,0.020128164,51801.426,0.2626263033982585,-0.22218979338183356,1.0381047294589179
0.067310005,0.021658298,51789.914,0.2626263033982585,-0.21610479329553753,1.037874028056112
0.067310005,0.023189049,51778.117,0.2626263033982585,-0.21001733953848242,1.037637615230461
0.067310005,0.024719801,51765.613,0.2626263033982585,-0.2039298818046514,1.0373870340681361
0.067310005,0.026250554,51753.008,0.2626263033982585,-0.19784242009404443,1.0371344288577156
0.067310005,0.027781306,51739.988,0.2626263033982585,-0.19175496236021336,1.036873507014028
0.067310005,0.029312057,51726.961,0.2626263033982585,-0.18566750860315825,1.0366124448897795
0.067310005,0.030842811,51713.73,0.2626263033982585,-0.17958004291577534,1.0363472945891785
0.067310005,0.032373562,51700.539,0.2626263033982585,-0.1734925891587202,1.0360829458917835
0.067310005,0.033904314,51687.273,0.2626263033982585,-0.1674051314248892,1.0358170941883769
0.067310005,0.035435066,51674.074,0.2626263033982585,-0.16131767369105812,1.0355525851703407
0.067310005,0.036965817,51660.875,0.2626263033982585,-0.15523021993400304,1.0352880761523047
0.067310005,0.038496573,51647.766,0.2626263033982585,-0.1491427462930682,1.035025370741483
0.067310005,0.040027324,51634.711,0.2626263033982585,-0.1430552925360131,1.03476374749499
0.067310005,0.041558076,51621.785,0.2626263033982585,-0.13696783480218205,1.0345047094188378
0.067310005,0.043088827,51608.98,0.2626263033982585,-0.13088038104512695,1.0342480961923848
0.067310005,0.044619579,51596.359,0.2626263033982585,-0.12479292331129592,1.0339951703406813
0.067310005,0.046150334,51583.953,0.2626263033982585,-0.11870545364713703,1.0337465531062124
0.067310005,0.047681086,51571.816,0.2626263033982585,-0.112617995913306,1.0335033266533067
0.067310005,0.049211837,51559.996,0.2626263033982585,-0.1065305421562509,1.0332664529058115
0.067310005,0.050742589,51548.555,0.2626263033982585,-0.10044308442241985,1.0330371743486975
0.067310005,0.052273341,51537.539,0.2626263033982585,-0.0943556266885888,1.0328164128256512
0.067310005,0.053804092,51527.008,0.2626263033982585,-0.08826817293153372,1.032605370741483
0.067310005,0.055334844,51517.008,0.2626263033982585,-0.08218071519770266,1.0324049699398798
0.067310005,0.056865599,51507.59,0.2626263033982585,-0.07609324553354377,1.0322162324649298
0.067310005,0.058396351,51498.781,0.2626263033982585,-0.07000578779971274,1.0320396993987977
0.067310005,0.059927102,51490.625,0.2626263033982585,-0.06391833404265762,1.03187625250501
0.067310005,0.061457854,51483.141,0.2626263033982585,-0.05783087630882659,1.0317262725450902
0.067310005,0.062988609,51476.355,0.2626263033982585,-0.0517434066446677,1.0315902805611223
0.067310005,0.064519361,51470.281,0.2626263033982585,-0.04565594891083667,1.0314685571142286
0.067310005,0.066050112,51464.941,0.2626263033982585,-0.03956849515378159,1.0313615430861722
0.067310005,0.067580864,51460.344,0.2626263033982585,-0.033481037419950496,1.0312694188376752
0.067310005,0.069111615,51456.5,0.2626263033982585,-0.027393583662895415,1.031192384769539
0.067310005,0.070642367,51453.414,0.2626263033982585,-0.021306125929064383,1.0311305410821643
0.067310005,0.072173119,51451.098,0.2626263033982585,-0.015218668195233353,1.031084128256513
0.067310005,0.07370387,51449.551,0.2626263033982585,-0.009131214438178213,1.031053126252505
0.067310005,0.075234622,51448.773,0.2626263033982585,-0.003043756704347182,1.0310375350701404
0.067310005,0.076765373,51448.773,0.2626263033982585,0.0030436970527079037,1.0310375350701404
0.067310005,0.078296125,51449.547,0.2626263033982585,0.009131154786538934,1.0310530460921843
0.067310005,0.079826877,51451.098,0.2626263033982585,0.015218612520370019,1.031084128256513
0.067310005,0.081357636,51453.414,0.2626263033982585,0.021306098091632662,1.0311305410821643
0.067310005,0.082888387,51456.5,0.2626263033982585,0.027393551848687747,1.031192384769539
0.067310005,0.084419131,51460.344,0.2626263033982585,0.03348097776831122,1.0312694188376752
0.067310005,0.08594989,51464.941,0.2626263033982585,0.039568463339573916,1.0313615430861722
0.067310005,0.087480649,51470.281,0.2626263033982585,0.04565594891083656,1.0314685571142286
0.067310005,0.089011393,51476.355,0.2626263033982585,0.051743374830460036,1.0315902805611223
0.067310005,0.090542138,51483.145,0.2626263033982585,0.057830804726859454,1.0317263527054108
0.067310005,0.092072897,51490.629,0.2626263033982585,0.06391829029812215,1.0318763326653306
0.067310005,0.093603656,51498.789,0.2626263033982585,0.07000577586938479,1.032039859719439
0.067310005,0.0951344,51507.598,0.2626263033982585,0.07609320178900826,1.0322163927855712
0.067310005,0.096665144,51517.02,0.2626263033982585,0.08218062770863174,1.0324052104208417
0.067310005,0.09819591,51527.02,0.2626263033982585,0.08826814111732605,1.0326056112224449
0.067310005,0.099726662,51537.551,0.2626263033982585,0.09435559885115707,1.0328166533066132
0.067310005,0.10125741,51548.566,0.2626263033982585,0.10044304067788438,1.0330373947895792
0.067310005,0.10278817,51560.008,0.2626263033982585,0.10653053022592297,1.0332666933867736
0.067310005,0.10431892,51571.828,0.2626263033982585,0.11261798000620211,1.0335035671342685
0.067310005,0.10584967,51583.965,0.2626263033982585,0.11870542978648131,1.0337467935871743
0.067310005,0.10738042,51596.375,0.2626263033982585,0.12479287956676045,1.033995490981964
0.067310005,0.10891117,51608.992,0.2626263033982585,0.13088032934703958,1.0342483366733466
0.067310005,0.11044192,51621.801,0.2626263033982585,0.13696777912731872,1.0345050300601202
0.067310005,0.11197267,51634.727,0.2626263033982585,0.14305522890759786,1.0347640681362724
0.067310005,0.11350343,51647.781,0.2626263033982585,0.1491427184556365,1.0350256713426855
0.067310005,0.11503418,51660.895,0.2626263033982585,0.15523016823591565,1.0352884769539077
0.067310005,0.11656493,51674.094,0.2626263033982585,0.1613176180161948,1.035552985971944
0.067310005,0.11809569,51687.293,0.2626263033982585,0.16740510756423344,1.0358174949899799
0.067310005,0.11962645,51700.562,0.2626263033982585,0.17349259711227202,1.0360834068136273
0.067310005,0.12115719,51713.754,0.2626263033982585,0.17958000712479172,1.0363477755511021
0.067310005,0.12268794,51726.984,0.2626263033982585,0.18566745690507086,1.0366129058116231
0.067310005,0.12421869,51740.016,0.2626263033982585,0.19175490668535006,1.0368740681362727
0.067310005,0.12574944,51753.031,0.2626263033982585,0.19784235646562914,1.0371348897795591
0.067310005,0.12728021,51765.641,0.2626263033982585,0.2039298857814273,1.0373875951903808
0.067310005,0.12881094,51778.145,0.2626263033982585,0.21001725602618754,1.0376381763527054
0.067310005,0.13034171,51789.941,0.2626263033982585,0.21610478534198557,1.0378745691382765
0.067310005,0.13187183,51801.449,0.2626263033982585,0.22218972975341833,1.0381051903807614
0.067310005,0.13330159,51811.605,0.2626263033982585,0.22787556493084896,1.0383087174348697
0.067310005,0.13454486,51819.652,0.2626263033982585,0.23281977116199554,1.03846997995992
0.067310005,0.13562597,51826.441,0.2626263033982585,0.23711910340563933,1.0386060320641282
0.067310005,0.13656607,51831.75,0.2626263033982585,0.240857670473051,1.0387124248496995
0.067310005,0.13738354,51836.223,0.2626263033982585,0.2441085655061294,1.0388020641282565
0.067310005,0.13809437,51839.727,0.2626263033982585,0.24693537715226088,1.0388722845691383
0.067310005,0.1387125,51842.684,0.2626263033982585,0.2493935416681413,1.0389315430861723
0.067310005,0.13925001,51845.035,0.2626263033982585,0.2515310985072058,1.0389786573146294
0.069849998,0.01275,51834.543,0.272727286465226,-0.25153109850720584,1.0387683967935872
0.069849998,0.0132875,51832.305,0.272727286465226,-0.24939358143590085,1.0387235470941885
0.069849998,0.013905625,51829.496,0.272727286465226,-0.24693543680390018,1.038667254509018
0.069849998,0.014616469,51826.184,0.272727286465226,-0.2441085694829054,1.038600881763527
0.069849998,0.01543394,51821.965,0.272727286465226,-0.24085767047305104,1.0385163326653306
0.069849998,0.016374029,51816.996,0.272727286465226,-0.23711914715017476,1.038416753507014
0.069849998,0.017455135,51810.672,0.272727286465226,-0.23281983081363486,1.0382900200400802
0.069849998,0.018698405,51803.238,0.272727286465226,-0.22787562458248825,1.0381410420841684
0.069849998,0.020128164,51793.914,0.272727286465226,-0.22218979338183356,1.0379541883767534
0.069849998,0.021658298,51783.422,0.272727286465226,-0.21610479329553753,1.0377439278557115
0.069849998,0.023189049,51772.738,0.272727286465226,-0.21001733953848242,1.0375298196392786
0.069849998,0.024719801,51761.457,0.272727286465226,-0.2039298818046514,1.03730374749499
0.069849998,0.026250554,51750.141,0.272727286465226,-0.19784242009404443,1.0370769739478958
0.069849998,0.027781306,51738.473,0.272727286465226,-0.19175496236021336,1.0368431462925851
0.069849998,0.029312057,51726.836,0.272727286465226,-0.18566750860315825,1.0366099398797595
0.069849998,0.030842811,51715.012,0.272727286465226,-0.17958004291577534,1.036372985971944
0.069849998,0.032373562,51703.234,0.272727286465226,-0.1734925891587202,1.0361369539078156
0.069849998,0.033904314,51691.348,0.272727286465226,-0.1674051314248892,1.03589875751503
0.069849998,0.035435066,51679.492,0.272727286465226,-0.16131767369105812,1.0356611623246492
0.069849998,0.036965817,51667.562,0.272727286465226,-0.15523021993400304,1.0354220841683366
0.069849998,0.038496573,51655.645,0.272727286465226,-0.1491427462930682,1.035183266533066
0.069849998,0.040027324,51643.672,0.272727286465226,-0.1430552925360131,1.0349433266533066
0.069849998,0.041558076,51631.707,0.272727286465226,-0.13696783480218205,1.0347035470941883
0.069849998,0.043088827,51619.734,0.272727286465226,-0.13088038104512695,1.0344636072144289
0.069849998,0.044619579,51607.805,0.272727286465226,-0.12479292331129592,1.0342245490981965
0.069849998,0.046150334,51595.938,0.272727286465226,-0.11870545364713703,1.033986733466934
0.069849998,0.047681086,51584.203,0.272727286465226,-0.112617995913306,1.0337515631262526
0.069849998,0.049211837,51572.641,0.272727286465226,-0.1065305421562509,1.033519859719439
0.069849998,0.050742589,51561.332,0.272727286465226,-0.10044308442241985,1.0332932264529058
0.069849998,0.052273341,51550.332,0.272727286465226,-0.0943556266885888,1.0330727855711423
0.069849998,0.053804092,51539.719,0.272727286465226,-0.08826817293153372,1.0328601002004008
0.069849998,0.055334844,51529.551,0.272727286465226,-0.08218071519770266,1.0326563326653306
0.069849998,0.056865599,51519.906,0.272727286465226,-0.07609324553354377,1.0324630460921844
0.069849998,0.058396351,51510.832,0.272727286465226,-0.07000578779971274,1.0322812024048096
0.069849998,0.059927102,51502.387,0.272727286465226,-0.06391833404265762,1.0321119639278558
0.069849998,0.061457854,51494.605,0.272727286465226,-0.05783087630882659,1.031956012024048
0.069849998,0.062988609,51487.531,0.272727286465226,-0.0517434066446677,1.031814248496994
0.069849998,0.064519361,51481.191,0.272727286465226,-0.04565594891083667,1.0316871943887775
0.069849998,0.066050112,51475.605,0.272727286465226,-0.03956849515378159,1.031575250501002
0.069849998,0.067580864,51470.789,0.272727286465226,-0.033481037419950496,1.03147873747495
0.069849998,0.069111615,51466.766,0.272727286465226,-0.027393583662895415,1.031398116232465
0.069849998,0.070642367,51463.535,0.272727286465226,-0.021306125929064383,1.031333366733467
0.069849998,0.072173119,51461.109,0.272727286465226,-0.015218668195233353,1.0312847494989978
0.069849998,0.07370387,51459.484,0.272727286465226,-0.009131214438178213,1.0312521843687374
0.069849998,0.075234622,51458.676,0.272727286465226,-0.003043756704347182,1.031235991983968
0.069849998,0.076765373,51458.676,0.272727286465226,0.0030436970527079037,1.031235991983968
0.069849998,0.078296125,51459.484,0.272727286465226,0.009131154786538934,1.0312521843687374
0.069849998,0.079826877,51461.109,0.272727286465226,0.015218612520370019,1.0312847494989978
0.069849998,0.081357636,51463.535,0.272727286465226,0.021306098091632662,1.031333366733467
0.069849998,0.082888387,51466.766,0.272727286465226,0.027393551848687747,1.031398116232465
0.069849998,0.084419131,51470.793,0.272727286465226,0.03348097776831122,1.0314788176352705
0.069849998,0.08594989,51475.605,0.272727286465226,0.039568463339573916,1.031575250501002
0.069849998,0.087480649,51481.191,0.272727286465226,0.04565594891083656,1.0316871943887775
0.069849998,0.089011393,51487.539,0.272727286465226,0.051743374830460036,1.0318144088176353
0.069849998,0.090542138,51494.613,0.272727286465226,0.057830804726859454,1.0319561723446893
0.069849998,0.092072897,51502.395,0.272727286465226,0.06391829029812215,1.032112124248497
0.069849998,0.093603656,51510.844,0.272727286465226,0.07000577586938479,1.0322814428857714
0.069849998,0.0951344,51519.918,0.272727286465226,0.07609320178900826,1.0324632865731462
0.069849998,0.096665144,51529.562,0.272727286465226,0.08218062770863174,1.0326565531062124
0.069849998,0.09819591,51539.73,0.272727286465226,0.08826814111732605,1.0328603206412825
0.069849998,0.099726662,51550.344,0.272727286465226,0.09435559885115707,1.0330730260521042
0.069849998,0.10125741,51561.344,0.272727286465226,0.10044304067788438,1.0332934669338676
0.069849998,0.10278817,51572.656,0.272727286465226,0.10653053022592297,1.0335201603206414
0.069849998,0.10431892,51584.219,0.272727286465226,0.11261798000620211,1.033751883767535
0.069849998,0.10584967,51595.953,0.272727286465226,0.11870542978648131,1.0339870340681363
0.069849998,0.10738042,51607.82,0.272727286465226,0.12479287956676045,1.0342248496993989
0.069849998,0.10891117,51619.75,0.272727286465226,0.13088032934703958,1.0344639278557115
0.069849998,0.11044192,51631.723,0.272727286465226,0.13696777912731872,1.034703867735471
0.069849998,0.11197267,51643.688,0.272727286465226,0.14305522890759786,1.0349436472945892
0.069849998,0.11350343,51655.66,0.272727286465226,0.1491427184556365,1.0351835671342686
0.069849998,0.11503418,51667.582,0.272727286465226,0.15523016823591565,1.0354224849699398
0.069849998,0.11656493,51679.508,0.272727286465226,0.1613176180161948,1.0356614829659319
0.069849998,0.11809569,51691.367,0.272727286465226,0.16740510756423344,1.035899138276553
0.069849998,0.11962645,51703.254,0.272727286465226,0.17349259711227202,1.0361373547094188
0.069849998,0.12115719,51715.035,0.272727286465226,0.17958000712479172,1.0363734468937877
0.069849998,0.12268794,51726.859,0.272727286465226,0.18566745690507086,1.036610400801603
0.069849998,0.12421869,51738.496,0.272727286465226,0.19175490668535006,1.036843607214429
0.069849998,0.12574944,51750.16,0.272727286465226,0.19784235646562914,1.037077354709419
0.069849998,0.12728021,51761.477,0.272727286465226,0.2039298857814273,1.0373041482965932
0.069849998,0.12881094,51772.758,0.272727286465226,0.21001725602618754,1.0375302204408818
0.069849998,0.13034171,51783.441,0.272727286465226,0.21610478534198557,1.0377443086172344
0.069849998,0.13187183,51793.934,0.272727286465226,0.22218972975341833,1.0379545891783568
0.069849998,0.13330159,51803.258,0.272727286465226,0.22787556493084896,1.0381414428857716
0.069849998,0.13454486,51810.688,0.272727286465226,0.23281977116199554,1.0382903406813628
0.069849998,0.13562597,51817.012,0.272727286465226,0.23711910340563933,1.0384170741482965
0.069849998,0.13656607,51821.977,0.272727286465226,0.240857670473051,1.0385165731462926
0.069849998,0.13738354,51826.191,0.272727286465226,0.2441085655061294,1.0386010220440882
0.069849998,0.13809437,51829.504,0.272727286465226,0.24693537715226088,1.0386674148296593
0.069849998,0.1387125,51832.309,0.272727286465226,0.2493935416681413,1.038723627254509
0.069849998,0.13925001,51834.547,0.272727286465226,0.2515310985072058,1.0387684769539078
0.072389998,0.01275,51821.355,0.28282829736962517,-0.25153109850720584,1.038504108216433
0.072389998,0.0132875,51819.309,0.28282829736962517,-0.24939358143590085,1.0384631062124248
0.072389998,0.013905625,51816.75,0.28282829736962517,-0.24693543680390018,1.0384118236472946
0.072389998,0.014616469,51813.75,0.28282829736962517,-0.2441085694829054,1.0383517034068137
0.072389998,0.01543394,51809.941,0.28282829736962517,-0.24085767047305104,1.038275370741483
0.072389998,0.016374029,51805.492,0.28282829736962517,-0.23711914715017476,1.0381862124248498
0.072389998,0.017455135,51799.852,0.28282829736962517,-0.23281983081363486,1.0380731863727455
0.072389998,0.018698405,51793.281,0.28282829736962517,-0.22787562458248825,1.0379415030060122
0.072389998,0.020128164,51785.082,0.28282829736962517,-0.22218979338183356,1.0377771943887777
0.072389998,0.021658298,51775.918,0.28282829736962517,-0.21610479329553753,1.0375935470941884
0.072389998,0.023189049,51766.625,0.28282829736962517,-0.21001733953848242,1.0374073146292586
0.072389998,0.024719801,51756.836,0.28282829736962517,-0.2039298818046514,1.0372111422845691
0.072389998,0.026250554,51747.043,0.28282829736962517,-0.19784242009404443,1.037014889779559
0.072389998,0.027781306,51736.926,0.28282829736962517,-0.19175496236021336,1.0368121442885772
0.072389998,0.029312057,51726.828,0.28282829736962517,-0.18566750860315825,1.0366097795591183
0.072389998,0.030842811,51716.52,0.28282829736962517,-0.17958004291577534,1.0364032064128257
0.072389998,0.032373562,51706.211,0.28282829736962517,-0.1734925891587202,1.036196613226453
0.072389998,0.033904314,51695.738,0.28282829736962517,-0.1674051314248892,1.035986733466934
0.072389998,0.035435066,51685.223,0.28282829736962517,-0.16131767369105812,1.035776012024048
0.072389998,0.036965817,51674.543,0.28282829736962517,-0.15523021993400304,1.0355619839679358
0.072389998,0.038496573,51663.773,0.28282829736962517,-0.1491427462930682,1.0353461523046092
0.072389998,0.040027324,51652.84,0.28282829736962517,-0.1430552925360131,1.0351270541082163
0.072389998,0.041558076,51641.793,0.28282829736962517,-0.13696783480218205,1.0349056713426854
0.072389998,0.043088827,51630.609,0.28282829736962517,-0.13088038104512695,1.0346815430861722
0.072389998,0.044619579,51619.336,0.28282829736962517,-0.12479292331129592,1.034455631262525
0.072389998,0.046150334,51607.996,0.28282829736962517,-0.11870545364713703,1.034228376753507
0.072389998,0.047681086,51596.656,0.28282829736962517,-0.112617995913306,1.034001122244489
0.072389998,0.049211837,51585.359,0.28282829736962517,-0.1065305421562509,1.0337747294589177
0.072389998,0.050742589,51574.199,0.28282829736962517,-0.10044308442241985,1.0335510821643286
0.072389998,0.052273341,51563.238,0.28282829736962517,-0.0943556266885888,1.0333314228456913
0.072389998,0.053804092,51552.574,0.28282829736962517,-0.08826817293153372,1.0331177154308617
0.072389998,0.055334844,51542.281,0.28282829736962517,-0.08218071519770266,1.0329114428857715
0.072389998,0.056865599,51532.449,0.28282829736962517,-0.07609324553354377,1.0327144088176352
0.072389998,0.058396351,51523.148,0.28282829736962517,-0.07000578779971274,1.0325280160320642
0.072389998,0.059927102,51514.449,0.28282829736962517,-0.06391833404265762,1.0323536873747494
0.072389998,0.061457854,51506.41,0.28282829736962517,-0.05783087630882659,1.0321925851703408
0.072389998,0.062988609,51499.082,0.28282829736962517,-0.0517434066446677,1.0320457314629259
0.072389998,0.064519361,51492.5,0.28282829736962517,-0.04565594891083667,1.0319138276553106
0.072389998,0.066050112,51486.695,0.28282829736962517,-0.03956849515378159,1.03179749498998
0.072389998,0.067580864,51481.691,0.28282829736962517,-0.033481037419950496,1.0316972144288576
0.072389998,0.069111615,51477.508,0.28282829736962517,-0.027393583662895415,1.031613386773547
0.072389998,0.070642367,51474.145,0.28282829736962517,-0.021306125929064383,1.0315459919839678
0.072389998,0.072173119,51471.621,0.28282829736962517,-0.015218668195233353,1.0314954108216432
0.072389998,0.07370387,51469.934,0.28282829736962517,-0.009131214438178213,1.0314616032064128
0.072389998,0.075234622,51469.09,0.28282829736962517,-0.003043756704347182,1.0314446893787574
0.072389998,0.076765373,51469.09,0.28282829736962517,0.0030436970527079037,1.0314446893787574
0.072389998,0.078296125,51469.934,0.28282829736962517,0.009131154786538934,1.0314616032064128
0.072389998,0.079826877,51471.621,0.28282829736962517,0.015218612520370019,1.0314954108216432
0.072389998,0.081357636,51474.148,0.28282829736962517,0.021306098091632662,1.0315460521042084
0.072389998,0.082888387,51477.508,0.28282829736962517,0.027393551848687747,1.031613386773547
0.072389998,0.084419131,51481.695,0.28282829736962517,0.03348097776831122,1.0316972945891782
0.072389998,0.08594989,51486.703,0.28282829736962517,0.039568463339573916,1.0317976553106212
0.072389998,0.087480649,51492.508,0.28282829736962517,0.04565594891083656,1.031913987975952
0.072389998,0.089011393,51499.09,0.28282829736962517,0.051743374830460036,1.032045891783567
0.072389998,0.090542138,51506.418,0.28282829736962517,0.057830804726859454,1.0321927454909818
0.072389998,0.092072897,51514.461,0.28282829736962517,0.06391829029812215,1.0323539278557115
0.072389998,0.093603656,51523.156,0.28282829736962517,0.07000577586938479,1.0325281763527054
0.072389998,0.0951344,51532.461,0.28282829736962517,0.07609320178900826,1.0327146492985972
0.072389998,0.096665144,51542.293,0.28282829736962517,0.08218062770863174,1.0329116833667333
0.072389998,0.09819591,51552.586,0.28282829736962517,0.08826814111732605,1.0331179559118238
0.072389998,0.099726662,51563.254,0.28282829736962517,0.09435559885115707,1.033331743486974
0.072389998,0.10125741,51574.215,0.28282829736962517,0.10044304067788438,1.0335514028056112
0.072389998,0.10278817,51585.375,0.28282829736962517,0.10653053022592297,1.0337750501002003
0.072389998,0.10431892,51596.672,0.28282829736962517,0.11261798000620211,1.0340014428857716
0.072389998,0.10584967,51608.012,0.28282829736962517,0.11870542978648131,1.0342286973947896
0.072389998,0.10738042,51619.352,0.28282829736962517,0.12479287956676045,1.0344559519038077
0.072389998,0.10891117,51630.625,0.28282829736962517,0.13088032934703958,1.0346818637274549
0.072389998,0.11044192,51641.809,0.28282829736962517,0.13696777912731872,1.034905991983968
0.072389998,0.11197267,51652.855,0.28282829736962517,0.14305522890759786,1.0351273547094189
0.072389998,0.11350343,51663.789,0.28282829736962517,0.1491427184556365,1.0353464729458917
0.072389998,0.11503418,51674.559,0.28282829736962517,0.15523016823591565,1.0355623046092184
0.072389998,0.11656493,51685.238,0.28282829736962517,0.1613176180161948,1.0357763126252504
0.072389998,0.11809569,51695.754,0.28282829736962517,0.16740510756423344,1.0359870541082163
0.072389998,0.11962645,51706.23,0.28282829736962517,0.17349259711227202,1.036196993987976
0.072389998,0.12115719,51716.539,0.28282829736962517,0.17958000712479172,1.0364035871743487
0.072389998,0.12268794,51726.844,0.28282829736962517,0.18566745690507086,1.0366101002004007
0.072389998,0.12421869,51736.941,0.28282829736962517,0.19175490668535006,1.0368124448897795
0.072389998,0.12574944,51747.059,0.28282829736962517,0.19784235646562914,1.0370152104208417
0.072389998,0.12728021,51756.855,0.28282829736962517,0.2039298857814273,1.0372115230460923
0.072389998,0.12881094,51766.641,0.28282829736962517,0.21001725602618754,1.0374076352705413
0.072389998,0.13034171,51775.93,0.28282829736962517,0.21610478534198557,1.0375937875751504
0.072389998,0.13187183,51785.094,0.28282829736962517,0.22218972975341833,1.0377774348697395
0.072389998,0.13330159,51793.293,0.28282829736962517,0.22787556493084896,1.037941743486974
0.072389998,0.13454486,51799.859,0.28282829736962517,0.23281977116199554,1.0380733266533066
0.072389998,0.13562597,51805.496,0.28282829736962517,0.23711910340563933,1.0381862925851704
0.072389998,0.13656607,51809.945,0.28282829736962517,0.240857670473051,1.0382754509018035
0.072389998,0.13738354,51813.75,0.28282829736962517,0.2441085655061294,1.0383517034068137
0.072389998,0.13809437,51816.75,0.28282829736962517,0.24693537715226088,1.0384118236472946
0.072389998,0.1387125,51819.309,0.28282829736962517,0.2493935416681413,1.0384631062124248
0.072389998,0.13925001,51821.352,0.28282829736962517,0.2515310985072058,1.0385040480961925
0.074929997,0.01275,51806.055,0.2929293042972484,-0.25153109850720584,1.03819749498998
0.074929997,0.0132875,51804.297,0.2929293042972484,-0.24939358143590085,1.038162264529058
0.074929997,0.013905625,51802.098,0.2929293042972484,-0.24693543680390018,1.0381181963927855
0.074929997,0.014616469,51799.539,0.2929293042972484,-0.2441085694829054,1.0380669138276553
0.074929997,0.01543394,51796.301,0.2929293042972484,-0.24085767047305104,1.0380020240480963
0.074929997,0.016374029,51792.543,0.2929293042972484,-0.23711914715017476,1.0379267134268537
0.074929997,0.017455135,51787.797,0.2929293042972484,-0.23281983081363486,1.0378316032064128
0.074929997,0.018698405,51782.312,0.2929293042972484,-0.22787562458248825,1.0377216833667335
0.074929997,0.020128164,51775.48,0.2929293042972484,-0.22218979338183356,1.0375847695390783
0.074929997,0.021658298,51767.891,0.2929293042972484,-0.21610479329553753,1.0374326853707416
0.074929997,0.023189049,51760.203,0.2929293042972484,-0.21001733953848242,1.037278617234469
0.074929997,0.024719801,51752.109,0.2929293042972484,-0.2039298818046514,1.0371164128256511
0.074929997,0.026250554,51743.988,0.2929293042972484,-0.19784242009404443,1.0369536673346693
0.074929997,0.027781306,51735.559,0.2929293042972484,-0.19175496236021336,1.0367847494989981
0.074929997,0.029312057,51727.094,0.2929293042972484,-0.18566750860315825,1.0366151102204408
0.074929997,0.030842811,51718.367,0.2929293042972484,-0.17958004291577534,1.0364402204408818
0.074929997,0.032373562,51709.559,0.2929293042972484,-0.1734925891587202,1.0362637074148298
0.074929997,0.033904314,51700.504,0.2929293042972484,-0.1674051314248892,1.036082244488978
0.074929997,0.035435066,51691.305,0.2929293042972484,-0.16131767369105812,1.0358978957915832
0.074929997,0.036965817,51681.84,0.2929293042972484,-0.15523021993400304,1.0357082164328657
0.074929997,0.038496573,51672.18,0.2929293042972484,-0.1491427462930682,1.0355146292585171
0.074929997,0.040027324,51662.242,0.2929293042972484,-0.1430552925360131,1.0353154709418837
0.074929997,0.041558076,51652.078,0.2929293042972484,-0.13696783480218205,1.0351117835671344
0.074929997,0.043088827,51641.656,0.2929293042972484,-0.13088038104512695,1.0349029258517035
0.074929997,0.044619579,51631.031,0.2929293042972484,-0.12479292331129592,1.03469
0.074929997,0.046150334,51620.219,0.2929293042972484,-0.11870545364713703,1.0344733266533066
0.074929997,0.047681086,51609.289,0.2929293042972484,-0.112617995913306,1.0342542885771542
0.074929997,0.049211837,51598.297,0.2929293042972484,-0.1065305421562509,1.034034008016032
0.074929997,0.050742589,51587.328,0.2929293042972484,-0.10044308442241985,1.0338141883767535
0.074929997,0.052273341,51576.465,0.2929293042972484,-0.0943556266885888,1.0335964929859718
0.074929997,0.053804092,51565.812,0.2929293042972484,-0.08826817293153372,1.033383006012024
0.074929997,0.055334844,51555.457,0.2929293042972484,-0.08218071519770266,1.033175490981964
0.074929997,0.056865599,51545.504,0.2929293042972484,-0.07609324553354377,1.0329760320641284
0.074929997,0.058396351,51536.039,0.2929293042972484,-0.07000578779971274,1.0327863527054109
0.074929997,0.059927102,51527.148,0.2929293042972484,-0.06391833404265762,1.0326081763527055
0.074929997,0.061457854,51518.902,0.2929293042972484,-0.05783087630882659,1.0324429258517034
0.074929997,0.062988609,51511.367,0.2929293042972484,-0.0517434066446677,1.0322919238476953
0.074929997,0.064519361,51504.582,0.2929293042972484,-0.04565594891083667,1.0321559519038077
0.074929997,0.066050112,51498.594,0.2929293042972484,-0.03956849515378159,1.0320359519038076
0.074929997,0.067580864,51493.426,0.2929293042972484,-0.033481037419950496,1.031932384769539
0.074929997,0.069111615,51489.098,0.2929293042972484,-0.027393583662895415,1.031845651302605
0.074929997,0.070642367,51485.625,0.2929293042972484,-0.021306125929064383,1.0317760521042083
0.074929997,0.072173119,51483.012,0.2929293042972484,-0.015218668195233353,1.0317236873747495
0.074929997,0.07370387,51481.27,0.2929293042972484,-0.009131214438178213,1.0316887775551102
0.074929997,0.075234622,51480.398,0.2929293042972484,-0.003043756704347182,1.0316713026052104
0.074929997,0.076765373,51480.398,0.2929293042972484,0.0030436970527079037,1.0316713026052104
0.074929997,0.078296125,51481.27,0.2929293042972484,0.009131154786538934,1.0316887775551102
0.074929997,0.079826877,51483.016,0.2929293042972484,0.015218612520370019,1.0317237675350701
0.074929997,0.081357636,51485.629,0.2929293042972484,0.021306098091632662,1.0317761322645291
0.074929997,0.082888387,51489.102,0.2929293042972484,0.027393551848687747,1.031845731462926
0.074929997,0.084419131,51493.43,0.2929293042972484,0.03348097776831122,1.0319324649298598
0.074929997,0.08594989,51498.602,0.2929293042972484,0.039568463339573916,1.0320361122244488
0.074929997,0.087480649,51504.59,0.2929293042972484,0.04565594891083656,1.032156112224449
0.074929997,0.089011393,51511.375,0.2929293042972484,0.051743374830460036,1.0322920841683367
0.074929997,0.090542138,51518.91,0.2929293042972484,0.057830804726859454,1.0324430861723448
0.074929997,0.092072897,51527.16,0.2929293042972484,0.06391829029812215,1.0326084168336673
0.074929997,0.093603656,51536.051,0.2929293042972484,0.07000577586938479,1.0327865931863727
0.074929997,0.0951344,51545.52,0.2929293042972484,0.07609320178900826,1.0329763527054108
0.074929997,0.096665144,51555.473,0.2929293042972484,0.08218062770863174,1.0331758116232466
0.074929997,0.09819591,51565.828,0.2929293042972484,0.08826814111732605,1.0333833266533066
0.074929997,0.099726662,51576.48,0.2929293042972484,0.09435559885115707,1.0335967935871744
0.074929997,0.10125741,51587.344,0.2929293042972484,0.10044304067788438,1.033814509018036
0.074929997,0.10278817,51598.312,0.2929293042972484,0.10653053022592297,1.0340343086172343
0.074929997,0.10431892,51609.305,0.2929293042972484,0.11261798000620211,1.0342546092184368
0.074929997,0.10584967,51620.234,0.2929293042972484,0.11870542978648131,1.034473627254509
0.074929997,0.10738042,51631.047,0.2929293042972484,0.12479287956676045,1.0346903206412825
0.074929997,0.10891117,51641.672,0.2929293042972484,0.13088032934703958,1.034903246492986
0.074929997,0.11044192,51652.094,0.2929293042972484,0.13696777912731872,1.0351121042084168
0.074929997,0.11197267,51662.258,0.2929293042972484,0.14305522890759786,1.0353157915831663
0.074929997,0.11350343,51672.195,0.2929293042972484,0.1491427184556365,1.0355149298597195
0.074929997,0.11503418,51681.859,0.2929293042972484,0.15523016823591565,1.0357085971943887
0.074929997,0.11656493,51691.32,0.2929293042972484,0.1613176180161948,1.0358981963927856
0.074929997,0.11809569,51700.52,0.2929293042972484,0.16740510756423344,1.0360825651302605
0.074929997,0.11962645,51709.574,0.2929293042972484,0.17349259711227202,1.0362640080160321
0.074929997,0.12115719,51718.383,0.2929293042972484,0.17958000712479172,1.0364405410821644
0.074929997,0.12268794,51727.105,0.2929293042972484,0.18566745690507086,1.0366153306613226
0.074929997,0.12421869,51735.574,0.2929293042972484,0.19175490668535006,1.0367850501002005
0.074929997,0.12574944,51744.0,0.2929293042972484,0.19784235646562914,1.0369539078156313
0.074929997,0.12728021,51752.121,0.2929293042972484,0.2039298857814273,1.0371166533066132
0.074929997,0.12881094,51760.215,0.2929293042972484,0.21001725602618754,1.0372788577154308
0.074929997,0.13034171,51767.898,0.2929293042972484,0.21610478534198557,1.0374328256513026
0.074929997,0.13187183,51775.488,0.2929293042972484,0.22218972975341833,1.0375849298597193
0.074929997,0.13330159,51782.316,0.2929293042972484,0.22787556493084896,1.0377217635270541
0.074929997,0.13454486,51787.797,0.2929293042972484,0.23281977116199554,1.0378316032064128
0.074929997,0.13562597,51792.543,0.2929293042972484,0.23711910340563933,1.0379267134268537
0.074929997,0.13656607,51796.297,0.2929293042972484,0.240857670473051,1.0380019438877754
0.074929997,0.13738354,51799.535,0.2929293042972484,0.2441085655061294,1.0380668336673347
0.074929997,0.13809437,51802.09,0.2929293042972484,0.24693537715226088,1.0381180360721443
0.074929997,0.1387125,51804.289,0.2929293042972484,0.2493935416681413,1.0381621042084168
0.074929997,0.13925001,51806.043,0.2929293042972484,0.2515310985072058,1.038197254509018
0.077470005,0.01275,51789.391,0.30303034701585513,-0.25153109850720584,1.0378635470941884
0.077470005,0.0132875,51788.012,0.30303034701585513,-0.24939358143590085,1.0378359118236473
0.077470005,0.013905625,51786.266,0.30303034701585513,-0.24693543680390018,1.0378009218436874
0.077470005,0.014616469,51784.273,0.30303034701585513,-0.2441085694829054,1.037760981963928
0.077470005,0.01543394,51781.73,0.30303034701585513,-0.24085767047305104,1.0377100200400802
0.077470005,0.016374029,51778.824,0.30303034701585513,-0.23711914715017476,1.0376517835671344
0.077470005,0.017455135,51775.133,0.30303034701585513,-0.23281983081363486,1.0375778156312625
0.077470005,0.018698405,51770.906,0.30303034701585513,-0.22787562458248825,1.0374931062124249
0.077470005,0.020128164,51765.629,0.30303034701585513,-0.22218979338183356,1.0373873547094188
0.077470005,0.021658298,51759.777,0.30303034701585513,-0.21610479329553753,1.0372700801603207
0.077470005,0.023189049,51753.828,0.30303034701585513,-0.21001733953848242,1.0371508617234468
0.077470005,0.024719801,51747.543,0.30303034701585513,-0.2039298818046514,1.0370249098196391
0.077470005,0.026250554,51741.172,0.30303034701585513,-0.19784242009404443,1.0368972344689378
0.077470005,0.027781306,51734.492,0.30303034701585513,-0.19175496236021336,1.0367633667334668
0.077470005,0.029312057,51727.691,0.30303034701585513,-0.18566750860315825,1.0366270741482966
0.077470005,0.030842811,51720.566,0.30303034701585513,-0.17958004291577534,1.0364842885771544
0.077470005,0.032373562,51713.258,0.30303034701585513,-0.1734925891587202,1.0363378356713426
0.077470005,0.033904314,51705.605,0.30303034701585513,-0.1674051314248892,1.0361844689378759
0.077470005,0.035435066,51697.695,0.30303034701585513,-0.16131767369105812,1.0360259519038075
0.077470005,0.036965817,51689.418,0.30303034701585513,-0.15523021993400304,1.0358600801603206
0.077470005,0.038496573,51680.832,0.30303034701585513,-0.1491427462930682,1.035688016032064
0.077470005,0.040027324,51671.859,0.30303034701585513,-0.1430552925360131,1.0355081963927855
0.077470005,0.041558076,51662.559,0.30303034701585513,-0.13696783480218205,1.0353218236472945
0.077470005,0.043088827,51652.895,0.30303034701585513,-0.13088038104512695,1.0351281563126251
0.077470005,0.044619579,51642.93,0.30303034701585513,-0.12479292331129592,1.0349284569138277
0.077470005,0.046150334,51632.672,0.30303034701585513,-0.11870545364713703,1.0347228857715431
0.077470005,0.047681086,51622.203,0.30303034701585513,-0.112617995913306,1.0345130861723446
0.077470005,0.049211837,51611.57,0.30303034701585513,-0.1065305421562509,1.0343
0.077470005,0.050742589,51600.875,0.30303034701585513,-0.10044308442241985,1.0340856713426854
0.077470005,0.052273341,51590.195,0.30303034701585513,-0.0943556266885888,1.033871643286573
0.077470005,0.053804092,51579.648,0.30303034701585513,-0.08826817293153372,1.0336602805611224
0.077470005,0.055334844,51569.324,0.30303034701585513,-0.08218071519770266,1.0334533867735471
0.077470005,0.056865599,51559.344,0.30303034701585513,-0.07609324553354377,1.033253386773547
0.077470005,0.058396351,51549.797,0.30303034701585513,-0.07000578779971274,1.0330620641282564
0.077470005,0.059927102,51540.793,0.30303034701585513,-0.06391833404265762,1.032881623246493
0.077470005,0.061457854,51532.402,0.30303034701585513,-0.05783087630882659,1.0327134669338678
0.077470005,0.062988609,51524.715,0.30303034701585513,-0.0517434066446677,1.0325594188376752
0.077470005,0.064519361,51517.773,0.30303034701585513,-0.04565594891083667,1.0324203006012025
0.077470005,0.066050112,51511.633,0.30303034701585513,-0.03956849515378159,1.032297254509018
0.077470005,0.067580864,51506.324,0.30303034701585513,-0.033481037419950496,1.032190861723447
0.077470005,0.069111615,51501.875,0.30303034701585513,-0.027393583662895415,1.0321017034068136
0.077470005,0.070642367,51498.301,0.30303034701585513,-0.021306125929064383,1.0320300801603206
0.077470005,0.072173119,51495.617,0.30303034701585513,-0.015218668195233353,1.0319762925851703
0.077470005,0.07370387,51493.82,0.30303034701585513,-0.009131214438178213,1.0319402805611222
0.077470005,0.075234622,51492.922,0.30303034701585513,-0.003043756704347182,1.0319222845691383
0.077470005,0.076765373,51492.922,0.30303034701585513,0.0030436970527079037,1.0319222845691383
0.077470005,0.078296125,51493.82,0.30303034701585513,0.009131154786538934,1.0319402805611222
0.077470005,0.079826877,51495.617,0.30303034701585513,0.015218612520370019,1.0319762925851703
0.077470005,0.081357636,51498.305,0.30303034701585513,0.021306098091632662,1.0320301603206412
0.077470005,0.082888387,51501.883,0.30303034701585513,0.027393551848687747,1.032101863727455
0.077470005,0.084419131,51506.328,0.30303034701585513,0.03348097776831122,1.0321909418837676
0.077470005,0.08594989,51511.641,0.30303034701585513,0.039568463339573916,1.0322974148296593
0.077470005,0.087480649,51517.781,0.30303034701585513,0.04565594891083656,1.0324204609218437
0.077470005,0.089011393,51524.723,0.30303034701585513,0.051743374830460036,1.0325595791583166
0.077470005,0.090542138,51532.414,0.30303034701585513,0.057830804726859454,1.0327137074148296
0.077470005,0.092072897,51540.805,0.30303034701585513,0.06391829029812215,1.0328818637274548
0.077470005,0.093603656,51549.809,0.30303034701585513,0.07000577586938479,1.0330623046092184
0.077470005,0.0951344,51559.355,0.30303034701585513,0.07609320178900826,1.033253607214429
0.077470005,0.096665144,51569.34,0.30303034701585513,0.08218062770863174,1.0334537074148296
0.077470005,0.09819591,51579.664,0.30303034701585513,0.08826814111732605,1.0336606012024048
0.077470005,0.099726662,51590.211,0.30303034701585513,0.09435559885115707,1.0338719639278557
0.077470005,0.10125741,51600.895,0.30303034701585513,0.10044304067788438,1.0340860721442886
0.077470005,0.10278817,51611.59,0.30303034701585513,0.10653053022592297,1.0343004008016032
0.077470005,0.10431892,51622.219,0.30303034701585513,0.11261798000620211,1.0345134068136272
0.077470005,0.10584967,51632.691,0.30303034701585513,0.11870542978648131,1.0347232665330661
0.077470005,0.10738042,51642.949,0.30303034701585513,0.12479287956676045,1.0349288376753507
0.077470005,0.10891117,51652.914,0.30303034701585513,0.13088032934703958,1.0351285370741483
0.077470005,0.11044192,51662.578,0.30303034701585513,0.13696777912731872,1.0353222044088177
0.077470005,0.11197267,51671.879,0.30303034701585513,0.14305522890759786,1.0355085971943887
0.077470005,0.11350343,51680.848,0.30303034701585513,0.1491427184556365,1.0356883366733467
0.077470005,0.11503418,51689.434,0.30303034701585513,0.15523016823591565,1.0358604008016032
0.077470005,0.11656493,51697.715,0.30303034701585513,0.1613176180161948,1.0360263527054108
0.077470005,0.11809569,51705.621,0.30303034701585513,0.16740510756423344,1.0361847895791583
0.077470005,0.11962645,51713.273,0.30303034701585513,0.17349259711227202,1.036338136272545
0.077470005,0.12115719,51720.582,0.30303034701585513,0.17958000712479172,1.036484609218437
0.077470005,0.12268794,51727.703,0.30303034701585513,0.18566745690507086,1.0366273146292586
0.077470005,0.12421869,51734.504,0.30303034701585513,0.19175490668535006,1.0367636072144288
0.077470005,0.12574944,51741.184,0.30303034701585513,0.19784235646562914,1.0368974749498998
0.077470005,0.12728021,51747.551,0.30303034701585513,0.2039298857814273,1.0370250701402806
0.077470005,0.12881094,51753.836,0.30303034701585513,0.21001725602618754,1.0371510220440883
0.077470005,0.13034171,51759.781,0.30303034701585513,0.21610478534198557,1.0372701603206413
0.077470005,0.13187183,51765.629,0.30303034701585513,0.22218972975341833,1.0373873547094188
0.077470005,0.13330159,51770.902,0.30303034701585513,0.22787556493084896,1.0374930260521043
0.077470005,0.13454486,51775.129,0.30303034701585513,0.23281977116199554,1.037577735470942
0.077470005,0.13562597,51778.82,0.30303034701585513,0.23711910340563933,1.0376517034068136
0.077470005,0.13656607,51781.723,0.30303034701585513,0.240857670473051,1.037709879759519
0.077470005,0.13738354,51784.266,0.30303034701585513,0.2441085655061294,1.0377608416833668
0.077470005,0.13809437,51786.254,0.30303034701585513,0.24693537715226088,1.0378006813627254
0.077470005,0.1387125,51788.0,0.30303034701585513,0.2493935416681413,1.0378356713426853
0.077470005,0.13925001,51789.379,0.30303034701585513,0.2515310985072058,1.0378633066132266
0.080009997,0.01275,51772.051,0.31313132610604677,-0.25153109850720584,1.0375160521042084
0.080009997,0.0132875,51771.098,0.31313132610604677,-0.24939358143590085,1.0374969539078156
0.080009997,0.013905625,51769.879,0.31313132610604677,-0.24693543680390018,1.0374725250501002
0.080009997,0.014616469,51768.52,0.31313132610604677,-0.2441085694829054,1.0374452905811622
0.080009997,0.01543394,51766.762,0.31313132610604677,-0.24085767047305104,1.0374100601202405
0.080009997,0.016374029,51764.797,0.31313132610604677,-0.23711914715017476,1.0373706813627255
0.080009997,0.017455135,51762.266,0.31313132610604677,-0.23281983081363486,1.0373199599198397
0.080009997,0.018698405,51759.406,0.31313132610604677,-0.22787562458248825,1.0372626452905813
0.080009997,0.020128164,51755.793,0.31313132610604677,-0.22218979338183356,1.0371902404809619
0.080009997,0.021658298,51751.766,0.31313132610604677,-0.21610479329553753,1.0371095390781564
0.080009997,0.023189049,51747.629,0.31313132610604677,-0.21001733953848242,1.037026633266533
0.080009997,0.024719801,51743.176,0.31313132610604677,-0.2039298818046514,1.0369373947895792
0.080009997,0.026250554,51738.574,0.31313132610604677,-0.19784242009404443,1.0368451703406814
0.080009997,0.027781306,51733.645,0.31313132610604677,-0.19175496236021336,1.0367463927855711
0.080009997,0.029312057,51728.488,0.31313132610604677,-0.18566750860315825,1.0366430460921843
0.080009997,0.030842811,51722.953,0.31313132610604677,-0.17958004291577534,1.036532124248497
0.080009997,0.032373562,51717.113,0.31313132610604677,-0.1734925891587202,1.0364150901803606
0.080009997,0.033904314,51710.836,0.31313132610604677,-0.1674051314248892,1.0362892985971945
0.080009997,0.035435066,51704.195,0.31313132610604677,-0.16131767369105812,1.0361562124248498
0.080009997,0.036965817,51697.078,0.31313132610604677,-0.15523021993400304,1.0360135871743488
0.080009997,0.038496573,51689.551,0.31313132610604677,-0.1491427462930682,1.035862745490982
0.080009997,0.040027324,51681.543,0.31313132610604677,-0.1430552925360131,1.0357022645290581
0.080009997,0.041558076,51673.109,0.31313132610604677,-0.13696783480218205,1.0355332464929858
0.080009997,0.043088827,51664.227,0.31313132610604677,-0.13088038104512695,1.035355250501002
0.080009997,0.044619579,51654.953,0.31313132610604677,-0.12479292331129592,1.0351693987975952
0.080009997,0.046150334,51645.309,0.31313132610604677,-0.11870545364713703,1.034976132264529
0.080009997,0.047681086,51635.367,0.31313132610604677,-0.112617995913306,1.0347768937875752
0.080009997,0.049211837,51625.184,0.31313132610604677,-0.1065305421562509,1.0345728256513027
0.080009997,0.050742589,51614.859,0.31313132610604677,-0.10044308442241985,1.0343659118236472
0.080009997,0.052273341,51604.477,0.31313132610604677,-0.0943556266885888,1.0341578557114228
0.080009997,0.053804092,51594.148,0.31313132610604677,-0.08826817293153372,1.033950861723447
0.080009997,0.055334844,51583.973,0.31313132610604677,-0.08218071519770266,1.0337469539078157
0.080009997,0.056865599,51574.078,0.31313132610604677,-0.07609324553354377,1.0335486573146293
0.080009997,0.058396351,51564.559,0.31313132610604677,-0.07000578779971274,1.0333578957915832
0.080009997,0.059927102,51555.531,0.31313132610604677,-0.06391833404265762,1.0331769739478958
0.080009997,0.061457854,51547.078,0.31313132610604677,-0.05783087630882659,1.0330075751503007
0.080009997,0.062988609,51539.297,0.31313132610604677,-0.0517434066446677,1.032851643286573
0.080009997,0.064519361,51532.25,0.31313132610604677,-0.04565594891083667,1.0327104208416833
0.080009997,0.066050112,51525.992,0.31313132610604677,-0.03956849515378159,1.03258501002004
0.080009997,0.067580864,51520.574,0.31313132610604677,-0.033481037419950496,1.0324764328657314
0.080009997,0.069111615,51516.023,0.31313132610604677,-0.027393583662895415,1.0323852304609218
0.080009997,0.070642367,51512.363,0.31313132610604677,-0.021306125929064383,1.032311883767535
0.080009997,0.072173119,51509.609,0.31313132610604677,-0.015218668195233353,1.0322566933867734
0.080009997,0.07370387,51507.77,0.31313132610604677,-0.009131214438178213,1.0322198396793587
0.080009997,0.075234622,51506.848,0.31313132610604677,-0.003043756704347182,1.032201362725451
0.080009997,0.076765373,51506.848,0.31313132610604677,0.0030436970527079037,1.032201362725451
0.080009997,0.078296125,51507.77,0.31313132610604677,0.009131154786538934,1.0322198396793587
0.080009997,0.079826877,51509.613,0.31313132610604677,0.015218612520370019,1.0322567735470942
0.080009997,0.081357636,51512.367,0.31313132610604677,0.021306098091632662,1.0323119639278557
0.080009997,0.082888387,51516.031,0.31313132610604677,0.027393551848687747,1.0323853907815632
0.080009997,0.084419131,51520.582,0.31313132610604677,0.03348097776831122,1.0324765931863729
0.080009997,0.08594989,51526.0,0.31313132610604677,0.039568463339573916,1.0325851703406814
0.080009997,0.087480649,51532.258,0.31313132610604677,0.04565594891083656,1.0327105811623247
0.080009997,0.089011393,51539.305,0.31313132610604677,0.051743374830460036,1.0328518036072145
0.080009997,0.090542138,51547.09,0.31313132610604677,0.057830804726859454,1.0330078156312625
0.080009997,0.092072897,51555.539,0.31313132610604677,0.06391829029812215,1.033177134268537
0.080009997,0.093603656,51564.57,0.31313132610604677,0.07000577586938479,1.033358116232465
0.080009997,0.0951344,51574.09,0.31313132610604677,0.07609320178900826,1.0335488977955911
0.080009997,0.096665144,51583.988,0.31313132610604677,0.08218062770863174,1.033747254509018
0.080009997,0.09819591,51594.16,0.31313132610604677,0.08826814111732605,1.0339511022044088
0.080009997,0.099726662,51604.492,0.31313132610604677,0.09435559885115707,1.0341581563126252
0.080009997,0.10125741,51614.879,0.31313132610604677,0.10044304067788438,1.0343663126252505
0.080009997,0.10278817,51625.203,0.31313132610604677,0.10653053022592297,1.0345732064128257
0.080009997,0.10431892,51635.387,0.31313132610604677,0.11261798000620211,1.0347772945891784
0.080009997,0.10584967,51645.328,0.31313132610604677,0.11870542978648131,1.0349765130260522
0.080009997,0.10738042,51654.973,0.31313132610604677,0.12479287956676045,1.0351697995991984
0.080009997,0.10891117,51664.246,0.31313132610604677,0.13088032934703958,1.035355631262525
0.080009997,0.11044192,51673.129,0.31313132610604677,0.13696777912731872,1.0355336472945893
0.080009997,0.11197267,51681.562,0.31313132610604677,0.14305522890759786,1.035702645290581
0.080009997,0.11350343,51689.57,0.31313132610604677,0.1491427184556365,1.035863126252505
0.080009997,0.11503418,51697.098,0.31313132610604677,0.15523016823591565,1.0360139879759518
0.080009997,0.11656493,51704.211,0.31313132610604677,0.1613176180161948,1.0361565330661324
0.080009997,0.11809569,51710.852,0.31313132610604677,0.16740510756423344,1.036289619238477
0.080009997,0.11962645,51717.129,0.31313132610604677,0.17349259711227202,1.0364154108216432
0.080009997,0.12115719,51722.965,0.31313132610604677,0.17958000712479172,1.0365323647294589
0.080009997,0.12268794,51728.5,0.31313132610604677,0.18566745690507086,1.0366432865731463
0.080009997,0.12421869,51733.652,0.31313132610604677,0.19175490668535006,1.0367465330661323
0.080009997,0.12574944,51738.582,0.31313132610604677,0.19784235646562914,1.0368453306613228
0.080009997,0.12728021,51743.18,0.31313132610604677,0.2039298857814273,1.0369374749498999
0.080009997,0.12881094,51747.629,0.31313132610604677,0.21001725602618754,1.037026633266533
0.080009997,0.13034171,51751.766,0.31313132610604677,0.21610478534198557,1.0371095390781564
0.080009997,0.13187183,51755.789,0.31313132610604677,0.22218972975341833,1.0371901603206413
0.080009997,0.13330159,51759.398,0.31313132610604677,0.22787556493084896,1.03726248496994
0.080009997,0.13454486,51762.258,0.31313132610604677,0.23281977116199554,1.0373197995991985
0.080009997,0.13562597,51764.785,0.31313132610604677,0.23711910340563933,1.0373704408817637
0.080009997,0.13656607,51766.75,0.31313132610604677,0.240857670473051,1.0374098196392785
0.080009997,0.13738354,51768.508,0.31313132610604677,0.2441085655061294,1.0374450501002004
0.080009997,0.13809437,51769.863,0.31313132610604677,0.24693537715226088,1.0374722044088176
0.080009997,0.1387125,51771.082,0.31313132610604677,0.2493935416681413,1.0374966332665332
0.080009997,0.13925001,51772.035,0.31313132610604677,0.2515310985072058,1.037515731462926
0.082549997,0.01275,51754.609,0.32323233701044596,-0.25153109850720584,1.0371665130260521
0.082549997,0.0132875,51754.102,0.32323233701044596,-0.24939358143590085,1.0371563527054108
0.082549997,0.013905625,51753.422,0.32323233701044596,-0.24693543680390018,1.0371427254509018
0.082549997,0.014616469,51752.723,0.32323233701044596,-0.2441085694829054,1.0371287174348698
0.082549997,0.01543394,51751.781,0.32323233701044596,-0.24085767047305104,1.0371098396793588
0.082549997,0.016374029,51750.785,0.32323233701044596,-0.23711914715017476,1.0370898797595192
0.082549997,0.017455135,51749.457,0.32323233701044596,-0.23281983081363486,1.0370632665330661
0.082549997,0.018698405,51747.996,0.32323233701044596,-0.22787562458248825,1.0370339879759518
0.082549997,0.020128164,51746.086,0.32323233701044596,-0.22218979338183356,1.0369957114228459
0.082549997,0.021658298,51743.906,0.32323233701044596,-0.21610479329553753,1.0369520240480963
0.082549997,0.023189049,51741.578,0.32323233701044596,-0.21001733953848242,1.036905370741483
0.082549997,0.024719801,51738.938,0.32323233701044596,-0.2039298818046514,1.0368524649298598
0.082549997,0.026250554,51736.09,0.32323233701044596,-0.19784242009404443,1.036795390781563
0.082549997,0.027781306,51732.855,0.32323233701044596,-0.19175496236021336,1.0367305611222446
0.082549997,0.029312057,51729.305,0.32323233701044596,-0.18566750860315825,1.0366594188376754
0.082549997,0.030842811,51725.305,0.32323233701044596,-0.17958004291577534,1.0365792585170341
0.082549997,0.032373562,51720.91,0.32323233701044596,-0.1734925891587202,1.0364911823647296
0.082549997,0.033904314,51715.984,0.32323233701044596,-0.1674051314248892,1.0363924649298597
0.082549997,0.035435066,51710.59,0.32323233701044596,-0.16131767369105812,1.036284368737475
0.082549997,0.036965817,51704.637,0.32323233701044596,-0.15523021993400304,1.0361650701402807
0.082549997,0.038496573,51698.172,0.32323233701044596,-0.1491427462930682,1.036035511022044
0.082549997,0.040027324,51691.145,0.32323233701044596,-0.1430552925360131,1.0358946893787575
0.082549997,0.041558076,51683.613,0.32323233701044596,-0.13696783480218205,1.03574374749499
0.082549997,0.043088827,51675.555,0.32323233701044596,-0.13088038104512695,1.0355822645290582
0.082549997,0.044619579,51667.035,0.32323233701044596,-0.12479292331129592,1.0354115230460923
0.082549997,0.046150334,51658.074,0.32323233701044596,-0.11870545364713703,1.0352319438877755
0.082549997,0.047681086,51648.754,0.32323233701044596,-0.112617995913306,1.0350451703406813
0.082549997,0.049211837,51639.129,0.32323233701044596,-0.1065305421562509,1.0348522845691384
0.082549997,0.050742589,51629.293,0.32323233701044596,-0.10044308442241985,1.0346551703406812
0.082549997,0.052273341,51619.332,0.32323233701044596,-0.0943556266885888,1.0344555511022044
0.082549997,0.053804092,51609.355,0.32323233701044596,-0.08826817293153372,1.034255611222445
0.082549997,0.055334844,51599.465,0.32323233701044596,-0.08218071519770266,1.0340574148296593
0.082549997,0.056865599,51589.781,0.32323233701044596,-0.07609324553354377,1.0338633466933869
0.082549997,0.058396351,51580.41,0.32323233701044596,-0.07000578779971274,1.0336755511022044
0.082549997,0.059927102,51571.469,0.32323233701044596,-0.06391833404265762,1.0334963727454909
0.082549997,0.061457854,51563.047,0.32323233701044596,-0.05783087630882659,1.0333275951903806
0.082549997,0.062988609,51555.25,0.32323233701044596,-0.0517434066446677,1.0331713426853708
0.082549997,0.064519361,51548.156,0.32323233701044596,-0.04565594891083667,1.0330291783567134
0.082549997,0.066050112,51541.832,0.32323233701044596,-0.03956849515378159,1.0329024448897797
0.082549997,0.067580864,51536.336,0.32323233701044596,-0.033481037419950496,1.0327923046092184
0.082549997,0.069111615,51531.707,0.32323233701044596,-0.027393583662895415,1.0326995390781564
0.082549997,0.070642367,51527.973,0.32323233701044596,-0.021306125929064383,1.0326247094188377
0.082549997,0.072173119,51525.16,0.32323233701044596,-0.015218668195233353,1.0325683366733467
0.082549997,0.07370387,51523.277,0.32323233701044596,-0.009131214438178213,1.032530601202405
0.082549997,0.075234622,51522.336,0.32323233701044596,-0.003043756704347182,1.032511743486974
0.082549997,0.076765373,51522.336,0.32323233701044596,0.0030436970527079037,1.032511743486974
0.082549997,0.078296125,51523.277,0.32323233701044596,0.009131154786538934,1.032530601202405
0.082549997,0.079826877,51525.164,0.32323233701044596,0.015218612520370019,1.0325684168336673
0.082549997,0.081357636,51527.977,0.32323233701044596,0.021306098091632662,1.0326247895791583
0.082549997,0.082888387,51531.711,0.32323233701044596,0.027393551848687747,1.032699619238477
0.082549997,0.084419131,51536.34,0.32323233701044596,0.03348097776831122,1.032792384769539
0.082549997,0.08594989,51541.84,0.32323233701044596,0.039568463339573916,1.0329026052104209
0.082549997,0.087480649,51548.164,0.32323233701044596,0.04565594891083656,1.0330293386773546
0.082549997,0.089011393,51555.262,0.32323233701044596,0.051743374830460036,1.0331715831663326
0.082549997,0.090542138,51563.059,0.32323233701044596,0.057830804726859454,1.0333278356713427
0.082549997,0.092072897,51571.477,0.32323233701044596,0.06391829029812215,1.0334965330661323
0.082549997,0.093603656,51580.422,0.32323233701044596,0.07000577586938479,1.0336757915831662
0.082549997,0.0951344,51589.793,0.32323233701044596,0.07609320178900826,1.0338635871743487
0.082549997,0.096665144,51599.477,0.32323233701044596,0.08218062770863174,1.0340576553106213
0.082549997,0.09819591,51609.367,0.32323233701044596,0.08826814111732605,1.0342558517034068
0.082549997,0.099726662,51619.348,0.32323233701044596,0.09435559885115707,1.0344558717434869
0.082549997,0.10125741,51629.309,0.32323233701044596,0.10044304067788438,1.0346554909819639
0.082549997,0.10278817,51639.148,0.32323233701044596,0.10653053022592297,1.0348526653306613
0.082549997,0.10431892,51648.773,0.32323233701044596,0.11261798000620211,1.0350455511022045
0.082549997,0.10584967,51658.094,0.32323233701044596,0.11870542978648131,1.0352323446893787
0.082549997,0.10738042,51667.055,0.32323233701044596,0.12479287956676045,1.0354119238476953
0.082549997,0.10891117,51675.574,0.32323233701044596,0.13088032934703958,1.0355826452905812
0.082549997,0.11044192,51683.633,0.32323233701044596,0.13696777912731872,1.0357441482965932
0.082549997,0.11197267,51691.168,0.32323233701044596,0.14305522890759786,1.035895150300601
0.082549997,0.11350343,51698.191,0.32323233701044596,0.1491427184556365,1.036035891783567
0.082549997,0.11503418,51704.652,0.32323233701044596,0.15523016823591565,1.036165370741483
0.082549997,0.11656493,51710.605,0.32323233701044596,0.1613176180161948,1.0362846693386774
0.082549997,0.11809569,51716.0,0.32323233701044596,0.16740510756423344,1.0363927855711423
0.082549997,0.11962645,51720.922,0.32323233701044596,0.17349259711227202,1.0364914228456914
0.082549997,0.12115719,51725.316,0.32323233701044596,0.17958000712479172,1.036579478957916
0.082549997,0.12268794,51729.312,0.32323233701044596,0.18566745690507086,1.0366595591182364
0.082549997,0.12421869,51732.863,0.32323233701044596,0.19175490668535006,1.0367307214428858
0.082549997,0.12574944,51736.094,0.32323233701044596,0.19784235646562914,1.0367954709418836
0.082549997,0.12728021,51738.941,0.32323233701044596,0.2039298857814273,1.0368525250501002
0.082549997,0.12881094,51741.574,0.32323233701044596,0.21001725602618754,1.0369052905811624
0.082549997,0.13034171,51743.898,0.32323233701044596,0.21610478534198557,1.0369518637274548
0.082549997,0.13187183,51746.078,0.32323233701044596,0.22218972975341833,1.0369955511022044
0.082549997,0.13330159,51747.988,0.32323233701044596,0.22787556493084896,1.0370338276553106
0.082549997,0.13454486,51749.445,0.32323233701044596,0.23281977116199554,1.037063026052104
0.082549997,0.13562597,51750.773,0.32323233701044596,0.23711910340563933,1.0370896392785571
0.082549997,0.13656607,51751.766,0.32323233701044596,0.240857670473051,1.0371095390781564
0.082549997,0.13738354,51752.707,0.32323233701044596,0.2441085655061294,1.0371283967935871
0.082549997,0.13809437,51753.406,0.32323233701044596,0.24693537715226088,1.0371424048096194
0.082549997,0.1387125,51754.086,0.32323233701044596,0.2493935416681413,1.0371560320641282
0.082549997,0.13925001,51754.594,0.32323233701044596,0.2515310985072058,1.0371662124248497
0.085089996,0.01275,51737.648,0.3333333439380692,-0.25153109850720584,1.036826613226453
0.085089996,0.0132875,51737.57,0.3333333439380692,-0.24939358143590085,1.0368250501002003
0.085089996,0.013905625,51737.418,0.3333333439380692,-0.24693543680390018,1.036822004008016
0.085089996,0.014616469,51737.348,0.3333333439380692,-0.2441085694829054,1.0368206012024048
0.085089996,0.01543394,51737.195,0.3333333439380692,-0.24085767047305104,1.0368175350701403
0.085089996,0.016374029,51737.137,0.3333333439380692,-0.23711914715017476,1.036816372745491
0.085089996,0.017455135,51736.977,0.3333333439380692,-0.23281983081363486,1.0368131663326654
0.085089996,0.018698405,51736.863,0.3333333439380692,-0.22787562458248825,1.036810881763527
0.085089996,0.020128164,51736.598,0.3333333439380692,-0.22218979338183356,1.0368055711422846
0.085089996,0.021658298,51736.203,0.3333333439380692,-0.21610479329553753,1.0367976553106213
0.085089996,0.023189049,51735.621,0.3333333439380692,-0.21001733953848242,1.036785991983968
0.085089996,0.024719801,51734.73,0.3333333439380692,-0.2039298818046514,1.0367681362725452
0.085089996,0.026250554,51733.566,0.3333333439380692,-0.19784242009404443,1.0367448096192384
0.085089996,0.027781306,51731.965,0.3333333439380692,-0.19175496236021336,1.0367127254509017
0.085089996,0.029312057,51729.969,0.3333333439380692,-0.18566750860315825,1.0366727254509018
0.085089996,0.030842811,51727.457,0.3333333439380692,-0.17958004291577534,1.036622384769539
0.085089996,0.032373562,51724.441,0.3333333439380692,-0.1734925891587202,1.0365619438877756
0.085089996,0.033904314,51720.848,0.3333333439380692,-0.1674051314248892,1.0364899398797596
0.085089996,0.035435066,51716.695,0.3333333439380692,-0.16131767369105812,1.0364067134268538
0.085089996,0.036965817,51711.906,0.3333333439380692,-0.15523021993400304,1.036310741482966
0.085089996,0.038496573,51706.535,0.3333333439380692,-0.1491427462930682,1.0362031062124248
0.085089996,0.040027324,51700.535,0.3333333439380692,-0.1430552925360131,1.036082865731463
0.085089996,0.041558076,51693.961,0.3333333439380692,-0.13696783480218205,1.035951122244489
0.085089996,0.043088827,51686.801,0.3333333439380692,-0.13088038104512695,1.035807635270541
0.085089996,0.044619579,51679.121,0.3333333439380692,-0.12479292331129592,1.0356537274549098
0.085089996,0.046150334,51670.945,0.3333333439380692,-0.11870545364713703,1.0354898797595191
0.085089996,0.047681086,51662.352,0.3333333439380692,-0.112617995913306,1.0353176753507014
0.085089996,0.049211837,51653.398,0.3333333439380692,-0.1065305421562509,1.035138236472946
0.085089996,0.050742589,51644.184,0.3333333439380692,-0.10044308442241985,1.0349535871743487
0.085089996,0.052273341,51634.777,0.3333333439380692,-0.0943556266885888,1.0347650701402806
0.085089996,0.053804092,51625.293,0.3333333439380692,-0.08826817293153372,1.03457501002004
0.085089996,0.055334844,51615.824,0.3333333439380692,-0.08218071519770266,1.034385250501002
0.085089996,0.056865599,51606.492,0.3333333439380692,-0.07609324553354377,1.0341982364729458
0.085089996,0.058396351,51597.398,0.3333333439380692,-0.07000578779971274,1.034015991983968
0.085089996,0.059927102,51588.66,0.3333333439380692,-0.06391833404265762,1.0338408817635272
0.085089996,0.061457854,51580.379,0.3333333439380692,-0.05783087630882659,1.0336749298597194
0.085089996,0.062988609,51572.664,0.3333333439380692,-0.0517434066446677,1.0335203206412824
0.085089996,0.064519361,51565.598,0.3333333439380692,-0.04565594891083667,1.0333787174348696
0.085089996,0.066050112,51559.266,0.3333333439380692,-0.03956849515378159,1.0332518236472947
0.085089996,0.067580864,51553.73,0.3333333439380692,-0.033481037419950496,1.033140881763527
0.085089996,0.069111615,51549.055,0.3333333439380692,-0.027393583662895415,1.0330471943887776
0.085089996,0.070642367,51545.27,0.3333333439380692,-0.021306125929064383,1.0329713426853706
0.085089996,0.072173119,51542.406,0.3333333439380692,-0.015218668195233353,1.0329139478957916
0.085089996,0.07370387,51540.492,0.3333333439380692,-0.009131214438178213,1.0328755911823646
0.085089996,0.075234622,51539.531,0.3333333439380692,-0.003043756704347182,1.0328563326653306
0.085089996,0.076765373,51539.531,0.3333333439380692,0.0030436970527079037,1.0328563326653306
0.085089996,0.078296125,51540.492,0.3333333439380692,0.009131154786538934,1.0328755911823646
0.085089996,0.079826877,51542.414,0.3333333439380692,0.015218612520370019,1.0329141082164328
0.085089996,0.081357636,51545.273,0.3333333439380692,0.021306098091632662,1.0329714028056112
0.085089996,0.082888387,51549.059,0.3333333439380692,0.027393551848687747,1.0330472745490982
0.085089996,0.084419131,51553.738,0.3333333439380692,0.03348097776831122,1.0331410420841682
0.085089996,0.08594989,51559.273,0.3333333439380692,0.039568463339573916,1.0332519639278557
0.085089996,0.087480649,51565.605,0.3333333439380692,0.04565594891083656,1.033378857715431
0.085089996,0.089011393,51572.672,0.3333333439380692,0.051743374830460036,1.0335204809619238
0.085089996,0.090542138,51580.391,0.3333333439380692,0.057830804726859454,1.0336751703406815
0.085089996,0.092072897,51588.672,0.3333333439380692,0.06391829029812215,1.033841122244489
0.085089996,0.093603656,51597.41,0.3333333439380692,0.07000577586938479,1.03401623246493
0.085089996,0.0951344,51606.504,0.3333333439380692,0.07609320178900826,1.0341984769539079
0.085089996,0.096665144,51615.836,0.3333333439380692,0.08218062770863174,1.034385490981964
0.085089996,0.09819591,51625.305,0.3333333439380692,0.08826814111732605,1.034575250501002
0.085089996,0.099726662,51634.789,0.3333333439380692,0.09435559885115707,1.0347653106212424
0.085089996,0.10125741,51644.199,0.3333333439380692,0.10044304067788438,1.034953887775551
0.085089996,0.10278817,51653.418,0.3333333439380692,0.10653053022592297,1.035138637274549
0.085089996,0.10431892,51662.371,0.3333333439380692,0.11261798000620211,1.0353180561122244
0.085089996,0.10584967,51670.961,0.3333333439380692,0.11870542978648131,1.0354902004008018
0.085089996,0.10738042,51679.141,0.3333333439380692,0.12479287956676045,1.035654128256513
0.085089996,0.10891117,51686.82,0.3333333439380692,0.13088032934703958,1.0358080160320642
0.085089996,0.11044192,51693.98,0.3333333439380692,0.13696777912731872,1.035951503006012
0.085089996,0.11197267,51700.555,0.3333333439380692,0.14305522890759786,1.0360832665330661
0.085089996,0.11350343,51706.555,0.3333333439380692,0.1491427184556365,1.036203507014028
0.085089996,0.11503418,51711.926,0.3333333439380692,0.15523016823591565,1.0363111422845692
0.085089996,0.11656493,51716.715,0.3333333439380692,0.1613176180161948,1.0364071142284568
0.085089996,0.11809569,51720.863,0.3333333439380692,0.16740510756423344,1.036490240480962
0.085089996,0.11962645,51724.453,0.3333333439380692,0.17349259711227202,1.0365621843687376
0.085089996,0.12115719,51727.465,0.3333333439380692,0.17958000712479172,1.0366225450901803
0.085089996,0.12268794,51729.98,0.3333333439380692,0.18566745690507086,1.0366729458917836
0.085089996,0.12421869,51731.969,0.3333333439380692,0.19175490668535006,1.0367128056112225
0.085089996,0.12574944,51733.57,0.3333333439380692,0.19784235646562914,1.036744889779559
0.085089996,0.12728021,51734.73,0.3333333439380692,0.2039298857814273,1.0367681362725452
0.085089996,0.12881094,51735.617,0.3333333439380692,0.21001725602618754,1.0367859118236473
0.085089996,0.13034171,51736.195,0.3333333439380692,0.21610478534198557,1.0367974949899799
0.085089996,0.13187183,51736.59,0.3333333439380692,0.22218972975341833,1.0368054108216431
0.085089996,0.13330159,51736.855,0.3333333439380692,0.22787556493084896,1.0368107214428859
0.085089996,0.13454486,51736.965,0.3333333439380692,0.23281977116199554,1.0368129258517034
0.085089996,0.13562597,51737.125,0.3333333439380692,0.23711910340563933,1.036816132264529
0.085089996,0.13656607,51737.18,0.3333333439380692,0.240857670473051,1.036817234468938
0.085089996,0.13738354,51737.332,0.3333333439380692,0.2441085655061294,1.0368202805611222
0.085089996,0.13809437,51737.402,0.3333333439380692,0.24693537715226088,1.0368216833667334
0.085089996,0.1387125,51737.555,0.3333333439380692,0.2493935416681413,1.036824749498998
0.085089996,0.13925001,51737.633,0.3333333439380692,0.2515310985072058,1.0368263126252506
0.087630004,0.01275,51721.738,0.3434343866566759,-0.25153109850720584,1.036507775551102
0.087630004,0.0132875,51722.043,0.3434343866566759,-0.24939358143590085,1.036513887775551
0.087630004,0.013905625,51722.363,0.3434343866566759,-0.24693543680390018,1.0365203006012023
0.087630004,0.014616469,51722.859,0.3434343866566759,-0.2441085694829054,1.0365302404809618
0.087630004,0.01543394,51723.414,0.3434343866566759,-0.24085767047305104,1.036541362725451
0.087630004,0.016374029,51724.191,0.3434343866566759,-0.23711914715017476,1.0365569338677354
0.087630004,0.017455135,51725.074,0.3434343866566759,-0.23281983081363486,1.036574629258517
0.087630004,0.018698405,51726.176,0.3434343866566759,-0.22787562458248825,1.0365967134268537
0.087630004,0.020128164,51727.395,0.3434343866566759,-0.22218979338183356,1.036621142284569
0.087630004,0.021658298,51728.621,0.3434343866566759,-0.21610479329553753,1.0366457114228458
0.087630004,0.023189049,51729.637,0.3434343866566759,-0.21001733953848242,1.0366660721442886
0.087630004,0.024719801,51730.367,0.3434343866566759,-0.2039298818046514,1.0366807014028057
0.087630004,0.026250554,51730.762,0.3434343866566759,-0.19784242009404443,1.036688617234469
0.087630004,0.027781306,51730.703,0.3434343866566759,-0.19175496236021336,1.0366874348697395
0.087630004,0.029312057,51730.18,0.3434343866566759,-0.18566750860315825,1.0366769539078156
0.087630004,0.030842811,51729.066,0.3434343866566759,-0.17958004291577534,1.036654629258517
0.087630004,0.032373562,51727.426,0.3434343866566759,-0.1734925891587202,1.036621763527054
0.087630004,0.033904314,51725.105,0.3434343866566759,-0.1674051314248892,1.036575250501002
0.087630004,0.035435066,51722.203,0.3434343866566759,-0.16131767369105812,1.0365170941883768
0.087630004,0.036965817,51718.605,0.3434343866566759,-0.15523021993400304,1.03644498997996
0.087630004,0.038496573,51714.363,0.3434343866566759,-0.1491427462930682,1.0363599799599197
0.087630004,0.040027324,51709.445,0.3434343866566759,-0.1430552925360131,1.0362614228456914
0.087630004,0.041558076,51703.906,0.3434343866566759,-0.13696783480218205,1.0361504208416834
0.087630004,0.043088827,51697.734,0.3434343866566759,-0.13088038104512695,1.0360267334669337
0.087630004,0.044619579,51690.996,0.3434343866566759,-0.12479292331129592,1.0358917034068136
0.087630004,0.046150334,51683.715,0.3434343866566759,-0.11870545364713703,1.0357457915831663
0.087630004,0.047681086,51675.973,0.3434343866566759,-0.112617995913306,1.035590641282565
0.087630004,0.049211837,51667.82,0.3434343866566759,-0.1065305421562509,1.035427254509018
0.087630004,0.050742589,51659.348,0.3434343866566759,-0.10044308442241985,1.0352574749498997
0.087630004,0.052273341,51650.633,0.3434343866566759,-0.0943556266885888,1.0350828256513027
0.087630004,0.053804092,51641.773,0.3434343866566759,-0.08826817293153372,1.0349052705410822
0.087630004,0.055334844,51632.867,0.3434343866566759,-0.08218071519770266,1.0347267935871742
0.087630004,0.056865599,51624.02,0.3434343866566759,-0.07609324553354377,1.034549498997996
0.087630004,0.058396351,51615.336,0.3434343866566759,-0.07000578779971274,1.0343754709418838
0.087630004,0.059927102,51606.934,0.3434343866566759,-0.06391833404265762,1.0342070941883768
0.087630004,0.061457854,51598.906,0.3434343866566759,-0.05783087630882659,1.0340462124248497
0.087630004,0.062988609,51591.375,0.3434343866566759,-0.0517434066446677,1.0338952905811623
0.087630004,0.064519361,51584.43,0.3434343866566759,-0.04565594891083667,1.033756112224449
0.087630004,0.066050112,51578.16,0.3434343866566759,-0.03956849515378159,1.0336304609218439
0.087630004,0.067580864,51572.652,0.3434343866566759,-0.033481037419950496,1.0335200801603206
0.087630004,0.069111615,51567.969,0.3434343866566759,-0.027393583662895415,1.0334262324649297
0.087630004,0.070642367,51564.16,0.3434343866566759,-0.021306125929064383,1.0333498997995993
0.087630004,0.072173119,51561.273,0.3434343866566759,-0.015218668195233353,1.0332920440881763
0.087630004,0.07370387,51559.328,0.3434343866566759,-0.009131214438178213,1.0332530661322645
0.087630004,0.075234622,51558.355,0.3434343866566759,-0.003043756704347182,1.0332335671342685
0.087630004,0.076765373,51558.355,0.3434343866566759,0.0030436970527079037,1.0332335671342685
0.087630004,0.078296125,51559.332,0.3434343866566759,0.009131154786538934,1.0332531462925851
0.087630004,0.079826877,51561.277,0.3434343866566759,0.015218612520370019,1.033292124248497
0.087630004,0.081357636,51564.168,0.3434343866566759,0.021306098091632662,1.0333500601202403
0.087630004,0.082888387,51567.977,0.3434343866566759,0.027393551848687747,1.0334263927855711
0.087630004,0.084419131,51572.66,0.3434343866566759,0.03348097776831122,1.033520240480962
0.087630004,0.08594989,51578.172,0.3434343866566759,0.039568463339573916,1.0336307014028057
0.087630004,0.087480649,51584.438,0.3434343866566759,0.04565594891083656,1.0337562725450902
0.087630004,0.089011393,51591.387,0.3434343866566759,0.051743374830460036,1.0338955310621243
0.087630004,0.090542138,51598.922,0.3434343866566759,0.057830804726859454,1.0340465330661321
0.087630004,0.092072897,51606.945,0.3434343866566759,0.06391829029812215,1.0342073146292585
0.087630004,0.093603656,51615.352,0.3434343866566759,0.07000577586938479,1.0343757915831664
0.087630004,0.0951344,51624.035,0.3434343866566759,0.07609320178900826,1.0345497995991986
0.087630004,0.096665144,51632.879,0.3434343866566759,0.08218062770863174,1.0347270340681363
0.087630004,0.09819591,51641.789,0.3434343866566759,0.08826814111732605,1.0349055911823646
0.087630004,0.099726662,51650.645,0.3434343866566759,0.09435559885115707,1.0350830661322645
0.087630004,0.10125741,51659.363,0.3434343866566759,0.10044304067788438,1.035257775551102
0.087630004,0.10278817,51667.836,0.3434343866566759,0.10653053022592297,1.0354275751503006
0.087630004,0.10431892,51675.988,0.3434343866566759,0.11261798000620211,1.0355909418837674
0.087630004,0.10584967,51683.734,0.3434343866566759,0.11870542978648131,1.0357461723446892
0.087630004,0.10738042,51691.016,0.3434343866566759,0.12479287956676045,1.0358921042084168
0.087630004,0.10891117,51697.754,0.3434343866566759,0.13088032934703958,1.036027134268537
0.087630004,0.11044192,51703.926,0.3434343866566759,0.13696777912731872,1.0361508216432866
0.087630004,0.11197267,51709.465,0.3434343866566759,0.14305522890759786,1.0362618236472945
0.087630004,0.11350343,51714.383,0.3434343866566759,0.1491427184556365,1.0363603807615231
0.087630004,0.11503418,51718.625,0.3434343866566759,0.15523016823591565,1.0364453907815632
0.087630004,0.11656493,51722.219,0.3434343866566759,0.1613176180161948,1.0365174148296592
0.087630004,0.11809569,51725.121,0.3434343866566759,0.16740510756423344,1.0365755711422846
0.087630004,0.11962645,51727.438,0.3434343866566759,0.17349259711227202,1.036622004008016
0.087630004,0.12115719,51729.074,0.3434343866566759,0.17958000712479172,1.0366547895791582
0.087630004,0.12268794,51730.188,0.3434343866566759,0.18566745690507086,1.036677114228457
0.087630004,0.12421869,51730.707,0.3434343866566759,0.19175490668535006,1.03668751503006
0.087630004,0.12574944,51730.762,0.3434343866566759,0.19784235646562914,1.036688617234469
0.087630004,0.12728021,51730.367,0.3434343866566759,0.2039298857814273,1.0366807014028057
0.087630004,0.12881094,51729.633,0.3434343866566759,0.21001725602618754,1.036665991983968
0.087630004,0.13034171,51728.617,0.3434343866566759,0.21610478534198557,1.036645631262525
0.087630004,0.13187183,51727.383,0.3434343866566759,0.22218972975341833,1.0366209018036072
0.087630004,0.13330159,51726.164,0.3434343866566759,0.22787556493084896,1.0365964729458916
0.087630004,0.13454486,51725.059,0.3434343866566759,0.23281977116199554,1.0365743286573146
0.087630004,0.13562597,51724.176,0.3434343866566759,0.23711910340563933,1.036556633266533
0.087630004,0.13656607,51723.398,0.3434343866566759,0.240857670473051,1.0365410420841683
0.087630004,0.13738354,51722.844,0.3434343866566759,0.2441085655061294,1.0365299398797594
0.087630004,0.13809437,51722.348,0.3434343866566759,0.24693537715226088,1.0365199999999999
0.087630004,0.1387125,51722.027,0.3434343866566759,0.2493935416681413,1.0365135671342687
0.087630004,0.13925001,51721.723,0.3434343866566759,0.2515310985072058,1.0365074749498997
0.090170003,0.01275,51707.34,0.35353539358429914,-0.25153109850720584,1.0362192384769537
0.090170003,0.0132875,51707.957,0.35353539358429914,-0.24939358143590085,1.036231603206413
0.090170003,0.013905625,51708.66,0.35353539358429914,-0.24693543680390018,1.0362456913827656
0.090170003,0.014616469,51709.613,0.35353539358429914,-0.2441085694829054,1.0362647895791584
0.090170003,0.01543394,51710.742,0.35353539358429914,-0.24085767047305104,1.0362874148296592
0.090170003,0.016374029,51712.203,0.35353539358429914,-0.23711914715017476,1.0363166933867736
0.090170003,0.017455135,51713.945,0.35353539358429914,-0.23281983081363486,1.0363516032064128
0.090170003,0.018698405,51716.051,0.35353539358429914,-0.22787562458248825,1.0363938076152304
0.090170003,0.020128164,51718.508,0.35353539358429914,-0.22218979338183356,1.0364430460921843
0.090170003,0.021658298,51721.109,0.35353539358429914,-0.21610479329553753,1.0364951703406813
0.090170003,0.023189049,51723.492,0.35353539358429914,-0.21001733953848242,1.0365429258517034
0.090170003,0.024719801,51725.633,0.35353539358429914,-0.2039298818046514,1.0365858316633267
0.090170003,0.026250554,51727.414,0.35353539358429914,-0.19784242009404443,1.0366215230460922
0.090170003,0.027781306,51728.723,0.35353539358429914,-0.19175496236021336,1.036647755511022
0.090170003,0.029312057,51729.566,0.35353539358429914,-0.18566750860315825,1.0366646492985971
0.090170003,0.030842811,51729.805,0.35353539358429914,-0.17958004291577534,1.0366694388777555
0.090170003,0.032373562,51729.43,0.35353539358429914,-0.1734925891587202,1.0366619238476953
0.090170003,0.033904314,51728.402,0.35353539358429914,-0.1674051314248892,1.0366413226452906
0.090170003,0.035435066,51726.707,0.35353539358429914,-0.16131767369105812,1.0366073547094188
0.090170003,0.036965817,51724.32,0.35353539358429914,-0.15523021993400304,1.036559519038076
0.090170003,0.038496573,51721.254,0.35353539358429914,-0.1491427462930682,1.0364980761523046
0.090170003,0.040027324,51717.488,0.35353539358429914,-0.1430552925360131,1.0364226052104208
0.090170003,0.041558076,51713.059,0.35353539358429914,-0.13696783480218205,1.0363338476953907
0.090170003,0.043088827,51707.973,0.35353539358429914,-0.13088038104512695,1.0362319238476954
0.090170003,0.044619579,51702.285,0.35353539358429914,-0.12479292331129592,1.0361179358717436
0.090170003,0.046150334,51696.023,0.35353539358429914,-0.11870545364713703,1.0359924448897795
0.090170003,0.047681086,51689.258,0.35353539358429914,-0.112617995913306,1.0358568737474951
0.090170003,0.049211837,51682.035,0.35353539358429914,-0.1065305421562509,1.035712124248497
0.090170003,0.050742589,51674.441,0.35353539358429914,-0.10044308442241985,1.0355599398797595
0.090170003,0.052273341,51666.547,0.35353539358429914,-0.0943556266885888,1.035401743486974
0.090170003,0.053804092,51658.449,0.35353539358429914,-0.08826817293153372,1.0352394589178358
0.090170003,0.055334844,51650.23,0.35353539358429914,-0.08218071519770266,1.035074749498998
0.090170003,0.056865599,51642.004,0.35353539358429914,-0.07609324553354377,1.0349098997995991
0.090170003,0.058396351,51633.859,0.35353539358429914,-0.07000578779971274,1.0347466733466932
0.090170003,0.059927102,51625.91,0.35353539358429914,-0.06391833404265762,1.0345873747494991
0.090170003,0.061457854,51618.262,0.35353539358429914,-0.05783087630882659,1.034434108216433
0.090170003,0.062988609,51611.023,0.35353539358429914,-0.0517434066446677,1.0342890380761522
0.090170003,0.064519361,51604.297,0.35353539358429914,-0.04565594891083667,1.0341542484969939
0.090170003,0.066050112,51598.18,0.35353539358429914,-0.03956849515378159,1.0340316633266533
0.090170003,0.067580864,51592.762,0.35353539358429914,-0.033481037419950496,1.0339230861723447
0.090170003,0.069111615,51588.125,0.35353539358429914,-0.027393583662895415,1.0338301603206412
0.090170003,0.070642367,51584.336,0.35353539358429914,-0.021306125929064383,1.033754228456914
0.090170003,0.072173119,51581.449,0.35353539358429914,-0.015218668195233353,1.033696372745491
0.090170003,0.07370387,51579.5,0.35353539358429914,-0.009131214438178213,1.0336573146292585
0.090170003,0.075234622,51578.52,0.35353539358429914,-0.003043756704347182,1.0336376753507013
0.090170003,0.076765373,51578.523,0.35353539358429914,0.0030436970527079037,1.0336377354709418
0.090170003,0.078296125,51579.504,0.35353539358429914,0.009131154786538934,1.033657394789579
0.090170003,0.079826877,51581.453,0.35353539358429914,0.015218612520370019,1.0336964529058117
0.090170003,0.081357636,51584.344,0.35353539358429914,0.021306098091632662,1.033754388777555
0.090170003,0.082888387,51588.133,0.35353539358429914,0.027393551848687747,1.0338303206412827
0.090170003,0.084419131,51592.77,0.35353539358429914,0.03348097776831122,1.033923246492986
0.090170003,0.08594989,51598.191,0.35353539358429914,0.039568463339573916,1.034031883767535
0.090170003,0.087480649,51604.309,0.35353539358429914,0.04565594891083656,1.034154488977956
0.090170003,0.089011393,51611.039,0.35353539358429914,0.051743374830460036,1.0342893587174349
0.090170003,0.090542138,51618.277,0.35353539358429914,0.057830804726859454,1.0344344088176354
0.090170003,0.092072897,51625.926,0.35353539358429914,0.06391829029812215,1.0345876953907815
0.090170003,0.093603656,51633.871,0.35353539358429914,0.07000577586938479,1.0347469138276553
0.090170003,0.0951344,51642.02,0.35353539358429914,0.07609320178900826,1.0349102204408818
0.090170003,0.096665144,51650.246,0.35353539358429914,0.08218062770863174,1.0350750701402804
0.090170003,0.09819591,51658.465,0.35353539358429914,0.08826814111732605,1.0352397795591182
0.090170003,0.099726662,51666.562,0.35353539358429914,0.09435559885115707,1.0354020440881764
0.090170003,0.10125741,51674.457,0.35353539358429914,0.10044304067788438,1.035560260521042
0.090170003,0.10278817,51682.051,0.35353539358429914,0.10653053022592297,1.0357124448897796
0.090170003,0.10431892,51689.273,0.35353539358429914,0.11261798000620211,1.0358571743486975
0.090170003,0.10584967,51696.039,0.35353539358429914,0.11870542978648131,1.0359927655310621
0.090170003,0.10738042,51702.305,0.35353539358429914,0.12479287956676045,1.0361183366733466
0.090170003,0.10891117,51707.988,0.35353539358429914,0.13088032934703958,1.0362322244488977
0.090170003,0.11044192,51713.074,0.35353539358429914,0.13696777912731872,1.036334148296593
0.090170003,0.11197267,51717.508,0.35353539358429914,0.14305522890759786,1.036423006012024
0.090170003,0.11350343,51721.27,0.35353539358429914,0.1491427184556365,1.036498396793587
0.090170003,0.11503418,51724.336,0.35353539358429914,0.15523016823591565,1.0365598396793587
0.090170003,0.11656493,51726.723,0.35353539358429914,0.1613176180161948,1.0366076753507014
0.090170003,0.11809569,51728.414,0.35353539358429914,0.16740510756423344,1.0366415631262524
0.090170003,0.11962645,51729.441,0.35353539358429914,0.17349259711227202,1.036662144288577
0.090170003,0.12115719,51729.812,0.35353539358429914,0.17958000712479172,1.0366695791583167
0.090170003,0.12268794,51729.574,0.35353539358429914,0.18566745690507086,1.0366648096192386
0.090170003,0.12421869,51728.727,0.35353539358429914,0.19175490668535006,1.0366478356713427
0.090170003,0.12574944,51727.414,0.35353539358429914,0.19784235646562914,1.0366215230460922
0.090170003,0.12728021,51725.629,0.35353539358429914,0.2039298857814273,1.0365857515030061
0.090170003,0.12881094,51723.484,0.35353539358429914,0.21001725602618754,1.036542765531062
0.090170003,0.13034171,51721.102,0.35353539358429914,0.21610478534198557,1.0364950300601201
0.090170003,0.13187183,51718.496,0.35353539358429914,0.22218972975341833,1.0364428056112225
0.090170003,0.13330159,51716.039,0.35353539358429914,0.22787556493084896,1.0363935671342686
0.090170003,0.13454486,51713.93,0.35353539358429914,0.23281977116199554,1.0363513026052105
0.090170003,0.13562597,51712.191,0.35353539358429914,0.23711910340563933,1.0363164529058115
0.090170003,0.13656607,51710.73,0.35353539358429914,0.240857670473051,1.0362871743486974
0.090170003,0.13738354,51709.598,0.35353539358429914,0.2441085655061294,1.036264488977956
0.090170003,0.13809437,51708.645,0.35353539358429914,0.24693537715226088,1.036245390781563
0.090170003,0.1387125,51707.941,0.35353539358429914,0.2493935416681413,1.0362312825651303
0.090170003,0.13925001,51707.328,0.35353539358429914,0.2515310985072058,1.036218997995992
0.092709996,0.01275,51694.824,0.36363637665126675,-0.25153109850720584,1.0359684168336674
0.092709996,0.0132875,51695.656,0.36363637665126675,-0.24939358143590085,1.0359850901803607
0.092709996,0.013905625,51696.633,0.36363637665126675,-0.24693543680390018,1.0360046693386773
0.092709996,0.014616469,51697.91,0.36363637665126675,-0.2441085694829054,1.036030260521042
0.092709996,0.01543394,51699.461,0.36363637665126675,-0.24085767047305104,1.0360613426853709
0.092709996,0.016374029,51701.414,0.36363637665126675,-0.23711914715017476,1.0361004809619239
0.092709996,0.017455135,51703.797,0.36363637665126675,-0.23281983081363486,1.036148236472946
0.092709996,0.018698405,51706.656,0.36363637665126675,-0.22787562458248825,1.0362055310621243
0.092709996,0.020128164,51710.062,0.36363637665126675,-0.22218979338183356,1.0362737875751502
0.092709996,0.021658298,51713.738,0.36363637665126675,-0.21610479329553753,1.0363474549098195
0.092709996,0.023189049,51717.211,0.36363637665126675,-0.21001733953848242,1.0364170541082165
0.092709996,0.024719801,51720.504,0.36363637665126675,-0.2039298818046514,1.0364830460921843
0.092709996,0.026250554,51723.445,0.36363637665126675,-0.19784242009404443,1.036541983967936
0.092709996,0.027781306,51725.949,0.36363637665126675,-0.19175496236021336,1.0365921643286573
0.092709996,0.029312057,51727.992,0.36363637665126675,-0.18566750860315825,1.0366331062124248
0.092709996,0.030842811,51729.434,0.36363637665126675,-0.17958004291577534,1.0366620040080161
0.092709996,0.032373562,51730.309,0.36363637665126675,-0.1734925891587202,1.0366795390781562
0.092709996,0.033904314,51730.504,0.36363637665126675,-0.1674051314248892,1.0366834468937876
0.092709996,0.035435066,51730.008,0.36363637665126675,-0.16131767369105812,1.036673507014028
0.092709996,0.036965817,51728.84,0.36363637665126675,-0.15523021993400304,1.0366501002004007
0.092709996,0.038496573,51726.973,0.36363637665126675,-0.1491427462930682,1.0366126853707414
0.092709996,0.040027324,51724.395,0.36363637665126675,-0.1430552925360131,1.0365610220440882
0.092709996,0.041558076,51721.168,0.36363637665126675,-0.13696783480218205,1.0364963527054107
0.092709996,0.043088827,51717.254,0.36363637665126675,-0.13088038104512695,1.0364179158316633
0.092709996,0.044619579,51712.73,0.36363637665126675,-0.12479292331129592,1.036327254509018
0.092709996,0.046150334,51707.598,0.36363637665126675,-0.11870545364713703,1.0362244088176353
0.092709996,0.047681086,51701.934,0.36363637665126675,-0.112617995913306,1.0361109018036072
0.092709996,0.049211837,51695.77,0.36363637665126675,-0.1065305421562509,1.035987374749499
0.092709996,0.050742589,51689.188,0.36363637665126675,-0.10044308442241985,1.035855470941884
0.092709996,0.052273341,51682.246,0.36363637665126675,-0.0943556266885888,1.0357163527054107
0.092709996,0.053804092,51675.035,0.36363637665126675,-0.08826817293153372,1.0355718436873749
0.092709996,0.055334844,51667.633,0.36363637665126675,-0.08218071519770266,1.035423507014028
0.092709996,0.056865599,51660.148,0.36363637665126675,-0.07609324553354377,1.035273507014028
0.092709996,0.058396351,51652.664,0.36363637665126675,-0.07000578779971274,1.0351235270541082
0.092709996,0.059927102,51645.293,0.36363637665126675,-0.06391833404265762,1.0349758116232464
0.092709996,0.061457854,51638.133,0.36363637665126675,-0.05783087630882659,1.0348323246492985
0.092709996,0.062988609,51631.301,0.36363637665126675,-0.0517434066446677,1.0346954108216433
0.092709996,0.064519361,51624.895,0.36363637665126675,-0.04565594891083667,1.034567034068136
0.092709996,0.066050112,51619.02,0.36363637665126675,-0.03956849515378159,1.0344492985971943
0.092709996,0.067580864,51613.777,0.36363637665126675,-0.033481037419950496,1.0343442284569138
0.092709996,0.069111615,51609.258,0.36363637665126675,-0.027393583662895415,1.0342536673346694
0.092709996,0.070642367,51605.543,0.36363637665126675,-0.021306125929064383,1.0341792184368737
0.092709996,0.072173119,51602.695,0.36363637665126675,-0.015218668195233353,1.034122144288577
0.092709996,0.07370387,51600.766,0.36363637665126675,-0.009131214438178213,1.034083486973948
0.092709996,0.075234622,51599.793,0.36363637665126675,-0.003043756704347182,1.034063987975952
0.092709996,0.076765373,51599.793,0.36363637665126675,0.0030436970527079037,1.034063987975952
0.092709996,0.078296125,51600.77,0.36363637665126675,0.009131154786538934,1.0340835671342685
0.092709996,0.079826877,51602.699,0.36363637665126675,0.015218612520370019,1.034122224448898
0.092709996,0.081357636,51605.547,0.36363637665126675,0.021306098091632662,1.0341792985971943
0.092709996,0.082888387,51609.266,0.36363637665126675,0.027393551848687747,1.0342538276553106
0.092709996,0.084419131,51613.785,0.36363637665126675,0.03348097776831122,1.0343443887775552
0.092709996,0.08594989,51619.031,0.36363637665126675,0.039568463339573916,1.0344495190380762
0.092709996,0.087480649,51624.906,0.36363637665126675,0.04565594891083656,1.034567254509018
0.092709996,0.089011393,51631.312,0.36363637665126675,0.051743374830460036,1.034695631262525
0.092709996,0.090542138,51638.148,0.36363637665126675,0.057830804726859454,1.0348326252505011
0.092709996,0.092072897,51645.309,0.36363637665126675,0.06391829029812215,1.034976132264529
0.092709996,0.093603656,51652.68,0.36363637665126675,0.07000577586938479,1.0351238476953908
0.092709996,0.0951344,51660.164,0.36363637665126675,0.07609320178900826,1.0352738276553106
0.092709996,0.096665144,51667.652,0.36363637665126675,0.08218062770863174,1.035423887775551
0.092709996,0.09819591,51675.051,0.36363637665126675,0.08826814111732605,1.0355721643286573
0.092709996,0.099726662,51682.262,0.36363637665126675,0.09435559885115707,1.0357166733466934
0.092709996,0.10125741,51689.203,0.36363637665126675,0.10044304067788438,1.0358557715430863
0.092709996,0.10278817,51695.785,0.36363637665126675,0.10653053022592297,1.0359876753507016
0.092709996,0.10431892,51701.949,0.36363637665126675,0.11261798000620211,1.0361112024048096
0.092709996,0.10584967,51707.613,0.36363637665126675,0.11870542978648131,1.0362247094188377
0.092709996,0.10738042,51712.746,0.36363637665126675,0.12479287956676045,1.0363275751503005
0.092709996,0.10891117,51717.27,0.36363637665126675,0.13088032934703958,1.0364182364729457
0.092709996,0.11044192,51721.184,0.36363637665126675,0.13696777912731872,1.0364966733466934
0.092709996,0.11197267,51724.406,0.36363637665126675,0.14305522890759786,1.03656124248497
0.092709996,0.11350343,51726.984,0.36363637665126675,0.1491427184556365,1.0366129058116231
0.092709996,0.11503418,51728.852,0.36363637665126675,0.15523016823591565,1.0366503406813627
0.092709996,0.11656493,51730.02,0.36363637665126675,0.1613176180161948,1.0366737474949899
0.092709996,0.11809569,51730.516,0.36363637665126675,0.16740510756423344,1.0366836873747496
0.092709996,0.11962645,51730.316,0.36363637665126675,0.17349259711227202,1.0366796793587174
0.092709996,0.12115719,51729.438,0.36363637665126675,0.17958000712479172,1.0366620841683367
0.092709996,0.12268794,51727.996,0.36363637665126675,0.18566745690507086,1.0366331863727454
0.092709996,0.12421869,51725.949,0.36363637665126675,0.19175490668535006,1.0365921643286573
0.092709996,0.12574944,51723.445,0.36363637665126675,0.19784235646562914,1.036541983967936
0.092709996,0.12728021,51720.5,0.36363637665126675,0.2039298857814273,1.0364829659318637
0.092709996,0.12881094,51717.207,0.36363637665126675,0.21001725602618754,1.036416973947896
0.092709996,0.13034171,51713.73,0.36363637665126675,0.21610478534198557,1.0363472945891785
0.092709996,0.13187183,51710.051,0.36363637665126675,0.22218972975341833,1.0362735671342684
0.092709996,0.13330159,51706.645,0.36363637665126675,0.22787556493084896,1.0362053106212423
0.092709996,0.13454486,51703.785,0.36363637665126675,0.23281977116199554,1.036147995991984
0.092709996,0.13562597,51701.402,0.36363637665126675,0.23711910340563933,1.036100240480962
0.092709996,0.13656607,51699.445,0.36363637665126675,0.240857670473051,1.0360610220440882
0.092709996,0.13738354,51697.898,0.36363637665126675,0.2441085655061294,1.0360300200400803
0.092709996,0.13809437,51696.617,0.36363637665126675,0.24693537715226088,1.0360043486973947
0.092709996,0.1387125,51695.641,0.36363637665126675,0.2493935416681413,1.0359847895791583
0.092709996,0.13925001,51694.812,0.36363637665126675,0.2515310985072058,1.0359681763527053
0.095249996,0.01275,51684.504,0.37373738755566593,-0.25153109850720584,1.0357616032064128
0.095249996,0.0132875,51685.453,0.37373738755566593,-0.24939358143590085,1.035780621242485
0.095249996,0.013905625,51686.586,0.37373738755566593,-0.24693543680390018,1.0358033266533067
0.095249996,0.014616469,51688.047,0.37373738755566593,-0.2441085694829054,1.0358326052104208
0.095249996,0.01543394,51689.848,0.37373738755566593,-0.24085767047305104,1.0358686973947895
0.095249996,0.016374029,51692.102,0.37373738755566593,-0.23711914715017476,1.035913867735471
0.095249996,0.017455135,51694.891,0.37373738755566593,-0.23281983081363486,1.0359697595190382
0.095249996,0.018698405,51698.242,0.37373738755566593,-0.22787562458248825,1.0360369138276553
0.095249996,0.020128164,51702.301,0.37373738755566593,-0.22218979338183356,1.036118256513026
0.095249996,0.021658298,51706.746,0.37373738755566593,-0.21610479329553753,1.0362073346693386
0.095249996,0.023189049,51711.027,0.37373738755566593,-0.21001733953848242,1.036293126252505
0.095249996,0.024719801,51715.219,0.37373738755566593,-0.2039298818046514,1.036377134268537
0.095249996,0.026250554,51719.086,0.37373738755566593,-0.19784242009404443,1.036454629258517
0.095249996,0.027781306,51722.59,0.37373738755566593,-0.19175496236021336,1.0365248496993986
0.095249996,0.029312057,51725.656,0.37373738755566593,-0.18566750860315825,1.0365862925851703
0.095249996,0.030842811,51728.172,0.37373738755566593,-0.17958004291577534,1.0366367134268537
0.095249996,0.032373562,51730.156,0.37373738755566593,-0.1734925891587202,1.036676472945892
0.095249996,0.033904314,51731.504,0.37373738755566593,-0.1674051314248892,1.036703486973948
0.095249996,0.035435066,51732.203,0.37373738755566593,-0.16131767369105812,1.03671749498998
0.095249996,0.036965817,51732.219,0.37373738755566593,-0.15523021993400304,1.0367178156312624
0.095249996,0.038496573,51731.578,0.37373738755566593,-0.1491427462930682,1.0367049699398798
0.095249996,0.040027324,51730.234,0.37373738755566593,-0.1430552925360131,1.0366780360721441
0.095249996,0.041558076,51728.23,0.37373738755566593,-0.13696783480218205,1.0366378757515031
0.095249996,0.043088827,51725.582,0.37373738755566593,-0.13088038104512695,1.0365848096192385
0.095249996,0.044619579,51722.301,0.37373738755566593,-0.12479292331129592,1.0365190581162325
0.095249996,0.046150334,51718.406,0.37373738755566593,-0.11870545364713703,1.036441002004008
0.095249996,0.047681086,51713.945,0.37373738755566593,-0.112617995913306,1.0363516032064128
0.095249996,0.049211837,51708.961,0.37373738755566593,-0.1065305421562509,1.0362517234468938
0.095249996,0.050742589,51703.512,0.37373738755566593,-0.10044308442241985,1.0361425250501002
0.095249996,0.052273341,51697.645,0.37373738755566593,-0.0943556266885888,1.0360249498997995
0.095249996,0.053804092,51691.449,0.37373738755566593,-0.08826817293153372,1.0359007815631263
0.095249996,0.055334844,51684.992,0.37373738755566593,-0.08218071519770266,1.035771382765531
0.095249996,0.056865599,51678.367,0.37373738755566593,-0.07609324553354377,1.035638617234469
0.095249996,0.058396351,51671.664,0.37373738755566593,-0.07000578779971274,1.0355042885771542
0.095249996,0.059927102,51664.984,0.37373738755566593,-0.06391833404265762,1.0353704208416834
0.095249996,0.061457854,51658.43,0.37373738755566593,-0.05783087630882659,1.0352390781563126
0.095249996,0.062988609,51652.113,0.37373738755566593,-0.0517434066446677,1.0351124849699398
0.095249996,0.064519361,51646.133,0.37373738755566593,-0.04565594891083667,1.034992645290581
0.095249996,0.066050112,51640.602,0.37373738755566593,-0.03956849515378159,1.0348818036072145
0.095249996,0.067580864,51635.629,0.37373738755566593,-0.033481037419950496,1.0347821442885772
0.095249996,0.069111615,51631.309,0.37373738755566593,-0.027393583662895415,1.0346955711422845
0.095249996,0.070642367,51627.73,0.37373738755566593,-0.021306125929064383,1.0346238476953908
0.095249996,0.072173119,51624.977,0.37373738755566593,-0.015218668195233353,1.0345686773547094
0.095249996,0.07370387,51623.102,0.37373738755566593,-0.009131214438178213,1.0345311022044088
0.095249996,0.075234622,51622.156,0.37373738755566593,-0.003043756704347182,1.0345121442885772
0.095249996,0.076765373,51622.156,0.37373738755566593,0.0030436970527079037,1.0345121442885772
0.095249996,0.078296125,51623.105,0.37373738755566593,0.009131154786538934,1.0345311623246494
0.095249996,0.079826877,51624.977,0.37373738755566593,0.015218612520370019,1.0345686773547094
0.095249996,0.081357636,51627.734,0.37373738755566593,0.021306098091632662,1.0346239278557114
0.095249996,0.082888387,51631.312,0.37373738755566593,0.027393551848687747,1.034695631262525
0.095249996,0.084419131,51635.633,0.37373738755566593,0.03348097776831122,1.0347822244488978
0.095249996,0.08594989,51640.613,0.37373738755566593,0.039568463339573916,1.034882024048096
0.095249996,0.087480649,51646.141,0.37373738755566593,0.04565594891083656,1.0349928056112225
0.095249996,0.089011393,51652.125,0.37373738755566593,0.051743374830460036,1.0351127254509018
0.095249996,0.090542138,51658.445,0.37373738755566593,0.057830804726859454,1.035239378757515
0.095249996,0.092072897,51665.0,0.37373738755566593,0.06391829029812215,1.035370741482966
0.095249996,0.093603656,51671.68,0.37373738755566593,0.07000577586938479,1.0355046092184368
0.095249996,0.0951344,51678.383,0.37373738755566593,0.07609320178900826,1.0356389378757516
0.095249996,0.096665144,51685.008,0.37373738755566593,0.08218062770863174,1.0357717034068137
0.095249996,0.09819591,51691.465,0.37373738755566593,0.08826814111732605,1.0359011022044087
0.095249996,0.099726662,51697.664,0.37373738755566593,0.09435559885115707,1.0360253306613225
0.095249996,0.10125741,51703.527,0.37373738755566593,0.10044304067788438,1.0361428256513026
0.095249996,0.10278817,51708.977,0.37373738755566593,0.10653053022592297,1.0362520440881764
0.095249996,0.10431892,51713.961,0.37373738755566593,0.11261798000620211,1.0363519238476955
0.095249996,0.10584967,51718.418,0.37373738755566593,0.11870542978648131,1.0364412424849698
0.095249996,0.10738042,51722.312,0.37373738755566593,0.12479287956676045,1.0365192785571142
0.095249996,0.10891117,51725.598,0.37373738755566593,0.13088032934703958,1.036585130260521
0.095249996,0.11044192,51728.242,0.37373738755566593,0.13696777912731872,1.036638116232465
0.095249996,0.11197267,51730.246,0.37373738755566593,0.14305522890759786,1.0366782765531062
0.095249996,0.11350343,51731.59,0.37373738755566593,0.1491427184556365,1.0367052104208416
0.095249996,0.11503418,51732.227,0.37373738755566593,0.15523016823591565,1.0367179759519038
0.095249996,0.11656493,51732.211,0.37373738755566593,0.1613176180161948,1.0367176553106212
0.095249996,0.11809569,51731.512,0.37373738755566593,0.16740510756423344,1.0367036472945892
0.095249996,0.11962645,51730.16,0.37373738755566593,0.17349259711227202,1.0366765531062125
0.095249996,0.12115719,51728.176,0.37373738755566593,0.17958000712479172,1.0366367935871743
0.095249996,0.12268794,51725.656,0.37373738755566593,0.18566745690507086,1.0365862925851703
0.095249996,0.12421869,51722.59,0.37373738755566593,0.19175490668535006,1.0365248496993986
0.095249996,0.12574944,51719.082,0.37373738755566593,0.19784235646562914,1.0364545490981965
0.095249996,0.12728021,51715.215,0.37373738755566593,0.2039298857814273,1.0363770541082165
0.095249996,0.12881094,51711.023,0.37373738755566593,0.21001725602618754,1.0362930460921844
0.095249996,0.13034171,51706.738,0.37373738755566593,0.21610478534198557,1.0362071743486974
0.095249996,0.13187183,51702.293,0.37373738755566593,0.22218972975341833,1.0361180961923848
0.095249996,0.13330159,51698.23,0.37373738755566593,0.22787556493084896,1.0360366733466935
0.095249996,0.13454486,51694.879,0.37373738755566593,0.23281977116199554,1.0359695190380762
0.095249996,0.13562597,51692.09,0.37373738755566593,0.23711910340563933,1.0359136272545089
0.095249996,0.13656607,51689.836,0.37373738755566593,0.240857670473051,1.0358684569138277
0.095249996,0.13738354,51688.035,0.37373738755566593,0.2441085655061294,1.035832364729459
0.095249996,0.13809437,51686.574,0.37373738755566593,0.24693537715226088,1.0358030861723446
0.095249996,0.1387125,51685.441,0.37373738755566593,0.2493935416681413,1.0357803807615231
0.095249996,0.13925001,51684.492,0.37373738755566593,0.2515310985072058,1.035761362725451
0.097790003,0.01275,51676.617,0.3838384262974967,-0.25153109850720584,1.0356035470941884
0.097790003,0.0132875,51677.59,0.3838384262974967,-0.24939358143590085,1.0356230460921843
0.097790003,0.013905625,51678.766,0.3838384262974967,-0.24693543680390018,1.035646613226453
0.097790003,0.014616469,51680.277,0.3838384262974967,-0.2441085694829054,1.035676893787575
0.097790003,0.01543394,51682.16,0.3838384262974967,-0.24085767047305104,1.035714629258517
0.097790003,0.016374029,51684.523,0.3838384262974967,-0.23711914715017476,1.035761983967936
0.097790003,0.017455135,51687.484,0.3838384262974967,-0.23281983081363486,1.0358213226452906
0.097790003,0.018698405,51691.07,0.3838384262974967,-0.22787562458248825,1.0358931863727454
0.097790003,0.020128164,51695.477,0.3838384262974967,-0.22218979338183356,1.035981503006012
0.097790003,0.021658298,51700.383,0.3838384262974967,-0.21610479329553753,1.0360798196392786
0.097790003,0.023189049,51705.199,0.3838384262974967,-0.21001733953848242,1.0361763326653306
0.097790003,0.024719801,51710.031,0.3838384262974967,-0.2039298818046514,1.0362731663326654
0.097790003,0.026250554,51714.602,0.3838384262974967,-0.19784242009404443,1.036364769539078
0.097790003,0.027781306,51718.91,0.3838384262974967,-0.19175496236021336,1.036451102204409
0.097790003,0.029312057,51722.824,0.3838384262974967,-0.18566750860315825,1.0365295390781564
0.097790003,0.030842811,51726.289,0.3838384262974967,-0.17958004291577534,1.0365989779559117
0.097790003,0.032373562,51729.254,0.3838384262974967,-0.1734925891587202,1.0366583967935872
0.097790003,0.033904314,51731.656,0.3838384262974967,-0.1674051314248892,1.0367065330661323
0.097790003,0.035435066,51733.488,0.3838384262974967,-0.16131767369105812,1.036743246492986
0.097790003,0.036965817,51734.684,0.3838384262974967,-0.15523021993400304,1.0367672144288578
0.097790003,0.038496573,51735.25,0.3838384262974967,-0.1491427462930682,1.0367785571142285
0.097790003,0.040027324,51735.184,0.3838384262974967,-0.1430552925360131,1.0367772344689379
0.097790003,0.041558076,51734.457,0.3838384262974967,-0.13696783480218205,1.0367626653306614
0.097790003,0.043088827,51733.09,0.3838384262974967,-0.13088038104512695,1.0367352705410822
0.097790003,0.044619579,51731.121,0.3838384262974967,-0.12479292331129592,1.0366958116232465
0.097790003,0.046150334,51728.535,0.3838384262974967,-0.11870545364713703,1.036643987975952
0.097790003,0.047681086,51725.375,0.3838384262974967,-0.112617995913306,1.0365806613226454
0.097790003,0.049211837,51721.664,0.3838384262974967,-0.1065305421562509,1.0365062925851702
0.097790003,0.050742589,51717.453,0.3838384262974967,-0.10044308442241985,1.0364219038076152
0.097790003,0.052273341,51712.781,0.3838384262974967,-0.0943556266885888,1.0363282765531063
0.097790003,0.053804092,51707.719,0.3838384262974967,-0.08826817293153372,1.0362268336673346
0.097790003,0.055334844,51702.324,0.3838384262974967,-0.08218071519770266,1.0361187174348698
0.097790003,0.056865599,51696.688,0.3838384262974967,-0.07609324553354377,1.0360057715430862
0.097790003,0.058396351,51690.883,0.3838384262974967,-0.07000578779971274,1.0358894388777555
0.097790003,0.059927102,51685.02,0.3838384262974967,-0.06391833404265762,1.0357719438877755
0.097790003,0.061457854,51679.188,0.3838384262974967,-0.05783087630882659,1.0356550701402807
0.097790003,0.062988609,51673.5,0.3838384262974967,-0.0517434066446677,1.0355410821643287
0.097790003,0.064519361,51668.059,0.3838384262974967,-0.04565594891083667,1.0354320440881764
0.097790003,0.066050112,51662.984,0.3838384262974967,-0.03956849515378159,1.0353303406813628
0.097790003,0.067580864,51658.379,0.3838384262974967,-0.033481037419950496,1.0352380561122245
0.097790003,0.069111615,51654.352,0.3838384262974967,-0.027393583662895415,1.0351573547094188
0.097790003,0.070642367,51650.996,0.3838384262974967,-0.021306125929064383,1.0350901002004007
0.097790003,0.072173119,51648.398,0.3838384262974967,-0.015218668195233353,1.0350380360721443
0.097790003,0.07370387,51646.629,0.3838384262974967,-0.009131214438178213,1.0350025851703406
0.097790003,0.075234622,51645.73,0.3838384262974967,-0.003043756704347182,1.0349845691382766
0.097790003,0.076765373,51645.73,0.3838384262974967,0.0030436970527079037,1.0349845691382766
0.097790003,0.078296125,51646.629,0.3838384262974967,0.009131154786538934,1.0350025851703406
0.097790003,0.079826877,51648.402,0.3838384262974967,0.015218612520370019,1.0350381162324649
0.097790003,0.081357636,51651.0,0.3838384262974967,0.021306098091632662,1.0350901803607215
0.097790003,0.082888387,51654.355,0.3838384262974967,0.027393551848687747,1.0351574148296594
0.097790003,0.084419131,51658.383,0.3838384262974967,0.03348097776831122,1.0352381362725451
0.097790003,0.08594989,51662.992,0.3838384262974967,0.039568463339573916,1.035330501002004
0.097790003,0.087480649,51668.066,0.3838384262974967,0.04565594891083656,1.0354321843687375
0.097790003,0.089011393,51673.508,0.3838384262974967,0.051743374830460036,1.03554124248497
0.097790003,0.090542138,51679.199,0.3838384262974967,0.057830804726859454,1.0356552905811622
0.097790003,0.092072897,51685.031,0.3838384262974967,0.06391829029812215,1.0357721643286573
0.097790003,0.093603656,51690.898,0.3838384262974967,0.07000577586938479,1.035889739478958
0.097790003,0.0951344,51696.699,0.3838384262974967,0.07609320178900826,1.036005991983968
0.097790003,0.096665144,51702.34,0.3838384262974967,0.08218062770863174,1.0361190380761522
0.097790003,0.09819591,51707.734,0.3838384262974967,0.08826814111732605,1.036227134268537
0.097790003,0.099726662,51712.797,0.3838384262974967,0.09435559885115707,1.0363285971943887
0.097790003,0.10125741,51717.469,0.3838384262974967,0.10044304067788438,1.0364222244488976
0.097790003,0.10278817,51721.68,0.3838384262974967,0.10653053022592297,1.0365066132264529
0.097790003,0.10431892,51725.391,0.3838384262974967,0.11261798000620211,1.036580981963928
0.097790003,0.10584967,51728.547,0.3838384262974967,0.11870542978648131,1.0366442284569137
0.097790003,0.10738042,51731.133,0.3838384262974967,0.12479287956676045,1.0366960521042083
0.097790003,0.10891117,51733.102,0.3838384262974967,0.13088032934703958,1.036735511022044
0.097790003,0.11044192,51734.465,0.3838384262974967,0.13696777912731872,1.0367628256513026
0.097790003,0.11197267,51735.191,0.3838384262974967,0.14305522890759786,1.036777374749499
0.097790003,0.11350343,51735.258,0.3838384262974967,0.1491427184556365,1.0367787174348697
0.097790003,0.11503418,51734.688,0.3838384262974967,0.15523016823591565,1.0367672945891784
0.097790003,0.11656493,51733.492,0.3838384262974967,0.1613176180161948,1.0367433266533066
0.097790003,0.11809569,51731.66,0.3838384262974967,0.16740510756423344,1.036706613226453
0.097790003,0.11962645,51729.254,0.3838384262974967,0.17349259711227202,1.0366583967935872
0.097790003,0.12115719,51726.289,0.3838384262974967,0.17958000712479172,1.0365989779559117
0.097790003,0.12268794,51722.824,0.3838384262974967,0.18566745690507086,1.0365295390781564
0.097790003,0.12421869,51718.906,0.3838384262974967,0.19175490668535006,1.0364510220440881
0.097790003,0.12574944,51714.598,0.3838384262974967,0.19784235646562914,1.0363646893787575
0.097790003,0.12728021,51710.027,0.3838384262974967,0.2039298857814273,1.0362730861723448
0.097790003,0.12881094,51705.191,0.3838384262974967,0.21001725602618754,1.0361761723446894
0.097790003,0.13034171,51700.375,0.3838384262974967,0.21610478534198557,1.0360796593186372
0.097790003,0.13187183,51695.469,0.3838384262974967,0.22218972975341833,1.0359813426853708
0.097790003,0.13330159,51691.059,0.3838384262974967,0.22787556493084896,1.0358929659318636
0.097790003,0.13454486,51687.477,0.3838384262974967,0.23281977116199554,1.0358211823647294
0.097790003,0.13562597,51684.512,0.3838384262974967,0.23711910340563933,1.0357617635270542
0.097790003,0.13656607,51682.152,0.3838384262974967,0.240857670473051,1.0357144689378759
0.097790003,0.13738354,51680.266,0.3838384262974967,0.2441085655061294,1.0356766733466936
0.097790003,0.13809437,51678.754,0.3838384262974967,0.24693537715226088,1.035646372745491
0.097790003,0.1387125,51677.578,0.3838384262974967,0.2493935416681413,1.0356228056112224
0.097790003,0.13925001,51676.605,0.3838384262974967,0.2515310985072058,1.0356033066132264
0.10033,0.01275,51671.305,0.39393942527156806,-0.25153109850720584,1.0354970941883768
0.10033,0.0132875,51672.199,0.39393942527156806,-0.24939358143590085,1.03551501002004
0.10033,0.013905625,51673.301,0.39393942527156806,-0.24693543680390018,1.0355370941883768
0.10033,0.014616469,51674.723,0.39393942527156806,-0.2441085694829054,1.0355655911823647
0.10033,0.01543394,51676.531,0.39393942527156806,-0.24085767047305104,1.0356018236472946
0.10033,0.016374029,51678.805,0.39393942527156806,-0.23711914715017476,1.0356473947895792
0.10033,0.017455135,51681.707,0.39393942527156806,-0.23281983081363486,1.0357055511022044
0.10033,0.018698405,51685.258,0.39393942527156806,-0.22787562458248825,1.0357767134268538
0.10033,0.020128164,51689.715,0.39393942527156806,-0.22218979338183356,1.0358660320641282
0.10033,0.021658298,51694.777,0.39393942527156806,-0.21610479329553753,1.0359674749499
0.10033,0.023189049,51699.848,0.39393942527156806,-0.21001733953848242,1.0360690981963927
0.10033,0.024719801,51705.066,0.39393942527156806,-0.2039298818046514,1.0361736673346693
0.10033,0.026250554,51710.117,0.39393942527156806,-0.19784242009404443,1.036274889779559
0.10033,0.027781306,51715.031,0.39393942527156806,-0.19175496236021336,1.036373366733467
0.10033,0.029312057,51719.641,0.39393942527156806,-0.18566750860315825,1.036465751503006
0.10033,0.030842811,51723.914,0.39393942527156806,-0.17958004291577534,1.036551382765531
0.10033,0.032373562,51727.766,0.39393942527156806,-0.1734925891587202,1.0366285771543087
0.10033,0.033904314,51731.145,0.39393942527156806,-0.1674051314248892,1.0366962925851704
0.10033,0.035435066,51734.031,0.39393942527156806,-0.16131767369105812,1.0367541282565131
0.10033,0.036965817,51736.363,0.39393942527156806,-0.15523021993400304,1.0368008617234468
0.10033,0.038496573,51738.133,0.39393942527156806,-0.1491427462930682,1.0368363326653307
0.10033,0.040027324,51739.312,0.39393942527156806,-0.1430552925360131,1.0368599599198396
0.10033,0.041558076,51739.91,0.39393942527156806,-0.13696783480218205,1.0368719438877756
0.10033,0.043088827,51739.875,0.39393942527156806,-0.13088038104512695,1.03687124248497
0.10033,0.044619579,51739.242,0.39393942527156806,-0.12479292331129592,1.0368585571142284
0.10033,0.046150334,51738.023,0.39393942527156806,-0.11870545364713703,1.036834128256513
0.10033,0.047681086,51736.23,0.39393942527156806,-0.112617995913306,1.0367981963927857
0.10033,0.049211837,51733.875,0.39393942527156806,-0.1065305421562509,1.036751002004008
0.10033,0.050742589,51730.992,0.39393942527156806,-0.10044308442241985,1.0366932264529058
0.10033,0.052273341,51727.613,0.39393942527156806,-0.0943556266885888,1.0366255110220441
0.10033,0.053804092,51723.793,0.39393942527156806,-0.08826817293153372,1.0365489579158316
0.10033,0.055334844,51719.578,0.39393942527156806,-0.08218071519770266,1.036464488977956
0.10033,0.056865599,51715.047,0.39393942527156806,-0.07609324553354377,1.0363736873747496
0.10033,0.058396351,51710.27,0.39393942527156806,-0.07000578779971274,1.0362779559118236
0.10033,0.059927102,51705.344,0.39393942527156806,-0.06391833404265762,1.036179238476954
0.10033,0.061457854,51700.359,0.39393942527156806,-0.05783087630882659,1.0360793386773546
0.10033,0.062988609,51695.43,0.39393942527156806,-0.0517434066446677,1.0359805611222446
0.10033,0.064519361,51690.656,0.39393942527156806,-0.04565594891083667,1.0358848897795592
0.10033,0.066050112,51686.152,0.39393942527156806,-0.03956849515378159,1.0357946292585172
0.10033,0.067580864,51682.031,0.39393942527156806,-0.033481037419950496,1.0357120440881764
0.10033,0.069111615,51678.402,0.39393942527156806,-0.027393583662895415,1.0356393186372745
0.10033,0.070642367,51675.363,0.39393942527156806,-0.021306125929064383,1.0355784168336672
0.10033,0.072173119,51672.996,0.39393942527156806,-0.015218668195233353,1.0355309819639278
0.10033,0.07370387,51671.379,0.39393942527156806,-0.009131214438178213,1.0354985771543086
0.10033,0.075234622,51670.559,0.39393942527156806,-0.003043756704347182,1.035482144288577
0.10033,0.076765373,51670.559,0.39393942527156806,0.0030436970527079037,1.035482144288577
0.10033,0.078296125,51671.379,0.39393942527156806,0.009131154786538934,1.0354985771543086
0.10033,0.079826877,51673.0,0.39393942527156806,0.015218612520370019,1.0355310621242484
0.10033,0.081357636,51675.363,0.39393942527156806,0.021306098091632662,1.0355784168336672
0.10033,0.082888387,51678.406,0.39393942527156806,0.027393551848687747,1.0356393987975951
0.10033,0.084419131,51682.035,0.39393942527156806,0.03348097776831122,1.035712124248497
0.10033,0.08594989,51686.16,0.39393942527156806,0.039568463339573916,1.0357947895791584
0.10033,0.087480649,51690.66,0.39393942527156806,0.04565594891083656,1.0358849699398798
0.10033,0.089011393,51695.438,0.39393942527156806,0.051743374830460036,1.0359807214428858
0.10033,0.090542138,51700.367,0.39393942527156806,0.057830804726859454,1.036079498997996
0.10033,0.092072897,51705.352,0.39393942527156806,0.06391829029812215,1.0361793987975951
0.10033,0.093603656,51710.281,0.39393942527156806,0.07000577586938479,1.0362781763527054
0.10033,0.0951344,51715.059,0.39393942527156806,0.07609320178900826,1.0363739278557114
0.10033,0.096665144,51719.59,0.39393942527156806,0.08218062770863174,1.0364647294589178
0.10033,0.09819591,51723.805,0.39393942527156806,0.08826814111732605,1.0365491983967936
0.10033,0.099726662,51727.625,0.39393942527156806,0.09435559885115707,1.036625751503006
0.10033,0.10125741,51731.004,0.39393942527156806,0.10044304067788438,1.0366934669338677
0.10033,0.10278817,51733.887,0.39393942527156806,0.10653053022592297,1.03675124248497
0.10033,0.10431892,51736.242,0.39393942527156806,0.11261798000620211,1.0367984368737475
0.10033,0.10584967,51738.035,0.39393942527156806,0.11870542978648131,1.036834368737475
0.10033,0.10738042,51739.25,0.39393942527156806,0.12479287956676045,1.0368587174348698
0.10033,0.10891117,51739.879,0.39393942527156806,0.13088032934703958,1.0368713226452906
0.10033,0.11044192,51739.914,0.39393942527156806,0.13696777912731872,1.0368720240480962
0.10033,0.11197267,51739.316,0.39393942527156806,0.14305522890759786,1.0368600400801602
0.10033,0.11350343,51738.137,0.39393942527156806,0.1491427184556365,1.0368364128256513
0.10033,0.11503418,51736.363,0.39393942527156806,0.15523016823591565,1.0368008617234468
0.10033,0.11656493,51734.027,0.39393942527156806,0.1613176180161948,1.0367540480961923
0.10033,0.11809569,51731.141,0.39393942527156806,0.16740510756423344,1.0366962124248498
0.10033,0.11962645,51727.762,0.39393942527156806,0.17349259711227202,1.036628496993988
0.10033,0.12115719,51723.91,0.39393942527156806,0.17958000712479172,1.0365513026052104
0.10033,0.12268794,51719.637,0.39393942527156806,0.18566745690507086,1.0364656713426854
0.10033,0.12421869,51715.027,0.39393942527156806,0.19175490668535006,1.0363732865731463
0.10033,0.12574944,51710.109,0.39393942527156806,0.19784235646562914,1.0362747294589179
0.10033,0.12728021,51705.059,0.39393942527156806,0.2039298857814273,1.0361735270541081
0.10033,0.12881094,51699.84,0.39393942527156806,0.21001725602618754,1.0360689378757515
0.10033,0.13034171,51694.77,0.39393942527156806,0.21610478534198557,1.0359673346693385
0.10033,0.13187183,51689.707,0.39393942527156806,0.22218972975341833,1.035865871743487
0.10033,0.13330159,51685.25,0.39393942527156806,0.22787556493084896,1.0357765531062124
0.10033,0.13454486,51681.699,0.39393942527156806,0.23281977116199554,1.0357053907815632
0.10033,0.13562597,51678.793,0.39393942527156806,0.23711910340563933,1.0356471543086172
0.10033,0.13656607,51676.52,0.39393942527156806,0.240857670473051,1.0356016032064128
0.10033,0.13738354,51674.715,0.39393942527156806,0.2441085655061294,1.0355654308617235
0.10033,0.13809437,51673.293,0.39393942527156806,0.24693537715226088,1.0355369338677354
0.10033,0.1387125,51672.191,0.39393942527156806,0.2493935416681413,1.0355148496993987
0.10033,0.13925001,51671.293,0.39393942527156806,0.2515310985072058,1.0354968537074147
0.10286999,0.01275,51668.383,0.4040403964082077,-0.25153109850720584,1.0354385370741483
0.10286999,0.0132875,51669.152,0.4040403964082077,-0.24939358143590085,1.0354539478957916
0.10286999,0.013905625,51670.086,0.4040403964082077,-0.24693543680390018,1.0354726653306614
0.10286999,0.014616469,51671.316,0.4040403964082077,-0.2441085694829054,1.0354973146292585
0.10286999,0.01543394,51672.891,0.4040403964082077,-0.24085767047305104,1.0355288777555112
0.10286999,0.016374029,51674.914,0.4040403964082077,-0.23711914715017476,1.0355694188376754
0.10286999,0.017455135,51677.559,0.4040403964082077,-0.23281983081363486,1.0356224248496995
0.10286999,0.018698405,51680.844,0.4040403964082077,-0.22787562458248825,1.035688256513026
0.10286999,0.020128164,51685.074,0.4040403964082077,-0.22218979338183356,1.0357730260521043
0.10286999,0.021658298,51689.996,0.4040403964082077,-0.21610479329553753,1.0358716633266534
0.10286999,0.023189049,51695.055,0.4040403964082077,-0.21001733953848242,1.0359730460921843
0.10286999,0.024719801,51700.395,0.4040403964082077,-0.2039298818046514,1.0360800601202405
0.10286999,0.026250554,51705.699,0.4040403964082077,-0.19784242009404443,1.036186352705411
0.10286999,0.027781306,51711.02,0.4040403964082077,-0.19175496236021336,1.0362929859719439
0.10286999,0.029312057,51716.156,0.4040403964082077,-0.18566750860315825,1.0363959118236474
0.10286999,0.030842811,51721.09,0.4040403964082077,-0.17958004291577534,1.0364947895791583
0.10286999,0.032373562,51725.719,0.4040403964082077,-0.1734925891587202,1.0365875551102204
0.10286999,0.033904314,51729.992,0.4040403964082077,-0.1674051314248892,1.0366731863727454
0.10286999,0.035435066,51733.859,0.4040403964082077,-0.16131767369105812,1.0367506813627254
0.10286999,0.036965817,51737.273,0.4040403964082077,-0.15523021993400304,1.0368190981963927
0.10286999,0.038496573,51740.211,0.4040403964082077,-0.1491427462930682,1.0368779759519038
0.10286999,0.040027324,51742.621,0.4040403964082077,-0.1430552925360131,1.03692627254509
0.10286999,0.041558076,51744.508,0.4040403964082077,-0.13696783480218205,1.0369640881763527
0.10286999,0.043088827,51745.828,0.4040403964082077,-0.13088038104512695,1.0369905410821643
0.10286999,0.044619579,51746.582,0.4040403964082077,-0.12479292331129592,1.0370056513026054
0.10286999,0.046150334,51746.754,0.4040403964082077,-0.11870545364713703,1.0370090981963929
0.10286999,0.047681086,51746.371,0.4040403964082077,-0.112617995913306,1.0370014228456914
0.10286999,0.049211837,51745.426,0.4040403964082077,-0.1065305421562509,1.0369824849699398
0.10286999,0.050742589,51743.941,0.4040403964082077,-0.10044308442241985,1.036952725450902
0.10286999,0.052273341,51741.938,0.4040403964082077,-0.0943556266885888,1.0369125851703407
0.10286999,0.053804092,51739.449,0.4040403964082077,-0.08826817293153372,1.0368627054108217
0.10286999,0.055334844,51736.52,0.4040403964082077,-0.08218071519770266,1.036804008016032
0.10286999,0.056865599,51733.211,0.4040403964082077,-0.07609324553354377,1.0367376953907816
0.10286999,0.058396351,51729.586,0.4040403964082077,-0.07000578779971274,1.0366650501002004
0.10286999,0.059927102,51725.727,0.4040403964082077,-0.06391833404265762,1.0365877154308618
0.10286999,0.061457854,51721.727,0.4040403964082077,-0.05783087630882659,1.0365075551102205
0.10286999,0.062988609,51717.691,0.4040403964082077,-0.0517434066446677,1.0364266733466934
0.10286999,0.064519361,51713.715,0.4040403964082077,-0.04565594891083667,1.036346993987976
0.10286999,0.066050112,51709.918,0.4040403964082077,-0.03956849515378159,1.0362709018036071
0.10286999,0.067580864,51706.406,0.4040403964082077,-0.033481037419950496,1.0362005210420842
0.10286999,0.069111615,51703.289,0.4040403964082077,-0.027393583662895415,1.0361380561122244
0.10286999,0.070642367,51700.66,0.4040403964082077,-0.021306125929064383,1.036085370741483
0.10286999,0.072173119,51698.605,0.4040403964082077,-0.015218668195233353,1.0360441883767535
0.10286999,0.07370387,51697.195,0.4040403964082077,-0.009131214438178213,1.0360159318637274
0.10286999,0.075234622,51696.48,0.4040403964082077,-0.003043756704347182,1.036001603206413
0.10286999,0.076765373,51696.48,0.4040403964082077,0.0030436970527079037,1.036001603206413
0.10286999,0.078296125,51697.199,0.4040403964082077,0.009131154786538934,1.036016012024048
0.10286999,0.079826877,51698.609,0.4040403964082077,0.015218612520370019,1.036044268537074
0.10286999,0.081357636,51700.664,0.4040403964082077,0.021306098091632662,1.0360854509018036
0.10286999,0.082888387,51703.293,0.4040403964082077,0.027393551848687747,1.036138136272545
0.10286999,0.084419131,51706.41,0.4040403964082077,0.03348097776831122,1.036200601202405
0.10286999,0.08594989,51709.926,0.4040403964082077,0.039568463339573916,1.0362710621242486
0.10286999,0.087480649,51713.723,0.4040403964082077,0.04565594891083656,1.0363471543086171
0.10286999,0.089011393,51717.699,0.4040403964082077,0.051743374830460036,1.0364268336673348
0.10286999,0.090542138,51721.734,0.4040403964082077,0.057830804726859454,1.0365076953907815
0.10286999,0.092072897,51725.738,0.4040403964082077,0.06391829029812215,1.0365879358717434
0.10286999,0.093603656,51729.594,0.4040403964082077,0.07000577586938479,1.0366652104208416
0.10286999,0.0951344,51733.219,0.4040403964082077,0.07609320178900826,1.0367378557114229
0.10286999,0.096665144,51736.527,0.4040403964082077,0.08218062770863174,1.0368041482965933
0.10286999,0.09819591,51739.457,0.4040403964082077,0.08826814111732605,1.036862865731463
0.10286999,0.099726662,51741.945,0.4040403964082077,0.09435559885115707,1.0369127254509019
0.10286999,0.10125741,51743.949,0.4040403964082077,0.10044304067788438,1.036952885771543
0.10286999,0.10278817,51745.434,0.4040403964082077,0.10653053022592297,1.0369826452905813
0.10286999,0.10431892,51746.379,0.4040403964082077,0.11261798000620211,1.0370015831663326
0.10286999,0.10584967,51746.758,0.4040403964082077,0.11870542978648131,1.0370091783567135
0.10286999,0.10738042,51746.586,0.4040403964082077,0.12479287956676045,1.037005731462926
0.10286999,0.10891117,51745.832,0.4040403964082077,0.13088032934703958,1.036990621242485
0.10286999,0.11044192,51744.508,0.4040403964082077,0.13696777912731872,1.0369640881763527
0.10286999,0.11197267,51742.621,0.4040403964082077,0.14305522890759786,1.03692627254509
0.10286999,0.11350343,51740.207,0.4040403964082077,0.1491427184556365,1.0368778957915832
0.10286999,0.11503418,51737.27,0.4040403964082077,0.15523016823591565,1.0368190380761522
0.10286999,0.11656493,51733.855,0.4040403964082077,0.1613176180161948,1.0367506012024048
0.10286999,0.11809569,51729.984,0.4040403964082077,0.16740510756423344,1.0366730260521042
0.10286999,0.11962645,51725.711,0.4040403964082077,0.17349259711227202,1.0365873947895792
0.10286999,0.12115719,51721.082,0.4040403964082077,0.17958000712479172,1.036494629258517
0.10286999,0.12268794,51716.145,0.4040403964082077,0.18566745690507086,1.0363956913827654
0.10286999,0.12421869,51711.012,0.4040403964082077,0.19175490668535006,1.0362928256513027
0.10286999,0.12574944,51705.691,0.4040403964082077,0.19784235646562914,1.0361861923847695
0.10286999,0.12728021,51700.387,0.4040403964082077,0.2039298857814273,1.0360798997995992
0.10286999,0.12881094,51695.043,0.4040403964082077,0.21001725602618754,1.0359728056112223
0.10286999,0.13034171,51689.988,0.4040403964082077,0.21610478534198557,1.035871503006012
0.10286999,0.13187183,51685.066,0.4040403964082077,0.22218972975341833,1.0357728657314629
0.10286999,0.13330159,51680.836,0.4040403964082077,0.22787556493084896,1.0356880961923849
0.10286999,0.13454486,51677.547,0.4040403964082077,0.23281977116199554,1.0356221843687374
0.10286999,0.13562597,51674.906,0.4040403964082077,0.23711910340563933,1.0355692585170342
0.10286999,0.13656607,51672.883,0.4040403964082077,0.240857670473051,1.0355287174348697
0.10286999,0.13738354,51671.309,0.4040403964082077,0.2441085655061294,1.0354971743486974
0.10286999,0.13809437,51670.078,0.4040403964082077,0.24693537715226088,1.03547250501002
0.10286999,0.1387125,51669.145,0.4040403964082077,0.2493935416681413,1.0354538076152304
0.10286999,0.13925001,51668.379,0.4040403964082077,0.2515310985072058,1.0354384569138277
0.10540999,0.01275,51667.582,0.4141414073126069,-0.25153109850720584,1.0354224849699398
0.10540999,0.0132875,51668.16,0.4141414073126069,-0.24939358143590085,1.0354340681362726
0.10540999,0.013905625,51668.859,0.4141414073126069,-0.24693543680390018,1.0354480761523046
0.10540999,0.014616469,51669.832,0.4141414073126069,-0.2441085694829054,1.0354675751503006
0.10540999,0.01543394,51671.113,0.4141414073126069,-0.24085767047305104,1.035493246492986
0.10540999,0.016374029,51672.793,0.4141414073126069,-0.23711914715017476,1.0355269138276553
0.10540999,0.017455135,51675.039,0.4141414073126069,-0.23281983081363486,1.0355719238476953
0.10540999,0.018698405,51677.898,0.4141414073126069,-0.22787562458248825,1.0356292184368738
0.10540999,0.020128164,51681.684,0.4141414073126069,-0.22218979338183356,1.0357050901803608
0.10540999,0.021658298,51686.215,0.4141414073126069,-0.21610479329553753,1.035795891783567
0.10540999,0.023189049,51691.012,0.4141414073126069,-0.21001733953848242,1.0358920240480962
0.10540999,0.024719801,51696.227,0.4141414073126069,-0.2039298818046514,1.0359965330661323
0.10540999,0.026250554,51701.555,0.4141414073126069,-0.19784242009404443,1.0361033066132264
0.10540999,0.027781306,51707.062,0.4141414073126069,-0.19175496236021336,1.0362136673346694
0.10540999,0.029312057,51712.535,0.4141414073126069,-0.18566750860315825,1.0363233466933868
0.10540999,0.030842811,51717.969,0.4141414073126069,-0.17958004291577534,1.036432244488978
0.10540999,0.032373562,51723.227,0.4141414073126069,-0.1734925891587202,1.0365376152304608
0.10540999,0.033904314,51728.27,0.4141414073126069,-0.1674051314248892,1.0366386773547094
0.10540999,0.035435066,51733.023,0.4141414073126069,-0.16131767369105812,1.0367339278557115
0.10540999,0.036965817,51737.438,0.4141414073126069,-0.15523021993400304,1.0368224048096193
0.10540999,0.038496573,51741.469,0.4141414073126069,-0.1491427462930682,1.0369031863727454
0.10540999,0.040027324,51745.062,0.4141414073126069,-0.1430552925360131,1.0369751903807616
0.10540999,0.041558076,51748.203,0.4141414073126069,-0.13696783480218205,1.0370381362725452
0.10540999,0.043088827,51750.848,0.4141414073126069,-0.13088038104512695,1.037091142284569
0.10540999,0.044619579,51752.98,0.4141414073126069,-0.12479292331129592,1.0371338677354711
0.10540999,0.046150334,51754.566,0.4141414073126069,-0.11870545364713703,1.0371656513026053
0.10540999,0.047681086,51755.613,0.4141414073126069,-0.112617995913306,1.037186633266533
0.10540999,0.049211837,51756.109,0.4141414073126069,-0.1065305421562509,1.0371965731462924
0.10540999,0.050742589,51756.074,0.4141414073126069,-0.10044308442241985,1.037195871743487
0.10540999,0.052273341,51755.504,0.4141414073126069,-0.0943556266885888,1.0371844488977957
0.10540999,0.053804092,51754.43,0.4141414073126069,-0.08826817293153372,1.0371629258517034
0.10540999,0.055334844,51752.875,0.4141414073126069,-0.08218071519770266,1.037131763527054
0.10540999,0.056865599,51750.898,0.4141414073126069,-0.07609324553354377,1.0370921442885772
0.10540999,0.058396351,51748.539,0.4141414073126069,-0.07000578779971274,1.037044869739479
0.10540999,0.059927102,51745.887,0.4141414073126069,-0.06391833404265762,1.036991723446894
0.10540999,0.061457854,51743.008,0.4141414073126069,-0.05783087630882659,1.0369340280561123
0.10540999,0.062988609,51740.004,0.4141414073126069,-0.0517434066446677,1.0368738276553107
0.10540999,0.064519361,51736.973,0.4141414073126069,-0.04565594891083667,1.0368130861723446
0.10540999,0.066050112,51734.02,0.4141414073126069,-0.03956849515378159,1.0367539078156311
0.10540999,0.067580864,51731.246,0.4141414073126069,-0.033481037419950496,1.0366983166332666
0.10540999,0.069111615,51728.754,0.4141414073126069,-0.027393583662895415,1.036648376753507
0.10540999,0.070642367,51726.637,0.4141414073126069,-0.021306125929064383,1.0366059519038076
0.10540999,0.072173119,51724.977,0.4141414073126069,-0.015218668195233353,1.0365726853707415
0.10540999,0.07370387,51723.828,0.4141414073126069,-0.009131214438178213,1.0365496593186374
0.10540999,0.075234622,51723.246,0.4141414073126069,-0.003043756704347182,1.036537995991984
0.10540999,0.076765373,51723.246,0.4141414073126069,0.0030436970527079037,1.036537995991984
0.10540999,0.078296125,51723.832,0.4141414073126069,0.009131154786538934,1.036549739478958
0.10540999,0.079826877,51724.98,0.4141414073126069,0.015218612520370019,1.036572745490982
0.10540999,0.081357636,51726.645,0.4141414073126069,0.021306098091632662,1.0366061122244488
0.10540999,0.082888387,51728.762,0.4141414073126069,0.027393551848687747,1.0366485370741483
0.10540999,0.084419131,51731.254,0.4141414073126069,0.03348097776831122,1.0366984769539078
0.10540999,0.08594989,51734.027,0.4141414073126069,0.039568463339573916,1.0367540480961923
0.10540999,0.087480649,51736.98,0.4141414073126069,0.04565594891083656,1.036813226452906
0.10540999,0.089011393,51740.012,0.4141414073126069,0.051743374830460036,1.0368739879759519
0.10540999,0.090542138,51743.016,0.4141414073126069,0.057830804726859454,1.0369341883767536
0.10540999,0.092072897,51745.895,0.4141414073126069,0.06391829029812215,1.036991883767535
0.10540999,0.093603656,51748.551,0.4141414073126069,0.07000577586938479,1.0370451102204408
0.10540999,0.0951344,51750.906,0.4141414073126069,0.07609320178900826,1.0370923046092184
0.10540999,0.096665144,51752.883,0.4141414073126069,0.08218062770863174,1.0371319238476955
0.10540999,0.09819591,51754.434,0.4141414073126069,0.08826814111732605,1.037163006012024
0.10540999,0.099726662,51755.508,0.4141414073126069,0.09435559885115707,1.0371845290581163
0.10540999,0.10125741,51756.078,0.4141414073126069,0.10044304067788438,1.0371959519038076
0.10540999,0.10278817,51756.113,0.4141414073126069,0.10653053022592297,1.0371966533066133
0.10540999,0.10431892,51755.613,0.4141414073126069,0.11261798000620211,1.037186633266533
0.10540999,0.10584967,51754.57,0.4141414073126069,0.11870542978648131,1.037165731462926
0.10540999,0.10738042,51752.98,0.4141414073126069,0.12479287956676045,1.0371338677354711
0.10540999,0.10891117,51750.848,0.4141414073126069,0.13088032934703958,1.037091142284569
0.10540999,0.11044192,51748.199,0.4141414073126069,0.13696777912731872,1.0370380561122245
0.10540999,0.11197267,51745.059,0.4141414073126069,0.14305522890759786,1.036975130260521
0.10540999,0.11350343,51741.461,0.4141414073126069,0.1491427184556365,1.0369030260521042
0.10540999,0.11503418,51737.43,0.4141414073126069,0.15523016823591565,1.0368222444889779
0.10540999,0.11656493,51733.016,0.4141414073126069,0.1613176180161948,1.0367337875751503
0.10540999,0.11809569,51728.262,0.4141414073126069,0.16740510756423344,1.0366385170340682
0.10540999,0.11962645,51723.219,0.4141414073126069,0.17349259711227202,1.0365374549098196
0.10540999,0.12115719,51717.957,0.4141414073126069,0.17958000712479172,1.0364320040080162
0.10540999,0.12268794,51712.523,0.4141414073126069,0.18566745690507086,1.036323106212425
0.10540999,0.12421869,51707.051,0.4141414073126069,0.19175490668535006,1.0362134468937876
0.10540999,0.12574944,51701.543,0.4141414073126069,0.19784235646562914,1.0361030661322645
0.10540999,0.12728021,51696.215,0.4141414073126069,0.2039298857814273,1.0359962925851702
0.10540999,0.12881094,51691.0,0.4141414073126069,0.21001725602618754,1.0358917835671342
0.10540999,0.13034171,51686.203,0.4141414073126069,0.21610478534198557,1.0357956513026052
0.10540999,0.13187183,51681.676,0.4141414073126069,0.22218972975341833,1.0357049298597194
0.10540999,0.13330159,51677.887,0.4141414073126069,0.22787556493084896,1.035628997995992
0.10540999,0.13454486,51675.031,0.4141414073126069,0.23281977116199554,1.0355717635270543
0.10540999,0.13562597,51672.785,0.4141414073126069,0.23711910340563933,1.035526753507014
0.10540999,0.13656607,51671.109,0.4141414073126069,0.240857670473051,1.0354931663326652
0.10540999,0.13738354,51669.828,0.4141414073126069,0.2441085655061294,1.03546749498998
0.10540999,0.13809437,51668.855,0.4141414073126069,0.24693537715226088,1.035447995991984
0.10540999,0.1387125,51668.152,0.4141414073126069,0.2493935416681413,1.0354339078156314
0.10540999,0.13925001,51667.578,0.4141414073126069,0.2515310985072058,1.0354224048096192
0.10795,0.01275,51669.078,0.4242424579847656,-0.25153109850720584,1.0354524649298598
0.10795,0.0132875,51669.387,0.4242424579847656,-0.24939358143590085,1.0354586573146294
0.10795,0.013905625,51669.758,0.4242424579847656,-0.24693543680390018,1.0354660921843688
0.10795,0.014616469,51670.414,0.4242424579847656,-0.2441085694829054,1.0354792384769538
0.10795,0.01543394,51671.32,0.4242424579847656,-0.24085767047305104,1.0354973947895791
0.10795,0.016374029,51672.496,0.4242424579847656,-0.23711914715017476,1.0355209619238477
0.10795,0.017455135,51674.258,0.4242424579847656,-0.23281983081363486,1.0355562725450902
0.10795,0.018698405,51676.551,0.4242424579847656,-0.22787562458248825,1.0356022244488978
0.10795,0.020128164,51679.75,0.4242424579847656,-0.22218979338183356,1.0356663326653306
0.10795,0.021658298,51683.695,0.4242424579847656,-0.21610479329553753,1.035745390781563
0.10795,0.023189049,51688.039,0.4242424579847656,-0.21001733953848242,1.0358324448897795
0.10795,0.024719801,51692.914,0.4242424579847656,-0.2039298818046514,1.035930140280561
0.10795,0.026250554,51698.055,0.4242424579847656,-0.19784242009404443,1.0360331663326654
0.10795,0.027781306,51703.531,0.4242424579847656,-0.19175496236021336,1.0361429058116234
0.10795,0.029312057,51709.141,0.4242424579847656,-0.18566750860315825,1.0362553306613227
0.10795,0.030842811,51714.871,0.4242424579847656,-0.17958004291577534,1.0363701603206412
0.10795,0.032373562,51720.59,0.4242424579847656,-0.1734925891587202,1.036484769539078
0.10795,0.033904314,51726.242,0.4242424579847656,-0.1674051314248892,1.0365980360721443
0.10795,0.035435066,51731.742,0.4242424579847656,-0.16131767369105812,1.0367082565130261
0.10795,0.036965817,51737.031,0.4242424579847656,-0.15523021993400304,1.036814248496994
0.10795,0.038496573,51742.051,0.4242424579847656,-0.1491427462930682,1.0369148496993987
0.10795,0.040027324,51746.742,0.4242424579847656,-0.1430552925360131,1.0370088577154308
0.10795,0.041558076,51751.07,0.4242424579847656,-0.13696783480218205,1.0370955911823647
0.10795,0.043088827,51754.977,0.4242424579847656,-0.13088038104512695,1.037173887775551
0.10795,0.044619579,51758.441,0.4242424579847656,-0.12479292331129592,1.0372433066132265
0.10795,0.046150334,51761.422,0.4242424579847656,-0.11870545364713703,1.0373030460921844
0.10795,0.047681086,51763.902,0.4242424579847656,-0.112617995913306,1.037352745490982
0.10795,0.049211837,51765.855,0.4242424579847656,-0.1065305421562509,1.037391883767535
0.10795,0.050742589,51767.285,0.4242424579847656,-0.10044308442241985,1.0374205410821644
0.10795,0.052273341,51768.195,0.4242424579847656,-0.0943556266885888,1.0374387775551102
0.10795,0.053804092,51768.594,0.4242424579847656,-0.08826817293153372,1.037446773547094
0.10795,0.055334844,51768.496,0.4242424579847656,-0.08218071519770266,1.0374448096192384
0.10795,0.056865599,51767.941,0.4242424579847656,-0.07609324553354377,1.0374336873747494
0.10795,0.058396351,51766.973,0.4242424579847656,-0.07000578779971274,1.0374142885771542
0.10795,0.059927102,51765.641,0.4242424579847656,-0.06391833404265762,1.0373875951903808
0.10795,0.061457854,51764.023,0.4242424579847656,-0.05783087630882659,1.0373551703406814
0.10795,0.062988609,51762.199,0.4242424579847656,-0.0517434066446677,1.037318617234469
0.10795,0.064519361,51760.254,0.4242424579847656,-0.04565594891083667,1.037279639278557
0.10795,0.066050112,51758.285,0.4242424579847656,-0.03956849515378159,1.0372401803607214
0.10795,0.067580864,51756.379,0.4242424579847656,-0.033481037419950496,1.0372019839679358
0.10795,0.069111615,51754.633,0.4242424579847656,-0.027393583662895415,1.037166993987976
0.10795,0.070642367,51753.129,0.4242424579847656,-0.021306125929064383,1.0371368537074148
0.10795,0.072173119,51751.93,0.4242424579847656,-0.015218668195233353,1.0371128256513027
0.10795,0.07370387,51751.102,0.4242424579847656,-0.009131214438178213,1.0370962324649298
0.10795,0.075234622,51750.676,0.4242424579847656,-0.003043756704347182,1.0370876953907815
0.10795,0.076765373,51750.676,0.4242424579847656,0.0030436970527079037,1.0370876953907815
0.10795,0.078296125,51751.102,0.4242424579847656,0.009131154786538934,1.0370962324649298
0.10795,0.079826877,51751.938,0.4242424579847656,0.015218612520370019,1.037112985971944
0.10795,0.081357636,51753.133,0.4242424579847656,0.021306098091632662,1.0371369338677354
0.10795,0.082888387,51754.645,0.4242424579847656,0.027393551848687747,1.0371672344689378
0.10795,0.084419131,51756.391,0.4242424579847656,0.03348097776831122,1.0372022244488979
0.10795,0.08594989,51758.293,0.4242424579847656,0.039568463339573916,1.0372403406813626
0.10795,0.087480649,51760.266,0.4242424579847656,0.04565594891083656,1.037279879759519
0.10795,0.089011393,51762.211,0.4242424579847656,0.051743374830460036,1.0373188577154309
0.10795,0.090542138,51764.035,0.4242424579847656,0.057830804726859454,1.0373554108216434
0.10795,0.092072897,51765.652,0.4242424579847656,0.06391829029812215,1.0373878156312626
0.10795,0.093603656,51766.98,0.4242424579847656,0.07000577586938479,1.0374144288577154
0.10795,0.0951344,51767.953,0.4242424579847656,0.07609320178900826,1.0374339278557114
0.10795,0.096665144,51768.504,0.4242424579847656,0.08218062770863174,1.0374449699398798
0.10795,0.09819591,51768.598,0.4242424579847656,0.08826814111732605,1.0374468537074149
0.10795,0.099726662,51768.199,0.4242424579847656,0.09435559885115707,1.0374388577154308
0.10795,0.10125741,51767.289,0.4242424579847656,0.10044304067788438,1.037420621242485
0.10795,0.10278817,51765.855,0.4242424579847656,0.10653053022592297,1.037391883767535
0.10795,0.10431892,51763.898,0.4242424579847656,0.11261798000620211,1.0373526653306613
0.10795,0.10584967,51761.418,0.4242424579847656,0.11870542978648131,1.0373029659318638
0.10795,0.10738042,51758.438,0.4242424579847656,0.12479287956676045,1.037243246492986
0.10795,0.10891117,51754.973,0.4242424579847656,0.13088032934703958,1.0371738076152304
0.10795,0.11044192,51751.062,0.4242424579847656,0.13696777912731872,1.0370954308617235
0.10795,0.11197267,51746.734,0.4242424579847656,0.14305522890759786,1.0370086973947896
0.10795,0.11350343,51742.043,0.4242424579847656,0.1491427184556365,1.0369146893787575
0.10795,0.11503418,51737.023,0.4242424579847656,0.15523016823591565,1.0368140881763528
0.10795,0.11656493,51731.734,0.4242424579847656,0.1613176180161948,1.0367080961923847
0.10795,0.11809569,51726.23,0.4242424579847656,0.16740510756423344,1.0365977955911825
0.10795,0.11962645,51720.574,0.4242424579847656,0.17349259711227202,1.0364844488977956
0.10795,0.12115719,51714.859,0.4242424579847656,0.17958000712479172,1.0363699198396792
0.10795,0.12268794,51709.125,0.4242424579847656,0.18566745690507086,1.03625501002004
0.10795,0.12421869,51703.52,0.4242424579847656,0.19175490668535006,1.0361426853707414
0.10795,0.12574944,51698.043,0.4242424579847656,0.19784235646562914,1.0360329258517034
0.10795,0.12728021,51692.898,0.4242424579847656,0.2039298857814273,1.0359298196392785
0.10795,0.12881094,51688.027,0.4242424579847656,0.21001725602618754,1.0358322044088177
0.10795,0.13034171,51683.684,0.4242424579847656,0.21610478534198557,1.0357451703406815
0.10795,0.13187183,51679.738,0.4242424579847656,0.22218972975341833,1.0356660921843688
0.10795,0.13330159,51676.543,0.4242424579847656,0.22787556493084896,1.0356020641282564
0.10795,0.13454486,51674.25,0.4242424579847656,0.23281977116199554,1.035556112224449
0.10795,0.13562597,51672.492,0.4242424579847656,0.23711910340563933,1.035520881763527
0.10795,0.13656607,51671.316,0.4242424579847656,0.240857670473051,1.0354973146292585
0.10795,0.13738354,51670.41,0.4242424579847656,0.2441085655061294,1.0354791583166334
0.10795,0.13809437,51669.754,0.4242424579847656,0.24693537715226088,1.0354660120240482
0.10795,0.1387125,51669.383,0.4242424579847656,0.2493935416681413,1.0354585771543086
0.10795,0.13925001,51669.074,0.4242424579847656,0.2515310985072058,1.0354523847695392
0.11049,0.01275,51672.703,0.4343434688891648,-0.25153109850720584,1.0355251102204408
0.11049,0.0132875,51672.742,0.4343434688891648,-0.24939358143590085,1.035525891783567
0.11049,0.013905625,51672.824,0.4343434688891648,-0.24693543680390018,1.0355275350701403
0.11049,0.014616469,51673.059,0.4343434688891648,-0.2441085694829054,1.035532244488978
0.11049,0.01543394,51673.484,0.4343434688891648,-0.24085767047305104,1.035540761523046
0.11049,0.016374029,51674.141,0.4343434688891648,-0.23711914715017476,1.0355539278557115
0.11049,0.017455135,51675.312,0.4343434688891648,-0.23281983081363486,1.0355773947895792
0.11049,0.018698405,51676.977,0.4343434688891648,-0.22787562458248825,1.035610761523046
0.11049,0.020128164,51679.434,0.4343434688891648,-0.22218979338183356,1.03566
0.11049,0.021658298,51682.703,0.4343434688891648,-0.21610479329553753,1.035725511022044
0.11049,0.023189049,51686.438,0.4343434688891648,-0.21001733953848242,1.035800360721443
0.11049,0.024719801,51690.812,0.4343434688891648,-0.2039298818046514,1.035888016032064
0.11049,0.026250554,51695.586,0.4343434688891648,-0.19784242009404443,1.0359836873747497
0.11049,0.027781306,51700.84,0.4343434688891648,-0.19175496236021336,1.0360889779559117
0.11049,0.029312057,51706.383,0.4343434688891648,-0.18566750860315825,1.0362000601202406
0.11049,0.030842811,51712.219,0.4343434688891648,-0.17958004291577534,1.036317014028056
0.11049,0.032373562,51718.199,0.4343434688891648,-0.1734925891587202,1.036436853707415
0.11049,0.033904314,51724.281,0.4343434688891648,-0.1674051314248892,1.0365587374749499
0.11049,0.035435066,51730.359,0.4343434688891648,-0.16131767369105812,1.0366805410821642
0.11049,0.036965817,51736.371,0.4343434688891648,-0.15523021993400304,1.0368010220440882
0.11049,0.038496573,51742.242,0.4343434688891648,-0.1491427462930682,1.0369186773547094
0.11049,0.040027324,51747.906,0.4343434688891648,-0.1430552925360131,1.0370321843687376
0.11049,0.041558076,51753.309,0.4343434688891648,-0.13696783480218205,1.0371404609218438
0.11049,0.043088827,51758.395,0.4343434688891648,-0.13088038104512695,1.0372423847695391
0.11049,0.044619579,51763.121,0.4343434688891648,-0.12479292331129592,1.0373370941883768
0.11049,0.046150334,51767.434,0.4343434688891648,-0.11870545364713703,1.0374235270541083
0.11049,0.047681086,51771.312,0.4343434688891648,-0.112617995913306,1.0375012424849699
0.11049,0.049211837,51774.715,0.4343434688891648,-0.1065305421562509,1.0375694388777554
0.11049,0.050742589,51777.629,0.4343434688891648,-0.10044308442241985,1.0376278356713426
0.11049,0.052273341,51780.039,0.4343434688891648,-0.0943556266885888,1.037676132264529
0.11049,0.053804092,51781.953,0.4343434688891648,-0.08826817293153372,1.037714488977956
0.11049,0.055334844,51783.375,0.4343434688891648,-0.08218071519770266,1.0377429859719438
0.11049,0.056865599,51784.332,0.4343434688891648,-0.07609324553354377,1.0377621643286574
0.11049,0.058396351,51784.84,0.4343434688891648,-0.07000578779971274,1.0377723446893787
0.11049,0.059927102,51784.953,0.4343434688891648,-0.06391833404265762,1.037774609218437
0.11049,0.061457854,51784.723,0.4343434688891648,-0.05783087630882659,1.0377699999999999
0.11049,0.062988609,51784.211,0.4343434688891648,-0.0517434066446677,1.037759739478958
0.11049,0.064519361,51783.492,0.4343434688891648,-0.04565594891083667,1.0377453306613227
0.11049,0.066050112,51782.641,0.4343434688891648,-0.03956849515378159,1.0377282765531062
0.11049,0.067580864,51781.73,0.4343434688891648,-0.033481037419950496,1.0377100200400802
0.11049,0.069111615,51780.844,0.4343434688891648,-0.027393583662895415,1.037692264529058
0.11049,0.070642367,51780.039,0.4343434688891648,-0.021306125929064383,1.037676132264529
0.11049,0.072173119,51779.383,0.4343434688891648,-0.015218668195233353,1.037662985971944
0.11049,0.07370387,51778.918,0.4343434688891648,-0.009131214438178213,1.0376536673346692
0.11049,0.075234622,51778.676,0.4343434688891648,-0.003043756704347182,1.0376488176352705
0.11049,0.076765373,51778.68,0.4343434688891648,0.0030436970527079037,1.037648897795591
0.11049,0.078296125,51778.922,0.4343434688891648,0.009131154786538934,1.03765374749499
0.11049,0.079826877,51779.387,0.4343434688891648,0.015218612520370019,1.0376630661322646
0.11049,0.081357636,51780.047,0.4343434688891648,0.021306098091632662,1.0376762925851704
0.11049,0.082888387,51780.852,0.4343434688891648,0.027393551848687747,1.0376924248496995
0.11049,0.084419131,51781.742,0.4343434688891648,0.03348097776831122,1.037710260521042
0.11049,0.08594989,51782.652,0.4343434688891648,0.039568463339573916,1.037728496993988
0.11049,0.087480649,51783.504,0.4343434688891648,0.04565594891083656,1.0377455711422845
0.11049,0.089011393,51784.227,0.4343434688891648,0.051743374830460036,1.0377600601202404
0.11049,0.090542138,51784.734,0.4343434688891648,0.057830804726859454,1.0377702204408816
0.11049,0.092072897,51784.965,0.4343434688891648,0.06391829029812215,1.0377748496993988
0.11049,0.093603656,51784.852,0.4343434688891648,0.07000577586938479,1.0377725851703408
0.11049,0.0951344,51784.34,0.4343434688891648,0.07609320178900826,1.0377623246492986
0.11049,0.096665144,51783.383,0.4343434688891648,0.08218062770863174,1.0377431462925852
0.11049,0.09819591,51781.957,0.4343434688891648,0.08826814111732605,1.0377145691382765
0.11049,0.099726662,51780.043,0.4343434688891648,0.09435559885115707,1.0376762124248498
0.11049,0.10125741,51777.629,0.4343434688891648,0.10044304067788438,1.0376278356713426
0.11049,0.10278817,51774.711,0.4343434688891648,0.10653053022592297,1.0375693587174348
0.11049,0.10431892,51771.309,0.4343434688891648,0.11261798000620211,1.0375011823647295
0.11049,0.10584967,51767.43,0.4343434688891648,0.11870542978648131,1.0374234468937875
0.11049,0.10738042,51763.113,0.4343434688891648,0.12479287956676045,1.0373369338677354
0.11049,0.10891117,51758.387,0.4343434688891648,0.13088032934703958,1.037242224448898
0.11049,0.11044192,51753.301,0.4343434688891648,0.13696777912731872,1.0371403006012023
0.11049,0.11197267,51747.895,0.4343434688891648,0.14305522890759786,1.0370319639278556
0.11049,0.11350343,51742.23,0.4343434688891648,0.1491427184556365,1.0369184368737476
0.11049,0.11503418,51736.359,0.4343434688891648,0.15523016823591565,1.0368007815631262
0.11049,0.11656493,51730.348,0.4343434688891648,0.1613176180161948,1.0366803206412825
0.11049,0.11809569,51724.27,0.4343434688891648,0.16740510756423344,1.036558517034068
0.11049,0.11962645,51718.184,0.4343434688891648,0.17349259711227202,1.0364365531062125
0.11049,0.12115719,51712.203,0.4343434688891648,0.17958000712479172,1.0363166933867736
0.11049,0.12268794,51706.367,0.4343434688891648,0.18566745690507086,1.036199739478958
0.11049,0.12421869,51700.828,0.4343434688891648,0.19175490668535006,1.03608873747495
0.11049,0.12574944,51695.574,0.4343434688891648,0.19784235646562914,1.0359834468937876
0.11049,0.12728021,51690.801,0.4343434688891648,0.2039298857814273,1.0358877955911823
0.11049,0.12881094,51686.43,0.4343434688891648,0.21001725602618754,1.0358002004008016
0.11049,0.13034171,51682.691,0.4343434688891648,0.21610478534198557,1.0357252705410822
0.11049,0.13187183,51679.426,0.4343434688891648,0.22218972975341833,1.0356598396793588
0.11049,0.13330159,51676.973,0.4343434688891648,0.22787556493084896,1.0356106813627255
0.11049,0.13454486,51675.305,0.4343434688891648,0.23281977116199554,1.035577254509018
0.11049,0.13562597,51674.137,0.4343434688891648,0.23711910340563933,1.035553847695391
0.11049,0.13656607,51673.48,0.4343434688891648,0.240857670473051,1.0355406813627255
0.11049,0.13738354,51673.059,0.4343434688891648,0.2441085655061294,1.035532244488978
0.11049,0.13809437,51672.824,0.4343434688891648,0.24693537715226088,1.0355275350701403
0.11049,0.1387125,51672.738,0.4343434688891648,0.2493935416681413,1.0355258116232464
0.11049,0.13925001,51672.703,0.4343434688891648,0.2515310985072058,1.0355251102204408
0.11302999,0.01275,51678.16,0.44444444002580447,-0.25153109850720584,1.0356344689378758
0.11302999,0.0132875,51677.93,0.44444444002580447,-0.24939358143590085,1.0356298597194389
0.11302999,0.013905625,51677.723,0.44444444002580447,-0.24693543680390018,1.0356257114228458
0.11302999,0.014616469,51677.582,0.44444444002580447,-0.2441085694829054,1.035622885771543
0.11302999,0.01543394,51677.598,0.44444444002580447,-0.24085767047305104,1.0356232064128257
0.11302999,0.016374029,51677.773,0.44444444002580447,-0.23711914715017476,1.0356267134268538
0.11302999,0.017455135,51678.324,0.44444444002580447,-0.23281983081363486,1.035637755511022
0.11302999,0.018698405,51679.266,0.44444444002580447,-0.22787562458248825,1.0356566332665331
0.11302999,0.020128164,51680.957,0.44444444002580447,-0.22218979338183356,1.0356905210420841
0.11302999,0.021658298,51683.441,0.44444444002580447,-0.21610479329553753,1.0357403006012025
0.11302999,0.023189049,51686.461,0.44444444002580447,-0.21001733953848242,1.0358008216432866
0.11302999,0.024719801,51690.219,0.44444444002580447,-0.2039298818046514,1.035876132264529
0.11302999,0.026250554,51694.477,0.44444444002580447,-0.19784242009404443,1.0359614629258518
0.11302999,0.027781306,51699.348,0.44444444002580447,-0.19175496236021336,1.0360590781563126
0.11302999,0.029312057,51704.645,0.44444444002580447,-0.18566750860315825,1.0361652304609217
0.11302999,0.030842811,51710.391,0.44444444002580447,-0.17958004291577534,1.036280380761523
0.11302999,0.032373562,51716.441,0.44444444002580447,-0.1734925891587202,1.036401623246493
0.11302999,0.033904314,51722.758,0.44444444002580447,-0.1674051314248892,1.0365282164328657
0.11302999,0.035435066,51729.227,0.44444444002580447,-0.16131767369105812,1.0366578557114228
0.11302999,0.036965817,51735.785,0.44444444002580447,-0.15523021993400304,1.0367892785571142
0.11302999,0.038496573,51742.344,0.44444444002580447,-0.1491427462930682,1.0369207214428857
0.11302999,0.040027324,51748.828,0.44444444002580447,-0.1430552925360131,1.0370506613226453
0.11302999,0.041558076,51755.18,0.44444444002580447,-0.13696783480218205,1.0371779559118237
0.11302999,0.043088827,51761.324,0.44444444002580447,-0.13088038104512695,1.0373010821643287
0.11302999,0.044619579,51767.211,0.44444444002580447,-0.12479292331129592,1.0374190581162326
0.11302999,0.046150334,51772.781,0.44444444002580447,-0.11870545364713703,1.0375306813627254
0.11302999,0.047681086,51777.996,0.44444444002580447,-0.112617995913306,1.0376351903807615
0.11302999,0.049211837,51782.805,0.44444444002580447,-0.1065305421562509,1.0377315631262525
0.11302999,0.050742589,51787.188,0.44444444002580447,-0.10044308442241985,1.0378193987975952
0.11302999,0.052273341,51791.109,0.44444444002580447,-0.0943556266885888,1.0378979759519038
0.11302999,0.053804092,51794.566,0.44444444002580447,-0.08826817293153372,1.037967254509018
0.11302999,0.055334844,51797.551,0.44444444002580447,-0.08218071519770266,1.0380270741482966
0.11302999,0.056865599,51800.074,0.44444444002580447,-0.07609324553354377,1.0380776352705412
0.11302999,0.058396351,51802.148,0.44444444002580447,-0.07000578779971274,1.0381191983967937
0.11302999,0.059927102,51803.801,0.44444444002580447,-0.06391833404265762,1.0381523246492985
0.11302999,0.061457854,51805.062,0.44444444002580447,-0.05783087630882659,1.0381775951903807
0.11302999,0.062988609,51805.984,0.44444444002580447,-0.0517434066446677,1.0381960721442884
0.11302999,0.064519361,51806.609,0.44444444002580447,-0.04565594891083667,1.0382085971943886
0.11302999,0.066050112,51806.996,0.44444444002580447,-0.03956849515378159,1.038216352705411
0.11302999,0.067580864,51807.195,0.44444444002580447,-0.033481037419950496,1.0382203406813628
0.11302999,0.069111615,51807.266,0.44444444002580447,-0.027393583662895415,1.038221763527054
0.11302999,0.070642367,51807.254,0.44444444002580447,-0.021306125929064383,1.0382215230460923
0.11302999,0.072173119,51807.207,0.44444444002580447,-0.015218668195233353,1.0382205811623246
0.11302999,0.07370387,51807.156,0.44444444002580447,-0.009131214438178213,1.0382195591182366
0.11302999,0.075234622,51807.125,0.44444444002580447,-0.003043756704347182,1.0382189378757516
0.11302999,0.076765373,51807.125,0.44444444002580447,0.0030436970527079037,1.0382189378757516
0.11302999,0.078296125,51807.156,0.44444444002580447,0.009131154786538934,1.0382195591182366
0.11302999,0.079826877,51807.211,0.44444444002580447,0.015218612520370019,1.0382206613226455
0.11302999,0.081357636,51807.262,0.44444444002580447,0.021306098091632662,1.0382216833667335
0.11302999,0.082888387,51807.273,0.44444444002580447,0.027393551848687747,1.0382219038076153
0.11302999,0.084419131,51807.203,0.44444444002580447,0.03348097776831122,1.038220501002004
0.11302999,0.08594989,51807.004,0.44444444002580447,0.039568463339573916,1.0382165130260521
0.11302999,0.087480649,51806.621,0.44444444002580447,0.04565594891083656,1.0382088376753507
0.11302999,0.089011393,51805.996,0.44444444002580447,0.051743374830460036,1.0381963126252505
0.11302999,0.090542138,51805.074,0.44444444002580447,0.057830804726859454,1.0381778356713427
0.11302999,0.092072897,51803.812,0.44444444002580447,0.06391829029812215,1.0381525450901803
0.11302999,0.093603656,51802.156,0.44444444002580447,0.07000577586938479,1.0381193587174349
0.11302999,0.0951344,51800.082,0.44444444002580447,0.07609320178900826,1.0380777955911824
0.11302999,0.096665144,51797.555,0.44444444002580447,0.08218062770863174,1.0380271543086173
0.11302999,0.09819591,51794.57,0.44444444002580447,0.08826814111732605,1.0379673346693388
0.11302999,0.099726662,51791.109,0.44444444002580447,0.09435559885115707,1.0378979759519038
0.11302999,0.10125741,51787.184,0.44444444002580447,0.10044304067788438,1.0378193186372746
0.11302999,0.10278817,51782.801,0.44444444002580447,0.10653053022592297,1.0377314829659319
0.11302999,0.10431892,51777.988,0.44444444002580447,0.11261798000620211,1.0376350300601203
0.11302999,0.10584967,51772.773,0.44444444002580447,0.11870542978648131,1.0375305210420842
0.11302999,0.10738042,51767.199,0.44444444002580447,0.12479287956676045,1.0374188176352706
0.11302999,0.10891117,51761.312,0.44444444002580447,0.13088032934703958,1.0373008416833667
0.11302999,0.11044192,51755.164,0.44444444002580447,0.13696777912731872,1.037177635270541
0.11302999,0.11197267,51748.816,0.44444444002580447,0.14305522890759786,1.0370504208416833
0.11302999,0.11350343,51742.328,0.44444444002580447,0.1491427184556365,1.0369204008016033
0.11302999,0.11503418,51735.77,0.44444444002580447,0.15523016823591565,1.0367889779559119
0.11302999,0.11656493,51729.215,0.44444444002580447,0.1613176180161948,1.036657615230461
0.11302999,0.11809569,51722.746,0.44444444002580447,0.16740510756423344,1.0365279759519037
0.11302999,0.11962645,51716.426,0.44444444002580447,0.17349259711227202,1.0364013226452906
0.11302999,0.12115719,51710.379,0.44444444002580447,0.17958000712479172,1.036280140280561
0.11302999,0.12268794,51704.629,0.44444444002580447,0.18566745690507086,1.0361649098196393
0.11302999,0.12421869,51699.332,0.44444444002580447,0.19175490668535006,1.0360587575150302
0.11302999,0.12574944,51694.465,0.44444444002580447,0.19784235646562914,1.0359612224448898
0.11302999,0.12728021,51690.207,0.44444444002580447,0.2039298857814273,1.035875891783567
0.11302999,0.12881094,51686.449,0.44444444002580447,0.21001725602618754,1.0358005811623248
0.11302999,0.13034171,51683.434,0.44444444002580447,0.21610478534198557,1.0357401603206413
0.11302999,0.13187183,51680.953,0.44444444002580447,0.22218972975341833,1.0356904408817635
0.11302999,0.13330159,51679.262,0.44444444002580447,0.22787556493084896,1.0356565531062125
0.11302999,0.13454486,51678.32,0.44444444002580447,0.23281977116199554,1.0356376753507015
0.11302999,0.13562597,51677.77,0.44444444002580447,0.23711910340563933,1.0356266533066132
0.11302999,0.13656607,51677.594,0.44444444002580447,0.240857670473051,1.0356231262525049
0.11302999,0.13738354,51677.582,0.44444444002580447,0.2441085655061294,1.035622885771543
0.11302999,0.13809437,51677.723,0.44444444002580447,0.24693537715226088,1.0356257114228458
0.11302999,0.1387125,51677.93,0.44444444002580447,0.2493935416681413,1.0356298597194389
0.11302999,0.13925001,51678.16,0.44444444002580447,0.2515310985072058,1.0356344689378758
0.11556999,0.01275,51685.336,0.45454545093020365,-0.25153109850720584,1.0357782765531063
0.11556999,0.0132875,51684.879,0.45454545093020365,-0.24939358143590085,1.035769118236473
0.11556999,0.013905625,51684.406,0.45454545093020365,-0.24693543680390018,1.035759639278557
0.11556999,0.014616469,51683.949,0.45454545093020365,-0.2441085694829054,1.0357504809619238
0.11556999,0.01543394,51683.566,0.45454545093020365,-0.24085767047305104,1.0357428056112223
0.11556999,0.016374029,51683.281,0.45454545093020365,-0.23711914715017476,1.0357370941883768
0.11556999,0.017455135,51683.254,0.45454545093020365,-0.23281983081363486,1.0357365531062124
0.11556999,0.018698405,51683.551,0.45454545093020365,-0.22787562458248825,1.03574250501002
0.11556999,0.020128164,51684.449,0.45454545093020365,-0.22218979338183356,1.0357605010020041
0.11556999,0.021658298,51686.066,0.45454545093020365,-0.21610479329553753,1.0357929058116233
0.11556999,0.023189049,51688.332,0.45454545093020365,-0.21001733953848242,1.0358383166332665
0.11556999,0.024719801,51691.355,0.45454545093020365,-0.2039298818046514,1.0358988977955912
0.11556999,0.026250554,51694.988,0.45454545093020365,-0.19784242009404443,1.0359717034068137
0.11556999,0.027781306,51699.336,0.45454545093020365,-0.19175496236021336,1.0360588376753508
0.11556999,0.029312057,51704.23,0.45454545093020365,-0.18566750860315825,1.0361569138276554
0.11556999,0.030842811,51709.715,0.45454545093020365,-0.17958004291577534,1.0362668336673346
0.11556999,0.032373562,51715.648,0.45454545093020365,-0.1734925891587202,1.036385731462926
0.11556999,0.033904314,51722.008,0.45454545093020365,-0.1674051314248892,1.0365131863727455
0.11556999,0.035435066,51728.672,0.45454545093020365,-0.16131767369105812,1.0366467334669338
0.11556999,0.036965817,51735.59,0.45454545093020365,-0.15523021993400304,1.036785370741483
0.11556999,0.038496573,51742.652,0.45454545093020365,-0.1491427462930682,1.036926893787575
0.11556999,0.040027324,51749.793,0.45454545093020365,-0.1430552925360131,1.03707
0.11556999,0.041558076,51756.934,0.45454545093020365,-0.13696783480218205,1.0372131062124248
0.11556999,0.043088827,51763.996,0.45454545093020365,-0.13088038104512695,1.037354629258517
0.11556999,0.044619579,51770.922,0.45454545093020365,-0.12479292331129592,1.0374934268537075
0.11556999,0.046150334,51777.641,0.45454545093020365,-0.11870545364713703,1.0376280761523047
0.11556999,0.047681086,51784.105,0.45454545093020365,-0.112617995913306,1.037757615230461
0.11556999,0.049211837,51790.262,0.45454545093020365,-0.1065305421562509,1.0378810020040081
0.11556999,0.050742589,51796.066,0.45454545093020365,-0.10044308442241985,1.0379973146292585
0.11556999,0.052273341,51801.48,0.45454545093020365,-0.0943556266885888,1.0381058116232467
0.11556999,0.053804092,51806.48,0.45454545093020365,-0.08826817293153372,1.0382060120240482
0.11556999,0.055334844,51811.051,0.45454545093020365,-0.08218071519770266,1.0382976152304608
0.11556999,0.056865599,51815.184,0.45454545093020365,-0.07609324553354377,1.0383804408817636
0.11556999,0.058396351,51818.871,0.45454545093020365,-0.07000578779971274,1.0384543286573147
0.11556999,0.059927102,51822.133,0.45454545093020365,-0.06391833404265762,1.0385196993987977
0.11556999,0.061457854,51824.969,0.45454545093020365,-0.05783087630882659,1.0385765330661323
0.11556999,0.062988609,51827.41,0.45454545093020365,-0.0517434066446677,1.0386254509018036
0.11556999,0.064519361,51829.473,0.45454545093020365,-0.04565594891083667,1.0386667935871743
0.11556999,0.066050112,51831.191,0.45454545093020365,-0.03956849515378159,1.0387012224448897
0.11556999,0.067580864,51832.59,0.45454545093020365,-0.033481037419950496,1.038729258517034
0.11556999,0.069111615,51833.707,0.45454545093020365,-0.027393583662895415,1.038751643286573
0.11556999,0.070642367,51834.559,0.45454545093020365,-0.021306125929064383,1.0387687174348699
0.11556999,0.072173119,51835.176,0.45454545093020365,-0.015218668195233353,1.0387810821643286
0.11556999,0.07370387,51835.578,0.45454545093020365,-0.009131214438178213,1.038789138276553
0.11556999,0.075234622,51835.777,0.45454545093020365,-0.003043756704347182,1.038793126252505
0.11556999,0.076765373,51835.777,0.45454545093020365,0.0030436970527079037,1.038793126252505
0.11556999,0.078296125,51835.578,0.45454545093020365,0.009131154786538934,1.038789138276553
0.11556999,0.079826877,51835.18,0.45454545093020365,0.015218612520370019,1.0387811623246492
0.11556999,0.081357636,51834.562,0.45454545093020365,0.021306098091632662,1.0387687775551102
0.11556999,0.082888387,51833.711,0.45454545093020365,0.027393551848687747,1.038751723446894
0.11556999,0.084419131,51832.598,0.45454545093020365,0.03348097776831122,1.0387294188376752
0.11556999,0.08594989,51831.199,0.45454545093020365,0.039568463339573916,1.0387013827655311
0.11556999,0.087480649,51829.48,0.45454545093020365,0.04565594891083656,1.0386669338677355
0.11556999,0.089011393,51827.418,0.45454545093020365,0.051743374830460036,1.0386256112224448
0.11556999,0.090542138,51824.977,0.45454545093020365,0.057830804726859454,1.0385766933867735
0.11556999,0.092072897,51822.137,0.45454545093020365,0.06391829029812215,1.0385197795591183
0.11556999,0.093603656,51818.879,0.45454545093020365,0.07000577586938479,1.038454488977956
0.11556999,0.0951344,51815.188,0.45454545093020365,0.07609320178900826,1.0383805210420842
0.11556999,0.096665144,51811.051,0.45454545093020365,0.08218062770863174,1.0382976152304608
0.11556999,0.09819591,51806.48,0.45454545093020365,0.08826814111732605,1.0382060120240482
0.11556999,0.099726662,51801.477,0.45454545093020365,0.09435559885115707,1.0381057515030059
0.11556999,0.10125741,51796.062,0.45454545093020365,0.10044304067788438,1.0379972344689379
0.11556999,0.10278817,51790.254,0.45454545093020365,0.10653053022592297,1.0378808416833667
0.11556999,0.10431892,51784.098,0.45454545093020365,0.11261798000620211,1.0377574749498997
0.11556999,0.10584967,51777.633,0.45454545093020365,0.11870542978648131,1.0376279158316633
0.11556999,0.10738042,51770.91,0.45454545093020365,0.12479287956676045,1.0374931863727455
0.11556999,0.10891117,51763.984,0.45454545093020365,0.13088032934703958,1.0373543887775551
0.11556999,0.11044192,51756.918,0.45454545093020365,0.13696777912731872,1.0372127855711422
0.11556999,0.11197267,51749.781,0.45454545093020365,0.14305522890759786,1.0370697595190381
0.11556999,0.11350343,51742.637,0.45454545093020365,0.1491427184556365,1.0369265931863727
0.11556999,0.11503418,51735.574,0.45454545093020365,0.15523016823591565,1.0367850501002005
0.11556999,0.11656493,51728.66,0.45454545093020365,0.1613176180161948,1.036646492985972
0.11556999,0.11809569,51721.992,0.45454545093020365,0.16740510756423344,1.0365128657314628
0.11556999,0.11962645,51715.633,0.45454545093020365,0.17349259711227202,1.0363854308617235
0.11556999,0.12115719,51709.699,0.45454545093020365,0.17958000712479172,1.0362665130260522
0.11556999,0.12268794,51704.215,0.45454545093020365,0.18566745690507086,1.0361566132264528
0.11556999,0.12421869,51699.324,0.45454545093020365,0.19175490668535006,1.0360585971943888
0.11556999,0.12574944,51694.977,0.45454545093020365,0.19784235646562914,1.035971482965932
0.11556999,0.12728021,51691.344,0.45454545093020365,0.2039298857814273,1.0358986773547094
0.11556999,0.12881094,51688.324,0.45454545093020365,0.21001725602618754,1.0358381563126253
0.11556999,0.13034171,51686.062,0.45454545093020365,0.21610478534198557,1.0357928256513025
0.11556999,0.13187183,51684.445,0.45454545093020365,0.22218972975341833,1.0357604208416833
0.11556999,0.13330159,51683.547,0.45454545093020365,0.22787556493084896,1.0357424248496994
0.11556999,0.13454486,51683.254,0.45454545093020365,0.23281977116199554,1.0357365531062124
0.11556999,0.13562597,51683.281,0.45454545093020365,0.23711910340563933,1.0357370941883768
0.11556999,0.13656607,51683.566,0.45454545093020365,0.240857670473051,1.0357428056112223
0.11556999,0.13738354,51683.949,0.45454545093020365,0.2441085655061294,1.0357504809619238
0.11556999,0.13809437,51684.41,0.45454545093020365,0.24693537715226088,1.035759719438878
0.11556999,0.1387125,51684.883,0.45454545093020365,0.2493935416681413,1.0357691983967936
0.11556999,0.13925001,51685.34,0.45454545093020365,0.2515310985072058,1.0357783567134269
0.11811,0.01275,51694.055,0.4646465016023623,-0.25153109850720584,1.0359530060120241
0.11811,0.0132875,51693.418,0.4646465016023623,-0.24939358143590085,1.035940240480962
0.11811,0.013905625,51692.73,0.4646465016023623,-0.24693543680390018,1.0359264529058116
0.11811,0.014616469,51692.004,0.4646465016023623,-0.2441085694829054,1.0359119038076152
0.11811,0.01543394,51691.285,0.4646465016023623,-0.24085767047305104,1.03589749498998
0.11811,0.016374029,51690.594,0.4646465016023623,-0.23711914715017476,1.0358836472945891
0.11811,0.017455135,51690.055,0.4646465016023623,-0.23281983081363486,1.0358728456913828
0.11811,0.018698405,51689.754,0.4646465016023623,-0.22787562458248825,1.0358668136272546
0.11811,0.020128164,51689.91,0.4646465016023623,-0.22218979338183356,1.0358699398797595
0.11811,0.021658298,51690.715,0.4646465016023623,-0.21610479329553753,1.0358860721442884
0.11811,0.023189049,51692.176,0.4646465016023623,-0.21001733953848242,1.0359153507014027
0.11811,0.024719801,51694.402,0.4646465016023623,-0.2039298818046514,1.0359599599198397
0.11811,0.026250554,51697.34,0.4646465016023623,-0.19784242009404443,1.0360188376753505
0.11811,0.027781306,51701.027,0.4646465016023623,-0.19175496236021336,1.0360927254509018
0.11811,0.029312057,51705.398,0.4646465016023623,-0.18566750860315825,1.0361803206412825
0.11811,0.030842811,51710.465,0.4646465016023623,-0.17958004291577534,1.036281863727455
0.11811,0.032373562,51716.113,0.4646465016023623,-0.1734925891587202,1.0363950501002004
0.11811,0.033904314,51722.328,0.4646465016023623,-0.1674051314248892,1.0365195991983969
0.11811,0.035435066,51729.008,0.4646465016023623,-0.16131767369105812,1.0366534669338678
0.11811,0.036965817,51736.09,0.4646465016023623,-0.15523021993400304,1.036795390781563
0.11811,0.038496573,51743.473,0.4646465016023623,-0.1491427462930682,1.0369433466933868
0.11811,0.040027324,51751.09,0.4646465016023623,-0.1430552925360131,1.037095991983968
0.11811,0.041558076,51758.852,0.4646465016023623,-0.13696783480218205,1.0372515430861724
0.11811,0.043088827,51766.676,0.4646465016023623,-0.13088038104512695,1.0374083366733466
0.11811,0.044619579,51774.5,0.4646465016023623,-0.12479292331129592,1.037565130260521
0.11811,0.046150334,51782.242,0.4646465016023623,-0.11870545364713703,1.0377202805611223
0.11811,0.047681086,51789.852,0.4646465016023623,-0.112617995913306,1.0378727855711423
0.11811,0.049211837,51797.258,0.4646465016023623,-0.1065305421562509,1.0380212024048097
0.11811,0.050742589,51804.414,0.4646465016023623,-0.10044308442241985,1.038164609218437
0.11811,0.052273341,51811.273,0.4646465016023623,-0.0943556266885888,1.0383020641282565
0.11811,0.053804092,51817.789,0.4646465016023623,-0.08826817293153372,1.0384326452905812
0.11811,0.055334844,51823.934,0.4646465016023623,-0.08218071519770266,1.0385557915831665
0.11811,0.056865599,51829.68,0.4646465016023623,-0.07609324553354377,1.0386709418837676
0.11811,0.058396351,51835.008,0.4646465016023623,-0.07000578779971274,1.0387777154308617
0.11811,0.059927102,51839.906,0.4646465016023623,-0.06391833404265762,1.038875871743487
0.11811,0.061457854,51844.363,0.4646465016023623,-0.05783087630882659,1.0389651903807615
0.11811,0.062988609,51848.375,0.4646465016023623,-0.0517434066446677,1.0390455911823648
0.11811,0.064519361,51851.934,0.4646465016023623,-0.04565594891083667,1.0391169138276553
0.11811,0.066050112,51855.043,0.4646465016023623,-0.03956849515378159,1.0391792184368738
0.11811,0.067580864,51857.699,0.4646465016023623,-0.033481037419950496,1.0392324448897796
0.11811,0.069111615,51859.914,0.4646465016023623,-0.027393583662895415,1.0392768336673346
0.11811,0.070642367,51861.68,0.4646465016023623,-0.021306125929064383,1.0393122244488977
0.11811,0.072173119,51863.0,0.4646465016023623,-0.015218668195233353,1.0393386773547095
0.11811,0.07370387,51863.883,0.4646465016023623,-0.009131214438178213,1.039356372745491
0.11811,0.075234622,51864.324,0.4646465016023623,-0.003043756704347182,1.0393652104208417
0.11811,0.076765373,51864.324,0.4646465016023623,0.0030436970527079037,1.0393652104208417
0.11811,0.078296125,51863.883,0.4646465016023623,0.009131154786538934,1.039356372745491
0.11811,0.079826877,51863.004,0.4646465016023623,0.015218612520370019,1.0393387575150301
0.11811,0.081357636,51861.68,0.4646465016023623,0.021306098091632662,1.0393122244488977
0.11811,0.082888387,51859.914,0.4646465016023623,0.027393551848687747,1.0392768336673346
0.11811,0.084419131,51857.703,0.4646465016023623,0.03348097776831122,1.0392325250501002
0.11811,0.08594989,51855.047,0.4646465016023623,0.039568463339573916,1.0391792985971944
0.11811,0.087480649,51851.934,0.4646465016023623,0.04565594891083656,1.0391169138276553
0.11811,0.089011393,51848.375,0.4646465016023623,0.051743374830460036,1.0390455911823648
0.11811,0.090542138,51844.363,0.4646465016023623,0.057830804726859454,1.0389651903807615
0.11811,0.092072897,51839.906,0.4646465016023623,0.06391829029812215,1.038875871743487
0.11811,0.093603656,51835.008,0.4646465016023623,0.07000577586938479,1.0387777154308617
0.11811,0.0951344,51829.68,0.4646465016023623,0.07609320178900826,1.0386709418837676
0.11811,0.096665144,51823.93,0.4646465016023623,0.08218062770863174,1.0385557114228456
0.11811,0.09819591,51817.785,0.4646465016023623,0.08826814111732605,1.0384325651302606
0.11811,0.099726662,51811.266,0.4646465016023623,0.09435559885115707,1.0383019238476954
0.11811,0.10125741,51804.41,0.4646465016023623,0.10044304067788438,1.0381645290581163
0.11811,0.10278817,51797.25,0.4646465016023623,0.10653053022592297,1.0380210420841682
0.11811,0.10431892,51789.844,0.4646465016023623,0.11261798000620211,1.037872625250501
0.11811,0.10584967,51782.234,0.4646465016023623,0.11870542978648131,1.0377201202404809
0.11811,0.10738042,51774.488,0.4646465016023623,0.12479287956676045,1.037564889779559
0.11811,0.10891117,51766.664,0.4646465016023623,0.13088032934703958,1.0374080961923846
0.11811,0.11044192,51758.836,0.4646465016023623,0.13696777912731872,1.0372512224448898
0.11811,0.11197267,51751.074,0.4646465016023623,0.14305522890759786,1.0370956713426853
0.11811,0.11350343,51743.461,0.4646465016023623,0.1491427184556365,1.0369431062124248
0.11811,0.11503418,51736.074,0.4646465016023623,0.15523016823591565,1.0367950701402806
0.11811,0.11656493,51728.992,0.4646465016023623,0.1613176180161948,1.0366531462925852
0.11811,0.11809569,51722.312,0.4646465016023623,0.16740510756423344,1.0365192785571142
0.11811,0.11962645,51716.098,0.4646465016023623,0.17349259711227202,1.036394749498998
0.11811,0.12115719,51710.449,0.4646465016023623,0.17958000712479172,1.0362815430861723
0.11811,0.12268794,51705.387,0.4646465016023623,0.18566745690507086,1.0361801002004007
0.11811,0.12421869,51701.02,0.4646465016023623,0.19175490668535006,1.0360925851703406
0.11811,0.12574944,51697.328,0.4646465016023623,0.19784235646562914,1.0360185971943887
0.11811,0.12728021,51694.398,0.4646465016023623,0.2039298857814273,1.035959879759519
0.11811,0.12881094,51692.168,0.4646465016023623,0.21001725602618754,1.0359151903807615
0.11811,0.13034171,51690.711,0.4646465016023623,0.21610478534198557,1.035885991983968
0.11811,0.13187183,51689.906,0.4646465016023623,0.22218972975341833,1.035869859719439
0.11811,0.13330159,51689.754,0.4646465016023623,0.22787556493084896,1.0358668136272546
0.11811,0.13454486,51690.059,0.4646465016023623,0.23281977116199554,1.0358729258517034
0.11811,0.13562597,51690.598,0.4646465016023623,0.23711910340563933,1.0358837274549098
0.11811,0.13656607,51691.289,0.4646465016023623,0.240857670473051,1.0358975751503006
0.11811,0.13738354,51692.008,0.4646465016023623,0.2441085655061294,1.0359119839679358
0.11811,0.13809437,51692.734,0.4646465016023623,0.24693537715226088,1.0359265330661322
0.11811,0.1387125,51693.426,0.4646465016023623,0.2493935416681413,1.035940400801603
0.11811,0.13925001,51694.059,0.4646465016023623,0.2515310985072058,1.0359530861723447
0.12064999,0.01275,51704.098,0.47474747273900203,-0.25153109850720584,1.0361542685370742
0.12064999,0.0132875,51703.328,0.47474747273900203,-0.24939358143590085,1.0361388376753506
0.12064999,0.013905625,51702.465,0.47474747273900203,-0.24693543680390018,1.0361215430861723
0.12064999,0.014616469,51701.531,0.47474747273900203,-0.2441085694829054,1.0361028256513027
0.12064999,0.01543394,51700.543,0.47474747273900203,-0.24085767047305104,1.0360830260521041
0.12064999,0.016374029,51699.523,0.47474747273900203,-0.23711914715017476,1.0360625851703407
0.12064999,0.017455135,51698.562,0.47474747273900203,-0.23281983081363486,1.0360433266533067
0.12064999,0.018698405,51697.742,0.47474747273900203,-0.22787562458248825,1.0360268937875752
0.12064999,0.020128164,51697.242,0.47474747273900203,-0.22218979338183356,1.0360168737474948
0.12064999,0.021658298,51697.301,0.47474747273900203,-0.21610479329553753,1.0360180561122245
0.12064999,0.023189049,51698.012,0.47474747273900203,-0.21001733953848242,1.0360323046092186
0.12064999,0.024719801,51699.469,0.47474747273900203,-0.2039298818046514,1.036061503006012
0.12064999,0.026250554,51701.641,0.47474747273900203,-0.19784242009404443,1.0361050300601202
0.12064999,0.027781306,51704.629,0.47474747273900203,-0.19175496236021336,1.0361649098196393
0.12064999,0.029312057,51708.379,0.47474747273900203,-0.18566750860315825,1.0362400601202404
0.12064999,0.030842811,51712.891,0.47474747273900203,-0.17958004291577534,1.0363304809619238
0.12064999,0.032373562,51718.125,0.47474747273900203,-0.1734925891587202,1.036435370741483
0.12064999,0.033904314,51724.039,0.47474747273900203,-0.1674051314248892,1.0365538877755511
0.12064999,0.035435066,51730.562,0.47474747273900203,-0.16131767369105812,1.0366846092184367
0.12064999,0.036965817,51737.629,0.47474747273900203,-0.15523021993400304,1.0368262324649298
0.12064999,0.038496573,51745.16,0.47474747273900203,-0.1491427462930682,1.0369771543086173
0.12064999,0.040027324,51753.074,0.47474747273900203,-0.1430552925360131,1.037135751503006
0.12064999,0.041558076,51761.285,0.47474747273900203,-0.13696783480218205,1.0373003006012025
0.12064999,0.043088827,51769.715,0.47474747273900203,-0.13088038104512695,1.037469238476954
0.12064999,0.044619579,51778.285,0.47474747273900203,-0.12479292331129592,1.0376409819639278
0.12064999,0.046150334,51786.914,0.47474747273900203,-0.11870545364713703,1.0378139078156312
0.12064999,0.047681086,51795.543,0.47474747273900203,-0.112617995913306,1.0379868336673346
0.12064999,0.049211837,51804.09,0.47474747273900203,-0.1065305421562509,1.038158116232465
0.12064999,0.050742589,51812.508,0.47474747273900203,-0.10044308442241985,1.0383268136272545
0.12064999,0.052273341,51820.727,0.47474747273900203,-0.0943556266885888,1.0384915230460923
0.12064999,0.053804092,51828.703,0.47474747273900203,-0.08826817293153372,1.038651362725451
0.12064999,0.055334844,51836.375,0.47474747273900203,-0.08218071519770266,1.038805110220441
0.12064999,0.056865599,51843.711,0.47474747273900203,-0.07609324553354377,1.0389521242484971
0.12064999,0.058396351,51850.66,0.47474747273900203,-0.07000578779971274,1.039091382765531
0.12064999,0.059927102,51857.191,0.47474747273900203,-0.06391833404265762,1.039222264529058
0.12064999,0.061457854,51863.27,0.47474747273900203,-0.05783087630882659,1.0393440881763527
0.12064999,0.062988609,51868.859,0.47474747273900203,-0.0517434066446677,1.0394560921843687
0.12064999,0.064519361,51873.93,0.47474747273900203,-0.04565594891083667,1.0395577154308617
0.12064999,0.066050112,51878.449,0.47474747273900203,-0.03956849515378159,1.0396482765531063
0.12064999,0.067580864,51882.383,0.47474747273900203,-0.033481037419950496,1.039727114228457
0.12064999,0.069111615,51885.711,0.47474747273900203,-0.027393583662895415,1.0397938076152304
0.12064999,0.070642367,51888.402,0.47474747273900203,-0.021306125929064383,1.039847735470942
0.12064999,0.072173119,51890.441,0.47474747273900203,-0.015218668195233353,1.0398885971943888
0.12064999,0.07370387,51891.812,0.47474747273900203,-0.009131214438178213,1.0399160721442886
0.12064999,0.075234622,51892.5,0.47474747273900203,-0.003043756704347182,1.0399298597194389
0.12064999,0.076765373,51892.5,0.47474747273900203,0.0030436970527079037,1.0399298597194389
0.12064999,0.078296125,51891.812,0.47474747273900203,0.009131154786538934,1.0399160721442886
0.12064999,0.079826877,51890.445,0.47474747273900203,0.015218612520370019,1.0398886773547094
0.12064999,0.081357636,51888.406,0.47474747273900203,0.021306098091632662,1.0398478156312625
0.12064999,0.082888387,51885.711,0.47474747273900203,0.027393551848687747,1.0397938076152304
0.12064999,0.084419131,51882.383,0.47474747273900203,0.03348097776831122,1.039727114228457
0.12064999,0.08594989,51878.445,0.47474747273900203,0.039568463339573916,1.0396481963927855
0.12064999,0.087480649,51873.926,0.47474747273900203,0.04565594891083656,1.0395576352705411
0.12064999,0.089011393,51868.855,0.47474747273900203,0.051743374830460036,1.0394560120240481
0.12064999,0.090542138,51863.266,0.47474747273900203,0.057830804726859454,1.039344008016032
0.12064999,0.092072897,51857.188,0.47474747273900203,0.06391829029812215,1.0392222044088177
0.12064999,0.093603656,51850.652,0.47474747273900203,0.07000577586938479,1.0390912224448898
0.12064999,0.0951344,51843.703,0.47474747273900203,0.07609320178900826,1.0389519639278557
0.12064999,0.096665144,51836.367,0.47474747273900203,0.08218062770863174,1.0388049498997995
0.12064999,0.09819591,51828.691,0.47474747273900203,0.08826814111732605,1.038651122244489
0.12064999,0.099726662,51820.719,0.47474747273900203,0.09435559885115707,1.0384913627254508
0.12064999,0.10125741,51812.496,0.47474747273900203,0.10044304067788438,1.0383265731462925
0.12064999,0.10278817,51804.082,0.47474747273900203,0.10653053022592297,1.0381579559118237
0.12064999,0.10431892,51795.531,0.47474747273900203,0.11261798000620211,1.0379865931863728
0.12064999,0.10584967,51786.902,0.47474747273900203,0.11870542978648131,1.0378136673346694
0.12064999,0.10738042,51778.27,0.47474747273900203,0.12479287956676045,1.0376406813627255
0.12064999,0.10891117,51769.703,0.47474747273900203,0.13088032934703958,1.037468997995992
0.12064999,0.11044192,51761.273,0.47474747273900203,0.13696777912731872,1.0373000601202405
0.12064999,0.11197267,51753.059,0.47474747273900203,0.14305522890759786,1.0371354509018036
0.12064999,0.11350343,51745.145,0.47474747273900203,0.1491427184556365,1.0369768537074147
0.12064999,0.11503418,51737.613,0.47474747273900203,0.15523016823591565,1.0368259118236471
0.12064999,0.11656493,51730.547,0.47474747273900203,0.1613176180161948,1.0366843086172344
0.12064999,0.11809569,51724.027,0.47474747273900203,0.16740510756423344,1.0365536472945893
0.12064999,0.11962645,51718.113,0.47474747273900203,0.17349259711227202,1.036435130260521
0.12064999,0.12115719,51712.879,0.47474747273900203,0.17958000712479172,1.036330240480962
0.12064999,0.12268794,51708.367,0.47474747273900203,0.18566745690507086,1.0362398196392786
0.12064999,0.12421869,51704.621,0.47474747273900203,0.19175490668535006,1.036164749498998
0.12064999,0.12574944,51701.637,0.47474747273900203,0.19784235646562914,1.0361049498997996
0.12064999,0.12728021,51699.465,0.47474747273900203,0.2039298857814273,1.0360614228456912
0.12064999,0.12881094,51698.012,0.47474747273900203,0.21001725602618754,1.0360323046092186
0.12064999,0.13034171,51697.301,0.47474747273900203,0.21610478534198557,1.0360180561122245
0.12064999,0.13187183,51697.242,0.47474747273900203,0.22218972975341833,1.0360168737474948
0.12064999,0.13330159,51697.746,0.47474747273900203,0.22787556493084896,1.0360269739478958
0.12064999,0.13454486,51698.566,0.47474747273900203,0.23281977116199554,1.0360434068136273
0.12064999,0.13562597,51699.531,0.47474747273900203,0.23711910340563933,1.036062745490982
0.12064999,0.13656607,51700.551,0.47474747273900203,0.240857670473051,1.0360831863727455
0.12064999,0.13738354,51701.539,0.47474747273900203,0.2441085655061294,1.0361029859719437
0.12064999,0.13809437,51702.473,0.47474747273900203,0.24693537715226088,1.0361217034068135
0.12064999,0.1387125,51703.336,0.47474747273900203,0.2493935416681413,1.036138997995992
0.12064999,0.13925001,51704.109,0.47474747273900203,0.2515310985072058,1.036154488977956
0.12318999,0.01275,51715.312,0.4848484836434012,-0.25153109850720584,1.0363789979959919
0.12318999,0.0132875,51714.434,0.4848484836434012,-0.24939358143590085,1.0363614028056112
0.12318999,0.013905625,51713.438,0.4848484836434012,-0.24693543680390018,1.0363414428857716
0.12318999,0.014616469,51712.344,0.4848484836434012,-0.2441085694829054,1.036319519038076
0.12318999,0.01543394,51711.145,0.4848484836434012,-0.24085767047305104,1.036295490981964
0.12318999,0.016374029,51709.875,0.4848484836434012,-0.23711914715017476,1.0362700400801603
0.12318999,0.017455135,51708.578,0.4848484836434012,-0.23281983081363486,1.0362440480961923
0.12318999,0.018698405,51707.352,0.4848484836434012,-0.22787562458248825,1.0362194789579158
0.12318999,0.020128164,51706.316,0.4848484836434012,-0.22218979338183356,1.0361987174348697
0.12318999,0.021658298,51705.75,0.4848484836434012,-0.21610479329553753,1.036187374749499
0.12318999,0.023189049,51705.809,0.4848484836434012,-0.21001733953848242,1.0361885571142284
0.12318999,0.024719801,51706.559,0.4848484836434012,-0.2039298818046514,1.0362035871743487
0.12318999,0.026250554,51708.039,0.4848484836434012,-0.19784242009404443,1.036233246492986
0.12318999,0.027781306,51710.324,0.4848484836434012,-0.19175496236021336,1.0362790380761524
0.12318999,0.029312057,51713.391,0.4848484836434012,-0.18566750860315825,1.0363405010020041
0.12318999,0.030842811,51717.305,0.4848484836434012,-0.17958004291577534,1.0364189378757516
0.12318999,0.032373562,51722.02,0.4848484836434012,-0.1734925891587202,1.0365134268537073
0.12318999,0.033904314,51727.504,0.4848484836434012,-0.1674051314248892,1.0366233266533067
0.12318999,0.035435066,51733.742,0.4848484836434012,-0.16131767369105812,1.0367483366733468
0.12318999,0.036965817,51740.645,0.4848484836434012,-0.15523021993400304,1.0368866733466933
0.12318999,0.038496573,51748.164,0.4848484836434012,-0.1491427462930682,1.0370373547094187
0.12318999,0.040027324,51756.207,0.4848484836434012,-0.1430552925360131,1.0371985370741483
0.12318999,0.041558076,51764.711,0.4848484836434012,-0.13696783480218205,1.0373689579158316
0.12318999,0.043088827,51773.586,0.4848484836434012,-0.13088038104512695,1.0375468136272545
0.12318999,0.044619579,51782.75,0.4848484836434012,-0.12479292331129592,1.0377304609218436
0.12318999,0.046150334,51792.121,0.4848484836434012,-0.11870545364713703,1.037918256513026
0.12318999,0.047681086,51801.633,0.4848484836434012,-0.112617995913306,1.038108877755511
0.12318999,0.049211837,51811.199,0.4848484836434012,-0.1065305421562509,1.0383005811623247
0.12318999,0.050742589,51820.758,0.4848484836434012,-0.10044308442241985,1.0384921442885773
0.12318999,0.052273341,51830.238,0.4848484836434012,-0.0943556266885888,1.038682124248497
0.12318999,0.053804092,51839.578,0.4848484836434012,-0.08826817293153372,1.0388692985971943
0.12318999,0.055334844,51848.703,0.4848484836434012,-0.08218071519770266,1.0390521643286574
0.12318999,0.056865599,51857.559,0.4848484836434012,-0.07609324553354377,1.0392296392785572
0.12318999,0.058396351,51866.074,0.4848484836434012,-0.07000578779971274,1.0394002805611222
0.12318999,0.059927102,51874.195,0.4848484836434012,-0.06391833404265762,1.0395630260521043
0.12318999,0.061457854,51881.855,0.4848484836434012,-0.05783087630882659,1.0397165330661324
0.12318999,0.062988609,51888.992,0.4848484836434012,-0.0517434066446677,1.0398595591182365
0.12318999,0.064519361,51895.543,0.4848484836434012,-0.04565594891083667,1.0399908416833668
0.12318999,0.066050112,51901.445,0.4848484836434012,-0.03956849515378159,1.040109118236473
0.12318999,0.067580864,51906.633,0.4848484836434012,-0.033481037419950496,1.0402130861723446
0.12318999,0.069111615,51911.059,0.4848484836434012,-0.027393583662895415,1.0403017835671342
0.12318999,0.070642367,51914.664,0.4848484836434012,-0.021306125929064383,1.0403740280561122
0.12318999,0.072173119,51917.406,0.4848484836434012,-0.015218668195233353,1.040428977955912
0.12318999,0.07370387,51919.254,0.4848484836434012,-0.009131214438178213,1.040466012024048
0.12318999,0.075234622,51920.184,0.4848484836434012,-0.003043756704347182,1.0404846492985973
0.12318999,0.076765373,51920.184,0.4848484836434012,0.0030436970527079037,1.0404846492985973
0.12318999,0.078296125,51919.254,0.4848484836434012,0.009131154786538934,1.040466012024048
0.12318999,0.079826877,51917.406,0.4848484836434012,0.015218612520370019,1.040428977955912
0.12318999,0.081357636,51914.66,0.4848484836434012,0.021306098091632662,1.0403739478957916
0.12318999,0.082888387,51911.055,0.4848484836434012,0.027393551848687747,1.0403017034068136
0.12318999,0.084419131,51906.629,0.4848484836434012,0.03348097776831122,1.040213006012024
0.12318999,0.08594989,51901.438,0.4848484836434012,0.039568463339573916,1.0401089779559118
0.12318999,0.087480649,51895.535,0.4848484836434012,0.04565594891083656,1.0399906813627255
0.12318999,0.089011393,51888.984,0.4848484836434012,0.051743374830460036,1.039859398797595
0.12318999,0.090542138,51881.844,0.4848484836434012,0.057830804726859454,1.0397163126252504
0.12318999,0.092072897,51874.184,0.4848484836434012,0.06391829029812215,1.0395628056112225
0.12318999,0.093603656,51866.062,0.4848484836434012,0.07000577586938479,1.0394000400801602
0.12318999,0.0951344,51857.543,0.4848484836434012,0.07609320178900826,1.0392293186372745
0.12318999,0.096665144,51848.688,0.4848484836434012,0.08218062770863174,1.0390518637274548
0.12318999,0.09819591,51839.562,0.4848484836434012,0.08826814111732605,1.0388689779559117
0.12318999,0.099726662,51830.223,0.4848484836434012,0.09435559885115707,1.0386818236472946
0.12318999,0.10125741,51820.746,0.4848484836434012,0.10044304067788438,1.0384919038076152
0.12318999,0.10278817,51811.184,0.4848484836434012,0.10653053022592297,1.0383002805611223
0.12318999,0.10431892,51801.617,0.4848484836434012,0.11261798000620211,1.0381085571142283
0.12318999,0.10584967,51792.105,0.4848484836434012,0.11870542978648131,1.0379179358717436
0.12318999,0.10738042,51782.734,0.4848484836434012,0.12479287956676045,1.037730140280561
0.12318999,0.10891117,51773.57,0.4848484836434012,0.13088032934703958,1.037546492985972
0.12318999,0.11044192,51764.695,0.4848484836434012,0.13696777912731872,1.0373686372745492
0.12318999,0.11197267,51756.191,0.4848484836434012,0.14305522890759786,1.0371982164328657
0.12318999,0.11350343,51748.148,0.4848484836434012,0.1491427184556365,1.0370370340681363
0.12318999,0.11503418,51740.633,0.4848484836434012,0.15523016823591565,1.0368864328657315
0.12318999,0.11656493,51733.727,0.4848484836434012,0.1613176180161948,1.0367480360721442
0.12318999,0.11809569,51727.492,0.4848484836434012,0.16740510756423344,1.0366230861723447
0.12318999,0.11962645,51722.008,0.4848484836434012,0.17349259711227202,1.0365131863727455
0.12318999,0.12115719,51717.293,0.4848484836434012,0.17958000712479172,1.0364186973947895
0.12318999,0.12268794,51713.383,0.4848484836434012,0.18566745690507086,1.0363403406813627
0.12318999,0.12421869,51710.32,0.4848484836434012,0.19175490668535006,1.0362789579158316
0.12318999,0.12574944,51708.035,0.4848484836434012,0.19784235646562914,1.0362331663326654
0.12318999,0.12728021,51706.559,0.4848484836434012,0.2039298857814273,1.0362035871743487
0.12318999,0.12881094,51705.809,0.4848484836434012,0.21001725602618754,1.0361885571142284
0.12318999,0.13034171,51705.754,0.4848484836434012,0.21610478534198557,1.0361874549098196
0.12318999,0.13187183,51706.32,0.4848484836434012,0.22218972975341833,1.0361987975951903
0.12318999,0.13330159,51707.359,0.4848484836434012,0.22787556493084896,1.036219619238477
0.12318999,0.13454486,51708.586,0.4848484836434012,0.23281977116199554,1.0362442084168337
0.12318999,0.13562597,51709.883,0.4848484836434012,0.23711910340563933,1.0362702004008015
0.12318999,0.13656607,51711.156,0.4848484836434012,0.240857670473051,1.0362957114228457
0.12318999,0.13738354,51712.355,0.4848484836434012,0.2441085655061294,1.036319739478958
0.12318999,0.13809437,51713.449,0.4848484836434012,0.24693537715226088,1.0363416633266533
0.12318999,0.1387125,51714.449,0.4848484836434012,0.2493935416681413,1.0363617034068136
0.12318999,0.13925001,51715.328,0.4848484836434012,0.2515310985072058,1.0363793186372745
0.12572999,0.01275,51727.68,0.49494949454780046,-0.25153109850720584,1.0366268537074148
0.12572999,0.0132875,51726.719,0.49494949454780046,-0.24939358143590085,1.0366075951903808
0.12572999,0.013905625,51725.617,0.49494949454780046,-0.24693543680390018,1.036585511022044
0.12572999,0.014616469,51724.402,0.49494949454780046,-0.2441085694829054,1.0365611623246493
0.12572999,0.01543394,51723.051,0.49494949454780046,-0.24085767047305104,1.0365340881763527
0.12572999,0.016374029,51721.598,0.49494949454780046,-0.23711914715017476,1.0365049699398796
0.12572999,0.017455135,51720.059,0.49494949454780046,-0.23281983081363486,1.036474128256513
0.12572999,0.018698405,51718.539,0.49494949454780046,-0.22787562458248825,1.0364436673346693
0.12572999,0.020128164,51717.109,0.49494949454780046,-0.22218979338183356,1.03641501002004
0.12572999,0.021658298,51716.062,0.49494949454780046,-0.21610479329553753,1.0363940280561121
0.12572999,0.023189049,51715.602,0.49494949454780046,-0.21001733953848242,1.0363848096192385
0.12572999,0.024719801,51715.77,0.49494949454780046,-0.2039298818046514,1.0363881763527054
0.12572999,0.026250554,51716.645,0.49494949454780046,-0.19784242009404443,1.0364057114228455
0.12572999,0.027781306,51718.293,0.49494949454780046,-0.19175496236021336,1.03643873747495
0.12572999,0.029312057,51720.738,0.49494949454780046,-0.18566750860315825,1.0364877354709419
0.12572999,0.030842811,51724.039,0.49494949454780046,-0.17958004291577534,1.0365538877755511
0.12572999,0.032373562,51728.172,0.49494949454780046,-0.1734925891587202,1.0366367134268537
0.12572999,0.033904314,51733.172,0.49494949454780046,-0.1674051314248892,1.0367369138276552
0.12572999,0.035435066,51739.012,0.49494949454780046,-0.16131767369105812,1.0368539478957917
0.12572999,0.036965817,51745.625,0.49494949454780046,-0.15523021993400304,1.0369864729458917
0.12572999,0.038496573,51752.992,0.49494949454780046,-0.1491427462930682,1.037134108216433
0.12572999,0.040027324,51761.027,0.49494949454780046,-0.1430552925360131,1.0372951302605211
0.12572999,0.041558076,51769.668,0.49494949454780046,-0.13696783480218205,1.0374682965931863
0.12572999,0.043088827,51778.828,0.49494949454780046,-0.13088038104512695,1.037651863727455
0.12572999,0.044619579,51788.434,0.49494949454780046,-0.12479292331129592,1.037844368737475
0.12572999,0.046150334,51798.398,0.49494949454780046,-0.11870545364713703,1.0380440480961923
0.12572999,0.047681086,51808.645,0.49494949454780046,-0.112617995913306,1.0382493987975951
0.12572999,0.049211837,51819.09,0.49494949454780046,-0.1065305421562509,1.0384587174348696
0.12572999,0.050742589,51829.66,0.49494949454780046,-0.10044308442241985,1.0386705410821644
0.12572999,0.052273341,51840.273,0.49494949454780046,-0.0943556266885888,1.0388832264529058
0.12572999,0.053804092,51850.855,0.49494949454780046,-0.08826817293153372,1.0390952905811623
0.12572999,0.055334844,51861.32,0.49494949454780046,-0.08218071519770266,1.03930501002004
0.12572999,0.056865599,51871.59,0.49494949454780046,-0.07609324553354377,1.0395108216432865
0.12572999,0.058396351,51881.578,0.49494949454780046,-0.07000578779971274,1.0397109819639279
0.12572999,0.059927102,51891.199,0.49494949454780046,-0.06391833404265762,1.0399037875751502
0.12572999,0.061457854,51900.359,0.49494949454780046,-0.05783087630882659,1.0400873547094187
0.12572999,0.062988609,51908.969,0.49494949454780046,-0.0517434066446677,1.040259899799599
0.12572999,0.064519361,51916.926,0.49494949454780046,-0.04565594891083667,1.0404193587174349
0.12572999,0.066050112,51924.148,0.49494949454780046,-0.03956849515378159,1.0405640881763527
0.12572999,0.067580864,51930.535,0.49494949454780046,-0.033481037419950496,1.0406920841683367
0.12572999,0.069111615,51936.004,0.49494949454780046,-0.027393583662895415,1.0408016833667335
0.12572999,0.070642367,51940.48,0.49494949454780046,-0.021306125929064383,1.040891382765531
0.12572999,0.072173119,51943.895,0.49494949454780046,-0.015218668195233353,1.0409598196392784
0.12572999,0.07370387,51946.203,0.49494949454780046,-0.009131214438178213,1.0410060721442886
0.12572999,0.075234622,51947.363,0.49494949454780046,-0.003043756704347182,1.0410293186372745
0.12572999,0.076765373,51947.363,0.49494949454780046,0.0030436970527079037,1.0410293186372745
0.12572999,0.078296125,51946.199,0.49494949454780046,0.009131154786538934,1.041005991983968
0.12572999,0.079826877,51943.895,0.49494949454780046,0.015218612520370019,1.0409598196392784
0.12572999,0.081357636,51940.477,0.49494949454780046,0.021306098091632662,1.0408913226452905
0.12572999,0.082888387,51936.0,0.49494949454780046,0.027393551848687747,1.040801603206413
0.12572999,0.084419131,51930.527,0.49494949454780046,0.03348097776831122,1.0406919238476955
0.12572999,0.08594989,51924.141,0.49494949454780046,0.039568463339573916,1.0405639478957915
0.12572999,0.087480649,51916.918,0.49494949454780046,0.04565594891083656,1.0404191983967936
0.12572999,0.089011393,51908.953,0.49494949454780046,0.051743374830460036,1.0402595791583167
0.12572999,0.090542138,51900.344,0.49494949454780046,0.057830804726859454,1.0400870541082163
0.12572999,0.092072897,51891.184,0.49494949454780046,0.06391829029812215,1.0399034869739479
0.12572999,0.093603656,51881.562,0.49494949454780046,0.07000577586938479,1.0397106613226452
0.12572999,0.0951344,51871.574,0.49494949454780046,0.07609320178900826,1.039510501002004
0.12572999,0.096665144,51861.305,0.49494949454780046,0.08218062770863174,1.0393047094188377
0.12572999,0.09819591,51850.836,0.49494949454780046,0.08826814111732605,1.0390949098196394
0.12572999,0.099726662,51840.254,0.49494949454780046,0.09435559885115707,1.0388828456913828
0.12572999,0.10125741,51829.645,0.49494949454780046,0.10044304067788438,1.0386702404809618
0.12572999,0.10278817,51819.07,0.49494949454780046,0.10653053022592297,1.0384583166332666
0.12572999,0.10431892,51808.625,0.49494949454780046,0.11261798000620211,1.038248997995992
0.12572999,0.10584967,51798.379,0.49494949454780046,0.11870542978648131,1.0380436673346694
0.12572999,0.10738042,51788.418,0.49494949454780046,0.12479287956676045,1.0378440480961924
0.12572999,0.10891117,51778.812,0.49494949454780046,0.13088032934703958,1.0376515430861724
0.12572999,0.11044192,51769.652,0.49494949454780046,0.13696777912731872,1.0374679759519039
0.12572999,0.11197267,51761.012,0.49494949454780046,0.14305522890759786,1.0372948296593187
0.12572999,0.11350343,51752.973,0.49494949454780046,0.1491427184556365,1.0371337274549097
0.12572999,0.11503418,51745.609,0.49494949454780046,0.15523016823591565,1.036986152304609
0.12572999,0.11656493,51738.996,0.49494949454780046,0.1613176180161948,1.036853627254509
0.12572999,0.11809569,51733.156,0.49494949454780046,0.16740510756423344,1.0367365931863728
0.12572999,0.11962645,51728.16,0.49494949454780046,0.17349259711227202,1.036636472945892
0.12572999,0.12115719,51724.027,0.49494949454780046,0.17958000712479172,1.0365536472945893
0.12572999,0.12268794,51720.73,0.49494949454780046,0.18566745690507086,1.0364875751503007
0.12572999,0.12421869,51718.289,0.49494949454780046,0.19175490668535006,1.0364386573146291
0.12572999,0.12574944,51716.641,0.49494949454780046,0.19784235646562914,1.0364056312625252
0.12572999,0.12728021,51715.77,0.49494949454780046,0.2039298857814273,1.0363881763527054
0.12572999,0.12881094,51715.605,0.49494949454780046,0.21001725602618754,1.036384869739479
0.12572999,0.13034171,51716.066,0.49494949454780046,0.21610478534198557,1.0363941082164327
0.12572999,0.13187183,51717.117,0.49494949454780046,0.22218972975341833,1.0364151703406814
0.12572999,0.13330159,51718.547,0.49494949454780046,0.22787556493084896,1.0364438276553105
0.12572999,0.13454486,51720.07,0.49494949454780046,0.23281977116199554,1.0364743486973949
0.12572999,0.13562597,51721.609,0.49494949454780046,0.23711910340563933,1.0365051903807614
0.12572999,0.13656607,51723.062,0.49494949454780046,0.240857670473051,1.0365343086172345
0.12572999,0.13738354,51724.414,0.49494949454780046,0.2441085655061294,1.0365614028056112
0.12572999,0.13809437,51725.633,0.49494949454780046,0.24693537715226088,1.0365858316633267
0.12572999,0.1387125,51726.734,0.49494949454780046,0.2493935416681413,1.0366078957915832
0.12572999,0.13925001,51727.695,0.49494949454780046,0.2515310985072058,1.0366271543086172
0.12827,0.01275,51741.289,0.505050545219959,-0.25153109850720584,1.0368995791583167
0.12827,0.0132875,51740.273,0.505050545219959,-0.24939358143590085,1.0368792184368738
0.12827,0.013905625,51739.109,0.505050545219959,-0.24693543680390018,1.036855891783567
0.12827,0.014616469,51737.82,0.505050545219959,-0.2441085694829054,1.0368300601202405
0.12827,0.01543394,51736.375,0.505050545219959,-0.24085767047305104,1.0368011022044088
0.12827,0.016374029,51734.812,0.505050545219959,-0.23711914715017476,1.0367697795591182
0.12827,0.017455135,51733.125,0.505050545219959,-0.23281983081363486,1.0367359719438878
0.12827,0.018698405,51731.418,0.505050545219959,-0.22787562458248825,1.0367017635270541
0.12827,0.020128164,51729.727,0.505050545219959,-0.22218979338183356,1.0366678757515029
0.12827,0.021658298,51728.344,0.505050545219959,-0.21610479329553753,1.0366401603206412
0.12827,0.023189049,51727.504,0.505050545219959,-0.21001733953848242,1.0366233266533067
0.12827,0.024719801,51727.223,0.505050545219959,-0.2039298818046514,1.0366176953907815
0.12827,0.026250554,51727.613,0.505050545219959,-0.19784242009404443,1.0366255110220441
0.12827,0.027781306,51728.723,0.505050545219959,-0.19175496236021336,1.036647755511022
0.12827,0.029312057,51730.617,0.505050545219959,-0.18566750860315825,1.0366857114228456
0.12827,0.030842811,51733.352,0.505050545219959,-0.17958004291577534,1.0367405210420841
0.12827,0.032373562,51736.941,0.505050545219959,-0.1734925891587202,1.0368124448897795
0.12827,0.033904314,51741.426,0.505050545219959,-0.1674051314248892,1.0369023246492985
0.12827,0.035435066,51746.793,0.505050545219959,-0.16131767369105812,1.037009879759519
0.12827,0.036965817,51753.031,0.505050545219959,-0.15523021993400304,1.0371348897795591
0.12827,0.038496573,51760.141,0.505050545219959,-0.1491427462930682,1.037277374749499
0.12827,0.040027324,51768.039,0.505050545219959,-0.1430552925360131,1.037435651302605
0.12827,0.041558076,51776.668,0.505050545219959,-0.13696783480218205,1.0376085771543087
0.12827,0.043088827,51785.977,0.505050545219959,-0.13088038104512695,1.037795130260521
0.12827,0.044619579,51795.871,0.505050545219959,-0.12479292331129592,1.0379934068136272
0.12827,0.046150334,51806.277,0.505050545219959,-0.11870545364713703,1.0382019438877756
0.12827,0.047681086,51817.109,0.505050545219959,-0.112617995913306,1.0384190180360722
0.12827,0.049211837,51828.281,0.505050545219959,-0.1065305421562509,1.0386429058116233
0.12827,0.050742589,51839.711,0.505050545219959,-0.10044308442241985,1.0388719639278559
0.12827,0.052273341,51851.309,0.505050545219959,-0.0943556266885888,1.039104388777555
0.12827,0.053804092,51862.992,0.505050545219959,-0.08826817293153372,1.039338517034068
0.12827,0.055334844,51874.66,0.505050545219959,-0.08218071519770266,1.0395723446893788
0.12827,0.056865599,51886.207,0.505050545219959,-0.07609324553354377,1.03980374749499
0.12827,0.058396351,51897.535,0.505050545219959,-0.07000578779971274,1.0400307615230462
0.12827,0.059927102,51908.527,0.505050545219959,-0.06391833404265762,1.0402510420841684
0.12827,0.061457854,51919.066,0.505050545219959,-0.05783087630882659,1.040462244488978
0.12827,0.062988609,51929.027,0.505050545219959,-0.0517434066446677,1.040661863727455
0.12827,0.064519361,51938.289,0.505050545219959,-0.04565594891083667,1.0408474749498997
0.12827,0.066050112,51946.73,0.505050545219959,-0.03956849515378159,1.0410166332665332
0.12827,0.067580864,51954.227,0.505050545219959,-0.033481037419950496,1.041166873747495
0.12827,0.069111615,51960.668,0.505050545219959,-0.027393583662895415,1.0412959519038076
0.12827,0.070642367,51965.949,0.505050545219959,-0.021306125929064383,1.0414017835671343
0.12827,0.072173119,51969.992,0.505050545219959,-0.015218668195233353,1.0414828056112224
0.12827,0.07370387,51972.727,0.505050545219959,-0.009131214438178213,1.041537615230461
0.12827,0.075234622,51974.102,0.505050545219959,-0.003043756704347182,1.0415651703406814
0.12827,0.076765373,51974.102,0.505050545219959,0.0030436970527079037,1.0415651703406814
0.12827,0.078296125,51972.723,0.505050545219959,0.009131154786538934,1.0415375350701404
0.12827,0.079826877,51969.988,0.505050545219959,0.015218612520370019,1.0414827254509018
0.12827,0.081357636,51965.941,0.505050545219959,0.021306098091632662,1.0414016232464929
0.12827,0.082888387,51960.656,0.505050545219959,0.027393551848687747,1.0412957114228458
0.12827,0.084419131,51954.215,0.505050545219959,0.03348097776831122,1.041166633266533
0.12827,0.08594989,51946.719,0.505050545219959,0.039568463339573916,1.0410164128256512
0.12827,0.087480649,51938.277,0.505050545219959,0.04565594891083656,1.040847234468938
0.12827,0.089011393,51929.016,0.505050545219959,0.051743374830460036,1.0406616432865732
0.12827,0.090542138,51919.051,0.505050545219959,0.057830804726859454,1.0404619438877756
0.12827,0.092072897,51908.512,0.505050545219959,0.06391829029812215,1.040250741482966
0.12827,0.093603656,51897.52,0.505050545219959,0.07000577586938479,1.0400304609218436
0.12827,0.0951344,51886.188,0.505050545219959,0.07609320178900826,1.039803366733467
0.12827,0.096665144,51874.641,0.505050545219959,0.08218062770863174,1.0395719639278558
0.12827,0.09819591,51862.973,0.505050545219959,0.08826814111732605,1.0393381362725451
0.12827,0.099726662,51851.289,0.505050545219959,0.09435559885115707,1.0391039879759518
0.12827,0.10125741,51839.691,0.505050545219959,0.10044304067788438,1.0388715631262524
0.12827,0.10278817,51828.258,0.505050545219959,0.10653053022592297,1.0386424448897795
0.12827,0.10431892,51817.086,0.505050545219959,0.11261798000620211,1.0384185571142286
0.12827,0.10584967,51806.254,0.505050545219959,0.11870542978648131,1.0382014829659318
0.12827,0.10738042,51795.852,0.505050545219959,0.12479287956676045,1.0379930260521042
0.12827,0.10891117,51785.957,0.505050545219959,0.13088032934703958,1.0377947294589178
0.12827,0.11044192,51776.648,0.505050545219959,0.13696777912731872,1.0376081763527054
0.12827,0.11197267,51768.02,0.505050545219959,0.14305522890759786,1.037435270541082
0.12827,0.11350343,51760.121,0.505050545219959,0.1491427184556365,1.0372769739478958
0.12827,0.11503418,51753.016,0.505050545219959,0.15523016823591565,1.0371345891783568
0.12827,0.11656493,51746.781,0.505050545219959,0.1613176180161948,1.0370096392785573
0.12827,0.11809569,51741.41,0.505050545219959,0.16740510756423344,1.0369020040080161
0.12827,0.11962645,51736.93,0.505050545219959,0.17349259711227202,1.0368122244488978
0.12827,0.12115719,51733.34,0.505050545219959,0.17958000712479172,1.036740280561122
0.12827,0.12268794,51730.613,0.505050545219959,0.18566745690507086,1.036685631262525
0.12827,0.12421869,51728.719,0.505050545219959,0.19175490668535006,1.0366476753507015
0.12827,0.12574944,51727.609,0.505050545219959,0.19784235646562914,1.0366254308617233
0.12827,0.12728021,51727.223,0.505050545219959,0.2039298857814273,1.0366176953907815
0.12827,0.12881094,51727.504,0.505050545219959,0.21001725602618754,1.0366233266533067
0.12827,0.13034171,51728.348,0.505050545219959,0.21610478534198557,1.0366402404809618
0.12827,0.13187183,51729.734,0.505050545219959,0.22218972975341833,1.036668016032064
0.12827,0.13330159,51731.426,0.505050545219959,0.22787556493084896,1.0367019238476953
0.12827,0.13454486,51733.137,0.505050545219959,0.23281977116199554,1.0367362124248498
0.12827,0.13562597,51734.824,0.505050545219959,0.23711910340563933,1.0367700200400802
0.12827,0.13656607,51736.387,0.505050545219959,0.240857670473051,1.0368013426853708
0.12827,0.13738354,51737.832,0.505050545219959,0.2441085655061294,1.0368303006012025
0.12827,0.13809437,51739.121,0.505050545219959,0.24693537715226088,1.036856132264529
0.12827,0.1387125,51740.289,0.505050545219959,0.2493935416681413,1.0368795390781562
0.12827,0.13925001,51741.305,0.505050545219959,0.2515310985072058,1.0368998997995993
0.13080999,0.01275,51756.293,0.5151515163565987,-0.25153109850720584,1.037200260521042
0.13080999,0.0132875,51755.262,0.5151515163565987,-0.24939358143590085,1.0371795991983968
0.13080999,0.013905625,51754.074,0.5151515163565987,-0.24693543680390018,1.0371557915831664
0.13080999,0.014616469,51752.762,0.5151515163565987,-0.2441085694829054,1.037129498997996
0.13080999,0.01543394,51751.281,0.5151515163565987,-0.24085767047305104,1.0370998196392787
0.13080999,0.016374029,51749.68,0.5151515163565987,-0.23711914715017476,1.0370677354709419
0.13080999,0.017455135,51747.926,0.5151515163565987,-0.23281983081363486,1.0370325851703406
0.13080999,0.018698405,51746.129,0.5151515163565987,-0.22787562458248825,1.0369965731462927
0.13080999,0.020128164,51744.293,0.5151515163565987,-0.22218979338183356,1.0369597795591181
0.13080999,0.021658298,51742.707,0.5151515163565987,-0.21610479329553753,1.036927995991984
0.13080999,0.023189049,51741.617,0.5151515163565987,-0.21001733953848242,1.0369061523046093
0.13080999,0.024719801,51741.02,0.5151515163565987,-0.2039298818046514,1.0368941883767535
0.13080999,0.026250554,51741.051,0.5151515163565987,-0.19784242009404443,1.0368948096192385
0.13080999,0.027781306,51741.746,0.5151515163565987,-0.19175496236021336,1.03690873747495
0.13080999,0.029312057,51743.191,0.5151515163565987,-0.18566750860315825,1.0369376953907816
0.13080999,0.030842811,51745.441,0.5151515163565987,-0.17958004291577534,1.0369827855711422
0.13080999,0.032373562,51748.547,0.5151515163565987,-0.1734925891587202,1.0370450300601202
0.13080999,0.033904314,51752.539,0.5151515163565987,-0.1674051314248892,1.0371250300601202
0.13080999,0.035435066,51757.461,0.5151515163565987,-0.16131767369105812,1.0372236673346693
0.13080999,0.036965817,51763.301,0.5151515163565987,-0.15523021993400304,1.0373407014028055
0.13080999,0.038496573,51770.07,0.5151515163565987,-0.1491427462930682,1.0374763527054107
0.13080999,0.040027324,51777.723,0.5151515163565987,-0.1430552925360131,1.0376297194388777
0.13080999,0.041558076,51786.234,0.5151515163565987,-0.13696783480218205,1.0378002805611222
0.13080999,0.043088827,51795.555,0.5151515163565987,-0.13088038104512695,1.0379870741482966
0.13080999,0.044619579,51805.602,0.5151515163565987,-0.12479292331129592,1.0381884168336672
0.13080999,0.046150334,51816.297,0.5151515163565987,-0.11870545364713703,1.0384027454909819
0.13080999,0.047681086,51827.566,0.5151515163565987,-0.112617995913306,1.0386285771543087
0.13080999,0.049211837,51839.316,0.5151515163565987,-0.1065305421562509,1.0388640480961924
0.13080999,0.050742589,51851.457,0.5151515163565987,-0.10044308442241985,1.039107354709419
0.13080999,0.052273341,51863.895,0.5151515163565987,-0.0943556266885888,1.039356613226453
0.13080999,0.053804092,51876.523,0.5151515163565987,-0.08826817293153372,1.0396096793587175
0.13080999,0.055334844,51889.234,0.5151515163565987,-0.08218071519770266,1.0398644088176352
0.13080999,0.056865599,51901.91,0.5151515163565987,-0.07609324553354377,1.0401184368737475
0.13080999,0.058396351,51914.418,0.5151515163565987,-0.07000578779971274,1.0403690981963927
0.13080999,0.059927102,51926.625,0.5151515163565987,-0.06391833404265762,1.0406137274549099
0.13080999,0.061457854,51938.387,0.5151515163565987,-0.05783087630882659,1.0408494388777556
0.13080999,0.062988609,51949.555,0.5151515163565987,-0.0517434066446677,1.041073246492986
0.13080999,0.064519361,51959.977,0.5151515163565987,-0.04565594891083667,1.0412821042084168
0.13080999,0.066050112,51969.5,0.5151515163565987,-0.03956849515378159,1.0414729458917835
0.13080999,0.067580864,51977.984,0.5151515163565987,-0.033481037419950496,1.0416429659318636
0.13080999,0.069111615,51985.293,0.5151515163565987,-0.027393583662895415,1.0417894388777555
0.13080999,0.070642367,51991.301,0.5151515163565987,-0.021306125929064383,1.0419098396793587
0.13080999,0.072173119,51995.902,0.5151515163565987,-0.015218668195233353,1.0420020440881763
0.13080999,0.07370387,51999.02,0.5151515163565987,-0.009131214438178213,1.042064529058116
0.13080999,0.075234622,52000.59,0.5151515163565987,-0.003043756704347182,1.0420959919839679
0.13080999,0.076765373,52000.59,0.5151515163565987,0.0030436970527079037,1.0420959919839679
0.13080999,0.078296125,51999.012,0.5151515163565987,0.009131154786538934,1.042064368737475
0.13080999,0.079826877,51995.895,0.5151515163565987,0.015218612520370019,1.0420019038076151
0.13080999,0.081357636,51991.289,0.5151515163565987,0.021306098091632662,1.0419095991983967
0.13080999,0.082888387,51985.281,0.5151515163565987,0.027393551848687747,1.0417891983967937
0.13080999,0.084419131,51977.973,0.5151515163565987,0.03348097776831122,1.041642745490982
0.13080999,0.08594989,51969.484,0.5151515163565987,0.039568463339573916,1.0414726252505009
0.13080999,0.087480649,51959.957,0.5151515163565987,0.04565594891083656,1.0412817034068136
0.13080999,0.089011393,51949.535,0.5151515163565987,0.051743374830460036,1.041072845691383
0.13080999,0.090542138,51938.367,0.5151515163565987,0.057830804726859454,1.0408490380761524
0.13080999,0.092072897,51926.605,0.5151515163565987,0.06391829029812215,1.0406133266533066
0.13080999,0.093603656,51914.395,0.5151515163565987,0.07000577586938479,1.040368637274549
0.13080999,0.0951344,51901.887,0.5151515163565987,0.07609320178900826,1.040117975951904
0.13080999,0.096665144,51889.211,0.5151515163565987,0.08218062770863174,1.0398639478957916
0.13080999,0.09819591,51876.5,0.5151515163565987,0.08826814111732605,1.0396092184368737
0.13080999,0.099726662,51863.867,0.5151515163565987,0.09435559885115707,1.0393560521042084
0.13080999,0.10125741,51851.434,0.5151515163565987,0.10044304067788438,1.0391068937875751
0.13080999,0.10278817,51839.293,0.5151515163565987,0.10653053022592297,1.0388635871743486
0.13080999,0.10431892,51827.543,0.5151515163565987,0.11261798000620211,1.0386281162324649
0.13080999,0.10584967,51816.273,0.5151515163565987,0.11870542978648131,1.038402264529058
0.13080999,0.10738042,51805.578,0.5151515163565987,0.12479287956676045,1.0381879358717434
0.13080999,0.10891117,51795.527,0.5151515163565987,0.13088032934703958,1.0379865130260522
0.13080999,0.11044192,51786.211,0.5151515163565987,0.13696777912731872,1.0377998196392786
0.13080999,0.11197267,51777.703,0.5151515163565987,0.14305522890759786,1.0376293186372745
0.13080999,0.11350343,51770.051,0.5151515163565987,0.1491427184556365,1.0374759719438877
0.13080999,0.11503418,51763.281,0.5151515163565987,0.15523016823591565,1.0373403006012025
0.13080999,0.11656493,51757.441,0.5151515163565987,0.1613176180161948,1.037223266533066
0.13080999,0.11809569,51752.527,0.5151515163565987,0.16740510756423344,1.0371247895791584
0.13080999,0.11962645,51748.531,0.5151515163565987,0.17349259711227202,1.0370447094188378
0.13080999,0.12115719,51745.43,0.5151515163565987,0.17958000712479172,1.0369825651302604
0.13080999,0.12268794,51743.184,0.5151515163565987,0.18566745690507086,1.0369375551102205
0.13080999,0.12421869,51741.738,0.5151515163565987,0.19175490668535006,1.0369085771543085
0.13080999,0.12574944,51741.047,0.5151515163565987,0.19784235646562914,1.036894729458918
0.13080999,0.12728021,51741.02,0.5151515163565987,0.2039298857814273,1.0368941883767535
0.13080999,0.12881094,51741.617,0.5151515163565987,0.21001725602618754,1.0369061523046093
0.13080999,0.13034171,51742.711,0.5151515163565987,0.21610478534198557,1.0369280761523048
0.13080999,0.13187183,51744.301,0.5151515163565987,0.22218972975341833,1.0369599398797595
0.13080999,0.13330159,51746.137,0.5151515163565987,0.22787556493084896,1.0369967334669339
0.13080999,0.13454486,51747.934,0.5151515163565987,0.23281977116199554,1.037032745490982
0.13080999,0.13562597,51749.688,0.5151515163565987,0.23711910340563933,1.037067895791583
0.13080999,0.13656607,51751.293,0.5151515163565987,0.240857670473051,1.0371000601202405
0.13080999,0.13738354,51752.773,0.5151515163565987,0.2441085655061294,1.0371297194388778
0.13080999,0.13809437,51754.086,0.5151515163565987,0.24693537715226088,1.0371560320641282
0.13080999,0.1387125,51755.273,0.5151515163565987,0.2493935416681413,1.0371798196392785
0.13080999,0.13925001,51756.305,0.5151515163565987,0.2515310985072058,1.037200501002004
0.13335,0.01275,51772.848,0.5252525670287573,-0.25153109850720584,1.037532024048096
0.13335,0.0132875,51771.832,0.5252525670287573,-0.24939358143590085,1.0375116633266535
0.13335,0.013905625,51770.66,0.5252525670287573,-0.24693543680390018,1.0374881763527055
0.13335,0.014616469,51769.371,0.5252525670287573,-0.2441085694829054,1.0374623446893787
0.13335,0.01543394,51767.906,0.5252525670287573,-0.24085767047305104,1.037432985971944
0.13335,0.016374029,51766.324,0.5252525670287573,-0.23711914715017476,1.0374012825651302
0.13335,0.017455135,51764.582,0.5252525670287573,-0.23281983081363486,1.037366372745491
0.13335,0.018698405,51762.781,0.5252525670287573,-0.22787562458248825,1.0373302805611222
0.13335,0.020128164,51760.918,0.5252525670287573,-0.22218979338183356,1.0372929458917834
0.13335,0.021658298,51759.258,0.5252525670287573,-0.21610479329553753,1.0372596793587174
0.13335,0.023189049,51758.051,0.5252525670287573,-0.21001733953848242,1.0372354909819639
0.13335,0.024719801,51757.281,0.5252525670287573,-0.2039298818046514,1.0372200601202406
0.13335,0.026250554,51757.094,0.5252525670287573,-0.19784242009404443,1.0372163126252505
0.13335,0.027781306,51757.512,0.5252525670287573,-0.19175496236021336,1.0372246893787576
0.13335,0.029312057,51758.637,0.5252525670287573,-0.18566750860315825,1.0372472344689379
0.13335,0.030842811,51760.52,0.5252525670287573,-0.17958004291577534,1.0372849699398796
0.13335,0.032373562,51763.238,0.5252525670287573,-0.1734925891587202,1.0373394388777555
0.13335,0.033904314,51766.832,0.5252525670287573,-0.1674051314248892,1.0374114629258517
0.13335,0.035435066,51771.352,0.5252525670287573,-0.16131767369105812,1.0375020440881764
0.13335,0.036965817,51776.816,0.5252525670287573,-0.15523021993400304,1.0376115430861723
0.13335,0.038496573,51783.246,0.5252525670287573,-0.1491427462930682,1.0377404008016031
0.13335,0.040027324,51790.633,0.5252525670287573,-0.1430552925360131,1.0378884368737475
0.13335,0.041558076,51798.961,0.5252525670287573,-0.13696783480218205,1.0380553306613227
0.13335,0.043088827,51808.191,0.5252525670287573,-0.13088038104512695,1.0382403006012024
0.13335,0.044619579,51818.273,0.5252525670287573,-0.12479292331129592,1.0384423446893787
0.13335,0.046150334,51829.133,0.5252525670287573,-0.11870545364713703,1.0386599799599199
0.13335,0.047681086,51840.703,0.5252525670287573,-0.112617995913306,1.0388918436873749
0.13335,0.049211837,51852.891,0.5252525670287573,-0.1065305421562509,1.0391360921843689
0.13335,0.050742589,51865.602,0.5252525670287573,-0.10044308442241985,1.0393908216432866
0.13335,0.052273341,51878.727,0.5252525670287573,-0.0943556266885888,1.0396538476953907
0.13335,0.053804092,51892.148,0.5252525670287573,-0.08826817293153372,1.0399228056112224
0.13335,0.055334844,51905.738,0.5252525670287573,-0.08218071519770266,1.040195150300601
0.13335,0.056865599,51919.367,0.5252525670287573,-0.07609324553354377,1.0404682765531061
0.13335,0.058396351,51932.879,0.5252525670287573,-0.07000578779971274,1.0407390581162326
0.13335,0.059927102,51946.121,0.5252525670287573,-0.06391833404265762,1.0410044288577154
0.13335,0.061457854,51958.926,0.5252525670287573,-0.05783087630882659,1.0412610420841684
0.13335,0.062988609,51971.121,0.5252525670287573,-0.0517434066446677,1.0415054308617235
0.13335,0.064519361,51982.527,0.5252525670287573,-0.04565594891083667,1.041734008016032
0.13335,0.066050112,51992.973,0.5252525670287573,-0.03956849515378159,1.0419433466933867
0.13335,0.067580864,52002.297,0.5252525670287573,-0.033481037419950496,1.0421302004008015
0.13335,0.069111615,52010.34,0.5252525670287573,-0.027393583662895415,1.042291382765531
0.13335,0.070642367,52016.957,0.5252525670287573,-0.021306125929064383,1.042423987975952
0.13335,0.072173119,52022.035,0.5252525670287573,-0.015218668195233353,1.0425257515030062
0.13335,0.07370387,52025.473,0.5252525670287573,-0.009131214438178213,1.0425946492985971
0.13335,0.075234622,52027.211,0.5252525670287573,-0.003043756704347182,1.0426294789579158
0.13335,0.076765373,52027.207,0.5252525670287573,0.0030436970527079037,1.0426293987975952
0.13335,0.078296125,52025.469,0.5252525670287573,0.009131154786538934,1.0425945691382765
0.13335,0.079826877,52022.023,0.5252525670287573,0.015218612520370019,1.0425255110220442
0.13335,0.081357636,52016.941,0.5252525670287573,0.021306098091632662,1.0424236673346694
0.13335,0.082888387,52010.32,0.5252525670287573,0.027393551848687747,1.0422909819639279
0.13335,0.084419131,52002.277,0.5252525670287573,0.03348097776831122,1.0421297995991985
0.13335,0.08594989,51992.953,0.5252525670287573,0.039568463339573916,1.0419429458917835
0.13335,0.087480649,51982.504,0.5252525670287573,0.04565594891083656,1.0417335470941884
0.13335,0.089011393,51971.094,0.5252525670287573,0.051743374830460036,1.0415048897795591
0.13335,0.090542138,51958.902,0.5252525670287573,0.057830804726859454,1.0412605611222445
0.13335,0.092072897,51946.098,0.5252525670287573,0.06391829029812215,1.0410039679358718
0.13335,0.093603656,51932.855,0.5252525670287573,0.07000577586938479,1.0407385771543087
0.13335,0.0951344,51919.34,0.5252525670287573,0.07609320178900826,1.0404677354709417
0.13335,0.096665144,51905.715,0.5252525670287573,0.08218062770863174,1.0401946893787575
0.13335,0.09819591,51892.121,0.5252525670287573,0.08826814111732605,1.039922264529058
0.13335,0.099726662,51878.699,0.5252525670287573,0.09435559885115707,1.0396532865731463
0.13335,0.10125741,51865.574,0.5252525670287573,0.10044304067788438,1.039390260521042
0.13335,0.10278817,51852.863,0.5252525670287573,0.10653053022592297,1.0391355310621242
0.13335,0.10431892,51840.676,0.5252525670287573,0.11261798000620211,1.0388913026052105
0.13335,0.10584967,51829.105,0.5252525670287573,0.11870542978648131,1.0386594188376754
0.13335,0.10738042,51818.246,0.5252525670287573,0.12479287956676045,1.0384418036072145
0.13335,0.10891117,51808.164,0.5252525670287573,0.13088032934703958,1.038239759519038
0.13335,0.11044192,51798.938,0.5252525670287573,0.13696777912731872,1.038054869739479
0.13335,0.11197267,51790.609,0.5252525670287573,0.14305522890759786,1.0378879559118235
0.13335,0.11350343,51783.223,0.5252525670287573,0.1491427184556365,1.0377399398797595
0.13335,0.11503418,51776.797,0.5252525670287573,0.15523016823591565,1.0376111623246493
0.13335,0.11656493,51771.332,0.5252525670287573,0.1613176180161948,1.0375016432865731
0.13335,0.11809569,51766.812,0.5252525670287573,0.16740510756423344,1.0374110621242485
0.13335,0.11962645,51763.223,0.5252525670287573,0.17349259711227202,1.037339138276553
0.13335,0.12115719,51760.508,0.5252525670287573,0.17958000712479172,1.0372847294589178
0.13335,0.12268794,51758.625,0.5252525670287573,0.18566745690507086,1.037246993987976
0.13335,0.12421869,51757.5,0.5252525670287573,0.19175490668535006,1.0372244488977955
0.13335,0.12574944,51757.086,0.5252525670287573,0.19784235646562914,1.0372161523046093
0.13335,0.12728021,51757.277,0.5252525670287573,0.2039298857814273,1.0372199799599198
0.13335,0.12881094,51758.051,0.5252525670287573,0.21001725602618754,1.0372354909819639
0.13335,0.13034171,51759.258,0.5252525670287573,0.21610478534198557,1.0372596793587174
0.13335,0.13187183,51760.918,0.5252525670287573,0.22218972975341833,1.0372929458917834
0.13335,0.13330159,51762.785,0.5252525670287573,0.22787556493084896,1.037330360721443
0.13335,0.13454486,51764.586,0.5252525670287573,0.23281977116199554,1.0373664529058118
0.13335,0.13562597,51766.328,0.5252525670287573,0.23711910340563933,1.037401362725451
0.13335,0.13656607,51767.914,0.5252525670287573,0.240857670473051,1.0374331462925852
0.13335,0.13738354,51769.375,0.5252525670287573,0.2441085655061294,1.0374624248496993
0.13335,0.13809437,51770.664,0.5252525670287573,0.24693537715226088,1.037488256513026
0.13335,0.1387125,51771.836,0.5252525670287573,0.2493935416681413,1.037511743486974
0.13335,0.13925001,51772.852,0.5252525670287573,0.2515310985072058,1.037532104208417
0.13589001,0.01275,51791.133,0.535353617700916,-0.25153109850720584,1.0378984569138276
0.13589001,0.0132875,51790.152,0.535353617700916,-0.24939358143590085,1.0378787975951904
0.13589001,0.013905625,51789.023,0.535353617700916,-0.24693543680390018,1.0378561723446893
0.13589001,0.014616469,51787.789,0.535353617700916,-0.2441085694829054,1.0378314428857716
0.13589001,0.01543394,51786.387,0.535353617700916,-0.24085767047305104,1.037803346693387
0.13589001,0.016374029,51784.879,0.535353617700916,-0.23711914715017476,1.037773126252505
0.13589001,0.017455135,51783.219,0.535353617700916,-0.23281983081363486,1.0377398597194387
0.13589001,0.018698405,51781.508,0.535353617700916,-0.22787562458248825,1.0377055711422847
0.13589001,0.020128164,51779.734,0.535353617700916,-0.22218979338183356,1.0376700200400801
0.13589001,0.021658298,51778.145,0.535353617700916,-0.21610479329553753,1.0376381763527054
0.13589001,0.023189049,51776.977,0.535353617700916,-0.21001733953848242,1.037614769539078
0.13589001,0.024719801,51776.195,0.535353617700916,-0.2039298818046514,1.0375990981963927
0.13589001,0.026250554,51775.949,0.535353617700916,-0.19784242009404443,1.0375941683366734
0.13589001,0.027781306,51776.254,0.535353617700916,-0.19175496236021336,1.0376002805611222
0.13589001,0.029312057,51777.223,0.535353617700916,-0.18566750860315825,1.0376196993987976
0.13589001,0.030842811,51778.895,0.535353617700916,-0.17958004291577534,1.0376532064128257
0.13589001,0.032373562,51781.367,0.535353617700916,-0.1734925891587202,1.037702745490982
0.13589001,0.033904314,51784.68,0.535353617700916,-0.1674051314248892,1.037769138276553
0.13589001,0.035435066,51788.906,0.535353617700916,-0.16131767369105812,1.0378538276553106
0.13589001,0.036965817,51794.07,0.535353617700916,-0.15523021993400304,1.0379573146292584
0.13589001,0.038496573,51800.219,0.535353617700916,-0.1491427462930682,1.0380805410821643
0.13589001,0.040027324,51807.355,0.535353617700916,-0.1430552925360131,1.0382235470941885
0.13589001,0.041558076,51815.492,0.535353617700916,-0.13696783480218205,1.038386613226453
0.13589001,0.043088827,51824.598,0.535353617700916,-0.13088038104512695,1.0385690981963926
0.13589001,0.044619579,51834.652,0.535353617700916,-0.12479292331129592,1.0387705811623247
0.13589001,0.046150334,51845.594,0.535353617700916,-0.11870545364713703,1.038989859719439
0.13589001,0.047681086,51857.363,0.535353617700916,-0.112617995913306,1.0392257114228456
0.13589001,0.049211837,51869.863,0.535353617700916,-0.1065305421562509,1.0394762124248496
0.13589001,0.050742589,51883.008,0.535353617700916,-0.10044308442241985,1.0397396392785572
0.13589001,0.052273341,51896.668,0.535353617700916,-0.0943556266885888,1.040013386773547
0.13589001,0.053804092,51910.723,0.535353617700916,-0.08826817293153372,1.0402950501002004
0.13589001,0.055334844,51925.027,0.535353617700916,-0.08218071519770266,1.0405817034068137
0.13589001,0.056865599,51939.426,0.535353617700916,-0.07609324553354377,1.040870260521042
0.13589001,0.058396351,51953.754,0.535353617700916,-0.07000578779971274,1.0411573947895791
0.13589001,0.059927102,51967.832,0.535353617700916,-0.06391833404265762,1.0414395190380763
0.13589001,0.061457854,51981.477,0.535353617700916,-0.05783087630882659,1.0417129659318638
0.13589001,0.062988609,51994.496,0.535353617700916,-0.0517434066446677,1.0419738677354708
0.13589001,0.064519361,52006.695,0.535353617700916,-0.04565594891083667,1.0422183366733466
0.13589001,0.066050112,52017.883,0.535353617700916,-0.03956849515378159,1.0424425450901804
0.13589001,0.067580864,52027.871,0.535353617700916,-0.033481037419950496,1.0426427054108216
0.13589001,0.069111615,52036.5,0.535353617700916,-0.027393583662895415,1.042815631262525
0.13589001,0.070642367,52043.602,0.535353617700916,-0.021306125929064383,1.0429579559118236
0.13589001,0.072173119,52049.051,0.535353617700916,-0.015218668195233353,1.0430671543086172
0.13589001,0.07370387,52052.746,0.535353617700916,-0.009131214438178213,1.0431412024048097
0.13589001,0.075234622,52054.609,0.535353617700916,-0.003043756704347182,1.0431785370741482
0.13589001,0.076765373,52054.605,0.535353617700916,0.0030436970527079037,1.0431784569138278
0.13589001,0.078296125,52052.738,0.535353617700916,0.009131154786538934,1.0431410420841682
0.13589001,0.079826877,52049.039,0.535353617700916,0.015218612520370019,1.0430669138276552
0.13589001,0.081357636,52043.586,0.535353617700916,0.021306098091632662,1.0429576352705412
0.13589001,0.082888387,52036.477,0.535353617700916,0.027393551848687747,1.0428151703406814
0.13589001,0.084419131,52027.848,0.535353617700916,0.03348097776831122,1.042642244488978
0.13589001,0.08594989,52017.855,0.535353617700916,0.039568463339573916,1.042441983967936
0.13589001,0.087480649,52006.664,0.535353617700916,0.04565594891083656,1.0422177154308616
0.13589001,0.089011393,51994.469,0.535353617700916,0.051743374830460036,1.0419733266533067
0.13589001,0.090542138,51981.449,0.535353617700916,0.057830804726859454,1.0417124048096194
0.13589001,0.092072897,51967.805,0.535353617700916,0.06391829029812215,1.041438977955912
0.13589001,0.093603656,51953.723,0.535353617700916,0.07000577586938479,1.0411567735470941
0.13589001,0.0951344,51939.395,0.535353617700916,0.07609320178900826,1.040869639278557
0.13589001,0.096665144,51924.992,0.535353617700916,0.08218062770863174,1.040581002004008
0.13589001,0.09819591,51910.691,0.535353617700916,0.08826814111732605,1.0402944088176354
0.13589001,0.099726662,51896.637,0.535353617700916,0.09435559885115707,1.0400127655310623
0.13589001,0.10125741,51882.977,0.535353617700916,0.10044304067788438,1.0397390180360722
0.13589001,0.10278817,51869.832,0.535353617700916,0.10653053022592297,1.0394755911823648
0.13589001,0.10431892,51857.332,0.535353617700916,0.11261798000620211,1.0392250901803608
0.13589001,0.10584967,51845.562,0.535353617700916,0.11870542978648131,1.0389892184368736
0.13589001,0.10738042,51834.621,0.535353617700916,0.12479287956676045,1.0387699599198397
0.13589001,0.10891117,51824.566,0.535353617700916,0.13088032934703958,1.0385684569138276
0.13589001,0.11044192,51815.461,0.535353617700916,0.13696777912731872,1.038385991983968
0.13589001,0.11197267,51807.328,0.535353617700916,0.14305522890759786,1.038223006012024
0.13589001,0.11350343,51800.191,0.535353617700916,0.1491427184556365,1.0380799799599199
0.13589001,0.11503418,51794.047,0.535353617700916,0.15523016823591565,1.0379568537074149
0.13589001,0.11656493,51788.883,0.535353617700916,0.1613176180161948,1.037853366733467
0.13589001,0.11809569,51784.66,0.535353617700916,0.16740510756423344,1.03776873747495
0.13589001,0.11962645,51781.352,0.535353617700916,0.17349259711227202,1.0377024448897796
0.13589001,0.12115719,51778.879,0.535353617700916,0.17958000712479172,1.037652885771543
0.13589001,0.12268794,51777.207,0.535353617700916,0.18566745690507086,1.037619378757515
0.13589001,0.12421869,51776.242,0.535353617700916,0.19175490668535006,1.0376000400801604
0.13589001,0.12574944,51775.941,0.535353617700916,0.19784235646562914,1.037594008016032
0.13589001,0.12728021,51776.188,0.535353617700916,0.2039298857814273,1.0375989579158318
0.13589001,0.12881094,51776.969,0.535353617700916,0.21001725602618754,1.0376146092184368
0.13589001,0.13034171,51778.141,0.535353617700916,0.21610478534198557,1.0376380961923848
0.13589001,0.13187183,51779.734,0.535353617700916,0.22218972975341833,1.0376700200400801
0.13589001,0.13330159,51781.508,0.535353617700916,0.22787556493084896,1.0377055711422847
0.13589001,0.13454486,51783.219,0.535353617700916,0.23281977116199554,1.0377398597194387
0.13589001,0.13562597,51784.879,0.535353617700916,0.23711910340563933,1.037773126252505
0.13589001,0.13656607,51786.387,0.535353617700916,0.240857670473051,1.037803346693387
0.13589001,0.13738354,51787.785,0.535353617700916,0.2441085655061294,1.037831362725451
0.13589001,0.13809437,51789.023,0.535353617700916,0.24693537715226088,1.0378561723446893
0.13589001,0.1387125,51790.148,0.535353617700916,0.2493935416681413,1.0378787174348698
0.13589001,0.13925001,51791.129,0.535353617700916,0.2515310985072058,1.037898376753507
0.13843,0.01275,51811.332,0.5454545888375557,-0.25153109850720584,1.038303246492986
0.13843,0.0132875,51810.41,0.5454545888375557,-0.24939358143590085,1.0382847695390782
0.13843,0.013905625,51809.355,0.5454545888375557,-0.24693543680390018,1.0382636272545092
0.13843,0.014616469,51808.207,0.5454545888375557,-0.2441085694829054,1.038240621242485
0.13843,0.01543394,51806.91,0.5454545888375557,-0.24085767047305104,1.038214629258517
0.13843,0.016374029,51805.531,0.5454545888375557,-0.23711914715017476,1.038186993987976
0.13843,0.017455135,51804.027,0.5454545888375557,-0.23281983081363486,1.0381568537074148
0.13843,0.018698405,51802.5,0.5454545888375557,-0.22787562458248825,1.0381262525050101
0.13843,0.020128164,51800.938,0.5454545888375557,-0.22218979338183356,1.0380949498997996
0.13843,0.021658298,51799.57,0.5454545888375557,-0.21610479329553753,1.0380675350701403
0.13843,0.023189049,51798.598,0.5454545888375557,-0.21001733953848242,1.0380480561122245
0.13843,0.024719801,51797.988,0.5454545888375557,-0.2039298818046514,1.0380358316633267
0.13843,0.026250554,51797.875,0.5454545888375557,-0.19784242009404443,1.0380335671342686
0.13843,0.027781306,51798.262,0.5454545888375557,-0.19175496236021336,1.0380413226452907
0.13843,0.029312057,51799.266,0.5454545888375557,-0.18566750860315825,1.0380614428857715
0.13843,0.030842811,51800.922,0.5454545888375557,-0.17958004291577534,1.038094629258517
0.13843,0.032373562,51803.324,0.5454545888375557,-0.1734925891587202,1.0381427655310622
0.13843,0.033904314,51806.527,0.5454545888375557,-0.1674051314248892,1.0382069539078156
0.13843,0.035435066,51810.605,0.5454545888375557,-0.16131767369105812,1.0382886773547095
0.13843,0.036965817,51815.602,0.5454545888375557,-0.15523021993400304,1.0383888176352705
0.13843,0.038496573,51821.57,0.5454545888375557,-0.1491427462930682,1.0385084168336673
0.13843,0.040027324,51828.539,0.5454545888375557,-0.1430552925360131,1.0386480761523045
0.13843,0.041558076,51836.531,0.5454545888375557,-0.13696783480218205,1.0388082364729458
0.13843,0.043088827,51845.539,0.5454545888375557,-0.13088038104512695,1.03898875751503
0.13843,0.044619579,51855.559,0.5454545888375557,-0.12479292331129592,1.0391895591182365
0.13843,0.046150334,51866.543,0.5454545888375557,-0.11870545364713703,1.0394096793587173
0.13843,0.047681086,51878.441,0.5454545888375557,-0.112617995913306,1.039648116232465
0.13843,0.049211837,51891.168,0.5454545888375557,-0.1065305421562509,1.0399031663326652
0.13843,0.050742589,51904.629,0.5454545888375557,-0.10044308442241985,1.0401729258517034
0.13843,0.052273341,51918.695,0.5454545888375557,-0.0943556266885888,1.0404548096192385
0.13843,0.053804092,51933.234,0.5454545888375557,-0.08826817293153372,1.0407461723446894
0.13843,0.055334844,51948.086,0.5454545888375557,-0.08218071519770266,1.0410438076152304
0.13843,0.056865599,51963.078,0.5454545888375557,-0.07609324553354377,1.041344248496994
0.13843,0.058396351,51978.035,0.5454545888375557,-0.07000578779971274,1.041643987975952
0.13843,0.059927102,51992.754,0.5454545888375557,-0.06391833404265762,1.0419389579158316
0.13843,0.061457854,52007.039,0.5454545888375557,-0.05783087630882659,1.0422252304609219
0.13843,0.062988609,52020.684,0.5454545888375557,-0.0517434066446677,1.0424986773547094
0.13843,0.064519361,52033.473,0.5454545888375557,-0.04565594891083667,1.0427549699398797
0.13843,0.066050112,52045.207,0.5454545888375557,-0.03956849515378159,1.042990120240481
0.13843,0.067580864,52055.688,0.5454545888375557,-0.033481037419950496,1.0432001603206413
0.13843,0.069111615,52064.734,0.5454545888375557,-0.027393583662895415,1.0433814428857715
0.13843,0.070642367,52072.18,0.5454545888375557,-0.021306125929064383,1.0435306613226454
0.13843,0.072173119,52077.891,0.5454545888375557,-0.015218668195233353,1.043645110220441
0.13843,0.07370387,52081.762,0.5454545888375557,-0.009131214438178213,1.0437226853707415
0.13843,0.075234622,52083.711,0.5454545888375557,-0.003043756704347182,1.043761743486974
0.13843,0.076765373,52083.711,0.5454545888375557,0.0030436970527079037,1.043761743486974
0.13843,0.078296125,52081.754,0.5454545888375557,0.009131154786538934,1.0437225250501003
0.13843,0.079826877,52077.879,0.5454545888375557,0.015218612520370019,1.043644869739479
0.13843,0.081357636,52072.16,0.5454545888375557,0.021306098091632662,1.0435302605210421
0.13843,0.082888387,52064.711,0.5454545888375557,0.027393551848687747,1.043380981963928
0.13843,0.084419131,52055.66,0.5454545888375557,0.03348097776831122,1.0431995991983969
0.13843,0.08594989,52045.18,0.5454545888375557,0.039568463339573916,1.0429895791583166
0.13843,0.087480649,52033.441,0.5454545888375557,0.04565594891083656,1.0427543286573147
0.13843,0.089011393,52020.648,0.5454545888375557,0.051743374830460036,1.0424979559118237
0.13843,0.090542138,52007.004,0.5454545888375557,0.057830804726859454,1.0422245290581162
0.13843,0.092072897,51992.719,0.5454545888375557,0.06391829029812215,1.041938256513026
0.13843,0.093603656,51978.0,0.5454545888375557,0.07000577586938479,1.0416432865731462
0.13843,0.0951344,51963.043,0.5454545888375557,0.07609320178900826,1.0413435470941883
0.13843,0.096665144,51948.047,0.5454545888375557,0.08218062770863174,1.0410430260521042
0.13843,0.09819591,51933.199,0.5454545888375557,0.08826814111732605,1.0407454709418837
0.13843,0.099726662,51918.66,0.5454545888375557,0.09435559885115707,1.040454108216433
0.13843,0.10125741,51904.594,0.5454545888375557,0.10044304067788438,1.0401722244488978
0.13843,0.10278817,51891.133,0.5454545888375557,0.10653053022592297,1.0399024649298598
0.13843,0.10431892,51878.406,0.5454545888375557,0.11261798000620211,1.0396474148296593
0.13843,0.10584967,51866.512,0.5454545888375557,0.11870542978648131,1.0394090581162325
0.13843,0.10738042,51855.527,0.5454545888375557,0.12479287956676045,1.0391889178356715
0.13843,0.10891117,51845.508,0.5454545888375557,0.13088032934703958,1.038988136272545
0.13843,0.11044192,51836.5,0.5454545888375557,0.13696777912731872,1.0388076152304608
0.13843,0.11197267,51828.508,0.5454545888375557,0.14305522890759786,1.0386474549098197
0.13843,0.11350343,51821.543,0.5454545888375557,0.1491427184556365,1.038507875751503
0.13843,0.11503418,51815.574,0.5454545888375557,0.15523016823591565,1.038388256513026
0.13843,0.11656493,51810.582,0.5454545888375557,0.1613176180161948,1.0382882164328657
0.13843,0.11809569,51806.504,0.5454545888375557,0.16740510756423344,1.038206492985972
0.13843,0.11962645,51803.305,0.5454545888375557,0.17349259711227202,1.038142384769539
0.13843,0.12115719,51800.902,0.5454545888375557,0.17958000712479172,1.038094228456914
0.13843,0.12268794,51799.25,0.5454545888375557,0.18566745690507086,1.0380611222444889
0.13843,0.12421869,51798.246,0.5454545888375557,0.19175490668535006,1.038041002004008
0.13843,0.12574944,51797.863,0.5454545888375557,0.19784235646562914,1.0380333266533066
0.13843,0.12728021,51797.977,0.5454545888375557,0.2039298857814273,1.038035611222445
0.13843,0.12881094,51798.586,0.5454545888375557,0.21001725602618754,1.0380478156312627
0.13843,0.13034171,51799.562,0.5454545888375557,0.21610478534198557,1.038067374749499
0.13843,0.13187183,51800.93,0.5454545888375557,0.22218972975341833,1.0380947895791584
0.13843,0.13330159,51802.492,0.5454545888375557,0.22787556493084896,1.0381260921843687
0.13843,0.13454486,51804.016,0.5454545888375557,0.23281977116199554,1.038156633266533
0.13843,0.13562597,51805.523,0.5454545888375557,0.23711910340563933,1.0381868336673348
0.13843,0.13656607,51806.902,0.5454545888375557,0.240857670473051,1.0382144689378758
0.13843,0.13738354,51808.195,0.5454545888375557,0.2441085655061294,1.038240380761523
0.13843,0.13809437,51809.344,0.5454545888375557,0.24693537715226088,1.0382634068136272
0.13843,0.1387125,51810.398,0.5454545888375557,0.2493935416681413,1.0382845290581162
0.13843,0.13925001,51811.32,0.5454545888375557,0.2515310985072058,1.038303006012024
0.14096999,0.01275,51833.629,0.5555555599741954,-0.25153109850720584,1.0387500801603207
0.14096999,0.0132875,51832.793,0.5555555599741954,-0.24939358143590085,1.0387333266533065
0.14096999,0.013905625,51831.848,0.5555555599741954,-0.24693543680390018,1.0387143887775552
0.14096999,0.014616469,51830.828,0.5555555599741954,-0.2441085694829054,1.0386939478957915
0.14096999,0.01543394,51829.691,0.5555555599741954,-0.24085767047305104,1.0386711623246492
0.14096999,0.016374029,51828.508,0.5555555599741954,-0.23711914715017476,1.0386474549098197
0.14096999,0.017455135,51827.242,0.5555555599741954,-0.23281983081363486,1.0386220841683367
0.14096999,0.018698405,51826.0,0.5555555599741954,-0.22787562458248825,1.0385971943887775
0.14096999,0.020128164,51824.785,0.5555555599741954,-0.22218979338183356,1.0385728456913828
0.14096999,0.021658298,51823.801,0.5555555599741954,-0.21610479329553753,1.038553126252505
0.14096999,0.023189049,51823.207,0.5555555599741954,-0.21001733953848242,1.0385412224448898
0.14096999,0.024719801,51822.961,0.5555555599741954,-0.2039298818046514,1.0385362925851704
0.14096999,0.026250554,51823.188,0.5555555599741954,-0.19784242009404443,1.0385408416833668
0.14096999,0.027781306,51823.879,0.5555555599741954,-0.19175496236021336,1.0385546893787576
0.14096999,0.029312057,51825.141,0.5555555599741954,-0.18566750860315825,1.0385799799599198
0.14096999,0.030842811,51827.004,0.5555555599741954,-0.17958004291577534,1.0386173146292585
0.14096999,0.032373562,51829.562,0.5555555599741954,-0.1734925891587202,1.0386685771543085
0.14096999,0.033904314,51832.863,0.5555555599741954,-0.1674051314248892,1.0387347294589178
0.14096999,0.035435066,51836.992,0.5555555599741954,-0.16131767369105812,1.0388174749498997
0.14096999,0.036965817,51842.0,0.5555555599741954,-0.15523021993400304,1.0389178356713427
0.14096999,0.038496573,51847.957,0.5555555599741954,-0.1491427462930682,1.0390372144288578
0.14096999,0.040027324,51854.891,0.5555555599741954,-0.1430552925360131,1.0391761723446895
0.14096999,0.041558076,51862.852,0.5555555599741954,-0.13696783480218205,1.0393357114228456
0.14096999,0.043088827,51871.848,0.5555555599741954,-0.13088038104512695,1.0395159919839678
0.14096999,0.044619579,51881.879,0.5555555599741954,-0.12479292331129592,1.039717014028056
0.14096999,0.046150334,51892.922,0.5555555599741954,-0.11870545364713703,1.0399383166332665
0.14096999,0.047681086,51904.934,0.5555555599741954,-0.112617995913306,1.0401790380761524
0.14096999,0.049211837,51917.832,0.5555555599741954,-0.1065305421562509,1.0404375150300602
0.14096999,0.050742589,51931.527,0.5555555599741954,-0.10044308442241985,1.0407119639278557
0.14096999,0.052273341,51945.891,0.5555555599741954,-0.0943556266885888,1.0409998196392787
0.14096999,0.053804092,51960.785,0.5555555599741954,-0.08826817293153372,1.0412982965931865
0.14096999,0.055334844,51976.031,0.5555555599741954,-0.08218071519770266,1.0416038276553106
0.14096999,0.056865599,51991.453,0.5555555599741954,-0.07609324553354377,1.0419128857715432
0.14096999,0.058396351,52006.859,0.5555555599741954,-0.07000578779971274,1.042221623246493
0.14096999,0.059927102,52022.035,0.5555555599741954,-0.06391833404265762,1.0425257515030062
0.14096999,0.061457854,52036.77,0.5555555599741954,-0.05783087630882659,1.0428210420841684
0.14096999,0.062988609,52050.836,0.5555555599741954,-0.0517434066446677,1.0431029258517035
0.14096999,0.064519361,52064.023,0.5555555599741954,-0.04565594891083667,1.0433671943887777
0.14096999,0.066050112,52076.109,0.5555555599741954,-0.03956849515378159,1.0436093987975952
0.14096999,0.067580864,52086.895,0.5555555599741954,-0.033481037419950496,1.0438255511022043
0.14096999,0.069111615,52096.195,0.5555555599741954,-0.027393583662895415,1.0440119238476955
0.14096999,0.070642367,52103.844,0.5555555599741954,-0.021306125929064383,1.0441652104208416
0.14096999,0.072173119,52109.703,0.5555555599741954,-0.015218668195233353,1.044282625250501
0.14096999,0.07370387,52113.668,0.5555555599741954,-0.009131214438178213,1.0443620841683365
0.14096999,0.075234622,52115.668,0.5555555599741954,-0.003043756704347182,1.0444021643286572
0.14096999,0.076765373,52115.664,0.5555555599741954,0.0030436970527079037,1.0444020841683366
0.14096999,0.078296125,52113.66,0.5555555599741954,0.009131154786538934,1.0443619238476956
0.14096999,0.079826877,52109.691,0.5555555599741954,0.015218612520370019,1.044282384769539
0.14096999,0.081357636,52103.824,0.5555555599741954,0.021306098091632662,1.0441648096192384
0.14096999,0.082888387,52096.172,0.5555555599741954,0.027393551848687747,1.0440114629258517
0.14096999,0.084419131,52086.871,0.5555555599741954,0.03348097776831122,1.0438250701402805
0.14096999,0.08594989,52076.082,0.5555555599741954,0.039568463339573916,1.043608857715431
0.14096999,0.087480649,52063.992,0.5555555599741954,0.04565594891083656,1.0433665731462924
0.14096999,0.089011393,52050.801,0.5555555599741954,0.051743374830460036,1.0431022244488979
0.14096999,0.090542138,52036.73,0.5555555599741954,0.057830804726859454,1.042820240480962
0.14096999,0.092072897,52021.996,0.5555555599741954,0.06391829029812215,1.0425249699398798
0.14096999,0.093603656,52006.82,0.5555555599741954,0.07000577586938479,1.0422208416833667
0.14096999,0.0951344,51991.418,0.5555555599741954,0.07609320178900826,1.0419121843687373
0.14096999,0.096665144,51975.992,0.5555555599741954,0.08218062770863174,1.0416030460921843
0.14096999,0.09819591,51960.746,0.5555555599741954,0.08826814111732605,1.04129751503006
0.14096999,0.099726662,51945.855,0.5555555599741954,0.09435559885115707,1.0409990981963928
0.14096999,0.10125741,51931.492,0.5555555599741954,0.10044304067788438,1.04071126252505
0.14096999,0.10278817,51917.797,0.5555555599741954,0.10653053022592297,1.0404368136272544
0.14096999,0.10431892,51904.898,0.5555555599741954,0.11261798000620211,1.0401783166332665
0.14096999,0.10584967,51892.891,0.5555555599741954,0.11870542978648131,1.0399376953907817
0.14096999,0.10738042,51881.848,0.5555555599741954,0.12479287956676045,1.039716392785571
0.14096999,0.10891117,51871.816,0.5555555599741954,0.13088032934703958,1.0395153507014028
0.14096999,0.11044192,51862.824,0.5555555599741954,0.13696777912731872,1.0393351503006012
0.14096999,0.11197267,51854.863,0.5555555599741954,0.14305522890759786,1.0391756112224448
0.14096999,0.11350343,51847.93,0.5555555599741954,0.1491427184556365,1.0390366733466934
0.14096999,0.11503418,51841.977,0.5555555599741954,0.15523016823591565,1.038917374749499
0.14096999,0.11656493,51836.969,0.5555555599741954,0.1613176180161948,1.0388170140280562
0.14096999,0.11809569,51832.84,0.5555555599741954,0.16740510756423344,1.0387342685370742
0.14096999,0.11962645,51829.539,0.5555555599741954,0.17349259711227202,1.038668116232465
0.14096999,0.12115719,51826.984,0.5555555599741954,0.17958000712479172,1.0386169138276553
0.14096999,0.12268794,51825.125,0.5555555599741954,0.18566745690507086,1.0385796593186374
0.14096999,0.12421869,51823.863,0.5555555599741954,0.19175490668535006,1.038554368737475
0.14096999,0.12574944,51823.172,0.5555555599741954,0.19784235646562914,1.0385405210420842
0.14096999,0.12728021,51822.945,0.5555555599741954,0.2039298857814273,1.0385359719438878
0.14096999,0.12881094,51823.191,0.5555555599741954,0.21001725602618754,1.0385409018036071
0.14096999,0.13034171,51823.785,0.5555555599741954,0.21610478534198557,1.0385528056112225
0.14096999,0.13187183,51824.773,0.5555555599741954,0.22218972975341833,1.038572605210421
0.14096999,0.13330159,51825.984,0.5555555599741954,0.22787556493084896,1.0385968737474949
0.14096999,0.13454486,51827.227,0.5555555599741954,0.23281977116199554,1.0386217835671343
0.14096999,0.13562597,51828.488,0.5555555599741954,0.23711910340563933,1.0386470541082164
0.14096999,0.13656607,51829.676,0.5555555599741954,0.240857670473051,1.0386708617234468
0.14096999,0.13738354,51830.809,0.5555555599741954,0.2441085655061294,1.0386935671342685
0.14096999,0.13809437,51831.828,0.5555555599741954,0.24693537715226088,1.038713987975952
0.14096999,0.1387125,51832.773,0.5555555599741954,0.2493935416681413,1.0387329258517035
0.14096999,0.13925001,51833.609,0.5555555599741954,0.2515310985072058,1.0387496793587174
0.14351,0.01275,51858.199,0.5656566106463541,-0.25153109850720584,1.0392424649298597
0.14351,0.0132875,51857.496,0.5656566106463541,-0.24939358143590085,1.039228376753507
0.14351,0.013905625,51856.707,0.5656566106463541,-0.24693543680390018,1.0392125651302606
0.14351,0.014616469,51855.879,0.5656566106463541,-0.2441085694829054,1.0391959719438877
0.14351,0.01543394,51854.969,0.5656566106463541,-0.24085767047305104,1.0391777354709417
0.14351,0.016374029,51854.059,0.5656566106463541,-0.23711914715017476,1.039159498997996
0.14351,0.017455135,51853.129,0.5656566106463541,-0.23281983081363486,1.039140861723447
0.14351,0.018698405,51852.293,0.5656566106463541,-0.22787562458248825,1.0391241082164329
0.14351,0.020128164,51851.57,0.5656566106463541,-0.22218979338183356,1.039109619238477
0.14351,0.021658298,51851.141,0.5656566106463541,-0.21610479329553753,1.0391010220440882
0.14351,0.023189049,51851.098,0.5656566106463541,-0.21001733953848242,1.0391001603206413
0.14351,0.024719801,51851.426,0.5656566106463541,-0.2039298818046514,1.039106733466934
0.14351,0.026250554,51852.207,0.5656566106463541,-0.19784242009404443,1.0391223847695392
0.14351,0.027781306,51853.438,0.5656566106463541,-0.19175496236021336,1.0391470541082164
0.14351,0.029312057,51855.203,0.5656566106463541,-0.18566750860315825,1.0391824248496995
0.14351,0.030842811,51857.527,0.5656566106463541,-0.17958004291577534,1.039228997995992
0.14351,0.032373562,51860.492,0.5656566106463541,-0.1734925891587202,1.0392884168336674
0.14351,0.033904314,51864.148,0.5656566106463541,-0.1674051314248892,1.0393616833667334
0.14351,0.035435066,51868.578,0.5656566106463541,-0.16131767369105812,1.0394504609218438
0.14351,0.036965817,51873.832,0.5656566106463541,-0.15523021993400304,1.039555751503006
0.14351,0.038496573,51879.992,0.5656566106463541,-0.1491427462930682,1.0396791983967935
0.14351,0.040027324,51887.094,0.5656566106463541,-0.1430552925360131,1.039821523046092
0.14351,0.041558076,51895.195,0.5656566106463541,-0.13696783480218205,1.039983867735471
0.14351,0.043088827,51904.316,0.5656566106463541,-0.13088038104512695,1.0401666533066132
0.14351,0.044619579,51914.477,0.5656566106463541,-0.12479292331129592,1.0403702805611221
0.14351,0.046150334,51925.648,0.5656566106463541,-0.11870545364713703,1.0405941482965932
0.14351,0.047681086,51937.805,0.5656566106463541,-0.112617995913306,1.0408377755511022
0.14351,0.049211837,51950.871,0.5656566106463541,-0.1065305421562509,1.041099619238477
0.14351,0.050742589,51964.766,0.5656566106463541,-0.10044308442241985,1.0413780761523046
0.14351,0.052273341,51979.352,0.5656566106463541,-0.0943556266885888,1.041670380761523
0.14351,0.053804092,51994.488,0.5656566106463541,-0.08826817293153372,1.0419737074148296
0.14351,0.055334844,52010.008,0.5656566106463541,-0.08218071519770266,1.042284729458918
0.14351,0.056865599,52025.715,0.5656566106463541,-0.07609324553354377,1.0425994989979959
0.14351,0.058396351,52041.406,0.5656566106463541,-0.07000578779971274,1.0429139478957916
0.14351,0.059927102,52056.863,0.5656566106463541,-0.06391833404265762,1.0432237074148296
0.14351,0.061457854,52071.855,0.5656566106463541,-0.05783087630882659,1.0435241482965933
0.14351,0.062988609,52086.156,0.5656566106463541,-0.0517434066446677,1.043810741482966
0.14351,0.064519361,52099.539,0.5656566106463541,-0.04565594891083667,1.0440789378757513
0.14351,0.066050112,52111.785,0.5656566106463541,-0.03956849515378159,1.0443243486973948
0.14351,0.067580864,52122.699,0.5656566106463541,-0.033481037419950496,1.0445430661322646
0.14351,0.069111615,52132.094,0.5656566106463541,-0.027393583662895415,1.0447313426853706
0.14351,0.070642367,52139.809,0.5656566106463541,-0.021306125929064383,1.0448859519038076
0.14351,0.072173119,52145.715,0.5656566106463541,-0.015218668195233353,1.0450043086172345
0.14351,0.07370387,52149.707,0.5656566106463541,-0.009131214438178213,1.0450843086172346
0.14351,0.075234622,52151.719,0.5656566106463541,-0.003043756704347182,1.045124629258517
0.14351,0.076765373,52151.715,0.5656566106463541,0.0030436970527079037,1.0451245490981964
0.14351,0.078296125,52149.699,0.5656566106463541,0.009131154786538934,1.0450841482965931
0.14351,0.079826877,52145.703,0.5656566106463541,0.015218612520370019,1.0450040681362727
0.14351,0.081357636,52139.793,0.5656566106463541,0.021306098091632662,1.044885631262525
0.14351,0.082888387,52132.074,0.5656566106463541,0.027393551848687747,1.0447309418837676
0.14351,0.084419131,52122.676,0.5656566106463541,0.03348097776831122,1.0445426052104207
0.14351,0.08594989,52111.762,0.5656566106463541,0.039568463339573916,1.0443238877755512
0.14351,0.087480649,52099.508,0.5656566106463541,0.04565594891083656,1.0440783166332666
0.14351,0.089011393,52086.121,0.5656566106463541,0.051743374830460036,1.0438100400801602
0.14351,0.090542138,52071.82,0.5656566106463541,0.057830804726859454,1.0435234468937875
0.14351,0.092072897,52056.824,0.5656566106463541,0.06391829029812215,1.0432229258517034
0.14351,0.093603656,52041.371,0.5656566106463541,0.07000577586938479,1.042913246492986
0.14351,0.0951344,52025.68,0.5656566106463541,0.07609320178900826,1.0425987975951905
0.14351,0.096665144,52009.969,0.5656566106463541,0.08218062770863174,1.0422839478957915
0.14351,0.09819591,51994.453,0.5656566106463541,0.08826814111732605,1.041973006012024
0.14351,0.099726662,51979.316,0.5656566106463541,0.09435559885115707,1.0416696593186372
0.14351,0.10125741,51964.73,0.5656566106463541,0.10044304067788438,1.041377354709419
0.14351,0.10278817,51950.84,0.5656566106463541,0.10653053022592297,1.041098997995992
0.14351,0.10431892,51937.773,0.5656566106463541,0.11261798000620211,1.0408371342685372
0.14351,0.10584967,51925.621,0.5656566106463541,0.11870542978648131,1.0405936072144288
0.14351,0.10738042,51914.449,0.5656566106463541,0.12479287956676045,1.0403697194388777
0.14351,0.10891117,51904.293,0.5656566106463541,0.13088032934703958,1.0401661923847696
0.14351,0.11044192,51895.172,0.5656566106463541,0.13696777912731872,1.0399834068136273
0.14351,0.11197267,51887.07,0.5656566106463541,0.14305522890759786,1.0398210420841683
0.14351,0.11350343,51879.969,0.5656566106463541,0.1491427184556365,1.0396787374749499
0.14351,0.11503418,51873.812,0.5656566106463541,0.15523016823591565,1.0395553507014028
0.14351,0.11656493,51868.559,0.5656566106463541,0.1613176180161948,1.0394500801603206
0.14351,0.11809569,51864.129,0.5656566106463541,0.16740510756423344,1.0393613026052104
0.14351,0.11962645,51860.477,0.5656566106463541,0.17349259711227202,1.039288116232465
0.14351,0.12115719,51857.508,0.5656566106463541,0.17958000712479172,1.039228617234469
0.14351,0.12268794,51855.188,0.5656566106463541,0.18566745690507086,1.039182124248497
0.14351,0.12421869,51853.422,0.5656566106463541,0.19175490668535006,1.0391467334669338
0.14351,0.12574944,51852.191,0.5656566106463541,0.19784235646562914,1.0391220641282566
0.14351,0.12728021,51851.406,0.5656566106463541,0.2039298857814273,1.0391063326653307
0.14351,0.12881094,51851.078,0.5656566106463541,0.21001725602618754,1.039099759519038
0.14351,0.13034171,51851.121,0.5656566106463541,0.21610478534198557,1.039100621242485
0.14351,0.13187183,51851.547,0.5656566106463541,0.22218972975341833,1.0391091583166332
0.14351,0.13330159,51852.27,0.5656566106463541,0.22787556493084896,1.039123647294589
0.14351,0.13454486,51853.105,0.5656566106463541,0.23281977116199554,1.0391403807615232
0.14351,0.13562597,51854.035,0.5656566106463541,0.23711910340563933,1.0391590180360721
0.14351,0.13656607,51854.945,0.5656566106463541,0.240857670473051,1.039177254509018
0.14351,0.13738354,51855.852,0.5656566106463541,0.2441085655061294,1.0391954308617235
0.14351,0.13809437,51856.68,0.5656566106463541,0.24693537715226088,1.0392120240480962
0.14351,0.1387125,51857.469,0.5656566106463541,0.2493935416681413,1.0392278356713427
0.14351,0.13925001,51858.168,0.5656566106463541,0.2515310985072058,1.0392418436873747
0.14604999,0.01275,51885.191,0.5757575817829937,-0.25153109850720584,1.039783386773547
0.14604999,0.0132875,51884.676,0.5757575817829937,-0.24939358143590085,1.0397730661322646
0.14604999,0.013905625,51884.109,0.5757575817829937,-0.24693543680390018,1.0397617034068136
0.14604999,0.014616469,51883.539,0.5757575817829937,-0.2441085694829054,1.0397502805611223
0.14604999,0.01543394,51882.945,0.5757575817829937,-0.24085767047305104,1.039738376753507
0.14604999,0.016374029,51882.406,0.5757575817829937,-0.23711914715017476,1.0397275751503006
0.14604999,0.017455135,51881.926,0.5757575817829937,-0.23281983081363486,1.0397179559118237
0.14604999,0.018698405,51881.613,0.5757575817829937,-0.22787562458248825,1.0397116833667335
0.14604999,0.020128164,51881.539,0.5757575817829937,-0.22218979338183356,1.0397102004008016
0.14604999,0.021658298,51881.848,0.5757575817829937,-0.21610479329553753,1.039716392785571
0.14604999,0.023189049,51882.543,0.5757575817829937,-0.21001733953848242,1.0397303206412825
0.14604999,0.024719801,51883.652,0.5757575817829937,-0.2039298818046514,1.0397525450901803
0.14604999,0.026250554,51885.203,0.5757575817829937,-0.19784242009404443,1.0397836272545091
0.14604999,0.027781306,51887.211,0.5757575817829937,-0.19175496236021336,1.039823867735471
0.14604999,0.029312057,51889.727,0.5757575817829937,-0.18566750860315825,1.0398742885771544
0.14604999,0.030842811,51892.777,0.5757575817829937,-0.17958004291577534,1.0399354108216434
0.14604999,0.032373562,51896.426,0.5757575817829937,-0.1734925891587202,1.0400085370741483
0.14604999,0.033904314,51900.719,0.5757575817829937,-0.1674051314248892,1.0400945691382766
0.14604999,0.035435066,51905.73,0.5757575817829937,-0.16131767369105812,1.04019498997996
0.14604999,0.036965817,51911.512,0.5757575817829937,-0.15523021993400304,1.040310861723447
0.14604999,0.038496573,51918.141,0.5757575817829937,-0.1491427462930682,1.0404437074148298
0.14604999,0.040027324,51925.664,0.5757575817829937,-0.1430552925360131,1.0405944689378757
0.14604999,0.041558076,51934.137,0.5757575817829937,-0.13696783480218205,1.0407642685370742
0.14604999,0.043088827,51943.586,0.5757575817829937,-0.13088038104512695,1.040953627254509
0.14604999,0.044619579,51954.035,0.5757575817829937,-0.12479292331129592,1.0411630260521043
0.14604999,0.046150334,51965.473,0.5757575817829937,-0.11870545364713703,1.0413922444889778
0.14604999,0.047681086,51977.867,0.5757575817829937,-0.112617995913306,1.041640621242485
0.14604999,0.049211837,51991.156,0.5757575817829937,-0.1065305421562509,1.0419069338677356
0.14604999,0.050742589,52005.254,0.5757575817829937,-0.10044308442241985,1.0421894589178358
0.14604999,0.052273341,52020.035,0.5757575817829937,-0.0943556266885888,1.0424856713426855
0.14604999,0.053804092,52035.359,0.5757575817829937,-0.08826817293153372,1.042792765531062
0.14604999,0.055334844,52051.051,0.5757575817829937,-0.08218071519770266,1.0431072344689378
0.14604999,0.056865599,52066.918,0.5757575817829937,-0.07609324553354377,1.0434252104208417
0.14604999,0.058396351,52082.738,0.5757575817829937,-0.07000578779971274,1.043742244488978
0.14604999,0.059927102,52098.297,0.5757575817829937,-0.06391833404265762,1.0440540480961924
0.14604999,0.061457854,52113.359,0.5757575817829937,-0.05783087630882659,1.0443558917835671
0.14604999,0.062988609,52127.695,0.5757575817829937,-0.0517434066446677,1.0446431863727454
0.14604999,0.064519361,52141.078,0.5757575817829937,-0.04565594891083667,1.0449113827655312
0.14604999,0.066050112,52153.309,0.5757575817829937,-0.03956849515378159,1.045156492985972
0.14604999,0.067580864,52164.18,0.5757575817829937,-0.033481037419950496,1.0453743486973948
0.14604999,0.069111615,52173.52,0.5757575817829937,-0.027393583662895415,1.0455615230460922
0.14604999,0.070642367,52181.184,0.5757575817829937,-0.021306125929064383,1.045715110220441
0.14604999,0.072173119,52187.039,0.5757575817829937,-0.015218668195233353,1.0458324448897796
0.14604999,0.07370387,52190.996,0.5757575817829937,-0.009131214438178213,1.045911743486974
0.14604999,0.075234622,52192.992,0.5757575817829937,-0.003043756704347182,1.0459517434869738
0.14604999,0.076765373,52192.988,0.5757575817829937,0.0030436970527079037,1.0459516633266532
0.14604999,0.078296125,52190.992,0.5757575817829937,0.009131154786538934,1.0459116633266532
0.14604999,0.079826877,52187.031,0.5757575817829937,0.015218612520370019,1.0458322845691383
0.14604999,0.081357636,52181.172,0.5757575817829937,0.021306098091632662,1.045714869739479
0.14604999,0.082888387,52173.508,0.5757575817829937,0.027393551848687747,1.0455612825651304
0.14604999,0.084419131,52164.16,0.5757575817829937,0.03348097776831122,1.0453739478957917
0.14604999,0.08594989,52153.285,0.5757575817829937,0.039568463339573916,1.0451560120240482
0.14604999,0.087480649,52141.059,0.5757575817829937,0.04565594891083656,1.044911002004008
0.14604999,0.089011393,52127.668,0.5757575817829937,0.051743374830460036,1.044642645290581
0.14604999,0.090542138,52113.332,0.5757575817829937,0.057830804726859454,1.044355350701403
0.14604999,0.092072897,52098.27,0.5757575817829937,0.06391829029812215,1.044053507014028
0.14604999,0.093603656,52082.711,0.5757575817829937,0.07000577586938479,1.0437417034068137
0.14604999,0.0951344,52066.887,0.5757575817829937,0.07609320178900826,1.0434245891783567
0.14604999,0.096665144,52051.02,0.5757575817829937,0.08218062770863174,1.0431066132264528
0.14604999,0.09819591,52035.332,0.5757575817829937,0.08826814111732605,1.0427922244488979
0.14604999,0.099726662,52020.008,0.5757575817829937,0.09435559885115707,1.0424851302605211
0.14604999,0.10125741,52005.227,0.5757575817829937,0.10044304067788438,1.0421889178356714
0.14604999,0.10278817,51991.133,0.5757575817829937,0.10653053022592297,1.0419064729458918
0.14604999,0.10431892,51977.844,0.5757575817829937,0.11261798000620211,1.0416401603206413
0.14604999,0.10584967,51965.449,0.5757575817829937,0.11870542978648131,1.0413917635270542
0.14604999,0.10738042,51954.016,0.5757575817829937,0.12479287956676045,1.0411626452905813
0.14604999,0.10891117,51943.566,0.5757575817829937,0.13088032934703958,1.0409532264529058
0.14604999,0.11044192,51934.121,0.5757575817829937,0.13696777912731872,1.0407639478957915
0.14604999,0.11197267,51925.648,0.5757575817829937,0.14305522890759786,1.0405941482965932
0.14604999,0.11350343,51918.125,0.5757575817829937,0.1491427184556365,1.0404433867735472
0.14604999,0.11503418,51911.5,0.5757575817829937,0.15523016823591565,1.040310621242485
0.14604999,0.11656493,51905.719,0.5757575817829937,0.1613176180161948,1.040194769539078
0.14604999,0.11809569,51900.703,0.5757575817829937,0.16740510756423344,1.040094248496994
0.14604999,0.11962645,51896.414,0.5757575817829937,0.17349259711227202,1.0400082965931863
0.14604999,0.12115719,51892.762,0.5757575817829937,0.17958000712479172,1.0399351102204408
0.14604999,0.12268794,51889.711,0.5757575817829937,0.18566745690507086,1.0398739679358717
0.14604999,0.12421869,51887.195,0.5757575817829937,0.19175490668535006,1.0398235470941883
0.14604999,0.12574944,51885.188,0.5757575817829937,0.19784235646562914,1.0397833266533067
0.14604999,0.12728021,51883.629,0.5757575817829937,0.2039298857814273,1.0397520841683368
0.14604999,0.12881094,51882.52,0.5757575817829937,0.21001725602618754,1.0397298597194389
0.14604999,0.13034171,51881.82,0.5757575817829937,0.21610478534198557,1.0397158316633266
0.14604999,0.13187183,51881.516,0.5757575817829937,0.22218972975341833,1.039709739478958
0.14604999,0.13330159,51881.586,0.5757575817829937,0.22787556493084896,1.0397111422845693
0.14604999,0.13454486,51881.895,0.5757575817829937,0.23281977116199554,1.0397173346693387
0.14604999,0.13562597,51882.375,0.5757575817829937,0.23711910340563933,1.0397269539078156
0.14604999,0.13656607,51882.914,0.5757575817829937,0.240857670473051,1.0397377555110219
0.14604999,0.13738354,51883.504,0.5757575817829937,0.2441085655061294,1.0397495791583167
0.14604999,0.13809437,51884.074,0.5757575817829937,0.24693537715226088,1.039761002004008
0.14604999,0.1387125,51884.641,0.5757575817829937,0.2493935416681413,1.039772364729459
0.14604999,0.13925001,51885.156,0.5757575817829937,0.2515310985072058,1.0397826853707415
0.14859,0.01275,51914.703,0.5858586324551525,-0.25153109850720584,1.0403748096192384
0.14859,0.0132875,51914.434,0.5858586324551525,-0.24939358143590085,1.0403694188376753
0.14859,0.013905625,51914.16,0.5858586324551525,-0.24693543680390018,1.0403639278557115
0.14859,0.014616469,51913.93,0.5858586324551525,-0.2441085694829054,1.0403593186372746
0.14859,0.01543394,51913.75,0.5858586324551525,-0.24085767047305104,1.0403557114228457
0.14859,0.016374029,51913.68,0.5858586324551525,-0.23711914715017476,1.0403543086172344
0.14859,0.017455135,51913.785,0.5858586324551525,-0.23281983081363486,1.0403564128256513
0.14859,0.018698405,51914.141,0.5858586324551525,-0.22787562458248825,1.0403635470941885
0.14859,0.020128164,51914.898,0.5858586324551525,-0.22218979338183356,1.0403787174348698
0.14859,0.021658298,51916.117,0.5858586324551525,-0.21610479329553753,1.0404031462925851
0.14859,0.023189049,51917.754,0.5858586324551525,-0.21001733953848242,1.0404359519038076
0.14859,0.024719801,51919.84,0.5858586324551525,-0.2039298818046514,1.040477755511022
0.14859,0.026250554,51922.379,0.5858586324551525,-0.19784242009404443,1.040528637274549
0.14859,0.027781306,51925.387,0.5858586324551525,-0.19175496236021336,1.0405889178356713
0.14859,0.029312057,51928.898,0.5858586324551525,-0.18566750860315825,1.0406592785571143
0.14859,0.030842811,51932.938,0.5858586324551525,-0.17958004291577534,1.040740240480962
0.14859,0.032373562,51937.547,0.5858586324551525,-0.1734925891587202,1.0408326052104209
0.14859,0.033904314,51942.77,0.5858586324551525,-0.1674051314248892,1.0409372745490981
0.14859,0.035435066,51948.668,0.5858586324551525,-0.16131767369105812,1.0410554709418838
0.14859,0.036965817,51955.281,0.5858586324551525,-0.15523021993400304,1.041187995991984
0.14859,0.038496573,51962.688,0.5858586324551525,-0.1491427462930682,1.0413364328657315
0.14859,0.040027324,51970.926,0.5858586324551525,-0.1430552925360131,1.0415015230460922
0.14859,0.041558076,51980.047,0.5858586324551525,-0.13696783480218205,1.0416843086172345
0.14859,0.043088827,51990.078,0.5858586324551525,-0.13088038104512695,1.0418853306613227
0.14859,0.044619579,52001.047,0.5858586324551525,-0.12479292331129592,1.0421051503006011
0.14859,0.046150334,52012.934,0.5858586324551525,-0.11870545364713703,1.042343366733467
0.14859,0.047681086,52025.715,0.5858586324551525,-0.112617995913306,1.0425994989979959
0.14859,0.049211837,52039.328,0.5858586324551525,-0.1065305421562509,1.0428723046092185
0.14859,0.050742589,52053.691,0.5858586324551525,-0.10044308442241985,1.043160140280561
0.14859,0.052273341,52068.68,0.5858586324551525,-0.0943556266885888,1.0434605210420842
0.14859,0.053804092,52084.156,0.5858586324551525,-0.08826817293153372,1.0437706613226454
0.14859,0.055334844,52099.941,0.5858586324551525,-0.08218071519770266,1.044086993987976
0.14859,0.056865599,52115.844,0.5858586324551525,-0.07609324553354377,1.0444056913827655
0.14859,0.058396351,52131.645,0.5858586324551525,-0.07000578779971274,1.0447223446893787
0.14859,0.059927102,52147.129,0.5858586324551525,-0.06391833404265762,1.0450326452905812
0.14859,0.061457854,52162.07,0.5858586324551525,-0.05783087630882659,1.0453320641282564
0.14859,0.062988609,52176.25,0.5858586324551525,-0.0517434066446677,1.0456162324649299
0.14859,0.064519361,52189.453,0.5858586324551525,-0.04565594891083667,1.0458808216432867
0.14859,0.066050112,52201.484,0.5858586324551525,-0.03956849515378159,1.0461219238476953
0.14859,0.067580864,52212.156,0.5858586324551525,-0.033481037419950496,1.0463357915831664
0.14859,0.069111615,52221.305,0.5858586324551525,-0.027393583662895415,1.046519138276553
0.14859,0.070642367,52228.797,0.5858586324551525,-0.021306125929064383,1.0466692785571141
0.14859,0.072173119,52234.516,0.5858586324551525,-0.015218668195233353,1.046783887775551
0.14859,0.07370387,52238.375,0.5858586324551525,-0.009131214438178213,1.0468612224448899
0.14859,0.075234622,52240.316,0.5858586324551525,-0.003043756704347182,1.0469001202404808
0.14859,0.076765373,52240.316,0.5858586324551525,0.0030436970527079037,1.0469001202404808
0.14859,0.078296125,52238.371,0.5858586324551525,0.009131154786538934,1.046861142284569
0.14859,0.079826877,52234.512,0.5858586324551525,0.015218612520370019,1.0467838076152305
0.14859,0.081357636,52228.789,0.5858586324551525,0.021306098091632662,1.046669118236473
0.14859,0.082888387,52221.297,0.5858586324551525,0.027393551848687747,1.0465189779559119
0.14859,0.084419131,52212.145,0.5858586324551525,0.03348097776831122,1.0463355711422846
0.14859,0.08594989,52201.473,0.5858586324551525,0.039568463339573916,1.0461217034068135
0.14859,0.087480649,52189.441,0.5858586324551525,0.04565594891083656,1.0458805811623246
0.14859,0.089011393,52176.234,0.5858586324551525,0.051743374830460036,1.0456159118236472
0.14859,0.090542138,52162.051,0.5858586324551525,0.057830804726859454,1.0453316833667334
0.14859,0.092072897,52147.109,0.5858586324551525,0.06391829029812215,1.045032244488978
0.14859,0.093603656,52131.625,0.5858586324551525,0.07000577586938479,1.0447219438877755
0.14859,0.0951344,52115.824,0.5858586324551525,0.07609320178900826,1.0444052905811623
0.14859,0.096665144,52099.922,0.5858586324551525,0.08218062770863174,1.0440866132264528
0.14859,0.09819591,52084.137,0.5858586324551525,0.08826814111732605,1.0437702805611222
0.14859,0.099726662,52068.66,0.5858586324551525,0.09435559885115707,1.043460120240481
0.14859,0.10125741,52053.672,0.5858586324551525,0.10044304067788438,1.043159759519038
0.14859,0.10278817,52039.312,0.5858586324551525,0.10653053022592297,1.042871983967936
0.14859,0.10431892,52025.699,0.5858586324551525,0.11261798000620211,1.0425991783567135
0.14859,0.10584967,52012.922,0.5858586324551525,0.11870542978648131,1.042343126252505
0.14859,0.10738042,52001.035,0.5858586324551525,0.12479287956676045,1.0421049098196393
0.14859,0.10891117,51990.07,0.5858586324551525,0.13088032934703958,1.0418851703406813
0.14859,0.11044192,51980.039,0.5858586324551525,0.13696777912731872,1.041684148296593
0.14859,0.11197267,51970.918,0.5858586324551525,0.14305522890759786,1.0415013627254508
0.14859,0.11350343,51962.684,0.5858586324551525,0.1491427184556365,1.041336352705411
0.14859,0.11503418,51955.277,0.5858586324551525,0.15523016823591565,1.0411879158316633
0.14859,0.11656493,51948.66,0.5858586324551525,0.1613176180161948,1.0410553106212426
0.14859,0.11809569,51942.762,0.5858586324551525,0.16740510756423344,1.040937114228457
0.14859,0.11962645,51937.539,0.5858586324551525,0.17349259711227202,1.0408324448897794
0.14859,0.12115719,51932.926,0.5858586324551525,0.17958000712479172,1.04074
0.14859,0.12268794,51928.887,0.5858586324551525,0.18566745690507086,1.0406590581162325
0.14859,0.12421869,51925.375,0.5858586324551525,0.19175490668535006,1.0405886773547095
0.14859,0.12574944,51922.359,0.5858586324551525,0.19784235646562914,1.0405282364729458
0.14859,0.12728021,51919.82,0.5858586324551525,0.2039298857814273,1.0404773547094188
0.14859,0.12881094,51917.727,0.5858586324551525,0.21001725602618754,1.0404354108216434
0.14859,0.13034171,51916.09,0.5858586324551525,0.21610478534198557,1.0404026052104207
0.14859,0.13187183,51914.867,0.5858586324551525,0.22218972975341833,1.0403780961923847
0.14859,0.13330159,51914.105,0.5858586324551525,0.22787556493084896,1.0403628256513027
0.14859,0.13454486,51913.75,0.5858586324551525,0.23281977116199554,1.0403557114228457
0.14859,0.13562597,51913.645,0.5858586324551525,0.23711910340563933,1.0403536072144288
0.14859,0.13656607,51913.711,0.5858586324551525,0.240857670473051,1.0403549298597194
0.14859,0.13738354,51913.891,0.5858586324551525,0.2441085655061294,1.0403585370741484
0.14859,0.13809437,51914.121,0.5858586324551525,0.24693537715226088,1.040363146292585
0.14859,0.1387125,51914.391,0.5858586324551525,0.2493935416681413,1.0403685571142285
0.14859,0.13925001,51914.664,0.5858586324551525,0.2515310985072058,1.0403740280561122
0.15112999,0.01275,51946.762,0.5959596035917921,-0.25153109850720584,1.0410172745490982
0.15112999,0.0132875,51946.801,0.5959596035917921,-0.24939358143590085,1.0410180561122244
0.15112999,0.013905625,51946.898,0.5959596035917921,-0.24693543680390018,1.04102
0.15112999,0.014616469,51947.086,0.5959596035917921,-0.2441085694829054,1.0410237675350702
0.15112999,0.01543394,51947.418,0.5959596035917921,-0.24085767047305104,1.0410304208416834
0.15112999,0.016374029,51947.938,0.5959596035917921,-0.23711914715017476,1.0410408416833667
0.15112999,0.017455135,51948.754,0.5959596035917921,-0.23281983081363486,1.0410571943887776
0.15112999,0.018698405,51949.941,0.5959596035917921,-0.22787562458248825,1.0410809819639277
0.15112999,0.020128164,51951.707,0.5959596035917921,-0.22218979338183356,1.041116372745491
0.15112999,0.021658298,51954.043,0.5959596035917921,-0.21610479329553753,1.0411631863727455
0.15112999,0.023189049,51956.805,0.5959596035917921,-0.21001733953848242,1.0412185370741482
0.15112999,0.024719801,51960.07,0.5959596035917921,-0.2039298818046514,1.0412839679358716
0.15112999,0.026250554,51963.805,0.5959596035917921,-0.19784242009404443,1.0413588176352706
0.15112999,0.027781306,51968.039,0.5959596035917921,-0.19175496236021336,1.0414436673346692
0.15112999,0.029312057,51972.785,0.5959596035917921,-0.18566750860315825,1.0415387775551104
0.15112999,0.030842811,51978.062,0.5959596035917921,-0.17958004291577534,1.0416445290581162
0.15112999,0.032373562,51983.91,0.5959596035917921,-0.1734925891587202,1.0417617234468939
0.15112999,0.033904314,51990.352,0.5959596035917921,-0.1674051314248892,1.0418908216432865
0.15112999,0.035435066,51997.438,0.5959596035917921,-0.16131767369105812,1.0420328256513027
0.15112999,0.036965817,52005.203,0.5959596035917921,-0.15523021993400304,1.0421884368737475
0.15112999,0.038496573,52013.699,0.5959596035917921,-0.1491427462930682,1.0423586973947896
0.15112999,0.040027324,52022.965,0.5959596035917921,-0.1430552925360131,1.042544388777555
0.15112999,0.041558076,52033.039,0.5959596035917921,-0.13696783480218205,1.0427462725450902
0.15112999,0.043088827,52043.938,0.5959596035917921,-0.13088038104512695,1.0429646893787576
0.15112999,0.044619579,52055.672,0.5959596035917921,-0.12479292331129592,1.0431998396793587
0.15112999,0.046150334,52068.23,0.5959596035917921,-0.11870545364713703,1.043451503006012
0.15112999,0.047681086,52081.574,0.5959596035917921,-0.112617995913306,1.0437189178356714
0.15112999,0.049211837,52095.645,0.5959596035917921,-0.1065305421562509,1.0440009018036072
0.15112999,0.050742589,52110.355,0.5959596035917921,-0.10044308442241985,1.0442956913827657
0.15112999,0.052273341,52125.582,0.5959596035917921,-0.0943556266885888,1.0446008416833668
0.15112999,0.053804092,52141.184,0.5959596035917921,-0.08826817293153372,1.044913507014028
0.15112999,0.055334844,52156.992,0.5959596035917921,-0.08218071519770266,1.0452303006012025
0.15112999,0.056865599,52172.816,0.5959596035917921,-0.07609324553354377,1.0455474148296593
0.15112999,0.058396351,52188.457,0.5959596035917921,-0.07000578779971274,1.0458608617234468
0.15112999,0.059927102,52203.711,0.5959596035917921,-0.06391833404265762,1.0461665531062125
0.15112999,0.061457854,52218.363,0.5959596035917921,-0.05783087630882659,1.0464601803607214
0.15112999,0.062988609,52232.215,0.5959596035917921,-0.0517434066446677,1.046737775551102
0.15112999,0.064519361,52245.066,0.5959596035917921,-0.04565594891083667,1.0469953106212424
0.15112999,0.066050112,52256.73,0.5959596035917921,-0.03956849515378159,1.0472290581162325
0.15112999,0.067580864,52267.047,0.5959596035917921,-0.033481037419950496,1.0474358116232465
0.15112999,0.069111615,52275.871,0.5959596035917921,-0.027393583662895415,1.0476126452905812
0.15112999,0.070642367,52283.078,0.5959596035917921,-0.021306125929064383,1.0477570741482967
0.15112999,0.072173119,52288.574,0.5959596035917921,-0.015218668195233353,1.0478672144288577
0.15112999,0.07370387,52292.277,0.5959596035917921,-0.009131214438178213,1.0479414228456914
0.15112999,0.075234622,52294.141,0.5959596035917921,-0.003043756704347182,1.0479787775551104
0.15112999,0.076765373,52294.141,0.5959596035917921,0.0030436970527079037,1.0479787775551104
0.15112999,0.078296125,52292.273,0.5959596035917921,0.009131154786538934,1.0479413426853708
0.15112999,0.079826877,52288.57,0.5959596035917921,0.015218612520370019,1.047867134268537
0.15112999,0.081357636,52283.078,0.5959596035917921,0.021306098091632662,1.0477570741482967
0.15112999,0.082888387,52275.871,0.5959596035917921,0.027393551848687747,1.0476126452905812
0.15112999,0.084419131,52267.047,0.5959596035917921,0.03348097776831122,1.0474358116232465
0.15112999,0.08594989,52256.727,0.5959596035917921,0.039568463339573916,1.047228997995992
0.15112999,0.087480649,52245.059,0.5959596035917921,0.04565594891083656,1.0469951703406815
0.15112999,0.089011393,52232.211,0.5959596035917921,0.051743374830460036,1.0467376953907817
0.15112999,0.090542138,52218.355,0.5959596035917921,0.057830804726859454,1.0464600200400802
0.15112999,0.092072897,52203.703,0.5959596035917921,0.06391829029812215,1.046166392785571
0.15112999,0.093603656,52188.449,0.5959596035917921,0.07000577586938479,1.0458607014028056
0.15112999,0.0951344,52172.809,0.5959596035917921,0.07609320178900826,1.0455472745490981
0.15112999,0.096665144,52156.984,0.5959596035917921,0.08218062770863174,1.045230140280561
0.15112999,0.09819591,52141.176,0.5959596035917921,0.08826814111732605,1.0449133466933869
0.15112999,0.099726662,52125.574,0.5959596035917921,0.09435559885115707,1.0446006813627255
0.15112999,0.10125741,52110.352,0.5959596035917921,0.10044304067788438,1.0442956312625251
0.15112999,0.10278817,52095.641,0.5959596035917921,0.10653053022592297,1.0440008216432866
0.15112999,0.10431892,52081.574,0.5959596035917921,0.11261798000620211,1.0437189178356714
0.15112999,0.10584967,52068.227,0.5959596035917921,0.11870542978648131,1.0434514428857715
0.15112999,0.10738042,52055.672,0.5959596035917921,0.12479287956676045,1.0431998396793587
0.15112999,0.10891117,52043.938,0.5959596035917921,0.13088032934703958,1.0429646893787576
0.15112999,0.11044192,52033.039,0.5959596035917921,0.13696777912731872,1.0427462725450902
0.15112999,0.11197267,52022.969,0.5959596035917921,0.14305522890759786,1.0425444689378758
0.15112999,0.11350343,52013.703,0.5959596035917921,0.1491427184556365,1.0423587775551102
0.15112999,0.11503418,52005.207,0.5959596035917921,0.15523016823591565,1.0421885170340681
0.15112999,0.11656493,51997.441,0.5959596035917921,0.1613176180161948,1.042032885771543
0.15112999,0.11809569,51990.352,0.5959596035917921,0.16740510756423344,1.0418908216432865
0.15112999,0.11962645,51983.91,0.5959596035917921,0.17349259711227202,1.0417617234468939
0.15112999,0.12115719,51978.059,0.5959596035917921,0.17958000712479172,1.0416444689378759
0.15112999,0.12268794,51972.777,0.5959596035917921,0.18566745690507086,1.041538617234469
0.15112999,0.12421869,51968.027,0.5959596035917921,0.19175490668535006,1.0414434268537074
0.15112999,0.12574944,51963.789,0.5959596035917921,0.19784235646562914,1.041358496993988
0.15112999,0.12728021,51960.051,0.5959596035917921,0.2039298857814273,1.0412835871743487
0.15112999,0.12881094,51956.781,0.5959596035917921,0.21001725602618754,1.0412180561122244
0.15112999,0.13034171,51954.016,0.5959596035917921,0.21610478534198557,1.0411626452905813
0.15112999,0.13187183,51951.676,0.5959596035917921,0.22218972975341833,1.041115751503006
0.15112999,0.13330159,51949.906,0.5959596035917921,0.22787556493084896,1.0410802805611223
0.15112999,0.13454486,51948.719,0.5959596035917921,0.23281977116199554,1.0410564929859718
0.15112999,0.13562597,51947.898,0.5959596035917921,0.23711910340563933,1.0410400400801603
0.15112999,0.13656607,51947.379,0.5959596035917921,0.240857670473051,1.0410296392785572
0.15112999,0.13738354,51947.047,0.5959596035917921,0.2441085655061294,1.0410229859719438
0.15112999,0.13809437,51946.855,0.5959596035917921,0.24693537715226088,1.0410191382765532
0.15112999,0.1387125,51946.758,0.5959596035917921,0.2493935416681413,1.0410171943887776
0.15112999,0.13925001,51946.723,0.5959596035917921,0.2515310985072058,1.041016492985972
0.15367,0.01275,51981.332,0.6060606542639508,-0.25153109850720584,1.0417100601202405
0.15367,0.0132875,51981.734,0.6060606542639508,-0.24939358143590085,1.041718116232465
0.15367,0.013905625,51982.266,0.6060606542639508,-0.24693543680390018,1.0417287775551103
0.15367,0.014616469,51982.953,0.6060606542639508,-0.2441085694829054,1.0417425450901805
0.15367,0.01543394,51983.879,0.6060606542639508,-0.24085767047305104,1.0417611022044089
0.15367,0.016374029,51985.098,0.6060606542639508,-0.23711914715017476,1.0417855310621242
0.15367,0.017455135,51986.758,0.6060606542639508,-0.23281983081363486,1.0418187975951905
0.15367,0.018698405,51988.922,0.6060606542639508,-0.22787562458248825,1.0418621643286572
0.15367,0.020128164,51991.863,0.6060606542639508,-0.22218979338183356,1.0419211022044088
0.15367,0.021658298,51995.508,0.6060606542639508,-0.21610479329553753,1.0419941482965933
0.15367,0.023189049,51999.586,0.6060606542639508,-0.21001733953848242,1.042075871743487
0.15367,0.024719801,52004.234,0.6060606542639508,-0.2039298818046514,1.042169018036072
0.15367,0.026250554,52009.359,0.6060606542639508,-0.19784242009404443,1.0422717234468937
0.15367,0.027781306,52015.043,0.6060606542639508,-0.19175496236021336,1.042385631262525
0.15367,0.029312057,52021.246,0.6060606542639508,-0.18566750860315825,1.0425099398797595
0.15367,0.030842811,52028.016,0.6060606542639508,-0.17958004291577534,1.042645611222445
0.15367,0.032373562,52035.355,0.6060606542639508,-0.1734925891587202,1.0427926853707417
0.15367,0.033904314,52043.293,0.6060606542639508,-0.1674051314248892,1.042951763527054
0.15367,0.035435066,52051.855,0.6060606542639508,-0.16131767369105812,1.043123346693387
0.15367,0.036965817,52061.066,0.6060606542639508,-0.15523021993400304,1.0433079358717434
0.15367,0.038496573,52070.961,0.6060606542639508,-0.1491427462930682,1.04350623246493
0.15367,0.040027324,52081.555,0.6060606542639508,-0.1430552925360131,1.0437185370741484
0.15367,0.041558076,52092.875,0.6060606542639508,-0.13696783480218205,1.0439453907815632
0.15367,0.043088827,52104.91,0.6060606542639508,-0.13088038104512695,1.0441865731462927
0.15367,0.044619579,52117.668,0.6060606542639508,-0.12479292331129592,1.0444422444889778
0.15367,0.046150334,52131.113,0.6060606542639508,-0.11870545364713703,1.0447116833667334
0.15367,0.047681086,52145.203,0.6060606542639508,-0.112617995913306,1.0449940480961923
0.15367,0.049211837,52159.859,0.6060606542639508,-0.1065305421562509,1.045287755511022
0.15367,0.050742589,52174.996,0.6060606542639508,-0.10044308442241985,1.0455911022044089
0.15367,0.052273341,52190.484,0.6060606542639508,-0.0943556266885888,1.0459014829659319
0.15367,0.053804092,52206.195,0.6060606542639508,-0.08826817293153372,1.0462163326653307
0.15367,0.055334844,52221.965,0.6060606542639508,-0.08218071519770266,1.0465323647294589
0.15367,0.056865599,52237.621,0.6060606542639508,-0.07609324553354377,1.0468461122244488
0.15367,0.058396351,52252.992,0.6060606542639508,-0.07000578779971274,1.0471541482965931
0.15367,0.059927102,52267.879,0.6060606542639508,-0.06391833404265762,1.0474524849699398
0.15367,0.061457854,52282.098,0.6060606542639508,-0.05783087630882659,1.0477374348697395
0.15367,0.062988609,52295.465,0.6060606542639508,-0.0517434066446677,1.0480053106212424
0.15367,0.064519361,52307.805,0.6060606542639508,-0.04565594891083667,1.0482526052104209
0.15367,0.066050112,52318.961,0.6060606542639508,-0.03956849515378159,1.0484761723446894
0.15367,0.067580864,52328.789,0.6060606542639508,-0.033481037419950496,1.0486731262525049
0.15367,0.069111615,52337.164,0.6060606542639508,-0.027393583662895415,1.0488409619238477
0.15367,0.070642367,52343.992,0.6060606542639508,-0.021306125929064383,1.0489777955911823
0.15367,0.072173119,52349.18,0.6060606542639508,-0.015218668195233353,1.0490817635270542
0.15367,0.07370387,52352.676,0.6060606542639508,-0.009131214438178213,1.0491518236472945
0.15367,0.075234622,52354.434,0.6060606542639508,-0.003043756704347182,1.0491870541082164
0.15367,0.076765373,52354.434,0.6060606542639508,0.0030436970527079037,1.0491870541082164
0.15367,0.078296125,52352.676,0.6060606542639508,0.009131154786538934,1.0491518236472945
0.15367,0.079826877,52349.184,0.6060606542639508,0.015218612520370019,1.0490818436873748
0.15367,0.081357636,52343.992,0.6060606542639508,0.021306098091632662,1.0489777955911823
0.15367,0.082888387,52337.168,0.6060606542639508,0.027393551848687747,1.0488410420841683
0.15367,0.084419131,52328.793,0.6060606542639508,0.03348097776831122,1.0486732064128257
0.15367,0.08594989,52318.965,0.6060606542639508,0.039568463339573916,1.04847625250501
0.15367,0.087480649,52307.809,0.6060606542639508,0.04565594891083656,1.0482526853707415
0.15367,0.089011393,52295.469,0.6060606542639508,0.051743374830460036,1.048005390781563
0.15367,0.090542138,52282.102,0.6060606542639508,0.057830804726859454,1.04773751503006
0.15367,0.092072897,52267.883,0.6060606542639508,0.06391829029812215,1.0474525651302606
0.15367,0.093603656,52252.992,0.6060606542639508,0.07000577586938479,1.0471541482965931
0.15367,0.0951344,52237.625,0.6060606542639508,0.07609320178900826,1.0468461923847696
0.15367,0.096665144,52221.965,0.6060606542639508,0.08218062770863174,1.0465323647294589
0.15367,0.09819591,52206.195,0.6060606542639508,0.08826814111732605,1.0462163326653307
0.15367,0.099726662,52190.488,0.6060606542639508,0.09435559885115707,1.0459015631262525
0.15367,0.10125741,52175.0,0.6060606542639508,0.10044304067788438,1.0455911823647295
0.15367,0.10278817,52159.863,0.6060606542639508,0.10653053022592297,1.0452878356713426
0.15367,0.10431892,52145.207,0.6060606542639508,0.11261798000620211,1.0449941282565132
0.15367,0.10584967,52131.121,0.6060606542639508,0.11870542978648131,1.0447118436873748
0.15367,0.10738042,52117.68,0.6060606542639508,0.12479287956676045,1.0444424849699399
0.15367,0.10891117,52104.922,0.6060606542639508,0.13088032934703958,1.0441868136272545
0.15367,0.11044192,52092.883,0.6060606542639508,0.13696777912731872,1.0439455511022044
0.15367,0.11197267,52081.566,0.6060606542639508,0.14305522890759786,1.04371875751503
0.15367,0.11350343,52070.973,0.6060606542639508,0.1491427184556365,1.0435064729458918
0.15367,0.11503418,52061.078,0.6060606542639508,0.15523016823591565,1.0433081763527055
0.15367,0.11656493,52051.867,0.6060606542639508,0.1613176180161948,1.0431235871743487
0.15367,0.11809569,52043.301,0.6060606542639508,0.16740510756423344,1.0429519238476954
0.15367,0.11962645,52035.359,0.6060606542639508,0.17349259711227202,1.042792765531062
0.15367,0.12115719,52028.016,0.6060606542639508,0.17958000712479172,1.042645611222445
0.15367,0.12268794,52021.246,0.6060606542639508,0.18566745690507086,1.0425099398797595
0.15367,0.12421869,52015.035,0.6060606542639508,0.19175490668535006,1.0423854709418838
0.15367,0.12574944,52009.348,0.6060606542639508,0.19784235646562914,1.042271503006012
0.15367,0.12728021,52004.215,0.6060606542639508,0.2039298857814273,1.0421686372745491
0.15367,0.12881094,51999.562,0.6060606542639508,0.21001725602618754,1.0420753907815632
0.15367,0.13034171,51995.484,0.6060606542639508,0.21610478534198557,1.0419936673346692
0.15367,0.13187183,51991.836,0.6060606542639508,0.22218972975341833,1.0419205611222446
0.15367,0.13330159,51988.887,0.6060606542639508,0.22787556493084896,1.0418614629258518
0.15367,0.13454486,51986.723,0.6060606542639508,0.23281977116199554,1.0418180961923846
0.15367,0.13562597,51985.059,0.6060606542639508,0.23711910340563933,1.041784749498998
0.15367,0.13656607,51983.84,0.6060606542639508,0.240857670473051,1.0417603206412824
0.15367,0.13738354,51982.91,0.6060606542639508,0.2441085655061294,1.0417416833667335
0.15367,0.13809437,51982.223,0.6060606542639508,0.24693537715226088,1.0417279158316632
0.15367,0.1387125,51981.691,0.6060606542639508,0.2493935416681413,1.041717254509018
0.15367,0.13925001,51981.289,0.6060606542639508,0.2515310985072058,1.0417091983967934
0.15621001,0.01275,52018.238,0.6161617049361096,-0.25153109850720584,1.0424496593186372
0.15621001,0.0132875,52019.051,0.6161617049361096,-0.24939358143590085,1.0424659519038075
0.15621001,0.013905625,52020.066,0.6161617049361096,-0.24693543680390018,1.0424862925851703
0.15621001,0.014616469,52021.32,0.6161617049361096,-0.2441085694829054,1.0425114228456913
0.15621001,0.01543394,52022.926,0.6161617049361096,-0.24085767047305104,1.042543607214429
0.15621001,0.016374029,52024.93,0.6161617049361096,-0.23711914715017476,1.0425837675350702
0.15621001,0.017455135,52027.543,0.6161617049361096,-0.23281983081363486,1.042636132264529
0.15621001,0.018698405,52030.793,0.6161617049361096,-0.22787562458248825,1.04270126252505
0.15621001,0.020128164,52035.059,0.6161617049361096,-0.22218979338183356,1.042786753507014
0.15621001,0.021658298,52040.172,0.6161617049361096,-0.21610479329553753,1.0428892184368737
0.15621001,0.023189049,52045.734,0.6161617049361096,-0.21001733953848242,1.0430006813627253
0.15621001,0.024719801,52051.949,0.6161617049361096,-0.2039298818046514,1.0431252304609218
0.15621001,0.026250554,52058.668,0.6161617049361096,-0.19784242009404443,1.043259879759519
0.15621001,0.027781306,52066.0,0.6161617049361096,-0.19175496236021336,1.0434068136272545
0.15621001,0.029312057,52073.883,0.6161617049361096,-0.18566750860315825,1.0435647895791584
0.15621001,0.030842811,52082.363,0.6161617049361096,-0.17958004291577534,1.0437347294589179
0.15621001,0.032373562,52091.434,0.6161617049361096,-0.1734925891587202,1.0439165130260522
0.15621001,0.033904314,52101.113,0.6161617049361096,-0.1674051314248892,1.0441104809619237
0.15621001,0.035435066,52111.406,0.6161617049361096,-0.16131767369105812,1.0443167535070141
0.15621001,0.036965817,52122.324,0.6161617049361096,-0.15523021993400304,1.0445355511022045
0.15621001,0.038496573,52133.875,0.6161617049361096,-0.1491427462930682,1.0447670340681363
0.15621001,0.040027324,52146.055,0.6161617049361096,-0.1430552925360131,1.0450111222444889
0.15621001,0.041558076,52158.859,0.6161617049361096,-0.13696783480218205,1.0452677154308616
0.15621001,0.043088827,52172.266,0.6161617049361096,-0.13088038104512695,1.0455363927855712
0.15621001,0.044619579,52186.25,0.6161617049361096,-0.12479292331129592,1.045816633266533
0.15621001,0.046150334,52200.754,0.6161617049361096,-0.11870545364713703,1.0461072945891783
0.15621001,0.047681086,52215.723,0.6161617049361096,-0.112617995913306,1.0464072745490982
0.15621001,0.049211837,52231.062,0.6161617049361096,-0.1065305421562509,1.0467146693386773
0.15621001,0.050742589,52246.684,0.6161617049361096,-0.10044308442241985,1.0470277354709419
0.15621001,0.052273341,52262.457,0.6161617049361096,-0.0943556266885888,1.0473438276553106
0.15621001,0.053804092,52278.262,0.6161617049361096,-0.08826817293153372,1.0476605611222445
0.15621001,0.055334844,52293.953,0.6161617049361096,-0.08218071519770266,1.04797501002004
0.15621001,0.056865599,52309.379,0.6161617049361096,-0.07609324553354377,1.0482841482965932
0.15621001,0.058396351,52324.375,0.6161617049361096,-0.07000578779971274,1.0485846693386773
0.15621001,0.059927102,52338.785,0.6161617049361096,-0.06391833404265762,1.0488734468937877
0.15621001,0.061457854,52352.438,0.6161617049361096,-0.05783087630882659,1.0491470541082164
0.15621001,0.062988609,52365.188,0.6161617049361096,-0.0517434066446677,1.0494025651302605
0.15621001,0.064519361,52376.887,0.6161617049361096,-0.04565594891083667,1.0496370140280562
0.15621001,0.066050112,52387.402,0.6161617049361096,-0.03956849515378159,1.049847735470942
0.15621001,0.067580864,52396.629,0.6161617049361096,-0.033481037419950496,1.0500326452905813
0.15621001,0.069111615,52404.465,0.6161617049361096,-0.027393583662895415,1.0501896793587173
0.15621001,0.070642367,52410.828,0.6161617049361096,-0.021306125929064383,1.0503171943887777
0.15621001,0.072173119,52415.656,0.6161617049361096,-0.015218668195233353,1.0504139478957917
0.15621001,0.07370387,52418.902,0.6161617049361096,-0.009131214438178213,1.050478997995992
0.15621001,0.075234622,52420.531,0.6161617049361096,-0.003043756704347182,1.050511643286573
0.15621001,0.076765373,52420.535,0.6161617049361096,0.0030436970527079037,1.050511723446894
0.15621001,0.078296125,52418.906,0.6161617049361096,0.009131154786538934,1.0504790781563127
0.15621001,0.079826877,52415.66,0.6161617049361096,0.015218612520370019,1.0504140280561123
0.15621001,0.081357636,52410.836,0.6161617049361096,0.021306098091632662,1.050317354709419
0.15621001,0.082888387,52404.473,0.6161617049361096,0.027393551848687747,1.0501898396793587
0.15621001,0.084419131,52396.637,0.6161617049361096,0.03348097776831122,1.0500328056112225
0.15621001,0.08594989,52387.414,0.6161617049361096,0.039568463339573916,1.0498479759519037
0.15621001,0.087480649,52376.895,0.6161617049361096,0.04565594891083656,1.0496371743486974
0.15621001,0.089011393,52365.199,0.6161617049361096,0.051743374830460036,1.0494027855711423
0.15621001,0.090542138,52352.449,0.6161617049361096,0.057830804726859454,1.0491472745490982
0.15621001,0.092072897,52338.793,0.6161617049361096,0.06391829029812215,1.048873607214429
0.15621001,0.093603656,52324.383,0.6161617049361096,0.07000577586938479,1.0485848296593188
0.15621001,0.0951344,52309.387,0.6161617049361096,0.07609320178900826,1.0482843086172344
0.15621001,0.096665144,52293.961,0.6161617049361096,0.08218062770863174,1.0479751703406814
0.15621001,0.09819591,52278.27,0.6161617049361096,0.08826814111732605,1.0476607214428857
0.15621001,0.099726662,52262.465,0.6161617049361096,0.09435559885115707,1.0473439879759519
0.15621001,0.10125741,52246.691,0.6161617049361096,0.10044304067788438,1.047027875751503
0.15621001,0.10278817,52231.07,0.6161617049361096,0.10653053022592297,1.0467148296593187
0.15621001,0.10431892,52215.73,0.6161617049361096,0.11261798000620211,1.0464074148296594
0.15621001,0.10584967,52200.766,0.6161617049361096,0.11870542978648131,1.0461075350701403
0.15621001,0.10738042,52186.262,0.6161617049361096,0.12479287956676045,1.045816873747495
0.15621001,0.10891117,52172.277,0.6161617049361096,0.13088032934703958,1.045536613226453
0.15621001,0.11044192,52158.871,0.6161617049361096,0.13696777912731872,1.0452679559118236
0.15621001,0.11197267,52146.066,0.6161617049361096,0.14305522890759786,1.0450113426853707
0.15621001,0.11350343,52133.887,0.6161617049361096,0.1491427184556365,1.0447672745490983
0.15621001,0.11503418,52122.336,0.6161617049361096,0.15523016823591565,1.0445357915831663
0.15621001,0.11656493,52111.418,0.6161617049361096,0.1613176180161948,1.044316993987976
0.15621001,0.11809569,52101.121,0.6161617049361096,0.16740510756423344,1.0441106412825651
0.15621001,0.11962645,52091.441,0.6161617049361096,0.17349259711227202,1.043916653306613
0.15621001,0.12115719,52082.367,0.6161617049361096,0.17958000712479172,1.0437348096192385
0.15621001,0.12268794,52073.879,0.6161617049361096,0.18566745690507086,1.0435647094188376
0.15621001,0.12421869,52065.996,0.6161617049361096,0.19175490668535006,1.043406733466934
0.15621001,0.12574944,52058.66,0.6161617049361096,0.19784235646562914,1.0432597194388777
0.15621001,0.12728021,52051.938,0.6161617049361096,0.2039298857814273,1.0431250100200402
0.15621001,0.12881094,52045.715,0.6161617049361096,0.21001725602618754,1.0430003006012023
0.15621001,0.13034171,52040.148,0.6161617049361096,0.21610478534198557,1.0428887374749498
0.15621001,0.13187183,52035.031,0.6161617049361096,0.22218972975341833,1.0427861923847697
0.15621001,0.13330159,52030.766,0.6161617049361096,0.22787556493084896,1.0427007214428858
0.15621001,0.13454486,52027.508,0.6161617049361096,0.23281977116199554,1.0426354308617234
0.15621001,0.13562597,52024.895,0.6161617049361096,0.23711910340563933,1.0425830661322644
0.15621001,0.13656607,52022.891,0.6161617049361096,0.240857670473051,1.0425429058116233
0.15621001,0.13738354,52021.281,0.6161617049361096,0.2441085655061294,1.042510641282565
0.15621001,0.13809437,52020.027,0.6161617049361096,0.24693537715226088,1.0424855110220441
0.15621001,0.1387125,52019.012,0.6161617049361096,0.2493935416681413,1.0424651703406813
0.15621001,0.13925001,52018.199,0.6161617049361096,0.2515310985072058,1.042448877755511
0.15875,0.01275,52057.195,0.6262626760727492,-0.25153109850720584,1.0432303607214428
0.15875,0.0132875,52058.461,0.6262626760727492,-0.24939358143590085,1.0432557314629258
0.15875,0.013905625,52059.992,0.6262626760727492,-0.24693543680390018,1.0432864128256514
0.15875,0.014616469,52061.859,0.6262626760727492,-0.2441085694829054,1.0433238276553105
0.15875,0.01543394,52064.195,0.6262626760727492,-0.24085767047305104,1.0433706412825652
0.15875,0.016374029,52067.039,0.6262626760727492,-0.23711914715017476,1.043427635270541
0.15875,0.017455135,52070.668,0.6262626760727492,-0.23281983081363486,1.0435003607214428
0.15875,0.018698405,52075.098,0.6262626760727492,-0.22787562458248825,1.043589138276553
0.15875,0.020128164,52080.797,0.6262626760727492,-0.22218979338183356,1.0437033466933867
0.15875,0.021658298,52087.512,0.6262626760727492,-0.21610479329553753,1.0438379158316633
0.15875,0.023189049,52094.699,0.6262626760727492,-0.21001733953848242,1.0439819438877755
0.15875,0.024719801,52102.633,0.6262626760727492,-0.2039298818046514,1.0441409418837675
0.15875,0.026250554,52111.102,0.6262626760727492,-0.19784242009404443,1.0443106613226452
0.15875,0.027781306,52120.25,0.6262626760727492,-0.19175496236021336,1.0444939879759518
0.15875,0.029312057,52129.98,0.6262626760727492,-0.18566750860315825,1.0446889779559119
0.15875,0.030842811,52140.363,0.6262626760727492,-0.17958004291577534,1.0448970541082163
0.15875,0.032373562,52151.348,0.6262626760727492,-0.1734925891587202,1.0451171943887776
0.15875,0.033904314,52162.957,0.6262626760727492,-0.1674051314248892,1.0453498396793588
0.15875,0.035435066,52175.172,0.6262626760727492,-0.16131767369105812,1.045594629258517
0.15875,0.036965817,52187.984,0.6262626760727492,-0.15523021993400304,1.045851382765531
0.15875,0.038496573,52201.375,0.6262626760727492,-0.1491427462930682,1.0461197394789579
0.15875,0.040027324,52215.312,0.6262626760727492,-0.1430552925360131,1.0463990380761523
0.15875,0.041558076,52229.766,0.6262626760727492,-0.13696783480218205,1.0466886973947895
0.15875,0.043088827,52244.688,0.6262626760727492,-0.13088038104512695,1.0469877354709418
0.15875,0.044619579,52260.02,0.6262626760727492,-0.12479292331129592,1.04729498997996
0.15875,0.046150334,52275.684,0.6262626760727492,-0.11870545364713703,1.0476088977955913
0.15875,0.047681086,52291.602,0.6262626760727492,-0.112617995913306,1.0479278957915832
0.15875,0.049211837,52307.676,0.6262626760727492,-0.1065305421562509,1.0482500200400802
0.15875,0.050742589,52323.805,0.6262626760727492,-0.10044308442241985,1.048573246492986
0.15875,0.052273341,52339.871,0.6262626760727492,-0.0943556266885888,1.0488952104208418
0.15875,0.053804092,52355.75,0.6262626760727492,-0.08826817293153372,1.0492134268537074
0.15875,0.055334844,52371.316,0.6262626760727492,-0.08218071519770266,1.0495253707414829
0.15875,0.056865599,52386.43,0.6262626760727492,-0.07609324553354377,1.0498282565130261
0.15875,0.058396351,52400.961,0.6262626760727492,-0.07000578779971274,1.0501194589178358
0.15875,0.059927102,52414.777,0.6262626760727492,-0.06391833404265762,1.0503963326653307
0.15875,0.061457854,52427.746,0.6262626760727492,-0.05783087630882659,1.0506562324649298
0.15875,0.062988609,52439.754,0.6262626760727492,-0.0517434066446677,1.050896873747495
0.15875,0.064519361,52450.695,0.6262626760727492,-0.04565594891083667,1.051116132264529
0.15875,0.066050112,52460.473,0.6262626760727492,-0.03956849515378159,1.0513120841683365
0.15875,0.067580864,52469.0,0.6262626760727492,-0.033481037419950496,1.0514829659318636
0.15875,0.069111615,52476.215,0.6262626760727492,-0.027393583662895415,1.0516275551102203
0.15875,0.070642367,52482.051,0.6262626760727492,-0.021306125929064383,1.051744509018036
0.15875,0.072173119,52486.473,0.6262626760727492,-0.015218668195233353,1.051833126252505
0.15875,0.07370387,52489.434,0.6262626760727492,-0.009131214438178213,1.0518924649298598
0.15875,0.075234622,52490.922,0.6262626760727492,-0.003043756704347182,1.0519222845691383
0.15875,0.076765373,52490.926,0.6262626760727492,0.0030436970527079037,1.0519223647294589
0.15875,0.078296125,52489.438,0.6262626760727492,0.009131154786538934,1.0518925450901804
0.15875,0.079826877,52486.477,0.6262626760727492,0.015218612520370019,1.0518332064128257
0.15875,0.081357636,52482.062,0.6262626760727492,0.021306098091632662,1.0517447294589177
0.15875,0.082888387,52476.227,0.6262626760727492,0.027393551848687747,1.0516277955911824
0.15875,0.084419131,52469.012,0.6262626760727492,0.03348097776831122,1.0514832064128257
0.15875,0.08594989,52460.484,0.6262626760727492,0.039568463339573916,1.0513123046092183
0.15875,0.087480649,52450.707,0.6262626760727492,0.04565594891083656,1.051116372745491
0.15875,0.089011393,52439.766,0.6262626760727492,0.051743374830460036,1.0508971142284569
0.15875,0.090542138,52427.758,0.6262626760727492,0.057830804726859454,1.0506564729458918
0.15875,0.092072897,52414.785,0.6262626760727492,0.06391829029812215,1.050396492985972
0.15875,0.093603656,52400.973,0.6262626760727492,0.07000577586938479,1.0501196993987976
0.15875,0.0951344,52386.438,0.6262626760727492,0.07609320178900826,1.0498284168336673
0.15875,0.096665144,52371.32,0.6262626760727492,0.08218062770863174,1.0495254509018035
0.15875,0.09819591,52355.758,0.6262626760727492,0.08826814111732605,1.0492135871743486
0.15875,0.099726662,52339.875,0.6262626760727492,0.09435559885115707,1.0488952905811624
0.15875,0.10125741,52323.809,0.6262626760727492,0.10044304067788438,1.0485733266533066
0.15875,0.10278817,52307.68,0.6262626760727492,0.10653053022592297,1.0482501002004008
0.15875,0.10431892,52291.605,0.6262626760727492,0.11261798000620211,1.0479279559118237
0.15875,0.10584967,52275.688,0.6262626760727492,0.11870542978648131,1.047608977955912
0.15875,0.10738042,52260.023,0.6262626760727492,0.12479287956676045,1.0472950501002005
0.15875,0.10891117,52244.691,0.6262626760727492,0.13088032934703958,1.0469877955911824
0.15875,0.11044192,52229.773,0.6262626760727492,0.13696777912731872,1.0466888376753507
0.15875,0.11197267,52215.316,0.6262626760727492,0.14305522890759786,1.046399118236473
0.15875,0.11350343,52201.379,0.6262626760727492,0.1491427184556365,1.0461198196392785
0.15875,0.11503418,52187.988,0.6262626760727492,0.15523016823591565,1.0458514629258517
0.15875,0.11656493,52175.176,0.6262626760727492,0.1613176180161948,1.0455947094188376
0.15875,0.11809569,52162.961,0.6262626760727492,0.16740510756423344,1.0453499198396794
0.15875,0.11962645,52151.348,0.6262626760727492,0.17349259711227202,1.0451171943887776
0.15875,0.12115719,52140.363,0.6262626760727492,0.17958000712479172,1.0448970541082163
0.15875,0.12268794,52129.977,0.6262626760727492,0.18566745690507086,1.0446889178356713
0.15875,0.12421869,52120.242,0.6262626760727492,0.19175490668535006,1.0444938276553106
0.15875,0.12574944,52111.09,0.6262626760727492,0.19784235646562914,1.0443104208416834
0.15875,0.12728021,52102.621,0.6262626760727492,0.2039298857814273,1.0441407014028057
0.15875,0.12881094,52094.68,0.6262626760727492,0.21001725602618754,1.0439815631262526
0.15875,0.13034171,52087.488,0.6262626760727492,0.21610478534198557,1.0438374348697395
0.15875,0.13187183,52080.773,0.6262626760727492,0.22218972975341833,1.0437028657314629
0.15875,0.13330159,52075.07,0.6262626760727492,0.22787556493084896,1.0435885771543085
0.15875,0.13454486,52070.637,0.6262626760727492,0.23281977116199554,1.043499739478958
0.15875,0.13562597,52067.008,0.6262626760727492,0.23711910340563933,1.0434270140280562
0.15875,0.13656607,52064.16,0.6262626760727492,0.240857670473051,1.0433699398797596
0.15875,0.13738354,52061.824,0.6262626760727492,0.2441085655061294,1.0433231262525051
0.15875,0.13809437,52059.961,0.6262626760727492,0.24693537715226088,1.0432857915831664
0.15875,0.1387125,52058.426,0.6262626760727492,0.2493935416681413,1.0432550300601202
0.15875,0.13925001,52057.156,0.6262626760727492,0.2515310985072058,1.0432295791583166
0.16128999,0.01275,52097.812,0.6363636472093889,-0.25153109850720584,1.0440443286573147
0.16128999,0.0132875,52099.543,0.6363636472093889,-0.24939358143590085,1.0440790180360722
0.16128999,0.013905625,52101.617,0.6363636472093889,-0.24693543680390018,1.0441205811623246
0.16128999,0.014616469,52104.113,0.6363636472093889,-0.2441085694829054,1.0441706012024048
0.16128999,0.01543394,52107.199,0.6363636472093889,-0.24085767047305104,1.0442324448897795
0.16128999,0.016374029,52110.918,0.6363636472093889,-0.23711914715017476,1.0443069739478958
0.16128999,0.017455135,52115.609,0.6363636472093889,-0.23281983081363486,1.0444009819639277
0.16128999,0.018698405,52121.27,0.6363636472093889,-0.22787562458248825,1.0445144288577153
0.16128999,0.020128164,52128.477,0.6363636472093889,-0.22218979338183356,1.0446588577154308
0.16128999,0.021658298,52136.875,0.6363636472093889,-0.21610479329553753,1.0448271543086172
0.16128999,0.023189049,52145.773,0.6363636472093889,-0.21001733953848242,1.045005470941884
0.16128999,0.024719801,52155.523,0.6363636472093889,-0.2039298818046514,1.045200861723447
0.16128999,0.026250554,52165.84,0.6363636472093889,-0.19784242009404443,1.0454076152304608
0.16128999,0.027781306,52176.914,0.6363636472093889,-0.19175496236021336,1.0456295390781563
0.16128999,0.029312057,52188.598,0.6363636472093889,-0.18566750860315825,1.0458636873747496
0.16128999,0.030842811,52200.984,0.6363636472093889,-0.17958004291577534,1.0461119038076152
0.16128999,0.032373562,52213.988,0.6363636472093889,-0.1734925891587202,1.0463725050100199
0.16128999,0.033904314,52227.633,0.6363636472093889,-0.1674051314248892,1.0466459519038076
0.16128999,0.035435066,52241.863,0.6363636472093889,-0.16131767369105812,1.046931122244489
0.16128999,0.036965817,52256.656,0.6363636472093889,-0.15523021993400304,1.0472275751503006
0.16128999,0.038496573,52271.961,0.6363636472093889,-0.1491427462930682,1.0475342885771544
0.16128999,0.040027324,52287.727,0.6363636472093889,-0.1430552925360131,1.047850240480962
0.16128999,0.041558076,52303.883,0.6363636472093889,-0.13696783480218205,1.048174008016032
0.16128999,0.043088827,52320.352,0.6363636472093889,-0.13088038104512695,1.0485040480961925
0.16128999,0.044619579,52337.051,0.6363636472093889,-0.12479292331129592,1.0488386973947896
0.16128999,0.046150334,52353.883,0.6363636472093889,-0.11870545364713703,1.049176012024048
0.16128999,0.047681086,52370.746,0.6363636472093889,-0.112617995913306,1.0495139478957916
0.16128999,0.049211837,52387.531,0.6363636472093889,-0.1065305421562509,1.0498503206412826
0.16128999,0.050742589,52404.129,0.6363636472093889,-0.10044308442241985,1.0501829458917835
0.16128999,0.052273341,52420.426,0.6363636472093889,-0.0943556266885888,1.0505095390781563
0.16128999,0.053804092,52436.305,0.6363636472093889,-0.08826817293153372,1.0508277555110221
0.16128999,0.055334844,52451.645,0.6363636472093889,-0.08218071519770266,1.0511351703406813
0.16128999,0.056865599,52466.344,0.6363636472093889,-0.07609324553354377,1.0514297394789578
0.16128999,0.058396351,52480.285,0.6363636472093889,-0.07000578779971274,1.051709118236473
0.16128999,0.059927102,52493.383,0.6363636472093889,-0.06391833404265762,1.0519716032064128
0.16128999,0.061457854,52505.543,0.6363636472093889,-0.05783087630882659,1.0522152905811624
0.16128999,0.062988609,52516.695,0.6363636472093889,-0.0517434066446677,1.0524387775551103
0.16128999,0.064519361,52526.762,0.6363636472093889,-0.04565594891083667,1.0526405210420842
0.16128999,0.066050112,52535.691,0.6363636472093889,-0.03956849515378159,1.0528194589178357
0.16128999,0.067580864,52543.434,0.6363636472093889,-0.033481037419950496,1.0529746292585171
0.16128999,0.069111615,52549.945,0.6363636472093889,-0.027393583662895415,1.053105110220441
0.16128999,0.070642367,52555.191,0.6363636472093889,-0.021306125929064383,1.053210240480962
0.16128999,0.072173119,52559.148,0.6363636472093889,-0.015218668195233353,1.0532895390781563
0.16128999,0.07370387,52561.797,0.6363636472093889,-0.009131214438178213,1.053342625250501
0.16128999,0.075234622,52563.125,0.6363636472093889,-0.003043756704347182,1.053369238476954
0.16128999,0.076765373,52563.129,0.6363636472093889,0.0030436970527079037,1.0533693186372746
0.16128999,0.078296125,52561.801,0.6363636472093889,0.009131154786538934,1.0533427054108215
0.16128999,0.079826877,52559.156,0.6363636472093889,0.015218612520370019,1.0532896993987977
0.16128999,0.081357636,52555.199,0.6363636472093889,0.021306098091632662,1.0532104008016032
0.16128999,0.082888387,52549.953,0.6363636472093889,0.027393551848687747,1.0531052705410822
0.16128999,0.084419131,52543.441,0.6363636472093889,0.03348097776831122,1.052974769539078
0.16128999,0.08594989,52535.703,0.6363636472093889,0.039568463339573916,1.0528196993987977
0.16128999,0.087480649,52526.773,0.6363636472093889,0.04565594891083656,1.052640741482966
0.16128999,0.089011393,52516.703,0.6363636472093889,0.051743374830460036,1.0524389378757515
0.16128999,0.090542138,52505.551,0.6363636472093889,0.057830804726859454,1.0522154509018036
0.16128999,0.092072897,52493.387,0.6363636472093889,0.06391829029812215,1.0519716833667334
0.16128999,0.093603656,52480.289,0.6363636472093889,0.07000577586938479,1.0517091983967934
0.16128999,0.0951344,52466.344,0.6363636472093889,0.07609320178900826,1.0514297394789578
0.16128999,0.096665144,52451.648,0.6363636472093889,0.08218062770863174,1.0511352304609218
0.16128999,0.09819591,52436.301,0.6363636472093889,0.08826814111732605,1.0508276753507013
0.16128999,0.099726662,52420.422,0.6363636472093889,0.09435559885115707,1.0505094589178356
0.16128999,0.10125741,52404.125,0.6363636472093889,0.10044304067788438,1.050182865731463
0.16128999,0.10278817,52387.523,0.6363636472093889,0.10653053022592297,1.0498501603206414
0.16128999,0.10431892,52370.738,0.6363636472093889,0.11261798000620211,1.0495137875751503
0.16128999,0.10584967,52353.875,0.6363636472093889,0.11870542978648131,1.0491758517034069
0.16128999,0.10738042,52337.043,0.6363636472093889,0.12479287956676045,1.0488385370741482
0.16128999,0.10891117,52320.344,0.6363636472093889,0.13088032934703958,1.048503887775551
0.16128999,0.11044192,52303.875,0.6363636472093889,0.13696777912731872,1.0481738476953908
0.16128999,0.11197267,52287.719,0.6363636472093889,0.14305522890759786,1.0478500801603206
0.16128999,0.11350343,52271.953,0.6363636472093889,0.1491427184556365,1.0475341282565132
0.16128999,0.11503418,52256.648,0.6363636472093889,0.15523016823591565,1.0472274148296594
0.16128999,0.11656493,52241.852,0.6363636472093889,0.1613176180161948,1.0469309018036073
0.16128999,0.11809569,52227.625,0.6363636472093889,0.16740510756423344,1.0466457915831664
0.16128999,0.11962645,52213.977,0.6363636472093889,0.17349259711227202,1.0463722845691383
0.16128999,0.12115719,52200.973,0.6363636472093889,0.17958000712479172,1.0461116833667334
0.16128999,0.12268794,52188.586,0.6363636472093889,0.18566745690507086,1.0458634468937877
0.16128999,0.12421869,52176.898,0.6363636472093889,0.19175490668535006,1.0456292184368738
0.16128999,0.12574944,52165.824,0.6363636472093889,0.19784235646562914,1.0454072945891784
0.16128999,0.12728021,52155.508,0.6363636472093889,0.2039298857814273,1.0452005611222446
0.16128999,0.12881094,52145.754,0.6363636472093889,0.21001725602618754,1.0450050901803607
0.16128999,0.13034171,52136.855,0.6363636472093889,0.21610478534198557,1.0448267535070141
0.16128999,0.13187183,52128.453,0.6363636472093889,0.22218972975341833,1.0446583767535071
0.16128999,0.13330159,52121.242,0.6363636472093889,0.22787556493084896,1.0445138677354708
0.16128999,0.13454486,52115.582,0.6363636472093889,0.23281977116199554,1.0444004408817635
0.16128999,0.13562597,52110.891,0.6363636472093889,0.23711910340563933,1.0443064328657314
0.16128999,0.13656607,52107.172,0.6363636472093889,0.240857670473051,1.044231903807615
0.16128999,0.13738354,52104.086,0.6363636472093889,0.2441085655061294,1.0441700601202406
0.16128999,0.13809437,52101.59,0.6363636472093889,0.24693537715226088,1.0441200400801602
0.16128999,0.1387125,52099.516,0.6363636472093889,0.2493935416681413,1.044078476953908
0.16128999,0.13925001,52097.781,0.6363636472093889,0.2515310985072058,1.0440437074148297
0.16383,0.01275,52139.645,0.6464646978815476,-0.25153109850720584,1.0448826653306613
0.16383,0.0132875,52141.84,0.6464646978815476,-0.24939358143590085,1.044926653306613
0.16383,0.013905625,52144.465,0.6464646978815476,-0.24693543680390018,1.044979258517034
0.16383,0.014616469,52147.594,0.6464646978815476,-0.2441085694829054,1.0450419639278556
0.16383,0.01543394,52151.445,0.6464646978815476,-0.24085767047305104,1.045119138276553
0.16383,0.016374029,52156.043,0.6464646978815476,-0.23711914715017476,1.0452112825651303
0.16383,0.017455135,52161.812,0.6464646978815476,-0.23281983081363486,1.045326893787575
0.16383,0.018698405,52168.719,0.6464646978815476,-0.22787562458248825,1.0454653106212424
0.16383,0.020128164,52177.453,0.6464646978815476,-0.22218979338183356,1.0456403406813628
0.16383,0.021658298,52187.555,0.6464646978815476,-0.21610479329553753,1.0458427855711423
0.16383,0.023189049,52198.184,0.6464646978815476,-0.21001733953848242,1.0460557915831663
0.16383,0.024719801,52209.773,0.6464646978815476,-0.2039298818046514,1.0462880360721443
0.16383,0.026250554,52221.953,0.6464646978815476,-0.19784242009404443,1.046532124248497
0.16383,0.027781306,52234.969,0.6464646978815476,-0.19175496236021336,1.0467929659318638
0.16383,0.029312057,52248.621,0.6464646978815476,-0.18566750860315825,1.0470665531062124
0.16383,0.030842811,52263.023,0.6464646978815476,-0.17958004291577534,1.0473551703406814
0.16383,0.032373562,52278.047,0.6464646978815476,-0.1734925891587202,1.04765625250501
0.16383,0.033904314,52293.719,0.6464646978815476,-0.1674051314248892,1.0479703206412825
0.16383,0.035435066,52309.941,0.6464646978815476,-0.16131767369105812,1.0482954108216433
0.16383,0.036965817,52326.684,0.6464646978815476,-0.15523021993400304,1.0486309418837676
0.16383,0.038496573,52343.855,0.6464646978815476,-0.1491427462930682,1.0489750501002004
0.16383,0.040027324,52361.379,0.6464646978815476,-0.1430552925360131,1.04932623246493
0.16383,0.041558076,52379.156,0.6464646978815476,-0.13696783480218205,1.04968248496994
0.16383,0.043088827,52397.078,0.6464646978815476,-0.13088038104512695,1.0500416432865731
0.16383,0.044619579,52415.039,0.6464646978815476,-0.12479292331129592,1.0504015831663327
0.16383,0.046150334,52432.918,0.6464646978815476,-0.11870545364713703,1.050759879759519
0.16383,0.047681086,52450.594,0.6464646978815476,-0.112617995913306,1.0511141082164328
0.16383,0.049211837,52467.953,0.6464646978815476,-0.1065305421562509,1.051461983967936
0.16383,0.050742589,52484.875,0.6464646978815476,-0.10044308442241985,1.051801102204409
0.16383,0.052273341,52501.242,0.6464646978815476,-0.0943556266885888,1.0521290981963927
0.16383,0.053804092,52516.949,0.6464646978815476,-0.08826817293153372,1.052443867735471
0.16383,0.055334844,52531.902,0.6464646978815476,-0.08218071519770266,1.0527435270541083
0.16383,0.056865599,52546.012,0.6464646978815476,-0.07609324553354377,1.0530262925851703
0.16383,0.058396351,52559.211,0.6464646978815476,-0.07000578779971274,1.0532908016032065
0.16383,0.059927102,52571.438,0.6464646978815476,-0.06391833404265762,1.0535358316633268
0.16383,0.061457854,52582.641,0.6464646978815476,-0.05783087630882659,1.0537603406813627
0.16383,0.062988609,52592.793,0.6464646978815476,-0.0517434066446677,1.0539637875751502
0.16383,0.064519361,52601.855,0.6464646978815476,-0.04565594891083667,1.0541453907815632
0.16383,0.066050112,52609.812,0.6464646978815476,-0.03956849515378159,1.0543048496993987
0.16383,0.067580864,52616.652,0.6464646978815476,-0.033481037419950496,1.0544419238476954
0.16383,0.069111615,52622.363,0.6464646978815476,-0.027393583662895415,1.054556372745491
0.16383,0.070642367,52626.938,0.6464646978815476,-0.021306125929064383,1.0546480561122245
0.16383,0.072173119,52630.371,0.6464646978815476,-0.015218668195233353,1.0547168537074147
0.16383,0.07370387,52632.66,0.6464646978815476,-0.009131214438178213,1.0547627254509018
0.16383,0.075234622,52633.812,0.6464646978815476,-0.003043756704347182,1.0547858116232465
0.16383,0.076765373,52633.812,0.6464646978815476,0.0030436970527079037,1.0547858116232465
0.16383,0.078296125,52632.664,0.6464646978815476,0.009131154786538934,1.0547628056112224
0.16383,0.079826877,52630.371,0.6464646978815476,0.015218612520370019,1.0547168537074147
0.16383,0.081357636,52626.938,0.6464646978815476,0.021306098091632662,1.0546480561122245
0.16383,0.082888387,52622.367,0.6464646978815476,0.027393551848687747,1.0545564529058116
0.16383,0.084419131,52616.656,0.6464646978815476,0.03348097776831122,1.054442004008016
0.16383,0.08594989,52609.816,0.6464646978815476,0.039568463339573916,1.0543049298597194
0.16383,0.087480649,52601.855,0.6464646978815476,0.04565594891083656,1.0541453907815632
0.16383,0.089011393,52592.789,0.6464646978815476,0.051743374830460036,1.0539637074148296
0.16383,0.090542138,52582.641,0.6464646978815476,0.057830804726859454,1.0537603406813627
0.16383,0.092072897,52571.434,0.6464646978815476,0.06391829029812215,1.053535751503006
0.16383,0.093603656,52559.203,0.6464646978815476,0.07000577586938479,1.053290641282565
0.16383,0.0951344,52546.004,0.6464646978815476,0.07609320178900826,1.0530261322645291
0.16383,0.096665144,52531.891,0.6464646978815476,0.08218062770863174,1.0527433066132266
0.16383,0.09819591,52516.938,0.6464646978815476,0.08826814111732605,1.0524436472945893
0.16383,0.099726662,52501.227,0.6464646978815476,0.09435559885115707,1.0521287975951903
0.16383,0.10125741,52484.855,0.6464646978815476,0.10044304067788438,1.0518007014028057
0.16383,0.10278817,52467.934,0.6464646978815476,0.10653053022592297,1.0514616032064128
0.16383,0.10431892,52450.574,0.6464646978815476,0.11261798000620211,1.0511137074148296
0.16383,0.10584967,52432.895,0.6464646978815476,0.11870542978648131,1.0507594188376752
0.16383,0.10738042,52415.012,0.6464646978815476,0.12479287956676045,1.0504010420841683
0.16383,0.10891117,52397.051,0.6464646978815476,0.13088032934703958,1.0500411022044087
0.16383,0.11044192,52379.129,0.6464646978815476,0.13696777912731872,1.0496819438877756
0.16383,0.11197267,52361.352,0.6464646978815476,0.14305522890759786,1.0493256913827655
0.16383,0.11350343,52343.828,0.6464646978815476,0.1491427184556365,1.048974509018036
0.16383,0.11503418,52326.656,0.6464646978815476,0.15523016823591565,1.0486303807615232
0.16383,0.11656493,52309.914,0.6464646978815476,0.1613176180161948,1.048294869739479
0.16383,0.11809569,52293.688,0.6464646978815476,0.16740510756423344,1.0479696993987977
0.16383,0.11962645,52278.02,0.6464646978815476,0.17349259711227202,1.0476557114228455
0.16383,0.12115719,52262.996,0.6464646978815476,0.17958000712479172,1.047354629258517
0.16383,0.12268794,52248.598,0.6464646978815476,0.18566745690507086,1.0470660921843686
0.16383,0.12421869,52234.945,0.6464646978815476,0.19175490668535006,1.04679248496994
0.16383,0.12574944,52221.926,0.6464646978815476,0.19784235646562914,1.0465315831663327
0.16383,0.12728021,52209.75,0.6464646978815476,0.2039298857814273,1.0462875751503007
0.16383,0.12881094,52198.16,0.6464646978815476,0.21001725602618754,1.0460553106212425
0.16383,0.13034171,52187.531,0.6464646978815476,0.21610478534198557,1.0458423046092185
0.16383,0.13187183,52177.43,0.6464646978815476,0.22218972975341833,1.045639879759519
0.16383,0.13330159,52168.695,0.6464646978815476,0.22787556493084896,1.0454648296593185
0.16383,0.13454486,52161.789,0.6464646978815476,0.23281977116199554,1.0453264328657315
0.16383,0.13562597,52156.02,0.6464646978815476,0.23711910340563933,1.0452108216432865
0.16383,0.13656607,52151.422,0.6464646978815476,0.240857670473051,1.0451186773547094
0.16383,0.13738354,52147.57,0.6464646978815476,0.2441085655061294,1.0450414829659318
0.16383,0.13809437,52144.441,0.6464646978815476,0.24693537715226088,1.0449787775551103
0.16383,0.1387125,52141.812,0.6464646978815476,0.2493935416681413,1.0449260921843686
0.16383,0.13925001,52139.617,0.6464646978815476,0.2515310985072058,1.0448821042084169
0.16636999,0.01275,52182.254,0.6565656690181872,-0.25153109850720584,1.0457365531062124
0.16636999,0.0132875,52184.906,0.6565656690181872,-0.24939358143590085,1.0457896993987976
0.16636999,0.013905625,52188.078,0.6565656690181872,-0.24693543680390018,1.0458532665330662
0.16636999,0.014616469,52191.832,0.6565656690181872,-0.2441085694829054,1.045928496993988
0.16636999,0.01543394,52196.438,0.6565656690181872,-0.24085767047305104,1.0460208016032064
0.16636999,0.016374029,52201.902,0.6565656690181872,-0.23711914715017476,1.0461303006012024
0.16636999,0.017455135,52208.727,0.6565656690181872,-0.23281983081363486,1.0462670741482967
0.16636999,0.018698405,52216.844,0.6565656690181872,-0.22787562458248825,1.046429739478958
0.16636999,0.020128164,52227.062,0.6565656690181872,-0.22218979338183356,1.046634509018036
0.16636999,0.021658298,52238.816,0.6565656690181872,-0.21610479329553753,1.0468700601202405
0.16636999,0.023189049,52251.121,0.6565656690181872,-0.21001733953848242,1.0471166533066132
0.16636999,0.024719801,52264.484,0.6565656690181872,-0.2039298818046514,1.0473844488977955
0.16636999,0.026250554,52278.457,0.6565656690181872,-0.19784242009404443,1.0476644689378758
0.16636999,0.027781306,52293.336,0.6565656690181872,-0.19175496236021336,1.0479626452905813
0.16636999,0.029312057,52308.867,0.6565656690181872,-0.18566750860315825,1.048273887775551
0.16636999,0.030842811,52325.18,0.6565656690181872,-0.17958004291577534,1.0486008016032065
0.16636999,0.032373562,52342.102,0.6565656690181872,-0.1734925891587202,1.0489399198396794
0.16636999,0.033904314,52359.664,0.6565656690181872,-0.1674051314248892,1.0492918637274549
0.16636999,0.035435066,52377.73,0.6565656690181872,-0.16131767369105812,1.0496539078156313
0.16636999,0.036965817,52396.25,0.6565656690181872,-0.15523021993400304,1.0500250501002004
0.16636999,0.038496573,52415.098,0.6565656690181872,-0.1491427462930682,1.0504027655310622
0.16636999,0.040027324,52434.172,0.6565656690181872,-0.1430552925360131,1.05078501002004
0.16636999,0.041558076,52453.336,0.6565656690181872,-0.13696783480218205,1.0511690581162325
0.16636999,0.043088827,52472.473,0.6565656690181872,-0.13088038104512695,1.0515525651302604
0.16636999,0.044619579,52491.441,0.6565656690181872,-0.12479292331129592,1.0519326853707414
0.16636999,0.046150334,52510.102,0.6565656690181872,-0.11870545364713703,1.0523066533066132
0.16636999,0.047681086,52528.324,0.6565656690181872,-0.112617995913306,1.0526718236472945
0.16636999,0.049211837,52545.977,0.6565656690181872,-0.1065305421562509,1.0530255911823647
0.16636999,0.050742589,52562.941,0.6565656690181872,-0.10044308442241985,1.0533655511022044
0.16636999,0.052273341,52579.105,0.6565656690181872,-0.0943556266885888,1.0536894789579159
0.16636999,0.053804092,52594.383,0.6565656690181872,-0.08826817293153372,1.0539956513026052
0.16636999,0.055334844,52608.695,0.6565656690181872,-0.08218071519770266,1.0542824649298597
0.16636999,0.056865599,52621.992,0.6565656690181872,-0.07609324553354377,1.0545489378757515
0.16636999,0.058396351,52634.227,0.6565656690181872,-0.07000578779971274,1.054794128256513
0.16636999,0.059927102,52645.375,0.6565656690181872,-0.06391833404265762,1.0550175350701403
0.16636999,0.061457854,52655.434,0.6565656690181872,-0.05783087630882659,1.055219118236473
0.16636999,0.062988609,52664.402,0.6565656690181872,-0.0517434066446677,1.0553988376753507
0.16636999,0.064519361,52672.297,0.6565656690181872,-0.04565594891083667,1.0555570541082164
0.16636999,0.066050112,52679.129,0.6565656690181872,-0.03956849515378159,1.0556939679358717
0.16636999,0.067580864,52684.93,0.6565656690181872,-0.033481037419950496,1.0558102204408817
0.16636999,0.069111615,52689.719,0.6565656690181872,-0.027393583662895415,1.0559061923847695
0.16636999,0.070642367,52693.516,0.6565656690181872,-0.021306125929064383,1.0559822845691385
0.16636999,0.072173119,52696.344,0.6565656690181872,-0.015218668195233353,1.0560389579158316
0.16636999,0.07370387,52698.215,0.6565656690181872,-0.009131214438178213,1.0560764529058115
0.16636999,0.075234622,52699.145,0.6565656690181872,-0.003043756704347182,1.0560950901803607
0.16636999,0.076765373,52699.145,0.6565656690181872,0.0030436970527079037,1.0560950901803607
0.16636999,0.078296125,52698.211,0.6565656690181872,0.009131154786538934,1.056076372745491
0.16636999,0.079826877,52696.336,0.6565656690181872,0.015218612520370019,1.0560387975951904
0.16636999,0.081357636,52693.508,0.6565656690181872,0.021306098091632662,1.055982124248497
0.16636999,0.082888387,52689.711,0.6565656690181872,0.027393551848687747,1.0559060320641283
0.16636999,0.084419131,52684.918,0.6565656690181872,0.03348097776831122,1.0558099799599199
0.16636999,0.08594989,52679.117,0.6565656690181872,0.039568463339573916,1.0556937274549099
0.16636999,0.087480649,52672.281,0.6565656690181872,0.04565594891083656,1.055556733466934
0.16636999,0.089011393,52664.387,0.6565656690181872,0.051743374830460036,1.0553985370741483
0.16636999,0.090542138,52655.418,0.6565656690181872,0.057830804726859454,1.0552187975951903
0.16636999,0.092072897,52645.355,0.6565656690181872,0.06391829029812215,1.055017134268537
0.16636999,0.093603656,52634.203,0.6565656690181872,0.07000577586938479,1.0547936472945891
0.16636999,0.0951344,52621.969,0.6565656690181872,0.07609320178900826,1.0545484769539077
0.16636999,0.096665144,52608.672,0.6565656690181872,0.08218062770863174,1.054282004008016
0.16636999,0.09819591,52594.355,0.6565656690181872,0.08826814111732605,1.0539950901803607
0.16636999,0.099726662,52579.074,0.6565656690181872,0.09435559885115707,1.0536888577154309
0.16636999,0.10125741,52562.906,0.6565656690181872,0.10044304067788438,1.0533648496993988
0.16636999,0.10278817,52545.941,0.6565656690181872,0.10653053022592297,1.0530248697394788
0.16636999,0.10431892,52528.285,0.6565656690181872,0.11261798000620211,1.0526710420841685
0.16636999,0.10584967,52510.062,0.6565656690181872,0.11870542978648131,1.0523058517034067
0.16636999,0.10738042,52491.398,0.6565656690181872,0.12479287956676045,1.0519318236472945
0.16636999,0.10891117,52472.43,0.6565656690181872,0.13088032934703958,1.0515517034068136
0.16636999,0.11044192,52453.293,0.6565656690181872,0.13696777912731872,1.0511681963927855
0.16636999,0.11197267,52434.121,0.6565656690181872,0.14305522890759786,1.050783987975952
0.16636999,0.11350343,52415.047,0.6565656690181872,0.1491427184556365,1.050401743486974
0.16636999,0.11503418,52396.203,0.6565656690181872,0.15523016823591565,1.050024108216433
0.16636999,0.11656493,52377.684,0.6565656690181872,0.1613176180161948,1.049652985971944
0.16636999,0.11809569,52359.617,0.6565656690181872,0.16740510756423344,1.0492909218436874
0.16636999,0.11962645,52342.059,0.6565656690181872,0.17349259711227202,1.0489390581162326
0.16636999,0.12115719,52325.133,0.6565656690181872,0.17958000712479172,1.0485998597194388
0.16636999,0.12268794,52308.824,0.6565656690181872,0.18566745690507086,1.0482730260521043
0.16636999,0.12421869,52293.297,0.6565656690181872,0.19175490668535006,1.0479618637274548
0.16636999,0.12574944,52278.418,0.6565656690181872,0.19784235646562914,1.0476636873747494
0.16636999,0.12728021,52264.449,0.6565656690181872,0.2039298857814273,1.04738374749499
0.16636999,0.12881094,52251.09,0.6565656690181872,0.21001725602618754,1.0471160320641282
0.16636999,0.13034171,52238.789,0.6565656690181872,0.21610478534198557,1.0468695190380761
0.16636999,0.13187183,52227.035,0.6565656690181872,0.22218972975341833,1.0466339679358718
0.16636999,0.13330159,52216.82,0.6565656690181872,0.22787556493084896,1.046429258517034
0.16636999,0.13454486,52208.703,0.6565656690181872,0.23281977116199554,1.0462665931863728
0.16636999,0.13562597,52201.879,0.6565656690181872,0.23711910340563933,1.0461298396793588
0.16636999,0.13656607,52196.414,0.6565656690181872,0.240857670473051,1.0460203206412826
0.16636999,0.13738354,52191.805,0.6565656690181872,0.2441085655061294,1.0459279559118237
0.16636999,0.13809437,52188.055,0.6565656690181872,0.24693537715226088,1.0458528056112224
0.16636999,0.1387125,52184.879,0.6565656690181872,0.2493935416681413,1.0457891583166332
0.16636999,0.13925001,52182.227,0.6565656690181872,0.2515310985072058,1.045736012024048
0.16891,0.01275,52225.23,0.666666719690346,-0.25153109850720584,1.0465977955911825
0.16891,0.0132875,52228.32,0.666666719690346,-0.24939358143590085,1.0466597194388778
0.16891,0.013905625,52232.02,0.666666719690346,-0.24693543680390018,1.046733867735471
0.16891,0.014616469,52236.367,0.666666719690346,-0.2441085694829054,1.0468209819639278
0.16891,0.01543394,52241.695,0.666666719690346,-0.24085767047305104,1.0469277555110221
0.16891,0.016374029,52247.977,0.666666719690346,-0.23711914715017476,1.047053647294589
0.16891,0.017455135,52255.797,0.666666719690346,-0.23281983081363486,1.047210360721443
0.16891,0.018698405,52265.051,0.666666719690346,-0.22787562458248825,1.0473958116232465
0.16891,0.020128164,52276.648,0.666666719690346,-0.22218979338183356,1.0476282164328659
0.16891,0.021658298,52289.93,0.666666719690346,-0.21610479329553753,1.0478943887775551
0.16891,0.023189049,52303.773,0.666666719690346,-0.21001733953848242,1.0481718036072145
0.16891,0.024719801,52318.754,0.666666719690346,-0.2039298818046514,1.0484720240480963
0.16891,0.026250554,52334.355,0.666666719690346,-0.19784242009404443,1.0487846693386773
0.16891,0.027781306,52350.918,0.666666719690346,-0.19175496236021336,1.0491165931863726
0.16891,0.029312057,52368.121,0.666666719690346,-0.18566750860315825,1.0494613426853707
0.16891,0.030842811,52386.121,0.666666719690346,-0.17958004291577534,1.0498220641282565
0.16891,0.032373562,52404.699,0.666666719690346,-0.1734925891587202,1.050194368737475
0.16891,0.033904314,52423.883,0.666666719690346,-0.1674051314248892,1.0505788176352706
0.16891,0.035435066,52443.492,0.666666719690346,-0.16131767369105812,1.0509717835671342
0.16891,0.036965817,52463.473,0.666666719690346,-0.15523021993400304,1.0513722044088176
0.16891,0.038496573,52483.652,0.666666719690346,-0.1491427462930682,1.0517765931863727
0.16891,0.040027324,52503.922,0.666666719690346,-0.1430552925360131,1.0521828056112223
0.16891,0.041558076,52524.109,0.666666719690346,-0.13696783480218205,1.0525873547094187
0.16891,0.043088827,52544.074,0.666666719690346,-0.13088038104512695,1.0529874549098197
0.16891,0.044619579,52563.652,0.666666719690346,-0.12479292331129592,1.0533797995991985
0.16891,0.046150334,52582.695,0.666666719690346,-0.11870545364713703,1.0537614228456913
0.16891,0.047681086,52601.059,0.666666719690346,-0.112617995913306,1.0541294388777556
0.16891,0.049211837,52618.609,0.666666719690346,-0.1065305421562509,1.054481142284569
0.16891,0.050742589,52635.23,0.666666719690346,-0.10044308442241985,1.054814228456914
0.16891,0.052273341,52650.828,0.666666719690346,-0.0943556266885888,1.0551268136272545
0.16891,0.053804092,52665.332,0.666666719690346,-0.08826817293153372,1.0554174749499
0.16891,0.055334844,52678.691,0.666666719690346,-0.08218071519770266,1.0556851903807616
0.16891,0.056865599,52690.879,0.666666719690346,-0.07609324553354377,1.0559294388777556
0.16891,0.058396351,52701.891,0.666666719690346,-0.07000578779971274,1.056150120240481
0.16891,0.059927102,52711.734,0.666666719690346,-0.06391833404265762,1.056347374749499
0.16891,0.061457854,52720.441,0.666666719690346,-0.05783087630882659,1.056521863727455
0.16891,0.062988609,52728.043,0.666666719690346,-0.0517434066446677,1.0566742084168337
0.16891,0.064519361,52734.59,0.666666719690346,-0.04565594891083667,1.0568054108216431
0.16891,0.066050112,52740.137,0.666666719690346,-0.03956849515378159,1.0569165731462926
0.16891,0.067580864,52744.742,0.666666719690346,-0.033481037419950496,1.0570088577154308
0.16891,0.069111615,52748.465,0.666666719690346,-0.027393583662895415,1.0570834669338676
0.16891,0.070642367,52751.359,0.666666719690346,-0.021306125929064383,1.0571414629258515
0.16891,0.072173119,52753.48,0.666666719690346,-0.015218668195233353,1.0571839679358719
0.16891,0.07370387,52754.867,0.666666719690346,-0.009131214438178213,1.0572117635270541
0.16891,0.075234622,52755.551,0.666666719690346,-0.003043756704347182,1.0572254709418838
0.16891,0.076765373,52755.547,0.666666719690346,0.0030436970527079037,1.0572253907815632
0.16891,0.078296125,52754.859,0.666666719690346,0.009131154786538934,1.0572116032064127
0.16891,0.079826877,52753.469,0.666666719690346,0.015218612520370019,1.05718374749499
0.16891,0.081357636,52751.34,0.666666719690346,0.021306098091632662,1.0571410821643286
0.16891,0.082888387,52748.441,0.666666719690346,0.027393551848687747,1.057082985971944
0.16891,0.084419131,52744.715,0.666666719690346,0.03348097776831122,1.0570083166332664
0.16891,0.08594989,52740.109,0.666666719690346,0.039568463339573916,1.056916012024048
0.16891,0.087480649,52734.555,0.666666719690346,0.04565594891083656,1.0568047094188378
0.16891,0.089011393,52728.008,0.666666719690346,0.051743374830460036,1.056673507014028
0.16891,0.090542138,52720.402,0.666666719690346,0.057830804726859454,1.0565210821643287
0.16891,0.092072897,52711.699,0.666666719690346,0.06391829029812215,1.0563466733466933
0.16891,0.093603656,52701.852,0.666666719690346,0.07000577586938479,1.0561493386773546
0.16891,0.0951344,52690.84,0.666666719690346,0.07609320178900826,1.0559286573146291
0.16891,0.096665144,52678.648,0.666666719690346,0.08218062770863174,1.0556843286573145
0.16891,0.09819591,52665.289,0.666666719690346,0.08826814111732605,1.0554166132264529
0.16891,0.099726662,52650.781,0.666666719690346,0.09435559885115707,1.055125871743487
0.16891,0.10125741,52635.184,0.666666719690346,0.10044304067788438,1.0548133066132264
0.16891,0.10278817,52618.559,0.666666719690346,0.10653053022592297,1.0544801402805613
0.16891,0.10431892,52601.004,0.666666719690346,0.11261798000620211,1.0541283366733467
0.16891,0.10584967,52582.641,0.666666719690346,0.11870542978648131,1.0537603406813627
0.16891,0.10738042,52563.594,0.666666719690346,0.12479287956676045,1.053378637274549
0.16891,0.10891117,52544.012,0.666666719690346,0.13088032934703958,1.0529862124248497
0.16891,0.11044192,52524.047,0.666666719690346,0.13696777912731872,1.0525861122244489
0.16891,0.11197267,52503.855,0.666666719690346,0.14305522890759786,1.0521814629258517
0.16891,0.11350343,52483.586,0.666666719690346,0.1491427184556365,1.0517752705410823
0.16891,0.11503418,52463.406,0.666666719690346,0.15523016823591565,1.051370861723447
0.16891,0.11656493,52443.426,0.666666719690346,0.1613176180161948,1.0509704609218438
0.16891,0.11809569,52423.816,0.666666719690346,0.16740510756423344,1.0505774749498997
0.16891,0.11962645,52404.633,0.666666719690346,0.17349259711227202,1.0501930460921844
0.16891,0.12115719,52386.059,0.666666719690346,0.17958000712479172,1.0498208216432865
0.16891,0.12268794,52368.062,0.666666719690346,0.18566745690507086,1.0494601603206413
0.16891,0.12421869,52350.859,0.666666719690346,0.19175490668535006,1.0491154108216432
0.16891,0.12574944,52334.305,0.666666719690346,0.19784235646562914,1.0487836673346693
0.16891,0.12728021,52318.707,0.666666719690346,0.2039298857814273,1.0484710821643286
0.16891,0.12881094,52303.73,0.666666719690346,0.21001725602618754,1.0481709418837677
0.16891,0.13034171,52289.891,0.666666719690346,0.21610478534198557,1.047893607214429
0.16891,0.13187183,52276.613,0.666666719690346,0.22218972975341833,1.04762751503006
0.16891,0.13330159,52265.016,0.666666719690346,0.22787556493084896,1.0473951102204409
0.16891,0.13454486,52255.766,0.666666719690346,0.23281977116199554,1.047209739478958
0.16891,0.13562597,52247.949,0.666666719690346,0.23711910340563933,1.0470530861723446
0.16891,0.13656607,52241.664,0.666666719690346,0.240857670473051,1.0469271342685371
0.16891,0.13738354,52236.34,0.666666719690346,0.2441085655061294,1.0468204408817634
0.16891,0.13809437,52231.992,0.666666719690346,0.24693537715226088,1.0467333066132265
0.16891,0.1387125,52228.293,0.666666719690346,0.2493935416681413,1.0466591783567134
0.16891,0.13925001,52225.199,0.666666719690346,0.2515310985072058,1.0465971743486975
0.17144999,0.01275,52268.168,0.6767676908269856,-0.25153109850720584,1.0474582765531062
0.17144999,0.0132875,52271.668,0.6767676908269856,-0.24939358143590085,1.0475284168336674
0.17144999,0.013905625,52275.852,0.6767676908269856,-0.24693543680390018,1.0476122645290582
0.17144999,0.014616469,52280.746,0.6767676908269856,-0.2441085694829054,1.0477103406813628
0.17144999,0.01543394,52286.73,0.6767676908269856,-0.24085767047305104,1.0478302605210421
0.17144999,0.016374029,52293.754,0.6767676908269856,-0.23711914715017476,1.047971022044088
0.17144999,0.017455135,52302.469,0.6767676908269856,-0.23281983081363486,1.0481456713426853
0.17144999,0.018698405,52312.734,0.6767676908269856,-0.22787562458248825,1.048351382765531
0.17144999,0.020128164,52325.551,0.6767676908269856,-0.22218979338183356,1.0486082364729459
0.17144999,0.021658298,52340.168,0.6767676908269856,-0.21610479329553753,1.0489011623246494
0.17144999,0.023189049,52355.34,0.6767676908269856,-0.21001733953848242,1.0492052104208416
0.17144999,0.024719801,52371.707,0.6767676908269856,-0.2039298818046514,1.0495332064128258
0.17144999,0.026250554,52388.672,0.6767676908269856,-0.19784242009404443,1.0498731863727455
0.17144999,0.027781306,52406.625,0.6767676908269856,-0.19175496236021336,1.0502329659318637
0.17144999,0.029312057,52425.188,0.6767676908269856,-0.18566750860315825,1.0506049699398798
0.17144999,0.030842811,52444.531,0.6767676908269856,-0.17958004291577534,1.0509926052104208
0.17144999,0.032373562,52464.391,0.6767676908269856,-0.1734925891587202,1.0513906012024048
0.17144999,0.033904314,52484.793,0.6767676908269856,-0.1674051314248892,1.0517994589178357
0.17144999,0.035435066,52505.523,0.6767676908269856,-0.16131767369105812,1.0522148897795591
0.17144999,0.036965817,52526.508,0.6767676908269856,-0.15523021993400304,1.0526354308617234
0.17144999,0.038496573,52547.551,0.6767676908269856,-0.1491427462930682,1.053057134268537
0.17144999,0.040027324,52568.527,0.6767676908269856,-0.1430552925360131,1.05347749498998
0.17144999,0.041558076,52589.234,0.6767676908269856,-0.13696783480218205,1.0538924649298596
0.17144999,0.043088827,52609.52,0.6767676908269856,-0.13088038104512695,1.054298997995992
0.17144999,0.044619579,52629.199,0.6767676908269856,-0.12479292331129592,1.054693366733467
0.17144999,0.046150334,52648.121,0.6767676908269856,-0.11870545364713703,1.0550725651302606
0.17144999,0.047681086,52666.129,0.6767676908269856,-0.112617995913306,1.0554334468937876
0.17144999,0.049211837,52683.098,0.6767676908269856,-0.1065305421562509,1.055773507014028
0.17144999,0.050742589,52698.926,0.6767676908269856,-0.10044308442241985,1.0560907014028056
0.17144999,0.052273341,52713.535,0.6767676908269856,-0.0943556266885888,1.0563834669338679
0.17144999,0.053804092,52726.879,0.6767676908269856,-0.08826817293153372,1.0566508817635272
0.17144999,0.055334844,52738.922,0.6767676908269856,-0.08218071519770266,1.0568922244488979
0.17144999,0.056865599,52749.672,0.6767676908269856,-0.07609324553354377,1.0571076553106211
0.17144999,0.058396351,52759.148,0.6767676908269856,-0.07000578779971274,1.0572975551102204
0.17144999,0.059927102,52767.402,0.6767676908269856,-0.06391833404265762,1.0574629659318637
0.17144999,0.061457854,52774.496,0.6767676908269856,-0.05783087630882659,1.057605130260521
0.17144999,0.062988609,52780.508,0.6767676908269856,-0.0517434066446677,1.057725611222445
0.17144999,0.064519361,52785.527,0.6767676908269856,-0.04565594891083667,1.0578261923847696
0.17144999,0.066050112,52789.648,0.6767676908269856,-0.03956849515378159,1.0579087775551101
0.17144999,0.067580864,52792.961,0.6767676908269856,-0.033481037419950496,1.0579751703406814
0.17144999,0.069111615,52795.559,0.6767676908269856,-0.027393583662895415,1.0580272344689379
0.17144999,0.070642367,52797.523,0.6767676908269856,-0.021306125929064383,1.0580665931863729
0.17144999,0.072173119,52798.926,0.6767676908269856,-0.015218668195233353,1.0580947094188378
0.17144999,0.07370387,52799.824,0.6767676908269856,-0.009131214438178213,1.0581127054108217
0.17144999,0.075234622,52800.258,0.6767676908269856,-0.003043756704347182,1.0581214028056112
0.17144999,0.076765373,52800.254,0.6767676908269856,0.0030436970527079037,1.0581213226452906
0.17144999,0.078296125,52799.809,0.6767676908269856,0.009131154786538934,1.0581124048096193
0.17144999,0.079826877,52798.902,0.6767676908269856,0.015218612520370019,1.058094228456914
0.17144999,0.081357636,52797.492,0.6767676908269856,0.021306098091632662,1.0580659719438879
0.17144999,0.082888387,52795.523,0.6767676908269856,0.027393551848687747,1.0580265130260522
0.17144999,0.084419131,52792.918,0.6767676908269856,0.03348097776831122,1.0579743086172344
0.17144999,0.08594989,52789.598,0.6767676908269856,0.039568463339573916,1.0579077755511022
0.17144999,0.087480649,52785.477,0.6767676908269856,0.04565594891083656,1.0578251903807614
0.17144999,0.089011393,52780.457,0.6767676908269856,0.051743374830460036,1.0577245891783567
0.17144999,0.090542138,52774.441,0.6767676908269856,0.057830804726859454,1.0576040280561123
0.17144999,0.092072897,52767.348,0.6767676908269856,0.06391829029812215,1.0574618837675351
0.17144999,0.093603656,52759.094,0.6767676908269856,0.07000577586938479,1.0572964729458918
0.17144999,0.0951344,52749.617,0.6767676908269856,0.07609320178900826,1.0571065531062125
0.17144999,0.096665144,52738.867,0.6767676908269856,0.08218062770863174,1.056891122244489
0.17144999,0.09819591,52726.82,0.6767676908269856,0.08826814111732605,1.0566496993987975
0.17144999,0.099726662,52713.48,0.6767676908269856,0.09435559885115707,1.056382364729459
0.17144999,0.10125741,52698.867,0.6767676908269856,0.10044304067788438,1.0560895190380761
0.17144999,0.10278817,52683.039,0.6767676908269856,0.10653053022592297,1.0557723246492985
0.17144999,0.10431892,52666.066,0.6767676908269856,0.11261798000620211,1.0554321843687375
0.17144999,0.10584967,52648.055,0.6767676908269856,0.11870542978648131,1.05507124248497
0.17144999,0.10738042,52629.133,0.6767676908269856,0.12479287956676045,1.0546920440881764
0.17144999,0.10891117,52609.449,0.6767676908269856,0.13088032934703958,1.0542975751503005
0.17144999,0.11044192,52589.16,0.6767676908269856,0.13696777912731872,1.053890981963928
0.17144999,0.11197267,52568.449,0.6767676908269856,0.14305522890759786,1.0534759318637275
0.17144999,0.11350343,52547.477,0.6767676908269856,0.1491427184556365,1.0530556513026053
0.17144999,0.11503418,52526.43,0.6767676908269856,0.15523016823591565,1.052633867735471
0.17144999,0.11656493,52505.441,0.6767676908269856,0.1613176180161948,1.0522132464929859
0.17144999,0.11809569,52484.715,0.6767676908269856,0.16740510756423344,1.051797895791583
0.17144999,0.11962645,52464.312,0.6767676908269856,0.17349259711227202,1.051389018036072
0.17144999,0.12115719,52444.457,0.6767676908269856,0.17958000712479172,1.050991122244489
0.17144999,0.12268794,52425.117,0.6767676908269856,0.18566745690507086,1.0506035470941884
0.17144999,0.12421869,52406.559,0.6767676908269856,0.19175490668535006,1.0502316432865733
0.17144999,0.12574944,52388.609,0.6767676908269856,0.19784235646562914,1.0498719238476952
0.17144999,0.12728021,52371.648,0.6767676908269856,0.2039298857814273,1.0495320240480963
0.17144999,0.12881094,52355.285,0.6767676908269856,0.21001725602618754,1.049204108216433
0.17144999,0.13034171,52340.121,0.6767676908269856,0.21610478534198557,1.0489002204408817
0.17144999,0.13187183,52325.508,0.6767676908269856,0.22218972975341833,1.048607374749499
0.17144999,0.13330159,52312.691,0.6767676908269856,0.22787556493084896,1.048350521042084
0.17144999,0.13454486,52302.43,0.6767676908269856,0.23281977116199554,1.048144889779559
0.17144999,0.13562597,52293.715,0.6767676908269856,0.23711910340563933,1.0479702404809619
0.17144999,0.13656607,52286.695,0.6767676908269856,0.240857670473051,1.0478295591182365
0.17144999,0.13738354,52280.711,0.6767676908269856,0.2441085655061294,1.0477096392785572
0.17144999,0.13809437,52275.816,0.6767676908269856,0.24693537715226088,1.0476115430861723
0.17144999,0.1387125,52271.633,0.6767676908269856,0.2493935416681413,1.0475277154308618
0.17144999,0.13925001,52268.133,0.6767676908269856,0.2515310985072058,1.0474575751503006
0.17399001,0.01275,52310.648,0.6868687812669038,-0.25153109850720584,1.0483095791583166
0.17399001,0.0132875,52314.512,0.6868687812669038,-0.24939358143590085,1.0483870140280562
0.17399001,0.013905625,52319.117,0.6868687812669038,-0.24693543680390018,1.0484792985971945
0.17399001,0.014616469,52324.488,0.6868687812669038,-0.2441085694829054,1.0485869338677354
0.17399001,0.01543394,52331.043,0.6868687812669038,-0.24085767047305104,1.0487182965931863
0.17399001,0.016374029,52338.707,0.6868687812669038,-0.23711914715017476,1.048871883767535
0.17399001,0.017455135,52348.184,0.6868687812669038,-0.23281983081363486,1.0490618036072143
0.17399001,0.018698405,52359.297,0.6868687812669038,-0.22787562458248825,1.049284509018036
0.17399001,0.020128164,52373.125,0.6868687812669038,-0.22218979338183356,1.049561623246493
0.17399001,0.021658298,52388.82,0.6868687812669038,-0.21610479329553753,1.0498761523046092
0.17399001,0.023189049,52405.039,0.6868687812669038,-0.21001733953848242,1.0502011823647295
0.17399001,0.024719801,52422.477,0.6868687812669038,-0.2039298818046514,1.0505506412825651
0.17399001,0.026250554,52440.465,0.6868687812669038,-0.19784242009404443,1.050911122244489
0.17399001,0.027781306,52459.434,0.6868687812669038,-0.19175496236021336,1.0512912625250501
0.17399001,0.029312057,52478.938,0.6868687812669038,-0.18566750860315825,1.051682124248497
0.17399001,0.030842811,52499.18,0.6868687812669038,-0.17958004291577534,1.0520877755511022
0.17399001,0.032373562,52519.84,0.6868687812669038,-0.1734925891587202,1.0525018036072145
0.17399001,0.033904314,52540.953,0.6868687812669038,-0.1674051314248892,1.0529249098196394
0.17399001,0.035435066,52562.262,0.6868687812669038,-0.16131767369105812,1.0533519438877756
0.17399001,0.036965817,52583.695,0.6868687812669038,-0.15523021993400304,1.0537814629258517
0.17399001,0.038496573,52605.023,0.6868687812669038,-0.1491427462930682,1.054208877755511
0.17399001,0.040027324,52626.109,0.6868687812669038,-0.1430552925360131,1.0546314428857715
0.17399001,0.041558076,52646.742,0.6868687812669038,-0.13696783480218205,1.0550449298597193
0.17399001,0.043088827,52666.754,0.6868687812669038,-0.13088038104512695,1.0554459719438878
0.17399001,0.044619579,52685.953,0.6868687812669038,-0.12479292331129592,1.0558307214428857
0.17399001,0.046150334,52704.188,0.6868687812669038,-0.11870545364713703,1.0561961523046093
0.17399001,0.047681086,52721.309,0.6868687812669038,-0.112617995913306,1.0565392585170341
0.17399001,0.049211837,52737.199,0.6868687812669038,-0.1065305421562509,1.0568576953907816
0.17399001,0.050742589,52751.77,0.6868687812669038,-0.10044308442241985,1.0571496993987974
0.17399001,0.052273341,52764.953,0.6868687812669038,-0.0943556266885888,1.0574138877755512
0.17399001,0.053804092,52776.73,0.6868687812669038,-0.08826817293153372,1.0576498997995993
0.17399001,0.055334844,52787.102,0.6868687812669038,-0.08218071519770266,1.057857755511022
0.17399001,0.056865599,52796.109,0.6868687812669038,-0.07609324553354377,1.058038256513026
0.17399001,0.058396351,52803.805,0.6868687812669038,-0.07000578779971274,1.0581924849699398
0.17399001,0.059927102,52810.285,0.6868687812669038,-0.06391833404265762,1.0583223446893788
0.17399001,0.061457854,52815.629,0.6868687812669038,-0.05783087630882659,1.0584294388777555
0.17399001,0.062988609,52819.969,0.6868687812669038,-0.0517434066446677,1.0585164128256512
0.17399001,0.064519361,52823.398,0.6868687812669038,-0.04565594891083667,1.0585851302605211
0.17399001,0.066050112,52826.055,0.6868687812669038,-0.03956849515378159,1.058638376753507
0.17399001,0.067580864,52828.0,0.6868687812669038,-0.033481037419950496,1.0586773547094188
0.17399001,0.069111615,52829.406,0.6868687812669038,-0.027393583662895415,1.0587055310621243
0.17399001,0.070642367,52830.387,0.6868687812669038,-0.021306125929064383,1.0587251903807615
0.17399001,0.072173119,52831.051,0.6868687812669038,-0.015218668195233353,1.058738496993988
0.17399001,0.07370387,52831.453,0.6868687812669038,-0.009131214438178213,1.0587465531062124
0.17399001,0.075234622,52831.648,0.6868687812669038,-0.003043756704347182,1.0587504609218437
0.17399001,0.076765373,52831.641,0.6868687812669038,0.0030436970527079037,1.0587503206412827
0.17399001,0.078296125,52831.441,0.6868687812669038,0.009131154786538934,1.0587463126252505
0.17399001,0.079826877,52831.023,0.6868687812669038,0.015218612520370019,1.0587379358717435
0.17399001,0.081357636,52830.355,0.6868687812669038,0.021306098091632662,1.0587245490981965
0.17399001,0.082888387,52829.363,0.6868687812669038,0.027393551848687747,1.0587046693386772
0.17399001,0.084419131,52827.949,0.6868687812669038,0.03348097776831122,1.0586763326653306
0.17399001,0.08594989,52826.0,0.6868687812669038,0.039568463339573916,1.0586372745490982
0.17399001,0.087480649,52823.34,0.6868687812669038,0.04565594891083656,1.0585839679358717
0.17399001,0.089011393,52819.91,0.6868687812669038,0.051743374830460036,1.058515230460922
0.17399001,0.090542138,52815.566,0.6868687812669038,0.057830804726859454,1.0584281763527055
0.17399001,0.092072897,52810.219,0.6868687812669038,0.06391829029812215,1.0583210220440882
0.17399001,0.093603656,52803.742,0.6868687812669038,0.07000577586938479,1.0581912224448897
0.17399001,0.0951344,52796.047,0.6868687812669038,0.07609320178900826,1.0580370140280562
0.17399001,0.096665144,52787.035,0.6868687812669038,0.08218062770863174,1.0578564128256513
0.17399001,0.09819591,52776.664,0.6868687812669038,0.08826814111732605,1.0576485771543085
0.17399001,0.099726662,52764.891,0.6868687812669038,0.09435559885115707,1.0574126452905812
0.17399001,0.10125741,52751.703,0.6868687812669038,0.10044304067788438,1.0571483567134268
0.17399001,0.10278817,52737.133,0.6868687812669038,0.10653053022592297,1.056856372745491
0.17399001,0.10431892,52721.238,0.6868687812669038,0.11261798000620211,1.0565378356713426
0.17399001,0.10584967,52704.113,0.6868687812669038,0.11870542978648131,1.0561946492985972
0.17399001,0.10738042,52685.879,0.6868687812669038,0.12479287956676045,1.0558292384769539
0.17399001,0.10891117,52666.676,0.6868687812669038,0.13088032934703958,1.0554444088176353
0.17399001,0.11044192,52646.664,0.6868687812669038,0.13696777912731872,1.0550433667334669
0.17399001,0.11197267,52626.031,0.6868687812669038,0.14305522890759786,1.054629879759519
0.17399001,0.11350343,52604.941,0.6868687812669038,0.1491427184556365,1.054207234468938
0.17399001,0.11503418,52583.613,0.6868687812669038,0.15523016823591565,1.0537798196392785
0.17399001,0.11656493,52562.176,0.6868687812669038,0.1613176180161948,1.0533502204408818
0.17399001,0.11809569,52540.867,0.6868687812669038,0.16740510756423344,1.0529231863727455
0.17399001,0.11962645,52519.758,0.6868687812669038,0.17349259711227202,1.0525001603206414
0.17399001,0.12115719,52499.098,0.6868687812669038,0.17958000712479172,1.052086132264529
0.17399001,0.12268794,52478.859,0.6868687812669038,0.18566745690507086,1.0516805410821644
0.17399001,0.12421869,52459.355,0.6868687812669038,0.19175490668535006,1.0512896793587174
0.17399001,0.12574944,52440.391,0.6868687812669038,0.19784235646562914,1.050909639278557
0.17399001,0.12728021,52422.406,0.6868687812669038,0.2039298857814273,1.0505492184368739
0.17399001,0.12881094,52404.977,0.6868687812669038,0.21001725602618754,1.0501999398797595
0.17399001,0.13034171,52388.762,0.6868687812669038,0.21610478534198557,1.04987498997996
0.17399001,0.13187183,52373.066,0.6868687812669038,0.22218972975341833,1.0495604408817636
0.17399001,0.13330159,52359.246,0.6868687812669038,0.22787556493084896,1.0492834869739478
0.17399001,0.13454486,52348.133,0.6868687812669038,0.23281977116199554,1.0490607815631263
0.17399001,0.13562597,52338.656,0.6868687812669038,0.23711910340563933,1.048870861723447
0.17399001,0.13656607,52330.996,0.6868687812669038,0.240857670473051,1.0487173547094188
0.17399001,0.13738354,52324.441,0.6868687812669038,0.2441085655061294,1.048585991983968
0.17399001,0.13809437,52319.07,0.6868687812669038,0.24693537715226088,1.0484783567134268
0.17399001,0.1387125,52314.469,0.6868687812669038,0.2493935416681413,1.0483861523046092
0.17399001,0.13925001,52310.605,0.6868687812669038,0.2515310985072058,1.0483087174348698
0.17653,0.01275,52352.25,0.6969697524035434,-0.25153109850720584,1.0491432865731463
0.17653,0.0132875,52356.414,0.6969697524035434,-0.24939358143590085,1.0492267334669338
0.17653,0.013905625,52361.359,0.6969697524035434,-0.24693543680390018,1.0493258316633265
0.17653,0.014616469,52367.117,0.6969697524035434,-0.2441085694829054,1.0494412224448897
0.17653,0.01543394,52374.129,0.6969697524035434,-0.24085767047305104,1.0495817434869739
0.17653,0.016374029,52382.297,0.6969697524035434,-0.23711914715017476,1.0497454308617233
0.17653,0.017455135,52392.375,0.6969697524035434,-0.23281983081363486,1.0499473947895792
0.17653,0.018698405,52404.133,0.6969697524035434,-0.22787562458248825,1.0501830260521043
0.17653,0.020128164,52418.711,0.6969697524035434,-0.22218979338183356,1.0504751703406814
0.17653,0.021658298,52435.184,0.6969697524035434,-0.21610479329553753,1.0508052905811625
0.17653,0.023189049,52452.121,0.6969697524035434,-0.21001733953848242,1.0511447094188378
0.17653,0.024719801,52470.25,0.6969697524035434,-0.2039298818046514,1.0515080160320642
0.17653,0.026250554,52488.855,0.6969697524035434,-0.19784242009404443,1.051880861723447
0.17653,0.027781306,52508.391,0.6969697524035434,-0.19175496236021336,1.052272364729459
0.17653,0.029312057,52528.363,0.6969697524035434,-0.18566750860315825,1.0526726052104207
0.17653,0.030842811,52548.984,0.6969697524035434,-0.17958004291577534,1.0530858517034067
0.17653,0.032373562,52569.902,0.6969697524035434,-0.1734925891587202,1.0535050501002003
0.17653,0.033904314,52591.148,0.6969697524035434,-0.1674051314248892,1.0539308216432866
0.17653,0.035435066,52612.438,0.6969697524035434,-0.16131767369105812,1.0543574749498998
0.17653,0.036965817,52633.691,0.6969697524035434,-0.15523021993400304,1.054783386773547
0.17653,0.038496573,52654.668,0.6969697524035434,-0.1491427462930682,1.05520376753507
0.17653,0.040027324,52675.223,0.6969697524035434,-0.1430552925360131,1.0556156913827655
0.17653,0.041558076,52695.133,0.6969697524035434,-0.13696783480218205,1.0560146893787576
0.17653,0.043088827,52714.242,0.6969697524035434,-0.13088038104512695,1.056397635270541
0.17653,0.044619579,52732.352,0.6969697524035434,-0.12479292331129592,1.0567605611222444
0.17653,0.046150334,52749.32,0.6969697524035434,-0.11870545364713703,1.057100601202405
0.17653,0.047681086,52764.996,0.6969697524035434,-0.112617995913306,1.057414749498998
0.17653,0.049211837,52779.297,0.6969697524035434,-0.1065305421562509,1.0577013426853707
0.17653,0.050742589,52792.145,0.6969697524035434,-0.10044308442241985,1.0579588176352706
0.17653,0.052273341,52803.504,0.6969697524035434,-0.0943556266885888,1.0581864529058116
0.17653,0.053804092,52813.383,0.6969697524035434,-0.08826817293153372,1.0583844288577156
0.17653,0.055334844,52821.789,0.6969697524035434,-0.08218071519770266,1.058552885771543
0.17653,0.056865599,52828.797,0.6969697524035434,-0.07609324553354377,1.0586933266533065
0.17653,0.058396351,52834.484,0.6969697524035434,-0.07000578779971274,1.0588072945891782
0.17653,0.059927102,52838.977,0.6969697524035434,-0.06391833404265762,1.0588973346693387
0.17653,0.061457854,52842.355,0.6969697524035434,-0.05783087630882659,1.0589650300601203
0.17653,0.062988609,52844.863,0.6969697524035434,-0.0517434066446677,1.0590152905811623
0.17653,0.064519361,52846.641,0.6969697524035434,-0.04565594891083667,1.0590509218436874
0.17653,0.066050112,52847.836,0.6969697524035434,-0.03956849515378159,1.059074869739479
0.17653,0.067580864,52848.633,0.6969697524035434,-0.033481037419950496,1.0590908416833669
0.17653,0.069111615,52849.137,0.6969697524035434,-0.027393583662895415,1.0591009418837676
0.17653,0.070642367,52849.422,0.6969697524035434,-0.021306125929064383,1.0591066533066131
0.17653,0.072173119,52849.547,0.6969697524035434,-0.015218668195233353,1.0591091583166332
0.17653,0.07370387,52849.586,0.6969697524035434,-0.009131214438178213,1.0591099398797597
0.17653,0.075234622,52849.586,0.6969697524035434,-0.003043756704347182,1.0591099398797597
0.17653,0.076765373,52849.578,0.6969697524035434,0.0030436970527079037,1.0591097795591182
0.17653,0.078296125,52849.57,0.6969697524035434,0.009131154786538934,1.059109619238477
0.17653,0.079826877,52849.523,0.6969697524035434,0.015218612520370019,1.0591086773547094
0.17653,0.081357636,52849.387,0.6969697524035434,0.021306098091632662,1.0591059519038077
0.17653,0.082888387,52849.098,0.6969697524035434,0.027393551848687747,1.0591001603206411
0.17653,0.084419131,52848.586,0.6969697524035434,0.03348097776831122,1.0590898997995992
0.17653,0.08594989,52847.789,0.6969697524035434,0.039568463339573916,1.0590739278557113
0.17653,0.087480649,52846.59,0.6969697524035434,0.04565594891083656,1.0590498997995992
0.17653,0.089011393,52844.809,0.6969697524035434,0.051743374830460036,1.0590142084168337
0.17653,0.090542138,52842.297,0.6969697524035434,0.057830804726859454,1.058963867735471
0.17653,0.092072897,52838.914,0.6969697524035434,0.06391829029812215,1.0588960721442886
0.17653,0.093603656,52834.422,0.6969697524035434,0.07000577586938479,1.0588060521042084
0.17653,0.0951344,52828.734,0.6969697524035434,0.07609320178900826,1.0586920641282564
0.17653,0.096665144,52821.723,0.6969697524035434,0.08218062770863174,1.0585515631262525
0.17653,0.09819591,52813.316,0.6969697524035434,0.08826814111732605,1.0583830861723447
0.17653,0.099726662,52803.438,0.6969697524035434,0.09435559885115707,1.0581851302605212
0.17653,0.10125741,52792.078,0.6969697524035434,0.10044304067788438,1.0579574749499
0.17653,0.10278817,52779.227,0.6969697524035434,0.10653053022592297,1.0576999398797595
0.17653,0.10431892,52764.926,0.6969697524035434,0.11261798000620211,1.0574133466933868
0.17653,0.10584967,52749.246,0.6969697524035434,0.11870542978648131,1.0570991182364728
0.17653,0.10738042,52732.277,0.6969697524035434,0.12479287956676045,1.0567590581162325
0.17653,0.10891117,52714.164,0.6969697524035434,0.13088032934703958,1.0563960721442884
0.17653,0.11044192,52695.055,0.6969697524035434,0.13696777912731872,1.056013126252505
0.17653,0.11197267,52675.145,0.6969697524035434,0.14305522890759786,1.055614128256513
0.17653,0.11350343,52654.586,0.6969697524035434,0.1491427184556365,1.055202124248497
0.17653,0.11503418,52633.609,0.6969697524035434,0.15523016823591565,1.054781743486974
0.17653,0.11656493,52612.352,0.6969697524035434,0.1613176180161948,1.054355751503006
0.17653,0.11809569,52591.062,0.6969697524035434,0.16740510756423344,1.0539290981963927
0.17653,0.11962645,52569.816,0.6969697524035434,0.17349259711227202,1.0535033266533065
0.17653,0.12115719,52548.902,0.6969697524035434,0.17958000712479172,1.0530842084168337
0.17653,0.12268794,52528.277,0.6969697524035434,0.18566745690507086,1.052670881763527
0.17653,0.12421869,52508.309,0.6969697524035434,0.19175490668535006,1.0522707214428857
0.17653,0.12574944,52488.777,0.6969697524035434,0.19784235646562914,1.0518792985971945
0.17653,0.12728021,52470.176,0.6969697524035434,0.2039298857814273,1.0515065330661322
0.17653,0.12881094,52452.047,0.6969697524035434,0.21001725602618754,1.0511432264529057
0.17653,0.13034171,52435.113,0.6969697524035434,0.21610478534198557,1.050803867735471
0.17653,0.13187183,52418.641,0.6969697524035434,0.22218972975341833,1.0504737675350702
0.17653,0.13330159,52404.07,0.6969697524035434,0.22787556493084896,1.050181763527054
0.17653,0.13454486,52392.309,0.6969697524035434,0.23281977116199554,1.0499460721442886
0.17653,0.13562597,52382.234,0.6969697524035434,0.23711910340563933,1.0497441683366733
0.17653,0.13656607,52374.07,0.6969697524035434,0.240857670473051,1.0495805611222444
0.17653,0.13738354,52367.059,0.6969697524035434,0.2441085655061294,1.0494400601202405
0.17653,0.13809437,52361.301,0.6969697524035434,0.24693537715226088,1.0493246693386773
0.17653,0.1387125,52356.355,0.6969697524035434,0.2493935416681413,1.0492255511022044
0.17653,0.13925001,52352.195,0.6969697524035434,0.2515310985072058,1.0491421843687374
0.17907001,0.01275,52392.582,0.7070708030757021,-0.25153109850720584,1.0499515430861723
0.17907001,0.0132875,52396.957,0.7070708030757021,-0.24939358143590085,1.0500392184368739
0.17907001,0.013905625,52402.156,0.7070708030757021,-0.24693543680390018,1.0501434068136273
0.17907001,0.014616469,52408.188,0.7070708030757021,-0.2441085694829054,1.0502642885771543
0.17907001,0.01543394,52415.523,0.7070708030757021,-0.24085767047305104,1.0504112825651304
0.17907001,0.016374029,52424.031,0.7070708030757021,-0.23711914715017476,1.0505817835671343
0.17907001,0.017455135,52434.508,0.7070708030757021,-0.23281983081363486,1.050791743486974
0.17907001,0.018698405,52446.684,0.7070708030757021,-0.22787562458248825,1.051035751503006
0.17907001,0.020128164,52461.715,0.7070708030757021,-0.22218979338183356,1.0513369739478957
0.17907001,0.021658298,52478.621,0.7070708030757021,-0.21610479329553753,1.0516757715430862
0.17907001,0.023189049,52495.902,0.7070708030757021,-0.21001733953848242,1.0520220841683368
0.17907001,0.024719801,52514.324,0.7070708030757021,-0.2039298818046514,1.0523912625250502
0.17907001,0.026250554,52533.109,0.7070708030757021,-0.19784242009404443,1.0527677154308617
0.17907001,0.027781306,52552.734,0.7070708030757021,-0.19175496236021336,1.0531610020040079
0.17907001,0.029312057,52572.672,0.7070708030757021,-0.18566750860315825,1.0535605611222445
0.17907001,0.030842811,52593.137,0.7070708030757021,-0.17958004291577534,1.0539706813627254
0.17907001,0.032373562,52613.738,0.7070708030757021,-0.1734925891587202,1.0543835270541082
0.17907001,0.033904314,52634.523,0.7070708030757021,-0.1674051314248892,1.0548000601202405
0.17907001,0.035435066,52655.172,0.7070708030757021,-0.16131767369105812,1.055213867735471
0.17907001,0.036965817,52675.621,0.7070708030757021,-0.15523021993400304,1.0556236673346693
0.17907001,0.038496573,52695.594,0.7070708030757021,-0.1491427462930682,1.0560239278557113
0.17907001,0.040027324,52714.965,0.7070708030757021,-0.1430552925360131,1.056412124248497
0.17907001,0.041558076,52733.512,0.7070708030757021,-0.13696783480218205,1.0567838076152305
0.17907001,0.043088827,52751.086,0.7070708030757021,-0.13088038104512695,1.057135991983968
0.17907001,0.044619579,52767.52,0.7070708030757021,-0.12479292331129592,1.0574653306613226
0.17907001,0.046150334,52782.688,0.7070708030757021,-0.11870545364713703,1.0577692985971945
0.17907001,0.047681086,52796.473,0.7070708030757021,-0.112617995913306,1.0580455511022044
0.17907001,0.049211837,52808.793,0.7070708030757021,-0.1065305421562509,1.0582924448897795
0.17907001,0.050742589,52819.582,0.7070708030757021,-0.10044308442241985,1.0585086573146294
0.17907001,0.052273341,52828.84,0.7070708030757021,-0.0943556266885888,1.0586941883767533
0.17907001,0.053804092,52836.547,0.7070708030757021,-0.08826817293153372,1.0588486372745491
0.17907001,0.055334844,52842.824,0.7070708030757021,-0.08218071519770266,1.0589744288577154
0.17907001,0.056865599,52847.832,0.7070708030757021,-0.07609324553354377,1.0590747895791583
0.17907001,0.058396351,52851.621,0.7070708030757021,-0.07000578779971274,1.0591507214428857
0.17907001,0.059927102,52854.348,0.7070708030757021,-0.06391833404265762,1.059205370741483
0.17907001,0.061457854,52856.211,0.7070708030757021,-0.05783087630882659,1.0592427054108218
0.17907001,0.062988609,52857.254,0.7070708030757021,-0.0517434066446677,1.0592636072144288
0.17907001,0.064519361,52857.695,0.7070708030757021,-0.04565594891083667,1.0592724448897795
0.17907001,0.066050112,52857.742,0.7070708030757021,-0.03956849515378159,1.059273386773547
0.17907001,0.067580864,52857.605,0.7070708030757021,-0.033481037419950496,1.0592706412825652
0.17907001,0.069111615,52857.316,0.7070708030757021,-0.027393583662895415,1.0592648496993988
0.17907001,0.070642367,52856.965,0.7070708030757021,-0.021306125929064383,1.0592578156312624
0.17907001,0.072173119,52856.629,0.7070708030757021,-0.015218668195233353,1.0592510821643286
0.17907001,0.07370387,52856.355,0.7070708030757021,-0.009131214438178213,1.0592455911823648
0.17907001,0.075234622,52856.199,0.7070708030757021,-0.003043756704347182,1.0592424649298597
0.17907001,0.076765373,52856.199,0.7070708030757021,0.0030436970527079037,1.0592424649298597
0.17907001,0.078296125,52856.348,0.7070708030757021,0.009131154786538934,1.0592454509018037
0.17907001,0.079826877,52856.609,0.7070708030757021,0.015218612520370019,1.0592506813627254
0.17907001,0.081357636,52856.941,0.7070708030757021,0.021306098091632662,1.0592573346693386
0.17907001,0.082888387,52857.289,0.7070708030757021,0.027393551848687747,1.0592643086172344
0.17907001,0.084419131,52857.574,0.7070708030757021,0.03348097776831122,1.0592700200400802
0.17907001,0.08594989,52857.703,0.7070708030757021,0.039568463339573916,1.0592726052104209
0.17907001,0.087480649,52857.656,0.7070708030757021,0.04565594891083656,1.0592716633266535
0.17907001,0.089011393,52857.211,0.7070708030757021,0.051743374830460036,1.059262745490982
0.17907001,0.090542138,52856.164,0.7070708030757021,0.057830804726859454,1.0592417635270541
0.17907001,0.092072897,52854.297,0.7070708030757021,0.06391829029812215,1.0592043486973948
0.17907001,0.093603656,52851.57,0.7070708030757021,0.07000577586938479,1.0591496993987977
0.17907001,0.0951344,52847.777,0.7070708030757021,0.07609320178900826,1.0590736873747495
0.17907001,0.096665144,52842.766,0.7070708030757021,0.08218062770863174,1.0589732665330662
0.17907001,0.09819591,52836.488,0.7070708030757021,0.08826814111732605,1.0588474549098197
0.17907001,0.099726662,52828.773,0.7070708030757021,0.09435559885115707,1.0586928456913829
0.17907001,0.10125741,52819.516,0.7070708030757021,0.10044304067788438,1.0585073346693388
0.17907001,0.10278817,52808.723,0.7070708030757021,0.10653053022592297,1.0582910420841682
0.17907001,0.10431892,52796.402,0.7070708030757021,0.11261798000620211,1.0580441282565132
0.17907001,0.10584967,52782.613,0.7070708030757021,0.11870542978648131,1.0577677955911824
0.17907001,0.10738042,52767.445,0.7070708030757021,0.12479287956676045,1.0574638276553106
0.17907001,0.10891117,52751.012,0.7070708030757021,0.13088032934703958,1.0571345090180362
0.17907001,0.11044192,52733.438,0.7070708030757021,0.13696777912731872,1.0567823246492987
0.17907001,0.11197267,52714.891,0.7070708030757021,0.14305522890759786,1.0564106412825651
0.17907001,0.11350343,52695.52,0.7070708030757021,0.1491427184556365,1.0560224448897795
0.17907001,0.11503418,52675.543,0.7070708030757021,0.15523016823591565,1.0556221042084168
0.17907001,0.11656493,52655.094,0.7070708030757021,0.1613176180161948,1.0552123046092183
0.17907001,0.11809569,52634.445,0.7070708030757021,0.16740510756423344,1.0547984969939879
0.17907001,0.11962645,52613.66,0.7070708030757021,0.17349259711227202,1.0543819639278558
0.17907001,0.12115719,52593.055,0.7070708030757021,0.17958000712479172,1.0539690380761524
0.17907001,0.12268794,52572.59,0.7070708030757021,0.18566745690507086,1.0535589178356712
0.17907001,0.12421869,52552.656,0.7070708030757021,0.19175490668535006,1.0531594388777556
0.17907001,0.12574944,52533.027,0.7070708030757021,0.19784235646562914,1.0527660721442886
0.17907001,0.12728021,52514.246,0.7070708030757021,0.2039298857814273,1.0523896993987976
0.17907001,0.12881094,52495.824,0.7070708030757021,0.21001725602618754,1.052020521042084
0.17907001,0.13034171,52478.539,0.7070708030757021,0.21610478534198557,1.051674128256513
0.17907001,0.13187183,52461.637,0.7070708030757021,0.22218972975341833,1.0513354108216433
0.17907001,0.13330159,52446.605,0.7070708030757021,0.22787556493084896,1.0510341683366735
0.17907001,0.13454486,52434.434,0.7070708030757021,0.23281977116199554,1.0507902605210422
0.17907001,0.13562597,52423.957,0.7070708030757021,0.23711910340563933,1.0505803006012024
0.17907001,0.13656607,52415.449,0.7070708030757021,0.240857670473051,1.0504097995991983
0.17907001,0.13738354,52408.117,0.7070708030757021,0.2441085655061294,1.050262865731463
0.17907001,0.13809437,52402.082,0.7070708030757021,0.24693537715226088,1.0501419238476954
0.17907001,0.1387125,52396.887,0.7070708030757021,0.2493935416681413,1.0500378156312626
0.17907001,0.13925001,52392.508,0.7070708030757021,0.2515310985072058,1.0499500601202405
0.18161,0.01275,52431.293,0.7171717742123418,-0.25153109850720584,1.0507273146292584
0.18161,0.0132875,52435.805,0.7171717742123418,-0.24939358143590085,1.0508177354709418
0.18161,0.013905625,52441.148,0.7171717742123418,-0.24693543680390018,1.0509248096192385
0.18161,0.014616469,52447.336,0.7171717742123418,-0.2441085694829054,1.0510488176352706
0.18161,0.01543394,52454.844,0.7171717742123418,-0.24085767047305104,1.0511992785571143
0.18161,0.016374029,52463.523,0.7171717742123418,-0.23711914715017476,1.0513732064128256
0.18161,0.017455135,52474.18,0.7171717742123418,-0.23281983081363486,1.0515867735470943
0.18161,0.018698405,52486.512,0.7171717742123418,-0.22787562458248825,1.0518339078156314
0.18161,0.020128164,52501.68,0.7171717742123418,-0.22218979338183356,1.052137875751503
0.18161,0.021658298,52518.656,0.7171717742123418,-0.21610479329553753,1.0524780761523047
0.18161,0.023189049,52535.914,0.7171717742123418,-0.21001733953848242,1.0528239278557114
0.18161,0.024719801,52554.219,0.7171717742123418,-0.2039298818046514,1.053190761523046
0.18161,0.026250554,52572.754,0.7171717742123418,-0.19784242009404443,1.0535622044088178
0.18161,0.027781306,52592.012,0.7171717742123418,-0.19175496236021336,1.0539481362725451
0.18161,0.029312057,52611.418,0.7171717742123418,-0.18566750860315825,1.0543370340681362
0.18161,0.030842811,52631.207,0.7171717742123418,-0.17958004291577534,1.0547336072144289
0.18161,0.032373562,52650.945,0.7171717742123418,-0.1734925891587202,1.0551291583166333
0.18161,0.033904314,52670.695,0.7171717742123418,-0.1674051314248892,1.0555249498997996
0.18161,0.035435066,52690.113,0.7171717742123418,-0.16131767369105812,1.0559140881763527
0.18161,0.036965817,52709.145,0.7171717742123418,-0.15523021993400304,1.056295490981964
0.18161,0.038496573,52727.52,0.7171717742123418,-0.1491427462930682,1.0566637274549098
0.18161,0.040027324,52745.133,0.7171717742123418,-0.1430552925360131,1.0570166933867735
0.18161,0.041558076,52761.758,0.7171717742123418,-0.13696783480218205,1.0573498597194388
0.18161,0.043088827,52777.277,0.7171717742123418,-0.13088038104512695,1.0576608617234469
0.18161,0.044619579,52791.551,0.7171717742123418,-0.12479292331129592,1.0579469138276554
0.18161,0.046150334,52804.504,0.7171717742123418,-0.11870545364713703,1.058206492985972
0.18161,0.047681086,52816.035,0.7171717742123418,-0.112617995913306,1.0584375751503006
0.18161,0.049211837,52826.047,0.7171717742123418,-0.1065305421562509,1.0586382164328656
0.18161,0.050742589,52834.641,0.7171717742123418,-0.10044308442241985,1.0588104408817636
0.18161,0.052273341,52841.758,0.7171717742123418,-0.0943556266885888,1.0589530661322646
0.18161,0.053804092,52847.52,0.7171717742123418,-0.08826817293153372,1.0590685370741482
0.18161,0.055334844,52851.965,0.7171717742123418,-0.08218071519770266,1.059157615230461
0.18161,0.056865599,52855.141,0.7171717742123418,-0.07609324553354377,1.0592212625250501
0.18161,0.058396351,52857.254,0.7171717742123418,-0.07000578779971274,1.0592636072144288
0.18161,0.059927102,52858.516,0.7171717742123418,-0.06391833404265762,1.0592888977955912
0.18161,0.061457854,52859.277,0.7171717742123418,-0.05783087630882659,1.0593041482965933
0.18161,0.062988609,52859.266,0.7171717742123418,-0.0517434066446677,1.0593039278557115
0.18161,0.064519361,52858.703,0.7171717742123418,-0.04565594891083667,1.059292645290581
0.18161,0.066050112,52857.848,0.7171717742123418,-0.03956849515378159,1.059275511022044
0.18161,0.067580864,52856.59,0.7171717742123418,-0.033481037419950496,1.0592503006012024
0.18161,0.069111615,52855.223,0.7171717742123418,-0.027393583662895415,1.0592229058116231
0.18161,0.070642367,52853.988,0.7171717742123418,-0.021306125929064383,1.0591981563126251
0.18161,0.072173119,52852.988,0.7171717742123418,-0.015218668195233353,1.059178116232465
0.18161,0.07370387,52852.301,0.7171717742123418,-0.009131214438178213,1.0591643486973947
0.18161,0.075234622,52851.957,0.7171717742123418,-0.003043756704347182,1.0591574549098197
0.18161,0.076765373,52851.957,0.7171717742123418,0.0030436970527079037,1.0591574549098197
0.18161,0.078296125,52852.305,0.7171717742123418,0.009131154786538934,1.0591644288577153
0.18161,0.079826877,52852.996,0.7171717742123418,0.015218612520370019,1.0591782765531061
0.18161,0.081357636,52853.996,0.7171717742123418,0.021306098091632662,1.0591983166332666
0.18161,0.082888387,52855.227,0.7171717742123418,0.027393551848687747,1.059222985971944
0.18161,0.084419131,52856.586,0.7171717742123418,0.03348097776831122,1.0592502204408818
0.18161,0.08594989,52857.836,0.7171717742123418,0.039568463339573916,1.0592752705410822
0.18161,0.087480649,52858.684,0.7171717742123418,0.04565594891083656,1.0592922645290581
0.18161,0.089011393,52859.242,0.7171717742123418,0.051743374830460036,1.0593034468937876
0.18161,0.090542138,52859.246,0.7171717742123418,0.057830804726859454,1.0593035270541082
0.18161,0.092072897,52858.484,0.7171717742123418,0.06391829029812215,1.059288256513026
0.18161,0.093603656,52857.219,0.7171717742123418,0.07000577586938479,1.0592629058116232
0.18161,0.0951344,52855.098,0.7171717742123418,0.07609320178900826,1.059220400801603
0.18161,0.096665144,52851.918,0.7171717742123418,0.08218062770863174,1.0591566733466933
0.18161,0.09819591,52847.469,0.7171717742123418,0.08826814111732605,1.0590675150300601
0.18161,0.099726662,52841.703,0.7171717742123418,0.09435559885115707,1.0589519639278557
0.18161,0.10125741,52834.582,0.7171717742123418,0.10044304067788438,1.0588092585170341
0.18161,0.10278817,52825.98,0.7171717742123418,0.10653053022592297,1.0586368737474952
0.18161,0.10431892,52815.969,0.7171717742123418,0.11261798000620211,1.05843625250501
0.18161,0.10584967,52804.438,0.7171717742123418,0.11870542978648131,1.0582051703406814
0.18161,0.10738042,52791.48,0.7171717742123418,0.12479287956676045,1.0579454909819639
0.18161,0.10891117,52777.211,0.7171717742123418,0.13088032934703958,1.0576595390781565
0.18161,0.11044192,52761.688,0.7171717742123418,0.13696777912731872,1.0573484569138276
0.18161,0.11197267,52745.062,0.7171717742123418,0.14305522890759786,1.057015270541082
0.18161,0.11350343,52727.453,0.7171717742123418,0.1491427184556365,1.056662384769539
0.18161,0.11503418,52709.074,0.7171717742123418,0.15523016823591565,1.0562940681362725
0.18161,0.11656493,52690.043,0.7171717742123418,0.1613176180161948,1.0559126853707415
0.18161,0.11809569,52670.625,0.7171717742123418,0.16740510756423344,1.0555235470941884
0.18161,0.11962645,52650.875,0.7171717742123418,0.17349259711227202,1.0551277555110221
0.18161,0.12115719,52631.133,0.7171717742123418,0.17958000712479172,1.054732124248497
0.18161,0.12268794,52611.344,0.7171717742123418,0.18566745690507086,1.0543355511022043
0.18161,0.12421869,52591.934,0.7171717742123418,0.19175490668535006,1.0539465731462927
0.18161,0.12574944,52572.676,0.7171717742123418,0.19784235646562914,1.053560641282565
0.18161,0.12728021,52554.137,0.7171717742123418,0.2039298857814273,1.053189118236473
0.18161,0.12881094,52535.832,0.7171717742123418,0.21001725602618754,1.0528222845691384
0.18161,0.13034171,52518.574,0.7171717742123418,0.21610478534198557,1.0524764328657314
0.18161,0.13187183,52501.594,0.7171717742123418,0.22218972975341833,1.052136152304609
0.18161,0.13330159,52486.426,0.7171717742123418,0.22787556493084896,1.0518321843687375
0.18161,0.13454486,52474.094,0.7171717742123418,0.23281977116199554,1.0515850501002004
0.18161,0.13562597,52463.438,0.7171717742123418,0.23711910340563933,1.051371503006012
0.18161,0.13656607,52454.758,0.7171717742123418,0.240857670473051,1.0511975551102204
0.18161,0.13738354,52447.25,0.7171717742123418,0.2441085655061294,1.0510470941883767
0.18161,0.13809437,52441.062,0.7171717742123418,0.24693537715226088,1.0509230861723446
0.18161,0.1387125,52435.719,0.7171717742123418,0.2493935416681413,1.050816012024048
0.18161,0.13925001,52431.207,0.7171717742123418,0.2515310985072058,1.0507255911823647
0.18415,0.01275,52468.125,0.727272785116741,-0.25153109850720584,1.0514654308617235
0.18415,0.0132875,52472.688,0.727272785116741,-0.24939358143590085,1.051556873747495
0.18415,0.013905625,52478.078,0.727272785116741,-0.24693543680390018,1.051664889779559
0.18415,0.014616469,52484.305,0.727272785116741,-0.2441085694829054,1.0517896793587174
0.18415,0.01543394,52491.84,0.727272785116741,-0.24085767047305104,1.0519406813627254
0.18415,0.016374029,52500.52,0.727272785116741,-0.23711914715017476,1.052114629258517
0.18415,0.017455135,52511.148,0.727272785116741,-0.23281983081363486,1.052327615230461
0.18415,0.018698405,52523.398,0.727272785116741,-0.22787562458248825,1.0525731062124248
0.18415,0.020128164,52538.398,0.727272785116741,-0.22218979338183356,1.0528737074148298
0.18415,0.021658298,52555.105,0.727272785116741,-0.21610479329553753,1.0532085170340681
0.18415,0.023189049,52571.988,0.727272785116741,-0.21001733953848242,1.0535468537074149
0.18415,0.024719801,52589.789,0.727272785116741,-0.2039298818046514,1.0539035871743487
0.18415,0.026250554,52607.68,0.727272785116741,-0.19784242009404443,1.054262124248497
0.18415,0.027781306,52626.141,0.727272785116741,-0.19175496236021336,1.0546320841683368
0.18415,0.029312057,52644.566,0.727272785116741,-0.18566750860315825,1.0550013226452906
0.18415,0.030842811,52663.195,0.727272785116741,-0.17958004291577534,1.0553746492985971
0.18415,0.032373562,52681.574,0.727272785116741,-0.1734925891587202,1.0557429659318638
0.18415,0.033904314,52699.766,0.727272785116741,-0.1674051314248892,1.0561075350701403
0.18415,0.035435066,52717.434,0.727272785116741,-0.16131767369105812,1.056461603206413
0.18415,0.036965817,52734.52,0.727272785116741,-0.15523021993400304,1.056804008016032
0.18415,0.038496573,52750.797,0.727272785116741,-0.1491427462930682,1.0571302004008016
0.18415,0.040027324,52766.18,0.727272785116741,-0.1430552925360131,1.0574384769539078
0.18415,0.041558076,52780.402,0.727272785116741,-0.13696783480218205,1.057723486973948
0.18415,0.043088827,52793.438,0.727272785116741,-0.13088038104512695,1.057984729458918
0.18415,0.044619579,52805.148,0.727272785116741,-0.12479292331129592,1.0582193987975952
0.18415,0.046150334,52815.535,0.727272785116741,-0.11870545364713703,1.0584275551102205
0.18415,0.047681086,52824.496,0.727272785116741,-0.112617995913306,1.058607134268537
0.18415,0.049211837,52832.051,0.727272785116741,-0.1065305421562509,1.0587585370741484
0.18415,0.050742589,52838.258,0.727272785116741,-0.10044308442241985,1.0588829258517034
0.18415,0.052273341,52843.055,0.727272785116741,-0.0943556266885888,1.0589790581162324
0.18415,0.053804092,52846.715,0.727272785116741,-0.08826817293153372,1.0590524048096193
0.18415,0.055334844,52849.43,0.727272785116741,-0.08218071519770266,1.0591068136272546
0.18415,0.056865599,52850.668,0.727272785116741,-0.07609324553354377,1.059131623246493
0.18415,0.058396351,52850.934,0.727272785116741,-0.07000578779971274,1.0591369539078157
0.18415,0.059927102,52850.41,0.727272785116741,-0.06391833404265762,1.0591264529058118
0.18415,0.061457854,52849.23,0.727272785116741,-0.05783087630882659,1.0591028056112226
0.18415,0.062988609,52847.645,0.727272785116741,-0.0517434066446677,1.0590710420841682
0.18415,0.064519361,52845.832,0.727272785116741,-0.04565594891083667,1.0590347094188377
0.18415,0.066050112,52843.875,0.727272785116741,-0.03956849515378159,1.0589954909819639
0.18415,0.067580864,52841.91,0.727272785116741,-0.033481037419950496,1.058956112224449
0.18415,0.069111615,52840.145,0.727272785116741,-0.027393583662895415,1.0589207414829658
0.18415,0.070642367,52838.637,0.727272785116741,-0.021306125929064383,1.0588905210420843
0.18415,0.072173119,52837.422,0.727272785116741,-0.015218668195233353,1.0588661723446893
0.18415,0.07370387,52836.57,0.727272785116741,-0.009131214438178213,1.0588490981963927
0.18415,0.075234622,52836.129,0.727272785116741,-0.003043756704347182,1.058840260521042
0.18415,0.076765373,52836.129,0.727272785116741,0.0030436970527079037,1.058840260521042
0.18415,0.078296125,52836.578,0.727272785116741,0.009131154786538934,1.0588492585170342
0.18415,0.079826877,52837.43,0.727272785116741,0.015218612520370019,1.0588663326653307
0.18415,0.081357636,52838.648,0.727272785116741,0.021306098091632662,1.058890741482966
0.18415,0.082888387,52840.16,0.727272785116741,0.027393551848687747,1.0589210420841684
0.18415,0.084419131,52841.926,0.727272785116741,0.03348097776831122,1.0589564328657315
0.18415,0.08594989,52843.891,0.727272785116741,0.039568463339573916,1.0589958116232465
0.18415,0.087480649,52845.84,0.727272785116741,0.04565594891083656,1.059034869739479
0.18415,0.089011393,52847.648,0.727272785116741,0.051743374830460036,1.0590711022044088
0.18415,0.090542138,52849.227,0.727272785116741,0.057830804726859454,1.059102745490982
0.18415,0.092072897,52850.402,0.727272785116741,0.06391829029812215,1.0591262925851703
0.18415,0.093603656,52850.918,0.727272785116741,0.07000577586938479,1.059136633266533
0.18415,0.0951344,52850.645,0.727272785116741,0.07609320178900826,1.0591311623246493
0.18415,0.096665144,52849.398,0.727272785116741,0.08218062770863174,1.0591061723446893
0.18415,0.09819591,52846.676,0.727272785116741,0.08826814111732605,1.059051623246493
0.18415,0.099726662,52843.016,0.727272785116741,0.09435559885115707,1.0589782765531062
0.18415,0.10125741,52838.207,0.727272785116741,0.10044304067788438,1.0588819038076154
0.18415,0.10278817,52832.0,0.727272785116741,0.10653053022592297,1.05875751503006
0.18415,0.10431892,52824.438,0.727272785116741,0.11261798000620211,1.0586059719438878
0.18415,0.10584967,52815.477,0.727272785116741,0.11870542978648131,1.058426392785571
0.18415,0.10738042,52805.086,0.727272785116741,0.12479287956676045,1.0582181563126254
0.18415,0.10891117,52793.375,0.727272785116741,0.13088032934703958,1.0579834669338677
0.18415,0.11044192,52780.34,0.727272785116741,0.13696777912731872,1.0577222444889778
0.18415,0.11197267,52766.117,0.727272785116741,0.14305522890759786,1.0574372144288577
0.18415,0.11350343,52750.738,0.727272785116741,0.1491427184556365,1.0571290180360722
0.18415,0.11503418,52734.457,0.727272785116741,0.15523016823591565,1.056802745490982
0.18415,0.11656493,52717.371,0.727272785116741,0.1613176180161948,1.0564603406813626
0.18415,0.11809569,52699.703,0.727272785116741,0.16740510756423344,1.0561062725450903
0.18415,0.11962645,52681.512,0.727272785116741,0.17349259711227202,1.0557417234468938
0.18415,0.12115719,52663.129,0.727272785116741,0.17958000712479172,1.0553733266533065
0.18415,0.12268794,52644.496,0.727272785116741,0.18566745690507086,1.0549999198396793
0.18415,0.12421869,52626.066,0.727272785116741,0.19175490668535006,1.0546305811623247
0.18415,0.12574944,52607.605,0.727272785116741,0.19784235646562914,1.054260621242485
0.18415,0.12728021,52589.711,0.727272785116741,0.2039298857814273,1.0539020240480963
0.18415,0.12881094,52571.902,0.727272785116741,0.21001725602618754,1.053545130260521
0.18415,0.13034171,52555.02,0.727272785116741,0.21610478534198557,1.0532068136272545
0.18415,0.13187183,52538.312,0.727272785116741,0.22218972975341833,1.052871983967936
0.18415,0.13330159,52523.305,0.727272785116741,0.22787556493084896,1.05257124248497
0.18415,0.13454486,52511.059,0.727272785116741,0.23281977116199554,1.0523258316633266
0.18415,0.13562597,52500.426,0.727272785116741,0.23711910340563933,1.052112745490982
0.18415,0.13656607,52491.746,0.727272785116741,0.240857670473051,1.0519387975951904
0.18415,0.13738354,52484.211,0.727272785116741,0.2441085655061294,1.0517877955911825
0.18415,0.13809437,52477.984,0.727272785116741,0.24693537715226088,1.051663006012024
0.18415,0.1387125,52472.594,0.727272785116741,0.2493935416681413,1.0515549899799599
0.18415,0.13925001,52468.031,0.727272785116741,0.2515310985072058,1.0514635470941884
0.18669,0.01275,52502.914,0.7373737960211402,-0.25153109850720584,1.0521626052104207
0.18669,0.0132875,52507.449,0.7373737960211402,-0.24939358143590085,1.052253486973948
0.18669,0.013905625,52512.809,0.7373737960211402,-0.24693543680390018,1.0523609018036073
0.18669,0.014616469,52518.969,0.7373737960211402,-0.2441085694829054,1.0524843486973947
0.18669,0.01543394,52526.414,0.7373737960211402,-0.24085767047305104,1.0526335470941883
0.18669,0.016374029,52534.957,0.7373737960211402,-0.23711914715017476,1.052804749498998
0.18669,0.017455135,52545.387,0.7373737960211402,-0.23281983081363486,1.0530137675350701
0.18669,0.018698405,52557.344,0.7373737960211402,-0.22787562458248825,1.053253386773547
0.18669,0.020128164,52571.93,0.7373737960211402,-0.22218979338183356,1.0535456913827654
0.18669,0.021658298,52588.07,0.7373737960211402,-0.21610479329553753,1.053869138276553
0.18669,0.023189049,52604.262,0.7373737960211402,-0.21001733953848242,1.0541936272545092
0.18669,0.024719801,52621.227,0.7373737960211402,-0.2039298818046514,1.054533607214429
0.18669,0.026250554,52638.105,0.7373737960211402,-0.19784242009404443,1.0548718436873747
0.18669,0.027781306,52655.375,0.7373737960211402,-0.19175496236021336,1.0552179358717435
0.18669,0.029312057,52672.41,0.7373737960211402,-0.18566750860315825,1.0555593186372747
0.18669,0.030842811,52689.441,0.7373737960211402,-0.17958004291577534,1.0559006212424848
0.18669,0.032373562,52706.004,0.7373737960211402,-0.1734925891587202,1.0562325450901804
0.18669,0.033904314,52722.191,0.7373737960211402,-0.1674051314248892,1.0565569338677354
0.18669,0.035435066,52737.656,0.7373737960211402,-0.16131767369105812,1.0568668537074148
0.18669,0.036965817,52752.348,0.7373737960211402,-0.15523021993400304,1.0571612825651302
0.18669,0.038496573,52766.035,0.7373737960211402,-0.1491427462930682,1.0574355711422847
0.18669,0.040027324,52778.688,0.7373737960211402,-0.1430552925360131,1.0576891382765532
0.18669,0.041558076,52790.062,0.7373737960211402,-0.13696783480218205,1.0579170741482966
0.18669,0.043088827,52800.305,0.7373737960211402,-0.13088038104512695,1.0581223446893788
0.18669,0.044619579,52809.137,0.7373737960211402,-0.12479292331129592,1.0582993386773547
0.18669,0.046150334,52816.719,0.7373737960211402,-0.11870545364713703,1.0584512825651302
0.18669,0.047681086,52822.781,0.7373737960211402,-0.112617995913306,1.0585727655310622
0.18669,0.049211837,52827.816,0.7373737960211402,-0.1065305421562509,1.0586736673346693
0.18669,0.050742589,52831.539,0.7373737960211402,-0.10044308442241985,1.0587482765531062
0.18669,0.052273341,52833.715,0.7373737960211402,-0.0943556266885888,1.058791883767535
0.18669,0.053804092,52834.875,0.7373737960211402,-0.08826817293153372,1.058815130260521
0.18669,0.055334844,52835.105,0.7373737960211402,-0.08218071519770266,1.058819739478958
0.18669,0.056865599,52834.625,0.7373737960211402,-0.07609324553354377,1.058810120240481
0.18669,0.058396351,52833.391,0.7373737960211402,-0.07000578779971274,1.0587853907815632
0.18669,0.059927102,52831.551,0.7373737960211402,-0.06391833404265762,1.058748517034068
0.18669,0.061457854,52829.266,0.7373737960211402,-0.05783087630882659,1.0587027254509018
0.18669,0.062988609,52826.648,0.7373737960211402,-0.0517434066446677,1.0586502605210422
0.18669,0.064519361,52823.898,0.7373737960211402,-0.04565594891083667,1.0585951503006013
0.18669,0.066050112,52821.168,0.7373737960211402,-0.03956849515378159,1.0585404408817636
0.18669,0.067580864,52818.617,0.7373737960211402,-0.033481037419950496,1.0584893186372746
0.18669,0.069111615,52816.332,0.7373737960211402,-0.027393583662895415,1.0584435270541082
0.18669,0.070642367,52814.391,0.7373737960211402,-0.021306125929064383,1.0584046292585172
0.18669,0.072173119,52812.871,0.7373737960211402,-0.015218668195233353,1.0583741683366734
0.18669,0.07370387,52811.82,0.7373737960211402,-0.009131214438178213,1.058353106212425
0.18669,0.075234622,52811.281,0.7373737960211402,-0.003043756704347182,1.0583423046092184
0.18669,0.076765373,52811.285,0.7373737960211402,0.0030436970527079037,1.0583423847695392
0.18669,0.078296125,52811.828,0.7373737960211402,0.009131154786538934,1.0583532665330662
0.18669,0.079826877,52812.883,0.7373737960211402,0.015218612520370019,1.0583744088176352
0.18669,0.081357636,52814.41,0.7373737960211402,0.021306098091632662,1.0584050100200402
0.18669,0.082888387,52816.352,0.7373737960211402,0.027393551848687747,1.0584439278557114
0.18669,0.084419131,52818.637,0.7373737960211402,0.03348097776831122,1.0584897194388778
0.18669,0.08594989,52821.188,0.7373737960211402,0.039568463339573916,1.0585408416833668
0.18669,0.087480649,52823.918,0.7373737960211402,0.04565594891083656,1.0585955511022043
0.18669,0.089011393,52826.668,0.7373737960211402,0.051743374830460036,1.0586506613226452
0.18669,0.090542138,52829.277,0.7373737960211402,0.057830804726859454,1.0587029458917836
0.18669,0.092072897,52831.555,0.7373737960211402,0.06391829029812215,1.0587485971943889
0.18669,0.093603656,52833.391,0.7373737960211402,0.07000577586938479,1.0587853907815632
0.18669,0.0951344,52834.617,0.7373737960211402,0.07609320178900826,1.0588099599198397
0.18669,0.096665144,52835.086,0.7373737960211402,0.08218062770863174,1.0588193587174348
0.18669,0.09819591,52834.855,0.7373737960211402,0.08826814111732605,1.0588147294589179
0.18669,0.099726662,52833.688,0.7373737960211402,0.09435559885115707,1.0587913426853708
0.18669,0.10125741,52831.504,0.7373737960211402,0.10044304067788438,1.0587475751503006
0.18669,0.10278817,52827.777,0.7373737960211402,0.10653053022592297,1.058672885771543
0.18669,0.10431892,52822.738,0.7373737960211402,0.11261798000620211,1.0585719038076151
0.18669,0.10584967,52816.676,0.7373737960211402,0.11870542978648131,1.0584504208416834
0.18669,0.10738042,52809.086,0.7373737960211402,0.12479287956676045,1.0582983166332667
0.18669,0.10891117,52800.254,0.7373737960211402,0.13088032934703958,1.0581213226452906
0.18669,0.11044192,52790.008,0.7373737960211402,0.13696777912731872,1.057915991983968
0.18669,0.11197267,52778.633,0.7373737960211402,0.14305522890759786,1.0576880360721443
0.18669,0.11350343,52765.98,0.7373737960211402,0.1491427184556365,1.0574344689378758
0.18669,0.11503418,52752.293,0.7373737960211402,0.15523016823591565,1.0571601803607213
0.18669,0.11656493,52737.602,0.7373737960211402,0.1613176180161948,1.0568657715430863
0.18669,0.11809569,52722.133,0.7373737960211402,0.16740510756423344,1.0565557715430862
0.18669,0.11962645,52705.945,0.7373737960211402,0.17349259711227202,1.056231362725451
0.18669,0.12115719,52689.379,0.7373737960211402,0.17958000712479172,1.055899378757515
0.18669,0.12268794,52672.344,0.7373737960211402,0.18566745690507086,1.0555579959919839
0.18669,0.12421869,52655.309,0.7373737960211402,0.19175490668535006,1.0552166132264529
0.18669,0.12574944,52638.035,0.7373737960211402,0.19784235646562914,1.0548704408817635
0.18669,0.12728021,52621.148,0.7373737960211402,0.2039298857814273,1.0545320240480962
0.18669,0.12881094,52604.18,0.7373737960211402,0.21001725602618754,1.054191983967936
0.18669,0.13034171,52587.984,0.7373737960211402,0.21610478534198557,1.0538674148296592
0.18669,0.13187183,52571.836,0.7373737960211402,0.22218972975341833,1.0535438076152306
0.18669,0.13330159,52557.25,0.7373737960211402,0.22787556493084896,1.0532515030060121
0.18669,0.13454486,52545.289,0.7373737960211402,0.23281977116199554,1.0530118036072145
0.18669,0.13562597,52534.859,0.7373737960211402,0.23711910340563933,1.0528027855711422
0.18669,0.13656607,52526.312,0.7373737960211402,0.240857670473051,1.052631503006012
0.18669,0.13738354,52518.867,0.7373737960211402,0.2441085655061294,1.0524823046092184
0.18669,0.13809437,52512.707,0.7373737960211402,0.24693537715226088,1.0523588577154308
0.18669,0.1387125,52507.352,0.7373737960211402,0.2493935416681413,1.0522515430861723
0.18669,0.13925001,52502.812,0.7373737960211402,0.2515310985072058,1.0521605611222444
0.18923,0.01275,52535.582,0.7474748069255394,-0.25153109850720584,1.0528172745490982
0.18923,0.0132875,52540.043,0.7474748069255394,-0.24939358143590085,1.0529066733466934
0.18923,0.013905625,52545.301,0.7474748069255394,-0.24693543680390018,1.0530120440881763
0.18923,0.014616469,52551.328,0.7474748069255394,-0.2441085694829054,1.0531328256513026
0.18923,0.01543394,52558.594,0.7474748069255394,-0.24085767047305104,1.0532784368737473
0.18923,0.016374029,52566.895,0.7474748069255394,-0.23711914715017476,1.0534447895791583
0.18923,0.017455135,52576.996,0.7474748069255394,-0.23281983081363486,1.0536472144288578
0.18923,0.018698405,52588.508,0.7474748069255394,-0.22787562458248825,1.0538779158316633
0.18923,0.020128164,52602.469,0.7474748069255394,-0.22218979338183356,1.0541576953907814
0.18923,0.021658298,52617.793,0.7474748069255394,-0.21610479329553753,1.0544647895791583
0.18923,0.023189049,52633.027,0.7474748069255394,-0.21001733953848242,1.0547700801603206
0.18923,0.024719801,52648.828,0.7474748069255394,-0.2039298818046514,1.0550867334669338
0.18923,0.026250554,52664.367,0.7474748069255394,-0.19784242009404443,1.055398136272545
0.18923,0.027781306,52680.074,0.7474748069255394,-0.19175496236021336,1.0557129058116232
0.18923,0.029312057,52695.336,0.7474748069255394,-0.18566750860315825,1.0560187575150302
0.18923,0.030842811,52710.363,0.7474748069255394,-0.17958004291577534,1.056319899799599
0.18923,0.032373562,52724.734,0.7474748069255394,-0.1734925891587202,1.0566078957915832
0.18923,0.033904314,52738.484,0.7474748069255394,-0.1674051314248892,1.0568834468937875
0.18923,0.035435066,52751.293,0.7474748069255394,-0.16131767369105812,1.0571401402805611
0.18923,0.036965817,52763.168,0.7474748069255394,-0.15523021993400304,1.057378116232465
0.18923,0.038496573,52773.91,0.7474748069255394,-0.1491427462930682,1.0575933867735472
0.18923,0.040027324,52783.512,0.7474748069255394,-0.1430552925360131,1.0577858116232466
0.18923,0.041558076,52791.891,0.7474748069255394,-0.13696783480218205,1.0579537274549098
0.18923,0.043088827,52798.852,0.7474748069255394,-0.13088038104512695,1.0580932264529057
0.18923,0.044619579,52804.668,0.7474748069255394,-0.12479292331129592,1.058209779559118
0.18923,0.046150334,52809.316,0.7474748069255394,-0.11870545364713703,1.0583029258517034
0.18923,0.047681086,52812.359,0.7474748069255394,-0.112617995913306,1.0583639078156313
0.18923,0.049211837,52814.305,0.7474748069255394,-0.1065305421562509,1.0584029058116233
0.18923,0.050742589,52815.293,0.7474748069255394,-0.10044308442241985,1.0584227054108215
0.18923,0.052273341,52815.141,0.7474748069255394,-0.0943556266885888,1.0584196593186372
0.18923,0.053804092,52814.211,0.7474748069255394,-0.08826817293153372,1.0584010220440883
0.18923,0.055334844,52812.477,0.7474748069255394,-0.08218071519770266,1.0583662725450902
0.18923,0.056865599,52810.141,0.7474748069255394,-0.07609324553354377,1.0583194589178357
0.18923,0.058396351,52807.336,0.7474748069255394,-0.07000578779971274,1.058263246492986
0.18923,0.059927102,52804.184,0.7474748069255394,-0.06391833404265762,1.0582000801603206
0.18923,0.061457854,52800.801,0.7474748069255394,-0.05783087630882659,1.0581322845691383
0.18923,0.062988609,52797.285,0.7474748069255394,-0.0517434066446677,1.0580618236472947
0.18923,0.064519361,52793.777,0.7474748069255394,-0.04565594891083667,1.0579915230460921
0.18923,0.066050112,52790.41,0.7474748069255394,-0.03956849515378159,1.0579240480961924
0.18923,0.067580864,52787.309,0.7474748069255394,-0.033481037419950496,1.0578619038076154
0.18923,0.069111615,52784.543,0.7474748069255394,-0.027393583662895415,1.0578064729458918
0.18923,0.070642367,52782.219,0.7474748069255394,-0.021306125929064383,1.0577598997995992
0.18923,0.072173119,52780.402,0.7474748069255394,-0.015218668195233353,1.057723486973948
0.18923,0.07370387,52779.16,0.7474748069255394,-0.009131214438178213,1.0576985971943889
0.18923,0.075234622,52778.531,0.7474748069255394,-0.003043756704347182,1.057685991983968
0.18923,0.076765373,52778.535,0.7474748069255394,0.0030436970527079037,1.0576860721442887
0.18923,0.078296125,52779.168,0.7474748069255394,0.009131154786538934,1.05769875751503
0.18923,0.079826877,52780.414,0.7474748069255394,0.015218612520370019,1.0577237274549098
0.18923,0.081357636,52782.23,0.7474748069255394,0.021306098091632662,1.057760120240481
0.18923,0.082888387,52784.562,0.7474748069255394,0.027393551848687747,1.0578068537074148
0.18923,0.084419131,52787.328,0.7474748069255394,0.03348097776831122,1.0578622845691383
0.18923,0.08594989,52790.426,0.7474748069255394,0.039568463339573916,1.0579243687374749
0.18923,0.087480649,52793.797,0.7474748069255394,0.04565594891083656,1.0579919238476954
0.18923,0.089011393,52797.301,0.7474748069255394,0.051743374830460036,1.0580621442885771
0.18923,0.090542138,52800.816,0.7474748069255394,0.057830804726859454,1.0581325851703407
0.18923,0.092072897,52804.195,0.7474748069255394,0.06391829029812215,1.0582003006012024
0.18923,0.093603656,52807.344,0.7474748069255394,0.07000577586938479,1.0582634068136272
0.18923,0.0951344,52810.145,0.7474748069255394,0.07609320178900826,1.0583195390781563
0.18923,0.096665144,52812.473,0.7474748069255394,0.08218062770863174,1.0583661923847696
0.18923,0.09819591,52814.199,0.7474748069255394,0.08826814111732605,1.0584007815631262
0.18923,0.099726662,52815.125,0.7474748069255394,0.09435559885115707,1.0584193386773546
0.18923,0.10125741,52815.277,0.7474748069255394,0.10044304067788438,1.058422384769539
0.18923,0.10278817,52814.281,0.7474748069255394,0.10653053022592297,1.0584024248496995
0.18923,0.10431892,52812.328,0.7474748069255394,0.11261798000620211,1.0583632865731463
0.18923,0.10584967,52809.281,0.7474748069255394,0.11870542978648131,1.0583022244488978
0.18923,0.10738042,52804.633,0.7474748069255394,0.12479287956676045,1.0582090781563127
0.18923,0.10891117,52798.812,0.7474748069255394,0.13088032934703958,1.0580924248496995
0.18923,0.11044192,52791.844,0.7474748069255394,0.13696777912731872,1.0579527855711421
0.18923,0.11197267,52783.461,0.7474748069255394,0.14305522890759786,1.0577847895791583
0.18923,0.11350343,52773.859,0.7474748069255394,0.1491427184556365,1.057592364729459
0.18923,0.11503418,52763.113,0.7474748069255394,0.15523016823591565,1.057377014028056
0.18923,0.11656493,52751.238,0.7474748069255394,0.1613176180161948,1.0571390380761523
0.18923,0.11809569,52738.43,0.7474748069255394,0.16740510756423344,1.056882364729459
0.18923,0.11962645,52724.672,0.7474748069255394,0.17349259711227202,1.0566066533066132
0.18923,0.12115719,52710.301,0.7474748069255394,0.17958000712479172,1.0563186573146293
0.18923,0.12268794,52695.273,0.7474748069255394,0.18566745690507086,1.0560174949899799
0.18923,0.12421869,52680.008,0.7474748069255394,0.19175490668535006,1.0557115831663326
0.18923,0.12574944,52664.297,0.7474748069255394,0.19784235646562914,1.0553967334669339
0.18923,0.12728021,52648.754,0.7474748069255394,0.2039298857814273,1.055085250501002
0.18923,0.12881094,52632.949,0.7474748069255394,0.21001725602618754,1.0547685170340682
0.18923,0.13034171,52617.711,0.7474748069255394,0.21610478534198557,1.0544631462925853
0.18923,0.13187183,52602.383,0.7474748069255394,0.22218972975341833,1.0541559719438878
0.18923,0.13330159,52588.418,0.7474748069255394,0.22787556493084896,1.0538761122244489
0.18923,0.13454486,52576.898,0.7474748069255394,0.23281977116199554,1.053645250501002
0.18923,0.13562597,52566.797,0.7474748069255394,0.23711910340563933,1.0534428256513027
0.18923,0.13656607,52558.492,0.7474748069255394,0.240857670473051,1.053276392785571
0.18923,0.13738354,52551.227,0.7474748069255394,0.2441085655061294,1.0531308016032064
0.18923,0.13809437,52545.199,0.7474748069255394,0.24693537715226088,1.05301
0.18923,0.1387125,52539.941,0.7474748069255394,0.2493935416681413,1.052904629258517
0.18923,0.13925001,52535.477,0.7474748069255394,0.2515310985072058,1.0528151703406814
0.19177,0.01275,52566.102,0.7575758178299385,-0.25153109850720584,1.0534288977955912
0.19177,0.0132875,52570.453,0.7575758178299385,-0.24939358143590085,1.0535160921843687
0.19177,0.013905625,52575.57,0.7575758178299385,-0.24693543680390018,1.053618637274549
0.19177,0.014616469,52581.414,0.7575758178299385,-0.2441085694829054,1.053735751503006
0.19177,0.01543394,52588.438,0.7575758178299385,-0.24085767047305104,1.0538765130260521
0.19177,0.016374029,52596.418,0.7575758178299385,-0.23711914715017476,1.0540364328657315
0.19177,0.017455135,52606.086,0.7575758178299385,-0.23281983081363486,1.0542301803607215
0.19177,0.018698405,52617.02,0.7575758178299385,-0.22787562458248825,1.0544492985971943
0.19177,0.020128164,52630.176,0.7575758178299385,-0.22218979338183356,1.0547129458917837
0.19177,0.021658298,52644.449,0.7575758178299385,-0.21610479329553753,1.054998977955912
0.19177,0.023189049,52658.465,0.7575758178299385,-0.21001733953848242,1.0552798597194388
0.19177,0.024719801,52672.812,0.7575758178299385,-0.2039298818046514,1.055567374749499
0.19177,0.026250554,52686.691,0.7575758178299385,-0.19784242009404443,1.0558455110220442
0.19177,0.027781306,52700.484,0.7575758178299385,-0.19175496236021336,1.0561219238476953
0.19177,0.029312057,52713.625,0.7575758178299385,-0.18566750860315825,1.056385270541082
0.19177,0.030842811,52726.293,0.7575758178299385,-0.17958004291577534,1.056639138276553
0.19177,0.032373562,52738.086,0.7575758178299385,-0.1734925891587202,1.0568754709418837
0.19177,0.033904314,52749.0,0.7575758178299385,-0.1674051314248892,1.0570941883767535
0.19177,0.035435066,52758.879,0.7575758178299385,-0.16131767369105812,1.0572921643286572
0.19177,0.036965817,52767.613,0.7575758178299385,-0.15523021993400304,1.0574671943887775
0.19177,0.038496573,52775.262,0.7575758178299385,-0.1491427462930682,1.0576204809619238
0.19177,0.040027324,52781.477,0.7575758178299385,-0.1430552925360131,1.0577450300601203
0.19177,0.041558076,52786.656,0.7575758178299385,-0.13696783480218205,1.0578488176352705
0.19177,0.043088827,52790.453,0.7575758178299385,-0.13088038104512695,1.0579249098196393
0.19177,0.044619579,52792.891,0.7575758178299385,-0.12479292331129592,1.0579737675350702
0.19177,0.046150334,52794.312,0.7575758178299385,-0.11870545364713703,1.0580022444889778
0.19177,0.047681086,52794.484,0.7575758178299385,-0.112617995913306,1.0580056913827656
0.19177,0.049211837,52793.734,0.7575758178299385,-0.1065305421562509,1.0579906613226453
0.19177,0.050742589,52792.023,0.7575758178299385,-0.10044308442241985,1.057956372745491
0.19177,0.052273341,52789.57,0.7575758178299385,-0.0943556266885888,1.0579072144288577
0.19177,0.053804092,52786.508,0.7575758178299385,-0.08826817293153372,1.0578458517034068
0.19177,0.055334844,52782.895,0.7575758178299385,-0.08218071519770266,1.0577734468937876
0.19177,0.056865599,52778.875,0.7575758178299385,-0.07609324553354377,1.057692885771543
0.19177,0.058396351,52774.605,0.7575758178299385,-0.07000578779971274,1.0576073146292586
0.19177,0.059927102,52770.199,0.7575758178299385,-0.06391833404265762,1.057519018036072
0.19177,0.061457854,52765.781,0.7575758178299385,-0.05783087630882659,1.057430480961924
0.19177,0.062988609,52761.426,0.7575758178299385,-0.0517434066446677,1.0573432064128256
0.19177,0.064519361,52757.242,0.7575758178299385,-0.04565594891083667,1.0572593587174348
0.19177,0.066050112,52753.305,0.7575758178299385,-0.03956849515378159,1.0571804609218436
0.19177,0.067580864,52749.723,0.7575758178299385,-0.033481037419950496,1.0571086773547094
0.19177,0.069111615,52746.559,0.7575758178299385,-0.027393583662895415,1.0570452705410822
0.19177,0.070642367,52743.922,0.7575758178299385,-0.021306125929064383,1.0569924248496994
0.19177,0.072173119,52741.871,0.7575758178299385,-0.015218668195233353,1.0569513226452905
0.19177,0.07370387,52740.473,0.7575758178299385,-0.009131214438178213,1.0569233066132264
0.19177,0.075234622,52739.766,0.7575758178299385,-0.003043756704347182,1.0569091382765532
0.19177,0.076765373,52739.766,0.7575758178299385,0.0030436970527079037,1.0569091382765532
0.19177,0.078296125,52740.477,0.7575758178299385,0.009131154786538934,1.056923386773547
0.19177,0.079826877,52741.875,0.7575758178299385,0.015218612520370019,1.0569514028056113
0.19177,0.081357636,52743.926,0.7575758178299385,0.021306098091632662,1.05699250501002
0.19177,0.082888387,52746.566,0.7575758178299385,0.027393551848687747,1.0570454108216432
0.19177,0.084419131,52749.727,0.7575758178299385,0.03348097776831122,1.05710875751503
0.19177,0.08594989,52753.312,0.7575758178299385,0.039568463339573916,1.0571806012024048
0.19177,0.087480649,52757.25,0.7575758178299385,0.04565594891083656,1.0572595190380762
0.19177,0.089011393,52761.434,0.7575758178299385,0.051743374830460036,1.0573433667334668
0.19177,0.090542138,52765.789,0.7575758178299385,0.057830804726859454,1.0574306412825651
0.19177,0.092072897,52770.211,0.7575758178299385,0.06391829029812215,1.057519258517034
0.19177,0.093603656,52774.613,0.7575758178299385,0.07000577586938479,1.0576074749498998
0.19177,0.0951344,52778.883,0.7575758178299385,0.07609320178900826,1.0576930460921845
0.19177,0.096665144,52782.898,0.7575758178299385,0.08218062770863174,1.0577735070140282
0.19177,0.09819591,52786.508,0.7575758178299385,0.08826814111732605,1.0578458517034068
0.19177,0.099726662,52789.566,0.7575758178299385,0.09435559885115707,1.057907134268537
0.19177,0.10125741,52792.016,0.7575758178299385,0.10044304067788438,1.0579562324649299
0.19177,0.10278817,52793.723,0.7575758178299385,0.10653053022592297,1.0579904408817635
0.19177,0.10431892,52794.465,0.7575758178299385,0.11261798000620211,1.0580053106212424
0.19177,0.10584967,52794.293,0.7575758178299385,0.11870542978648131,1.0580018637274549
0.19177,0.10738042,52792.867,0.7575758178299385,0.12479287956676045,1.0579732865731462
0.19177,0.10891117,52790.422,0.7575758178299385,0.13088032934703958,1.0579242885771543
0.19177,0.11044192,52786.617,0.7575758178299385,0.13696777912731872,1.0578480360721443
0.19177,0.11197267,52781.434,0.7575758178299385,0.14305522890759786,1.0577441683366733
0.19177,0.11350343,52775.215,0.7575758178299385,0.1491427184556365,1.0576195390781562
0.19177,0.11503418,52767.562,0.7575758178299385,0.15523016823591565,1.0574661723446894
0.19177,0.11656493,52758.824,0.7575758178299385,0.1613176180161948,1.0572910621242486
0.19177,0.11809569,52748.945,0.7575758178299385,0.16740510756423344,1.0570930861723447
0.19177,0.11962645,52738.027,0.7575758178299385,0.17349259711227202,1.0568742885771543
0.19177,0.12115719,52726.23,0.7575758178299385,0.17958000712479172,1.0566378757515031
0.19177,0.12268794,52713.562,0.7575758178299385,0.18566745690507086,1.056384008016032
0.19177,0.12421869,52700.418,0.7575758178299385,0.19175490668535006,1.0561206012024047
0.19177,0.12574944,52686.621,0.7575758178299385,0.19784235646562914,1.055844108216433
0.19177,0.12728021,52672.738,0.7575758178299385,0.2039298857814273,1.055565891783567
0.19177,0.12881094,52658.391,0.7575758178299385,0.21001725602618754,1.055278376753507
0.19177,0.13034171,52644.367,0.7575758178299385,0.21610478534198557,1.0549973346693386
0.19177,0.13187183,52630.09,0.7575758178299385,0.22218972975341833,1.0547112224448898
0.19177,0.13330159,52616.934,0.7575758178299385,0.22787556493084896,1.0544475751503006
0.19177,0.13454486,52605.996,0.7575758178299385,0.23281977116199554,1.054228376753507
0.19177,0.13562597,52596.324,0.7575758178299385,0.23711910340563933,1.0540345490981964
0.19177,0.13656607,52588.34,0.7575758178299385,0.240857670473051,1.0538745490981962
0.19177,0.13738354,52581.316,0.7575758178299385,0.2441085655061294,1.0537337875751502
0.19177,0.13809437,52575.473,0.7575758178299385,0.24693537715226088,1.0536166933867734
0.19177,0.1387125,52570.355,0.7575758178299385,0.2493935416681413,1.053514128256513
0.19177,0.13925001,52566.004,0.7575758178299385,0.2515310985072058,1.0534269338677356
0.19431001,0.01275,52594.473,0.7676768685020972,-0.25153109850720584,1.0539974549098197
0.19431001,0.0132875,52598.684,0.7676768685020972,-0.24939358143590085,1.0540818436873747
0.19431001,0.013905625,52603.625,0.7676768685020972,-0.24693543680390018,1.054180861723447
0.19431001,0.014616469,52609.238,0.7676768685020972,-0.2441085694829054,1.0542933466933868
0.19431001,0.01543394,52615.961,0.7676768685020972,-0.24085767047305104,1.0544280761523046
0.19431001,0.016374029,52623.551,0.7676768685020972,-0.23711914715017476,1.0545801803607215
0.19431001,0.017455135,52632.676,0.7676768685020972,-0.23281983081363486,1.0547630460921844
0.19431001,0.018698405,52642.902,0.7676768685020972,-0.22787562458248825,1.054967975951904
0.19431001,0.020128164,52655.062,0.7676768685020972,-0.22218979338183356,1.0552116633266533
0.19431001,0.021658298,52668.07,0.7676768685020972,-0.21610479329553753,1.0554723446893788
0.19431001,0.023189049,52680.625,0.7676768685020972,-0.21001733953848242,1.0557239478957916
0.19431001,0.024719801,52693.238,0.7676768685020972,-0.2039298818046514,1.0559767134268536
0.19431001,0.026250554,52705.172,0.7676768685020972,-0.19784242009404443,1.0562158717434869
0.19431001,0.027781306,52716.754,0.7676768685020972,-0.19175496236021336,1.0564479759519039
0.19431001,0.029312057,52727.488,0.7676768685020972,-0.18566750860315825,1.0566630861723447
0.19431001,0.030842811,52737.484,0.7676768685020972,-0.17958004291577534,1.0568634068136271
0.19431001,0.032373562,52746.41,0.7676768685020972,-0.1734925891587202,1.0570422845691383
0.19431001,0.033904314,52754.301,0.7676768685020972,-0.1674051314248892,1.0572004208416834
0.19431001,0.035435066,52761.078,0.7676768685020972,-0.16131767369105812,1.0573362324649298
0.19431001,0.036965817,52766.531,0.7676768685020972,-0.15523021993400304,1.0574455110220442
0.19431001,0.038496573,52770.828,0.7676768685020972,-0.1491427462930682,1.057531623246493
0.19431001,0.040027324,52773.82,0.7676768685020972,-0.1430552925360131,1.0575915831663327
0.19431001,0.041558076,52775.48,0.7676768685020972,-0.13696783480218205,1.057624849699399
0.19431001,0.043088827,52776.031,0.7676768685020972,-0.13088038104512695,1.057635891783567
0.19431001,0.044619579,52775.359,0.7676768685020972,-0.12479292331129592,1.0576224248496993
0.19431001,0.046150334,52773.699,0.7676768685020972,-0.11870545364713703,1.0575891583166332
0.19431001,0.047681086,52771.043,0.7676768685020972,-0.112617995913306,1.0575359318637274
0.19431001,0.049211837,52767.652,0.7676768685020972,-0.1065305421562509,1.057467975951904
0.19431001,0.050742589,52763.5,0.7676768685020972,-0.10044308442241985,1.0573847695390781
0.19431001,0.052273341,52758.859,0.7676768685020972,-0.0943556266885888,1.057291763527054
0.19431001,0.053804092,52753.781,0.7676768685020972,-0.08826817293153372,1.05719
0.19431001,0.055334844,52748.422,0.7676768685020972,-0.08218071519770266,1.0570826052104207
0.19431001,0.056865599,52742.879,0.7676768685020972,-0.07609324553354377,1.056971523046092
0.19431001,0.058396351,52737.281,0.7676768685020972,-0.07000578779971274,1.0568593386773548
0.19431001,0.059927102,52731.738,0.7676768685020972,-0.06391833404265762,1.056748256513026
0.19431001,0.061457854,52726.355,0.7676768685020972,-0.05783087630882659,1.056640380761523
0.19431001,0.062988609,52721.211,0.7676768685020972,-0.0517434066446677,1.0565372945891784
0.19431001,0.064519361,52716.387,0.7676768685020972,-0.04565594891083667,1.056440621242485
0.19431001,0.066050112,52711.941,0.7676768685020972,-0.03956849515378159,1.0563515230460923
0.19431001,0.067580864,52707.961,0.7676768685020972,-0.033481037419950496,1.0562717635270542
0.19431001,0.069111615,52704.504,0.7676768685020972,-0.027393583662895415,1.0562024849699398
0.19431001,0.070642367,52701.648,0.7676768685020972,-0.021306125929064383,1.056145250501002
0.19431001,0.072173119,52699.449,0.7676768685020972,-0.015218668195233353,1.0561011823647295
0.19431001,0.07370387,52697.953,0.7676768685020972,-0.009131214438178213,1.0560712024048096
0.19431001,0.075234622,52697.199,0.7676768685020972,-0.003043756704347182,1.0560560921843687
0.19431001,0.076765373,52697.195,0.7676768685020972,0.0030436970527079037,1.056056012024048
0.19431001,0.078296125,52697.953,0.7676768685020972,0.009131154786538934,1.0560712024048096
0.19431001,0.079826877,52699.445,0.7676768685020972,0.015218612520370019,1.056101102204409
0.19431001,0.081357636,52701.645,0.7676768685020972,0.021306098091632662,1.0561451903807615
0.19431001,0.082888387,52704.5,0.7676768685020972,0.027393551848687747,1.0562024048096192
0.19431001,0.084419131,52707.957,0.7676768685020972,0.03348097776831122,1.0562716833667336
0.19431001,0.08594989,52711.938,0.7676768685020972,0.039568463339573916,1.0563514629258517
0.19431001,0.087480649,52716.383,0.7676768685020972,0.04565594891083656,1.0564405410821645
0.19431001,0.089011393,52721.207,0.7676768685020972,0.051743374830460036,1.0565372144288578
0.19431001,0.090542138,52726.355,0.7676768685020972,0.057830804726859454,1.056640380761523
0.19431001,0.092072897,52731.742,0.7676768685020972,0.06391829029812215,1.0567483366733466
0.19431001,0.093603656,52737.285,0.7676768685020972,0.07000577586938479,1.0568594188376754
0.19431001,0.0951344,52742.883,0.7676768685020972,0.07609320178900826,1.056971603206413
0.19431001,0.096665144,52748.426,0.7676768685020972,0.08218062770863174,1.0570826853707416
0.19431001,0.09819591,52753.785,0.7676768685020972,0.08826814111732605,1.0571900801603207
0.19431001,0.099726662,52758.859,0.7676768685020972,0.09435559885115707,1.057291763527054
0.19431001,0.10125741,52763.5,0.7676768685020972,0.10044304067788438,1.0573847695390781
0.19431001,0.10278817,52767.648,0.7676768685020972,0.10653053022592297,1.0574678957915833
0.19431001,0.10431892,52771.035,0.7676768685020972,0.11261798000620211,1.0575357715430862
0.19431001,0.10584967,52773.688,0.7676768685020972,0.11870542978648131,1.0575889378757515
0.19431001,0.10738042,52775.34,0.7676768685020972,0.12479287956676045,1.0576220440881763
0.19431001,0.10891117,52776.008,0.7676768685020972,0.13088032934703958,1.0576354308617235
0.19431001,0.11044192,52775.453,0.7676768685020972,0.13696777912731872,1.0576243086172346
0.19431001,0.11197267,52773.785,0.7676768685020972,0.14305522890759786,1.0575908817635271
0.19431001,0.11350343,52770.785,0.7676768685020972,0.1491427184556365,1.0575307615230463
0.19431001,0.11503418,52766.484,0.7676768685020972,0.15523016823591565,1.0574445691382766
0.19431001,0.11656493,52761.027,0.7676768685020972,0.1613176180161948,1.0573352104208418
0.19431001,0.11809569,52754.246,0.7676768685020972,0.16740510756423344,1.0571993186372746
0.19431001,0.11962645,52746.352,0.7676768685020972,0.17349259711227202,1.0570411222444889
0.19431001,0.12115719,52737.418,0.7676768685020972,0.17958000712479172,1.0568620841683367
0.19431001,0.12268794,52727.422,0.7676768685020972,0.18566745690507086,1.056661763527054
0.19431001,0.12421869,52716.688,0.7676768685020972,0.19175490668535006,1.0564466533066132
0.19431001,0.12574944,52705.102,0.7676768685020972,0.19784235646562914,1.0562144689378756
0.19431001,0.12728021,52693.168,0.7676768685020972,0.2039298857814273,1.0559753106212424
0.19431001,0.12881094,52680.547,0.7676768685020972,0.21001725602618754,1.055722384769539
0.19431001,0.13034171,52667.992,0.7676768685020972,0.21610478534198557,1.0554707815631261
0.19431001,0.13187183,52654.98,0.7676768685020972,0.22218972975341833,1.0552100200400802
0.19431001,0.13330159,52642.82,0.7676768685020972,0.22787556493084896,1.0549663326653307
0.19431001,0.13454486,52632.594,0.7676768685020972,0.23281977116199554,1.0547614028056111
0.19431001,0.13562597,52623.461,0.7676768685020972,0.23711910340563933,1.054578376753507
0.19431001,0.13656607,52615.871,0.7676768685020972,0.240857670473051,1.0544262725450901
0.19431001,0.13738354,52609.148,0.7676768685020972,0.2441085655061294,1.0542915430861723
0.19431001,0.13809437,52603.531,0.7676768685020972,0.24693537715226088,1.0541789779559119
0.19431001,0.1387125,52598.59,0.7676768685020972,0.2493935416681413,1.0540799599198396
0.19431001,0.13925001,52594.379,0.7676768685020972,0.2515310985072058,1.0539955711422846
0.19685,0.01275,52620.598,0.7777778396387369,-0.25153109850720584,1.054521002004008
0.19685,0.0132875,52624.637,0.7777778396387369,-0.24939358143590085,1.0546019438877756
0.19685,0.013905625,52629.359,0.7777778396387369,-0.24693543680390018,1.0546965731462925
0.19685,0.014616469,52634.695,0.7777778396387369,-0.2441085694829054,1.054803507014028
0.19685,0.01543394,52641.051,0.7777778396387369,-0.24085767047305104,1.054930881763527
0.19685,0.016374029,52648.164,0.7777778396387369,-0.23711914715017476,1.0550734268537074
0.19685,0.017455135,52656.641,0.7777778396387369,-0.23281983081363486,1.0552433066132265
0.19685,0.018698405,52666.02,0.7777778396387369,-0.22787562458248825,1.05543126252505
0.19685,0.020128164,52677.0,0.7777778396387369,-0.22218979338183356,1.0556513026052103
0.19685,0.021658298,52688.531,0.7777778396387369,-0.21610479329553753,1.055882384769539
0.19685,0.023189049,52699.402,0.7777778396387369,-0.21001733953848242,1.056100240480962
0.19685,0.024719801,52710.062,0.7777778396387369,-0.2039298818046514,1.0563138677354709
0.19685,0.026250554,52719.824,0.7777778396387369,-0.19784242009404443,1.056509498997996
0.19685,0.027781306,52728.984,0.7777778396387369,-0.19175496236021336,1.0566930661322644
0.19685,0.029312057,52737.113,0.7777778396387369,-0.18566750860315825,1.0568559719438877
0.19685,0.030842811,52744.195,0.7777778396387369,-0.17958004291577534,1.056997895791583
0.19685,0.032373562,52750.242,0.7777778396387369,-0.1734925891587202,1.0571190781563127
0.19685,0.033904314,52754.969,0.7777778396387369,-0.1674051314248892,1.0572138076152304
0.19685,0.035435066,52758.566,0.7777778396387369,-0.16131767369105812,1.057285891783567
0.19685,0.036965817,52760.824,0.7777778396387369,-0.15523021993400304,1.0573311422845693
0.19685,0.038496573,52761.711,0.7777778396387369,-0.1491427462930682,1.0573489178356714
0.19685,0.040027324,52761.445,0.7777778396387369,-0.1430552925360131,1.0573435871743486
0.19685,0.041558076,52759.887,0.7777778396387369,-0.13696783480218205,1.0573123647294589
0.19685,0.043088827,52757.305,0.7777778396387369,-0.13088038104512695,1.0572606212424849
0.19685,0.044619579,52753.66,0.7777778396387369,-0.12479292331129592,1.0571875751503006
0.19685,0.046150334,52749.176,0.7777778396387369,-0.11870545364713703,1.0570977154308616
0.19685,0.047681086,52743.906,0.7777778396387369,-0.112617995913306,1.056992104208417
0.19685,0.049211837,52738.078,0.7777778396387369,-0.1065305421562509,1.0568753106212425
0.19685,0.050742589,52731.742,0.7777778396387369,-0.10044308442241985,1.0567483366733466
0.19685,0.052273341,52725.109,0.7777778396387369,-0.0943556266885888,1.0566154108216432
0.19685,0.053804092,52718.238,0.7777778396387369,-0.08826817293153372,1.0564777154308618
0.19685,0.055334844,52711.312,0.7777778396387369,-0.08218071519770266,1.0563389178356712
0.19685,0.056865599,52704.398,0.7777778396387369,-0.07609324553354377,1.056200360721443
0.19685,0.058396351,52697.625,0.7777778396387369,-0.07000578779971274,1.056064629258517
0.19685,0.059927102,52691.062,0.7777778396387369,-0.06391833404265762,1.0559331062124249
0.19685,0.061457854,52684.816,0.7777778396387369,-0.05783087630882659,1.0558079358717434
0.19685,0.062988609,52678.953,0.7777778396387369,-0.0517434066446677,1.0556904408817636
0.19685,0.064519361,52673.559,0.7777778396387369,-0.04565594891083667,1.0555823446893788
0.19685,0.066050112,52668.684,0.7777778396387369,-0.03956849515378159,1.0554846492985972
0.19685,0.067580864,52664.391,0.7777778396387369,-0.033481037419950496,1.055398617234469
0.19685,0.069111615,52660.723,0.7777778396387369,-0.027393583662895415,1.0553251102204408
0.19685,0.070642367,52657.734,0.7777778396387369,-0.021306125929064383,1.0552652104208415
0.19685,0.072173119,52655.457,0.7777778396387369,-0.015218668195233353,1.0552195791583168
0.19685,0.07370387,52653.922,0.7777778396387369,-0.009131214438178213,1.0551888176352706
0.19685,0.075234622,52653.145,0.7777778396387369,-0.003043756704347182,1.055173246492986
0.19685,0.076765373,52653.145,0.7777778396387369,0.0030436970527079037,1.055173246492986
0.19685,0.078296125,52653.918,0.7777778396387369,0.009131154786538934,1.0551887374749498
0.19685,0.079826877,52655.449,0.7777778396387369,0.015218612520370019,1.0552194188376753
0.19685,0.081357636,52657.727,0.7777778396387369,0.021306098091632662,1.0552650701402806
0.19685,0.082888387,52660.711,0.7777778396387369,0.027393551848687747,1.055324869739479
0.19685,0.084419131,52664.375,0.7777778396387369,0.03348097776831122,1.0553982965931863
0.19685,0.08594989,52668.668,0.7777778396387369,0.039568463339573916,1.0554843286573146
0.19685,0.087480649,52673.547,0.7777778396387369,0.04565594891083656,1.0555821042084168
0.19685,0.089011393,52678.941,0.7777778396387369,0.051743374830460036,1.0556902004008015
0.19685,0.090542138,52684.805,0.7777778396387369,0.057830804726859454,1.0558077154308618
0.19685,0.092072897,52691.055,0.7777778396387369,0.06391829029812215,1.0559329659318637
0.19685,0.093603656,52697.617,0.7777778396387369,0.07000577586938479,1.0560644689378758
0.19685,0.0951344,52704.395,0.7777778396387369,0.07609320178900826,1.0562003006012024
0.19685,0.096665144,52711.312,0.7777778396387369,0.08218062770863174,1.0563389178356712
0.19685,0.09819591,52718.238,0.7777778396387369,0.08826814111732605,1.0564777154308618
0.19685,0.099726662,52725.109,0.7777778396387369,0.09435559885115707,1.0566154108216432
0.19685,0.10125741,52731.742,0.7777778396387369,0.10044304067788438,1.0567483366733466
0.19685,0.10278817,52738.078,0.7777778396387369,0.10653053022592297,1.0568753106212425
0.19685,0.10431892,52743.902,0.7777778396387369,0.11261798000620211,1.0569920240480963
0.19685,0.10584967,52749.172,0.7777778396387369,0.11870542978648131,1.057097635270541
0.19685,0.10738042,52753.645,0.7777778396387369,0.12479287956676045,1.0571872745490982
0.19685,0.10891117,52757.285,0.7777778396387369,0.13088032934703958,1.0572602204408819
0.19685,0.11044192,52759.863,0.7777778396387369,0.13696777912731872,1.057311883767535
0.19685,0.11197267,52761.418,0.7777778396387369,0.14305522890759786,1.0573430460921844
0.19685,0.11350343,52761.676,0.7777778396387369,0.1491427184556365,1.0573482164328658
0.19685,0.11503418,52760.777,0.7777778396387369,0.15523016823591565,1.0573302004008016
0.19685,0.11656493,52758.516,0.7777778396387369,0.1613176180161948,1.0572848897795593
0.19685,0.11809569,52754.914,0.7777778396387369,0.16740510756423344,1.0572127054108216
0.19685,0.11962645,52750.184,0.7777778396387369,0.17349259711227202,1.0571179158316633
0.19685,0.12115719,52744.133,0.7777778396387369,0.17958000712479172,1.0569966533066133
0.19685,0.12268794,52737.043,0.7777778396387369,0.18566745690507086,1.0568545691382765
0.19685,0.12421869,52728.91,0.7777778396387369,0.19175490668535006,1.0566915831663328
0.19685,0.12574944,52719.75,0.7777778396387369,0.19784235646562914,1.0565080160320641
0.19685,0.12728021,52709.988,0.7777778396387369,0.2039298857814273,1.056312384769539
0.19685,0.12881094,52699.328,0.7777778396387369,0.21001725602618754,1.05609875751503
0.19685,0.13034171,52688.457,0.7777778396387369,0.21610478534198557,1.0558809018036073
0.19685,0.13187183,52676.922,0.7777778396387369,0.22218972975341833,1.055649739478958
0.19685,0.13330159,52665.938,0.7777778396387369,0.22787556493084896,1.055429619238477
0.19685,0.13454486,52656.559,0.7777778396387369,0.23281977116199554,1.0552416633266533
0.19685,0.13562597,52648.082,0.7777778396387369,0.23711910340563933,1.0550717835671344
0.19685,0.13656607,52640.969,0.7777778396387369,0.240857670473051,1.0549292384769537
0.19685,0.13738354,52634.613,0.7777778396387369,0.2441085655061294,1.0548018637274548
0.19685,0.13809437,52629.273,0.7777778396387369,0.24693537715226088,1.0546948496993989
0.19685,0.1387125,52624.551,0.7777778396387369,0.2493935416681413,1.0546002204408818
0.19685,0.13925001,52620.512,0.7777778396387369,0.2515310985072058,1.0545192785571142
0.19938999,0.01275,52644.281,0.7878788107753766,-0.25153109850720584,1.054995611222445
0.19938999,0.0132875,52648.102,0.7878788107753766,-0.24939358143590085,1.0550721843687374
0.19938999,0.013905625,52652.551,0.7878788107753766,-0.24693543680390018,1.0551613426853708
0.19938999,0.014616469,52657.543,0.7878788107753766,-0.2441085694829054,1.055261382765531
0.19938999,0.01543394,52663.445,0.7878788107753766,-0.24085767047305104,1.0553796593186373
0.19938999,0.016374029,52669.992,0.7878788107753766,-0.23711914715017476,1.0555108617234468
0.19938999,0.017455135,52677.695,0.7878788107753766,-0.23281983081363486,1.0556652304609218
0.19938999,0.018698405,52686.102,0.7878788107753766,-0.22787562458248825,1.0558337074148296
0.19938999,0.020128164,52695.742,0.7878788107753766,-0.22218979338183356,1.0560268937875752
0.19938999,0.021658298,52705.625,0.7878788107753766,-0.21610479329553753,1.0562249498997995
0.19938999,0.023189049,52714.648,0.7878788107753766,-0.21001733953848242,1.0564057715430861
0.19938999,0.024719801,52723.211,0.7878788107753766,-0.2039298818046514,1.056577374749499
0.19938999,0.026250554,52730.668,0.7878788107753766,-0.19784242009404443,1.0567268136272545
0.19938999,0.027781306,52737.355,0.7878788107753766,-0.19175496236021336,1.0568608216432867
0.19938999,0.029312057,52742.746,0.7878788107753766,-0.18566750860315825,1.0569688577154308
0.19938999,0.030842811,52747.086,0.7878788107753766,-0.17958004291577534,1.0570558316633267
0.19938999,0.032373562,52750.102,0.7878788107753766,-0.1734925891587202,1.0571162725450902
0.19938999,0.033904314,52751.832,0.7878788107753766,-0.1674051314248892,1.0571509418837677
0.19938999,0.035435066,52752.215,0.7878788107753766,-0.16131767369105812,1.057158617234469
0.19938999,0.036965817,52751.391,0.7878788107753766,-0.15523021993400304,1.0571421042084168
0.19938999,0.038496573,52749.176,0.7878788107753766,-0.1491427462930682,1.0570977154308616
0.19938999,0.040027324,52745.863,0.7878788107753766,-0.1430552925360131,1.0570313226452905
0.19938999,0.041558076,52741.371,0.7878788107753766,-0.13696783480218205,1.0569413026052104
0.19938999,0.043088827,52735.957,0.7878788107753766,-0.13088038104512695,1.0568328056112224
0.19938999,0.044619579,52729.641,0.7878788107753766,-0.12479292331129592,1.05670623246493
0.19938999,0.046150334,52722.66,0.7878788107753766,-0.11870545364713703,1.0565663326653307
0.19938999,0.047681086,52715.078,0.7878788107753766,-0.112617995913306,1.0564143887775552
0.19938999,0.049211837,52707.121,0.7878788107753766,-0.1065305421562509,1.0562549298597195
0.19938999,0.050742589,52698.867,0.7878788107753766,-0.10044308442241985,1.0560895190380761
0.19938999,0.052273341,52690.5,0.7878788107753766,-0.0943556266885888,1.0559218436873747
0.19938999,0.053804092,52682.098,0.7878788107753766,-0.08826817293153372,1.0557534669338677
0.19938999,0.055334844,52673.812,0.7878788107753766,-0.08218071519770266,1.0555874148296593
0.19938999,0.056865599,52665.715,0.7878788107753766,-0.07609324553354377,1.0554251503006011
0.19938999,0.058396351,52657.926,0.7878788107753766,-0.07000578779971274,1.0552690581162325
0.19938999,0.059927102,52650.5,0.7878788107753766,-0.06391833404265762,1.0551202404809619
0.19938999,0.061457854,52643.535,0.7878788107753766,-0.05783087630882659,1.0549806613226453
0.19938999,0.062988609,52637.09,0.7878788107753766,-0.0517434066446677,1.054851503006012
0.19938999,0.064519361,52631.234,0.7878788107753766,-0.04565594891083667,1.054734148296593
0.19938999,0.066050112,52626.02,0.7878788107753766,-0.03956849515378159,1.0546296593186373
0.19938999,0.067580864,52621.492,0.7878788107753766,-0.033481037419950496,1.0545389178356712
0.19938999,0.069111615,52617.684,0.7878788107753766,-0.027393583662895415,1.054462605210421
0.19938999,0.070642367,52614.613,0.7878788107753766,-0.021306125929064383,1.0544010621242486
0.19938999,0.072173119,52612.297,0.7878788107753766,-0.015218668195233353,1.0543546492985971
0.19938999,0.07370387,52610.746,0.7878788107753766,-0.009131214438178213,1.0543235671342686
0.19938999,0.075234622,52609.969,0.7878788107753766,-0.003043756704347182,1.0543079959919839
0.19938999,0.076765373,52609.969,0.7878788107753766,0.0030436970527079037,1.0543079959919839
0.19938999,0.078296125,52610.742,0.7878788107753766,0.009131154786538934,1.054323486973948
0.19938999,0.079826877,52612.289,0.7878788107753766,0.015218612520370019,1.054354488977956
0.19938999,0.081357636,52614.602,0.7878788107753766,0.021306098091632662,1.0544008416833668
0.19938999,0.082888387,52617.668,0.7878788107753766,0.027393551848687747,1.0544622845691383
0.19938999,0.084419131,52621.48,0.7878788107753766,0.03348097776831122,1.0545386773547094
0.19938999,0.08594989,52626.004,0.7878788107753766,0.039568463339573916,1.0546293386773546
0.19938999,0.087480649,52631.219,0.7878788107753766,0.04565594891083656,1.0547338476953907
0.19938999,0.089011393,52637.07,0.7878788107753766,0.051743374830460036,1.054851102204409
0.19938999,0.090542138,52643.52,0.7878788107753766,0.057830804726859454,1.0549803607214427
0.19938999,0.092072897,52650.488,0.7878788107753766,0.06391829029812215,1.05512
0.19938999,0.093603656,52657.914,0.7878788107753766,0.07000577586938479,1.0552688176352705
0.19938999,0.0951344,52665.707,0.7878788107753766,0.07609320178900826,1.05542498997996
0.19938999,0.096665144,52673.805,0.7878788107753766,0.08218062770863174,1.0555872745490982
0.19938999,0.09819591,52682.09,0.7878788107753766,0.08826814111732605,1.0557533066132263
0.19938999,0.099726662,52690.496,0.7878788107753766,0.09435559885115707,1.0559217635270541
0.19938999,0.10125741,52698.863,0.7878788107753766,0.10044304067788438,1.0560894388777555
0.19938999,0.10278817,52707.117,0.7878788107753766,0.10653053022592297,1.0562548496993989
0.19938999,0.10431892,52715.074,0.7878788107753766,0.11261798000620211,1.0564143086172344
0.19938999,0.10584967,52722.652,0.7878788107753766,0.11870542978648131,1.0565661723446895
0.19938999,0.10738042,52729.629,0.7878788107753766,0.12479287956676045,1.0567059919839679
0.19938999,0.10891117,52735.945,0.7878788107753766,0.13088032934703958,1.0568325651302606
0.19938999,0.11044192,52741.352,0.7878788107753766,0.13696777912731872,1.0569409218436874
0.19938999,0.11197267,52745.836,0.7878788107753766,0.14305522890759786,1.0570307815631264
0.19938999,0.11350343,52749.141,0.7878788107753766,0.1491427184556365,1.0570970140280562
0.19938999,0.11503418,52751.348,0.7878788107753766,0.15523016823591565,1.05714124248497
0.19938999,0.11656493,52752.168,0.7878788107753766,0.1613176180161948,1.0571576753507013
0.19938999,0.11809569,52751.781,0.7878788107753766,0.16740510756423344,1.0571499198396794
0.19938999,0.11962645,52750.039,0.7878788107753766,0.17349259711227202,1.05711501002004
0.19938999,0.12115719,52747.02,0.7878788107753766,0.17958000712479172,1.057054509018036
0.19938999,0.12268794,52742.68,0.7878788107753766,0.18566745690507086,1.0569675350701402
0.19938999,0.12421869,52737.281,0.7878788107753766,0.19175490668535006,1.0568593386773548
0.19938999,0.12574944,52730.594,0.7878788107753766,0.19784235646562914,1.0567253306613227
0.19938999,0.12728021,52723.133,0.7878788107753766,0.2039298857814273,1.0565758116232464
0.19938999,0.12881094,52714.574,0.7878788107753766,0.21001725602618754,1.0564042885771543
0.19938999,0.13034171,52705.551,0.7878788107753766,0.21610478534198557,1.0562234669338677
0.19938999,0.13187183,52695.668,0.7878788107753766,0.22218972975341833,1.0560254108216431
0.19938999,0.13330159,52686.023,0.7878788107753766,0.22787556493084896,1.055832124248497
0.19938999,0.13454486,52677.621,0.7878788107753766,0.23281977116199554,1.05566374749499
0.19938999,0.13562597,52669.914,0.7878788107753766,0.23711910340563933,1.0555092985971943
0.19938999,0.13656607,52663.367,0.7878788107753766,0.240857670473051,1.0553780961923847
0.19938999,0.13738354,52657.465,0.7878788107753766,0.2441085655061294,1.0552598196392784
0.19938999,0.13809437,52652.469,0.7878788107753766,0.24693537715226088,1.0551596993987975
0.19938999,0.1387125,52648.02,0.7878788107753766,0.2493935416681413,1.0550705410821644
0.19938999,0.13925001,52644.199,0.7878788107753766,0.2515310985072058,1.0549939679358717
0.20193,0.01275,52665.312,0.7979798614475352,-0.25153109850720584,1.0554170741482967
0.20193,0.0132875,52668.855,0.7979798614475352,-0.24939358143590085,1.0554880761523047
0.20193,0.013905625,52672.957,0.7979798614475352,-0.24693543680390018,1.0555702805611222
0.20193,0.014616469,52677.531,0.7979798614475352,-0.2441085694829054,1.0556619438877757
0.20193,0.01543394,52682.895,0.7979798614475352,-0.24085767047305104,1.0557694388777554
0.20193,0.016374029,52688.773,0.7979798614475352,-0.23711914715017476,1.0558872344689378
0.20193,0.017455135,52695.602,0.7979798614475352,-0.23281983081363486,1.0560240881763527
0.20193,0.018698405,52702.914,0.7979798614475352,-0.22787562458248825,1.0561706212424848
0.20193,0.020128164,52711.109,0.7979798614475352,-0.22218979338183356,1.0563348496993987
0.20193,0.021658298,52719.246,0.7979798614475352,-0.21610479329553753,1.0564979158316634
0.20193,0.023189049,52726.34,0.7979798614475352,-0.21001733953848242,1.0566400801603206
0.20193,0.024719801,52732.781,0.7979798614475352,-0.2039298818046514,1.0567691583166334
0.20193,0.026250554,52737.938,0.7979798614475352,-0.19784242009404443,1.05687250501002
0.20193,0.027781306,52742.195,0.7979798614475352,-0.19175496236021336,1.0569578156312625
0.20193,0.029312057,52744.926,0.7979798614475352,-0.18566750860315825,1.0570125450901804
0.20193,0.030842811,52746.672,0.7979798614475352,-0.17958004291577534,1.0570475350701403
0.20193,0.032373562,52746.875,0.7979798614475352,-0.1734925891587202,1.0570516032064128
0.20193,0.033904314,52745.684,0.7979798614475352,-0.1674051314248892,1.0570277354709419
0.20193,0.035435066,52743.25,0.7979798614475352,-0.16131767369105812,1.0569789579158317
0.20193,0.036965817,52739.52,0.7979798614475352,-0.15523021993400304,1.0569042084168336
0.20193,0.038496573,52734.57,0.7979798614475352,-0.1491427462930682,1.0568050100200401
0.20193,0.040027324,52728.543,0.7979798614475352,-0.1430552925360131,1.0566842284569138
0.20193,0.041558076,52721.492,0.7979798614475352,-0.13696783480218205,1.0565429258517034
0.20193,0.043088827,52713.637,0.7979798614475352,-0.13088038104512695,1.0563855110220441
0.20193,0.044619579,52705.039,0.7979798614475352,-0.12479292331129592,1.0562132064128256
0.20193,0.046150334,52695.938,0.7979798614475352,-0.11870545364713703,1.0560308216432865
0.20193,0.047681086,52686.414,0.7979798614475352,-0.112617995913306,1.0558399599198396
0.20193,0.049211837,52676.68,0.7979798614475352,-0.1065305421562509,1.0556448897795592
0.20193,0.050742589,52666.82,0.7979798614475352,-0.10044308442241985,1.0554472945891784
0.20193,0.052273341,52657.012,0.7979798614475352,-0.0943556266885888,1.055250741482966
0.20193,0.053804092,52647.336,0.7979798614475352,-0.08826817293153372,1.0550568336673347
0.20193,0.055334844,52637.934,0.7979798614475352,-0.08218071519770266,1.0548684168336673
0.20193,0.056865599,52628.871,0.7979798614475352,-0.07609324553354377,1.0546867935871744
0.20193,0.058396351,52620.262,0.7979798614475352,-0.07000578779971274,1.0545142685370743
0.20193,0.059927102,52612.16,0.7979798614475352,-0.06391833404265762,1.0543519038076152
0.20193,0.061457854,52604.648,0.7979798614475352,-0.05783087630882659,1.054201362725451
0.20193,0.062988609,52597.773,0.7979798614475352,-0.0517434066446677,1.0540635871743487
0.20193,0.064519361,52591.602,0.7979798614475352,-0.04565594891083667,1.0539399198396793
0.20193,0.066050112,52586.16,0.7979798614475352,-0.03956849515378159,1.0538308617234469
0.20193,0.067580864,52581.48,0.7979798614475352,-0.033481037419950496,1.0537370741482968
0.20193,0.069111615,52577.578,0.7979798614475352,-0.027393583662895415,1.0536588777555111
0.20193,0.070642367,52574.461,0.7979798614475352,-0.021306125929064383,1.0535964128256514
0.20193,0.072173119,52572.121,0.7979798614475352,-0.015218668195233353,1.0535495190380761
0.20193,0.07370387,52570.566,0.7979798614475352,-0.009131214438178213,1.0535183567134268
0.20193,0.075234622,52569.793,0.7979798614475352,-0.003043756704347182,1.053502865731463
0.20193,0.076765373,52569.789,0.7979798614475352,0.0030436970527079037,1.0535027855711423
0.20193,0.078296125,52570.566,0.7979798614475352,0.009131154786538934,1.0535183567134268
0.20193,0.079826877,52572.117,0.7979798614475352,0.015218612520370019,1.0535494388777555
0.20193,0.081357636,52574.453,0.7979798614475352,0.021306098091632662,1.05359625250501
0.20193,0.082888387,52577.566,0.7979798614475352,0.027393551848687747,1.0536586372745491
0.20193,0.084419131,52581.469,0.7979798614475352,0.03348097776831122,1.0537368537074148
0.20193,0.08594989,52586.145,0.7979798614475352,0.039568463339573916,1.0538305611222445
0.20193,0.087480649,52591.59,0.7979798614475352,0.04565594891083656,1.0539396793587175
0.20193,0.089011393,52597.762,0.7979798614475352,0.051743374830460036,1.054063366733467
0.20193,0.090542138,52604.633,0.7979798614475352,0.057830804726859454,1.0542010621242486
0.20193,0.092072897,52612.145,0.7979798614475352,0.06391829029812215,1.0543516032064129
0.20193,0.093603656,52620.246,0.7979798614475352,0.07000577586938479,1.0545139478957917
0.20193,0.0951344,52628.859,0.7979798614475352,0.07609320178900826,1.0546865531062124
0.20193,0.096665144,52637.922,0.7979798614475352,0.08218062770863174,1.0548681763527055
0.20193,0.09819591,52647.328,0.7979798614475352,0.08826814111732605,1.0550566733466935
0.20193,0.099726662,52657.004,0.7979798614475352,0.09435559885115707,1.0552505811623247
0.20193,0.10125741,52666.812,0.7979798614475352,0.10044304067788438,1.055447134268537
0.20193,0.10278817,52676.672,0.7979798614475352,0.10653053022592297,1.0556447294589177
0.20193,0.10431892,52686.402,0.7979798614475352,0.11261798000620211,1.0558397194388778
0.20193,0.10584967,52695.926,0.7979798614475352,0.11870542978648131,1.0560305811623247
0.20193,0.10738042,52705.023,0.7979798614475352,0.12479287956676045,1.0562128857715432
0.20193,0.10891117,52713.621,0.7979798614475352,0.13088032934703958,1.0563851903807615
0.20193,0.11044192,52721.473,0.7979798614475352,0.13696777912731872,1.0565425450901804
0.20193,0.11197267,52728.52,0.7979798614475352,0.14305522890759786,1.05668376753507
0.20193,0.11350343,52734.535,0.7979798614475352,0.1491427184556365,1.0568043086172345
0.20193,0.11503418,52739.484,0.7979798614475352,0.15523016823591565,1.0569034869739478
0.20193,0.11656493,52743.207,0.7979798614475352,0.1613176180161948,1.056978096192385
0.20193,0.11809569,52745.633,0.7979798614475352,0.16740510756423344,1.0570267134268538
0.20193,0.11962645,52746.816,0.7979798614475352,0.17349259711227202,1.0570504208416833
0.20193,0.12115719,52746.609,0.7979798614475352,0.17958000712479172,1.0570462725450902
0.20193,0.12268794,52744.859,0.7979798614475352,0.18566745690507086,1.0570112024048095
0.20193,0.12421869,52742.125,0.7979798614475352,0.19175490668535006,1.0569564128256512
0.20193,0.12574944,52737.867,0.7979798614475352,0.19784235646562914,1.0568710821643286
0.20193,0.12728021,52732.707,0.7979798614475352,0.2039298857814273,1.0567676753507014
0.20193,0.12881094,52726.266,0.7979798614475352,0.21001725602618754,1.0566385971943888
0.20193,0.13034171,52719.168,0.7979798614475352,0.21610478534198557,1.0564963527054108
0.20193,0.13187183,52711.035,0.7979798614475352,0.22218972975341833,1.056333366733467
0.20193,0.13330159,52702.84,0.7979798614475352,0.22787556493084896,1.056169138276553
0.20193,0.13454486,52695.527,0.7979798614475352,0.23281977116199554,1.0560225851703406
0.20193,0.13562597,52688.699,0.7979798614475352,0.23711910340563933,1.055885751503006
0.20193,0.13656607,52682.816,0.7979798614475352,0.240857670473051,1.0557678557114227
0.20193,0.13738354,52677.453,0.7979798614475352,0.2441085655061294,1.055660380761523
0.20193,0.13809437,52672.883,0.7979798614475352,0.24693537715226088,1.0555687975951904
0.20193,0.1387125,52668.777,0.7979798614475352,0.2493935416681413,1.0554865130260522
0.20193,0.13925001,52665.234,0.7979798614475352,0.2515310985072058,1.055415511022044
0.20446999,0.01275,52683.59,0.808080832584175,-0.25153109850720584,1.0557833667334668
0.20446999,0.0132875,52686.793,0.808080832584175,-0.24939358143590085,1.0558475551102204
0.20446999,0.013905625,52690.484,0.808080832584175,-0.24693543680390018,1.055921523046092
0.20446999,0.014616469,52694.562,0.808080832584175,-0.2441085694829054,1.0560032464929858
0.20446999,0.01543394,52699.305,0.808080832584175,-0.24085767047305104,1.0560982965931864
0.20446999,0.016374029,52704.441,0.808080832584175,-0.23711914715017476,1.0562012224448898
0.20446999,0.017455135,52710.309,0.808080832584175,-0.23281983081363486,1.0563188176352705
0.20446999,0.018698405,52716.453,0.808080832584175,-0.22787562458248825,1.0564419438877757
0.20446999,0.020128164,52723.148,0.808080832584175,-0.22218979338183356,1.056576112224449
0.20446999,0.021658298,52729.504,0.808080832584175,-0.21610479329553753,1.056703486973948
0.20446999,0.023189049,52734.691,0.808080832584175,-0.21001733953848242,1.0568074348697394
0.20446999,0.024719801,52739.082,0.808080832584175,-0.2039298818046514,1.0568954308617236
0.20446999,0.026250554,52741.98,0.808080832584175,-0.19784242009404443,1.0569535070140281
0.20446999,0.027781306,52743.973,0.808080832584175,-0.19175496236021336,1.0569934468937876
0.20446999,0.029312057,52744.398,0.808080832584175,-0.18566750860315825,1.0570019639278558
0.20446999,0.030842811,52743.363,0.808080832584175,-0.17958004291577534,1.0569812224448898
0.20446999,0.032373562,52741.203,0.808080832584175,-0.1734925891587202,1.0569379358717435
0.20446999,0.033904314,52737.496,0.808080832584175,-0.1674051314248892,1.0568636472945891
0.20446999,0.035435066,52732.574,0.808080832584175,-0.16131767369105812,1.05676501002004
0.20446999,0.036965817,52726.348,0.808080832584175,-0.15523021993400304,1.0566402404809618
0.20446999,0.038496573,52719.031,0.808080832584175,-0.1491427462930682,1.0564936072144289
0.20446999,0.040027324,52710.711,0.808080832584175,-0.1430552925360131,1.0563268737474951
0.20446999,0.041558076,52701.52,0.808080832584175,-0.13696783480218205,1.0561426853707414
0.20446999,0.043088827,52691.645,0.808080832584175,-0.13088038104512695,1.0559447895791583
0.20446999,0.044619579,52681.199,0.808080832584175,-0.12479292331129592,1.0557354509018035
0.20446999,0.046150334,52670.387,0.808080832584175,-0.11870545364713703,1.0555187775551103
0.20446999,0.047681086,52659.312,0.808080832584175,-0.112617995913306,1.0552968336673347
0.20446999,0.049211837,52648.172,0.808080832584175,-0.1065305421562509,1.0550735871743486
0.20446999,0.050742589,52637.047,0.808080832584175,-0.10044308442241985,1.0548506412825651
0.20446999,0.052273341,52626.113,0.808080832584175,-0.0943556266885888,1.054631523046092
0.20446999,0.053804092,52615.449,0.808080832584175,-0.08826817293153372,1.0544178156312625
0.20446999,0.055334844,52605.188,0.808080832584175,-0.08218071519770266,1.0542121843687375
0.20446999,0.056865599,52595.402,0.808080832584175,-0.07609324553354377,1.0540160721442886
0.20446999,0.058396351,52586.195,0.808080832584175,-0.07000578779971274,1.0538315631262525
0.20446999,0.059927102,52577.625,0.808080832584175,-0.06391833404265762,1.0536598196392786
0.20446999,0.061457854,52569.754,0.808080832584175,-0.05783087630882659,1.0535020841683367
0.20446999,0.062988609,52562.621,0.808080832584175,-0.0517434066446677,1.053359138276553
0.20446999,0.064519361,52556.27,0.808080832584175,-0.04565594891083667,1.053231863727455
0.20446999,0.066050112,52550.711,0.808080832584175,-0.03956849515378159,1.0531204609218436
0.20446999,0.067580864,52545.965,0.808080832584175,-0.033481037419950496,1.0530253507014027
0.20446999,0.069111615,52542.02,0.808080832584175,-0.027393583662895415,1.0529462925851703
0.20446999,0.070642367,52538.887,0.808080832584175,-0.021306125929064383,1.052883507014028
0.20446999,0.072173119,52536.547,0.808080832584175,-0.015218668195233353,1.0528366132264528
0.20446999,0.07370387,52534.992,0.808080832584175,-0.009131214438178213,1.0528054509018037
0.20446999,0.075234622,52534.219,0.808080832584175,-0.003043756704347182,1.0527899599198396
0.20446999,0.076765373,52534.219,0.808080832584175,0.0030436970527079037,1.0527899599198396
0.20446999,0.078296125,52534.992,0.808080832584175,0.009131154786538934,1.0528054509018037
0.20446999,0.079826877,52536.543,0.808080832584175,0.015218612520370019,1.0528365330661322
0.20446999,0.081357636,52538.883,0.808080832584175,0.021306098091632662,1.0528834268537075
0.20446999,0.082888387,52542.02,0.808080832584175,0.027393551848687747,1.0529462925851703
0.20446999,0.084419131,52545.961,0.808080832584175,0.03348097776831122,1.0530252705410823
0.20446999,0.08594989,52550.707,0.808080832584175,0.039568463339573916,1.053120380761523
0.20446999,0.087480649,52556.266,0.808080832584175,0.04565594891083656,1.0532317835671343
0.20446999,0.089011393,52562.613,0.808080832584175,0.051743374830460036,1.0533589779559118
0.20446999,0.090542138,52569.746,0.808080832584175,0.057830804726859454,1.0535019238476955
0.20446999,0.092072897,52577.613,0.808080832584175,0.06391829029812215,1.0536595791583165
0.20446999,0.093603656,52586.188,0.808080832584175,0.07000577586938479,1.0538314228456913
0.20446999,0.0951344,52595.391,0.808080832584175,0.07609320178900826,1.0540158517034068
0.20446999,0.096665144,52605.18,0.808080832584175,0.08218062770863174,1.054212024048096
0.20446999,0.09819591,52615.438,0.808080832584175,0.08826814111732605,1.0544175951903807
0.20446999,0.099726662,52626.102,0.808080832584175,0.09435559885115707,1.0546313026052103
0.20446999,0.10125741,52637.035,0.808080832584175,0.10044304067788438,1.0548504008016033
0.20446999,0.10278817,52648.16,0.808080832584175,0.10653053022592297,1.0550733466933868
0.20446999,0.10431892,52659.301,0.808080832584175,0.11261798000620211,1.055296613226453
0.20446999,0.10584967,52670.375,0.808080832584175,0.11870542978648131,1.0555185370741482
0.20446999,0.10738042,52681.184,0.808080832584175,0.12479287956676045,1.0557351503006012
0.20446999,0.10891117,52691.629,0.808080832584175,0.13088032934703958,1.0559444689378759
0.20446999,0.11044192,52701.5,0.808080832584175,0.13696777912731872,1.0561422845691382
0.20446999,0.11197267,52710.688,0.808080832584175,0.14305522890759786,1.0563264128256513
0.20446999,0.11350343,52719.004,0.808080832584175,0.1491427184556365,1.0564930661322645
0.20446999,0.11503418,52726.312,0.808080832584175,0.15523016823591565,1.0566395190380762
0.20446999,0.11656493,52732.531,0.808080832584175,0.1613176180161948,1.0567641482965933
0.20446999,0.11809569,52737.449,0.808080832584175,0.16740510756423344,1.0568627054108217
0.20446999,0.11962645,52741.148,0.808080832584175,0.17349259711227202,1.0569368336673346
0.20446999,0.12115719,52743.305,0.808080832584175,0.17958000712479172,1.0569800601202406
0.20446999,0.12268794,52744.336,0.808080832584175,0.18566745690507086,1.0570007214428858
0.20446999,0.12421869,52743.906,0.808080832584175,0.19175490668535006,1.056992104208417
0.20446999,0.12574944,52741.91,0.808080832584175,0.19784235646562914,1.056952104208417
0.20446999,0.12728021,52739.012,0.808080832584175,0.2039298857814273,1.0568940280561123
0.20446999,0.12881094,52734.617,0.808080832584175,0.21001725602618754,1.0568059519038075
0.20446999,0.13034171,52729.43,0.808080832584175,0.21610478534198557,1.056702004008016
0.20446999,0.13187183,52723.07,0.808080832584175,0.22218972975341833,1.0565745490981964
0.20446999,0.13330159,52716.379,0.808080832584175,0.22787556493084896,1.0564404609218436
0.20446999,0.13454486,52710.234,0.808080832584175,0.23281977116199554,1.0563173146292584
0.20446999,0.13562597,52704.367,0.808080832584175,0.23711910340563933,1.056199739478958
0.20446999,0.13656607,52699.23,0.808080832584175,0.240857670473051,1.0560967935871743
0.20446999,0.13738354,52694.488,0.808080832584175,0.2441085655061294,1.056001763527054
0.20446999,0.13809437,52690.41,0.808080832584175,0.24693537715226088,1.0559200400801605
0.20446999,0.1387125,52686.715,0.808080832584175,0.2493935416681413,1.0558459919839678
0.20446999,0.13925001,52683.512,0.808080832584175,0.2515310985072058,1.0557818036072144
0.20701,0.01275,52699.172,0.8181818832563336,-0.25153109850720584,1.056095631262525
0.20701,0.0132875,52701.988,0.8181818832563336,-0.24939358143590085,1.0561520641282565
0.20701,0.013905625,52705.211,0.8181818832563336,-0.24693543680390018,1.0562166533066133
0.20701,0.014616469,52708.742,0.8181818832563336,-0.2441085694829054,1.0562874148296593
0.20701,0.01543394,52712.805,0.8181818832563336,-0.24085767047305104,1.0563688376753506
0.20701,0.016374029,52717.145,0.8181818832563336,-0.23711914715017476,1.0564558116232465
0.20701,0.017455135,52721.992,0.8181818832563336,-0.23281983081363486,1.0565529458917835
0.20701,0.018698405,52726.949,0.8181818832563336,-0.22787562458248825,1.0566522845691382
0.20701,0.020128164,52732.102,0.8181818832563336,-0.22218979338183356,1.0567555511022044
0.20701,0.021658298,52736.758,0.8181818832563336,-0.21610479329553753,1.056848857715431
0.20701,0.023189049,52740.047,0.8181818832563336,-0.21001733953848242,1.0569147695390781
0.20701,0.024719801,52742.469,0.8181818832563336,-0.2039298818046514,1.0569633066132265
0.20701,0.026250554,52743.488,0.8181818832563336,-0.19784242009404443,1.0569837274549099
0.20701,0.027781306,52743.246,0.8181818832563336,-0.19175496236021336,1.056978877755511
0.20701,0.029312057,52741.32,0.8181818832563336,-0.18566750860315825,1.0569402805611223
0.20701,0.030842811,52738.301,0.8181818832563336,-0.17958004291577534,1.0568797795591183
0.20701,0.032373562,52733.758,0.8181818832563336,-0.1734925891587202,1.0567887374749498
0.20701,0.033904314,52727.926,0.8181818832563336,-0.1674051314248892,1.0566718637274548
0.20701,0.035435066,52720.828,0.8181818832563336,-0.16131767369105812,1.056529619238477
0.20701,0.036965817,52712.562,0.8181818832563336,-0.15523021993400304,1.0563639679358716
0.20701,0.038496573,52703.289,0.8181818832563336,-0.1491427462930682,1.056178136272545
0.20701,0.040027324,52693.129,0.8181818832563336,-0.1430552925360131,1.0559745290581162
0.20701,0.041558076,52682.242,0.8181818832563336,-0.13696783480218205,1.0557563527054108
0.20701,0.043088827,52670.801,0.8181818832563336,-0.13088038104512695,1.0555270741482965
0.20701,0.044619579,52658.938,0.8181818832563336,-0.12479292331129592,1.0552893386773547
0.20701,0.046150334,52646.84,0.8181818832563336,-0.11870545364713703,1.055046893787575
0.20701,0.047681086,52634.613,0.8181818832563336,-0.112617995913306,1.0548018637274548
0.20701,0.049211837,52622.441,0.8181818832563336,-0.1065305421562509,1.0545579358717434
0.20701,0.050742589,52610.41,0.8181818832563336,-0.10044308442241985,1.0543168336673348
0.20701,0.052273341,52598.68,0.8181818832563336,-0.0943556266885888,1.054081763527054
0.20701,0.053804092,52587.336,0.8181818832563336,-0.08826817293153372,1.0538544288577154
0.20701,0.055334844,52576.512,0.8181818832563336,-0.08218071519770266,1.05363751503006
0.20701,0.056865599,52566.27,0.8181818832563336,-0.07609324553354377,1.0534322645290581
0.20701,0.058396351,52556.711,0.8181818832563336,-0.07000578779971274,1.0532407014028056
0.20701,0.059927102,52547.883,0.8181818832563336,-0.06391833404265762,1.0530637875751503
0.20701,0.061457854,52539.84,0.8181818832563336,-0.05783087630882659,1.0529026052104207
0.20701,0.062988609,52532.605,0.8181818832563336,-0.0517434066446677,1.052757615230461
0.20701,0.064519361,52526.199,0.8181818832563336,-0.04565594891083667,1.052629238476954
0.20701,0.066050112,52520.621,0.8181818832563336,-0.03956849515378159,1.0525174549098195
0.20701,0.067580864,52515.879,0.8181818832563336,-0.033481037419950496,1.0524224248496994
0.20701,0.069111615,52511.953,0.8181818832563336,-0.027393583662895415,1.05234374749499
0.20701,0.070642367,52508.836,0.8181818832563336,-0.021306125929064383,1.0522812825651304
0.20701,0.072173119,52506.512,0.8181818832563336,-0.015218668195233353,1.0522347094188378
0.20701,0.07370387,52504.973,0.8181818832563336,-0.009131214438178213,1.0522038677354708
0.20701,0.075234622,52504.203,0.8181818832563336,-0.003043756704347182,1.0521884368737475
0.20701,0.076765373,52504.203,0.8181818832563336,0.0030436970527079037,1.0521884368737475
0.20701,0.078296125,52504.973,0.8181818832563336,0.009131154786538934,1.0522038677354708
0.20701,0.079826877,52506.516,0.8181818832563336,0.015218612520370019,1.0522347895791584
0.20701,0.081357636,52508.84,0.8181818832563336,0.021306098091632662,1.0522813627254508
0.20701,0.082888387,52511.957,0.8181818832563336,0.027393551848687747,1.0523438276553108
0.20701,0.084419131,52515.883,0.8181818832563336,0.03348097776831122,1.05242250501002
0.20701,0.08594989,52520.625,0.8181818832563336,0.039568463339573916,1.0525175350701403
0.20701,0.087480649,52526.203,0.8181818832563336,0.04565594891083656,1.0526293186372746
0.20701,0.089011393,52532.605,0.8181818832563336,0.051743374830460036,1.052757615230461
0.20701,0.090542138,52539.84,0.8181818832563336,0.057830804726859454,1.0529026052104207
0.20701,0.092072897,52547.883,0.8181818832563336,0.06391829029812215,1.0530637875751503
0.20701,0.093603656,52556.711,0.8181818832563336,0.07000577586938479,1.0532407014028056
0.20701,0.0951344,52566.266,0.8181818832563336,0.07609320178900826,1.0534321843687375
0.20701,0.096665144,52576.508,0.8181818832563336,0.08218062770863174,1.0536374348697395
0.20701,0.09819591,52587.332,0.8181818832563336,0.08826814111732605,1.0538543486973948
0.20701,0.099726662,52598.672,0.8181818832563336,0.09435559885115707,1.0540816032064129
0.20701,0.10125741,52610.398,0.8181818832563336,0.10044304067788438,1.0543165931863727
0.20701,0.10278817,52622.43,0.8181818832563336,0.10653053022592297,1.0545577154308616
0.20701,0.10431892,52634.602,0.8181818832563336,0.11261798000620211,1.0548016432865732
0.20701,0.10584967,52646.824,0.8181818832563336,0.11870542978648131,1.0550465731462926
0.20701,0.10738042,52658.922,0.8181818832563336,0.12479287956676045,1.0552890180360721
0.20701,0.10891117,52670.781,0.8181818832563336,0.13088032934703958,1.0555266733466935
0.20701,0.11044192,52682.223,0.8181818832563336,0.13696777912731872,1.0557559719438878
0.20701,0.11197267,52693.105,0.8181818832563336,0.14305522890759786,1.0559740480961926
0.20701,0.11350343,52703.262,0.8181818832563336,0.1491427184556365,1.056177595190381
0.20701,0.11503418,52712.531,0.8181818832563336,0.15523016823591565,1.0563633466933868
0.20701,0.11656493,52720.789,0.8181818832563336,0.1613176180161948,1.0565288376753506
0.20701,0.11809569,52727.883,0.8181818832563336,0.16740510756423344,1.056671002004008
0.20701,0.11962645,52733.711,0.8181818832563336,0.17349259711227202,1.0567877955911824
0.20701,0.12115719,52738.25,0.8181818832563336,0.17958000712479172,1.05687875751503
0.20701,0.12268794,52741.262,0.8181818832563336,0.18566745690507086,1.056939118236473
0.20701,0.12421869,52743.184,0.8181818832563336,0.19175490668535006,1.0569776352705411
0.20701,0.12574944,52743.422,0.8181818832563336,0.19784235646562914,1.0569824048096192
0.20701,0.12728021,52742.398,0.8181818832563336,0.2039298857814273,1.0569618837675352
0.20701,0.12881094,52739.977,0.8181818832563336,0.21001725602618754,1.056913366733467
0.20701,0.13034171,52736.684,0.8181818832563336,0.21610478534198557,1.056847374749499
0.20701,0.13187183,52732.023,0.8181818832563336,0.22218972975341833,1.0567539679358717
0.20701,0.13330159,52726.875,0.8181818832563336,0.22787556493084896,1.0566508016032063
0.20701,0.13454486,52721.914,0.8181818832563336,0.23281977116199554,1.056551382765531
0.20701,0.13562597,52717.066,0.8181818832563336,0.23711910340563933,1.0564542284569138
0.20701,0.13656607,52712.727,0.8181818832563336,0.240857670473051,1.0563672745490982
0.20701,0.13738354,52708.668,0.8181818832563336,0.2441085655061294,1.0562859318637274
0.20701,0.13809437,52705.137,0.8181818832563336,0.24693537715226088,1.0562151703406815
0.20701,0.1387125,52701.91,0.8181818832563336,0.2493935416681413,1.056150501002004
0.20701,0.13925001,52699.094,0.8181818832563336,0.2515310985072058,1.0560940681362725
0.20954999,0.01275,52712.285,0.8282828543929733,-0.25153109850720584,1.0563584168336675
0.20954999,0.0132875,52714.668,0.8282828543929733,-0.24939358143590085,1.0564061723446894
0.20954999,0.013905625,52717.379,0.8282828543929733,-0.24693543680390018,1.056460501002004
0.20954999,0.014616469,52720.32,0.8282828543929733,-0.2441085694829054,1.0565194388777555
0.20954999,0.01543394,52723.652,0.8282828543929733,-0.24085767047305104,1.0565862124248497
0.20954999,0.016374029,52727.145,0.8282828543929733,-0.23711914715017476,1.0566562124248495
0.20954999,0.017455135,52730.961,0.8282828543929733,-0.23281983081363486,1.0567326853707415
0.20954999,0.018698405,52734.676,0.8282828543929733,-0.22787562458248825,1.056807134268537
0.20954999,0.020128164,52738.355,0.8282828543929733,-0.22218979338183356,1.0568808617234469
0.20954999,0.021658298,52741.172,0.8282828543929733,-0.21610479329553753,1.0569373146292584
0.20954999,0.023189049,52742.914,0.8282828543929733,-0.21001733953848242,1.0569722244488977
0.20954999,0.024719801,52743.527,0.8282828543929733,-0.2039298818046514,1.056984509018036
0.20954999,0.026250554,52742.496,0.8282828543929733,-0.19784242009404443,1.0569638476953909
0.20954999,0.027781306,52740.168,0.8282828543929733,-0.19175496236021336,1.0569171943887774
0.20954999,0.029312057,52736.441,0.8282828543929733,-0.18566750860315825,1.05684250501002
0.20954999,0.030842811,52731.414,0.8282828543929733,-0.17958004291577534,1.056741763527054
0.20954999,0.032373562,52724.918,0.8282828543929733,-0.1734925891587202,1.0566115831663325
0.20954999,0.033904314,52717.254,0.8282828543929733,-0.1674051314248892,1.056457995991984
0.20954999,0.035435066,52708.375,0.8282828543929733,-0.16131767369105812,1.0562800601202404
0.20954999,0.036965817,52698.492,0.8282828543929733,-0.15523021993400304,1.056082004008016
0.20954999,0.038496573,52687.695,0.8282828543929733,-0.1491427462930682,1.055865631262525
0.20954999,0.040027324,52676.164,0.8282828543929733,-0.1430552925360131,1.0556345490981964
0.20954999,0.041558076,52664.035,0.8282828543929733,-0.13696783480218205,1.0553914829659319
0.20954999,0.043088827,52651.484,0.8282828543929733,-0.13088038104512695,1.0551399599198397
0.20954999,0.044619579,52638.641,0.8282828543929733,-0.12479292331129592,1.0548825851703407
0.20954999,0.046150334,52625.672,0.8282828543929733,-0.11870545364713703,1.0546226853707414
0.20954999,0.047681086,52612.695,0.8282828543929733,-0.112617995913306,1.054362625250501
0.20954999,0.049211837,52599.871,0.8282828543929733,-0.1065305421562509,1.054105631262525
0.20954999,0.050742589,52587.301,0.8282828543929733,-0.10044308442241985,1.0538537274549098
0.20954999,0.052273341,52575.129,0.8282828543929733,-0.0943556266885888,1.0536097995991984
0.20954999,0.053804092,52563.441,0.8282828543929733,-0.08826817293153372,1.0533755711422845
0.20954999,0.055334844,52552.355,0.8282828543929733,-0.08218071519770266,1.0531534068136272
0.20954999,0.056865599,52541.938,0.8282828543929733,-0.07609324553354377,1.0529446492985972
0.20954999,0.058396351,52532.273,0.8282828543929733,-0.07000578779971274,1.0527509619238478
0.20954999,0.059927102,52523.398,0.8282828543929733,-0.06391833404265762,1.0525731062124248
0.20954999,0.061457854,52515.359,0.8282828543929733,-0.05783087630882659,1.052412004008016
0.20954999,0.062988609,52508.16,0.8282828543929733,-0.0517434066446677,1.052267735470942
0.20954999,0.064519361,52501.816,0.8282828543929733,-0.04565594891083667,1.0521406012024048
0.20954999,0.066050112,52496.316,0.8282828543929733,-0.03956849515378159,1.052030380761523
0.20954999,0.067580864,52491.648,0.8282828543929733,-0.033481037419950496,1.0519368336673347
0.20954999,0.069111615,52487.797,0.8282828543929733,-0.027393583662895415,1.0518596593186373
0.20954999,0.070642367,52484.742,0.8282828543929733,-0.021306125929064383,1.0517984368737474
0.20954999,0.072173119,52482.469,0.8282828543929733,-0.015218668195233353,1.051752885771543
0.20954999,0.07370387,52480.965,0.8282828543929733,-0.009131214438178213,1.0517227454909819
0.20954999,0.075234622,52480.215,0.8282828543929733,-0.003043756704347182,1.0517077154308616
0.20954999,0.076765373,52480.215,0.8282828543929733,0.0030436970527079037,1.0517077154308616
0.20954999,0.078296125,52480.969,0.8282828543929733,0.009131154786538934,1.0517228256513025
0.20954999,0.079826877,52482.477,0.8282828543929733,0.015218612520370019,1.0517530460921845
0.20954999,0.081357636,52484.75,0.8282828543929733,0.021306098091632662,1.0517985971943888
0.20954999,0.082888387,52487.805,0.8282828543929733,0.027393551848687747,1.0518598196392785
0.20954999,0.084419131,52491.66,0.8282828543929733,0.03348097776831122,1.0519370741482967
0.20954999,0.08594989,52496.328,0.8282828543929733,0.039568463339573916,1.052030621242485
0.20954999,0.087480649,52501.828,0.8282828543929733,0.04565594891083656,1.0521408416833669
0.20954999,0.089011393,52508.172,0.8282828543929733,0.051743374830460036,1.0522679759519038
0.20954999,0.090542138,52515.371,0.8282828543929733,0.057830804726859454,1.0524122444889779
0.20954999,0.092072897,52523.406,0.8282828543929733,0.06391829029812215,1.0525732665330663
0.20954999,0.093603656,52532.281,0.8282828543929733,0.07000577586938479,1.052751122244489
0.20954999,0.0951344,52541.941,0.8282828543929733,0.07609320178900826,1.0529447094188376
0.20954999,0.096665144,52552.359,0.8282828543929733,0.08218062770863174,1.0531534869739478
0.20954999,0.09819591,52563.438,0.8282828543929733,0.08826814111732605,1.0533755110220442
0.20954999,0.099726662,52575.125,0.8282828543929733,0.09435559885115707,1.0536097194388778
0.20954999,0.10125741,52587.293,0.8282828543929733,0.10044304067788438,1.0538535671342686
0.20954999,0.10278817,52599.863,0.8282828543929733,0.10653053022592297,1.0541054709418838
0.20954999,0.10431892,52612.684,0.8282828543929733,0.11261798000620211,1.0543624048096192
0.20954999,0.10584967,52625.656,0.8282828543929733,0.11870542978648131,1.054622364729459
0.20954999,0.10738042,52638.625,0.8282828543929733,0.12479287956676045,1.054882264529058
0.20954999,0.10891117,52651.469,0.8282828543929733,0.13088032934703958,1.0551396593186373
0.20954999,0.11044192,52664.016,0.8282828543929733,0.13696777912731872,1.055391102204409
0.20954999,0.11197267,52676.145,0.8282828543929733,0.14305522890759786,1.0556341683366732
0.20954999,0.11350343,52687.672,0.8282828543929733,0.1491427184556365,1.0558651703406814
0.20954999,0.11503418,52698.465,0.8282828543929733,0.15523016823591565,1.0560814629258517
0.20954999,0.11656493,52708.344,0.8282828543929733,0.1613176180161948,1.0562794388777554
0.20954999,0.11809569,52717.223,0.8282828543929733,0.16740510756423344,1.056457374749499
0.20954999,0.11962645,52724.879,0.8282828543929733,0.17349259711227202,1.0566108016032065
0.20954999,0.12115719,52731.371,0.8282828543929733,0.17958000712479172,1.0567409018036071
0.20954999,0.12268794,52736.391,0.8282828543929733,0.18566745690507086,1.056841503006012
0.20954999,0.12421869,52740.113,0.8282828543929733,0.19175490668535006,1.0569160921843688
0.20954999,0.12574944,52742.438,0.8282828543929733,0.19784235646562914,1.0569626853707415
0.20954999,0.12728021,52743.461,0.8282828543929733,0.2039298857814273,1.0569831863727455
0.20954999,0.12881094,52742.844,0.8282828543929733,0.21001725602618754,1.0569708216432865
0.20954999,0.13034171,52741.098,0.8282828543929733,0.21610478534198557,1.0569358316633266
0.20954999,0.13187183,52738.277,0.8282828543929733,0.22218972975341833,1.0568792985971944
0.20954999,0.13330159,52734.598,0.8282828543929733,0.22787556493084896,1.0568055711422846
0.20954999,0.13454486,52730.883,0.8282828543929733,0.23281977116199554,1.056731122244489
0.20954999,0.13562597,52727.066,0.8282828543929733,0.23711910340563933,1.056654629258517
0.20954999,0.13656607,52723.574,0.8282828543929733,0.240857670473051,1.0565846492985973
0.20954999,0.13738354,52720.238,0.8282828543929733,0.2441085655061294,1.0565177955911824
0.20954999,0.13809437,52717.301,0.8282828543929733,0.24693537715226088,1.0564589378757514
0.20954999,0.1387125,52714.59,0.8282828543929733,0.2493935416681413,1.0564046092184367
0.20954999,0.13925001,52712.203,0.8282828543929733,0.2515310985072058,1.0563567735470942
0.21209,0.01275,52723.242,0.8383839050651319,-0.25153109850720584,1.0565779959919839
0.21209,0.0132875,52725.156,0.8383839050651319,-0.24939358143590085,1.0566163527054109
0.21209,0.013905625,52727.301,0.8383839050651319,-0.24693543680390018,1.0566593386773546
0.21209,0.014616469,52729.609,0.8383839050651319,-0.2441085694829054,1.0567055911823646
0.21209,0.01543394,52732.156,0.8383839050651319,-0.24085767047305104,1.056756633266533
0.21209,0.016374029,52734.773,0.8383839050651319,-0.23711914715017476,1.0568090781563126
0.21209,0.017455135,52737.473,0.8383839050651319,-0.23281983081363486,1.0568631863727453
0.21209,0.018698405,52739.988,0.8383839050651319,-0.22787562458248825,1.0569135871743487
0.21209,0.020128164,52741.996,0.8383839050651319,-0.22218979338183356,1.0569538276553105
0.21209,0.021658298,52743.395,0.8383839050651319,-0.21610479329553753,1.0569818637274548
0.21209,0.023189049,52743.438,0.8383839050651319,-0.21001733953848242,1.0569827254509019
0.21209,0.024719801,52741.883,0.8383839050651319,-0.2039298818046514,1.0569515631262525
0.21209,0.026250554,52739.215,0.8383839050651319,-0.19784242009404443,1.0568980961923846
0.21209,0.027781306,52735.105,0.8383839050651319,-0.19175496236021336,1.0568157314629258
0.21209,0.029312057,52729.656,0.8383839050651319,-0.18566750860315825,1.0567065330661323
0.21209,0.030842811,52722.883,0.8383839050651319,-0.17958004291577534,1.0565708016032065
0.21209,0.032373562,52714.824,0.8383839050651319,-0.1734925891587202,1.0564092985971945
0.21209,0.033904314,52705.664,0.8383839050651319,-0.1674051314248892,1.0562257314629258
0.21209,0.035435066,52695.426,0.8383839050651319,-0.16131767369105812,1.0560205611222444
0.21209,0.036965817,52684.34,0.8383839050651319,-0.15523021993400304,1.0557983967935871
0.21209,0.038496573,52672.469,0.8383839050651319,-0.1491427462930682,1.055560501002004
0.21209,0.040027324,52660.016,0.8383839050651319,-0.1430552925360131,1.0553109418837676
0.21209,0.041558076,52647.09,0.8383839050651319,-0.13696783480218205,1.0550519038076152
0.21209,0.043088827,52633.863,0.8383839050651319,-0.13088038104512695,1.0547868336673347
0.21209,0.044619579,52620.457,0.8383839050651319,-0.12479292331129592,1.0545181763527054
0.21209,0.046150334,52607.035,0.8383839050651319,-0.11870545364713703,1.0542491983967937
0.21209,0.047681086,52593.707,0.8383839050651319,-0.112617995913306,1.053982104208417
0.21209,0.049211837,52580.629,0.8383839050651319,-0.1065305421562509,1.0537200200400803
0.21209,0.050742589,52567.891,0.8383839050651319,-0.10044308442241985,1.0534647494989982
0.21209,0.052273341,52555.637,0.8383839050651319,-0.0943556266885888,1.0532191783567135
0.21209,0.053804092,52543.941,0.8383839050651319,-0.08826817293153372,1.0529847895791582
0.21209,0.055334844,52532.91,0.8383839050651319,-0.08218071519770266,1.05276372745491
0.21209,0.056865599,52522.594,0.8383839050651319,-0.07609324553354377,1.052556993987976
0.21209,0.058396351,52513.066,0.8383839050651319,-0.07000578779971274,1.0523660521042084
0.21209,0.059927102,52504.352,0.8383839050651319,-0.06391833404265762,1.0521914228456914
0.21209,0.061457854,52496.48,0.8383839050651319,-0.05783087630882659,1.0520336673346693
0.21209,0.062988609,52489.457,0.8383839050651319,-0.0517434066446677,1.0518929258517034
0.21209,0.064519361,52483.285,0.8383839050651319,-0.04565594891083667,1.051769238476954
0.21209,0.066050112,52477.945,0.8383839050651319,-0.03956849515378159,1.0516622244488978
0.21209,0.067580864,52473.422,0.8383839050651319,-0.033481037419950496,1.0515715831663326
0.21209,0.069111615,52469.688,0.8383839050651319,-0.027393583662895415,1.051496753507014
0.21209,0.070642367,52466.727,0.8383839050651319,-0.021306125929064383,1.0514374148296592
0.21209,0.072173119,52464.516,0.8383839050651319,-0.015218668195233353,1.0513931062124249
0.21209,0.07370387,52463.055,0.8383839050651319,-0.009131214438178213,1.0513638276553106
0.21209,0.075234622,52462.332,0.8383839050651319,-0.003043756704347182,1.0513493386773547
0.21209,0.076765373,52462.336,0.8383839050651319,0.0030436970527079037,1.0513494188376755
0.21209,0.078296125,52463.059,0.8383839050651319,0.009131154786538934,1.0513639078156314
0.21209,0.079826877,52464.52,0.8383839050651319,0.015218612520370019,1.0513931863727455
0.21209,0.081357636,52466.734,0.8383839050651319,0.021306098091632662,1.0514375551102204
0.21209,0.082888387,52469.699,0.8383839050651319,0.027393551848687747,1.0514969739478959
0.21209,0.084419131,52473.434,0.8383839050651319,0.03348097776831122,1.0515718236472946
0.21209,0.08594989,52477.957,0.8383839050651319,0.039568463339573916,1.0516624649298598
0.21209,0.087480649,52483.301,0.8383839050651319,0.04565594891083656,1.0517695591182366
0.21209,0.089011393,52489.473,0.8383839050651319,0.051743374830460036,1.051893246492986
0.21209,0.090542138,52496.496,0.8383839050651319,0.057830804726859454,1.052033987975952
0.21209,0.092072897,52504.367,0.8383839050651319,0.06391829029812215,1.0521917234468938
0.21209,0.093603656,52513.078,0.8383839050651319,0.07000577586938479,1.0523662925851704
0.21209,0.0951344,52522.602,0.8383839050651319,0.07609320178900826,1.0525571543086172
0.21209,0.096665144,52532.914,0.8383839050651319,0.08218062770863174,1.0527638076152304
0.21209,0.09819591,52543.945,0.8383839050651319,0.08826814111732605,1.052984869739479
0.21209,0.099726662,52555.637,0.8383839050651319,0.09435559885115707,1.0532191783567135
0.21209,0.10125741,52567.887,0.8383839050651319,0.10044304067788438,1.0534646693386773
0.21209,0.10278817,52580.621,0.8383839050651319,0.10653053022592297,1.0537198597194388
0.21209,0.10431892,52593.699,0.8383839050651319,0.11261798000620211,1.0539819438877756
0.21209,0.10584967,52607.023,0.8383839050651319,0.11870542978648131,1.0542489579158316
0.21209,0.10738042,52620.445,0.8383839050651319,0.12479287956676045,1.0545179358717436
0.21209,0.10891117,52633.848,0.8383839050651319,0.13088032934703958,1.0547865330661321
0.21209,0.11044192,52647.07,0.8383839050651319,0.13696777912731872,1.055051503006012
0.21209,0.11197267,52659.996,0.8383839050651319,0.14305522890759786,1.0553105410821644
0.21209,0.11350343,52672.445,0.8383839050651319,0.1491427184556365,1.05556002004008
0.21209,0.11503418,52684.316,0.8383839050651319,0.15523016823591565,1.0557979158316633
0.21209,0.11656493,52695.402,0.8383839050651319,0.1613176180161948,1.0560200801603208
0.21209,0.11809569,52705.633,0.8383839050651319,0.16740510756423344,1.056225110220441
0.21209,0.11962645,52714.793,0.8383839050651319,0.17349259711227202,1.0564086773547094
0.21209,0.12115719,52722.848,0.8383839050651319,0.17958000712479172,1.0565701002004009
0.21209,0.12268794,52729.617,0.8383839050651319,0.18566745690507086,1.056705751503006
0.21209,0.12421869,52735.059,0.8383839050651319,0.19175490668535006,1.0568148096192385
0.21209,0.12574944,52739.16,0.8383839050651319,0.19784235646562914,1.056896993987976
0.21209,0.12728021,52741.824,0.8383839050651319,0.2039298857814273,1.056950380761523
0.21209,0.12881094,52743.371,0.8383839050651319,0.21001725602618754,1.056981382765531
0.21209,0.13034171,52743.324,0.8383839050651319,0.21610478534198557,1.0569804408817636
0.21209,0.13187183,52741.922,0.8383839050651319,0.22218972975341833,1.0569523446893787
0.21209,0.13330159,52739.91,0.8383839050651319,0.22787556493084896,1.0569120240480963
0.21209,0.13454486,52737.391,0.8383839050651319,0.23281977116199554,1.0568615430861723
0.21209,0.13562597,52734.688,0.8383839050651319,0.23711910340563933,1.056807374749499
0.21209,0.13656607,52732.07,0.8383839050651319,0.240857670473051,1.0567549098196394
0.21209,0.13738354,52729.523,0.8383839050651319,0.2441085655061294,1.056703867735471
0.21209,0.13809437,52727.215,0.8383839050651319,0.24693537715226088,1.0566576152304608
0.21209,0.1387125,52725.066,0.8383839050651319,0.2493935416681413,1.0566145490981964
0.21209,0.13925001,52723.156,0.8383839050651319,0.2515310985072058,1.0565762725450902
0.21463001,0.01275,52732.395,0.8484849557372907,-0.25153109850720584,1.0567614228456914
0.21463001,0.0132875,52733.797,0.8484849557372907,-0.24939358143590085,1.056789519038076
0.21463001,0.013905625,52735.316,0.8484849557372907,-0.24693543680390018,1.0568199599198396
0.21463001,0.014616469,52736.93,0.8484849557372907,-0.2441085694829054,1.0568523046092184
0.21463001,0.01543394,52738.625,0.8484849557372907,-0.24085767047305104,1.0568862725450903
0.21463001,0.016374029,52740.277,0.8484849557372907,-0.23711914715017476,1.056919378757515
0.21463001,0.017455135,52741.816,0.8484849557372907,-0.23281983081363486,1.0569502204408818
0.21463001,0.018698405,52743.0,0.8484849557372907,-0.22787562458248825,1.0569739478957916
0.21463001,0.020128164,52743.613,0.8484849557372907,-0.22218979338183356,1.0569862324649297
0.21463001,0.021658298,52743.219,0.8484849557372907,-0.21610479329553753,1.0569783366733467
0.21463001,0.023189049,52741.184,0.8484849557372907,-0.21001733953848242,1.0569375551102205
0.21463001,0.024719801,52738.191,0.8484849557372907,-0.2039298818046514,1.0568775751503006
0.21463001,0.026250554,52733.781,0.8484849557372907,-0.19784242009404443,1.0567891983967936
0.21463001,0.027781306,52728.117,0.8484849557372907,-0.19175496236021336,1.0566756913827655
0.21463001,0.029312057,52721.137,0.8484849557372907,-0.18566750860315825,1.0565358116232466
0.21463001,0.030842811,52712.973,0.8484849557372907,-0.17958004291577534,1.0563722044088175
0.21463001,0.032373562,52703.672,0.8484849557372907,-0.1734925891587202,1.0561858116232465
0.21463001,0.033904314,52693.402,0.8484849557372907,-0.1674051314248892,1.0559800000000001
0.21463001,0.035435066,52682.227,0.8484849557372907,-0.16131767369105812,1.0557560521042084
0.21463001,0.036965817,52670.34,0.8484849557372907,-0.15523021993400304,1.0555178356713426
0.21463001,0.038496573,52657.82,0.8484849557372907,-0.1491427462930682,1.0552669338677354
0.21463001,0.040027324,52644.859,0.8484849557372907,-0.1430552925360131,1.0550071943887775
0.21463001,0.041558076,52631.547,0.8484849557372907,-0.13696783480218205,1.0547404208416833
0.21463001,0.043088827,52618.055,0.8484849557372907,-0.13088038104512695,1.0544700400801603
0.21463001,0.044619579,52604.492,0.8484849557372907,-0.12479292331129592,1.0541982364729459
0.21463001,0.046150334,52591.016,0.8484849557372907,-0.11870545364713703,1.0539281763527055
0.21463001,0.047681086,52577.727,0.8484849557372907,-0.112617995913306,1.0536618637274549
0.21463001,0.049211837,52564.77,0.8484849557372907,-0.1065305421562509,1.0534022044088176
0.21463001,0.050742589,52552.23,0.8484849557372907,-0.10044308442241985,1.0531509018036074
0.21463001,0.052273341,52540.234,0.8484849557372907,-0.0943556266885888,1.052910501002004
0.21463001,0.053804092,52528.844,0.8484849557372907,-0.08826817293153372,1.0526822444889778
0.21463001,0.055334844,52518.145,0.8484849557372907,-0.08218071519770266,1.0524678356713426
0.21463001,0.056865599,52508.18,0.8484849557372907,-0.07609324553354377,1.052268136272545
0.21463001,0.058396351,52499.004,0.8484849557372907,-0.07000578779971274,1.0520842484969941
0.21463001,0.059927102,52490.633,0.8484849557372907,-0.06391833404265762,1.051916492985972
0.21463001,0.061457854,52483.086,0.8484849557372907,-0.05783087630882659,1.051765250501002
0.21463001,0.062988609,52476.363,0.8484849557372907,-0.0517434066446677,1.0516305210420842
0.21463001,0.064519361,52470.469,0.8484849557372907,-0.04565594891083667,1.0515124048096192
0.21463001,0.066050112,52465.375,0.8484849557372907,-0.03956849515378159,1.0514103206412826
0.21463001,0.067580864,52461.074,0.8484849557372907,-0.033481037419950496,1.0513241282565131
0.21463001,0.069111615,52457.547,0.8484849557372907,-0.027393583662895415,1.0512534468937875
0.21463001,0.070642367,52454.766,0.8484849557372907,-0.021306125929064383,1.0511977154308618
0.21463001,0.072173119,52452.707,0.8484849557372907,-0.015218668195233353,1.0511564529058117
0.21463001,0.07370387,52451.344,0.8484849557372907,-0.009131214438178213,1.051129138276553
0.21463001,0.075234622,52450.68,0.8484849557372907,-0.003043756704347182,1.0511158316633267
0.21463001,0.076765373,52450.68,0.8484849557372907,0.0030436970527079037,1.0511158316633267
0.21463001,0.078296125,52451.348,0.8484849557372907,0.009131154786538934,1.0511292184368737
0.21463001,0.079826877,52452.711,0.8484849557372907,0.015218612520370019,1.0511565330661323
0.21463001,0.081357636,52454.773,0.8484849557372907,0.021306098091632662,1.0511978557114228
0.21463001,0.082888387,52457.555,0.8484849557372907,0.027393551848687747,1.051253607214429
0.21463001,0.084419131,52461.086,0.8484849557372907,0.03348097776831122,1.051324368737475
0.21463001,0.08594989,52465.387,0.8484849557372907,0.039568463339573916,1.0514105611222446
0.21463001,0.087480649,52470.484,0.8484849557372907,0.04565594891083656,1.0515127054108215
0.21463001,0.089011393,52476.383,0.8484849557372907,0.051743374830460036,1.0516309218436874
0.21463001,0.090542138,52483.105,0.8484849557372907,0.057830804726859454,1.0517656312625252
0.21463001,0.092072897,52490.648,0.8484849557372907,0.06391829029812215,1.0519167935871743
0.21463001,0.093603656,52499.02,0.8484849557372907,0.07000577586938479,1.0520845691382765
0.21463001,0.0951344,52508.191,0.8484849557372907,0.07609320178900826,1.0522683567134268
0.21463001,0.096665144,52518.152,0.8484849557372907,0.08218062770863174,1.0524679759519038
0.21463001,0.09819591,52528.848,0.8484849557372907,0.08826814111732605,1.0526823246492985
0.21463001,0.099726662,52540.238,0.8484849557372907,0.09435559885115707,1.0529105811623245
0.21463001,0.10125741,52552.23,0.8484849557372907,0.10044304067788438,1.0531509018036074
0.21463001,0.10278817,52564.766,0.8484849557372907,0.10653053022592297,1.053402124248497
0.21463001,0.10431892,52577.719,0.8484849557372907,0.11261798000620211,1.0536617034068136
0.21463001,0.10584967,52591.008,0.8484849557372907,0.11870542978648131,1.053928016032064
0.21463001,0.10738042,52604.48,0.8484849557372907,0.12479287956676045,1.054197995991984
0.21463001,0.10891117,52618.043,0.8484849557372907,0.13088032934703958,1.0544697995991983
0.21463001,0.11044192,52631.531,0.8484849557372907,0.13696777912731872,1.0547401002004009
0.21463001,0.11197267,52644.84,0.8484849557372907,0.14305522890759786,1.0550068136272543
0.21463001,0.11350343,52657.801,0.8484849557372907,0.1491427184556365,1.0552665531062124
0.21463001,0.11503418,52670.32,0.8484849557372907,0.15523016823591565,1.0555174348697394
0.21463001,0.11656493,52682.203,0.8484849557372907,0.1613176180161948,1.0557555711422846
0.21463001,0.11809569,52693.379,0.8484849557372907,0.16740510756423344,1.0559795390781563
0.21463001,0.11962645,52703.645,0.8484849557372907,0.17349259711227202,1.0561852705410821
0.21463001,0.12115719,52712.941,0.8484849557372907,0.17958000712479172,1.0563715631262525
0.21463001,0.12268794,52721.102,0.8484849557372907,0.18566745690507086,1.0565351102204408
0.21463001,0.12421869,52728.078,0.8484849557372907,0.19175490668535006,1.0566749098196393
0.21463001,0.12574944,52733.734,0.8484849557372907,0.19784235646562914,1.056788256513026
0.21463001,0.12728021,52738.141,0.8484849557372907,0.2039298857814273,1.0568765731462926
0.21463001,0.12881094,52741.121,0.8484849557372907,0.21001725602618754,1.0569362925851704
0.21463001,0.13034171,52743.152,0.8484849557372907,0.21610478534198557,1.056976993987976
0.21463001,0.13187183,52743.543,0.8484849557372907,0.22218972975341833,1.0569848296593185
0.21463001,0.13330159,52742.918,0.8484849557372907,0.22787556493084896,1.0569723046092183
0.21463001,0.13454486,52741.734,0.8484849557372907,0.23281977116199554,1.0569485771543086
0.21463001,0.13562597,52740.191,0.8484849557372907,0.23711910340563933,1.0569176553106212
0.21463001,0.13656607,52738.535,0.8484849557372907,0.240857670473051,1.0568844689378758
0.21463001,0.13738354,52736.84,0.8484849557372907,0.2441085655061294,1.056850501002004
0.21463001,0.13809437,52735.227,0.8484849557372907,0.24693537715226088,1.0568181763527054
0.21463001,0.1387125,52733.703,0.8484849557372907,0.2493935416681413,1.0567876352705412
0.21463001,0.13925001,52732.301,0.8484849557372907,0.2515310985072058,1.0567595390781563
0.21717,0.01275,52740.094,0.8585859268739303,-0.25153109850720584,1.0569157114228456
0.21717,0.0132875,52740.938,0.8585859268739303,-0.24939358143590085,1.0569326252505011
0.21717,0.013905625,52741.773,0.8585859268739303,-0.24693543680390018,1.0569493587174348
0.21717,0.014616469,52742.574,0.8585859268739303,-0.2441085694829054,1.0569654108216433
0.21717,0.01543394,52743.367,0.8585859268739303,-0.24085767047305104,1.0569813026052104
0.21717,0.016374029,52743.926,0.8585859268739303,-0.23711914715017476,1.05699250501002
0.21717,0.017455135,52744.293,0.8585859268739303,-0.23281983081363486,1.0569998597194388
0.21717,0.018698405,52744.051,0.8585859268739303,-0.22787562458248825,1.05699501002004
0.21717,0.020128164,52742.953,0.8585859268739303,-0.22218979338183356,1.0569730060120242
0.21717,0.021658298,52740.574,0.8585859268739303,-0.21610479329553753,1.0569253306613227
0.21717,0.023189049,52737.086,0.8585859268739303,-0.21001733953848242,1.0568554308617235
0.21717,0.024719801,52732.488,0.8585859268739303,-0.2039298818046514,1.0567632865731462
0.21717,0.026250554,52726.551,0.8585859268739303,-0.19784242009404443,1.0566443086172344
0.21717,0.027781306,52719.516,0.8585859268739303,-0.19175496236021336,1.0565033266533066
0.21717,0.029312057,52711.281,0.8585859268739303,-0.18566750860315825,1.0563382965931865
0.21717,0.030842811,52702.055,0.8585859268739303,-0.17958004291577534,1.0561534068136273
0.21717,0.032373562,52691.844,0.8585859268739303,-0.1734925891587202,1.0559487775551102
0.21717,0.033904314,52680.832,0.8585859268739303,-0.1674051314248892,1.0557280961923847
0.21717,0.035435066,52669.082,0.8585859268739303,-0.16131767369105812,1.055492625250501
0.21717,0.036965817,52656.773,0.8585859268739303,-0.15523021993400304,1.0552459519038075
0.21717,0.038496573,52643.98,0.8585859268739303,-0.1491427462930682,1.0549895791583166
0.21717,0.040027324,52630.879,0.8585859268739303,-0.1430552925360131,1.0547270340681363
0.21717,0.041558076,52617.555,0.8585859268739303,-0.13696783480218205,1.0544600200400802
0.21717,0.043088827,52604.176,0.8585859268739303,-0.13088038104512695,1.0541919038076153
0.21717,0.044619579,52590.832,0.8585859268739303,-0.12479292331129592,1.053924488977956
0.21717,0.046150334,52577.668,0.8585859268739303,-0.11870545364713703,1.0536606813627254
0.21717,0.047681086,52564.781,0.8585859268739303,-0.112617995913306,1.0534024248496994
0.21717,0.049211837,52552.293,0.8585859268739303,-0.1065305421562509,1.0531521643286572
0.21717,0.050742589,52540.277,0.8585859268739303,-0.10044308442241985,1.052911362725451
0.21717,0.052273341,52528.832,0.8585859268739303,-0.0943556266885888,1.052682004008016
0.21717,0.053804092,52518.016,0.8585859268739303,-0.08826817293153372,1.0524652505010021
0.21717,0.055334844,52507.891,0.8585859268739303,-0.08218071519770266,1.0522623446893788
0.21717,0.056865599,52498.484,0.8585859268739303,-0.07609324553354377,1.0520738276553105
0.21717,0.058396351,52489.844,0.8585859268739303,-0.07000578779971274,1.0519006813627254
0.21717,0.059927102,52481.969,0.8585859268739303,-0.06391833404265762,1.051742865731463
0.21717,0.061457854,52474.879,0.8585859268739303,-0.05783087630882659,1.0516007815631263
0.21717,0.062988609,52468.57,0.8585859268739303,-0.0517434066446677,1.0514743486973948
0.21717,0.064519361,52463.039,0.8585859268739303,-0.04565594891083667,1.051363507014028
0.21717,0.066050112,52458.27,0.8585859268739303,-0.03956849515378159,1.0512679358717434
0.21717,0.067580864,52454.277,0.8585859268739303,-0.033481037419950496,1.0511879158316633
0.21717,0.069111615,52451.012,0.8585859268739303,-0.027393583662895415,1.0511224849699399
0.21717,0.070642367,52448.465,0.8585859268739303,-0.021306125929064383,1.0510714428857715
0.21717,0.072173119,52446.559,0.8585859268739303,-0.015218668195233353,1.051033246492986
0.21717,0.07370387,52445.277,0.8585859268739303,-0.009131214438178213,1.0510075551102205
0.21717,0.075234622,52444.629,0.8585859268739303,-0.003043756704347182,1.0509945691382765
0.21717,0.076765373,52444.633,0.8585859268739303,0.0030436970527079037,1.0509946492985973
0.21717,0.078296125,52445.281,0.8585859268739303,0.009131154786538934,1.051007635270541
0.21717,0.079826877,52446.562,0.8585859268739303,0.015218612520370019,1.0510333066132265
0.21717,0.081357636,52448.469,0.8585859268739303,0.021306098091632662,1.051071523046092
0.21717,0.082888387,52451.016,0.8585859268739303,0.027393551848687747,1.0511225651302605
0.21717,0.084419131,52454.285,0.8585859268739303,0.03348097776831122,1.0511880761523047
0.21717,0.08594989,52458.281,0.8585859268739303,0.039568463339573916,1.0512681563126254
0.21717,0.087480649,52463.047,0.8585859268739303,0.04565594891083656,1.0513636673346693
0.21717,0.089011393,52468.582,0.8585859268739303,0.051743374830460036,1.0514745891783568
0.21717,0.090542138,52474.895,0.8585859268739303,0.057830804726859454,1.0516011022044087
0.21717,0.092072897,52481.98,0.8585859268739303,0.06391829029812215,1.0517430861723447
0.21717,0.093603656,52489.855,0.8585859268739303,0.07000577586938479,1.0519009018036072
0.21717,0.0951344,52498.496,0.8585859268739303,0.07609320178900826,1.0520740681362726
0.21717,0.096665144,52507.898,0.8585859268739303,0.08218062770863174,1.0522624849699398
0.21717,0.09819591,52518.02,0.8585859268739303,0.08826814111732605,1.0524653306613225
0.21717,0.099726662,52528.836,0.8585859268739303,0.09435559885115707,1.0526820841683366
0.21717,0.10125741,52540.277,0.8585859268739303,0.10044304067788438,1.052911362725451
0.21717,0.10278817,52552.289,0.8585859268739303,0.10653053022592297,1.0531520841683366
0.21717,0.10431892,52564.773,0.8585859268739303,0.11261798000620211,1.0534022645290582
0.21717,0.10584967,52577.66,0.8585859268739303,0.11870542978648131,1.0536605210420842
0.21717,0.10738042,52590.82,0.8585859268739303,0.12479287956676045,1.053924248496994
0.21717,0.10891117,52604.164,0.8585859268739303,0.13088032934703958,1.0541916633266533
0.21717,0.11044192,52617.543,0.8585859268739303,0.13696777912731872,1.0544597795591182
0.21717,0.11197267,52630.863,0.8585859268739303,0.14305522890759786,1.0547267134268536
0.21717,0.11350343,52643.961,0.8585859268739303,0.1491427184556365,1.0549891983967936
0.21717,0.11503418,52656.754,0.8585859268739303,0.15523016823591565,1.0552455711422846
0.21717,0.11656493,52669.062,0.8585859268739303,0.1613176180161948,1.0554922244488978
0.21717,0.11809569,52680.812,0.8585859268739303,0.16740510756423344,1.0557276953907815
0.21717,0.11962645,52691.816,0.8585859268739303,0.17349259711227202,1.0559482164328657
0.21717,0.12115719,52702.027,0.8585859268739303,0.17958000712479172,1.056152845691383
0.21717,0.12268794,52711.25,0.8585859268739303,0.18566745690507086,1.0563376753507014
0.21717,0.12421869,52719.48,0.8585859268739303,0.19175490668535006,1.056502605210421
0.21717,0.12574944,52726.508,0.8585859268739303,0.19784235646562914,1.0566434468937875
0.21717,0.12728021,52732.438,0.8585859268739303,0.2039298857814273,1.0567622845691382
0.21717,0.12881094,52737.031,0.8585859268739303,0.21001725602618754,1.0568543286573147
0.21717,0.13034171,52740.512,0.8585859268739303,0.21610478534198557,1.0569240881763529
0.21717,0.13187183,52742.879,0.8585859268739303,0.22218972975341833,1.056971523046092
0.21717,0.13330159,52743.969,0.8585859268739303,0.22787556493084896,1.0569933667334668
0.21717,0.13454486,52744.211,0.8585859268739303,0.23281977116199554,1.0569982164328657
0.21717,0.13562597,52743.836,0.8585859268739303,0.23711910340563933,1.0569907014028057
0.21717,0.13656607,52743.277,0.8585859268739303,0.240857670473051,1.056979498997996
0.21717,0.13738354,52742.48,0.8585859268739303,0.2441085655061294,1.0569635270541082
0.21717,0.13809437,52741.68,0.8585859268739303,0.24693537715226088,1.05694749498998
0.21717,0.1387125,52740.844,0.8585859268739303,0.2493935416681413,1.0569307414829658
0.21717,0.13925001,52740.0,0.8585859268739303,0.2515310985072058,1.0569138276553107
0.21971001,0.01275,52746.703,0.868686977546089,-0.25153109850720584,1.0570481563126253
0.21971001,0.0132875,52746.898,0.868686977546089,-0.24939358143590085,1.0570520641282566
0.21971001,0.013905625,52746.953,0.868686977546089,-0.24693543680390018,1.0570531663326654
0.21971001,0.014616469,52746.914,0.868686977546089,-0.2441085694829054,1.057052384769539
0.21971001,0.01543394,52746.688,0.868686977546089,-0.24085767047305104,1.057047855711423
0.21971001,0.016374029,52746.113,0.868686977546089,-0.23711914715017476,1.0570363326653307
0.21971001,0.017455135,52745.113,0.868686977546089,-0.23281983081363486,1.0570162925851703
0.21971001,0.018698405,52743.34,0.868686977546089,-0.22787562458248825,1.056980761523046
0.21971001,0.020128164,52740.484,0.868686977546089,-0.22218979338183356,1.0569235270541082
0.21971001,0.021658298,52736.441,0.868686977546089,-0.21610479329553753,1.05684250501002
0.21971001,0.023189049,52731.406,0.868686977546089,-0.21001733953848242,1.056741603206413
0.21971001,0.024719801,52725.262,0.868686977546089,-0.2039298818046514,1.0566184769539078
0.21971001,0.026250554,52718.027,0.868686977546089,-0.19784242009404443,1.0564734869739478
0.21971001,0.027781306,52709.82,0.868686977546089,-0.19175496236021336,1.0563090180360721
0.21971001,0.029312057,52700.617,0.868686977546089,-0.18566750860315825,1.0561245891783566
0.21971001,0.030842811,52690.602,0.868686977546089,-0.17958004291577534,1.055923887775551
0.21971001,0.032373562,52679.777,0.868686977546089,-0.1734925891587202,1.0557069539078157
0.21971001,0.033904314,52668.34,0.868686977546089,-0.1674051314248892,1.055477755511022
0.21971001,0.035435066,52656.32,0.868686977546089,-0.16131767369105812,1.055236873747495
0.21971001,0.036965817,52643.906,0.868686977546089,-0.15523021993400304,1.0549880961923848
0.21971001,0.038496573,52631.16,0.868686977546089,-0.1491427462930682,1.0547326653306615
0.21971001,0.040027324,52618.246,0.868686977546089,-0.1430552925360131,1.054473867735471
0.21971001,0.041558076,52605.246,0.868686977546089,-0.13696783480218205,1.0542133466933867
0.21971001,0.043088827,52592.309,0.868686977546089,-0.13088038104512695,1.0539540881763527
0.21971001,0.044619579,52579.516,0.868686977546089,-0.12479292331129592,1.0536977154308618
0.21971001,0.046150334,52566.996,0.868686977546089,-0.11870545364713703,1.0534468136272546
0.21971001,0.047681086,52554.824,0.868686977546089,-0.112617995913306,1.0532028857715432
0.21971001,0.049211837,52543.102,0.868686977546089,-0.1065305421562509,1.0529679759519037
0.21971001,0.050742589,52531.887,0.868686977546089,-0.10044308442241985,1.052743226452906
0.21971001,0.052273341,52521.254,0.868686977546089,-0.0943556266885888,1.0525301402805611
0.21971001,0.053804092,52511.242,0.868686977546089,-0.08826817293153372,1.0523294989979959
0.21971001,0.055334844,52501.898,0.868686977546089,-0.08218071519770266,1.052142244488978
0.21971001,0.056865599,52493.238,0.868686977546089,-0.07609324553354377,1.0519686973947895
0.21971001,0.058396351,52485.293,0.868686977546089,-0.07000578779971274,1.0518094789579158
0.21971001,0.059927102,52478.062,0.868686977546089,-0.06391833404265762,1.0516645691382764
0.21971001,0.061457854,52471.559,0.868686977546089,-0.05783087630882659,1.051534248496994
0.21971001,0.062988609,52465.762,0.868686977546089,-0.0517434066446677,1.0514180761523046
0.21971001,0.064519361,52460.68,0.868686977546089,-0.04565594891083667,1.05131623246493
0.21971001,0.066050112,52456.273,0.868686977546089,-0.03956849515378159,1.0512279158316633
0.21971001,0.067580864,52452.562,0.868686977546089,-0.033481037419950496,1.0511535470941884
0.21971001,0.069111615,52449.445,0.868686977546089,-0.027393583662895415,1.0510910821643287
0.21971001,0.070642367,52447.023,0.868686977546089,-0.021306125929064383,1.0510425450901804
0.21971001,0.072173119,52445.078,0.868686977546089,-0.015218668195233353,1.0510035671342686
0.21971001,0.07370387,52443.93,0.868686977546089,-0.009131214438178213,1.0509805611222445
0.21971001,0.075234622,52443.184,0.868686977546089,-0.003043756704347182,1.0509656112224448
0.21971001,0.076765373,52443.184,0.868686977546089,0.0030436970527079037,1.0509656112224448
0.21971001,0.078296125,52443.93,0.868686977546089,0.009131154786538934,1.0509805611222445
0.21971001,0.079826877,52445.078,0.868686977546089,0.015218612520370019,1.0510035671342686
0.21971001,0.081357636,52447.02,0.868686977546089,0.021306098091632662,1.0510424849699398
0.21971001,0.082888387,52449.445,0.868686977546089,0.027393551848687747,1.0510910821643287
0.21971001,0.084419131,52452.562,0.868686977546089,0.03348097776831122,1.0511535470941884
0.21971001,0.08594989,52456.273,0.868686977546089,0.039568463339573916,1.0512279158316633
0.21971001,0.087480649,52460.684,0.868686977546089,0.04565594891083656,1.0513163126252505
0.21971001,0.089011393,52465.762,0.868686977546089,0.051743374830460036,1.0514180761523046
0.21971001,0.090542138,52471.562,0.868686977546089,0.057830804726859454,1.0515343086172344
0.21971001,0.092072897,52478.066,0.868686977546089,0.06391829029812215,1.0516646492985973
0.21971001,0.093603656,52485.297,0.868686977546089,0.07000577586938479,1.0518095591182364
0.21971001,0.0951344,52493.242,0.868686977546089,0.07609320178900826,1.05196877755511
0.21971001,0.096665144,52501.898,0.868686977546089,0.08218062770863174,1.052142244488978
0.21971001,0.09819591,52511.242,0.868686977546089,0.08826814111732605,1.0523294989979959
0.21971001,0.099726662,52521.254,0.868686977546089,0.09435559885115707,1.0525301402805611
0.21971001,0.10125741,52531.883,0.868686977546089,0.10044304067788438,1.0527431462925851
0.21971001,0.10278817,52543.098,0.868686977546089,0.10653053022592297,1.0529678957915831
0.21971001,0.10431892,52554.816,0.868686977546089,0.11261798000620211,1.0532027254509018
0.21971001,0.10584967,52566.984,0.868686977546089,0.11870542978648131,1.0534465731462925
0.21971001,0.10738042,52579.504,0.868686977546089,0.12479287956676045,1.0536974749498997
0.21971001,0.10891117,52592.293,0.868686977546089,0.13088032934703958,1.05395376753507
0.21971001,0.11044192,52605.23,0.868686977546089,0.13696777912731872,1.0542130260521043
0.21971001,0.11197267,52618.23,0.868686977546089,0.14305522890759786,1.0544735470941884
0.21971001,0.11350343,52631.141,0.868686977546089,0.1491427184556365,1.0547322845691383
0.21971001,0.11503418,52643.887,0.868686977546089,0.15523016823591565,1.0549877154308618
0.21971001,0.11656493,52656.301,0.868686977546089,0.1613176180161948,1.0552364929859719
0.21971001,0.11809569,52668.312,0.868686977546089,0.16740510756423344,1.0554771943887775
0.21971001,0.11962645,52679.75,0.868686977546089,0.17349259711227202,1.0557064128256513
0.21971001,0.12115719,52690.57,0.868686977546089,0.17958000712479172,1.055923246492986
0.21971001,0.12268794,52700.582,0.868686977546089,0.18566745690507086,1.0561238877755512
0.21971001,0.12421869,52709.781,0.868686977546089,0.19175490668535006,1.056308236472946
0.21971001,0.12574944,52717.984,0.868686977546089,0.19784235646562914,1.056472625250501
0.21971001,0.12728021,52725.211,0.868686977546089,0.2039298857814273,1.0566174549098197
0.21971001,0.12881094,52731.352,0.868686977546089,0.21001725602618754,1.0567405210420842
0.21971001,0.13034171,52736.379,0.868686977546089,0.21610478534198557,1.05684126252505
0.21971001,0.13187183,52740.418,0.868686977546089,0.22218972975341833,1.0569222044088176
0.21971001,0.13330159,52743.266,0.868686977546089,0.22787556493084896,1.0569792785571144
0.21971001,0.13454486,52745.031,0.868686977546089,0.23281977116199554,1.0570146492985972
0.21971001,0.13562597,52746.031,0.868686977546089,0.23711910340563933,1.0570346893787577
0.21971001,0.13656607,52746.598,0.868686977546089,0.240857670473051,1.0570460521042084
0.21971001,0.13738354,52746.824,0.868686977546089,0.2441085655061294,1.0570505811623248
0.21971001,0.13809437,52746.859,0.868686977546089,0.24693537715226088,1.0570512825651301
0.21971001,0.1387125,52746.809,0.868686977546089,0.2493935416681413,1.0570502805611222
0.21971001,0.13925001,52746.609,0.868686977546089,0.2515310985072058,1.0570462725450902
0.22225,0.01275,52752.605,0.8787879486827287,-0.25153109850720584,1.0571664328657315
0.22225,0.0132875,52752.094,0.8787879486827287,-0.24939358143590085,1.0571561923847694
0.22225,0.013905625,52751.32,0.8787879486827287,-0.24693543680390018,1.0571406813627255
0.22225,0.014616469,52750.355,0.8787879486827287,-0.2441085694829054,1.0571213426853707
0.22225,0.01543394,52749.016,0.8787879486827287,-0.24085767047305104,1.0570945090180361
0.22225,0.016374029,52747.246,0.8787879486827287,-0.23711914715017476,1.0570590380761522
0.22225,0.017455135,52744.781,0.8787879486827287,-0.23281983081363486,1.057009639278557
0.22225,0.018698405,52741.516,0.8787879486827287,-0.22787562458248825,1.0569442084168337
0.22225,0.020128164,52736.973,0.8787879486827287,-0.22218979338183356,1.0568531663326652
0.22225,0.021658298,52731.25,0.8787879486827287,-0.21610479329553753,1.0567384769539079
0.22225,0.023189049,52724.703,0.8787879486827287,-0.21001733953848242,1.0566072745490982
0.22225,0.024719801,52717.168,0.8787879486827287,-0.2039298818046514,1.0564562725450901
0.22225,0.026250554,52708.793,0.8787879486827287,-0.19784242009404443,1.0562884368737475
0.22225,0.027781306,52699.598,0.8787879486827287,-0.19175496236021336,1.0561041683366732
0.22225,0.029312057,52689.645,0.8787879486827287,-0.18566750860315825,1.0559047094188376
0.22225,0.030842811,52679.047,0.8787879486827287,-0.17958004291577534,1.0556923246492986
0.22225,0.032373562,52667.852,0.8787879486827287,-0.1734925891587202,1.055467975951904
0.22225,0.033904314,52656.215,0.8787879486827287,-0.1674051314248892,1.055234769539078
0.22225,0.035435066,52644.18,0.8787879486827287,-0.16131767369105812,1.0549935871743488
0.22225,0.036965817,52631.914,0.8787879486827287,-0.15523021993400304,1.054747775551102
0.22225,0.038496573,52619.477,0.8787879486827287,-0.1491427462930682,1.0544985370741482
0.22225,0.040027324,52607.023,0.8787879486827287,-0.1430552925360131,1.0542489579158316
0.22225,0.041558076,52594.625,0.8787879486827287,-0.13696783480218205,1.054000501002004
0.22225,0.043088827,52582.402,0.8787879486827287,-0.13088038104512695,1.0537555511022045
0.22225,0.044619579,52570.43,0.8787879486827287,-0.12479292331129592,1.0535156312625251
0.22225,0.046150334,52558.812,0.8787879486827287,-0.11870545364713703,1.0532828056112225
0.22225,0.047681086,52547.602,0.8787879486827287,-0.112617995913306,1.0530581563126253
0.22225,0.049211837,52536.875,0.8787879486827287,-0.1065305421562509,1.0528431863727454
0.22225,0.050742589,52526.668,0.8787879486827287,-0.10044308442241985,1.052638637274549
0.22225,0.052273341,52517.039,0.8787879486827287,-0.0943556266885888,1.0524456713426853
0.22225,0.053804092,52508.004,0.8787879486827287,-0.08826817293153372,1.052264609218437
0.22225,0.055334844,52499.598,0.8787879486827287,-0.08218071519770266,1.0520961523046093
0.22225,0.056865599,52491.82,0.8787879486827287,-0.07609324553354377,1.0519402805611222
0.22225,0.058396351,52484.695,0.8787879486827287,-0.07000578779971274,1.05179749498998
0.22225,0.059927102,52478.207,0.8787879486827287,-0.06391833404265762,1.0516674749498998
0.22225,0.061457854,52472.367,0.8787879486827287,-0.05783087630882659,1.0515504408817635
0.22225,0.062988609,52467.145,0.8787879486827287,-0.0517434066446677,1.0514457915831663
0.22225,0.064519361,52462.551,0.8787879486827287,-0.04565594891083667,1.0513537274549098
0.22225,0.066050112,52458.551,0.8787879486827287,-0.03956849515378159,1.0512735671342686
0.22225,0.067580864,52455.148,0.8787879486827287,-0.033481037419950496,1.051205370741483
0.22225,0.069111615,52452.246,0.8787879486827287,-0.027393583662895415,1.0511472144288576
0.22225,0.070642367,52450.016,0.8787879486827287,-0.021306125929064383,1.0511025250501003
0.22225,0.072173119,52448.273,0.8787879486827287,-0.015218668195233353,1.0510675951903807
0.22225,0.07370387,52447.211,0.8787879486827287,-0.009131214438178213,1.0510463126252505
0.22225,0.075234622,52446.656,0.8787879486827287,-0.003043756704347182,1.0510351903807615
0.22225,0.076765373,52446.656,0.8787879486827287,0.0030436970527079037,1.0510351903807615
0.22225,0.078296125,52447.207,0.8787879486827287,0.009131154786538934,1.05104623246493
0.22225,0.079826877,52448.273,0.8787879486827287,0.015218612520370019,1.0510675951903807
0.22225,0.081357636,52450.012,0.8787879486827287,0.021306098091632662,1.0511024448897797
0.22225,0.082888387,52452.238,0.8787879486827287,0.027393551848687747,1.0511470541082164
0.22225,0.084419131,52455.145,0.8787879486827287,0.03348097776831122,1.0512053106212425
0.22225,0.08594989,52458.543,0.8787879486827287,0.039568463339573916,1.0512734068136271
0.22225,0.087480649,52462.543,0.8787879486827287,0.04565594891083656,1.0513535671342684
0.22225,0.089011393,52467.137,0.8787879486827287,0.051743374830460036,1.051445631262525
0.22225,0.090542138,52472.359,0.8787879486827287,0.057830804726859454,1.051550280561122
0.22225,0.092072897,52478.199,0.8787879486827287,0.06391829029812215,1.0516673146292586
0.22225,0.093603656,52484.688,0.8787879486827287,0.07000577586938479,1.0517973547094188
0.22225,0.0951344,52491.812,0.8787879486827287,0.07609320178900826,1.051940120240481
0.22225,0.096665144,52499.586,0.8787879486827287,0.08218062770863174,1.0520959118236473
0.22225,0.09819591,52507.992,0.8787879486827287,0.08826814111732605,1.0522643687374749
0.22225,0.099726662,52517.027,0.8787879486827287,0.09435559885115707,1.0524454308617235
0.22225,0.10125741,52526.656,0.8787879486827287,0.10044304067788438,1.0526383967935873
0.22225,0.10278817,52536.859,0.8787879486827287,0.10653053022592297,1.0528428657314628
0.22225,0.10431892,52547.586,0.8787879486827287,0.11261798000620211,1.0530578356713427
0.22225,0.10584967,52558.797,0.8787879486827287,0.11870542978648131,1.05328250501002
0.22225,0.10738042,52570.414,0.8787879486827287,0.12479287956676045,1.0535153106212425
0.22225,0.10891117,52582.383,0.8787879486827287,0.13088032934703958,1.0537551703406813
0.22225,0.11044192,52594.602,0.8787879486827287,0.13696777912731872,1.0540000400801603
0.22225,0.11197267,52607.0,0.8787879486827287,0.14305522890759786,1.054248496993988
0.22225,0.11350343,52619.453,0.8787879486827287,0.1491427184556365,1.0544980561122246
0.22225,0.11503418,52631.887,0.8787879486827287,0.15523016823591565,1.054747234468938
0.22225,0.11656493,52644.148,0.8787879486827287,0.1613176180161948,1.0549929458917835
0.22225,0.11809569,52656.184,0.8787879486827287,0.16740510756423344,1.0552341482965932
0.22225,0.11962645,52667.816,0.8787879486827287,0.17349259711227202,1.055467254509018
0.22225,0.12115719,52679.012,0.8787879486827287,0.17958000712479172,1.055691623246493
0.22225,0.12268794,52689.605,0.8787879486827287,0.18566745690507086,1.0559039078156314
0.22225,0.12421869,52699.555,0.8787879486827287,0.19175490668535006,1.0561033066132264
0.22225,0.12574944,52708.75,0.8787879486827287,0.19784235646562914,1.0562875751503007
0.22225,0.12728021,52717.117,0.8787879486827287,0.2039298857814273,1.0564552505010019
0.22225,0.12881094,52724.648,0.8787879486827287,0.21001725602618754,1.0566061723446893
0.22225,0.13034171,52731.191,0.8787879486827287,0.21610478534198557,1.0567372945891784
0.22225,0.13187183,52736.906,0.8787879486827287,0.22218972975341833,1.0568518236472946
0.22225,0.13330159,52741.445,0.8787879486827287,0.22787556493084896,1.0569427855711422
0.22225,0.13454486,52744.703,0.8787879486827287,0.23281977116199554,1.0570080761523046
0.22225,0.13562597,52747.164,0.8787879486827287,0.23711910340563933,1.0570573947895792
0.22225,0.13656607,52748.934,0.8787879486827287,0.240857670473051,1.0570928657314629
0.22225,0.13738354,52750.27,0.8787879486827287,0.2441085655061294,1.0571196392785571
0.22225,0.13809437,52751.234,0.8787879486827287,0.24693537715226088,1.0571389579158317
0.22225,0.1387125,52752.008,0.8787879486827287,0.2493935416681413,1.0571544689378758
0.22225,0.13925001,52752.52,0.8787879486827287,0.2515310985072058,1.0571647294589177
0.22478999,0.01275,52758.238,0.8888889198193684,-0.25153109850720584,1.0572793186372744
0.22478999,0.0132875,52756.984,0.8888889198193684,-0.24939358143590085,1.0572541883767534
0.22478999,0.013905625,52755.352,0.8888889198193684,-0.24693543680390018,1.0572214829659319
0.22478999,0.014616469,52753.41,0.8888889198193684,-0.2441085694829054,1.0571825651302607
0.22478999,0.01543394,52750.934,0.8888889198193684,-0.24085767047305104,1.0571329458917835
0.22478999,0.016374029,52747.902,0.8888889198193684,-0.23711914715017476,1.0570721843687376
0.22478999,0.017455135,52744.008,0.8888889198193684,-0.23281983081363486,1.0569941482965932
0.22478999,0.018698405,52739.219,0.8888889198193684,-0.22787562458248825,1.0568981763527054
0.22478999,0.020128164,52732.984,0.8888889198193684,-0.22218979338183356,1.0567732264529057
0.22478999,0.021658298,52725.59,0.8888889198193684,-0.21610479329553753,1.0566250501002004
0.22478999,0.023189049,52717.598,0.8888889198193684,-0.21001733953848242,1.056464889779559
0.22478999,0.024719801,52708.777,0.8888889198193684,-0.2039298818046514,1.0562881162324649
0.22478999,0.026250554,52699.367,0.8888889198193684,-0.19784242009404443,1.0560995390781562
0.22478999,0.027781306,52689.312,0.8888889198193684,-0.19175496236021336,1.0558980360721442
0.22478999,0.029312057,52678.738,0.8888889198193684,-0.18566750860315825,1.055686132264529
0.22478999,0.030842811,52667.711,0.8888889198193684,-0.17958004291577534,1.0554651503006012
0.22478999,0.032373562,52656.301,0.8888889198193684,-0.1734925891587202,1.0552364929859719
0.22478999,0.033904314,52644.633,0.8888889198193684,-0.1674051314248892,1.0550026653306614
0.22478999,0.035435066,52632.77,0.8888889198193684,-0.16131767369105812,1.0547649298597195
0.22478999,0.036965817,52620.848,0.8888889198193684,-0.15523021993400304,1.054526012024048
0.22478999,0.038496573,52608.93,0.8888889198193684,-0.1491427462930682,1.0542871743486975
0.22478999,0.040027324,52597.148,0.8888889198193684,-0.1430552925360131,1.0540510621242485
0.22478999,0.041558076,52585.551,0.8888889198193684,-0.13696783480218205,1.0538186573146293
0.22478999,0.043088827,52574.254,0.8888889198193684,-0.13088038104512695,1.053592264529058
0.22478999,0.044619579,52563.301,0.8888889198193684,-0.12479292331129592,1.053372765531062
0.22478999,0.046150334,52552.77,0.8888889198193684,-0.11870545364713703,1.0531617234468937
0.22478999,0.047681086,52542.688,0.8888889198193684,-0.112617995913306,1.0529596793587175
0.22478999,0.049211837,52533.117,0.8888889198193684,-0.1065305421562509,1.0527678757515029
0.22478999,0.050742589,52524.07,0.8888889198193684,-0.10044308442241985,1.0525865731462927
0.22478999,0.052273341,52515.578,0.8888889198193684,-0.0943556266885888,1.0524163927855712
0.22478999,0.053804092,52507.645,0.8888889198193684,-0.08826817293153372,1.0522574148296593
0.22478999,0.055334844,52500.285,0.8888889198193684,-0.08218071519770266,1.0521099198396795
0.22478999,0.056865599,52493.488,0.8888889198193684,-0.07609324553354377,1.0519737074148297
0.22478999,0.058396351,52487.262,0.8888889198193684,-0.07000578779971274,1.0518489378757516
0.22478999,0.059927102,52481.586,0.8888889198193684,-0.06391833404265762,1.0517351903807617
0.22478999,0.061457854,52476.469,0.8888889198193684,-0.05783087630882659,1.051632645290581
0.22478999,0.062988609,52471.867,0.8888889198193684,-0.0517434066446677,1.0515404208416834
0.22478999,0.064519361,52467.812,0.8888889198193684,-0.04565594891083667,1.0514591583166333
0.22478999,0.066050112,52464.273,0.8888889198193684,-0.03956849515378159,1.0513882364729459
0.22478999,0.067580864,52461.273,0.8888889198193684,-0.033481037419950496,1.051328116232465
0.22478999,0.069111615,52458.723,0.8888889198193684,-0.027393583662895415,1.051277014028056
0.22478999,0.070642367,52456.727,0.8888889198193684,-0.021306125929064383,1.051237014028056
0.22478999,0.072173119,52455.199,0.8888889198193684,-0.015218668195233353,1.051206392785571
0.22478999,0.07370387,52454.211,0.8888889198193684,-0.009131214438178213,1.0511865931863729
0.22478999,0.075234622,52453.691,0.8888889198193684,-0.003043756704347182,1.0511761723446893
0.22478999,0.076765373,52453.691,0.8888889198193684,0.0030436970527079037,1.0511761723446893
0.22478999,0.078296125,52454.207,0.8888889198193684,0.009131154786538934,1.051186513026052
0.22478999,0.079826877,52455.195,0.8888889198193684,0.015218612520370019,1.0512063126252504
0.22478999,0.081357636,52456.719,0.8888889198193684,0.021306098091632662,1.0512368537074148
0.22478999,0.082888387,52458.711,0.8888889198193684,0.027393551848687747,1.0512767735470943
0.22478999,0.084419131,52461.258,0.8888889198193684,0.03348097776831122,1.0513278156312627
0.22478999,0.08594989,52464.258,0.8888889198193684,0.039568463339573916,1.0513879358717435
0.22478999,0.087480649,52467.797,0.8888889198193684,0.04565594891083656,1.051458857715431
0.22478999,0.089011393,52471.848,0.8888889198193684,0.051743374830460036,1.0515400400801602
0.22478999,0.090542138,52476.449,0.8888889198193684,0.057830804726859454,1.051632244488978
0.22478999,0.092072897,52481.566,0.8888889198193684,0.06391829029812215,1.0517347895791582
0.22478999,0.093603656,52487.238,0.8888889198193684,0.07000577586938479,1.0518484569138276
0.22478999,0.0951344,52493.465,0.8888889198193684,0.07609320178900826,1.0519732464929858
0.22478999,0.096665144,52500.262,0.8888889198193684,0.08218062770863174,1.0521094589178357
0.22478999,0.09819591,52507.621,0.8888889198193684,0.08826814111732605,1.0522569338677354
0.22478999,0.099726662,52515.555,0.8888889198193684,0.09435559885115707,1.0524159318637274
0.22478999,0.10125741,52524.047,0.8888889198193684,0.10044304067788438,1.0525861122244489
0.22478999,0.10278817,52533.094,0.8888889198193684,0.10653053022592297,1.0527674148296593
0.22478999,0.10431892,52542.664,0.8888889198193684,0.11261798000620211,1.0529591983967936
0.22478999,0.10584967,52552.742,0.8888889198193684,0.11870542978648131,1.0531611623246493
0.22478999,0.10738042,52563.273,0.8888889198193684,0.12479287956676045,1.0533722044088176
0.22478999,0.10891117,52574.227,0.8888889198193684,0.13088032934703958,1.0535917234468937
0.22478999,0.11044192,52585.523,0.8888889198193684,0.13696777912731872,1.0538180961923849
0.22478999,0.11197267,52597.117,0.8888889198193684,0.14305522890759786,1.0540504408817635
0.22478999,0.11350343,52608.898,0.8888889198193684,0.1491427184556365,1.0542865330661322
0.22478999,0.11503418,52620.816,0.8888889198193684,0.15523016823591565,1.054525370741483
0.22478999,0.11656493,52632.734,0.8888889198193684,0.1613176180161948,1.0547642084168336
0.22478999,0.11809569,52644.598,0.8888889198193684,0.16740510756423344,1.0550019639278556
0.22478999,0.11962645,52656.262,0.8888889198193684,0.17349259711227202,1.0552357114228457
0.22478999,0.12115719,52667.668,0.8888889198193684,0.17958000712479172,1.0554642885771544
0.22478999,0.12268794,52678.695,0.8888889198193684,0.18566745690507086,1.0556852705410822
0.22478999,0.12421869,52689.266,0.8888889198193684,0.19175490668535006,1.055897114228457
0.22478999,0.12574944,52699.316,0.8888889198193684,0.19784235646562914,1.0560985170340682
0.22478999,0.12728021,52708.727,0.8888889198193684,0.2039298857814273,1.056287114228457
0.22478999,0.12881094,52717.543,0.8888889198193684,0.21001725602618754,1.0564637875751504
0.22478999,0.13034171,52725.535,0.8888889198193684,0.21610478534198557,1.0566239478957917
0.22478999,0.13187183,52732.922,0.8888889198193684,0.22218972975341833,1.056771983967936
0.22478999,0.13330159,52739.152,0.8888889198193684,0.22787556493084896,1.0568968336673348
0.22478999,0.13454486,52743.941,0.8888889198193684,0.23281977116199554,1.0569928056112223
0.22478999,0.13562597,52747.832,0.8888889198193684,0.23711910340563933,1.0570707815631264
0.22478999,0.13656607,52750.859,0.8888889198193684,0.240857670473051,1.0571314428857714
0.22478999,0.13738354,52753.336,0.8888889198193684,0.2441085655061294,1.0571810821643288
0.22478999,0.13809437,52755.273,0.8888889198193684,0.24693537715226088,1.0572198997995992
0.22478999,0.1387125,52756.902,0.8888889198193684,0.2493935416681413,1.0572525450901804
0.22478999,0.13925001,52758.16,0.8888889198193684,0.2515310985072058,1.0572777555110222
0.22733,0.01275,52764.027,0.8989899704915271,-0.25153109850720584,1.0573953306613226
0.22733,0.0132875,52762.0,0.8989899704915271,-0.24939358143590085,1.0573547094188376
0.22733,0.013905625,52759.5,0.8989899704915271,-0.24693543680390018,1.0573046092184368
0.22733,0.014616469,52756.57,0.8989899704915271,-0.2441085694829054,1.0572458917835672
0.22733,0.01543394,52752.953,0.8989899704915271,-0.24085767047305104,1.0571734068136274
0.22733,0.016374029,52748.66,0.8989899704915271,-0.23711914715017476,1.057087374749499
0.22733,0.017455135,52743.332,0.8989899704915271,-0.23281983081363486,1.0569806012024048
0.22733,0.018698405,52737.0,0.8989899704915271,-0.22787562458248825,1.0568537074148296
0.22733,0.020128164,52729.078,0.8989899704915271,-0.22218979338183356,1.0566949498997997
0.22733,0.021658298,52720.043,0.8989899704915271,-0.21610479329553753,1.056513887775551
0.22733,0.023189049,52710.648,0.8989899704915271,-0.21001733953848242,1.0563256112224448
0.22733,0.024719801,52700.598,0.8989899704915271,-0.2039298818046514,1.0561242084168336
0.22733,0.026250554,52690.207,0.8989899704915271,-0.19784242009404443,1.0559159719438878
0.22733,0.027781306,52679.363,0.8989899704915271,-0.19175496236021336,1.0556986573146292
0.22733,0.029312057,52668.246,0.8989899704915271,-0.18566750860315825,1.055475871743487
0.22733,0.030842811,52656.875,0.8989899704915271,-0.17958004291577534,1.055247995991984
0.22733,0.032373562,52645.355,0.8989899704915271,-0.1734925891587202,1.055017134268537
0.22733,0.033904314,52633.781,0.8989899704915271,-0.1674051314248892,1.0547851903807617
0.22733,0.035435066,52622.219,0.8989899704915271,-0.16131767369105812,1.054553486973948
0.22733,0.036965817,52610.785,0.8989899704915271,-0.15523021993400304,1.0543243486973948
0.22733,0.038496573,52599.531,0.8989899704915271,-0.1491427462930682,1.0540988176352706
0.22733,0.040027324,52588.562,0.8989899704915271,-0.1430552925360131,1.053878997995992
0.22733,0.041558076,52577.914,0.8989899704915271,-0.13696783480218205,1.0536656112224447
0.22733,0.043088827,52567.672,0.8989899704915271,-0.13088038104512695,1.0534603607214428
0.22733,0.044619579,52557.859,0.8989899704915271,-0.12479292331129592,1.0532637074148297
0.22733,0.046150334,52548.531,0.8989899704915271,-0.11870545364713703,1.0530767735470943
0.22733,0.047681086,52539.691,0.8989899704915271,-0.112617995913306,1.052899619238477
0.22733,0.049211837,52531.379,0.8989899704915271,-0.1065305421562509,1.0527330460921844
0.22733,0.050742589,52523.578,0.8989899704915271,-0.10044308442241985,1.0525767134268538
0.22733,0.052273341,52516.305,0.8989899704915271,-0.0943556266885888,1.0524309619238477
0.22733,0.053804092,52509.543,0.8989899704915271,-0.08826817293153372,1.0522954509018037
0.22733,0.055334844,52503.289,0.8989899704915271,-0.08218071519770266,1.052170120240481
0.22733,0.056865599,52497.535,0.8989899704915271,-0.07609324553354377,1.0520548096192386
0.22733,0.058396351,52492.258,0.8989899704915271,-0.07000578779971274,1.0519490581162325
0.22733,0.059927102,52487.438,0.8989899704915271,-0.06391833404265762,1.0518524649298597
0.22733,0.061457854,52483.094,0.8989899704915271,-0.05783087630882659,1.0517654108216432
0.22733,0.062988609,52479.172,0.8989899704915271,-0.0517434066446677,1.0516868136272546
0.22733,0.064519361,52475.699,0.8989899704915271,-0.04565594891083667,1.0516172144288578
0.22733,0.066050112,52472.641,0.8989899704915271,-0.03956849515378159,1.0515559318637275
0.22733,0.067580864,52470.031,0.8989899704915271,-0.033481037419950496,1.051503627254509
0.22733,0.069111615,52467.836,0.8989899704915271,-0.027393583662895415,1.0514596392785571
0.22733,0.070642367,52466.094,0.8989899704915271,-0.021306125929064383,1.0514247294589179
0.22733,0.072173119,52464.77,0.8989899704915271,-0.015218668195233353,1.0513981963927854
0.22733,0.07370387,52463.887,0.8989899704915271,-0.009131214438178213,1.051380501002004
0.22733,0.075234622,52463.434,0.8989899704915271,-0.003043756704347182,1.0513714228456914
0.22733,0.076765373,52463.434,0.8989899704915271,0.0030436970527079037,1.0513714228456914
0.22733,0.078296125,52463.887,0.8989899704915271,0.009131154786538934,1.051380501002004
0.22733,0.079826877,52464.766,0.8989899704915271,0.015218612520370019,1.051398116232465
0.22733,0.081357636,52466.086,0.8989899704915271,0.021306098091632662,1.0514245691382766
0.22733,0.082888387,52467.82,0.8989899704915271,0.027393551848687747,1.0514593186372745
0.22733,0.084419131,52470.016,0.8989899704915271,0.03348097776831122,1.0515033266533067
0.22733,0.08594989,52472.621,0.8989899704915271,0.039568463339573916,1.0515555310621243
0.22733,0.087480649,52475.676,0.8989899704915271,0.04565594891083656,1.051616753507014
0.22733,0.089011393,52479.145,0.8989899704915271,0.051743374830460036,1.0516862725450902
0.22733,0.090542138,52483.066,0.8989899704915271,0.057830804726859454,1.0517648496993988
0.22733,0.092072897,52487.406,0.8989899704915271,0.06391829029812215,1.0518518236472947
0.22733,0.093603656,52492.223,0.8989899704915271,0.07000577586938479,1.051948356713427
0.22733,0.0951344,52497.5,0.8989899704915271,0.07609320178900826,1.052054108216433
0.22733,0.096665144,52503.254,0.8989899704915271,0.08218062770863174,1.0521694188376753
0.22733,0.09819591,52509.508,0.8989899704915271,0.08826814111732605,1.052294749498998
0.22733,0.099726662,52516.27,0.8989899704915271,0.09435559885115707,1.052430260521042
0.22733,0.10125741,52523.543,0.8989899704915271,0.10044304067788438,1.0525760120240482
0.22733,0.10278817,52531.34,0.8989899704915271,0.10653053022592297,1.052732264529058
0.22733,0.10431892,52539.656,0.8989899704915271,0.11261798000620211,1.0528989178356714
0.22733,0.10584967,52548.496,0.8989899704915271,0.11870542978648131,1.0530760721442887
0.22733,0.10738042,52557.824,0.8989899704915271,0.12479287956676045,1.053263006012024
0.22733,0.10891117,52567.637,0.8989899704915271,0.13088032934703958,1.0534596593186374
0.22733,0.11044192,52577.875,0.8989899704915271,0.13696777912731872,1.0536648296593187
0.22733,0.11197267,52588.52,0.8989899704915271,0.14305522890759786,1.0538781563126252
0.22733,0.11350343,52599.488,0.8989899704915271,0.1491427184556365,1.0540979559118235
0.22733,0.11503418,52610.742,0.8989899704915271,0.15523016823591565,1.054323486973948
0.22733,0.11656493,52622.176,0.8989899704915271,0.1613176180161948,1.054552625250501
0.22733,0.11809569,52633.734,0.8989899704915271,0.16740510756423344,1.0547842484969938
0.22733,0.11962645,52645.309,0.8989899704915271,0.17349259711227202,1.0550162124248497
0.22733,0.12115719,52656.828,0.8989899704915271,0.17958000712479172,1.0552470541082164
0.22733,0.12268794,52668.195,0.8989899704915271,0.18566745690507086,1.0554748496993989
0.22733,0.12421869,52679.312,0.8989899704915271,0.19175490668535006,1.055697635270541
0.22733,0.12574944,52690.152,0.8989899704915271,0.19784235646562914,1.055914869739479
0.22733,0.12728021,52700.543,0.8989899704915271,0.2039298857814273,1.0561231062124248
0.22733,0.12881094,52710.598,0.8989899704915271,0.21001725602618754,1.0563246092184368
0.22733,0.13034171,52719.988,0.8989899704915271,0.21610478534198557,1.0565127855711423
0.22733,0.13187183,52729.023,0.8989899704915271,0.22218972975341833,1.0566938476953909
0.22733,0.13330159,52736.941,0.8989899704915271,0.22787556493084896,1.0568525250501002
0.22733,0.13454486,52743.273,0.8989899704915271,0.23281977116199554,1.0569794188376753
0.22733,0.13562597,52748.598,0.8989899704915271,0.23711910340563933,1.057086132264529
0.22733,0.13656607,52752.891,0.8989899704915271,0.240857670473051,1.0571721643286573
0.22733,0.13738354,52756.504,0.8989899704915271,0.2441085655061294,1.0572445691382766
0.22733,0.13809437,52759.434,0.8989899704915271,0.24693537715226088,1.0573032865731462
0.22733,0.1387125,52761.93,0.8989899704915271,0.2493935416681413,1.0573533066132264
0.22733,0.13925001,52763.957,0.8989899704915271,0.2515310985072058,1.0573939278557114
0.22986999,0.01275,52770.348,0.9090909416281667,-0.25153109850720584,1.057522004008016
0.22986999,0.0132875,52767.543,0.9090909416281667,-0.24939358143590085,1.0574657915831662
0.22986999,0.013905625,52764.188,0.9090909416281667,-0.24693543680390018,1.0573985571142286
0.22986999,0.014616469,52760.258,0.9090909416281667,-0.2441085694829054,1.0573197995991985
0.22986999,0.01543394,52755.52,0.9090909416281667,-0.24085767047305104,1.0572248496993988
0.22986999,0.016374029,52749.965,0.9090909416281667,-0.23711914715017476,1.057113527054108
0.22986999,0.017455135,52743.219,0.9090909416281667,-0.23281983081363486,1.0569783366733467
0.22986999,0.018698405,52735.363,0.9090909416281667,-0.22787562458248825,1.0568209018036072
0.22986999,0.020128164,52725.785,0.9090909416281667,-0.22218979338183356,1.0566289579158317
0.22986999,0.021658298,52715.133,0.9090909416281667,-0.21610479329553753,1.0564154909819639
0.22986999,0.023189049,52704.371,0.9090909416281667,-0.21001733953848242,1.0561998196392786
0.22986999,0.024719801,52693.105,0.9090909416281667,-0.2039298818046514,1.0559740480961926
0.22986999,0.026250554,52681.762,0.9090909416281667,-0.19784242009404443,1.055746733466934
0.22986999,0.027781306,52670.164,0.9090909416281667,-0.19175496236021336,1.0555143086172345
0.22986999,0.029312057,52658.547,0.9090909416281667,-0.18566750860315825,1.055281503006012
0.22986999,0.030842811,52646.887,0.9090909416281667,-0.17958004291577534,1.0550478356713426
0.22986999,0.032373562,52635.324,0.9090909416281667,-0.1734925891587202,1.0548161122244488
0.22986999,0.033904314,52623.918,0.9090909416281667,-0.1674051314248892,1.0545875350701401
0.22986999,0.035435066,52612.738,0.9090909416281667,-0.16131767369105812,1.0543634869739478
0.22986999,0.036965817,52601.871,0.9090909416281667,-0.15523021993400304,1.0541457114228456
0.22986999,0.038496573,52591.363,0.9090909416281667,-0.1491427462930682,1.053935130260521
0.22986999,0.040027324,52581.285,0.9090909416281667,-0.1430552925360131,1.0537331663326654
0.22986999,0.041558076,52571.66,0.9090909416281667,-0.13696783480218205,1.0535402805611223
0.22986999,0.043088827,52562.539,0.9090909416281667,-0.13088038104512695,1.05335749498998
0.22986999,0.044619579,52553.922,0.9090909416281667,-0.12479292331129592,1.0531848096192384
0.22986999,0.046150334,52545.844,0.9090909416281667,-0.11870545364713703,1.0530229258517034
0.22986999,0.047681086,52538.289,0.9090909416281667,-0.112617995913306,1.052871523046092
0.22986999,0.049211837,52531.262,0.9090909416281667,-0.1065305421562509,1.0527307014028056
0.22986999,0.050742589,52524.738,0.9090909416281667,-0.10044308442241985,1.0525999599198397
0.22986999,0.052273341,52518.707,0.9090909416281667,-0.0943556266885888,1.0524790981963927
0.22986999,0.053804092,52513.141,0.9090909416281667,-0.08826817293153372,1.0523675551102205
0.22986999,0.055334844,52508.02,0.9090909416281667,-0.08218071519770266,1.0522649298597193
0.22986999,0.056865599,52503.309,0.9090909416281667,-0.07609324553354377,1.0521705210420842
0.22986999,0.058396351,52499.008,0.9090909416281667,-0.07000578779971274,1.0520843286573147
0.22986999,0.059927102,52495.062,0.9090909416281667,-0.06391833404265762,1.052005250501002
0.22986999,0.061457854,52491.496,0.9090909416281667,-0.05783087630882659,1.0519337875751502
0.22986999,0.062988609,52488.258,0.9090909416281667,-0.0517434066446677,1.0518688977955912
0.22986999,0.064519361,52485.383,0.9090909416281667,-0.04565594891083667,1.0518112825651302
0.22986999,0.066050112,52482.832,0.9090909416281667,-0.03956849515378159,1.0517601603206412
0.22986999,0.067580864,52480.645,0.9090909416281667,-0.033481037419950496,1.0517163326653305
0.22986999,0.069111615,52478.801,0.9090909416281667,-0.027393583662895415,1.051679378757515
0.22986999,0.070642367,52477.328,0.9090909416281667,-0.021306125929064383,1.0516498597194388
0.22986999,0.072173119,52476.203,0.9090909416281667,-0.015218668195233353,1.0516273146292585
0.22986999,0.07370387,52475.453,0.9090909416281667,-0.009131214438178213,1.0516122845691382
0.22986999,0.075234622,52475.074,0.9090909416281667,-0.003043756704347182,1.0516046893787576
0.22986999,0.076765373,52475.074,0.9090909416281667,0.0030436970527079037,1.0516046893787576
0.22986999,0.078296125,52475.449,0.9090909416281667,0.009131154786538934,1.0516122044088176
0.22986999,0.079826877,52476.195,0.9090909416281667,0.015218612520370019,1.0516271543086173
0.22986999,0.081357636,52477.316,0.9090909416281667,0.021306098091632662,1.051649619238477
0.22986999,0.082888387,52478.789,0.9090909416281667,0.027393551848687747,1.0516791382765531
0.22986999,0.084419131,52480.629,0.9090909416281667,0.03348097776831122,1.051716012024048
0.22986999,0.08594989,52482.812,0.9090909416281667,0.039568463339573916,1.051759759519038
0.22986999,0.087480649,52485.355,0.9090909416281667,0.04565594891083656,1.0518107214428858
0.22986999,0.089011393,52488.227,0.9090909416281667,0.051743374830460036,1.0518682765531062
0.22986999,0.090542138,52491.461,0.9090909416281667,0.057830804726859454,1.0519330861723448
0.22986999,0.092072897,52495.027,0.9090909416281667,0.06391829029812215,1.0520045490981964
0.22986999,0.093603656,52498.969,0.9090909416281667,0.07000577586938479,1.0520835470941883
0.22986999,0.0951344,52503.27,0.9090909416281667,0.07609320178900826,1.0521697394789578
0.22986999,0.096665144,52507.973,0.9090909416281667,0.08218062770863174,1.0522639879759519
0.22986999,0.09819591,52513.098,0.9090909416281667,0.08826814111732605,1.0523666933867735
0.22986999,0.099726662,52518.66,0.9090909416281667,0.09435559885115707,1.0524781563126253
0.22986999,0.10125741,52524.691,0.9090909416281667,0.10044304067788438,1.052599018036072
0.22986999,0.10278817,52531.215,0.9090909416281667,0.10653053022592297,1.052729759519038
0.22986999,0.10431892,52538.242,0.9090909416281667,0.11261798000620211,1.0528705811623247
0.22986999,0.10584967,52545.797,0.9090909416281667,0.11870542978648131,1.0530219839679358
0.22986999,0.10738042,52553.875,0.9090909416281667,0.12479287956676045,1.053183867735471
0.22986999,0.10891117,52562.488,0.9090909416281667,0.13088032934703958,1.0533564729458917
0.22986999,0.11044192,52571.609,0.9090909416281667,0.13696777912731872,1.053539258517034
0.22986999,0.11197267,52581.234,0.9090909416281667,0.14305522890759786,1.0537321442885772
0.22986999,0.11350343,52591.312,0.9090909416281667,0.1491427184556365,1.0539341082164329
0.22986999,0.11503418,52601.82,0.9090909416281667,0.15523016823591565,1.0541446893787576
0.22986999,0.11656493,52612.688,0.9090909416281667,0.1613176180161948,1.05436248496994
0.22986999,0.11809569,52623.863,0.9090909416281667,0.16740510756423344,1.0545864328657315
0.22986999,0.11962645,52635.27,0.9090909416281667,0.17349259711227202,1.0548150300601202
0.22986999,0.12115719,52646.832,0.9090909416281667,0.17958000712479172,1.055046733466934
0.22986999,0.12268794,52658.492,0.9090909416281667,0.18566745690507086,1.0552804008016032
0.22986999,0.12421869,52670.109,0.9090909416281667,0.19175490668535006,1.0555132064128256
0.22986999,0.12574944,52681.711,0.9090909416281667,0.19784235646562914,1.0557457114228457
0.22986999,0.12728021,52693.055,0.9090909416281667,0.2039298857814273,1.0559730460921843
0.22986999,0.12881094,52704.32,0.9090909416281667,0.21001725602618754,1.0561987975951903
0.22986999,0.13034171,52715.082,0.9090909416281667,0.21610478534198557,1.0564144689378758
0.22986999,0.13187183,52725.734,0.9090909416281667,0.22218972975341833,1.0566279358717434
0.22986999,0.13330159,52735.312,0.9090909416281667,0.22787556493084896,1.056819879759519
0.22986999,0.13454486,52743.164,0.9090909416281667,0.23281977116199554,1.0569772344689379
0.22986999,0.13562597,52749.91,0.9090909416281667,0.23711910340563933,1.0571124248496995
0.22986999,0.13656607,52755.465,0.9090909416281667,0.240857670473051,1.05722374749499
0.22986999,0.13738354,52760.203,0.9090909416281667,0.2441085655061294,1.0573186973947897
0.22986999,0.13809437,52764.129,0.9090909416281667,0.24693537715226088,1.057397374749499
0.22986999,0.1387125,52767.484,0.9090909416281667,0.2493935416681413,1.0574646092184368
0.22986999,0.13925001,52770.289,0.9090909416281667,0.2515310985072058,1.0575208216432865
0.23241,0.01275,52777.488,0.9191919923003254,-0.25153109850720584,1.0576650901803606
0.23241,0.0132875,52773.922,0.9191919923003254,-0.24939358143590085,1.057593627254509
0.23241,0.013905625,52769.734,0.9191919923003254,-0.24693543680390018,1.0575096993987976
0.23241,0.014616469,52764.832,0.9191919923003254,-0.2441085694829054,1.0574114629258518
0.23241,0.01543394,52758.996,0.9191919923003254,-0.24085767047305104,1.0572945090180361
0.23241,0.016374029,52752.211,0.9191919923003254,-0.23711914715017476,1.0571585370741483
0.23241,0.017455135,52744.078,0.9191919923003254,-0.23281983081363486,1.0569955511022044
0.23241,0.018698405,52734.742,0.9191919923003254,-0.22787562458248825,1.0568084569138276
0.23241,0.020128164,52723.543,0.9191919923003254,-0.22218979338183356,1.0565840280561123
0.23241,0.021658298,52711.312,0.9191919923003254,-0.21610479329553753,1.0563389178356712
0.23241,0.023189049,52699.199,0.9191919923003254,-0.21001733953848242,1.0560961723446893
0.23241,0.024719801,52686.734,0.9191919923003254,-0.2039298818046514,1.055846372745491
0.23241,0.026250554,52674.449,0.9191919923003254,-0.19784242009404443,1.0556001803607216
0.23241,0.027781306,52662.105,0.9191919923003254,-0.19175496236021336,1.0553528056112225
0.23241,0.029312057,52650.008,0.9191919923003254,-0.18566750860315825,1.055110380761523
0.23241,0.030842811,52638.086,0.9191919923003254,-0.17958004291577534,1.0548714629258518
0.23241,0.032373562,52626.512,0.9191919923003254,-0.1734925891587202,1.0546395190380762
0.23241,0.033904314,52615.297,0.9191919923003254,-0.1674051314248892,1.0544147695390782
0.23241,0.035435066,52604.531,0.9191919923003254,-0.16131767369105812,1.0541990180360723
0.23241,0.036965817,52594.254,0.9191919923003254,-0.15523021993400304,1.0539930661322645
0.23241,0.038496573,52584.508,0.9191919923003254,-0.1491427462930682,1.053797755511022
0.23241,0.040027324,52575.328,0.9191919923003254,-0.1430552925360131,1.0536137875751503
0.23241,0.041558076,52566.727,0.9191919923003254,-0.13696783480218205,1.0534414228456914
0.23241,0.043088827,52558.719,0.9191919923003254,-0.13088038104512695,1.0532809418837674
0.23241,0.044619579,52551.293,0.9191919923003254,-0.12479292331129592,1.053132124248497
0.23241,0.046150334,52544.445,0.9191919923003254,-0.11870545364713703,1.0529948897795591
0.23241,0.047681086,52538.145,0.9191919923003254,-0.112617995913306,1.052868637274549
0.23241,0.049211837,52532.375,0.9191919923003254,-0.1065305421562509,1.052753006012024
0.23241,0.050742589,52527.094,0.9191919923003254,-0.10044308442241985,1.0526471743486974
0.23241,0.052273341,52522.273,0.9191919923003254,-0.0943556266885888,1.0525505611222445
0.23241,0.053804092,52517.867,0.9191919923003254,-0.08826817293153372,1.052462264529058
0.23241,0.055334844,52513.844,0.9191919923003254,-0.08218071519770266,1.0523816432865731
0.23241,0.056865599,52510.16,0.9191919923003254,-0.07609324553354377,1.0523078156312626
0.23241,0.058396351,52506.801,0.9191919923003254,-0.07000578779971274,1.052240501002004
0.23241,0.059927102,52503.719,0.9191919923003254,-0.06391833404265762,1.0521787374749498
0.23241,0.061457854,52500.922,0.9191919923003254,-0.05783087630882659,1.0521226853707415
0.23241,0.062988609,52498.375,0.9191919923003254,-0.0517434066446677,1.052071643286573
0.23241,0.064519361,52496.102,0.9191919923003254,-0.04565594891083667,1.0520260921843687
0.23241,0.066050112,52494.078,0.9191919923003254,-0.03956849515378159,1.0519855310621242
0.23241,0.067580864,52492.328,0.9191919923003254,-0.033481037419950496,1.0519504609218437
0.23241,0.069111615,52490.84,0.9191919923003254,-0.027393583662895415,1.051920641282565
0.23241,0.070642367,52489.641,0.9191919923003254,-0.021306125929064383,1.051896613226453
0.23241,0.072173119,52488.73,0.9191919923003254,-0.015218668195233353,1.0518783567134269
0.23241,0.07370387,52488.121,0.9191919923003254,-0.009131214438178213,1.0518661523046091
0.23241,0.075234622,52487.812,0.9191919923003254,-0.003043756704347182,1.0518599599198397
0.23241,0.076765373,52487.812,0.9191919923003254,0.0030436970527079037,1.0518599599198397
0.23241,0.078296125,52488.113,0.9191919923003254,0.009131154786538934,1.051865991983968
0.23241,0.079826877,52488.723,0.9191919923003254,0.015218612520370019,1.0518782164328657
0.23241,0.081357636,52489.633,0.9191919923003254,0.021306098091632662,1.0518964529058117
0.23241,0.082888387,52490.824,0.9191919923003254,0.027393551848687747,1.0519203206412826
0.23241,0.084419131,52492.309,0.9191919923003254,0.03348097776831122,1.0519500801603208
0.23241,0.08594989,52494.055,0.9191919923003254,0.039568463339573916,1.0519850701402806
0.23241,0.087480649,52496.074,0.9191919923003254,0.04565594891083656,1.0520255310621243
0.23241,0.089011393,52498.344,0.9191919923003254,0.051743374830460036,1.052071022044088
0.23241,0.090542138,52500.887,0.9191919923003254,0.057830804726859454,1.0521219839679359
0.23241,0.092072897,52503.68,0.9191919923003254,0.06391829029812215,1.0521779559118236
0.23241,0.093603656,52506.758,0.9191919923003254,0.07000577586938479,1.0522396392785571
0.23241,0.0951344,52510.113,0.9191919923003254,0.07609320178900826,1.052306873747495
0.23241,0.096665144,52513.797,0.9191919923003254,0.08218062770863174,1.0523807014028055
0.23241,0.09819591,52517.816,0.9191919923003254,0.08826814111732605,1.05246124248497
0.23241,0.099726662,52522.219,0.9191919923003254,0.09435559885115707,1.0525494789579157
0.23241,0.10125741,52527.039,0.9191919923003254,0.10044304067788438,1.0526460721442885
0.23241,0.10278817,52532.32,0.9191919923003254,0.10653053022592297,1.0527519038076152
0.23241,0.10431892,52538.09,0.9191919923003254,0.11261798000620211,1.0528675350701402
0.23241,0.10584967,52544.387,0.9191919923003254,0.11870542978648131,1.05299372745491
0.23241,0.10738042,52551.234,0.9191919923003254,0.12479287956676045,1.0531309418837675
0.23241,0.10891117,52558.66,0.9191919923003254,0.13088032934703958,1.0532797595190382
0.23241,0.11044192,52566.668,0.9191919923003254,0.13696777912731872,1.053440240480962
0.23241,0.11197267,52575.27,0.9191919923003254,0.14305522890759786,1.053612625250501
0.23241,0.11350343,52584.449,0.9191919923003254,0.1491427184556365,1.0537965731462926
0.23241,0.11503418,52594.195,0.9191919923003254,0.15523016823591565,1.053991883767535
0.23241,0.11656493,52604.469,0.9191919923003254,0.1613176180161948,1.054197775551102
0.23241,0.11809569,52615.234,0.9191919923003254,0.16740510756423344,1.054413507014028
0.23241,0.11962645,52626.449,0.9191919923003254,0.17349259711227202,1.0546382565130261
0.23241,0.12115719,52638.027,0.9191919923003254,0.17958000712479172,1.0548702805611223
0.23241,0.12268794,52649.949,0.9191919923003254,0.18566745690507086,1.0551091983967935
0.23241,0.12421869,52662.051,0.9191919923003254,0.19175490668535006,1.0553517234468939
0.23241,0.12574944,52674.395,0.9191919923003254,0.19784235646562914,1.0555990981963927
0.23241,0.12728021,52686.684,0.9191919923003254,0.2039298857814273,1.055845370741483
0.23241,0.12881094,52699.148,0.9191919923003254,0.21001725602618754,1.0560951503006013
0.23241,0.13034171,52711.266,0.9191919923003254,0.21610478534198557,1.056337995991984
0.23241,0.13187183,52723.496,0.9191919923003254,0.22218972975341833,1.0565830861723446
0.23241,0.13330159,52734.695,0.9191919923003254,0.22787556493084896,1.0568075150300602
0.23241,0.13454486,52744.035,0.9191919923003254,0.23281977116199554,1.0569946893787576
0.23241,0.13562597,52752.168,0.9191919923003254,0.23711910340563933,1.0571576753507013
0.23241,0.13656607,52758.953,0.9191919923003254,0.240857670473051,1.0572936472945893
0.23241,0.13738354,52764.789,0.9191919923003254,0.2441085655061294,1.0574106012024047
0.23241,0.13809437,52769.688,0.9191919923003254,0.24693537715226088,1.0575087775551102
0.23241,0.1387125,52773.875,0.9191919923003254,0.2493935416681413,1.0575926853707416
0.23241,0.13925001,52777.441,0.9191919923003254,0.2515310985072058,1.0576641482965932
0.23495001,0.01275,52785.605,0.929293042972484,-0.25153109850720584,1.057827755511022
0.23495001,0.0132875,52781.336,0.929293042972484,-0.24939358143590085,1.0577422044088176
0.23495001,0.013905625,52776.352,0.929293042972484,-0.24693543680390018,1.0576423246492985
0.23495001,0.014616469,52770.539,0.929293042972484,-0.2441085694829054,1.0575258316633267
0.23495001,0.01543394,52763.652,0.929293042972484,-0.24085767047305104,1.0573878156312626
0.23495001,0.016374029,52755.691,0.929293042972484,-0.23711914715017476,1.0572282765531062
0.23495001,0.017455135,52746.223,0.929293042972484,-0.23281983081363486,1.0570385370741482
0.23495001,0.018698405,52735.449,0.929293042972484,-0.22787562458248825,1.056822625250501
0.23495001,0.020128164,52722.672,0.929293042972484,-0.22218979338183356,1.0565665731462925
0.23495001,0.021658298,52708.887,0.929293042972484,-0.21610479329553753,1.0562903206412826
0.23495001,0.023189049,52695.434,0.929293042972484,-0.21001733953848242,1.0560207214428858
0.23495001,0.024719801,52681.789,0.929293042972484,-0.2039298818046514,1.0557472745490981
0.23495001,0.026250554,52668.57,0.929293042972484,-0.19784242009404443,1.0554823647294589
0.23495001,0.027781306,52655.496,0.929293042972484,-0.19175496236021336,1.0552203607214428
0.23495001,0.029312057,52642.922,0.929293042972484,-0.18566750860315825,1.054968376753507
0.23495001,0.030842811,52630.742,0.929293042972484,-0.17958004291577534,1.0547242885771542
0.23495001,0.032373562,52619.148,0.929293042972484,-0.1734925891587202,1.0544919438877756
0.23495001,0.033904314,52608.113,0.929293042972484,-0.1674051314248892,1.0542708016032063
0.23495001,0.035435066,52597.738,0.929293042972484,-0.16131767369105812,1.054062885771543
0.23495001,0.036965817,52588.02,0.929293042972484,-0.15523021993400304,1.053868136272545
0.23495001,0.038496573,52578.992,0.929293042972484,-0.1491427462930682,1.0536872144288576
0.23495001,0.040027324,52570.66,0.929293042972484,-0.1430552925360131,1.053520240480962
0.23495001,0.041558076,52563.016,0.929293042972484,-0.13696783480218205,1.0533670541082165
0.23495001,0.043088827,52556.055,0.929293042972484,-0.13088038104512695,1.0532275551102204
0.23495001,0.044619579,52549.734,0.929293042972484,-0.12479292331129592,1.053100881763527
0.23495001,0.046150334,52544.035,0.929293042972484,-0.11870545364713703,1.0529866733466935
0.23495001,0.047681086,52538.906,0.929293042972484,-0.112617995913306,1.052883887775551
0.23495001,0.049211837,52534.305,0.929293042972484,-0.1065305421562509,1.0527916833667335
0.23495001,0.050742589,52530.18,0.929293042972484,-0.10044308442241985,1.052709018036072
0.23495001,0.052273341,52526.48,0.929293042972484,-0.0943556266885888,1.052634869739479
0.23495001,0.053804092,52523.156,0.929293042972484,-0.08826817293153372,1.052568256513026
0.23495001,0.055334844,52520.16,0.929293042972484,-0.08218071519770266,1.0525082164328659
0.23495001,0.056865599,52517.441,0.929293042972484,-0.07609324553354377,1.0524537274549097
0.23495001,0.058396351,52514.977,0.929293042972484,-0.07000578779971274,1.0524043486973949
0.23495001,0.059927102,52512.727,0.929293042972484,-0.06391833404265762,1.052359258517034
0.23495001,0.061457854,52510.684,0.929293042972484,-0.05783087630882659,1.0523183166332666
0.23495001,0.062988609,52508.82,0.929293042972484,-0.0517434066446677,1.0522809619238478
0.23495001,0.064519361,52507.148,0.929293042972484,-0.04565594891083667,1.0522474549098197
0.23495001,0.066050112,52505.652,0.929293042972484,-0.03956849515378159,1.0522174749498998
0.23495001,0.067580864,52504.348,0.929293042972484,-0.033481037419950496,1.0521913426853706
0.23495001,0.069111615,52503.234,0.929293042972484,-0.027393583662895415,1.052169018036072
0.23495001,0.070642367,52502.332,0.929293042972484,-0.021306125929064383,1.0521509418837676
0.23495001,0.072173119,52501.641,0.929293042972484,-0.015218668195233353,1.0521370941883768
0.23495001,0.07370387,52501.176,0.929293042972484,-0.009131214438178213,1.0521277755511023
0.23495001,0.075234622,52500.941,0.929293042972484,-0.003043756704347182,1.0521230661322645
0.23495001,0.076765373,52500.941,0.929293042972484,0.0030436970527079037,1.0521230661322645
0.23495001,0.078296125,52501.172,0.929293042972484,0.009131154786538934,1.0521276953907814
0.23495001,0.079826877,52501.633,0.929293042972484,0.015218612520370019,1.0521369338677355
0.23495001,0.081357636,52502.32,0.929293042972484,0.021306098091632662,1.0521507014028055
0.23495001,0.082888387,52503.219,0.929293042972484,0.027393551848687747,1.0521687174348697
0.23495001,0.084419131,52504.328,0.929293042972484,0.03348097776831122,1.0521909418837676
0.23495001,0.08594989,52505.629,0.929293042972484,0.039568463339573916,1.0522170140280562
0.23495001,0.087480649,52507.121,0.929293042972484,0.04565594891083656,1.0522469138276553
0.23495001,0.089011393,52508.789,0.929293042972484,0.051743374830460036,1.0522803406813626
0.23495001,0.090542138,52510.648,0.929293042972484,0.057830804726859454,1.0523175951903807
0.23495001,0.092072897,52512.688,0.929293042972484,0.06391829029812215,1.0523584769539078
0.23495001,0.093603656,52514.934,0.929293042972484,0.07000577586938479,1.0524034869739478
0.23495001,0.0951344,52517.395,0.929293042972484,0.07609320178900826,1.0524528056112223
0.23495001,0.096665144,52520.109,0.929293042972484,0.08218062770863174,1.0525071943887776
0.23495001,0.09819591,52523.102,0.929293042972484,0.08826814111732605,1.0525671743486973
0.23495001,0.099726662,52526.426,0.929293042972484,0.09435559885115707,1.0526337875751504
0.23495001,0.10125741,52530.121,0.929293042972484,0.10044304067788438,1.0527078356713426
0.23495001,0.10278817,52534.246,0.929293042972484,0.10653053022592297,1.052790501002004
0.23495001,0.10431892,52538.844,0.929293042972484,0.11261798000620211,1.052882645290581
0.23495001,0.10584967,52543.973,0.929293042972484,0.11870542978648131,1.0529854308617235
0.23495001,0.10738042,52549.672,0.929293042972484,0.12479287956676045,1.053099639278557
0.23495001,0.10891117,52555.988,0.929293042972484,0.13088032934703958,1.0532262124248497
0.23495001,0.11044192,52562.953,0.929293042972484,0.13696777912731872,1.0533657915831665
0.23495001,0.11197267,52570.594,0.929293042972484,0.14305522890759786,1.0535189178356712
0.23495001,0.11350343,52578.926,0.929293042972484,0.1491427184556365,1.0536858917835672
0.23495001,0.11503418,52587.953,0.929293042972484,0.15523016823591565,1.0538667935871744
0.23495001,0.11656493,52597.672,0.929293042972484,0.1613176180161948,1.0540615631262524
0.23495001,0.11809569,52608.051,0.929293042972484,0.16740510756423344,1.0542695591182365
0.23495001,0.11962645,52619.086,0.929293042972484,0.17349259711227202,1.0544907014028058
0.23495001,0.12115719,52630.68,0.929293042972484,0.17958000712479172,1.0547230460921844
0.23495001,0.12268794,52642.867,0.929293042972484,0.18566745690507086,1.054967274549098
0.23495001,0.12421869,52655.441,0.929293042972484,0.19175490668535006,1.0552192585170341
0.23495001,0.12574944,52668.52,0.929293042972484,0.19784235646562914,1.055481362725451
0.23495001,0.12728021,52681.738,0.929293042972484,0.2039298857814273,1.0557462525050099
0.23495001,0.12881094,52695.387,0.929293042972484,0.21001725602618754,1.0560197795591182
0.23495001,0.13034171,52708.84,0.929293042972484,0.21610478534198557,1.056289378757515
0.23495001,0.13187183,52722.629,0.929293042972484,0.22218972975341833,1.0565657114228457
0.23495001,0.13330159,52735.41,0.929293042972484,0.22787556493084896,1.0568218436873749
0.23495001,0.13454486,52746.184,0.929293042972484,0.23281977116199554,1.057037755511022
0.23495001,0.13562597,52755.652,0.929293042972484,0.23711910340563933,1.05722749498998
0.23495001,0.13656607,52763.613,0.929293042972484,0.240857670473051,1.0573870340681362
0.23495001,0.13738354,52770.5,0.929293042972484,0.2441085655061294,1.0575250501002005
0.23495001,0.13809437,52776.316,0.929293042972484,0.24693537715226088,1.0576416032064129
0.23495001,0.1387125,52781.297,0.929293042972484,0.2493935416681413,1.0577414228456914
0.23495001,0.13925001,52785.57,0.929293042972484,0.2515310985072058,1.0578270541082164
0.23749,0.01275,52794.738,0.9393940141091238,-0.25153109850720584,1.0580107815631261
0.23749,0.0132875,52789.836,0.9393940141091238,-0.24939358143590085,1.0579125450901805
0.23749,0.013905625,52784.121,0.9393940141091238,-0.24693543680390018,1.0577980160320641
0.23749,0.014616469,52777.469,0.9393940141091238,-0.2441085694829054,1.0576647094188376
0.23749,0.01543394,52769.602,0.9393940141091238,-0.24085767047305104,1.0575070541082163
0.23749,0.016374029,52760.539,0.9393940141091238,-0.23711914715017476,1.0573254308617235
0.23749,0.017455135,52749.801,0.9393940141091238,-0.23281983081363486,1.0571102404809618
0.23749,0.018698405,52737.648,0.9393940141091238,-0.22787562458248825,1.0568666933867736
0.23749,0.020128164,52723.336,0.9393940141091238,-0.22218979338183356,1.0565798797595192
0.23749,0.021658298,52708.043,0.9393940141091238,-0.21610479329553753,1.0562734068136272
0.23749,0.023189049,52693.293,0.9393940141091238,-0.21001733953848242,1.0559778156312625
0.23749,0.024719801,52678.5,0.9393940141091238,-0.2039298818046514,1.0556813627254509
0.23749,0.026250554,52664.383,0.9393940141091238,-0.19784242009404443,1.0553984569138277
0.23749,0.027781306,52650.594,0.9393940141091238,-0.19175496236021336,1.055122124248497
0.23749,0.029312057,52637.562,0.9393940141091238,-0.18566750860315825,1.0548609619238476
0.23749,0.030842811,52625.113,0.9393940141091238,-0.17958004291577534,1.0546114829659319
0.23749,0.032373562,52613.477,0.9393940141091238,-0.1734925891587202,1.0543782965931863
0.23749,0.033904314,52602.582,0.9393940141091238,-0.1674051314248892,1.0541599599198397
0.23749,0.035435066,52592.531,0.9393940141091238,-0.16131767369105812,1.0539585370741484
0.23749,0.036965817,52583.297,0.9393940141091238,-0.15523021993400304,1.053773486973948
0.23749,0.038496573,52574.895,0.9393940141091238,-0.1491427462930682,1.053605110220441
0.23749,0.040027324,52567.309,0.9393940141091238,-0.1430552925360131,1.0534530861723448
0.23749,0.041558076,52560.508,0.9393940141091238,-0.13696783480218205,1.0533167935871743
0.23749,0.043088827,52554.465,0.9393940141091238,-0.13088038104512695,1.0531956913827654
0.23749,0.044619579,52549.121,0.9393940141091238,-0.12479292331129592,1.0530885971943889
0.23749,0.046150334,52544.434,0.9393940141091238,-0.11870545364713703,1.0529946693386774
0.23749,0.047681086,52540.336,0.9393940141091238,-0.112617995913306,1.0529125450901804
0.23749,0.049211837,52536.77,0.9393940141091238,-0.1065305421562509,1.0528410821643286
0.23749,0.050742589,52533.668,0.9393940141091238,-0.10044308442241985,1.0527789178356712
0.23749,0.052273341,52530.969,0.9393940141091238,-0.0943556266885888,1.0527248296593186
0.23749,0.053804092,52528.609,0.9393940141091238,-0.08826817293153372,1.0526775350701403
0.23749,0.055334844,52526.539,0.9393940141091238,-0.08218071519770266,1.0526360521042084
0.23749,0.056865599,52524.707,0.9393940141091238,-0.07609324553354377,1.0525993386773547
0.23749,0.058396351,52523.078,0.9393940141091238,-0.07000578779971274,1.0525666933867737
0.23749,0.059927102,52521.609,0.9393940141091238,-0.06391833404265762,1.052537254509018
0.23749,0.061457854,52520.285,0.9393940141091238,-0.05783087630882659,1.052510721442886
0.23749,0.062988609,52519.086,0.9393940141091238,-0.0517434066446677,1.0524866933867736
0.23749,0.064519361,52518.012,0.9393940141091238,-0.04565594891083667,1.0524651703406813
0.23749,0.066050112,52517.047,0.9393940141091238,-0.03956849515378159,1.0524458316633267
0.23749,0.067580864,52516.203,0.9393940141091238,-0.033481037419950496,1.0524289178356714
0.23749,0.069111615,52515.48,0.9393940141091238,-0.027393583662895415,1.0524144288577155
0.23749,0.070642367,52514.891,0.9393940141091238,-0.021306125929064383,1.052402625250501
0.23749,0.072173119,52514.434,0.9393940141091238,-0.015218668195233353,1.0523934669338677
0.23749,0.07370387,52514.125,0.9393940141091238,-0.009131214438178213,1.0523872745490983
0.23749,0.075234622,52513.969,0.9393940141091238,-0.003043756704347182,1.0523841482965932
0.23749,0.076765373,52513.969,0.9393940141091238,0.0030436970527079037,1.0523841482965932
0.23749,0.078296125,52514.121,0.9393940141091238,0.009131154786538934,1.0523871943887775
0.23749,0.079826877,52514.426,0.9393940141091238,0.015218612520370019,1.0523933066132265
0.23749,0.081357636,52514.875,0.9393940141091238,0.021306098091632662,1.0524023046092184
0.23749,0.082888387,52515.465,0.9393940141091238,0.027393551848687747,1.052414128256513
0.23749,0.084419131,52516.184,0.9393940141091238,0.03348097776831122,1.0524285370741484
0.23749,0.08594989,52517.023,0.9393940141091238,0.039568463339573916,1.0524453507014029
0.23749,0.087480649,52517.984,0.9393940141091238,0.04565594891083656,1.0524646092184369
0.23749,0.089011393,52519.059,0.9393940141091238,0.051743374830460036,1.0524861523046092
0.23749,0.090542138,52520.254,0.9393940141091238,0.057830804726859454,1.052510100200401
0.23749,0.092072897,52521.57,0.9393940141091238,0.06391829029812215,1.0525364729458917
0.23749,0.093603656,52523.035,0.9393940141091238,0.07000577586938479,1.0525658316633266
0.23749,0.0951344,52524.66,0.9393940141091238,0.07609320178900826,1.0525983967935872
0.23749,0.096665144,52526.488,0.9393940141091238,0.08218062770863174,1.0526350300601202
0.23749,0.09819591,52528.555,0.9393940141091238,0.08826814111732605,1.0526764529058117
0.23749,0.099726662,52530.914,0.9393940141091238,0.09435559885115707,1.0527237274549097
0.23749,0.10125741,52533.609,0.9393940141091238,0.10044304067788438,1.0527777354709418
0.23749,0.10278817,52536.707,0.9393940141091238,0.10653053022592297,1.0528398196392785
0.23749,0.10431892,52540.273,0.9393940141091238,0.11261798000620211,1.0529112825651303
0.23749,0.10584967,52544.371,0.9393940141091238,0.11870542978648131,1.0529934068136273
0.23749,0.10738042,52549.055,0.9393940141091238,0.12479287956676045,1.0530872745490982
0.23749,0.10891117,52554.398,0.9393940141091238,0.13088032934703958,1.0531943486973947
0.23749,0.11044192,52560.441,0.9393940141091238,0.13696777912731872,1.0533154509018037
0.23749,0.11197267,52567.242,0.9393940141091238,0.14305522890759786,1.053451743486974
0.23749,0.11350343,52574.828,0.9393940141091238,0.1491427184556365,1.0536037675350702
0.23749,0.11503418,52583.23,0.9393940141091238,0.15523016823591565,1.0537721442885772
0.23749,0.11656493,52592.469,0.9393940141091238,0.1613176180161948,1.0539572945891782
0.23749,0.11809569,52602.52,0.9393940141091238,0.16740510756423344,1.0541587174348697
0.23749,0.11962645,52613.414,0.9393940141091238,0.17349259711227202,1.0543770340681362
0.23749,0.12115719,52625.055,0.9393940141091238,0.17958000712479172,1.0546103206412825
0.23749,0.12268794,52637.504,0.9393940141091238,0.18566745690507086,1.0548597995991984
0.23749,0.12421869,52650.543,0.9393940141091238,0.19175490668535006,1.0551211022044087
0.23749,0.12574944,52664.332,0.9393940141091238,0.19784235646562914,1.0553974348697395
0.23749,0.12728021,52678.453,0.9393940141091238,0.2039298857814273,1.0556804208416835
0.23749,0.12881094,52693.25,0.9393940141091238,0.21001725602618754,1.0559769539078157
0.23749,0.13034171,52708.004,0.9393940141091238,0.21610478534198557,1.056272625250501
0.23749,0.13187183,52723.301,0.9393940141091238,0.22218972975341833,1.0565791783567133
0.23749,0.13330159,52737.613,0.9393940141091238,0.22787556493084896,1.0568659919839678
0.23749,0.13454486,52749.766,0.9393940141091238,0.23281977116199554,1.0571095390781564
0.23749,0.13562597,52760.508,0.9393940141091238,0.23711910340563933,1.0573248096192385
0.23749,0.13656607,52769.57,0.9393940141091238,0.240857670473051,1.0575064128256513
0.23749,0.13738354,52777.438,0.9393940141091238,0.2441085655061294,1.0576640881763528
0.23749,0.13809437,52784.094,0.9393940141091238,0.24693537715226088,1.0577974749498997
0.23749,0.1387125,52789.809,0.9393940141091238,0.2493935416681413,1.057912004008016
0.23749,0.13925001,52794.707,0.9393940141091238,0.2515310985072058,1.0580101603206413
0.24002999,0.01275,52804.754,0.9494949852457635,-0.25153109850720584,1.058211503006012
0.24002999,0.0132875,52799.305,0.9494949852457635,-0.24939358143590085,1.0581023046092184
0.24002999,0.013905625,52792.941,0.9494949852457635,-0.24693543680390018,1.0579747695390782
0.24002999,0.014616469,52785.547,0.9494949852457635,-0.2441085694829054,1.0578265931863726
0.24002999,0.01543394,52776.789,0.9494949852457635,-0.24085767047305104,1.0576510821643286
0.24002999,0.016374029,52766.727,0.9494949852457635,-0.23711914715017476,1.0574494388777556
0.24002999,0.017455135,52754.812,0.9494949852457635,-0.23281983081363486,1.0572106613226453
0.24002999,0.018698405,52741.387,0.9494949852457635,-0.22787562458248825,1.056941623246493
0.24002999,0.020128164,52725.648,0.9494949852457635,-0.22218979338183356,1.0566262124248498
0.24002999,0.021658298,52708.949,0.9494949852457635,-0.21610479329553753,1.0562915631262526
0.24002999,0.023189049,52692.996,0.9494949852457635,-0.21001733953848242,1.0559718637274549
0.24002999,0.024719801,52677.137,0.9494949852457635,-0.2039298818046514,1.0556540480961925
0.24002999,0.026250554,52662.184,0.9494949852457635,-0.19784242009404443,1.0553543887775552
0.24002999,0.027781306,52647.734,0.9494949852457635,-0.19175496236021336,1.0550648096192383
0.24002999,0.029312057,52634.258,0.9494949852457635,-0.18566750860315825,1.054794749498998
0.24002999,0.030842811,52621.535,0.9494949852457635,-0.17958004291577534,1.0545397795591183
0.24002999,0.032373562,52609.824,0.9494949852457635,-0.1734925891587202,1.0543050901803608
0.24002999,0.033904314,52599.012,0.9494949852457635,-0.1674051314248892,1.0540884168336673
0.24002999,0.035435066,52589.207,0.9494949852457635,-0.16131767369105812,1.0538919238476954
0.24002999,0.036965817,52580.344,0.9494949852457635,-0.15523021993400304,1.0537143086172345
0.24002999,0.038496573,52572.449,0.9494949852457635,-0.1491427462930682,1.0535560921843687
0.24002999,0.040027324,52565.461,0.9494949852457635,-0.1430552925360131,1.0534160521042084
0.24002999,0.041558076,52559.352,0.9494949852457635,-0.13696783480218205,1.053293627254509
0.24002999,0.043088827,52554.059,0.9494949852457635,-0.13088038104512695,1.0531875551102206
0.24002999,0.044619579,52549.52,0.9494949852457635,-0.12479292331129592,1.0530965931863727
0.24002999,0.046150334,52545.664,0.9494949852457635,-0.11870545364713703,1.0530193186372745
0.24002999,0.047681086,52542.418,0.9494949852457635,-0.112617995913306,1.052954268537074
0.24002999,0.049211837,52539.711,0.9494949852457635,-0.1065305421562509,1.0529000200400802
0.24002999,0.050742589,52537.465,0.9494949852457635,-0.10044308442241985,1.05285501002004
0.24002999,0.052273341,52535.613,0.9494949852457635,-0.0943556266885888,1.052817895791583
0.24002999,0.053804092,52534.082,0.9494949852457635,-0.08826817293153372,1.0527872144288577
0.24002999,0.055334844,52532.824,0.9494949852457635,-0.08218071519770266,1.0527620040080161
0.24002999,0.056865599,52531.773,0.9494949852457635,-0.07609324553354377,1.0527409418837677
0.24002999,0.058396351,52530.895,0.9494949852457635,-0.07000578779971274,1.0527233466933867
0.24002999,0.059927102,52530.145,0.9494949852457635,-0.06391833404265762,1.0527083166332665
0.24002999,0.061457854,52529.504,0.9494949852457635,-0.05783087630882659,1.0526954709418839
0.24002999,0.062988609,52528.938,0.9494949852457635,-0.0517434066446677,1.0526841282565131
0.24002999,0.064519361,52528.445,0.9494949852457635,-0.04565594891083667,1.052674248496994
0.24002999,0.066050112,52528.012,0.9494949852457635,-0.03956849515378159,1.0526655711422845
0.24002999,0.067580864,52527.633,0.9494949852457635,-0.033481037419950496,1.052657975951904
0.24002999,0.069111615,52527.309,0.9494949852457635,-0.027393583662895415,1.052651482965932
0.24002999,0.070642367,52527.043,0.9494949852457635,-0.021306125929064383,1.0526461523046091
0.24002999,0.072173119,52526.836,0.9494949852457635,-0.015218668195233353,1.052642004008016
0.24002999,0.07370387,52526.695,0.9494949852457635,-0.009131214438178213,1.0526391783567135
0.24002999,0.075234622,52526.621,0.9494949852457635,-0.003043756704347182,1.0526376953907814
0.24002999,0.076765373,52526.621,0.9494949852457635,0.0030436970527079037,1.0526376953907814
0.24002999,0.078296125,52526.688,0.9494949852457635,0.009131154786538934,1.0526390380761523
0.24002999,0.079826877,52526.824,0.9494949852457635,0.015218612520370019,1.0526417635270542
0.24002999,0.081357636,52527.027,0.9494949852457635,0.021306098091632662,1.0526458316633267
0.24002999,0.082888387,52527.289,0.9494949852457635,0.027393551848687747,1.0526510821643287
0.24002999,0.084419131,52527.613,0.9494949852457635,0.03348097776831122,1.0526575751503005
0.24002999,0.08594989,52527.988,0.9494949852457635,0.039568463339573916,1.0526650901803607
0.24002999,0.087480649,52528.422,0.9494949852457635,0.04565594891083656,1.0526737875751502
0.24002999,0.089011393,52528.91,0.9494949852457635,0.051743374830460036,1.0526835671342687
0.24002999,0.090542138,52529.469,0.9494949852457635,0.057830804726859454,1.052694769539078
0.24002999,0.092072897,52530.109,0.9494949852457635,0.06391829029812215,1.0527075951903806
0.24002999,0.093603656,52530.855,0.9494949852457635,0.07000577586938479,1.0527225450901805
0.24002999,0.0951344,52531.73,0.9494949852457635,0.07609320178900826,1.0527400801603206
0.24002999,0.096665144,52532.777,0.9494949852457635,0.08218062770863174,1.0527610621242485
0.24002999,0.09819591,52534.031,0.9494949852457635,0.08826814111732605,1.0527861923847697
0.24002999,0.099726662,52535.559,0.9494949852457635,0.09435559885115707,1.0528168136272544
0.24002999,0.10125741,52537.406,0.9494949852457635,0.10044304067788438,1.0528538276553108
0.24002999,0.10278817,52539.652,0.9494949852457635,0.10653053022592297,1.0528988376753508
0.24002999,0.10431892,52542.355,0.9494949852457635,0.11261798000620211,1.052953006012024
0.24002999,0.10584967,52545.602,0.9494949852457635,0.11870542978648131,1.0530180761523047
0.24002999,0.10738042,52549.457,0.9494949852457635,0.12479287956676045,1.0530953306613227
0.24002999,0.10891117,52553.996,0.9494949852457635,0.13088032934703958,1.0531862925851703
0.24002999,0.11044192,52559.289,0.9494949852457635,0.13696777912731872,1.0532923647294588
0.24002999,0.11197267,52565.398,0.9494949852457635,0.14305522890759786,1.0534147895791584
0.24002999,0.11350343,52572.387,0.9494949852457635,0.1491427184556365,1.053554849699399
0.24002999,0.11503418,52580.281,0.9494949852457635,0.15523016823591565,1.0537130460921844
0.24002999,0.11656493,52589.145,0.9494949852457635,0.1613176180161948,1.0538906813627253
0.24002999,0.11809569,52598.949,0.9494949852457635,0.16740510756423344,1.0540871543086172
0.24002999,0.11962645,52609.766,0.9494949852457635,0.17349259711227202,1.0543039278557116
0.24002999,0.12115719,52621.48,0.9494949852457635,0.17958000712479172,1.0545386773547094
0.24002999,0.12268794,52634.203,0.9494949852457635,0.18566745690507086,1.0547936472945891
0.24002999,0.12421869,52647.688,0.9494949852457635,0.19175490668535006,1.0550638877755512
0.24002999,0.12574944,52662.141,0.9494949852457635,0.19784235646562914,1.0553535270541083
0.24002999,0.12728021,52677.094,0.9494949852457635,0.2039298857814273,1.0556531863727454
0.24002999,0.12881094,52692.957,0.9494949852457635,0.21001725602618754,1.0559710821643287
0.24002999,0.13034171,52708.914,0.9494949852457635,0.21610478534198557,1.0562908617234468
0.24002999,0.13187183,52725.617,0.9494949852457635,0.22218972975341833,1.0566255911823648
0.24002999,0.13330159,52741.359,0.9494949852457635,0.22787556493084896,1.0569410621242485
0.24002999,0.13454486,52754.789,0.9494949852457635,0.23281977116199554,1.0572102004008015
0.24002999,0.13562597,52766.703,0.9494949852457635,0.23711910340563933,1.0574489579158317
0.24002999,0.13656607,52776.766,0.9494949852457635,0.240857670473051,1.057650621242485
0.24002999,0.13738354,52785.523,0.9494949852457635,0.2441085655061294,1.057826112224449
0.24002999,0.13809437,52792.922,0.9494949852457635,0.24693537715226088,1.057974388777555
0.24002999,0.1387125,52799.281,0.9494949852457635,0.2493935416681413,1.0581018236472945
0.24002999,0.13925001,52804.73,0.9494949852457635,0.2515310985072058,1.0582110220440883
0.24257,0.01275,52815.387,0.9595960359179222,-0.25153109850720584,1.0584245891783568
0.24257,0.0132875,52809.496,0.9595960359179222,-0.24939358143590085,1.0583065330661323
0.24257,0.013905625,52802.598,0.9595960359179222,-0.24693543680390018,1.0581682965931862
0.24257,0.014616469,52794.582,0.9595960359179222,-0.2441085694829054,1.0580076553106212
0.24257,0.01543394,52785.078,0.9595960359179222,-0.24085767047305104,1.0578171943887775
0.24257,0.016374029,52774.168,0.9595960359179222,-0.23711914715017476,1.0575985571142283
0.24257,0.017455135,52761.254,0.9595960359179222,-0.23281983081363486,1.0573397595190381
0.24257,0.018698405,52746.734,0.9595960359179222,-0.22787562458248825,1.05704877755511
0.24257,0.020128164,52729.77,0.9595960359179222,-0.22218979338183356,1.0567088176352706
0.24257,0.021658298,52711.859,0.9595960359179222,-0.21610479329553753,1.056349879759519
0.24257,0.023189049,52694.867,0.9595960359179222,-0.21001733953848242,1.0560093587174348
0.24257,0.024719801,52678.082,0.9595960359179222,-0.2039298818046514,1.055672985971944
0.24257,0.026250554,52662.395,0.9595960359179222,-0.19784242009404443,1.0553586172344689
0.24257,0.027781306,52647.348,0.9595960359179222,-0.19175496236021336,1.0550570741482965
0.24257,0.029312057,52633.453,0.9595960359179222,-0.18566750860315825,1.0547786172344689
0.24257,0.030842811,52620.453,0.9595960359179222,-0.17958004291577534,1.0545180961923848
0.24257,0.032373562,52608.625,0.9595960359179222,-0.1734925891587202,1.0542810621242484
0.24257,0.033904314,52597.824,0.9595960359179222,-0.1674051314248892,1.054064609218437
0.24257,0.035435066,52588.164,0.9595960359179222,-0.16131767369105812,1.0538710220440881
0.24257,0.036965817,52579.551,0.9595960359179222,-0.15523021993400304,1.0536984168336674
0.24257,0.038496573,52572.008,0.9595960359179222,-0.1491427462930682,1.053547254509018
0.24257,0.040027324,52565.445,0.9595960359179222,-0.1430552925360131,1.0534157314629258
0.24257,0.041558076,52559.836,0.9595960359179222,-0.13696783480218205,1.0533033266533067
0.24257,0.043088827,52555.09,0.9595960359179222,-0.13088038104512695,1.0532082164328656
0.24257,0.044619579,52551.137,0.9595960359179222,-0.12479292331129592,1.0531289979959921
0.24257,0.046150334,52547.902,0.9595960359179222,-0.11870545364713703,1.0530641683366735
0.24257,0.047681086,52545.301,0.9595960359179222,-0.112617995913306,1.0530120440881763
0.24257,0.049211837,52543.25,0.9595960359179222,-0.1065305421562509,1.0529709418837676
0.24257,0.050742589,52541.672,0.9595960359179222,-0.10044308442241985,1.0529393186372744
0.24257,0.052273341,52540.492,0.9595960359179222,-0.0943556266885888,1.0529156713426853
0.24257,0.053804092,52539.633,0.9595960359179222,-0.08826817293153372,1.0528984569138278
0.24257,0.055334844,52539.043,0.9595960359179222,-0.08218071519770266,1.052886633266533
0.24257,0.056865599,52538.656,0.9595960359179222,-0.07609324553354377,1.0528788777555111
0.24257,0.058396351,52538.43,0.9595960359179222,-0.07000578779971274,1.0528743486973948
0.24257,0.059927102,52538.316,0.9595960359179222,-0.06391833404265762,1.0528720641282565
0.24257,0.061457854,52538.293,0.9595960359179222,-0.05783087630882659,1.0528716032064127
0.24257,0.062988609,52538.316,0.9595960359179222,-0.0517434066446677,1.0528720641282565
0.24257,0.064519361,52538.375,0.9595960359179222,-0.04565594891083667,1.052873246492986
0.24257,0.066050112,52538.445,0.9595960359179222,-0.03956849515378159,1.0528746492985972
0.24257,0.067580864,52538.52,0.9595960359179222,-0.033481037419950496,1.052876152304609
0.24257,0.069111615,52538.586,0.9595960359179222,-0.027393583662895415,1.0528774749499
0.24257,0.070642367,52538.648,0.9595960359179222,-0.021306125929064383,1.0528787174348697
0.24257,0.072173119,52538.691,0.9595960359179222,-0.015218668195233353,1.0528795791583165
0.24257,0.07370387,52538.723,0.9595960359179222,-0.009131214438178213,1.0528802204408818
0.24257,0.075234622,52538.734,0.9595960359179222,-0.003043756704347182,1.0528804408817634
0.24257,0.076765373,52538.734,0.9595960359179222,0.0030436970527079037,1.0528804408817634
0.24257,0.078296125,52538.715,0.9595960359179222,0.009131154786538934,1.0528800601202404
0.24257,0.079826877,52538.684,0.9595960359179222,0.015218612520370019,1.0528794388777556
0.24257,0.081357636,52538.633,0.9595960359179222,0.021306098091632662,1.0528784168336673
0.24257,0.082888387,52538.57,0.9595960359179222,0.027393551848687747,1.0528771543086173
0.24257,0.084419131,52538.5,0.9595960359179222,0.03348097776831122,1.052875751503006
0.24257,0.08594989,52538.422,0.9595960359179222,0.039568463339573916,1.0528741883767534
0.24257,0.087480649,52538.348,0.9595960359179222,0.04565594891083656,1.0528727054108216
0.24257,0.089011393,52538.285,0.9595960359179222,0.051743374830460036,1.0528714428857715
0.24257,0.090542138,52538.258,0.9595960359179222,0.057830804726859454,1.0528709018036073
0.24257,0.092072897,52538.281,0.9595960359179222,0.06391829029812215,1.052871362725451
0.24257,0.093603656,52538.391,0.9595960359179222,0.07000577586938479,1.0528735671342686
0.24257,0.0951344,52538.613,0.9595960359179222,0.07609320178900826,1.052878016032064
0.24257,0.096665144,52538.996,0.9595960359179222,0.08218062770863174,1.0528856913827656
0.24257,0.09819591,52539.586,0.9595960359179222,0.08826814111732605,1.0528975150300601
0.24257,0.099726662,52540.441,0.9595960359179222,0.09435559885115707,1.0529146492985972
0.24257,0.10125741,52541.621,0.9595960359179222,0.10044304067788438,1.0529382965931864
0.24257,0.10278817,52543.195,0.9595960359179222,0.10653053022592297,1.0529698396793588
0.24257,0.10431892,52545.242,0.9595960359179222,0.11261798000620211,1.0530108617234468
0.24257,0.10584967,52547.844,0.9595960359179222,0.11870542978648131,1.053063006012024
0.24257,0.10738042,52551.078,0.9595960359179222,0.12479287956676045,1.0531278156312625
0.24257,0.10891117,52555.031,0.9595960359179222,0.13088032934703958,1.0532070340681363
0.24257,0.11044192,52559.777,0.9595960359179222,0.13696777912731872,1.0533021442885773
0.24257,0.11197267,52565.387,0.9595960359179222,0.14305522890759786,1.0534145691382766
0.24257,0.11350343,52571.949,0.9595960359179222,0.1491427184556365,1.0535460721442886
0.24257,0.11503418,52579.492,0.9595960359179222,0.15523016823591565,1.053697234468938
0.24257,0.11656493,52588.109,0.9595960359179222,0.1613176180161948,1.0538699198396793
0.24257,0.11809569,52597.77,0.9595960359179222,0.16740510756423344,1.054063527054108
0.24257,0.11962645,52608.574,0.9595960359179222,0.17349259711227202,1.0542800400801604
0.24257,0.12115719,52620.406,0.9595960359179222,0.17958000712479172,1.0545171543086174
0.24257,0.12268794,52633.406,0.9595960359179222,0.18566745690507086,1.0547776753507014
0.24257,0.12421869,52647.305,0.9595960359179222,0.19175490668535006,1.0550562124248497
0.24257,0.12574944,52662.355,0.9595960359179222,0.19784235646562914,1.0553578156312626
0.24257,0.12728021,52678.043,0.9595960359179222,0.2039298857814273,1.0556722044088176
0.24257,0.12881094,52694.832,0.9595960359179222,0.21001725602618754,1.0560086573146292
0.24257,0.13034171,52711.832,0.9595960359179222,0.21610478534198557,1.0563493386773548
0.24257,0.13187183,52729.742,0.9595960359179222,0.22218972975341833,1.056708256513026
0.24257,0.13330159,52746.711,0.9595960359179222,0.22787556493084896,1.0570483166332665
0.24257,0.13454486,52761.23,0.9595960359179222,0.23281977116199554,1.0573392785571143
0.24257,0.13562597,52774.148,0.9595960359179222,0.23711910340563933,1.0575981563126253
0.24257,0.13656607,52785.059,0.9595960359179222,0.240857670473051,1.0578168136272545
0.24257,0.13738354,52794.562,0.9595960359179222,0.2441085655061294,1.058007254509018
0.24257,0.13809437,52802.578,0.9595960359179222,0.24693537715226088,1.0581678957915832
0.24257,0.1387125,52809.477,0.9595960359179222,0.2493935416681413,1.0583061523046091
0.24257,0.13925001,52815.367,0.9595960359179222,0.2515310985072058,1.0584241883767536
0.24510999,0.01275,52826.258,0.9696970070545619,-0.25153109850720584,1.0586424448897795
0.24510999,0.0132875,52820.055,0.9696970070545619,-0.24939358143590085,1.058518136272545
0.24510999,0.013905625,52812.758,0.9696970070545619,-0.24693543680390018,1.0583719038076154
0.24510999,0.014616469,52804.301,0.9696970070545619,-0.2441085694829054,1.0582024248496993
0.24510999,0.01543394,52794.238,0.9696970070545619,-0.24085767047305104,1.058000761523046
0.24510999,0.016374029,52782.711,0.9696970070545619,-0.23711914715017476,1.057769759519038
0.24510999,0.017455135,52769.043,0.9696970070545619,-0.23281983081363486,1.0574958517034068
0.24510999,0.018698405,52753.707,0.9696970070545619,-0.22787562458248825,1.0571885170340682
0.24510999,0.020128164,52735.809,0.9696970070545619,-0.22218979338183356,1.0568298396793587
0.24510999,0.021658298,52716.965,0.9696970070545619,-0.21610479329553753,1.0564522044088176
0.24510999,0.023189049,52699.148,0.9696970070545619,-0.21001733953848242,1.0560951503006013
0.24510999,0.024719801,52681.613,0.9696970070545619,-0.2039298818046514,1.05574374749499
0.24510999,0.026250554,52665.316,0.9696970070545619,-0.19784242009404443,1.0554171543086173
0.24510999,0.027781306,52649.746,0.9696970070545619,-0.19175496236021336,1.055105130260521
0.24510999,0.029312057,52635.469,0.9696970070545619,-0.18566750860315825,1.0548190180360721
0.24510999,0.030842811,52622.184,0.9696970070545619,-0.17958004291577534,1.0545527855711423
0.24510999,0.032373562,52610.195,0.9696970070545619,-0.1734925891587202,1.0543125250501002
0.24510999,0.033904314,52599.32,0.9696970070545619,-0.1674051314248892,1.0540945891783566
0.24510999,0.035435066,52589.688,0.9696970070545619,-0.16131767369105812,1.0539015631262525
0.24510999,0.036965817,52581.176,0.9696970070545619,-0.15523021993400304,1.0537309819639278
0.24510999,0.038496573,52573.805,0.9696970070545619,-0.1491427462930682,1.0535832665330662
0.24510999,0.040027324,52567.48,0.9696970070545619,-0.1430552925360131,1.0534565130260523
0.24510999,0.041558076,52562.145,0.9696970070545619,-0.13696783480218205,1.0533495991983968
0.24510999,0.043088827,52557.73,0.9696970070545619,-0.13088038104512695,1.053261122244489
0.24510999,0.044619579,52554.137,0.9696970070545619,-0.12479292331129592,1.053189118236473
0.24510999,0.046150334,52551.293,0.9696970070545619,-0.11870545364713703,1.053132124248497
0.24510999,0.047681086,52549.113,0.9696970070545619,-0.112617995913306,1.0530884368737474
0.24510999,0.049211837,52547.504,0.9696970070545619,-0.1065305421562509,1.0530561923847697
0.24510999,0.050742589,52546.391,0.9696970070545619,-0.10044308442241985,1.0530338877755512
0.24510999,0.052273341,52545.688,0.9696970070545619,-0.0943556266885888,1.0530197995991983
0.24510999,0.053804092,52545.328,0.9696970070545619,-0.08826817293153372,1.0530125851703407
0.24510999,0.055334844,52545.25,0.9696970070545619,-0.08218071519770266,1.0530110220440883
0.24510999,0.056865599,52545.387,0.9696970070545619,-0.07609324553354377,1.0530137675350701
0.24510999,0.058396351,52545.695,0.9696970070545619,-0.07000578779971274,1.0530199398797595
0.24510999,0.059927102,52546.113,0.9696970070545619,-0.06391833404265762,1.0530283166332666
0.24510999,0.061457854,52546.613,0.9696970070545619,-0.05783087630882659,1.0530383366733467
0.24510999,0.062988609,52547.148,0.9696970070545619,-0.0517434066446677,1.0530490581162324
0.24510999,0.064519361,52547.695,0.9696970070545619,-0.04565594891083667,1.0530600200400801
0.24510999,0.066050112,52548.223,0.9696970070545619,-0.03956849515378159,1.0530706012024047
0.24510999,0.067580864,52548.715,0.9696970070545619,-0.033481037419950496,1.0530804609218436
0.24510999,0.069111615,52549.148,0.9696970070545619,-0.027393583662895415,1.053089138276553
0.24510999,0.070642367,52549.512,0.9696970070545619,-0.021306125929064383,1.0530964328657315
0.24510999,0.072173119,52549.793,0.9696970070545619,-0.015218668195233353,1.0531020641282565
0.24510999,0.07370387,52549.984,0.9696970070545619,-0.009131214438178213,1.0531058917835672
0.24510999,0.075234622,52550.082,0.9696970070545619,-0.003043756704347182,1.0531078557114228
0.24510999,0.076765373,52550.082,0.9696970070545619,0.0030436970527079037,1.0531078557114228
0.24510999,0.078296125,52549.98,0.9696970070545619,0.009131154786538934,1.0531058116232466
0.24510999,0.079826877,52549.785,0.9696970070545619,0.015218612520370019,1.0531019038076153
0.24510999,0.081357636,52549.5,0.9696970070545619,0.021306098091632662,1.0530961923847695
0.24510999,0.082888387,52549.133,0.9696970070545619,0.027393551848687747,1.0530888376753507
0.24510999,0.084419131,52548.695,0.9696970070545619,0.03348097776831122,1.0530800601202406
0.24510999,0.08594989,52548.199,0.9696970070545619,0.039568463339573916,1.053070120240481
0.24510999,0.087480649,52547.672,0.9696970070545619,0.04565594891083656,1.0530595591182363
0.24510999,0.089011393,52547.121,0.9696970070545619,0.051743374830460036,1.0530485170340682
0.24510999,0.090542138,52546.582,0.9696970070545619,0.057830804726859454,1.0530377154308617
0.24510999,0.092072897,52546.078,0.9696970070545619,0.06391829029812215,1.053027615230461
0.24510999,0.093603656,52545.656,0.9696970070545619,0.07000577586938479,1.0530191583166333
0.24510999,0.0951344,52545.344,0.9696970070545619,0.07609320178900826,1.053012905811623
0.24510999,0.096665144,52545.207,0.9696970070545619,0.08218062770863174,1.0530101603206414
0.24510999,0.09819591,52545.281,0.9696970070545619,0.08826814111732605,1.0530116432865733
0.24510999,0.099726662,52545.641,0.9696970070545619,0.09435559885115707,1.053018857715431
0.24510999,0.10125741,52546.34,0.9696970070545619,0.10044304067788438,1.053032865731463
0.24510999,0.10278817,52547.453,0.9696970070545619,0.10653053022592297,1.0530551703406814
0.24510999,0.10431892,52549.062,0.9696970070545619,0.11261798000620211,1.0530874148296592
0.24510999,0.10584967,52551.238,0.9696970070545619,0.11870542978648131,1.0531310220440881
0.24510999,0.10738042,52554.086,0.9696970070545619,0.12479287956676045,1.0531880961923847
0.24510999,0.10891117,52557.68,0.9696970070545619,0.13088032934703958,1.053260120240481
0.24510999,0.11044192,52562.094,0.9696970070545619,0.13696777912731872,1.0533485771543085
0.24510999,0.11197267,52567.426,0.9696970070545619,0.14305522890759786,1.0534554308617234
0.24510999,0.11350343,52573.754,0.9696970070545619,0.1491427184556365,1.053582244488978
0.24510999,0.11503418,52581.125,0.9696970070545619,0.15523016823591565,1.0537299599198398
0.24510999,0.11656493,52589.641,0.9696970070545619,0.1613176180161948,1.053900621242485
0.24510999,0.11809569,52599.273,0.9696970070545619,0.16740510756423344,1.0540936472945892
0.24510999,0.11962645,52610.148,0.9696970070545619,0.17349259711227202,1.0543115831663328
0.24510999,0.12115719,52622.141,0.9696970070545619,0.17958000712479172,1.0545519238476955
0.24510999,0.12268794,52635.43,0.9696970070545619,0.18566745690507086,1.054818236472946
0.24510999,0.12421869,52649.707,0.9696970070545619,0.19175490668535006,1.0551043486973948
0.24510999,0.12574944,52665.281,0.9696970070545619,0.19784235646562914,1.0554164529058117
0.24510999,0.12728021,52681.582,0.9696970070545619,0.2039298857814273,1.055743126252505
0.24510999,0.12881094,52699.121,0.9696970070545619,0.21001725602618754,1.056094609218437
0.24510999,0.13034171,52716.941,0.9696970070545619,0.21610478534198557,1.0564517234468938
0.24510999,0.13187183,52735.785,0.9696970070545619,0.22218972975341833,1.0568293587174349
0.24510999,0.13330159,52753.688,0.9696970070545619,0.22787556493084896,1.057188136272545
0.24510999,0.13454486,52769.023,0.9696970070545619,0.23281977116199554,1.0574954509018035
0.24510999,0.13562597,52782.691,0.9696970070545619,0.23711910340563933,1.0577693587174348
0.24510999,0.13656607,52794.223,0.9696970070545619,0.240857670473051,1.0580004609218436
0.24510999,0.13738354,52804.281,0.9696970070545619,0.2441085655061294,1.0582020240480963
0.24510999,0.13809437,52812.742,0.9696970070545619,0.24693537715226088,1.0583715831663327
0.24510999,0.1387125,52820.039,0.9696970070545619,0.2493935416681413,1.0585178156312625
0.24510999,0.13925001,52826.242,0.9696970070545619,0.2515310985072058,1.058642124248497
0.24765,0.01275,52837.035,0.9797980577267206,-0.25153109850720584,1.0588584168336674
0.24765,0.0132875,52830.68,0.9797980577267206,-0.24939358143590085,1.0587310621242485
0.24765,0.013905625,52823.176,0.9797980577267206,-0.24693543680390018,1.0585806813627254
0.24765,0.014616469,52814.484,0.9797980577267206,-0.2441085694829054,1.0584064929859718
0.24765,0.01543394,52804.113,0.9797980577267206,-0.24085767047305104,1.0581986573146291
0.24765,0.016374029,52792.242,0.9797980577267206,-0.23711914715017476,1.057960761523046
0.24765,0.017455135,52778.137,0.9797980577267206,-0.23281983081363486,1.0576780961923848
0.24765,0.018698405,52762.316,0.9797980577267206,-0.22787562458248825,1.0573610420841684
0.24765,0.020128164,52743.832,0.9797980577267206,-0.22218979338183356,1.056990621242485
0.24765,0.021658298,52724.379,0.9797980577267206,-0.21610479329553753,1.0566007815631262
0.24765,0.023189049,52705.996,0.9797980577267206,-0.21001733953848242,1.056232384769539
0.24765,0.024719801,52687.91,0.9797980577267206,-0.2039298818046514,1.0558699398797595
0.24765,0.026250554,52671.133,0.9797980577267206,-0.19784242009404443,1.05553372745491
0.24765,0.027781306,52655.133,0.9797980577267206,-0.19175496236021336,1.0552130861723448
0.24765,0.029312057,52640.504,0.9797980577267206,-0.18566750860315825,1.0549199198396795
0.24765,0.030842811,52626.926,0.9797980577267206,-0.17958004291577534,1.0546478156312624
0.24765,0.032373562,52614.719,0.9797980577267206,-0.1734925891587202,1.0544031863727454
0.24765,0.033904314,52603.676,0.9797980577267206,-0.1674051314248892,1.054181883767535
0.24765,0.035435066,52593.941,0.9797980577267206,-0.16131767369105812,1.0539867935871743
0.24765,0.036965817,52585.371,0.9797980577267206,-0.15523021993400304,1.0538150501002004
0.24765,0.038496573,52577.984,0.9797980577267206,-0.1491427462930682,1.053667014028056
0.24765,0.040027324,52571.688,0.9797980577267206,-0.1430552925360131,1.0535408416833667
0.24765,0.041558076,52566.418,0.9797980577267206,-0.13696783480218205,1.0534352304609218
0.24765,0.043088827,52562.094,0.9797980577267206,-0.13088038104512695,1.0533485771543085
0.24765,0.044619579,52558.641,0.9797980577267206,-0.12479292331129592,1.0532793787575152
0.24765,0.046150334,52555.953,0.9797980577267206,-0.11870545364713703,1.053225511022044
0.24765,0.047681086,52553.961,0.9797980577267206,-0.112617995913306,1.0531855911823649
0.24765,0.049211837,52552.57,0.9797980577267206,-0.1065305421562509,1.0531577154308618
0.24765,0.050742589,52551.707,0.9797980577267206,-0.10044308442241985,1.0531404208416835
0.24765,0.052273341,52551.289,0.9797980577267206,-0.0943556266885888,1.0531320440881764
0.24765,0.053804092,52551.242,0.9797980577267206,-0.08826817293153372,1.0531311022044088
0.24765,0.055334844,52551.508,0.9797980577267206,-0.08218071519770266,1.0531364328657316
0.24765,0.056865599,52552.016,0.9797980577267206,-0.07609324553354377,1.0531466132264529
0.24765,0.058396351,52552.711,0.9797980577267206,-0.07000578779971274,1.0531605410821643
0.24765,0.059927102,52553.539,0.9797980577267206,-0.06391833404265762,1.053177134268537
0.24765,0.061457854,52554.449,0.9797980577267206,-0.05783087630882659,1.053195370741483
0.24765,0.062988609,52555.398,0.9797980577267206,-0.0517434066446677,1.0532143887775551
0.24765,0.064519361,52556.348,0.9797980577267206,-0.04565594891083667,1.0532334268537074
0.24765,0.066050112,52557.258,0.9797980577267206,-0.03956849515378159,1.0532516633266533
0.24765,0.067580864,52558.102,0.9797980577267206,-0.033481037419950496,1.0532685771543087
0.24765,0.069111615,52558.848,0.9797980577267206,-0.027393583662895415,1.053283527054108
0.24765,0.070642367,52559.477,0.9797980577267206,-0.021306125929064383,1.0532961322645291
0.24765,0.072173119,52559.961,0.9797980577267206,-0.015218668195233353,1.0533058316633268
0.24765,0.07370387,52560.293,0.9797980577267206,-0.009131214438178213,1.0533124849699398
0.24765,0.075234622,52560.461,0.9797980577267206,-0.003043756704347182,1.053315851703407
0.24765,0.076765373,52560.461,0.9797980577267206,0.0030436970527079037,1.053315851703407
0.24765,0.078296125,52560.289,0.9797980577267206,0.009131154786538934,1.0533124048096192
0.24765,0.079826877,52559.953,0.9797980577267206,0.015218612520370019,1.0533056713426854
0.24765,0.081357636,52559.461,0.9797980577267206,0.021306098091632662,1.0532958116232465
0.24765,0.082888387,52558.832,0.9797980577267206,0.027393551848687747,1.0532832064128257
0.24765,0.084419131,52558.082,0.9797980577267206,0.03348097776831122,1.0532681763527054
0.24765,0.08594989,52557.234,0.9797980577267206,0.039568463339573916,1.0532511823647295
0.24765,0.087480649,52556.32,0.9797980577267206,0.04565594891083656,1.053232865731463
0.24765,0.089011393,52555.367,0.9797980577267206,0.051743374830460036,1.0532137675350701
0.24765,0.090542138,52554.414,0.9797980577267206,0.057830804726859454,1.0531946693386773
0.24765,0.092072897,52553.5,0.9797980577267206,0.06391829029812215,1.0531763527054108
0.24765,0.093603656,52552.672,0.9797980577267206,0.07000577586938479,1.053159759519038
0.24765,0.0951344,52551.977,0.9797980577267206,0.07609320178900826,1.0531458316633266
0.24765,0.096665144,52551.469,0.9797980577267206,0.08218062770863174,1.0531356513026051
0.24765,0.09819591,52551.203,0.9797980577267206,0.08826814111732605,1.0531303206412825
0.24765,0.099726662,52551.242,0.9797980577267206,0.09435559885115707,1.0531311022044088
0.24765,0.10125741,52551.664,0.9797980577267206,0.10044304067788438,1.0531395591182364
0.24765,0.10278817,52552.527,0.9797980577267206,0.10653053022592297,1.053156853707415
0.24765,0.10431892,52553.918,0.9797980577267206,0.11261798000620211,1.0531847294589178
0.24765,0.10584967,52555.906,0.9797980577267206,0.11870542978648131,1.0532245691382767
0.24765,0.10738042,52558.598,0.9797980577267206,0.12479287956676045,1.0532785170340682
0.24765,0.10891117,52562.051,0.9797980577267206,0.13088032934703958,1.0533477154308617
0.24765,0.11044192,52566.375,0.9797980577267206,0.13696777912731872,1.053434368737475
0.24765,0.11197267,52571.645,0.9797980577267206,0.14305522890759786,1.0535399799599199
0.24765,0.11350343,52577.945,0.9797980577267206,0.1491427184556365,1.05366623246493
0.24765,0.11503418,52585.332,0.9797980577267206,0.15523016823591565,1.0538142685370742
0.24765,0.11656493,52593.902,0.9797980577267206,0.1613176180161948,1.053986012024048
0.24765,0.11809569,52603.641,0.9797980577267206,0.16740510756423344,1.0541811823647296
0.24765,0.11962645,52614.684,0.9797980577267206,0.17349259711227202,1.0544024849699398
0.24765,0.12115719,52626.891,0.9797980577267206,0.17958000712479172,1.054647114228457
0.24765,0.12268794,52640.473,0.9797980577267206,0.18566745690507086,1.0549192985971942
0.24765,0.12421869,52655.102,0.9797980577267206,0.19175490668535006,1.0552124649298598
0.24765,0.12574944,52671.105,0.9797980577267206,0.19784235646562914,1.0555331663326655
0.24765,0.12728021,52687.883,0.9797980577267206,0.2039298857814273,1.0558693987975951
0.24765,0.12881094,52705.969,0.9797980577267206,0.21001725602618754,1.0562318436873748
0.24765,0.13034171,52724.355,0.9797980577267206,0.21610478534198557,1.0566003006012024
0.24765,0.13187183,52743.812,0.9797980577267206,0.22218972975341833,1.0569902204408816
0.24765,0.13330159,52762.297,0.9797980577267206,0.22787556493084896,1.0573606613226452
0.24765,0.13454486,52778.117,0.9797980577267206,0.23281977116199554,1.0576776953907816
0.24765,0.13562597,52792.223,0.9797980577267206,0.23711910340563933,1.057960380761523
0.24765,0.13656607,52804.098,0.9797980577267206,0.240857670473051,1.0581983567134268
0.24765,0.13738354,52814.465,0.9797980577267206,0.2441085655061294,1.0584061122244488
0.24765,0.13809437,52823.156,0.9797980577267206,0.24693537715226088,1.0585802805611222
0.24765,0.1387125,52830.664,0.9797980577267206,0.2493935416681413,1.0587307414829659
0.24765,0.13925001,52837.02,0.9797980577267206,0.2515310985072058,1.0588581162324648
0.25018999,0.01275,52847.211,0.9898990288633601,-0.25153109850720584,1.0590623446893788
0.25018999,0.0132875,52840.867,0.9898990288633601,-0.24939358143590085,1.0589352104208416
0.25018999,0.013905625,52833.348,0.9898990288633601,-0.24693543680390018,1.0587845290581162
0.25018999,0.014616469,52824.645,0.9898990288633601,-0.2441085694829054,1.058610120240481
0.25018999,0.01543394,52814.223,0.9898990288633601,-0.24085767047305104,1.05840126252505
0.25018999,0.016374029,52802.289,0.9898990288633601,-0.23711914715017476,1.0581621042084168
0.25018999,0.017455135,52788.062,0.9898990288633601,-0.23281983081363486,1.057876993987976
0.25018999,0.018698405,52772.098,0.9898990288633601,-0.22787562458248825,1.0575570741482965
0.25018999,0.020128164,52753.379,0.9898990288633601,-0.22218979338183356,1.0571819438877756
0.25018999,0.021658298,52733.641,0.9898990288633601,-0.21610479329553753,1.0567863927855712
0.25018999,0.023189049,52714.949,0.9898990288633601,-0.21001733953848242,1.0564118036072145
0.25018999,0.024719801,52696.531,0.9898990288633601,-0.2039298818046514,1.0560427054108217
0.25018999,0.026250554,52679.43,0.9898990288633601,-0.19784242009404443,1.0557
0.25018999,0.027781306,52663.098,0.9898990288633601,-0.19175496236021336,1.0553727054108215
0.25018999,0.029312057,52648.168,0.9898990288633601,-0.18566750860315825,1.055073507014028
0.25018999,0.030842811,52634.293,0.9898990288633601,-0.17958004291577534,1.0547954509018036
0.25018999,0.032373562,52621.82,0.9898990288633601,-0.1734925891587202,1.0545454909819638
0.25018999,0.033904314,52610.531,0.9898990288633601,-0.1674051314248892,1.0543192585170342
0.25018999,0.035435066,52600.57,0.9898990288633601,-0.16131767369105812,1.054119639278557
0.25018999,0.036965817,52591.797,0.9898990288633601,-0.15523021993400304,1.0539438276553106
0.25018999,0.038496573,52584.238,0.9898990288633601,-0.1491427462930682,1.0537923446893787
0.25018999,0.040027324,52577.773,0.9898990288633601,-0.1430552925360131,1.0536627855711422
0.25018999,0.041558076,52572.379,0.9898990288633601,-0.13696783480218205,1.0535546893787575
0.25018999,0.043088827,52567.941,0.9898990288633601,-0.13088038104512695,1.053465751503006
0.25018999,0.044619579,52564.402,0.9898990288633601,-0.12479292331129592,1.0533948296593187
0.25018999,0.046150334,52561.664,0.9898990288633601,-0.11870545364713703,1.0533399599198396
0.25018999,0.047681086,52559.652,0.9898990288633601,-0.112617995913306,1.0532996392785572
0.25018999,0.049211837,52558.281,0.9898990288633601,-0.1065305421562509,1.0532721643286573
0.25018999,0.050742589,52557.473,0.9898990288633601,-0.10044308442241985,1.0532559719438876
0.25018999,0.052273341,52557.152,0.9898990288633601,-0.0943556266885888,1.0532495390781564
0.25018999,0.053804092,52557.246,0.9898990288633601,-0.08826817293153372,1.0532514228456913
0.25018999,0.055334844,52557.684,0.9898990288633601,-0.08218071519770266,1.0532602004008016
0.25018999,0.056865599,52558.398,0.9898990288633601,-0.07609324553354377,1.053274509018036
0.25018999,0.058396351,52559.336,0.9898990288633601,-0.07000578779971274,1.0532933066132266
0.25018999,0.059927102,52560.426,0.9898990288633601,-0.06391833404265762,1.0533151503006013
0.25018999,0.061457854,52561.621,0.9898990288633601,-0.05783087630882659,1.0533390981963928
0.25018999,0.062988609,52562.867,0.9898990288633601,-0.0517434066446677,1.0533640681362726
0.25018999,0.064519361,52564.113,0.9898990288633601,-0.04565594891083667,1.0533890380761524
0.25018999,0.066050112,52565.316,0.9898990288633601,-0.03956849515378159,1.053413146292585
0.25018999,0.067580864,52566.43,0.9898990288633601,-0.033481037419950496,1.0534354709418838
0.25018999,0.069111615,52567.422,0.9898990288633601,-0.027393583662895415,1.0534553507014028
0.25018999,0.070642367,52568.254,0.9898990288633601,-0.021306125929064383,1.0534720240480961
0.25018999,0.072173119,52568.902,0.9898990288633601,-0.015218668195233353,1.0534850100200401
0.25018999,0.07370387,52569.344,0.9898990288633601,-0.009131214438178213,1.0534938677354708
0.25018999,0.075234622,52569.57,0.9898990288633601,-0.003043756704347182,1.0534983967935871
0.25018999,0.076765373,52569.566,0.9898990288633601,0.0030436970527079037,1.0534983166332665
0.25018999,0.078296125,52569.34,0.9898990288633601,0.009131154786538934,1.0534937875751502
0.25018999,0.079826877,52568.891,0.9898990288633601,0.015218612520370019,1.0534847895791584
0.25018999,0.081357636,52568.238,0.9898990288633601,0.021306098091632662,1.0534717034068135
0.25018999,0.082888387,52567.402,0.9898990288633601,0.027393551848687747,1.0534549498997996
0.25018999,0.084419131,52566.41,0.9898990288633601,0.03348097776831122,1.0534350701402806
0.25018999,0.08594989,52565.289,0.9898990288633601,0.039568463339573916,1.0534126052104207
0.25018999,0.087480649,52564.086,0.9898990288633601,0.04565594891083656,1.053388496993988
0.25018999,0.089011393,52562.836,0.9898990288633601,0.051743374830460036,1.0533634468937876
0.25018999,0.090542138,52561.59,0.9898990288633601,0.057830804726859454,1.0533384769539078
0.25018999,0.092072897,52560.391,0.9898990288633601,0.06391829029812215,1.0533144488977957
0.25018999,0.093603656,52559.297,0.9898990288633601,0.07000577586938479,1.0532925250501002
0.25018999,0.0951344,52558.363,0.9898990288633601,0.07609320178900826,1.0532738076152304
0.25018999,0.096665144,52557.645,0.9898990288633601,0.08218062770863174,1.0532594188376754
0.25018999,0.09819591,52557.207,0.9898990288633601,0.08826814111732605,1.053250641282565
0.25018999,0.099726662,52557.113,0.9898990288633601,0.09435559885115707,1.05324875751503
0.25018999,0.10125741,52557.438,0.9898990288633601,0.10044304067788438,1.0532552705410823
0.25018999,0.10278817,52558.242,0.9898990288633601,0.10653053022592297,1.0532713827655311
0.25018999,0.10431892,52559.617,0.9898990288633601,0.11261798000620211,1.0532989378757516
0.25018999,0.10584967,52561.629,0.9898990288633601,0.11870542978648131,1.053339258517034
0.25018999,0.10738042,52564.371,0.9898990288633601,0.12479287956676045,1.0533942084168337
0.25018999,0.10891117,52567.906,0.9898990288633601,0.13088032934703958,1.0534650501002005
0.25018999,0.11044192,52572.348,0.9898990288633601,0.13696777912731872,1.0535540681362725
0.25018999,0.11197267,52577.742,0.9898990288633601,0.14305522890759786,1.0536621643286572
0.25018999,0.11350343,52584.207,0.9898990288633601,0.1491427184556365,1.0537917234468939
0.25018999,0.11503418,52591.77,0.9898990288633601,0.15523016823591565,1.0539432865731462
0.25018999,0.11656493,52600.543,0.9898990288633601,0.1613176180161948,1.0541190981963928
0.25018999,0.11809569,52610.504,0.9898990288633601,0.16740510756423344,1.0543187174348698
0.25018999,0.11962645,52621.793,0.9898990288633601,0.17349259711227202,1.0545449498997996
0.25018999,0.12115719,52634.266,0.9898990288633601,0.17958000712479172,1.0547949098196394
0.25018999,0.12268794,52648.145,0.9898990288633601,0.18566745690507086,1.0550730460921842
0.25018999,0.12421869,52663.074,0.9898990288633601,0.19175490668535006,1.0553722244488979
0.25018999,0.12574944,52679.406,0.9898990288633601,0.19784235646562914,1.0556995190380762
0.25018999,0.12728021,52696.508,0.9898990288633601,0.2039298857814273,1.056042244488978
0.25018999,0.12881094,52714.926,0.9898990288633601,0.21001725602618754,1.0564113426853707
0.25018999,0.13034171,52733.617,0.9898990288633601,0.21610478534198557,1.0567859118236473
0.25018999,0.13187183,52753.355,0.9898990288633601,0.22218972975341833,1.0571814629258518
0.25018999,0.13330159,52772.074,0.9898990288633601,0.22787556493084896,1.0575565931863729
0.25018999,0.13454486,52788.043,0.9898990288633601,0.23281977116199554,1.0578766132264528
0.25018999,0.13562597,52802.27,0.9898990288633601,0.23711910340563933,1.0581617234468936
0.25018999,0.13656607,52814.207,0.9898990288633601,0.240857670473051,1.0584009418837677
0.25018999,0.13738354,52824.625,0.9898990288633601,0.2441085655061294,1.0586097194388777
0.25018999,0.13809437,52833.328,0.9898990288633601,0.24693537715226088,1.0587841282565131
0.25018999,0.1387125,52840.852,0.9898990288633601,0.2493935416681413,1.0589349098196392
0.25018999,0.13925001,52847.195,0.9898990288633601,0.2515310985072058,1.0590620240480961
0.25272998,0.01275,52856.719,1.0,-0.25153109850720584,1.059252885771543
0.25272998,0.0132875,52850.555,1.0,-0.24939358143590085,1.0591293587174349
0.25272998,0.013905625,52843.215,1.0,-0.24693543680390018,1.058982264529058
0.25272998,0.014616469,52834.719,1.0,-0.2441085694829054,1.058812004008016
0.25272998,0.01543394,52824.504,1.0,-0.24085767047305104,1.0586072945891785
0.25272998,0.016374029,52812.793,1.0,-0.23711914715017476,1.0583726052104208
0.25272998,0.017455135,52798.758,1.0,-0.23281983081363486,1.0580913426853709
0.25272998,0.018698405,52782.965,1.0,-0.22787562458248825,1.0577748496993988
0.25272998,0.020128164,52764.359,1.0,-0.22218979338183356,1.0574019839679358
0.25272998,0.021658298,52744.668,1.0,-0.21610479329553753,1.057007374749499
0.25272998,0.023189049,52725.941,1.0,-0.21001733953848242,1.0566320841683368
0.25272998,0.024719801,52707.41,1.0,-0.2039298818046514,1.0562607214428859
0.25272998,0.026250554,52690.145,1.0,-0.19784242009404443,1.0559147294589177
0.25272998,0.027781306,52673.594,1.0,-0.19175496236021336,1.0555830460921842
0.25272998,0.029312057,52658.414,1.0,-0.18566750860315825,1.0552788376753506
0.25272998,0.030842811,52644.25,1.0,-0.17958004291577534,1.05499498997996
0.25272998,0.032373562,52631.477,1.0,-0.1734925891587202,1.054739018036072
0.25272998,0.033904314,52619.863,1.0,-0.1674051314248892,1.0545062725450902
0.25272998,0.035435066,52609.578,1.0,-0.16131767369105812,1.0543001603206412
0.25272998,0.036965817,52600.469,1.0,-0.15523021993400304,1.0541176152304608
0.25272998,0.038496573,52592.582,1.0,-0.1491427462930682,1.0539595591182365
0.25272998,0.040027324,52585.785,1.0,-0.1430552925360131,1.0538233466933868
0.25272998,0.041558076,52580.074,1.0,-0.13696783480218205,1.0537088977955913
0.25272998,0.043088827,52575.332,1.0,-0.13088038104512695,1.053613867735471
0.25272998,0.044619579,52571.516,1.0,-0.12479292331129592,1.0535373947895792
0.25272998,0.046150334,52568.531,1.0,-0.11870545364713703,1.0534775751503007
0.25272998,0.047681086,52566.309,1.0,-0.112617995913306,1.0534330460921844
0.25272998,0.049211837,52564.766,1.0,-0.1065305421562509,1.053402124248497
0.25272998,0.050742589,52563.836,1.0,-0.10044308442241985,1.053383486973948
0.25272998,0.052273341,52563.434,1.0,-0.0943556266885888,1.0533754308617234
0.25272998,0.053804092,52563.492,1.0,-0.08826817293153372,1.0533765931863728
0.25272998,0.055334844,52563.945,1.0,-0.08218071519770266,1.0533856713426855
0.25272998,0.056865599,52564.719,1.0,-0.07609324553354377,1.0534011823647293
0.25272998,0.058396351,52565.75,1.0,-0.07000578779971274,1.0534218436873748
0.25272998,0.059927102,52566.973,1.0,-0.06391833404265762,1.0534463527054108
0.25272998,0.061457854,52568.332,1.0,-0.05783087630882659,1.0534735871743488
0.25272998,0.062988609,52569.758,1.0,-0.0517434066446677,1.0535021643286573
0.25272998,0.064519361,52571.199,1.0,-0.04565594891083667,1.0535310420841684
0.25272998,0.066050112,52572.594,1.0,-0.03956849515378159,1.0535589979959918
0.25272998,0.067580864,52573.898,1.0,-0.033481037419950496,1.053585130260521
0.25272998,0.069111615,52575.062,1.0,-0.027393583662895415,1.0536084569138275
0.25272998,0.070642367,52576.043,1.0,-0.021306125929064383,1.053628116232465
0.25272998,0.072173119,52576.809,1.0,-0.015218668195233353,1.0536434669338677
0.25272998,0.07370387,52577.332,1.0,-0.009131214438178213,1.0536539478957916
0.25272998,0.075234622,52577.598,1.0,-0.003043756704347182,1.0536592785571142
0.25272998,0.076765373,52577.594,1.0,0.0030436970527079037,1.0536591983967936
0.25272998,0.078296125,52577.324,1.0,0.009131154786538934,1.0536537875751504
0.25272998,0.079826877,52576.797,1.0,0.015218612520370019,1.0536432264529059
0.25272998,0.081357636,52576.027,1.0,0.021306098091632662,1.0536277955911824
0.25272998,0.082888387,52575.039,1.0,0.027393551848687747,1.053607995991984
0.25272998,0.084419131,52573.875,1.0,0.03348097776831122,1.0535846693386774
0.25272998,0.08594989,52572.566,1.0,0.039568463339573916,1.0535584368737474
0.25272998,0.087480649,52571.168,1.0,0.04565594891083656,1.0535304208416834
0.25272998,0.089011393,52569.727,1.0,0.051743374830460036,1.0535015430861723
0.25272998,0.090542138,52568.297,1.0,0.057830804726859454,1.053472885771543
0.25272998,0.092072897,52566.941,1.0,0.06391829029812215,1.0534457114228457
0.25272998,0.093603656,52565.715,1.0,0.07000577586938479,1.0534211422845692
0.25272998,0.0951344,52564.688,1.0,0.07609320178900826,1.0534005611222446
0.25272998,0.096665144,52563.914,1.0,0.08218062770863174,1.0533850501002004
0.25272998,0.09819591,52563.465,1.0,0.08826814111732605,1.0533760521042084
0.25272998,0.099726662,52563.402,1.0,0.09435559885115707,1.0533747895791583
0.25272998,0.10125741,52563.805,1.0,0.10044304067788438,1.053382865731463
0.25272998,0.10278817,52564.738,1.0,0.10653053022592297,1.0534015631262525
0.25272998,0.10431892,52566.285,1.0,0.11261798000620211,1.0534325651302605
0.25272998,0.10584967,52568.504,1.0,0.11870542978648131,1.0534770340681363
0.25272998,0.10738042,52571.492,1.0,0.12479287956676045,1.0535369138276554
0.25272998,0.10891117,52575.309,1.0,0.13088032934703958,1.0536134068136274
0.25272998,0.11044192,52580.051,1.0,0.13696777912731872,1.0537084368737475
0.25272998,0.11197267,52585.766,1.0,0.14305522890759786,1.0538229659318639
0.25272998,0.11350343,52592.562,1.0,0.1491427184556365,1.0539591583166332
0.25272998,0.11503418,52600.449,1.0,0.15523016823591565,1.0541172144288578
0.25272998,0.11656493,52609.562,1.0,0.1613176180161948,1.0542998396793586
0.25272998,0.11809569,52619.848,1.0,0.16740510756423344,1.0545059719438878
0.25272998,0.11962645,52631.461,1.0,0.17349259711227202,1.0547386973947896
0.25272998,0.12115719,52644.23,1.0,0.17958000712479172,1.0549945891783568
0.25272998,0.12268794,52658.395,1.0,0.18566745690507086,1.0552784569138276
0.25272998,0.12421869,52673.574,1.0,0.19175490668535006,1.0555826452905812
0.25272998,0.12574944,52690.125,1.0,0.19784235646562914,1.0559143286573147
0.25272998,0.12728021,52707.391,1.0,0.2039298857814273,1.0562603406813629
0.25272998,0.12881094,52725.918,1.0,0.21001725602618754,1.056631623246493
0.25272998,0.13034171,52744.648,1.0,0.21610478534198557,1.0570069739478958
0.25272998,0.13187183,52764.34,1.0,0.22218972975341833,1.0574016032064129
0.25272998,0.13330159,52782.941,1.0,0.22787556493084896,1.057774368737475
0.25272998,0.13454486,52798.734,1.0,0.23281977116199554,1.0580908617234468
0.25272998,0.13562597,52812.773,1.0,0.23711910340563933,1.0583722044088177
0.25272998,0.13656607,52824.488,1.0,0.240857670473051,1.0586069739478958
0.25272998,0.13738354,52834.703,1.0,0.2441085655061294,1.0588116833667336
0.25272998,0.13809437,52843.199,1.0,0.24693537715226088,1.0589819438877757
0.25272998,0.1387125,52850.539,1.0,0.2493935416681413,1.0591290380761522
0.25272998,0.13925001,52856.703,1.0,0.2515310985072058,1.0592525651302604
